"Freq [GHz]","Phi [deg]","Theta [deg]","dB(AxialRatioValue) []"
1.57542,0,-180,6.21636042851079
1.57542,0,-170,3.80181740334025
1.57542,0,-160,6.51924655143808
1.57542,0,-150,26.5912153652252
1.57542,0,-140,16.0729787537365
1.57542,0,-130,11.6855056332376
1.57542,0,-120,9.62762876802907
1.57542,0,-110,8.23043471263981
1.57542,0,-100,7.14341748810418
1.57542,0,-90,6.2227111503145
1.57542,0,-80,5.3852298125317
1.57542,0,-70,4.61323638680889
1.57542,0,-60,3.95461654014501
1.57542,0,-50,3.51585873232097
1.57542,0,-40,3.41843083434661
1.57542,0,-30,3.67346450258551
1.57542,0,-20,4.12159163661383
1.57542,0,-10,4.54378501541025
1.57542,0,0,4.77383173806951
1.57542,0,10,4.7453616040462
1.57542,0,20,4.5028916482738
1.57542,0,30,4.18430402102995
1.57542,0,40,3.97255834940187
1.57542,0,50,4.01484610350807
1.57542,0,60,4.34777200220198
1.57542,0,70,4.91107562622613
1.57542,0,80,5.6259342788584
1.57542,0,90,6.44779034750686
1.57542,0,100,7.38568639784519
1.57542,0,110,8.5081104340992
1.57542,0,120,9.96752430079586
1.57542,0,130,12.2258388054542
1.57542,0,140,17.662627791017
1.57542,0,150,20.4645467962376
1.57542,0,160,6.03216954675852
1.57542,0,170,4.86419682953
1.57542,0,180,6.21636042851079
