"Freq [GHz]","Phi [deg]","Theta [deg]","dB(AxialRatioValue) []"
1.57542,0,-180,4.69325615729119
1.57542,0,-170,2.70418120197793
1.57542,0,-160,6.16554849747609
1.57542,0,-150,25.8188905484649
1.57542,0,-140,15.5556998076614
1.57542,0,-130,11.2801091515616
1.57542,0,-120,9.39232755422287
1.57542,0,-110,8.14812977543249
1.57542,0,-100,7.15798418724146
1.57542,0,-90,6.262708080262
1.57542,0,-80,5.38689247577886
1.57542,0,-70,4.52885200586661
1.57542,0,-60,3.74986401011957
1.57542,0,-50,3.17504046322495
1.57542,0,-40,2.97034450253894
1.57542,0,-30,3.18584448782186
1.57542,0,-20,3.63944593431306
1.57542,0,-10,4.07493449930277
1.57542,0,0,4.3115455270799
1.57542,0,10,4.2818287679887
1.57542,0,20,4.03386357577224
1.57542,0,30,3.71264058172139
1.57542,0,40,3.5094979021319
1.57542,0,50,3.56841838799563
1.57542,0,60,3.9037420882707
1.57542,0,70,4.43353333003673
1.57542,0,80,5.07072614112248
1.57542,0,90,5.76836935181735
1.57542,0,100,6.53438433672815
1.57542,0,110,7.43913550488821
1.57542,0,120,8.63265346739292
1.57542,0,130,10.5358255141985
1.57542,0,140,15.1468586418469
1.57542,0,150,22.7165256128239
1.57542,0,160,5.82987588570537
1.57542,0,170,3.45829109674074
1.57542,0,180,4.69325615729119
