"Freq [GHz]","Phi [deg]","Theta [deg]","dB(AxialRatioValue) []"
1.57542,0,-180,2.8653995436765
1.57542,0,-170,1.28978180504438
1.57542,0,-160,8.17119739946818
1.57542,0,-150,44.4767802971677
1.57542,0,-140,14.4170029566273
1.57542,0,-130,11.0523015955439
1.57542,0,-120,9.33024967658771
1.57542,0,-110,8.06925206345849
1.57542,0,-100,7.01105685738551
1.57542,0,-90,6.0386773085295
1.57542,0,-80,5.0922669464358
1.57542,0,-70,4.18247788069907
1.57542,0,-60,3.37884346227849
1.57542,0,-50,2.80597786903744
1.57542,0,-40,2.62027588514735
1.57542,0,-30,2.85001961480918
1.57542,0,-20,3.29886214536281
1.57542,0,-10,3.72070179555014
1.57542,0,0,3.94906548987438
1.57542,0,10,3.9223187841132
1.57542,0,20,3.68501062576476
1.57542,0,30,3.37311313295967
1.57542,0,40,3.17498855502174
1.57542,0,50,3.2505373782626
1.57542,0,60,3.63756354844134
1.57542,0,70,4.26378303889919
1.57542,0,80,5.03724548996053
1.57542,0,90,5.89518309919046
1.57542,0,100,6.81780683993679
1.57542,0,110,7.83468409031182
1.57542,0,120,9.03556362484786
1.57542,0,130,10.7129536491566
1.57542,0,140,14.3037178097326
1.57542,0,150,34.5302353621845
1.57542,0,160,7.07067647882283
1.57542,0,170,1.92092089346124
1.57542,0,180,2.86539954367651
