"Freq [GHz]","Phi [deg]","Theta [deg]","dB(AxialRatioValue) []"
1.57542,0,-180,5.30458229616053
1.57542,0,-170,2.77947601657058
1.57542,0,-160,6.39305632828567
1.57542,0,-150,29.9319475782288
1.57542,0,-140,14.207825811845
1.57542,0,-130,10.1506063857344
1.57542,0,-120,8.26654968858175
1.57542,0,-110,7.00182350678232
1.57542,0,-100,6.00236417531795
1.57542,0,-90,5.11772813433935
1.57542,0,-80,4.27216978834939
1.57542,0,-70,3.4761295480928
1.57542,0,-60,2.83469614876652
1.57542,0,-50,2.54406575301202
1.57542,0,-40,2.74646010468019
1.57542,0,-30,3.30647933838162
1.57542,0,-20,3.94890838940363
1.57542,0,-10,4.44893885163135
1.57542,0,0,4.66718954454261
1.57542,0,10,4.56126779480164
1.57542,0,20,4.19182955330884
1.57542,0,30,3.70649370417457
1.57542,0,40,3.30287958333948
1.57542,0,50,3.16271864865732
1.57542,0,60,3.35461617267308
1.57542,0,70,3.81357974882203
1.57542,0,80,4.44162380096259
1.57542,0,90,5.18698391873899
1.57542,0,100,6.06521894680498
1.57542,0,110,7.15688129985996
1.57542,0,120,8.61591686934755
1.57542,0,130,10.8714404612934
1.57542,0,140,16.0595774359871
1.57542,0,150,21.2639069344185
1.57542,0,160,5.62123818409195
1.57542,0,170,4.0454881274633
1.57542,0,180,5.30458229616053
