"Freq [GHz]","Phi [deg]","Theta [deg]","dB(AxialRatioValue) []"
1.57542,0,-180,2.34728904996354
1.57542,0,-170,1.50985648200997
1.57542,0,-160,8.90685782130517
1.57542,0,-150,28.0727350754077
1.57542,0,-140,13.8255919489814
1.57542,0,-130,11.5950963458175
1.57542,0,-120,10.5115622939684
1.57542,0,-110,9.61466088228567
1.57542,0,-100,8.7284685233643
1.57542,0,-90,7.79507348520908
1.57542,0,-80,6.7996110709652
1.57542,0,-70,5.76930839708516
1.57542,0,-60,4.75470489031964
1.57542,0,-50,3.82299634768989
1.57542,0,-40,3.07509485616131
1.57542,0,-30,2.64181189044297
1.57542,0,-20,2.56797634096322
1.57542,0,-10,2.69553752555619
1.57542,0,0,2.80632893440396
1.57542,0,10,2.7972076453206
1.57542,0,20,2.71735142007812
1.57542,0,30,2.73434731632026
1.57542,0,40,3.01708001064585
1.57542,0,50,3.59243344111464
1.57542,0,60,4.37063519723915
1.57542,0,70,5.25519295255143
1.57542,0,80,6.17843928845654
1.57542,0,90,7.09671378786184
1.57542,0,100,7.99600482501969
1.57542,0,110,8.90345285751376
1.57542,0,120,9.88868400867003
1.57542,0,130,11.1782981526097
1.57542,0,140,14.0564316246283
1.57542,0,150,51.4077534400746
1.57542,0,160,7.59750261338627
1.57542,0,170,2.41715454302028
1.57542,0,180,2.34728904996354
