"Freq [GHz]","Phi [deg]","Theta [deg]","dB(AxialRatioValue) []"
1.57542,0,-180,2.36650634347734
1.57542,0,-170,1.61524957093517
1.57542,0,-160,8.05891514944878
1.57542,0,-150,69.5698733123437
1.57542,0,-140,14.751750541495
1.57542,0,-130,11.6460601864411
1.57542,0,-120,10.2396994447141
1.57542,0,-110,9.24964014844894
1.57542,0,-100,8.37094871074423
1.57542,0,-90,7.46617028906098
1.57542,0,-80,6.48302092002865
1.57542,0,-70,5.44165591347468
1.57542,0,-60,4.39869763019213
1.57542,0,-50,3.43467638365531
1.57542,0,-40,2.67766593775253
1.57542,0,-30,2.30075022933365
1.57542,0,-20,2.34342861641417
1.57542,0,-10,2.57614462729119
1.57542,0,0,2.74942599461692
1.57542,0,10,2.76515015707164
1.57542,0,20,2.67333238760532
1.57542,0,30,2.63328766794818
1.57542,0,40,2.82113802287906
1.57542,0,50,3.29450391532329
1.57542,0,60,3.98329817538358
1.57542,0,70,4.79051636405752
1.57542,0,80,5.64068479433285
1.57542,0,90,6.48455521801379
1.57542,0,100,7.31049261715606
1.57542,0,110,8.15573441201691
1.57542,0,120,9.09915893434381
1.57542,0,130,10.3459111547447
1.57542,0,140,12.9022536632461
1.57542,0,150,27.6466398760378
1.57542,0,160,8.84242763899387
1.57542,0,170,2.03300515847994
1.57542,0,180,2.36650634347735
