"Freq [GHz]","Phi [deg]","Theta [deg]","dB(AxialRatioValue) []"
1.57542,0,-180,3.1121562831275
1.57542,0,-170,2.78236332218484
1.57542,0,-160,10.302672907304
1.57542,0,-150,25.6529452009162
1.57542,0,-140,13.6774535614492
1.57542,0,-130,11.3496954346562
1.57542,0,-120,10.1875385350602
1.57542,0,-110,9.27463464374156
1.57542,0,-100,8.40569435924165
1.57542,0,-90,7.49515319383415
1.57542,0,-80,6.51509226726584
1.57542,0,-70,5.49671945267459
1.57542,0,-60,4.50612030924525
1.57542,0,-50,3.63387424334443
1.57542,0,-40,3.00871244593656
1.57542,0,-30,2.76152333801242
1.57542,0,-20,2.86715778378802
1.57542,0,-10,3.10835229630215
1.57542,0,0,3.27408225819637
1.57542,0,10,3.28164903843787
1.57542,0,20,3.18843626526657
1.57542,0,30,3.15875660050389
1.57542,0,40,3.36445647816636
1.57542,0,50,3.85411290398553
1.57542,0,60,4.55276117941024
1.57542,0,70,5.3644343892952
1.57542,0,80,6.224820888889
1.57542,0,90,7.10715142199876
1.57542,0,100,8.02894413723733
1.57542,0,110,9.05769573558749
1.57542,0,120,10.3128175093251
1.57542,0,130,12.109441572251
1.57542,0,140,15.9977713282301
1.57542,0,150,30.2469150513327
1.57542,0,160,7.92678840819808
1.57542,0,170,3.11113062626771
1.57542,0,180,3.11215628312751
