"Freq [GHz]","Phi [deg]","Theta [deg]","dB(AxialRatioValue) []"
1.57542,0,-180,6.57417746310277
1.57542,0,-170,4.64671363180698
1.57542,0,-160,6.51114316270435
1.57542,0,-150,23.8527751167451
1.57542,0,-140,15.9329623077623
1.57542,0,-130,11.0264006439966
1.57542,0,-120,8.78716873615392
1.57542,0,-110,7.310025713993
1.57542,0,-100,6.19303551442587
1.57542,0,-90,5.29067514026007
1.57542,0,-80,4.54349055795663
1.57542,0,-70,3.97537890656216
1.57542,0,-60,3.67916478500315
1.57542,0,-50,3.75088140259977
1.57542,0,-40,4.18833926347324
1.57542,0,-30,4.86298561313261
1.57542,0,-20,5.58326610752623
1.57542,0,-10,6.15506762990286
1.57542,0,0,6.42927954904152
1.57542,0,10,6.34862091608286
1.57542,0,20,5.96885574253527
1.57542,0,30,5.43359739526576
1.57542,0,40,4.91795234925358
1.57542,0,50,4.57181257952496
1.57542,0,60,4.48093444875406
1.57542,0,70,4.65730896598292
1.57542,0,80,5.06537498823092
1.57542,0,90,5.66621775703487
1.57542,0,100,6.45450164093249
1.57542,0,110,7.47788923002442
1.57542,0,120,8.86846659881865
1.57542,0,130,11.0625627305318
1.57542,0,140,16.2315355397493
1.57542,0,150,21.6745983844808
1.57542,0,160,6.38979582824721
1.57542,0,170,5.04800524755534
1.57542,0,180,6.57417746310277
