"Freq [GHz]","Phi [deg]","Theta [deg]","dB(AxialRatioValue) []"
1.57542,0,-180,2.91018556509332
1.57542,0,-170,2.20187345033586
1.57542,0,-160,9.30752350982869
1.57542,0,-150,28.7993400206839
1.57542,0,-140,13.8064184564335
1.57542,0,-130,11.1164193228111
1.57542,0,-120,9.72365790782438
1.57542,0,-110,8.65025716317959
1.57542,0,-100,7.68961991357216
1.57542,0,-90,6.74968563711047
1.57542,0,-80,5.78356711424654
1.57542,0,-70,4.80415177615532
1.57542,0,-60,3.8719928727598
1.57542,0,-50,3.09083145524862
1.57542,0,-40,2.6177598151552
1.57542,0,-30,2.57466019594483
1.57542,0,-20,2.85017002970498
1.57542,0,-10,3.17810505423991
1.57542,0,0,3.35797809967644
1.57542,0,10,3.31775821540805
1.57542,0,20,3.11201353271188
1.57542,0,30,2.9076436036936
1.57542,0,40,2.92087150549376
1.57542,0,50,3.26626215825978
1.57542,0,60,3.88252234378331
1.57542,0,70,4.65019665180316
1.57542,0,80,5.48578181636933
1.57542,0,90,6.35117730251438
1.57542,0,100,7.24930011443499
1.57542,0,110,8.22029595526654
1.57542,0,120,9.3404746986042
1.57542,0,130,10.8512986509253
1.57542,0,140,14.0163204477108
1.57542,0,150,53.3555370315511
1.57542,0,160,8.05597867444401
1.57542,0,170,2.67972191810397
1.57542,0,180,2.91018556509333
