"Freq [GHz]","Phi [deg]","Theta [deg]","dB(AxialRatioValue) []"
1.57542,0,-180,4.39691163389782
1.57542,0,-170,3.75699651384163
1.57542,0,-160,9.55147191659758
1.57542,0,-150,38.9820156810634
1.57542,0,-140,14.495406270922
1.57542,0,-130,11.0254089473677
1.57542,0,-120,9.29129430309698
1.57542,0,-110,8.08904309267094
1.57542,0,-100,7.11310401924765
1.57542,0,-90,6.21439495080426
1.57542,0,-80,5.31720985839129
1.57542,0,-70,4.42358227151339
1.57542,0,-60,3.59680729873765
1.57542,0,-50,2.96215078348255
1.57542,0,-40,2.7004452127135
1.57542,0,-30,2.88715729260672
1.57542,0,-20,3.33485211137839
1.57542,0,-10,3.77167426856806
1.57542,0,0,4.01367918970684
1.57542,0,10,3.99641037225813
1.57542,0,20,3.77192968762068
1.57542,0,30,3.48954569850376
1.57542,0,40,3.34505198158615
1.57542,0,50,3.48187415157366
1.57542,0,60,3.90677137998998
1.57542,0,70,4.53190444314261
1.57542,0,80,5.26646341836396
1.57542,0,90,6.05530434113476
1.57542,0,100,6.889055982584
1.57542,0,110,7.8065139828995
1.57542,0,120,8.8977059645926
1.57542,0,130,10.4255263920614
1.57542,0,140,13.5859763328047
1.57542,0,150,35.4196825633268
1.57542,0,160,9.00085082139331
1.57542,0,170,4.02873190973824
1.57542,0,180,4.39691163389782
