"Freq [GHz]","Phi [deg]","Theta [deg]","dB(AxialRatioValue) []"
1.57542,0,-180,3.30525879692999
1.57542,0,-170,2.18754169091191
1.57542,0,-160,7.80396991971907
1.57542,0,-150,32.7815891864808
1.57542,0,-140,15.5540850755084
1.57542,0,-130,11.7091607717214
1.57542,0,-120,9.9171306280992
1.57542,0,-110,8.70734844411394
1.57542,0,-100,7.72361372998085
1.57542,0,-90,6.7936112139666
1.57542,0,-80,5.84050808835988
1.57542,0,-70,4.87327936365188
1.57542,0,-60,3.94849054911381
1.57542,0,-50,3.15646993004803
1.57542,0,-40,2.63798338181345
1.57542,0,-30,2.52763771523857
1.57542,0,-20,2.75856154203911
1.57542,0,-10,3.07854932673531
1.57542,0,0,3.27535452585376
1.57542,0,10,3.26520607760304
1.57542,0,20,3.09396911711461
1.57542,0,30,2.91650500521199
1.57542,0,40,2.92944637734964
1.57542,0,50,3.23896930414276
1.57542,0,60,3.80124483571678
1.57542,0,70,4.51656230213486
1.57542,0,80,5.30662581407333
1.57542,0,90,6.12555553761918
1.57542,0,100,6.96526218458605
1.57542,0,110,7.86344100412786
1.57542,0,120,8.90500130800918
1.57542,0,130,10.3409376698983
1.57542,0,140,13.4086891409809
1.57542,0,150,39.1072751471212
1.57542,0,160,8.35052148575314
1.57542,0,170,3.17945802506805
1.57542,0,180,3.30525879692998
