"Freq [GHz]","Phi [deg]","Theta [deg]","dB(AxialRatioValue) []"
1.57542,0,-180,4.48587658671978
1.57542,0,-170,2.99783560454951
1.57542,0,-160,8.38284421705697
1.57542,0,-150,47.1664970740759
1.57542,0,-140,14.6626411324049
1.57542,0,-130,11.308105800971
1.57542,0,-120,9.63593971508389
1.57542,0,-110,8.44586445201927
1.57542,0,-100,7.46439872916218
1.57542,0,-90,6.56123444242629
1.57542,0,-80,5.66311202286649
1.57542,0,-70,4.76804022839504
1.57542,0,-60,3.93485304533071
1.57542,0,-50,3.27577256127008
1.57542,0,-40,2.9442742844617
1.57542,0,-30,3.01818879132369
1.57542,0,-20,3.35878903714344
1.57542,0,-10,3.7202100512422
1.57542,0,0,3.91939117963868
1.57542,0,10,3.889365905804
1.57542,0,20,3.68069053324801
1.57542,0,30,3.43996489487554
1.57542,0,40,3.35235988655715
1.57542,0,50,3.53928507543722
1.57542,0,60,3.99190726173493
1.57542,0,70,4.62673780374175
1.57542,0,80,5.36557222532376
1.57542,0,90,6.16344822634964
1.57542,0,100,7.01889351047298
1.57542,0,110,7.98252192879026
1.57542,0,120,9.16671507965224
1.57542,0,130,10.8938957516507
1.57542,0,140,14.7260072662705
1.57542,0,150,29.6434782217279
1.57542,0,160,7.09022198031733
1.57542,0,170,3.73060444213556
1.57542,0,180,4.48587658671978
