"Freq [GHz]","Phi [deg]","Theta [deg]","dB(AxialRatioValue) []"
1.57542,0,-180,5.34948344496977
1.57542,0,-170,3.12334562298304
1.57542,0,-160,5.79055681867049
1.57542,0,-150,21.7172509880509
1.57542,0,-140,17.3119543953619
1.57542,0,-130,12.1043235203635
1.57542,0,-120,9.83400213642326
1.57542,0,-110,8.33386083301719
1.57542,0,-100,7.17292613081072
1.57542,0,-90,6.1887258210308
1.57542,0,-80,5.29558295130503
1.57542,0,-70,4.48388972648188
1.57542,0,-60,3.82139721614952
1.57542,0,-50,3.43903325520659
1.57542,0,-40,3.45644793406222
1.57542,0,-30,3.83606982876876
1.57542,0,-20,4.37566504870339
1.57542,0,-10,4.84824455465939
1.57542,0,0,5.09342697845456
1.57542,0,10,5.05250486710268
1.57542,0,20,4.77711884855162
1.57542,0,30,4.40867061107406
1.57542,0,40,4.12741878437229
1.57542,0,50,4.07674440948262
1.57542,0,60,4.29752988610444
1.57542,0,70,4.73907113892886
1.57542,0,80,5.33088546200239
1.57542,0,90,6.03738194559274
1.57542,0,100,6.87881045632863
1.57542,0,110,7.92987482075494
1.57542,0,120,9.33439936290855
1.57542,0,130,11.5381441661242
1.57542,0,140,16.9234123865973
1.57542,0,150,19.9349789444445
1.57542,0,160,5.6646573660521
1.57542,0,170,4.23362487761438
1.57542,0,180,5.34948344496977
