"Freq [GHz]","Phi [deg]","Theta [deg]","dB(AxialRatioValue) []"
1.57542,0,-180,5.42799433112953
1.57542,0,-170,3.18122952683788
1.57542,0,-160,5.39770849465137
1.57542,0,-150,20.8376266540214
1.57542,0,-140,16.8886372839547
1.57542,0,-130,11.5062226314687
1.57542,0,-120,9.19172838897756
1.57542,0,-110,7.68413826224865
1.57542,0,-100,6.53083015918814
1.57542,0,-90,5.5726599825418
1.57542,0,-80,4.74129011238038
1.57542,0,-70,4.04847394411611
1.57542,0,-60,3.58204245374308
1.57542,0,-50,3.46863581308347
1.57542,0,-40,3.76118295494245
1.57542,0,-30,4.34714902727625
1.57542,0,-20,5.01485671246105
1.57542,0,-10,5.55403204140555
1.57542,0,0,5.81140534296813
1.57542,0,10,5.72899253500858
1.57542,0,20,5.3607861783332
1.57542,0,30,4.85135555262245
1.57542,0,40,4.38315392495246
1.57542,0,50,4.11244755098388
1.57542,0,60,4.1151239011755
1.57542,0,70,4.37794708793847
1.57542,0,80,4.84573039447022
1.57542,0,90,5.47552035589223
1.57542,0,100,6.2669586873519
1.57542,0,110,7.27647465856069
1.57542,0,120,8.65176651338061
1.57542,0,130,10.8628996201074
1.57542,0,140,16.237028406762
1.57542,0,150,20.2222535151414
1.57542,0,160,5.48692342244853
1.57542,0,170,4.02098360082021
1.57542,0,180,5.42799433112954
