"Freq [GHz]","Phi [deg]","Theta [deg]","dB(AxialRatioValue) []"
1.57542,0,-180,3.70417170320144
1.57542,0,-170,1.84345750507216
1.57542,0,-160,6.90081558477079
1.57542,0,-150,28.7731798148528
1.57542,0,-140,15.9758287457189
1.57542,0,-130,12.0313013204325
1.57542,0,-120,10.2180378906293
1.57542,0,-110,8.96466192655546
1.57542,0,-100,7.93477874271694
1.57542,0,-90,6.98974536391361
1.57542,0,-80,6.06367639594128
1.57542,0,-70,5.15367150656713
1.57542,0,-60,4.30157252063022
1.57542,0,-50,3.59144599654305
1.57542,0,-40,3.15516245088083
1.57542,0,-30,3.09758168426887
1.57542,0,-20,3.34209752326585
1.57542,0,-10,3.6626214970248
1.57542,0,0,3.86338470366727
1.57542,0,10,3.86550864618974
1.57542,0,20,3.71484900199285
1.57542,0,30,3.55619004055356
1.57542,0,40,3.56675369504559
1.57542,0,50,3.85247187701282
1.57542,0,60,4.39850702925161
1.57542,0,70,5.12931289349372
1.57542,0,80,5.9763999250371
1.57542,0,90,6.90096006633639
1.57542,0,100,7.90210414334045
1.57542,0,110,9.02123198408724
1.57542,0,120,10.3584935247552
1.57542,0,130,12.2592204309342
1.57542,0,140,16.5658879714888
1.57542,0,150,24.6644296614071
1.57542,0,160,6.61185665713908
1.57542,0,170,2.92095918329869
1.57542,0,180,3.70417170320144
