"Freq [GHz]","Phi [deg]","Theta [deg]","dB(AxialRatioValue) []"
1.57542,0,-180,4.19935022367616
1.57542,0,-170,2.54289515958298
1.57542,0,-160,7.51662429150779
1.57542,0,-150,34.2074472571582
1.57542,0,-140,15.1552885703716
1.57542,0,-130,11.4037550775929
1.57542,0,-120,9.60094237115681
1.57542,0,-110,8.32820857248895
1.57542,0,-100,7.28102133531609
1.57542,0,-90,6.33239216945039
1.57542,0,-80,5.41543489066599
1.57542,0,-70,4.53298364040593
1.57542,0,-60,3.75300941169233
1.57542,0,-50,3.20227769344474
1.57542,0,-40,3.02792444281943
1.57542,0,-30,3.24830979794022
1.57542,0,-20,3.67775090140824
1.57542,0,-10,4.07818606070053
1.57542,0,0,4.28491177665618
1.57542,0,10,4.24120801816001
1.57542,0,20,4.00224452465244
1.57542,0,30,3.71674876071761
1.57542,0,40,3.57403553048772
1.57542,0,50,3.70711758476196
1.57542,0,60,4.11892874051589
1.57542,0,70,4.7281958787072
1.57542,0,80,5.45778110337422
1.57542,0,90,6.27226594299764
1.57542,0,100,7.18603796373817
1.57542,0,110,8.26263283888821
1.57542,0,120,9.62503297097747
1.57542,0,130,11.6433756056801
1.57542,0,140,16.2425759586859
1.57542,0,150,23.4925421439416
1.57542,0,160,6.37213205355094
1.57542,0,170,3.33993279601267
1.57542,0,180,4.19935022367617
