"Freq [GHz]","Phi [deg]","Theta [deg]","dB(AxialRatioValue) []"
1.57542,0,-180,5.64931095084398
1.57542,0,-170,3.37597511961639
1.57542,0,-160,7.04853203390138
1.57542,0,-150,30.5821376057739
1.57542,0,-140,15.1078872684531
1.57542,0,-130,11.0573055918103
1.57542,0,-120,9.13354889681269
1.57542,0,-110,7.81548105841253
1.57542,0,-100,6.77339409997744
1.57542,0,-90,5.87764286897006
1.57542,0,-80,5.06472958424824
1.57542,0,-70,4.34500383805887
1.57542,0,-60,3.80060593787556
1.57542,0,-50,3.55785460466647
1.57542,0,-40,3.69877305971952
1.57542,0,-30,4.15203455902994
1.57542,0,-20,4.72186776994796
1.57542,0,-10,5.19868231962034
1.57542,0,0,5.430148215905
1.57542,0,10,5.36024336496585
1.57542,0,20,5.04420322990137
1.57542,0,30,4.62943296919756
1.57542,0,40,4.30319274442481
1.57542,0,50,4.21522232490107
1.57542,0,60,4.41048207813586
1.57542,0,70,4.84004285169028
1.57542,0,80,5.43533070479111
1.57542,0,90,6.16338149224917
1.57542,0,100,7.04767683881467
1.57542,0,110,8.17159011427683
1.57542,0,120,9.70141686265069
1.57542,0,130,12.1297871462354
1.57542,0,140,18.0311005319408
1.57542,0,150,19.7405835746388
1.57542,0,160,6.19512974962703
1.57542,0,170,4.62941471463389
1.57542,0,180,5.64931095084399
