"Freq [GHz]","Phi [deg]","Theta [deg]","dB(AxialRatioValue) []"
1.57542,0,-180,4.06019671665566
1.57542,0,-170,2.8477196980031
1.57542,0,-160,9.57967736812624
1.57542,0,-150,28.3209395234636
1.57542,0,-140,13.6223309859491
1.57542,0,-130,10.7797482968237
1.57542,0,-120,9.2976526937087
1.57542,0,-110,8.20131589403958
1.57542,0,-100,7.26925300346564
1.57542,0,-90,6.39410100522795
1.57542,0,-80,5.51374625460573
1.57542,0,-70,4.62922894612341
1.57542,0,-60,3.79811517465548
1.57542,0,-50,3.13294616138771
1.57542,0,-40,2.79664516866057
1.57542,0,-30,2.87876768783269
1.57542,0,-20,3.23408298697812
1.57542,0,-10,3.60543747681274
1.57542,0,0,3.80632468606348
1.57542,0,10,3.7688284099707
1.57542,0,20,3.54236300455493
1.57542,0,30,3.27699505636226
1.57542,0,40,3.17416764425488
1.57542,0,50,3.37595641846466
1.57542,0,60,3.87322032602492
1.57542,0,70,4.565039162174
1.57542,0,80,5.35775560569533
1.57542,0,90,6.19800055148569
1.57542,0,100,7.08087520195869
1.57542,0,110,8.05338173543166
1.57542,0,120,9.21574710440598
1.57542,0,130,10.8541997742329
1.57542,0,140,14.3703015122933
1.57542,0,150,37.1071753826646
1.57542,0,160,7.98418105104818
1.57542,0,170,3.97127902186067
1.57542,0,180,4.06019671665567
