"Freq [GHz]","Phi [deg]","Theta [deg]","dB(AxialRatioValue) []"
1.57542,0,-180,4.40931404212553
1.57542,0,-170,2.29066861295781
1.57542,0,-160,5.58413026244953
1.57542,0,-150,23.6002842786774
1.57542,0,-140,15.6987654526427
1.57542,0,-130,11.1845243778264
1.57542,0,-120,9.23255306513996
1.57542,0,-110,7.95887545716692
1.57542,0,-100,6.95683913675359
1.57542,0,-90,6.05771916027515
1.57542,0,-80,5.18375210019212
1.57542,0,-70,4.3372002243006
1.57542,0,-60,3.58002349317266
1.57542,0,-50,3.03080894823032
1.57542,0,-40,2.84528138559589
1.57542,0,-30,3.06601982847219
1.57542,0,-20,3.51101317964217
1.57542,0,-10,3.92774452150352
1.57542,0,0,4.13875296550826
1.57542,0,10,4.0808962776883
1.57542,0,20,3.80783953132647
1.57542,0,30,3.47022323589389
1.57542,0,40,3.26678815615703
1.57542,0,50,3.3512798398853
1.57542,0,60,3.7424514001709
1.57542,0,70,4.35560658068849
1.57542,0,80,5.0962567124677
1.57542,0,90,5.90140208544251
1.57542,0,100,6.75198778997362
1.57542,0,110,7.68630245923097
1.57542,0,120,8.82283071981728
1.57542,0,130,10.5322137587381
1.57542,0,140,14.6091163425311
1.57542,0,150,24.6623883450594
1.57542,0,160,5.54972119196899
1.57542,0,170,3.01509801595169
1.57542,0,180,4.40931404212553
