"Freq [GHz]","Phi [deg]","Theta [deg]","dB(AxialRatioValue) []"
1.57542,0,-180,4.24062029786814
1.57542,0,-170,2.39953216476651
1.57542,0,-160,7.5361402052652
1.57542,0,-150,33.5000652626384
1.57542,0,-140,15.2469406383592
1.57542,0,-130,11.3650371726278
1.57542,0,-120,9.46940580460527
1.57542,0,-110,8.12146864881547
1.57542,0,-100,7.01821880151957
1.57542,0,-90,6.04196211582635
1.57542,0,-80,5.13051544228836
1.57542,0,-70,4.28748309385976
1.57542,0,-60,3.58664305975167
1.57542,0,-50,3.16278266426762
1.57542,0,-40,3.14126726859359
1.57542,0,-30,3.4839532306688
1.57542,0,-20,3.98344734928664
1.57542,0,-10,4.41531855193168
1.57542,0,0,4.62551202089421
1.57542,0,10,4.5581203971714
1.57542,0,20,4.26290492697252
1.57542,0,30,3.87941431276076
1.57542,0,40,3.59399270020176
1.57542,0,50,3.5646460777439
1.57542,0,60,3.83907406935692
1.57542,0,70,4.35715374239785
1.57542,0,80,5.0325543318185
1.57542,0,90,5.81119650208461
1.57542,0,100,6.6933151517507
1.57542,0,110,7.737513601309
1.57542,0,120,9.06793580567269
1.57542,0,130,11.0448797457565
1.57542,0,140,15.4439747729695
1.57542,0,150,25.2608052539275
1.57542,0,160,6.53484682490176
1.57542,0,170,3.36965119855065
1.57542,0,180,4.24062029786814
