"Freq [GHz]","Phi [deg]","Theta [deg]","dB(AxialRatioValue) []"
1.57542,0,-180,3.81363736437611
1.57542,0,-170,2.62193596532824
1.57542,0,-160,9.35318714633789
1.57542,0,-150,31.3586316688767
1.57542,0,-140,14.1641249452588
1.57542,0,-130,11.1514699738514
1.57542,0,-120,9.6093616911006
1.57542,0,-110,8.49841396240726
1.57542,0,-100,7.56889864744693
1.57542,0,-90,6.69470792409542
1.57542,0,-80,5.80639431475577
1.57542,0,-70,4.90355222094788
1.57542,0,-60,4.03990227236809
1.57542,0,-50,3.31642341105109
1.57542,0,-40,2.88317100938975
1.57542,0,-30,2.85035596160414
1.57542,0,-20,3.11995208728696
1.57542,0,-10,3.4494037889883
1.57542,0,0,3.64537033023546
1.57542,0,10,3.6345169598563
1.57542,0,20,3.46632685713927
1.57542,0,30,3.29232327869395
1.57542,0,40,3.29967659663076
1.57542,0,50,3.59101986662324
1.57542,0,60,4.12948516229488
1.57542,0,70,4.81965558987557
1.57542,0,80,5.58487201401193
1.57542,0,90,6.38569856250435
1.57542,0,100,7.22682470068261
1.57542,0,110,8.16107445927712
1.57542,0,120,9.2864113831177
1.57542,0,130,10.8637928420067
1.57542,0,140,14.1666325817808
1.57542,0,150,58.4450684119301
1.57542,0,160,8.09027219263319
1.57542,0,170,3.49894040129355
1.57542,0,180,3.81363736437612
