"Freq [GHz]","Phi [deg]","Theta [deg]","dB(AxialRatioValue) []"
1.57542,0,-180,4.75084136991373
1.57542,0,-170,2.8195568226783
1.57542,0,-160,6.61982570780119
1.57542,0,-150,23.8621512987334
1.57542,0,-140,17.0657341032072
1.57542,0,-130,12.2571371430784
1.57542,0,-120,10.1211089134311
1.57542,0,-110,8.68756250626942
1.57542,0,-100,7.54756557296527
1.57542,0,-90,6.55061677629263
1.57542,0,-80,5.62887289116785
1.57542,0,-70,4.78387125110812
1.57542,0,-60,4.07817969406085
1.57542,0,-50,3.62629058464985
1.57542,0,-40,3.54614063082807
1.57542,0,-30,3.83098882341722
1.57542,0,-20,4.30406569217032
1.57542,0,-10,4.7389845125626
1.57542,0,0,4.96819553811027
1.57542,0,10,4.92729259760686
1.57542,0,20,4.66455173913868
1.57542,0,30,4.31930903203584
1.57542,0,40,4.06889688934009
1.57542,0,50,4.05228398045476
1.57542,0,60,4.30889744471093
1.57542,0,70,4.79192705672186
1.57542,0,80,5.43281236267822
1.57542,0,90,6.18753700502847
1.57542,0,100,7.05732235960331
1.57542,0,110,8.09509497243145
1.57542,0,120,9.42190556951046
1.57542,0,130,11.4184368336829
1.57542,0,140,16.0088203932332
1.57542,0,150,23.7308474495942
1.57542,0,160,6.56180145711459
1.57542,0,170,3.913988587359
1.57542,0,180,4.75084136991372
