"Freq [GHz]","Phi [deg]","Theta [deg]","dB(AxialRatioValue) []"
1.57542,0,-180,3.23668952847799
1.57542,0,-170,2.16486608100346
1.57542,0,-160,8.28880716822863
1.57542,0,-150,44.0243191974098
1.57542,0,-140,15.3959518827485
1.57542,0,-130,11.9512695901478
1.57542,0,-120,10.2637173096632
1.57542,0,-110,9.03481499660683
1.57542,0,-100,7.98722297530748
1.57542,0,-90,7.00771733271929
1.57542,0,-80,6.0367285228804
1.57542,0,-70,5.07203215534885
1.57542,0,-60,4.16278844457681
1.57542,0,-50,3.41261027175381
1.57542,0,-40,2.98312931037962
1.57542,0,-30,2.98656205063684
1.57542,0,-20,3.30288355420033
1.57542,0,-10,3.67019389374126
1.57542,0,0,3.89007437452956
1.57542,0,10,3.89079412396812
1.57542,0,20,3.72314798036557
1.57542,0,30,3.53299387369697
1.57542,0,40,3.49711165361773
1.57542,0,50,3.722198347353
1.57542,0,60,4.19235714841388
1.57542,0,70,4.82718635032265
1.57542,0,80,5.55454768522896
1.57542,0,90,6.33904744044519
1.57542,0,100,7.19288316088741
1.57542,0,110,8.17249599280588
1.57542,0,120,9.37033084850886
1.57542,0,130,11.0523790751935
1.57542,0,140,14.5806257178768
1.57542,0,150,38.8113613568024
1.57542,0,160,7.85094125783464
1.57542,0,170,2.73889524777297
1.57542,0,180,3.23668952847799
