"Freq [GHz]","Phi [deg]","Theta [deg]","dB(AxialRatioValue) []"
1.57542,0,-180,4.69839241217128
1.57542,0,-170,3.24853873167079
1.57542,0,-160,8.99311785911027
1.57542,0,-150,29.1906289537607
1.57542,0,-140,13.044004298035
1.57542,0,-130,10.0525798755405
1.57542,0,-120,8.53565519053707
1.57542,0,-110,7.44790750138709
1.57542,0,-100,6.5413028294491
1.57542,0,-90,5.70126070103386
1.57542,0,-80,4.87178310425377
1.57542,0,-70,4.07025958583101
1.57542,0,-60,3.38057031379351
1.57542,0,-50,2.94404515686796
1.57542,0,-40,2.90224901522779
1.57542,0,-30,3.23500564487895
1.57542,0,-20,3.73610469179713
1.57542,0,-10,4.17680276174455
1.57542,0,0,4.40064487279384
1.57542,0,10,4.34954942143453
1.57542,0,20,4.07176895355503
1.57542,0,30,3.71061852722441
1.57542,0,40,3.46291096147513
1.57542,0,50,3.48889933704447
1.57542,0,60,3.81459890856495
1.57542,0,70,4.35462209981033
1.57542,0,80,5.01739493013122
1.57542,0,90,5.76244309951792
1.57542,0,100,6.61528771837831
1.57542,0,110,7.6659809218396
1.57542,0,120,9.07362138137437
1.57542,0,130,11.246819772421
1.57542,0,140,16.0672323788941
1.57542,0,150,25.2023194995117
1.57542,0,160,7.58729723329758
1.57542,0,170,4.1350261253129
1.57542,0,180,4.69839241217128
