"Freq [GHz]","Phi [deg]","Theta [deg]","dB(AxialRatioValue) []"
1.57542,0,-180,2.6211143771818
1.57542,0,-170,2.28811625077107
1.57542,0,-160,9.6732687788444
1.57542,0,-150,28.061976355868
1.57542,0,-140,13.4536881356701
1.57542,0,-130,10.5674497962087
1.57542,0,-120,9.05975865843119
1.57542,0,-110,7.94406455011668
1.57542,0,-100,6.98208989245351
1.57542,0,-90,6.05714012378053
1.57542,0,-80,5.11329844183633
1.57542,0,-70,4.17069656301826
1.57542,0,-60,3.31396397998028
1.57542,0,-50,2.69042201183833
1.57542,0,-40,2.48419553899667
1.57542,0,-30,2.72237018487668
1.57542,0,-20,3.17573266931915
1.57542,0,-10,3.58415982685013
1.57542,0,0,3.78504743928917
1.57542,0,10,3.72444982346673
1.57542,0,20,3.45808933254898
1.57542,0,30,3.1441118063717
1.57542,0,40,3.00106283065619
1.57542,0,50,3.18563217056656
1.57542,0,60,3.67810513382254
1.57542,0,70,4.35921038888052
1.57542,0,80,5.13242401663221
1.57542,0,90,5.95303312445764
1.57542,0,100,6.82542870598338
1.57542,0,110,7.80458344025338
1.57542,0,120,9.00805794302154
1.57542,0,130,10.7677455821788
1.57542,0,140,14.6267449071574
1.57542,0,150,31.7508075786334
1.57542,0,160,7.48608069782915
1.57542,0,170,2.18221364814118
1.57542,0,180,2.6211143771818
