"Freq [GHz]","Phi [deg]","Theta [deg]","dB(AxialRatioValue) []"
1.57542,0,-180,4.35267592239413
1.57542,0,-170,2.7426238040711
1.57542,0,-160,8.25559116633341
1.57542,0,-150,45.3182544616064
1.57542,0,-140,14.6316130918965
1.57542,0,-130,10.7952796078968
1.57542,0,-120,8.82628390345823
1.57542,0,-110,7.42763486839636
1.57542,0,-100,6.31238543841715
1.57542,0,-90,5.36421277724322
1.57542,0,-80,4.52710368531123
1.57542,0,-70,3.82266868882791
1.57542,0,-60,3.35271098982221
1.57542,0,-50,3.2521372139408
1.57542,0,-40,3.55860018181295
1.57542,0,-30,4.13770802953853
1.57542,0,-20,4.7792756901939
1.57542,0,-10,5.29130893264957
1.57542,0,0,5.5389361590594
1.57542,0,10,5.47161985929842
1.57542,0,20,5.1351032261719
1.57542,0,30,4.65440619948539
1.57542,0,40,4.19520017777578
1.57542,0,50,3.91764441825797
1.57542,0,60,3.92504376923329
1.57542,0,70,4.22789339074518
1.57542,0,80,4.76761624114204
1.57542,0,90,5.47850195611498
1.57542,0,100,6.33014695758129
1.57542,0,110,7.33874503821012
1.57542,0,120,8.57978216438295
1.57542,0,130,10.3360112212531
1.57542,0,140,13.9947467955332
1.57542,0,150,37.7389876003812
1.57542,0,160,7.43893139692322
1.57542,0,170,3.46337878412389
1.57542,0,180,4.35267592239413
