"Freq [GHz]","Phi [deg]","Theta [deg]","dB(AxialRatioValue) []"
1.57542,0,-180,4.35684245648719
1.57542,0,-170,2.63131506758518
1.57542,0,-160,7.06234532328424
1.57542,0,-150,29.140403461228
1.57542,0,-140,15.4979868536788
1.57542,0,-130,11.3773661647647
1.57542,0,-120,9.40079171476787
1.57542,0,-110,8.01058858350747
1.57542,0,-100,6.88722706418394
1.57542,0,-90,5.9129535340283
1.57542,0,-80,5.03292995461439
1.57542,0,-70,4.25975747917871
1.57542,0,-60,3.6730981598311
1.57542,0,-50,3.39732637178323
1.57542,0,-40,3.51540350822628
1.57542,0,-30,3.95411305239482
1.57542,0,-20,4.51418036774552
1.57542,0,-10,4.98643891294037
1.57542,0,0,5.22115862001182
1.57542,0,10,5.16238724841871
1.57542,0,20,4.85908618386215
1.57542,0,30,4.44551702951642
1.57542,0,40,4.09554882546122
1.57542,0,50,3.96118038458639
1.57542,0,60,4.1122327070253
1.57542,0,70,4.52427040780151
1.57542,0,80,5.12999259038169
1.57542,0,90,5.87545865193518
1.57542,0,100,6.74828485556125
1.57542,0,110,7.78340028662618
1.57542,0,120,9.07579954334073
1.57542,0,130,10.9580162700357
1.57542,0,140,15.1610895796561
1.57542,0,150,26.0027609742881
1.57542,0,160,6.74334070565641
1.57542,0,170,3.62306139570447
1.57542,0,180,4.35684245648719
