"Freq [GHz]","Phi [deg]","Theta [deg]","dB(AxialRatioValue) []"
1.57542,0,-180,2.25344444295847
1.57542,0,-170,2.83458130423989
1.57542,0,-160,10.6938072684984
1.57542,0,-150,25.2988854182752
1.57542,0,-140,14.1856003374982
1.57542,0,-130,12.0878525718301
1.57542,0,-120,11.0103554924352
1.57542,0,-110,10.1169052745822
1.57542,0,-100,9.23655834561629
1.57542,0,-90,8.29142347691603
1.57542,0,-80,7.25577377817122
1.57542,0,-70,6.1600169532691
1.57542,0,-60,5.06014443173143
1.57542,0,-50,4.02296126057384
1.57542,0,-40,3.14295268966829
1.57542,0,-30,2.55565784029862
1.57542,0,-20,2.35364574670456
1.57542,0,-10,2.42461926476133
1.57542,0,0,2.54392373303313
1.57542,0,10,2.59599562670996
1.57542,0,20,2.62587674606398
1.57542,0,30,2.77842557583997
1.57542,0,40,3.16794910935722
1.57542,0,50,3.78721083947387
1.57542,0,60,4.55948608724993
1.57542,0,70,5.4118276118351
1.57542,0,80,6.28889236743191
1.57542,0,90,7.15010831047003
1.57542,0,100,7.98751913275078
1.57542,0,110,8.8464347510643
1.57542,0,120,9.81363152861315
1.57542,0,130,11.0886118833802
1.57542,0,140,13.6879926612586
1.57542,0,150,29.3891279578774
1.57542,0,160,9.55855250192472
1.57542,0,170,2.95425512038165
1.57542,0,180,2.25344444295847
