"Freq [GHz]","Phi [deg]","Theta [deg]","dB(AxialRatioValue) []"
1.57542,0,-180,5.36522340939533
1.57542,0,-170,3.31514826254212
1.57542,0,-160,6.9887282682596
1.57542,0,-150,28.010478584008
1.57542,0,-140,15.5313622139419
1.57542,0,-130,11.1629487881563
1.57542,0,-120,9.09097821865043
1.57542,0,-110,7.67214631402359
1.57542,0,-100,6.53192390478359
1.57542,0,-90,5.52485185219713
1.57542,0,-80,4.5978441766138
1.57542,0,-70,3.78221364018234
1.57542,0,-60,3.18703121804989
1.57542,0,-50,2.97355856375337
1.57542,0,-40,3.2232242836457
1.57542,0,-30,3.80438641040724
1.57542,0,-20,4.47806834925264
1.57542,0,-10,5.02801171997513
1.57542,0,0,5.30368792640957
1.57542,0,10,5.24723952048231
1.57542,0,20,4.90668148257483
1.57542,0,30,4.41647267437945
1.57542,0,40,3.95135034193593
1.57542,0,50,3.67032318828381
1.57542,0,60,3.66148652319024
1.57542,0,70,3.91784221125537
1.57542,0,80,4.37596248006091
1.57542,0,90,4.97903128723558
1.57542,0,100,5.71711513308798
1.57542,0,110,6.6371015502429
1.57542,0,120,7.84651905622709
1.57542,0,130,9.65374690262695
1.57542,0,140,13.4511685675661
1.57542,0,150,40.4507126353433
1.57542,0,160,7.92152084024923
1.57542,0,170,4.51684607375782
1.57542,0,180,5.36522340939533
