"Freq [GHz]","dB(S(1,1)) []","dB(S(2,2)) []","dB(S(3,3)) []","dB(S(4,4)) []"
1,-0.0461991507672048,-0.046009385800664,-0.04585914682686,-0.0459908902472402
1.00033333333333,-0.0462251846103171,-0.0460352439387427,-0.0458847797644407,-0.0460166694342862
1.00066666666667,-0.0462512848271359,-0.0460611681858914,-0.0459104782813965,-0.0460425144393052
1.001,-0.0462774515667254,-0.0460871586894845,-0.0459362425231456,-0.0460684254090512
1.00133333333333,-0.0463036849786222,-0.0461132155973582,-0.0459620726355749,-0.0460944024907353
1.00166666666667,-0.0463299852128404,-0.0461393390578222,-0.04598796876503,-0.0461204458320477
1.002,-0.046356352419857,-0.046165529219653,-0.0460139310583233,-0.0461465555811349
1.00233333333333,-0.0463827867506448,-0.0461917862321025,-0.0460399596627318,-0.0461727318866184
1.00266666666667,-0.0464092883566396,-0.0462181102448989,-0.0460660547260012,-0.0461989748975869
1.003,-0.0464358573897653,-0.0462445014082374,-0.0460922163963438,-0.0462252847636081
1.00333333333333,-0.0464624940024311,-0.046270959872806,-0.0461184448224494,-0.0462516616347137
1.00366666666667,-0.0464891983475228,-0.0462974857897566,-0.0461447401534715,-0.0462781056614195
1.004,-0.0465159705784153,-0.0463240793107353,-0.0461711025390469,-0.0463046169947171
1.00433333333333,-0.0465428108489727,-0.0463507405878596,-0.0461975321292802,-0.0463311957860733
1.00466666666667,-0.0465697193135474,-0.0463774697737381,-0.046224029074763,-0.0463578421874423
1.005,-0.046596696126981,-0.0464042670214641,-0.0462505935265539,-0.0463845563512559
1.00533333333333,-0.0466237414446083,-0.0464311324846188,-0.0462772256362052,-0.0464113384304308
1.00566666666667,-0.0466508554222601,-0.0464580663172716,-0.0463039255557442,-0.0464381885783695
1.006,-0.0466780382162604,-0.0464850686739853,-0.046330693437684,-0.0464651069489654
1.00633333333333,-0.0467052899834342,-0.0465121397098136,-0.0463575294350223,-0.0464920936965962
1.00666666666667,-0.0467326108811015,-0.0465392795803057,-0.0463844337012489,-0.04651914897613
1.007,-0.0467600010670922,-0.0465664884415083,-0.046411406390338,-0.0465462729429366
1.00733333333333,-0.0467874606997275,-0.0465937664499627,-0.0464384476567587,-0.0465734657528706
1.00766666666667,-0.046814989937846,-0.0466211137627187,-0.0464655576554714,-0.046600727562288
1.008,-0.0468425889407815,-0.0466485305373126,-0.0464927365419317,-0.0466280585280393
1.00833333333333,-0.0468702578683838,-0.0466760169317992,-0.0465199844720862,-0.046655458807474
1.00866666666667,-0.04689799688101,-0.0467035731047335,-0.0465473016023885,-0.0466829285584524
1.009,-0.0469258061395324,-0.0467311992151721,-0.0465746880897882,-0.0467104679393238
1.00933333333333,-0.046953685805328,-0.0467588954226868,-0.046602144091733,-0.0467380771089517
1.00966666666667,-0.0469816360403033,-0.0467866618873597,-0.0466296697661814,-0.046765756226706
1.01,-0.0470096570068726,-0.0468144987697812,-0.046657265271586,-0.0467935054524627
1.01033333333333,-0.0470377488679728,-0.046842406231058,-0.0466849307669161,-0.0468213249466079
1.01066666666667,-0.0470659117870585,-0.0468703844328148,-0.0467126664116469,-0.0468492148700401
1.011,-0.0470941459281126,-0.0468984335371927,-0.0467404723657653,-0.0468771753841726
1.01133333333333,-0.0471224514556419,-0.0469265537068496,-0.0467683487897632,-0.0469052066509374
1.01166666666667,-0.0471508285346764,-0.0469547451049719,-0.0467962958446551,-0.0469333088327755
1.012,-0.0471792773307766,-0.0469830078952587,-0.0468243136919672,-0.0469614820926572
1.01233333333333,-0.0472077980100365,-0.0470113422419445,-0.0468524024937464,-0.0469897265940664
1.01266666666667,-0.0472363907390814,-0.0470397483097872,-0.0468805624125531,-0.0470180425010148
1.013,-0.047265055685064,-0.0470682262640742,-0.0469087936114765,-0.0470464299780374
1.01333333333333,-0.0472937930156824,-0.0470967762706223,-0.0469370962541272,-0.047074889190195
1.01366666666667,-0.0473226028991707,-0.04712539849578,-0.0469654705046344,-0.0471034203030786
1.014,-0.0473514855042965,-0.0471540931064335,-0.0469939165276608,-0.0471320234828096
1.01433333333333,-0.0473804410003815,-0.0471828602700058,-0.0470224344883994,-0.0471606988960439
1.01466666666667,-0.0474094695572824,-0.0472117001544561,-0.0470510245525668,-0.0471894467099659
1.015,-0.0474385713454033,-0.0472406129282864,-0.0470796868864179,-0.0472182670923031
1.01533333333333,-0.0474677465356953,-0.0472695987605376,-0.0471084216567391,-0.0472471602113153
1.01566666666667,-0.0474969952996625,-0.0472986578207971,-0.0471372290308567,-0.0472761262358087
1.016,-0.047526317809363,-0.0473277902791969,-0.0471661091766317,-0.0473051653351245
1.01633333333333,-0.0475557142374018,-0.0473569963064217,-0.0471950622624662,-0.0473342776791503
1.01666666666667,-0.0475851847569411,-0.0473862760736994,-0.0472240884573072,-0.0473634634383247
1.017,-0.0476147295417086,-0.04741562975282,-0.0472531879306394,-0.0473927227836303
1.01733333333333,-0.0476443487659784,-0.0474450575161173,-0.0472823608525011,-0.0474220558865941
1.01766666666667,-0.0476740426046029,-0.0474745595364831,-0.0473116073934732,-0.0474514629193056
1.018,-0.0477038112329836,-0.0475041359873741,-0.0473409277246911,-0.0474809440544028
1.01833333333333,-0.0477336548270985,-0.0475337870428009,-0.0473703220178356,-0.0475104994650744
1.01866666666667,-0.0477635735634845,-0.0475635128773378,-0.0473997904451503,-0.047540129325077
1.019,-0.0477935676192582,-0.0475933136661238,-0.0474293331794249,-0.0475698338087202
1.01933333333333,-0.0478236371721006,-0.0476231895848639,-0.0474589503940148,-0.0475996130908783
1.01966666666667,-0.0478537824002677,-0.0476531408098326,-0.0474886422628324,-0.0476294673469855
1.02,-0.0478840034826004,-0.0476831675178702,-0.0475184089603517,-0.0476593967530477
1.02033333333333,-0.0479143005985019,-0.0477132698863945,-0.0475482506616098,-0.0476894014856335
1.02066666666667,-0.0479446739279712,-0.0477434480933959,-0.0475781675422105,-0.0477194817218862
1.021,-0.047975123651584,-0.0477737023174394,-0.0476081597783309,-0.0477496376395168
1.02133333333333,-0.0480056499504995,-0.0478040327376714,-0.0476382275467053,-0.0477798694168099
1.02166666666667,-0.0480362530064612,-0.0478344395338209,-0.0476683710246534,-0.0478101772326365
1.022,-0.0480669330018098,-0.0478649228861913,-0.0476985903900654,-0.0478405612664275
1.02233333333333,-0.0480976901194684,-0.0478954829756802,-0.0477288858214012,-0.0478710216982129
1.02266666666667,-0.0481285245429611,-0.0479261199837688,-0.0477592574977052,-0.0479015587085942
1.023,-0.0481594364564016,-0.0479568340925225,-0.0477897055986032,-0.0479321724787567
1.02333333333333,-0.0481904260445034,-0.0479876254846061,-0.0478202303043024,-0.0479628631904815
1.02366666666667,-0.0482214934925774,-0.0480184943432753,-0.0478508317955886,-0.0479936310261275
1.024,-0.0482526389865441,-0.0480494408523821,-0.0478815102538456,-0.0480244761686536
1.02433333333333,-0.0482838627129157,-0.0480804651963681,-0.0479122658610341,-0.0480553988016042
1.02466666666667,-0.0483151648588209,-0.0481115675602854,-0.0479430987997164,-0.0480863991091315
1.025,-0.0483465456119945,-0.0481427481297864,-0.0479740092530425,-0.0481174772759654
1.02533333333333,-0.0483780051607783,-0.0481740070911236,-0.0480049974047555,-0.0481486334874545
1.02566666666667,-0.0484095436941328,-0.0482053446311604,-0.0480360634392026,-0.0481798679295349
1.026,-0.0484411614016343,-0.0482367609373642,-0.0480672075413251,-0.0482111807887574
1.02633333333333,-0.0484728584734662,-0.0482682561978202,-0.0480984298966693,-0.0482425722522758
1.02666666666667,-0.0485046351004443,-0.0482998306012187,-0.0481297306913829,-0.0482740425078491
1.027,-0.0485364914739964,-0.0483314843368735,-0.0481611101122261,-0.0483055917438492
1.02733333333333,-0.0485684277861886,-0.0483632175947084,-0.0481925683465585,-0.0483372201492588
1.02766666666667,-0.0486004442296971,-0.0483950305652788,-0.0482241055823554,-0.0483689279136784
1.028,-0.0486325409978391,-0.0484269234397461,-0.0482557220082098,-0.0484007152273284
1.02833333333333,-0.0486647182845549,-0.0484588964099128,-0.048287417813319,-0.0484325822810411
1.02866666666667,-0.048696976284426,-0.0484909496681976,-0.0483191931875056,-0.048464529266282
1.029,-0.0487293151926643,-0.0485230834076495,-0.0483510483212103,-0.0484965563751261
1.02933333333333,-0.0487617352051214,-0.0485552978219569,-0.0483829834054983,-0.0485286638002863
1.02966666666667,-0.0487942365182928,-0.048587593105432,-0.0484149986320497,-0.0485608517351005
1.03,-0.0488268193293157,-0.0486199694530272,-0.0484470941931829,-0.048593120373538
1.03033333333333,-0.0488594838359667,-0.0486524270603355,-0.0484792702818382,-0.0486254699102027
1.03066666666667,-0.048892230236682,-0.048684966123592,-0.0485115270915912,-0.0486579005403329
1.031,-0.0489250587305358,-0.0487175868396713,-0.0485438648166443,-0.0486904124598044
1.03133333333333,-0.0489579695172639,-0.0487502894060913,-0.0485762836518459,-0.0487230058651354
1.03166666666667,-0.0489909627972523,-0.0487830740210231,-0.0486087837926752,-0.0487556809534863
1.032,-0.0490240387715473,-0.0488159408832889,-0.0486413654352487,-0.0487884379226611
1.03233333333333,-0.049057197641855,-0.0488488901923591,-0.0486740287763401,-0.0488212769711156
1.03266666666667,-0.0490904396105405,-0.0488819221483643,-0.0487067740133526,-0.0488541982979503
1.033,-0.0491237648806418,-0.0489150369520899,-0.0487396013443426,-0.0488872021029196
1.03333333333333,-0.0491571736558531,-0.0489482348049768,-0.0487725109680243,-0.0489202885864361
1.03366666666667,-0.0491906661405469,-0.0489815159091442,-0.0488055030837536,-0.0489534579495675
1.034,-0.049224242539767,-0.0490148804673559,-0.0488385778915433,-0.0489867103940405
1.03433333333333,-0.0492579030592288,-0.0490483286830581,-0.0488717355920703,-0.0490200461222448
1.03466666666667,-0.0492916479053272,-0.049081860760363,-0.0489049763866665,-0.0490534653372341
1.035,-0.0493254772851391,-0.0491154769040527,-0.0489383004773237,-0.0490869682427282
1.03533333333333,-0.0493593914064217,-0.0491491773195899,-0.0489717080667047,-0.0491205550431203
1.03566666666667,-0.0493933904776141,-0.0491829622131072,-0.0490051993581295,-0.0491542259434757
1.036,-0.0494274747078507,-0.0492168317914264,-0.0490387745556005,-0.0491879811495247
1.03633333333333,-0.0494616443069494,-0.0492507862620436,-0.0490724338637841,-0.0492218208676889
1.03666666666667,-0.0494958994854217,-0.0492848258331449,-0.0491061774880215,-0.0492557453050571
1.037,-0.0495302404544822,-0.0493189507136013,-0.0491400056343364,-0.0492897546694101
1.03733333333333,-0.0495646674260323,-0.049353161112981,-0.0491739185094247,-0.0493238491692068
1.03766666666667,-0.0495991806126794,-0.0493874572415339,-0.0492079163206675,-0.0493580290135966
1.038,-0.049633780227737,-0.0494218393102179,-0.0492419992761354,-0.0493922944124192
1.03833333333333,-0.0496684664852211,-0.0494563075306807,-0.0492761675845818,-0.0494266455762011
1.03866666666667,-0.0497032395998549,-0.0494908621152701,-0.0493104214554487,-0.0494610827161699
1.039,-0.0497380997870784,-0.0495255032770431,-0.0493447610988732,-0.0494956060442525
1.03933333333333,-0.0497730472630381,-0.0495602312297628,-0.049379186725689,-0.0495302157730658
1.03966666666667,-0.049808082244606,-0.0495950461878929,-0.0494136985474242,-0.0495649121159431
1.04,-0.0498432049493655,-0.0496299483666187,-0.0494482967763062,-0.0495996952869135
1.04033333333333,-0.0498784155956259,-0.0496649379818309,-0.0494829816252705,-0.049634565500719
1.04066666666667,-0.0499137144024183,-0.0497000152501451,-0.0495177533079569,-0.0496695229728092
1.041,-0.0499491015895084,-0.0497351803888879,-0.0495526120387077,-0.0497045679193483
1.04133333333333,-0.0499845773773861,-0.0497704336161168,-0.04958755803258,-0.0497397005572189
1.04166666666667,-0.0500201419872758,-0.0498057751506072,-0.0496225915053498,-0.0497749211040202
1.042,-0.0500557956411385,-0.0498412052118664,-0.0496577126735006,-0.0498102297780739
1.04233333333333,-0.0500915385616713,-0.0498767240201313,-0.0496929217542397,-0.0498456267984262
1.04266666666667,-0.0501273709723173,-0.0499123317963697,-0.0497282189654971,-0.0498811123848512
1.043,-0.0501632930972615,-0.0499480287622891,-0.0497636045259232,-0.0499166867578492
1.04333333333333,-0.0501993051614355,-0.0499838151403335,-0.0497990786548987,-0.0499523501386588
1.04366666666667,-0.050235407390523,-0.0500196911536858,-0.0498346415725287,-0.0499881027492495
1.044,-0.0502716000109564,-0.0500556570262829,-0.0498702934996615,-0.0500239448123287
1.04433333333333,-0.0503078832499302,-0.0500917129827987,-0.0499060346578715,-0.05005987655135
1.04466666666667,-0.0503442573353925,-0.0501278592486633,-0.0499418652694783,-0.0500958981905059
1.045,-0.0503807224960507,-0.0501640960500573,-0.0499777855575338,-0.0501320099547345
1.04533333333333,-0.0504172789613868,-0.0502004236139129,-0.0500137957458429,-0.0501682120697311
1.04566666666667,-0.0504539269616406,-0.0502368421679299,-0.0500498960589492,-0.0502045047619326
1.046,-0.0504906667278249,-0.0502733519405651,-0.0500860867221557,-0.0502408882585412
1.04633333333333,-0.0505274984917253,-0.05030995316104,-0.0501223679615042,-0.0502773627875095
1.04666666666667,-0.0505644224859075,-0.0503466460593436,-0.0501587400038052,-0.0503139285775565
1.047,-0.0506014389437124,-0.0503834308662339,-0.050195203076622,-0.0503505858581613
1.04733333333333,-0.0506385480992625,-0.0504203078132466,-0.0502317574082713,-0.0503873348595684
1.04766666666667,-0.0506757501874694,-0.0504572771326891,-0.0502684032278494,-0.0504241758127999
1.048,-0.0507130454440283,-0.0504943390576501,-0.0503051407652055,-0.0504611089496437
1.04833333333333,-0.0507504341054274,-0.0505314938219997,-0.0503419702509644,-0.0504981345026594
1.04866666666667,-0.0507879164089542,-0.0505687416603925,-0.0503788919165243,-0.0505352527052004
1.049,-0.0508254925926834,-0.0506060828082771,-0.0504159059940563,-0.0505724637913854
1.04933333333333,-0.0508631628954999,-0.0506435175018839,-0.0504530127165154,-0.050609767996125
1.04966666666667,-0.0509009275570863,-0.0506810459782438,-0.0504902123176297,-0.0506471655551193
1.05,-0.0509387868179347,-0.0507186684751885,-0.050527505031919,-0.0506846567048516
1.05033333333333,-0.0509767409193456,-0.0507563852313384,-0.05056489109469,-0.0507222416826086
1.05066666666667,-0.0510147901034311,-0.0507941964861321,-0.0506023707420324,-0.050759920726463
1.051,-0.0510529346131213,-0.0508321024798031,-0.0506399442108423,-0.0507976940752979
1.05133333333333,-0.0510911746921649,-0.0508701034534012,-0.0506776117387987,-0.0508355619687901
1.05166666666667,-0.0511295105851346,-0.0509081996487825,-0.050715373564393,-0.0508735246474299
1.052,-0.0511679425374247,-0.0509463913086296,-0.0507532299269123,-0.0509115823525092
1.05233333333333,-0.051206470795263,-0.0509846786764344,-0.0507911810664505,-0.0509497353261393
1.05266666666667,-0.0512450956057022,-0.0510230619965177,-0.0508292272239095,-0.0509879838112389
1.053,-0.0512838172166412,-0.0510615415140211,-0.0508673686410069,-0.0510263280515538
1.05333333333333,-0.0513226358768045,-0.0511001174749178,-0.0509056055602746,-0.0510647682916436
1.05366666666667,-0.0513615518357682,-0.0511387901260104,-0.0509439382250609,-0.0511033047768995
1.054,-0.0514005653439494,-0.0511775597149433,-0.0509823668795362,-0.0511419377535334
1.05433333333333,-0.0514396766526112,-0.0512164264901882,-0.0510208917686954,-0.0511806674685951
1.05466666666667,-0.0514788860138759,-0.0512553907010695,-0.0510595131383671,-0.0512194941699626
1.055,-0.0515181936807112,-0.0512944525977523,-0.0510982312351987,-0.0512584181063567
1.05533333333333,-0.0515575999069482,-0.051333612431248,-0.0511370463066878,-0.0512974395273384
1.05566666666667,-0.0515971049472803,-0.0513728704534175,-0.0511759586011578,-0.0513365586833096
1.056,-0.0516367090572667,-0.0514122269169853,-0.0512149683677736,-0.0513757758255209
1.05633333333333,-0.0516764124933255,-0.0514516820755278,-0.0512540758565522,-0.051415091206075
1.05666666666667,-0.0517162155127596,-0.0514912361834809,-0.0512932813183513,-0.0514545050779279
1.057,-0.0517561183737376,-0.051530889496153,-0.0513325850048776,-0.0514940176948929
1.05733333333333,-0.0517961213353143,-0.0515706422697131,-0.0513719871687012,-0.0515336293116425
1.05766666666667,-0.0518362246574181,-0.0516104947612085,-0.0514114880632403,-0.051573340183716
1.058,-0.0518764286008673,-0.0516504472285581,-0.0514510879427784,-0.0516131505675182
1.05833333333333,-0.0519167334273724,-0.0516904999305542,-0.0514907870624609,-0.0516530607203234
1.05866666666667,-0.0519571393995282,-0.0517306531268829,-0.0515305856783034,-0.0516930709002834
1.059,-0.0519976467808334,-0.051770907078107,-0.0515704840471882,-0.0517331813664281
1.05933333333333,-0.0520382558356799,-0.0518112620456755,-0.0516104824268779,-0.0517733923786652
1.05966666666667,-0.0520789668293693,-0.051851718291945,-0.0516505810760037,-0.0518137041977854
1.06,-0.0521197800281052,-0.0518922760801507,-0.0516907802540896,-0.0518541170854716
1.06033333333333,-0.0521606956989991,-0.0519329356744327,-0.0517310802215305,-0.0518946313042989
1.06066666666667,-0.0522017141100831,-0.0519736973398427,-0.0517714812396211,-0.0519352471177297
1.061,-0.0522428355303004,-0.0520145613423239,-0.0518119835705452,-0.0519759647901351
1.06133333333333,-0.0522840602295165,-0.0520555279487418,-0.051852587477373,-0.0520167845867795
1.06166666666667,-0.0523253884785266,-0.0520965974268719,-0.0518932932240835,-0.0520577067738401
1.062,-0.0523668205490475,-0.0521377700454063,-0.0519341010755528,-0.052098731618399
1.06233333333333,-0.0524083567137296,-0.0521790460739552,-0.0519750112975657,-0.0521398593884484
1.06266666666667,-0.0524499972461655,-0.0522204257830588,-0.0520160241568094,-0.0521810903529047
1.063,-0.0524917424208754,-0.0522619094441814,-0.0520571399208941,-0.0522224247815957
1.06333333333333,-0.0525335925133309,-0.0523034973297213,-0.0520983588583346,-0.0522638629452754
1.06366666666667,-0.0525755477999504,-0.0523451897130117,-0.0521396812385749,-0.0523054051156295
1.064,-0.052617608558097,-0.052386986868325,-0.0521811073319787,-0.0523470515652713
1.06433333333333,-0.0526597750660968,-0.0524288890708788,-0.0522226374098355,-0.0523888025677467
1.06466666666667,-0.052702047603224,-0.0524708965968321,-0.0522642717443711,-0.0524306583975399
1.065,-0.0527444264497237,-0.0525130097232973,-0.0523060106087408,-0.0524726193300806
1.06533333333333,-0.0527869118868042,-0.0525552287283465,-0.0523478542770385,-0.0525146856417426
1.06566666666667,-0.0528295041966386,-0.0525975538909993,-0.0523898030243013,-0.0525568576098453
1.066,-0.0528722036623798,-0.0526399854912423,-0.0524318571265127,-0.0525991355126689
1.06633333333333,-0.0529150105681556,-0.0526825238100327,-0.0524740168606024,-0.0526415196294432
1.06666666666667,-0.0529579251990756,-0.0527251691292892,-0.0525162825044563,-0.0526840102403628
1.067,-0.053000947841233,-0.052767921731906,-0.0525586543369214,-0.0527266076265884
1.06733333333333,-0.0530440787817115,-0.0528107819017601,-0.0526011326377947,-0.0527693120702398
1.06766666666667,-0.0530873183085896,-0.0528537499237033,-0.0526437176878427,-0.0528121238544196
1.068,-0.0531306667109402,-0.0528968260835733,-0.052686409768807,-0.0528550432632032
1.06833333333333,-0.0531741242788386,-0.0529400106682001,-0.0527292091633928,-0.0528980705816439
1.06866666666667,-0.0532176913033655,-0.0529833039654044,-0.0527721161552829,-0.0529412060957838
1.069,-0.0532613680766071,-0.0530267062640055,-0.0528151310291439,-0.0529844500926436
1.06933333333333,-0.0533051548916707,-0.053070217853821,-0.0528582540706241,-0.0530278028602486
1.06966666666667,-0.0533490520426746,-0.053113839025675,-0.0529014855663595,-0.0530712646876079
1.07,-0.0533930598247587,-0.0531575700713999,-0.0529448258039758,-0.0531148358647377
1.07033333333333,-0.0534371785340927,-0.0532014112838414,-0.052988275072102,-0.053158516682656
1.07066666666667,-0.0534814084678693,-0.0532453629568663,-0.0530318336603557,-0.0532023074333832
1.071,-0.0535257499243224,-0.0532894253853576,-0.0530755018593691,-0.0532462084099636
1.07133333333333,-0.0535702032027213,-0.0533335988652245,-0.0531192799607745,-0.0532902199064482
1.07166666666667,-0.0536147686033709,-0.0533778836934051,-0.0531631682572207,-0.0533343422179102
1.072,-0.0536594464276331,-0.0534222801678725,-0.0532071670423676,-0.0533785756404476
1.07233333333333,-0.053704236977914,-0.0534667885876407,-0.0532512766109005,-0.05342292047118
1.07266666666667,-0.0537491405576743,-0.0535114092527595,-0.0532954972585295,-0.0534673770082715
1.073,-0.0537941574714409,-0.0535561424643286,-0.0533398292819851,-0.0535119455509155
1.07333333333333,-0.0538392880247919,-0.0536009885244973,-0.0533842729790317,-0.0535566263993414
1.07366666666667,-0.0538845325243813,-0.0536459477364667,-0.0534288286484824,-0.053601419854835
1.074,-0.0539298912779368,-0.0536910204045053,-0.0534734965901765,-0.0536463262197222
1.07433333333333,-0.0539753645942571,-0.0537362068339352,-0.053518277105004,-0.0536913457973847
1.07466666666667,-0.0540209527832238,-0.0537815073311502,-0.0535631704949028,-0.0537364788922627
1.075,-0.0540666561558059,-0.0538269222036161,-0.0536081770628632,-0.053781725809855
1.07533333333333,-0.0541124750240583,-0.0538724517598725,-0.0536532971129403,-0.0538270868567329
1.07566666666667,-0.0541584097011335,-0.0539180963095439,-0.0536985309502419,-0.0538725623405324
1.076,-0.0542044605012802,-0.0539638561633361,-0.0537438788809431,-0.0539181525699647
1.07633333333333,-0.0542506277398491,-0.0540097316330472,-0.0537893412122937,-0.0539638578548213
1.07666666666667,-0.0542969117333007,-0.0540557230315644,-0.0538349182526155,-0.0540096785059783
1.077,-0.0543433127992024,-0.0541018306728768,-0.053880610311313,-0.0540556148353997
1.07733333333333,-0.0543898312562523,-0.0541480548720736,-0.0539264176988698,-0.0541016671561407
1.07766666666667,-0.0544364674242513,-0.0541943959453576,-0.0539723407268558,-0.054147835782347
1.078,-0.0544832216241358,-0.0542408542100348,-0.0540183797079408,-0.0541941210292807
1.07833333333333,-0.054530094177972,-0.0542874299845339,-0.0540645349558859,-0.0542405232132963
1.07866666666667,-0.0545770854089593,-0.0543341235883991,-0.0541108067855512,-0.0542870426518622
1.079,-0.0546241956414368,-0.0543809353423035,-0.0541571955129107,-0.0543336796635644
1.07933333333333,-0.0546714252008899,-0.0544278655680525,-0.0542037014550392,-0.0543804345681001
1.07966666666667,-0.0547187744139521,-0.0544749145885755,-0.0542503249301335,-0.0544273076863046
1.08,-0.0547662436084076,-0.0545220827279568,-0.0542970662575069,-0.0544742993401274
1.08033333333333,-0.0548138331132014,-0.0545693703114124,-0.0543439257575948,-0.0545214098526594
1.08066666666667,-0.0548615432584437,-0.0546167776653106,-0.0543909037519647,-0.054568639548124
1.081,-0.0549093743754069,-0.0546643051171758,-0.0544380005633141,-0.0546159887518901
1.08133333333333,-0.0549573267965442,-0.0547119529956838,-0.0544852165154788,-0.0546634577904729
1.08166666666667,-0.0550054008554787,-0.0547597216306833,-0.05453255193344,-0.0547110469915421
1.082,-0.0550535968870187,-0.0548076113531812,-0.0545800071433205,-0.0547587566839165
1.08233333333333,-0.0551019152271667,-0.0548556224953625,-0.0546275824723971,-0.0548065871975852
1.08266666666667,-0.0551503562131024,-0.0549037553905829,-0.0546752782491061,-0.0548545388636925
1.083,-0.055198920183218,-0.0549520103733872,-0.0547230948030418,-0.0549026120145646
1.08333333333333,-0.0552476074770963,-0.0550003877795076,-0.0547710324649637,-0.0549508069836976
1.08366666666667,-0.0552964184355384,-0.0550488879458634,-0.0548190915668052,-0.054999124105766
1.084,-0.0553453534005442,-0.0550975112105696,-0.0548672724416749,-0.0550475637166338
1.08433333333333,-0.0553944127153427,-0.0551462579129503,-0.0549155754238571,-0.0550961261533539
1.08466666666667,-0.0554435967243775,-0.0551951283935288,-0.0549640008488261,-0.0551448117541709
1.085,-0.0554929057733221,-0.0552441229940462,-0.055012549053246,-0.0551936208585341
1.08533333333333,-0.0555423402090864,-0.0552932420574535,-0.0550612203749733,-0.0552425538070974
1.08566666666667,-0.0555919003798103,-0.0553424859279299,-0.0551100151530666,-0.0552916109417233
1.086,-0.0556415866348788,-0.0553918549508776,-0.0551589337277897,-0.0553407926054837
1.08633333333333,-0.0556913993249269,-0.0554413494729352,-0.0552079764406132,-0.0553900991426799
1.08666666666667,-0.0557413388018435,-0.0554909698419715,-0.0552571436342279,-0.0554395308988298
1.087,-0.0557914054187721,-0.0555407164071031,-0.055306435652542,-0.0554890882206929
1.08733333333333,-0.0558415995301194,-0.0555905895186909,-0.0553558528406852,-0.0555387714562487
1.08766666666667,-0.0558919214915634,-0.0556405895283503,-0.0554053955450234,-0.0555885809547293
1.088,-0.0559423716600607,-0.055690716788953,-0.0554550641131544,-0.0556385170666051
1.08833333333333,-0.0559929503938321,-0.0557409716546342,-0.0555048588939145,-0.0556885801436044
1.08866666666667,-0.0560436580524,-0.0557913544807988,-0.0555547802373898,-0.0557387705386995
1.089,-0.0560944949965687,-0.0558418656241244,-0.0556048284949124,-0.0557890886061326
1.08933333333333,-0.056145461588437,-0.0558925054425633,-0.0556550040190781,-0.0558395347014135
1.08966666666667,-0.0561965581914085,-0.0559432742953609,-0.0557053071637322,-0.0558901091813209
1.09,-0.0562477851701914,-0.0559941725430417,-0.055755738283994,-0.0559408124039061
1.09033333333333,-0.0562991428908048,-0.0560452005474368,-0.0558062977362578,-0.0559916447285089
1.09066666666667,-0.0563506317205899,-0.0560963586716671,-0.0558569858781817,-0.0560426065157519
1.091,-0.0564022520281992,-0.0561476472801694,-0.055907803068722,-0.0560936981275559
1.09133333333333,-0.0564540041836324,-0.0561990667386761,-0.0559587496681107,-0.056144919927134
1.09166666666667,-0.056505888558203,-0.0562506174142581,-0.0560098260378784,-0.0561962722790099
1.092,-0.0565579055245786,-0.0563022996752879,-0.0560610325408497,-0.0562477555490102
1.09233333333333,-0.0566100554567666,-0.0563541138914823,-0.0561123695411585,-0.0562993701042781
1.09266666666667,-0.0566623387301254,-0.0564060604338834,-0.0561638374042463,-0.0563511163132795
1.093,-0.0567147557213704,-0.0564581396748712,-0.0562154364968652,-0.0564029945458026
1.09333333333333,-0.056767306808582,-0.0565103519881721,-0.0562671671870929,-0.0564550051729693
1.09366666666667,-0.0568199923712047,-0.0565626977488681,-0.0563190298443315,-0.0565071485672415
1.094,-0.0568728127900586,-0.056615177333393,-0.0563710248393127,-0.0565594251024121
1.09433333333333,-0.0569257684473468,-0.0566677911195402,-0.0564231525441036,-0.0566118351536356
1.09466666666667,-0.0569788597266557,-0.0567205394864753,-0.056475413332123,-0.056664379097416
1.095,-0.0570320870129591,-0.0567734228147324,-0.0565278075781259,-0.0567170573116132
1.09533333333333,-0.0570854506926325,-0.0568264414862298,-0.0565803356582285,-0.0567698701754526
1.09566666666667,-0.0571389511534585,-0.056879595884269,-0.0566329979499068,-0.0568228180695377
1.096,-0.0571925887846196,-0.0569328863935429,-0.0566857948319981,-0.0568759013758429
1.09633333333333,-0.0572463639767262,-0.0569863134001381,-0.0567387266847126,-0.0569291204777247
1.09666666666667,-0.0573002771217955,-0.0570398772915474,-0.0567917938896382,-0.0569824757599326
1.097,-0.0573543286132803,-0.0570935784566727,-0.0568449968297494,-0.0570359676086077
1.09733333333333,-0.057408518846069,-0.0571474172858293,-0.0568983358894001,-0.05708959641129
1.09766666666667,-0.0574628482164856,-0.0572013941707498,-0.0569518114543461,-0.0571433625569284
1.098,-0.0575173171223015,-0.0572555095046012,-0.0570054239117403,-0.057197266435885
1.09833333333333,-0.0575719259627376,-0.0573097636819771,-0.0570591736501456,-0.0572513084399367
1.09866666666667,-0.0576266751384781,-0.0573641570989118,-0.057113061059529,-0.0573054889622842
1.099,-0.0576815650516624,-0.0574186901528842,-0.057167086531285,-0.0573598083975668
1.09933333333333,-0.057736596105914,-0.0574733632428282,-0.0572212504582282,-0.0574142671418488
1.09966666666667,-0.0577917687063197,-0.0575281767691286,-0.0572755532346037,-0.0574688655926427
1.1,-0.0578470832594563,-0.0575831311336409,-0.0573299952560915,-0.0575236041489109
1.10033333333333,-0.0579025401733913,-0.0576382267396832,-0.0573845769198208,-0.0575784832110669
1.10066666666667,-0.0579581398576853,-0.0576934639920575,-0.0574392986243586,-0.057633503180986
1.101,-0.0580138827234026,-0.0577488432970391,-0.0574941607697351,-0.0576886644620191
1.10133333333333,-0.0580697691831153,-0.057804365062402,-0.0575491637574409,-0.0577439674589762
1.10166666666667,-0.058125799650915,-0.0578600296974091,-0.0576043079904319,-0.0577994125781559
1.102,-0.0581819745424061,-0.0579158376128302,-0.0576595938731381,-0.0578550002273448
1.10233333333333,-0.0582382942747324,-0.0579717892209321,-0.0577150218114649,-0.057910730815813
1.10266666666667,-0.0582947592665688,-0.0580278849355116,-0.0577705922128162,-0.057966604754341
1.103,-0.0583513699381252,-0.0580841251718759,-0.0578263054860715,-0.0580226224552065
1.10333333333333,-0.0584081267111662,-0.058140510346863,-0.0578821620416268,-0.0580787843321989
1.10366666666667,-0.0584650300090168,-0.0581970408788468,-0.0579381622913679,-0.0581350908006322
1.104,-0.0585220802565501,-0.0582537171877375,-0.0579943066487056,-0.058191542277341
1.10433333333333,-0.0585792778802173,-0.0583105396949974,-0.0580505955285582,-0.0582481391806908
1.10466666666667,-0.0586366233080464,-0.0583675088236431,-0.0581070293473784,-0.0583048819305842
1.105,-0.0586941169696376,-0.0584246249982465,-0.058163608523139,-0.0583617709484705
1.10533333333333,-0.0587517592961904,-0.0584818886449534,-0.0582203334753636,-0.058418806657351
1.10566666666667,-0.0588095507204936,-0.0585393001914814,-0.0582772046251115,-0.0584759894817865
1.106,-0.0588674916769392,-0.0585968600671294,-0.0583342223949992,-0.058533319847891
1.10633333333333,-0.058925582601537,-0.058654568702779,-0.0583913872091926,-0.0585907981833684
1.10666666666667,-0.0589838239319032,-0.0587124265309233,-0.0584486994934306,-0.0586484249174848
1.107,-0.0590422161072796,-0.0587704339856393,-0.0585061596750219,-0.0587062004810992
1.10733333333333,-0.0591007595685412,-0.0588285915026178,-0.0585637681828507,-0.0587641253066605
1.10766666666667,-0.059159454758209,-0.0588868995191716,-0.0586215254473868,-0.0588221998282193
1.108,-0.0592183021204299,-0.0589453584742305,-0.0586794319006958,-0.0588804244814251
1.10833333333333,-0.0592773021010221,-0.0590039688083552,-0.0587374879764372,-0.058938799703542
1.10866666666667,-0.0593364551474495,-0.0590627309637469,-0.0587956941098783,-0.0589973259334634
1.109,-0.0593957617088495,-0.0591216453842441,-0.0588540507379006,-0.0590560036116927
1.10933333333333,-0.0594552222360365,-0.0591807125153404,-0.0589125582990006,-0.0591148331803842
1.10966666666667,-0.0595148371814969,-0.0592399328041932,-0.0589712172333078,-0.0591738150833228
1.11,-0.0595746069994124,-0.0592993066996152,-0.0590300279825835,-0.0592329497659377
1.11033333333333,-0.0596345321456569,-0.0593588346520999,-0.059088990990226,-0.0592922376753243
1.11066666666667,-0.0596946130778162,-0.0594185171138165,-0.059148106701284,-0.0593516792602349
1.111,-0.0597548502551762,-0.0594783545386261,-0.0592073755624642,-0.0594112749710919
1.11133333333333,-0.0598152441387448,-0.0595383473820804,-0.0592667980221334,-0.0594710252599938
1.11166666666667,-0.0598757951912643,-0.0595984961014387,-0.0593263745303285,-0.059530930580721
1.112,-0.0599365038771963,-0.0596588011556676,-0.0593861055387613,-0.0595909913887544
1.11233333333333,-0.0599973706627518,-0.0597192630054477,-0.0594459915008303,-0.059651208141259
1.11266666666667,-0.0600583960158934,-0.0597798821131902,-0.0595060328716258,-0.0597115812971231
1.113,-0.0601195804063339,-0.0598406589430372,-0.0595662301079358,-0.0597721113169369
1.11333333333333,-0.0601809243055543,-0.0599015939608686,-0.059626583668255,-0.0598327986630176
1.11366666666667,-0.0602424281868051,-0.0599626876343136,-0.0596870940127954,-0.0598936437994075
1.114,-0.0603040925251235,-0.0600239404327594,-0.0597477616034866,-0.0599546471918886
1.11433333333333,-0.0603659177973239,-0.0600853528273531,-0.0598085869039827,-0.0600158093079874
1.11466666666667,-0.0604279044820257,-0.0601469252910117,-0.0598695703796897,-0.0600771306169797
1.115,-0.0604900530596452,-0.060208658298439,-0.0599307124977392,-0.0601386115899021
1.11533333333333,-0.0605523640124161,-0.0602705523261175,-0.0599920137270286,-0.0602002526995596
1.11566666666667,-0.0606148378243864,-0.0603326078523255,-0.0600534745382096,-0.0602620544205269
1.116,-0.0606774749814393,-0.0603948253571436,-0.0601150954036998,-0.0603240172291714
1.11633333333333,-0.0607402759712864,-0.0604572053224698,-0.0601768767976976,-0.0603861416036407
1.11666666666667,-0.0608032412834872,-0.060519748232011,-0.0602388191961764,-0.0604484280238897
1.117,-0.0608663714094525,-0.0605824545713079,-0.0603009230769072,-0.0605108769716741
1.11733333333333,-0.0609296668424519,-0.0606453248277317,-0.0603631889194566,-0.0605734889305653
1.11766666666667,-0.0609931280776298,-0.0607083594904986,-0.0604256172051989,-0.0606362643859629
1.118,-0.0610567556120016,-0.0607715590506712,-0.0604882084173218,-0.060699203825086
1.11833333333333,-0.0611205499444684,-0.0608349240011805,-0.0605509630408386,-0.0607623077370039
1.11866666666667,-0.0611845115758287,-0.0608984548368151,-0.0606138815625897,-0.0608255766126264
1.119,-0.0612486410087789,-0.0609621520542508,-0.0606769644712569,-0.0608890109447183
1.11933333333333,-0.0613129387479306,-0.0610260161520337,-0.0607402122573682,-0.0609526112279113
1.11966666666667,-0.0613774052998179,-0.0610900476306142,-0.0608036254133085,-0.0610163779587082
1.12,-0.0614420411728902,-0.0611542469923374,-0.060867204433323,-0.0610803116354888
1.12033333333333,-0.0615068468775434,-0.061218614741461,-0.0609309498135326,-0.0611444127585237
1.12066666666667,-0.0615718229261218,-0.0612831513841609,-0.0609948620519333,-0.0612086818299792
1.121,-0.0616369698329118,-0.0613478574285338,-0.0610589416484137,-0.0612731193539234
1.12133333333333,-0.061702288114172,-0.0614127333846191,-0.0611231891047581,-0.0613377258363496
1.12166666666667,-0.0617677782881311,-0.0614777797643978,-0.0611876049246555,-0.0614025017851592
1.122,-0.061833440874993,-0.0615429970818018,-0.0612521896137103,-0.0614674477101944
1.12233333333333,-0.0618992763969587,-0.061608385852728,-0.0613169436794476,-0.0615325641232294
1.12266666666667,-0.0619652853782244,-0.0616739465950365,-0.0613818676313257,-0.0615978515379942
1.123,-0.0620314683449887,-0.061739679828577,-0.0614469619807382,-0.061663310470171
1.12333333333333,-0.0620978258254756,-0.0618055860751732,-0.0615122272410301,-0.0617289414374026
1.12366666666667,-0.0621643583499266,-0.0618716658586631,-0.0615776639275032,-0.061794744959322
1.124,-0.0622310664506206,-0.0619379197048709,-0.0616432725574267,-0.061860721557529
1.12433333333333,-0.0622979506618827,-0.0620043481416548,-0.0617090536500396,-0.0619268717556237
1.12466666666667,-0.0623650115200882,-0.0620709516988838,-0.0617750077265697,-0.0619931960792042
1.125,-0.0624322495636725,-0.0621377309084651,-0.061841135310233,-0.0620596950558804
1.12533333333333,-0.0624996653331517,-0.0622046863043434,-0.0619074369262498,-0.0621263692152826
1.12566666666667,-0.0625672593711114,-0.0622718184225272,-0.0619739131018482,-0.0621932190890698
1.126,-0.0626350322222347,-0.0623391278010716,-0.0620405643662761,-0.0622602452109324
1.12633333333333,-0.0627029844333035,-0.0624066149801065,-0.0621073912508115,-0.0623274481166104
1.12666666666667,-0.0627711165532082,-0.0624742805018457,-0.0621743942887682,-0.0623948283439076
1.127,-0.0628394291329593,-0.0625421249105891,-0.0622415740155051,-0.0624623864326768
1.12733333333333,-0.0629079227256943,-0.0626101487527313,-0.0623089309684463,-0.062530122924863
1.12766666666667,-0.0629765978866894,-0.0626783525767785,-0.0623764656870673,-0.0625980383644821
1.128,-0.0630454551733722,-0.0627467369333558,-0.0624441787129285,-0.0626661332976457
1.12833333333333,-0.0631144951453233,-0.0628153023752126,-0.0625120705896674,-0.062734408272572
1.12866666666667,-0.0631837183642929,-0.0628840494572368,-0.0625801418630234,-0.0628028638395905
1.129,-0.0632531253942167,-0.0629529787364581,-0.0626483930808307,-0.0628715005511482
1.12933333333333,-0.0633227168012003,-0.0630220907720689,-0.0627168247930384,-0.0629403189618277
1.12966666666667,-0.0633924931535624,-0.0630913861254273,-0.0627854375517222,-0.0630093196283534
1.13,-0.0634624550218279,-0.0631608653600583,-0.0628542319110784,-0.0630785031095979
1.13033333333333,-0.0635326029787258,-0.0632305290416861,-0.0629232084274587,-0.0631478699665956
1.13066666666667,-0.0636029375992321,-0.0633003777382188,-0.0629923676593517,-0.063217420762548
1.131,-0.0636734594605472,-0.0633704120197805,-0.0630617101674217,-0.0632871560628448
1.13133333333333,-0.0637441691421254,-0.063440632458703,-0.0631312365144918,-0.0633570764350571
1.13166666666667,-0.0638150672256797,-0.0635110396295518,-0.0632009472655672,-0.063427182448963
1.132,-0.0638861542951916,-0.0635816341091166,-0.06327084298785,-0.0634974746765466
1.13233333333333,-0.0639574309369178,-0.0636524164764498,-0.0633409242507386,-0.0635679536920158
1.13266666666667,-0.064028897739413,-0.063723387312849,-0.0634111916258402,-0.0636386200718068
1.133,-0.0641005552935264,-0.0637945472018849,-0.063481645686985,-0.0637094743945981
1.13333333333333,-0.0641724041924219,-0.0638658967293987,-0.0635522870102368,-0.0637805172413151
1.13366666666667,-0.0642444450315836,-0.0639374364835325,-0.0636231161738924,-0.0638517491951519
1.134,-0.0643166784088284,-0.0640091670547122,-0.063694133758507,-0.0639231708415671
1.13433333333333,-0.0643891049243121,-0.0640810890356822,-0.0637653403468974,-0.0639947827683076
1.13466666666667,-0.064461725180554,-0.0641532030215052,-0.0638367365241461,-0.0640665855654059
1.135,-0.0645345397824312,-0.0642255096095748,-0.0639083228776257,-0.0641385798252047
1.13533333333333,-0.0646075493372003,-0.0642980093996235,-0.0639800999969953,-0.0642107661423539
1.13566666666667,-0.0646807544545015,-0.0643707029937383,-0.0640520684742182,-0.0642831451138375
1.136,-0.0647541557463744,-0.0644435909963673,-0.0641242289035788,-0.0643557173389618
1.13633333333333,-0.0648277538272677,-0.0645166740143348,-0.0641965818816766,-0.0644284834193888
1.13666666666667,-0.0649015493140545,-0.064589952656849,-0.064269128007453,-0.0645014439591355
1.137,-0.064975542826033,-0.0646634275355143,-0.0643418678821917,-0.0645745995645819
1.13733333333333,-0.0650497349849515,-0.0647370992643405,-0.0644148021095358,-0.0646479508444904
1.13766666666667,-0.0651241264150024,-0.0648109684597578,-0.0644879312954953,-0.0647214984100115
1.138,-0.0651987177428538,-0.0648850357406256,-0.0645612560484589,-0.0647952428747007
1.13833333333333,-0.0652735095976468,-0.0649593017282471,-0.064634776979207,-0.0648691848545147
1.13866666666667,-0.0653485026110092,-0.0650337670463661,-0.0647084947009135,-0.064943324967847
1.139,-0.0654236974170706,-0.0651084323212068,-0.0647824098291754,-0.06501766383551
1.13933333333333,-0.0654990946524789,-0.0651832981814567,-0.0648565229820045,-0.0650922020807749
1.13966666666667,-0.0655746949563958,-0.0652583652582911,-0.0649308347798517,-0.0651669403293634
1.14,-0.0656504989705233,-0.0653336341853877,-0.065005345845609,-0.0652418792094623
1.14033333333333,-0.0657265073391138,-0.0654091055989291,-0.0650800568046278,-0.0653170193517452
1.14066666666667,-0.065802720708971,-0.0654847801376235,-0.0651549682847313,-0.0653923613893728
1.141,-0.0658791397294778,-0.0655606584427143,-0.0652300809162187,-0.0654679059580079
1.14133333333333,-0.0659557650525981,-0.0656367411579798,-0.0653053953318772,-0.0655436536958317
1.14166666666667,-0.0660325973328901,-0.0657130289297672,-0.0653809121670067,-0.0656196052435464
1.142,-0.0661096372275197,-0.0657895224069871,-0.0654566320594129,-0.0656957612443948
1.14233333333333,-0.0661868853962757,-0.0658662222411333,-0.0655325556494311,-0.0657721223441693
1.14266666666667,-0.0662643425015769,-0.0659431290862886,-0.0656086835799393,-0.0658486891912227
1.143,-0.0663420092084858,-0.0660202435991461,-0.0656850164963578,-0.0659254624364872
1.14333333333333,-0.0664198861847254,-0.0660975664390144,-0.0657615550466755,-0.0660024427334745
1.14366666666667,-0.0664979741006844,-0.0661750982678325,-0.0658382998814514,-0.0660796307382944
1.144,-0.0665762736294409,-0.0662528397501806,-0.0659152516538303,-0.06615702710967
1.14433333333333,-0.0666547854467575,-0.066330791553297,-0.0659924110195595,-0.0662346325089435
1.14466666666667,-0.0667335102311142,-0.0664089543470817,-0.0660697786369918,-0.066312447600097
1.145,-0.066812448663709,-0.066487328804118,-0.0661473551671071,-0.0663904730497509
1.14533333333333,-0.0668916014284676,-0.0665659155996866,-0.0662251412735161,-0.066468709527197
1.14566666666667,-0.0669709692120702,-0.0666447154117621,-0.0663031376224784,-0.0665471577043872
1.146,-0.0670505527039524,-0.0667237289210478,-0.0663813448829183,-0.0666258182559643
1.14633333333333,-0.0671303525963229,-0.0668029568109708,-0.0664597637264241,-0.0667046918592684
1.14666666666667,-0.0672103695841768,-0.0668823997677089,-0.0665383948272717,-0.0667837791943493
1.147,-0.0672906043653085,-0.0669620584801884,-0.0666172388624394,-0.0668630809439736
1.14733333333333,-0.0673710576403199,-0.0670419336401123,-0.066696296511613,-0.0669425977936519
1.14766666666667,-0.0674517301126456,-0.0671220259419658,-0.0667755684571971,-0.0670223304316433
1.148,-0.0675326224885577,-0.0672023360830221,-0.0668550553843391,-0.0671022795489595
1.14833333333333,-0.0676137354771761,-0.0672828647633776,-0.0669347579809321,-0.067182445839394
1.14866666666667,-0.0676950697904919,-0.0673636126859429,-0.0670146769376274,-0.0672628299995286
1.149,-0.0677766261433765,-0.0674445805564683,-0.0670948129478612,-0.0673434327287441
1.14933333333333,-0.0678584052535889,-0.0675257690835465,-0.0671751667078478,-0.0674242547292336
1.14966666666667,-0.0679404078418059,-0.0676071789786447,-0.0672557389166098,-0.0675052967060217
1.15,-0.0680226346316149,-0.0676888109561035,-0.0673365302759803,-0.0675865593669703
1.15033333333333,-0.0681050863495423,-0.06777066573315,-0.0674175414906235,-0.0676680434227987
1.15066666666667,-0.068187763725072,-0.0678527440299196,-0.0674987732680413,-0.067749749587095
1.151,-0.0682706674906405,-0.0679350465694678,-0.0675802263185962,-0.067831678576326
1.15133333333333,-0.0683537983816687,-0.0680175740777792,-0.0676619013555135,-0.0679138311098572
1.15166666666667,-0.0684371571365657,-0.0681003272837866,-0.067743799094905,-0.0679962079099634
1.152,-0.0685207444967539,-0.0681833069193838,-0.0678259202557799,-0.0680788097018408
1.15233333333333,-0.0686045612066657,-0.0682665137194386,-0.067908265560051,-0.0681616372136222
1.15266666666667,-0.0686886080137818,-0.0683499484218103,-0.0679908357325572,-0.0682446911763965
1.153,-0.0687728856686236,-0.0684336117673583,-0.0680736315010827,-0.0683279723242148
1.15333333333333,-0.068857394924782,-0.0685175044999668,-0.0681566535963502,-0.0684114813941046
1.15366666666667,-0.068942136538929,-0.0686016273665395,-0.0682399027520631,-0.0684952191260951
1.154,-0.0690271112708271,-0.0686859811170396,-0.0683233797048923,-0.0685791862632169
1.15433333333333,-0.0691123198833483,-0.068770566504489,-0.0684070851945113,-0.0686633835515301
1.15466666666667,-0.0691977631424922,-0.0688553842849849,-0.0684910199635969,-0.0687478117401215
1.155,-0.0692834418174019,-0.068940435217716,-0.0685751847578554,-0.0688324715811436
1.15533333333333,-0.0693693566803646,-0.0690257200649753,-0.0686595803260251,-0.0689173638298046
1.15566666666667,-0.0694555085068453,-0.0691112395921849,-0.0687442074198962,-0.0690024892444
1.156,-0.0695418980755016,-0.0691969945678932,-0.068829066794338,-0.0690878485863187
1.15633333333333,-0.0696285261681727,-0.0692829857638069,-0.0689141592072859,-0.0691734426200607
1.15666666666667,-0.0697153935699321,-0.0693692139547993,-0.0689994854197778,-0.069259272113256
1.157,-0.0698025010690752,-0.0694556799189212,-0.0690850461959677,-0.0693453378366693
1.15733333333333,-0.0698898494571576,-0.0695423844374308,-0.0691708423031344,-0.0694316405642286
1.15766666666667,-0.0699774395289852,-0.0696293282947886,-0.0692568745116928,-0.0695181810730321
1.158,-0.0700652720826519,-0.0697165122786897,-0.069343143595225,-0.0696049601433604
1.15833333333333,-0.0701533479195433,-0.0698039371800778,-0.0694296503304737,-0.0696919785587022
1.15866666666667,-0.0702416678443625,-0.0698916037931486,-0.0695163954973802,-0.0697792371057593
1.159,-0.0703302326651336,-0.0699795129153762,-0.0696033798790814,-0.0698667365744717
1.15933333333333,-0.0704190431932294,-0.0700676653475322,-0.0696906042619369,-0.0699544777580282
1.15966666666667,-0.0705081002433876,-0.0701560618936948,-0.0697780694355411,-0.0700424614528796
1.16,-0.0705974046337123,-0.0702447033612577,-0.069865776192732,-0.0701306884587646
1.16033333333333,-0.0706869571857087,-0.0703335905609707,-0.0699537253296225,-0.0702191595787078
1.16066666666667,-0.0707767587242947,-0.0704227243069301,-0.070041917645602,-0.0703078756190574
1.161,-0.0708668100778107,-0.0705121054166114,-0.0701303539433574,-0.0703968373894874
1.16133333333333,-0.0709571120780398,-0.0706017347108725,-0.07021903502889,-0.0704860457030184
1.16166666666667,-0.0710476655602329,-0.0706916130139841,-0.0703079617115351,-0.0705755013760267
1.162,-0.071138471363112,-0.070781741153644,-0.0703971348039713,-0.070665205228278
1.16233333333333,-0.0712295303288967,-0.0708721199609822,-0.0704865551222328,-0.0707551580829206
1.16266666666667,-0.0713208433033242,-0.0709627502705859,-0.0705762234857441,-0.0708453607665242
1.163,-0.0714124111356518,-0.0710536329205257,-0.0706661407173182,-0.0709358141090817
1.16333333333333,-0.0715042346786918,-0.0711447687523533,-0.0707563076431874,-0.0710265189440365
1.16366666666667,-0.0715963147888167,-0.0712361586111382,-0.0708467250930022,-0.0711174761082833
1.164,-0.0716886523259831,-0.0713278033454638,-0.0709373938998664,-0.071208686442203
1.16433333333333,-0.0717812481537491,-0.071419703807467,-0.0710283149003469,-0.0713001507896765
1.16466666666667,-0.0718741031392885,-0.0715118608528433,-0.0711194889344838,-0.071391869998088
1.165,-0.0719672181534103,-0.0716042753408611,-0.0712109168458211,-0.0714838449183606
1.16533333333333,-0.0720605940705797,-0.0716969481343901,-0.0713025994814138,-0.0715760764049606
1.16566666666667,-0.0721542317689333,-0.0717898800999155,-0.0713945376918471,-0.0716685653159192
1.166,-0.072248132130298,-0.0718830721075472,-0.0714867323312578,-0.0717613125128575
1.16633333333333,-0.0723422960402049,-0.0719765250310512,-0.0715791842573429,-0.0718543188609874
1.16666666666667,-0.0724367243879229,-0.0720702397478571,-0.071671894331389,-0.0719475852291439
1.167,-0.0725314180664544,-0.0721642171390799,-0.0717648634182872,-0.0720411124898024
1.16733333333333,-0.0726263779725717,-0.0722584580895455,-0.0718580923865339,-0.0721349015190864
1.16766666666667,-0.0727216050068322,-0.0723529634877952,-0.0719515821082806,-0.0722289531967968
1.168,-0.0728171000735949,-0.0724477342261157,-0.0720453334593189,-0.0723232684064194
1.16833333333333,-0.0729128640810334,-0.0725427712005536,-0.0721393473191208,-0.0724178480351556
1.16866666666667,-0.0730088979411687,-0.0726380753109278,-0.0722336245708536,-0.07251269297393
1.169,-0.0731052025698767,-0.0727336474608688,-0.0723281661013836,-0.0726078041174094
1.16933333333333,-0.0732017788869153,-0.0728294885578049,-0.0724229728013189,-0.0727031823640346
1.16966666666667,-0.0732986278159361,-0.0729255995130157,-0.0725180455649976,-0.0727988286160268
1.17,-0.0733957502845163,-0.0730219812416262,-0.07261338529054,-0.0728947437794059
1.17033333333333,-0.0734931472241601,-0.0731186346626419,-0.0727089928798406,-0.0729909287640121
1.17066666666667,-0.0735908195703353,-0.0732155606989566,-0.0728048692386022,-0.0730873844835301
1.171,-0.073688768262488,-0.0733127602773787,-0.0729010152763412,-0.0731841118555035
1.17133333333333,-0.0737869942440535,-0.0734102343286504,-0.0729974319064258,-0.0732811118013497
1.17166666666667,-0.0738854984624971,-0.0735079837874638,-0.0730941200460786,-0.0733783852463908
1.172,-0.0739842818693052,-0.0736060095924866,-0.0731910806163994,-0.0734759331198607
1.17233333333333,-0.0740833454200345,-0.0737043126863764,-0.0732883145423959,-0.0735737563549341
1.17266666666667,-0.0741826900743161,-0.0738028940158033,-0.0733858227529832,-0.0736718558887438
1.173,-0.0742823167958826,-0.0739017545314682,-0.0734836061810242,-0.0737702326623951
1.17333333333333,-0.0743822265525773,-0.0740008951881286,-0.0735816657633312,-0.0738688876209911
1.17366666666667,-0.0744824203163966,-0.0741003169446144,-0.0736800024407029,-0.0739678217136522
1.174,-0.0745828990634886,-0.0742000207638435,-0.0737786171579285,-0.0740670358935396
1.17433333333333,-0.0746836637741867,-0.07430000761286,-0.073877510863815,-0.0741665311178658
1.17466666666667,-0.0747847154330287,-0.0744002784628297,-0.0739766845112162,-0.0742663083479241
1.175,-0.0748860550287814,-0.0745008342890877,-0.0740761390570331,-0.0743663685491079
1.17533333333333,-0.0749876835544505,-0.0746016760711369,-0.074175875462256,-0.0744667126909235
1.17566666666667,-0.0750896020073147,-0.0747028047926767,-0.0742758946919648,-0.0745673417470253
1.176,-0.075191811388943,-0.0748042214416414,-0.0743761977153657,-0.0746682566952214
1.17633333333333,-0.0752943127052118,-0.0749059270101894,-0.074476785505801,-0.074769458517507
1.17666666666667,-0.0753971069663378,-0.0750079224947532,-0.0745776590407786,-0.0748709482000751
1.177,-0.0755001951868877,-0.0751102088960447,-0.0746788193019921,-0.0749727267333438
1.17733333333333,-0.0756035783858099,-0.0752127872190794,-0.0747802672753313,-0.0750747951119838
1.17766666666667,-0.0757072575864469,-0.0753156584732109,-0.0748820039509182,-0.0751771543349267
1.178,-0.075811233816579,-0.0754188236721344,-0.0749840303231161,-0.0752798054053901
1.17833333333333,-0.0759155081084154,-0.0755222838339175,-0.0750863473905605,-0.0753827493309142
1.17866666666667,-0.0760200814986432,-0.0756260399810299,-0.0751889561561778,-0.0754859871233516
1.179,-0.0761249550284369,-0.0757300931403518,-0.0752918576272013,-0.075589519798933
1.17933333333333,-0.0762301297434891,-0.0758344443432069,-0.0753950528151999,-0.0756933483782474
1.17966666666667,-0.0763356066940275,-0.0759390946253781,-0.0754985427361048,-0.0757974738862936
1.18,-0.0764413869348395,-0.0760440450271385,-0.0756023284102136,-0.0759018973524889
1.18033333333333,-0.0765474715252993,-0.076149296593267,-0.0757064108622338,-0.0760066198106958
1.18066666666667,-0.0766538615293905,-0.0762548503730714,-0.0758107911212913,-0.0761116422992394
1.181,-0.0767605580157232,-0.0763607074204239,-0.0759154702209592,-0.0762169658609388
1.18133333333333,-0.0768675620575664,-0.0764668687937606,-0.0760204491992773,-0.0763225915431257
1.18166666666667,-0.0769748747328686,-0.0765733355561321,-0.0761257290987745,-0.0764285203976629
1.182,-0.0770824971242845,-0.0766801087752082,-0.0762313109665017,-0.0765347534809809
1.18233333333333,-0.0771904303191932,-0.0767871895233144,-0.0763371958540372,-0.0766412918540841
1.18266666666667,-0.0772986754097281,-0.0768945788774401,-0.0764433848175245,-0.0767481365825877
1.183,-0.0774072334927968,-0.0770022779192809,-0.076549878917694,-0.0768552887367369
1.18333333333333,-0.0775161056701155,-0.0771102877352478,-0.0766566792198748,-0.0769627493914286
1.18366666666667,-0.0776252930482197,-0.0772186094165043,-0.0767637867940347,-0.0770705196262369
1.184,-0.0777347967385032,-0.0773272440589794,-0.0768712027147932,-0.0771786005254367
1.18433333333333,-0.0778446178572332,-0.0774361927633994,-0.0769789280614497,-0.0772869931780327
1.18466666666667,-0.0779547575255827,-0.0775454566353144,-0.0770869639180052,-0.0773956986777777
1.185,-0.0780652168696469,-0.0776550367851118,-0.0771953113731915,-0.0775047181231986
1.18533333333333,-0.0781759970204805,-0.0777649343280586,-0.0773039715204864,-0.0776140526176231
1.18566666666667,-0.0782870991141169,-0.0778751503843153,-0.0774129454581474,-0.0777237032692001
1.186,-0.078398524291594,-0.0779856860789552,-0.0775222342892358,-0.0778336711909325
1.18633333333333,-0.0785102736989764,-0.0780965425420122,-0.0776318391216309,-0.0779439575006944
1.18666666666667,-0.0786223484873973,-0.0782077209084827,-0.0777417610680697,-0.078054563321258
1.187,-0.0787347498130665,-0.078319222318366,-0.0778520012461635,-0.0781654897803265
1.18733333333333,-0.0788474788373079,-0.0784310479166851,-0.0779625607784213,-0.0782767380105487
1.18766666666667,-0.0789605367265789,-0.0785431988535158,-0.0780734407922841,-0.0783883091495531
1.188,-0.0790739246525096,-0.0786556762840066,-0.0781846424201401,-0.078500204339967
1.18833333333333,-0.0791876437919136,-0.078768481368415,-0.0782961667993595,-0.0786124247294508
1.18866666666667,-0.0793016953268326,-0.0788816152721293,-0.0784080150723145,-0.0787249714707144
1.189,-0.0794160804445452,-0.0789950791656911,-0.0785201883864057,-0.0788378457215508
1.18933333333333,-0.0795308003376093,-0.0791088742248276,-0.0786326878940966,-0.0789510486448649
1.18966666666667,-0.0796458562038863,-0.0792230016304794,-0.0787455147529234,-0.0790645814086888
1.19,-0.0797612492465638,-0.0793374625688308,-0.0788586701255401,-0.0791784451862184
1.19033333333333,-0.0798769806741895,-0.0794522582313219,-0.0789721551797322,-0.0792926411558401
1.19066666666667,-0.0799930517006973,-0.0795673898146946,-0.0790859710884489,-0.079407170501152
1.191,-0.0801094635454368,-0.0796828585210141,-0.0792001190298305,-0.0795220344109981
1.19133333333333,-0.0802262174331988,-0.0797986655576922,-0.0793146001872309,-0.07963723407949
1.19166666666667,-0.0803433145942468,-0.079914812137521,-0.0794294157492517,-0.0797527707060392
1.192,-0.0804607562643466,-0.0800312994786991,-0.0795445669097649,-0.0798686454953804
1.19233333333333,-0.080578543684794,-0.0801481288048608,-0.0796600548679435,-0.0799848596575992
1.19266666666667,-0.0806966781024444,-0.080265301345107,-0.079775880828285,-0.0801014144081789
1.193,-0.0808151607697431,-0.0803828183340271,-0.0798920460006478,-0.0802183109679906
1.19333333333333,-0.0809339929447522,-0.0805006810117386,-0.0800085516002644,-0.0803355505633563
1.19366666666667,-0.0810531758911831,-0.0806188906239029,-0.0801253988477919,-0.0804531344260683
1.194,-0.0811727108784319,-0.0807374484217741,-0.0802425889693139,-0.0805710637934094
1.19433333333333,-0.0812925991815932,-0.0808563556622037,-0.0803601231964006,-0.0806893399081899
1.19466666666667,-0.0814128420815119,-0.0809756136076931,-0.080478002766103,-0.0808079640187726
1.195,-0.0815334408647953,-0.081095223526413,-0.080596228921009,-0.080926937379107
1.19533333333333,-0.081654396823858,-0.0812151866922277,-0.0807148029092659,-0.0810462612487555
1.19566666666667,-0.0817757112569375,-0.0813355043847455,-0.0808337259845987,-0.0811659368929241
1.196,-0.0818973854681468,-0.0814561778893236,-0.0809529994063499,-0.081285965582494
1.19633333333333,-0.082019420767484,-0.0815772084971206,-0.0810726244395105,-0.0814063485940423
1.19666666666667,-0.0821418184708798,-0.0816985975051121,-0.0811926023547503,-0.0815270872098914
1.197,-0.0822645799002173,-0.0818203462161315,-0.0813129344284362,-0.0816481827181209
1.19733333333333,-0.0823877063833756,-0.0819424559389029,-0.0814336219426738,-0.0817696364126068
1.19766666666667,-0.0825111992542493,-0.082064927988056,-0.081554666185339,-0.0818914495930476
1.198,-0.0826350598527943,-0.0821877636841822,-0.0816760684501035,-0.0820136235650112
1.19833333333333,-0.0827592895250481,-0.0823109643538418,-0.0817978300364647,-0.0821361596399369
1.19866666666667,-0.082883889623173,-0.0824345313296199,-0.0819199522497792,-0.0822590591351999
1.199,-0.0830088615054821,-0.0825584659501388,-0.0820424364012992,-0.0823823233741133
1.19933333333333,-0.0831342065364756,-0.0826827695601042,-0.0821652838081907,-0.0825059536859857
1.19966666666667,-0.0832599260868707,-0.0828074435103298,-0.0822884957935831,-0.0826299514061313
1.2,-0.0833860215336439,-0.0829324891577702,-0.082412073686582,-0.0827543178759155
1.20033333333333,-0.0835124942600504,-0.0830579078655652,-0.082536018822319,-0.0828790544427872
1.20066666666667,-0.0836393456556738,-0.083183701003052,-0.0826603325419698,-0.0830041624603061
1.201,-0.0837665771164504,-0.0833098699458271,-0.0827850161927984,-0.0831296432881738
1.20133333333333,-0.0838941900447067,-0.0834364160757516,-0.0829100711281753,-0.0832554982922796
1.20166666666667,-0.084022185849192,-0.0835633407810025,-0.0830354987076287,-0.0833817288447131
1.202,-0.08415056594512,-0.0836906454561046,-0.0831613002968613,-0.0835083363238201
1.20233333333333,-0.0842793317541921,-0.0838183315019608,-0.083287477267792,-0.0836353221142219
1.20266666666667,-0.0844084847046459,-0.0839464003258873,-0.0834140309985934,-0.0837626876068513
1.203,-0.084538026231284,-0.0840748533416487,-0.0835409628737087,-0.08389043419899
1.20333333333333,-0.0846679577755061,-0.0842036919695011,-0.0836682742839052,-0.0840185632942998
1.20366666666667,-0.0847982807853511,-0.0843329176362127,-0.0837959666263008,-0.084147076302863
1.204,-0.0849289967155351,-0.0844625317751122,-0.0839240413043892,-0.084275974641207
1.20433333333333,-0.0850601070274808,-0.0845925358261139,-0.0840524997280959,-0.084405259732353
1.20466666666667,-0.0851916131893589,-0.0847229312357642,-0.0841813433137855,-0.0845349330058335
1.205,-0.0853235166761259,-0.0848537194572709,-0.0843105734843199,-0.0846649958977461
1.20533333333333,-0.0854558189695517,-0.08498490195054,-0.0844401916690855,-0.0847954498507763
1.20566666666667,-0.0855885215582756,-0.0851164801822141,-0.084570199304023,-0.0849262963142431
1.206,-0.0857216259378272,-0.085248455625712,-0.0847005978316742,-0.0850575367441186
1.20633333333333,-0.0858551336106686,-0.085380829761255,-0.0848313887012051,-0.0851891726030862
1.20666666666667,-0.0859890460862375,-0.0855136040759229,-0.0849625733684505,-0.0853212053605661
1.207,-0.0861233648809803,-0.0856467800636692,-0.0850941532959528,-0.0854536364927421
1.20733333333333,-0.0862580915183937,-0.0857803592253797,-0.0852261299529911,-0.0855864674826227
1.20766666666667,-0.0863932275290623,-0.0859143430688943,-0.0853585048156214,-0.0857196998200564
1.208,-0.086528774450697,-0.0860487331090545,-0.0854912793667146,-0.0858533350017754
1.20833333333333,-0.0866647338281758,-0.0861835308677433,-0.0856244550959892,-0.0859873745314446
1.20866666666667,-0.0868011072135824,-0.0863187378739092,-0.0857580335000597,-0.0861218199196816
1.209,-0.0869378961662494,-0.0864543556636323,-0.08589201608246,-0.0862566726841073
1.20933333333333,-0.0870751022527905,-0.0865903857801348,-0.0860264043536886,-0.0863919343493832
1.20966666666667,-0.0872127270471527,-0.0867268297738353,-0.0861611998312553,-0.0865276064472421
1.21,-0.0873507721306428,-0.0868636892023915,-0.0862964040396966,-0.086663690516536
1.21033333333333,-0.0874892390919817,-0.0870009656307305,-0.0864320185106425,-0.0868001881032712
1.21066666666667,-0.0876281295273374,-0.0871386606310989,-0.0865680447828361,-0.0869371007606509
1.211,-0.0877674450403674,-0.0872767757830911,-0.0867044844021759,-0.0870744300491067
1.21133333333333,-0.0879071872422663,-0.0874153126737047,-0.0868413389217626,-0.08721217753635
1.21166666666667,-0.0880473577517996,-0.0875542728973698,-0.0869786099019341,-0.0873503447974032
1.212,-0.0881879581953476,-0.0876936580559981,-0.087116298910303,-0.0874889334146455
1.21233333333333,-0.0883289902069551,-0.0878334697590164,-0.0872544075217988,-0.0876279449778495
1.21266666666667,-0.0884704554283652,-0.087973709623416,-0.087392937318714,-0.087767381084226
1.213,-0.0886123555090705,-0.0881143792737964,-0.0875318898907317,-0.0879072433384619
1.21333333333333,-0.0887546921063444,-0.0882554803423965,-0.0876712668349856,-0.0880475333527682
1.21366666666667,-0.0888974668853022,-0.0883970144691464,-0.0878110697560815,-0.0881882527469062
1.214,-0.089040681518926,-0.0885389833017099,-0.0879513002661519,-0.0883294031482561
1.21433333333333,-0.0891843376881276,-0.0886813884955245,-0.0880919599848942,-0.0884709861918283
1.21466666666667,-0.0893284370817769,-0.0888242317138492,-0.0882330505396088,-0.0886130035203323
1.215,-0.0894729813967547,-0.0889675146278027,-0.0883745735652505,-0.088755456784199
1.21533333333333,-0.0896179723379994,-0.0891112389164126,-0.0885165307044605,-0.0888983476416427
1.21566666666667,-0.0897634116185449,-0.089255406266654,-0.0886589236076173,-0.0890416777586897
1.216,-0.0899093009595779,-0.0894000183735056,-0.0888017539328737,-0.0891854488092251
1.21633333333333,-0.090055642090466,-0.0895450769399764,-0.0889450233462131,-0.089329662475047
1.21666666666667,-0.0902024367488284,-0.0896905836771707,-0.0890887335214718,-0.0894743204459
1.217,-0.0903496866805563,-0.0898365403043189,-0.0892328861404,-0.0896194244195181
1.21733333333333,-0.0904973936398811,-0.0899829485488333,-0.0893774828927041,-0.0897649761016802
1.21766666666667,-0.0906455593894091,-0.0901298101463416,-0.0895225254760871,-0.0899109772062432
1.218,-0.0907941857001726,-0.0902771268407557,-0.0896680155962914,-0.0900574294552001
1.21833333333333,-0.0909432743516808,-0.0904249003842897,-0.0898139549671474,-0.0902043345787173
1.21866666666667,-0.0910928271319596,-0.0905731325375283,-0.0899603453106226,-0.0903516943151762
1.219,-0.0912428458376126,-0.0907218250694707,-0.0901071883568627,-0.0904995104112377
1.21933333333333,-0.0913933322738564,-0.0908709797575678,-0.0902544858442359,-0.0906477846218644
1.21966666666667,-0.091544288254584,-0.0910205983877866,-0.0904022395193896,-0.090796518710389
1.22,-0.0916957156023942,-0.0911706827546392,-0.0905504511372776,-0.090945714448547
1.22033333333333,-0.0918476161486635,-0.0913212346612484,-0.0906991224612298,-0.0910953736165351
1.22066666666667,-0.0919999917335818,-0.0914722559193919,-0.0908482552629822,-0.0912454980030533
1.221,-0.0921528442062078,-0.0916237483495412,-0.0909978513227327,-0.091396089405346
1.22133333333333,-0.0923061754245217,-0.0917757137809258,-0.0911479124291906,-0.0915471496292705
1.22166666666667,-0.0924599872554665,-0.0919281540515797,-0.0912984403796186,-0.0916986804893218
1.222,-0.0926142815750158,-0.09208107100838,-0.0914494369798828,-0.0918506838087027
1.22233333333333,-0.0927690602682067,-0.0922344665071143,-0.0916009040445069,-0.0920031614193536
1.22266666666667,-0.0929243252292075,-0.0923883424125203,-0.0917528433967108,-0.0921561151620286
1.223,-0.0930800783613636,-0.0925427005983395,-0.0919052568684789,-0.0923095468863134
1.22333333333333,-0.0932363215772488,-0.092697542947374,-0.0920581463005867,-0.0924634584507008
1.22366666666667,-0.0933930567987215,-0.092852871351533,-0.0922115135426664,-0.0926178517226318
1.224,-0.0935502859569761,-0.0930086877118827,-0.0923653604532516,-0.0927727285785458
1.22433333333333,-0.0937080109925982,-0.0931649939387062,-0.0925196888998359,-0.0929280909039362
1.22466666666667,-0.0938662338556183,-0.0933217919515537,-0.0926745007589107,-0.0930839405934013
1.225,-0.0940249565055674,-0.0934790836792905,-0.092829797916026,-0.0932402795506874
1.22533333333333,-0.0941841809115296,-0.0936368710601622,-0.092985582265837,-0.0933971096887595
1.22566666666667,-0.0943439090521985,-0.0937951560418368,-0.0931418557121716,-0.0935544329298369
1.226,-0.0945041429159365,-0.0939539405814634,-0.0932986201680574,-0.0937122512054541
1.22633333333333,-0.0946648845008235,-0.0941132266457349,-0.0934558775557917,-0.0938705664565157
1.22666666666667,-0.0948261358147214,-0.0942730162109277,-0.0936136298069956,-0.0940293806333447
1.227,-0.0949878988753201,-0.0944333112629683,-0.0937718788626543,-0.0941886956957437
1.22733333333333,-0.0951501757102127,-0.0945941137974914,-0.0939306266731926,-0.0943485136130456
1.22766666666667,-0.0953129683569297,-0.0947554258198846,-0.0940898751985037,-0.0945088363641683
1.228,-0.0954762788630143,-0.094917249345357,-0.0942496264080231,-0.0946696659376636
1.22833333333333,-0.09564010928608,-0.0950795863989876,-0.0944098822807764,-0.09483100433179
1.22866666666667,-0.095804461693857,-0.0952424390157866,-0.0945706448054338,-0.0949928535545583
1.229,-0.095969338164268,-0.0954058092407534,-0.0947319159803713,-0.0951552156237819
1.22933333333333,-0.0961347407854707,-0.0955696991289356,-0.0948936978137147,-0.0953180925671443
1.22966666666667,-0.0963006716559281,-0.0957341107454849,-0.0950559923234175,-0.0954814864222513
1.23,-0.0964671328844733,-0.0958990461657165,-0.0952188015372936,-0.0956453992366919
1.23033333333333,-0.0966341265903516,-0.0960645074751669,-0.0953821274930894,-0.0958098330680938
1.23066666666667,-0.0968016549033097,-0.0962304967696679,-0.0955459722385393,-0.0959747899841769
1.231,-0.0969697199636269,-0.0963970161553789,-0.095710337831424,-0.0961402720628236
1.23133333333333,-0.0971383239221981,-0.0965640677488753,-0.0958752263396181,-0.0963062813921312
1.23166666666667,-0.0973074689405969,-0.0967316536771905,-0.0960406398411672,-0.0964728200704681
1.232,-0.0974771571911161,-0.0968997760778922,-0.0962065804243403,-0.0966398902065391
1.23233333333333,-0.0976473908568553,-0.0970684370991302,-0.0963730501876786,-0.0968074939194456
1.23266666666667,-0.0978181721317814,-0.0972376388997061,-0.0965400512400676,-0.0969756333387488
1.233,-0.0979895032207733,-0.0974073836491429,-0.0967075857007958,-0.0971443106045175
1.23333333333333,-0.0981613863397109,-0.0975776735277284,-0.0968756556996134,-0.0973135278674066
1.23366666666667,-0.0983338237155274,-0.0977485107265983,-0.0970442633767943,-0.0974832872887114
1.234,-0.0985068175862722,-0.0979198974477919,-0.0972134108831929,-0.0976535910404327
1.23433333333333,-0.0986803702011878,-0.098091835904317,-0.0973831003803203,-0.0978244413053335
1.23466666666667,-0.0988544838207676,-0.0982643283202109,-0.0975533340403905,-0.0979958402770055
1.235,-0.0990291607168269,-0.0984373769306183,-0.0977241140463917,-0.0981677901599437
1.23533333333333,-0.099204403172559,-0.098610983981839,-0.0978954425921473,-0.0983402931695887
1.23566666666667,-0.0993802134826251,-0.0987851517314099,-0.0980673218823849,-0.0985133515324094
1.236,-0.0995565939532049,-0.0989598824481653,-0.0982397541327923,-0.098686967485967
1.23633333333333,-0.0997335469020673,-0.0991351784123011,-0.098412741570091,-0.0988611432789638
1.23666666666667,-0.0999110746586468,-0.0993110419154514,-0.0985862864320884,-0.0990358811713323
1.237,-0.100089179564109,-0.0994874752607417,-0.0987603909677578,-0.099211183434284
1.23733333333333,-0.100267863971416,-0.0996644807628699,-0.098935057437302,-0.0993870523503866
1.23766666666667,-0.100447130245407,-0.0998420607481791,-0.0991102881122085,-0.0995634902136275
1.238,-0.100626980762862,-0.100020217554713,-0.0992860852753256,-0.0997404993294736
1.23833333333333,-0.100807417912576,-0.100198953532289,-0.0994624512209311,-0.0999180820149575
1.23866666666667,-0.100988444095431,-0.10037827104258,-0.0996393882547983,-0.100096240598735
1.239,-0.101170061724466,-0.100558172459177,-0.0998168986942591,-0.100274977421149
1.23933333333333,-0.101352273224956,-0.100738660167653,-0.0999949848682762,-0.100454294834311
1.23966666666667,-0.101535081034483,-0.100919736565656,-0.100173649117522,-0.100634195202165
1.24,-0.101718487603001,-0.101101404062953,-0.100352893794428,-0.100814680900561
1.24033333333333,-0.101902495392928,-0.101283665081535,-0.100532721263276,-0.10099575431732
1.24066666666667,-0.102087106879212,-0.101466522055658,-0.100713133900258,-0.101177417852314
1.241,-0.102272324549403,-0.101649977431948,-0.10089413409354,-0.10135967391753
1.24133333333333,-0.102458150903735,-0.101834033669449,-0.101075724243357,-0.101542524937153
1.24166666666667,-0.102644588455195,-0.102018693239714,-0.101257906762059,-0.101725973347625
1.242,-0.102831639729618,-0.102203958626873,-0.101440684074201,-0.101910021597735
1.24233333333333,-0.103019307265744,-0.102389832327717,-0.10162405861661,-0.102094672148681
1.24266666666667,-0.103207593615311,-0.102576316851763,-0.10180803283846,-0.102279927474144
1.243,-0.103396501343122,-0.102763414721344,-0.101992609201346,-0.102465790060372
1.24333333333333,-0.103586033027137,-0.102951128471671,-0.102177790179353,-0.102652262406255
1.24366666666667,-0.103776191258549,-0.103139460650935,-0.102363578259147,-0.102839347023387
1.244,-0.103966978641856,-0.103328413820356,-0.102549975940033,-0.103027046436165
1.24433333333333,-0.104158397794951,-0.103517990554284,-0.102736985734039,-0.103215363181848
1.24466666666667,-0.104350451349205,-0.103708193440273,-0.102924610165997,-0.10340429981064
1.245,-0.104543141949544,-0.103899025079161,-0.103112851773612,-0.103593858885778
1.24533333333333,-0.104736472254536,-0.104090488085146,-0.103301713107548,-0.103784042983593
1.24566666666667,-0.104930444936471,-0.104282585085876,-0.1034911967315,-0.103974854693605
1.246,-0.105125062681448,-0.104475318722531,-0.103681305222275,-0.1041662966186
1.24633333333333,-0.105320328189453,-0.104668691649894,-0.103872041169874,-0.104358371374697
1.24666666666667,-0.105516244174464,-0.104862706536446,-0.104063407177572,-0.104551081591458
1.247,-0.105712813364506,-0.105057366064448,-0.104255405861994,-0.104744429911935
1.24733333333333,-0.105910038501769,-0.105252672930023,-0.104448039853201,-0.104938418992779
1.24766666666667,-0.106107922342671,-0.105448629843237,-0.104641311794769,-0.105133051504307
1.248,-0.106306467657957,-0.105645239528201,-0.104835224343875,-0.1053283301306
1.24833333333333,-0.106505677232788,-0.105842504723131,-0.105029780171376,-0.105524257569574
1.24866666666667,-0.106705553866834,-0.106040428180463,-0.105224981961892,-0.105720836533068
1.249,-0.106906100374343,-0.106239012666919,-0.105420832413901,-0.105918069746937
1.24933333333333,-0.10710731958426,-0.106438260963606,-0.105617334239806,-0.106115959951127
1.24966666666667,-0.107309214340298,-0.106638175866104,-0.105814490166036,-0.106314509899765
1.25,-0.107511787501035,-0.10683876018455,-0.106012302933121,-0.106513722361254
1.25033333333333,-0.107715041940009,-0.107040016743739,-0.106210775295787,-0.106713600118346
1.25066666666667,-0.107918980545807,-0.107241948383197,-0.106409910023039,-0.10691414596825
1.251,-0.108123606222163,-0.107444557957292,-0.106609709898251,-0.107115362722697
1.25133333333333,-0.10832892188805,-0.107647848335314,-0.106810177719246,-0.107317253208051
1.25166666666667,-0.108534930477774,-0.107851822401569,-0.107011316298403,-0.107519820265389
1.252,-0.108741634941067,-0.108056483055472,-0.107213128462727,-0.107723066750593
1.25233333333333,-0.108949038243194,-0.108261833211651,-0.107415617053952,-0.107926995534438
1.25266666666667,-0.109157143365039,-0.108467875800029,-0.107618784928627,-0.108131609502697
1.253,-0.109365953303208,-0.10867461376592,-0.107822634958213,-0.108336911556219
1.25333333333333,-0.109575471070125,-0.108882050070137,-0.108027170029165,-0.108542904611029
1.25366666666667,-0.109785699694132,-0.109090187689075,-0.108232393043035,-0.108749591598424
1.254,-0.10999664221959,-0.109299029614822,-0.108438306916561,-0.108956975465067
1.25433333333333,-0.110208301706984,-0.109508578855239,-0.108644914581766,-0.109165059173083
1.25466666666667,-0.110420681233014,-0.109718838434075,-0.108852218986044,-0.109373845700146
1.255,-0.110633783890703,-0.109929811391061,-0.109060223092262,-0.109583338039593
1.25533333333333,-0.110847612789502,-0.110141500782017,-0.10926892987886,-0.10979353920051
1.25566666666667,-0.11106217105539,-0.110353909678935,-0.109478342339939,-0.110004452207827
1.256,-0.111277461830979,-0.110567041170099,-0.109688463485368,-0.110216080102435
1.25633333333333,-0.111493488275617,-0.110780898360179,-0.109899296340873,-0.110428425941262
1.25666666666667,-0.111710253565503,-0.11099548437034,-0.11011084394814,-0.110641492797394
1.257,-0.111927760893783,-0.111210802338335,-0.110323109364926,-0.11085528376016
1.25733333333333,-0.11214601347066,-0.111426855418623,-0.11053609566514,-0.111069801935253
1.25766666666667,-0.112365014523511,-0.11164364678247,-0.11074980593896,-0.111285050444807
1.258,-0.112584767296982,-0.111861179618049,-0.110964243292924,-0.11150103242753
1.25833333333333,-0.112805275053106,-0.112079457130551,-0.11117941085004,-0.111717751038783
1.25866666666667,-0.113026541071417,-0.112298482542303,-0.111395311749895,-0.1119352094507
1.259,-0.113248568649051,-0.112518259092861,-0.111611949148738,-0.112153410852283
1.25933333333333,-0.113471361100867,-0.112738790039123,-0.111829326219616,-0.112372358449527
1.25966666666667,-0.113694921759559,-0.112960078655456,-0.11204744615245,-0.1125920554655
1.26,-0.113919253975768,-0.113182128233774,-0.112266312154162,-0.112812505140479
1.26033333333333,-0.1141443611182,-0.113404942083694,-0.112485927448771,-0.113033710732037
1.26066666666667,-0.114370246573726,-0.1136285235326,-0.112706295277513,-0.113255675515169
1.261,-0.114596913747528,-0.113852875925795,-0.112927418898932,-0.113478402782385
1.26133333333333,-0.114824366063192,-0.114078002626604,-0.113149301589008,-0.113701895843846
1.26166666666667,-0.115052606962833,-0.114303907016478,-0.113371946641264,-0.113926158027447
1.262,-0.115281639907222,-0.114530592495124,-0.11359535736686,-0.114151192678956
1.26233333333333,-0.11551146837589,-0.114758062480614,-0.113819537094734,-0.114377003162113
1.26266666666667,-0.115742095867264,-0.114986320409515,-0.114044489171694,-0.114603592858745
1.263,-0.115973525898781,-0.115215369736986,-0.114270216962532,-0.114830965168886
1.26333333333333,-0.116205762007018,-0.115445213936916,-0.114496723850158,-0.115059123510894
1.26366666666667,-0.116438807747805,-0.115675856502042,-0.114724013235688,-0.115288071321565
1.264,-0.116672666696354,-0.115907300944062,-0.114952088538586,-0.115517812056257
1.26433333333333,-0.11690734244739,-0.116139550793768,-0.115180953196767,-0.115748349188992
1.26466666666667,-0.11714283861527,-0.116372609601157,-0.115410610666718,-0.1159796862126
1.265,-0.117379158834118,-0.116606480935571,-0.115641064423614,-0.116211826638828
1.26533333333333,-0.117616306757943,-0.116841168385806,-0.115872317961452,-0.116444773998448
1.26566666666667,-0.117854286060779,-0.11707667556025,-0.116104374793152,-0.116678531841409
1.266,-0.118093100436807,-0.117313006087006,-0.116337238450691,-0.116913103736936
1.26633333333333,-0.11833275360049,-0.117550163614009,-0.116570912485225,-0.117148493273664
1.26666666666667,-0.118573249286713,-0.117788151809178,-0.116805400467209,-0.117384704059761
1.267,-0.118814591250895,-0.118026974360533,-0.117040705986523,-0.117621739723059
1.26733333333333,-0.119056783269148,-0.11826663497631,-0.117276832652596,-0.117859603911173
1.26766666666667,-0.119299829138393,-0.118507137385128,-0.117513784094542,-0.118098300291638
1.268,-0.119543732676514,-0.118748485336092,-0.11775156396127,-0.118337832552031
1.26833333333333,-0.119788497722474,-0.11899068259894,-0.117990175921626,-0.118578204400103
1.26866666666667,-0.120034128136476,-0.119233732964176,-0.118229623664517,-0.118819419563915
1.269,-0.120280627800082,-0.119477640243206,-0.118469910899039,-0.119061481791957
1.26933333333333,-0.120528000616374,-0.119722408268474,-0.118711041354621,-0.119304394853304
1.26966666666667,-0.120776250510074,-0.119968040893596,-0.118953018781139,-0.11954816253772
1.27,-0.121025381427707,-0.120214541993508,-0.119195846949057,-0.119792788655819
1.27033333333333,-0.121275397337724,-0.1204619154646,-0.119439529649574,-0.120038277039189
1.27066666666667,-0.121526302230673,-0.120710165224859,-0.119684070694724,-0.120284631540528
1.271,-0.121778100119317,-0.12095929521401,-0.119929473917564,-0.120531856033791
1.27133333333333,-0.1220307950388,-0.121209309393658,-0.12017574317226,-0.120779954414317
1.27166666666667,-0.122284391046789,-0.121460211747435,-0.120422882334258,-0.121028930598977
1.272,-0.122538892223624,-0.12171200628115,-0.120670895300415,-0.121278788526319
1.27233333333333,-0.122794302672467,-0.121964697022924,-0.12091978598913,-0.121529532156695
1.27266666666667,-0.123050626519456,-0.122218288023345,-0.121169558340498,-0.121781165472422
1.273,-0.123307867913858,-0.122472783355621,-0.12142021631645,-0.122033692477923
1.27333333333333,-0.12356603102822,-0.122728187115715,-0.12167176390089,-0.122287117199856
1.27366666666667,-0.123825120058527,-0.122984503422518,-0.121924205099847,-0.122541443687282
1.274,-0.124085139224356,-0.12324173641798,-0.122177543941613,-0.122796676011805
1.27433333333333,-0.124346092769037,-0.123499890267279,-0.122431784476901,-0.123052818267714
1.27466666666667,-0.124607984959809,-0.123758969158969,-0.122686930778984,-0.123309874572146
1.275,-0.124870820087987,-0.12401897730513,-0.122942986943852,-0.123567849065228
1.27533333333333,-0.125134602469103,-0.124279918941542,-0.123199957090344,-0.12382674591023
1.27566666666667,-0.125399336443097,-0.124541798327827,-0.123457845360331,-0.124086569293723
1.276,-0.125665026374459,-0.124804619747609,-0.123716655918835,-0.124347323425736
1.27633333333333,-0.125931676652406,-0.125068387508691,-0.123976392954207,-0.124609012539895
1.27666666666667,-0.126199291691041,-0.1253331059432,-0.124237060678271,-0.124871640893604
1.277,-0.126467875929526,-0.125598779407759,-0.124498663326484,-0.125135212768189
1.27733333333333,-0.126737433832248,-0.125865412283644,-0.12476120515809,-0.125399732469057
1.27766666666667,-0.127007969888987,-0.12613300897696,-0.125024690456286,-0.125665204325867
1.278,-0.127279488615102,-0.126401573918801,-0.125289123528364,-0.125931632692677
1.27833333333333,-0.127551994551679,-0.126671111565418,-0.125554508705897,-0.126199021948124
1.27866666666667,-0.127825492265727,-0.126941626398398,-0.125820850344889,-0.126467376495579
1.279,-0.128099986350344,-0.127213122924819,-0.126088152825925,-0.126736700763307
1.27933333333333,-0.128375481424894,-0.127485605677438,-0.126356420554366,-0.127006999204657
1.27966666666667,-0.128651982135193,-0.127759079214852,-0.126625657960485,-0.127278276298194
1.28,-0.128929493153678,-0.128033548121688,-0.126895869499659,-0.127550536547906
1.28033333333333,-0.129208019179594,-0.128309017008764,-0.12716705965252,-0.127823784483359
1.28066666666667,-0.129487564939181,-0.12858549051327,-0.12743923292513,-0.128098024659855
1.281,-0.12976813518585,-0.128862973298964,-0.127712393849161,-0.128373261658635
1.28133333333333,-0.130049734700369,-0.129141470056325,-0.127986546982053,-0.128649500087036
1.28166666666667,-0.13033236829106,-0.129420985502761,-0.1282616969072,-0.128926744578663
1.282,-0.13061604079398,-0.129701524382772,-0.128537848234121,-0.129204999793587
1.28233333333333,-0.130900757073107,-0.129983091468148,-0.12881500559864,-0.129484270418499
1.28266666666667,-0.131186522020541,-0.130265691558155,-0.129093173663049,-0.129764561166915
1.283,-0.13147334055669,-0.130549329479712,-0.129372357116316,-0.130045876779339
1.28333333333333,-0.13176121763047,-0.130834010087594,-0.129652560674237,-0.130328222023459
1.28366666666667,-0.132050158219498,-0.131119738264614,-0.129933789079637,-0.130611601694325
1.284,-0.132340167330288,-0.13140651892182,-0.130216047102548,-0.13089602061454
1.28433333333333,-0.132631249998453,-0.131694356998684,-0.130499339540387,-0.131181483634443
1.28466666666667,-0.132923411288911,-0.131983257463302,-0.130783671218159,-0.1314679956323
1.285,-0.133216656296075,-0.13227322531259,-0.131069046988634,-0.1317555615145
1.28533333333333,-0.133510990144068,-0.132564265572484,-0.131355471732534,-0.132044186215745
1.28566666666667,-0.133806417986925,-0.132856383298134,-0.131642950358732,-0.132333874699237
1.286,-0.134102945008801,-0.133149583574116,-0.13193148780444,-0.132624631956877
1.28633333333333,-0.134400576424177,-0.133443871514627,-0.132221089035412,-0.132916463009473
1.28666666666667,-0.134699317478079,-0.13373925226369,-0.13251175904612,-0.133209372906923
1.287,-0.134999173446279,-0.134035730995366,-0.132803502859974,-0.133503366728419
1.28733333333333,-0.135300149635518,-0.134333312913964,-0.133096325529507,-0.13379844958266
1.28766666666667,-0.135602251383721,-0.134632003254239,-0.133390232136578,-0.134094626608041
1.288,-0.135905484060209,-0.134931807281618,-0.133685227792583,-0.134391902972863
1.28833333333333,-0.136209853065927,-0.1352327302924,-0.133981317638637,-0.134690283875543
1.28866666666667,-0.136515363833653,-0.135534777613987,-0.134278506845806,-0.134989774544818
1.289,-0.136822021828238,-0.135837954605086,-0.1345768006153,-0.135290380239959
1.28933333333333,-0.137129832546817,-0.136142266655937,-0.134876204178675,-0.135592106250976
1.28966666666667,-0.137438801519041,-0.136447719188525,-0.135176722798059,-0.135894957898841
1.29,-0.137748934307299,-0.136754317656816,-0.135478361766351,-0.136198940535693
1.29033333333333,-0.138060236506964,-0.137062067546965,-0.135781126407442,-0.136504059545058
1.29066666666667,-0.138372713746609,-0.137370974377551,-0.136085022076434,-0.136810320342077
1.291,-0.138686371688249,-0.137681043699804,-0.136390054159841,-0.137117728373712
1.29133333333333,-0.139001216027569,-0.137992281097832,-0.136696228075824,-0.137426289118973
1.29166666666667,-0.13931725249418,-0.138304692188853,-0.137003549274403,-0.137736008089147
1.292,-0.139634486851841,-0.138618282623433,-0.137312023237691,-0.138046890828015
1.29233333333333,-0.139952924898706,-0.138933058085714,-0.137621655480097,-0.138358942912094
1.29266666666667,-0.14027257246757,-0.139249024293651,-0.137932451548572,-0.13867216995084
1.293,-0.140593435426117,-0.139566186999261,-0.138244417022827,-0.138986577586915
1.29333333333333,-0.140915519677159,-0.13988455198885,-0.138557557515567,-0.139302171496389
1.29366666666667,-0.141238831158898,-0.140204125083271,-0.13887187867272,-0.139618957388984
1.294,-0.141563375845169,-0.140524912138151,-0.139187386173671,-0.139936941008324
1.29433333333333,-0.141889159745692,-0.140846919044161,-0.139504085731493,-0.140256128132154
1.29466666666667,-0.142216188906346,-0.141170151727239,-0.139821983093197,-0.140576524572596
1.295,-0.142544469409399,-0.141494616148864,-0.14014108403996,-0.140898136176386
1.29533333333333,-0.142874007373793,-0.14182031830629,-0.140461394387363,-0.141220968825114
1.29566666666667,-0.143204808955392,-0.142147264232819,-0.140782919985648,-0.141545028435479
1.296,-0.143536880347259,-0.142475459998046,-0.141105666719948,-0.141870320959532
1.29633333333333,-0.143870227779911,-0.142804911708117,-0.141429640510551,-0.142196852384926
1.29666666666667,-0.144204857521593,-0.143135625506007,-0.141754847313131,-0.142524628735181
1.297,-0.144540775878554,-0.143467607571759,-0.142081293119013,-0.142853656069918
1.29733333333333,-0.144877989195309,-0.143800864122779,-0.142408983955415,-0.143183940485136
1.29766666666667,-0.145216503854929,-0.144135401414069,-0.142737925885713,-0.143515488113459
1.298,-0.145556326279312,-0.144471225738537,-0.1430681250097,-0.143848305124399
1.29833333333333,-0.145897462929454,-0.144808343427232,-0.143399587463828,-0.144182397724623
1.29866666666667,-0.146239920305759,-0.14514676084965,-0.143732319421491,-0.144517772158217
1.299,-0.146583704948294,-0.145486484413991,-0.144066327093276,-0.144854434706952
1.29933333333333,-0.146928823437099,-0.145827520567438,-0.144401616727238,-0.145192391690559
1.29966666666667,-0.14727528239246,-0.146169875796465,-0.144738194609155,-0.145531649466994
1.3,-0.147623088475214,-0.146513556627084,-0.145076067062809,-0.145872214432716
1.30033333333333,-0.147972248387043,-0.146858569625155,-0.145415240450263,-0.146214093022966
1.30066666666667,-0.148322768870761,-0.147204921396676,-0.145755721172117,-0.146557291712041
1.301,-0.148674656710631,-0.147552618588061,-0.14609751566781,-0.146901817013582
1.30133333333333,-0.149027918732646,-0.14790166788644,-0.146440630415875,-0.147247675480855
1.30166666666667,-0.149382561804856,-0.148252076019964,-0.146785071934242,-0.147594873707026
1.302,-0.149738592837663,-0.148603849758086,-0.147130846780508,-0.147943418325474
1.30233333333333,-0.150096018784133,-0.148956995911885,-0.14747796155223,-0.148293316010058
1.30266666666667,-0.150454846640309,-0.149311521334341,-0.147826422887216,-0.14864457347542
1.303,-0.150815083445529,-0.149667432920675,-0.148176237463801,-0.148997197477288
1.30333333333333,-0.151176736282745,-0.150024737608629,-0.148527412001171,-0.149351194812758
1.30366666666667,-0.151539812278835,-0.150383442378795,-0.148879953259623,-0.149706572320607
1.304,-0.151904318604943,-0.150743554254921,-0.149233868040896,-0.150063336881597
1.30433333333333,-0.152270262476788,-0.151105080304235,-0.149589163188452,-0.15042149541877
1.30466666666667,-0.152637651155011,-0.151468027637753,-0.149945845587782,-0.150781054897768
1.305,-0.153006491945484,-0.151832403410618,-0.150303922166727,-0.151142022327139
1.30533333333333,-0.15337679219967,-0.152198214822414,-0.150663399895766,-0.151504404758649
1.30566666666667,-0.153748559314942,-0.152565469117493,-0.151024285788347,-0.151868209287603
1.306,-0.154121800734938,-0.15293417358531,-0.151386586901189,-0.152233443053158
1.30633333333333,-0.15449652394989,-0.153304335560757,-0.151750310334596,-0.152600113238651
1.30666666666667,-0.154872736496981,-0.153675962424496,-0.152115463232794,-0.152968227071919
1.307,-0.155250445960695,-0.154049061603304,-0.152482052784235,-0.153337791825626
1.30733333333333,-0.155629659973163,-0.154423640570406,-0.152850086221932,-0.153708814817599
1.30766666666667,-0.15601038621452,-0.154799706845833,-0.153219570823778,-0.154081303411151
1.308,-0.156392632413271,-0.155177267996755,-0.153590513912893,-0.15445526501543
1.30833333333333,-0.156776406346646,-0.155556331637845,-0.153962922857943,-0.15483070708574
1.30866666666667,-0.157161715840962,-0.155936905431629,-0.154336805073471,-0.155207637123898
1.309,-0.157548568771997,-0.156318997088837,-0.154712168020261,-0.155586062678571
1.30933333333333,-0.157936973065366,-0.156702614368775,-0.155089019205649,-0.155965991345625
1.30966666666667,-0.158326936696883,-0.157087765079681,-0.1554673661839,-0.156347430768474
1.31,-0.158718467692949,-0.157474457079088,-0.155847216556525,-0.156730388638428
1.31033333333333,-0.159111574130924,-0.157862698274202,-0.156228577972647,-0.157114872695069
1.31066666666667,-0.159506264139519,-0.158252496622274,-0.156611458129364,-0.157500890726583
1.311,-0.159902545899187,-0.158643860130971,-0.156995864772089,-0.157888450570143
1.31133333333333,-0.160300427642501,-0.159036796858757,-0.157381805694916,-0.158277560112262
1.31166666666667,-0.160699917654557,-0.15943131491528,-0.157769288740988,-0.158668227289176
1.312,-0.161101024273378,-0.159827422461753,-0.158158321802856,-0.1590604600872
1.31233333333333,-0.161503755890298,-0.160225127711348,-0.158548912822855,-0.159454266543113
1.31266666666667,-0.16190812095039,-0.160624438929585,-0.158941069793469,-0.159849654744529
1.313,-0.162314127952852,-0.161025364434731,-0.159334800757716,-0.160246632830288
1.31333333333333,-0.162721785451435,-0.1614279125982,-0.159730113809518,-0.160645208990836
1.31366666666667,-0.163131102054851,-0.161832091844952,-0.160127017094087,-0.16104539146861
1.314,-0.163542086427196,-0.162237910653906,-0.16052551880832,-0.161447188558438
1.31433333333333,-0.163954747288372,-0.162645377558344,-0.160925627201167,-0.161850608607922
1.31466666666667,-0.164369093414518,-0.163054501146336,-0.161327350574046,-0.162255660017849
1.315,-0.164785133638431,-0.163465290061143,-0.161730697281224,-0.16266235124259
1.31533333333333,-0.165202876850007,-0.16387775300165,-0.162135675730216,-0.163070690790494
1.31566666666667,-0.165622331996682,-0.164291898722788,-0.162542294382203,-0.163480687224314
1.316,-0.166043508083871,-0.164707736035954,-0.162950561752425,-0.163892349161614
1.31633333333333,-0.166466414175414,-0.165125273809466,-0.163360486410591,-0.164305685275168
1.31666666666667,-0.166891059394023,-0.165544520968972,-0.163772076981293,-0.164720704293417
1.317,-0.167317452921747,-0.165965486497911,-0.164185342144433,-0.165137415000857
1.31733333333333,-0.167745604000416,-0.166388179437943,-0.164600290635632,-0.165555826238478
1.31766666666667,-0.168175521932115,-0.166812608889417,-0.165016931246661,-0.165975946904206
1.318,-0.16860721607965,-0.167238784011799,-0.165435272825864,-0.166397785953326
1.31833333333333,-0.169040695867008,-0.167666714024146,-0.165855324278593,-0.166821352398921
1.31866666666667,-0.169475970779841,-0.168096408205557,-0.166277094567649,-0.167246655312321
1.319,-0.16991305036594,-0.168527875895644,-0.166700592713711,-0.16767370382354
1.31933333333333,-0.170351944235735,-0.168961126494995,-0.167125827795788,-0.168102507121746
1.31966666666667,-0.170792662062754,-0.169396169465652,-0.167552808951662,-0.168533074455687
1.32,-0.171235213584137,-0.169833014331586,-0.167981545378342,-0.168965415134172
1.32033333333333,-0.17167960860113,-0.170271670679174,-0.168412046332519,-0.169399538526527
1.32066666666667,-0.172125856979579,-0.170712148157694,-0.168844321131023,-0.169835454063062
1.321,-0.172573968650439,-0.171154456479812,-0.169278379151293,-0.170273171235537
1.32133333333333,-0.173023953610286,-0.171598605422061,-0.169714229831831,-0.17071269959764
1.32166666666667,-0.173475821921834,-0.172044604825372,-0.170151882672694,-0.171154048765475
1.322,-0.173929583714449,-0.172492464595549,-0.17059134723595,-0.17159722841803
1.32233333333333,-0.174385249184672,-0.172942194703788,-0.171032633146179,-0.172042248297681
1.32266666666667,-0.174842828596764,-0.173393805187192,-0.171475750090934,-0.17248911821067
1.323,-0.175302332283215,-0.173847306149281,-0.171920707821252,-0.172937848027615
1.32333333333333,-0.175763770645302,-0.174302707760523,-0.172367516152133,-0.173388447683995
1.32366666666667,-0.176227154153629,-0.174760020258855,-0.172816184963041,-0.173840927180677
1.324,-0.17669249334867,-0.175219253950216,-0.173266724198412,-0.174295296584407
1.32433333333333,-0.177159798841326,-0.175680419209081,-0.173719143868159,-0.174751566028333
1.32466666666667,-0.177629081313488,-0.176143526479007,-0.174173454048173,-0.175209745712527
1.325,-0.178100351518592,-0.176608586273181,-0.174629664880859,-0.17566984590451
1.32533333333333,-0.178573620282194,-0.177075609174957,-0.175087786575632,-0.176131876939772
1.32566666666667,-0.179048898502553,-0.177544605838436,-0.175547829409463,-0.176595849222308
1.326,-0.17952619715119,-0.178015586989,-0.176009803727406,-0.177061773225173
1.32633333333333,-0.180005527273487,-0.178488563423904,-0.176473719943116,-0.177529659491001
1.32666666666667,-0.180486899989283,-0.17896354601283,-0.176939588539414,-0.177999518632568
1.327,-0.180970326493451,-0.179440545698479,-0.177407420068813,-0.17847136133335
1.32733333333333,-0.181455818056511,-0.179919573497135,-0.177877225154077,-0.178945198348064
1.32766666666667,-0.181943386025255,-0.18040064049927,-0.178349014488767,-0.17942104050325
1.328,-0.182433041823313,-0.180883757870129,-0.178822798837814,-0.17989889869783
1.32833333333333,-0.182924796951818,-0.181368936850327,-0.179298589038074,-0.18037878390368
1.32866666666667,-0.183418662990011,-0.181856188756459,-0.1797763959989,-0.180860707166216
1.329,-0.183914651595862,-0.182345524981706,-0.180256230702718,-0.181344679604979
1.32933333333333,-0.184412774506723,-0.182836956996454,-0.180738104205602,-0.181830712414217
1.32966666666667,-0.184913043539961,-0.183330496348908,-0.181222027637881,-0.182318816863491
1.33,-0.185415470593605,-0.183826154665735,-0.181708012204697,-0.182809004298264
1.33033333333333,-0.185920067647001,-0.18432394365267,-0.182196069186628,-0.183301286140519
1.33066666666667,-0.186426846761477,-0.184823875095183,-0.182686209940285,-0.183795673889358
1.331,-0.186935820080999,-0.185325960859106,-0.18317844589891,-0.184292179121636
1.33133333333333,-0.187446999832855,-0.185830212891295,-0.183672788573001,-0.184790813492576
1.33166666666667,-0.187960398328327,-0.186336643220269,-0.184169249550922,-0.185291588736387
1.332,-0.18847602796337,-0.186845263956904,-0.184667840499533,-0.185794516666927
1.33233333333333,-0.188993901219318,-0.187356087295067,-0.185168573164821,-0.186299609178309
1.33266666666667,-0.189514030663576,-0.187869125512317,-0.185671459372537,-0.186806878245578
1.333,-0.190036428950319,-0.188384390970577,-0.186176511028833,-0.187316335925349
1.33333333333333,-0.190561108821208,-0.188901896116819,-0.186683740120913,-0.187827994356465
1.33366666666667,-0.191088083106115,-0.189421653483772,-0.18719315871769,-0.188341865760675
1.334,-0.191617364723833,-0.189943675690608,-0.187704778970449,-0.188857962443287
1.33433333333333,-0.19214896668282,-0.190467975443661,-0.1882186131135,-0.189376296793854
1.33466666666667,-0.192682902081934,-0.190994565537137,-0.188734673464871,-0.189896881286872
1.335,-0.193219184111178,-0.191523458853835,-0.189252972426969,-0.190419728482445
1.33533333333333,-0.193757826052457,-0.19205466836588,-0.189773522487277,-0.190944851026995
1.33566666666667,-0.194298841280331,-0.192588207135451,-0.190296336219041,-0.191472261653971
1.336,-0.194842243262792,-0.193124088315538,-0.19082142628197,-0.192001973184552
1.33633333333333,-0.195388045562025,-0.193662325150667,-0.191348805422938,-0.192533998528358
1.33666666666667,-0.195936261835207,-0.19420293097768,-0.191878486476708,-0.193068350684188
1.337,-0.196486905835291,-0.194745919226494,-0.192410482366633,-0.193605042740736
1.33733333333333,-0.197039991411788,-0.195291303420854,-0.192944806105393,-0.194144087877342
1.33766666666667,-0.197595532511597,-0.195839097179143,-0.19348147079572,-0.194685499364722
1.338,-0.198153543179804,-0.196389314215134,-0.194020489631145,-0.195229290565733
1.33833333333333,-0.198714037560499,-0.196941968338813,-0.194561875896736,-0.195775474936118
1.33866666666667,-0.199277029897619,-0.197497073457162,-0.195105642969857,-0.196324066025284
1.339,-0.199842534535771,-0.198054643574973,-0.19565180432093,-0.196875077477067
1.33933333333333,-0.200410565921081,-0.198614692795668,-0.196200373514193,-0.197428523030516
1.33966666666667,-0.200981138602049,-0.199177235322119,-0.196751364208482,-0.19798441652068
1.34,-0.201554267230407,-0.199742285457485,-0.197304790158012,-0.198542771879406
1.34033333333333,-0.202129966561998,-0.200309857606048,-0.197860665213169,-0.199103603136129
1.34066666666667,-0.202708251457638,-0.200879966274064,-0.198419003321301,-0.199666924418705
1.341,-0.203289136884021,-0.201452626070624,-0.198979818527533,-0.200232749954209
1.34133333333333,-0.203872637914593,-0.202027851708511,-0.199543124975565,-0.20080109406977
1.34166666666667,-0.204458769730475,-0.202605658005083,-0.200108936908508,-0.20137197119341
1.342,-0.205047547621368,-0.203186059883149,-0.200677268669703,-0.201945395854875
1.34233333333333,-0.205638986986478,-0.203769072371855,-0.201248134703557,-0.202521382686494
1.34266666666667,-0.206233103335442,-0.204354710607605,-0.201821549556394,-0.203099946424035
1.343,-0.206829912289267,-0.204942989834948,-0.202397527877301,-0.203681101907567
1.34333333333333,-0.207429429581291,-0.205533925407497,-0.202976084418992,-0.204264864082347
1.34366666666667,-0.208031671058129,-0.20612753278887,-0.203557234038673,-0.204851247999693
1.344,-0.20863665268065,-0.206723827553615,-0.204140991698927,-0.205440268817878
1.34433333333333,-0.209244390524946,-0.207322825388146,-0.2047273724686,-0.206031941803038
1.34466666666667,-0.209854900783325,-0.207924542091725,-0.205316391523674,-0.206626282330073
1.345,-0.210468199765312,-0.208528993577394,-0.205908064148208,-0.207223305883566
1.34533333333333,-0.211084303898651,-0.209136195872966,-0.206502405735218,-0.207823028058726
1.34566666666667,-0.211703229730314,-0.209746165122002,-0.207099431787608,-0.208425464562299
1.346,-0.212324993927549,-0.210358917584807,-0.207699157919113,-0.209030631213537
1.34633333333333,-0.212949613278897,-0.210974469639429,-0.208301599855216,-0.209638543945133
1.34666666666667,-0.213577104695253,-0.211592837782669,-0.208906773434109,-0.210249218804212
1.347,-0.214207485210921,-0.212214038631109,-0.209514694607652,-0.210862671953272
1.34733333333333,-0.214840771984675,-0.212838088922139,-0.210125379442334,-0.211478919671193
1.34766666666667,-0.215476982300851,-0.213465005515004,-0.21073884412025,-0.212097978354221
1.348,-0.216116133570427,-0.214094805391856,-0.211355104940096,-0.212719864516973
1.34833333333333,-0.216758243332131,-0.21472750565881,-0.211974178318149,-0.213344594793441
1.34866666666667,-0.217403329253556,-0.215363123547027,-0.21259608078928,-0.213972185938026
1.349,-0.218051409132271,-0.216001676413803,-0.213220829007987,-0.214602654826571
1.34933333333333,-0.218702500896969,-0.216643181743653,-0.213848439749382,-0.215236018457393
1.34966666666667,-0.219356622608603,-0.21728765714942,-0.214478929910267,-0.215872293952346
1.35,-0.220013792461555,-0.217935120373402,-0.215112316510151,-0.216511498557885
1.35033333333333,-0.220674028784803,-0.218585589288475,-0.21574861669232,-0.217153649646137
1.35066666666667,-0.221337350043087,-0.219239081899229,-0.216387847724904,-0.217798764715985
1.351,-0.22200377483813,-0.219895616343128,-0.217030027001949,-0.218446861394167
1.35133333333333,-0.22267332190982,-0.220555210891676,-0.217675172044506,-0.219097957436389
1.35166666666667,-0.223346010137435,-0.221217883951575,-0.218323300501733,-0.219752070728424
1.352,-0.224021858540886,-0.221883654065941,-0.218974430152008,-0.220409219287268
1.35233333333333,-0.224700886281938,-0.222552539915472,-0.219628578904041,-0.221069421262253
1.35266666666667,-0.225383112665484,-0.22322456031969,-0.22028576479801,-0.22173269493622
1.353,-0.226068557140804,-0.22389973423814,-0.220946006006711,-0.222399058726676
1.35333333333333,-0.226757239302846,-0.224578080771641,-0.221609320836703,-0.223068531186964
1.35366666666667,-0.227449178893531,-0.225259619163527,-0.222275727729485,-0.223741131007458
1.354,-0.228144395803047,-0.225944368800926,-0.222945245262666,-0.224416877016756
1.35433333333333,-0.228842910071181,-0.226632349216007,-0.223617892151158,-0.225095788182895
1.35466666666667,-0.229544741888646,-0.227323580087292,-0.224293687248383,-0.225777883614571
1.355,-0.230249911598439,-0.228018081240944,-0.224972649547485,-0.226463182562384
1.35533333333333,-0.23095843969719,-0.228715872652092,-0.225654798182549,-0.227151704420074
1.35566666666667,-0.23167034683656,-0.229416974446148,-0.226340152429854,-0.227843468725782
1.356,-0.232385653824606,-0.230121406900153,-0.227028731709114,-0.228538495163344
1.35633333333333,-0.23310438162721,-0.230829190444137,-0.227720555584747,-0.229236803563552
1.35666666666667,-0.233826551369482,-0.231540345662485,-0.228415643767158,-0.229938413905466
1.357,-0.234552184337205,-0.232254893295317,-0.229114016114019,-0.230643346317735
1.35733333333333,-0.235281301978284,-0.232972854239896,-0.229815692631575,-0.23135162107991
1.35766666666667,-0.236013925904205,-0.233694249552033,-0.230520693475968,-0.232063258623782
1.358,-0.236750077891516,-0.234419100447515,-0.231229038954562,-0.232778279534758
1.35833333333333,-0.237489779883333,-0.235147428303548,-0.231940749527287,-0.233496704553206
1.35866666666667,-0.238233053990839,-0.235879254660212,-0.232655845808002,-0.234218554575848
1.359,-0.238979922494818,-0.236614601221947,-0.233374348565857,-0.234943850657148
1.35933333333333,-0.239730407847192,-0.23735348985902,-0.234096278726689,-0.235672614010734
1.35966666666667,-0.240484532672592,-0.238095942609036,-0.234821657374417,-0.236404866010815
1.36,-0.241242319769921,-0.238841981678472,-0.235550505752456,-0.237140628193628
1.36033333333333,-0.242003792113959,-0.239591629444189,-0.236282845265149,-0.237879922258879
1.36066666666667,-0.242768972856953,-0.240344908454998,-0.237018697479208,-0.238622770071226
1.361,-0.243537885330272,-0.241101841433227,-0.237758084125183,-0.23936919366176
1.36133333333333,-0.244310553046019,-0.241862451276294,-0.238501027098919,-0.240119215229499
1.36166666666667,-0.245086999698721,-0.242626761058317,-0.239247548463058,-0.240872857142923
1.362,-0.245867249166985,-0.243394794031737,-0.23999767044854,-0.241630141941479
1.36233333333333,-0.246651325515209,-0.244166573628936,-0.240751415456124,-0.242391092337148
1.36266666666667,-0.247439252995288,-0.244942123463906,-0.241508806057926,-0.243155731216004
1.363,-0.24823105604835,-0.245721467333911,-0.242269864998967,-0.243924081639795
1.36333333333333,-0.249026759306512,-0.246504629221173,-0.243034615198745,-0.244696166847533
1.36366666666667,-0.249826387594636,-0.247291633294578,-0.243803079752822,-0.24547201025712
1.364,-0.250629965932144,-0.248082503911404,-0.244575281934419,-0.246251635466966
1.36433333333333,-0.25143751953479,-0.248877265619064,-0.245351245196045,-0.247035066257649
1.36466666666667,-0.252249073816523,-0.249675943156851,-0.246130993171118,-0.247822326593567
1.365,-0.253064654391306,-0.25047856145774,-0.246914549675633,-0.248613440624628
1.36533333333333,-0.253884287075009,-0.251285145650163,-0.247701938709823,-0.249408432687952
1.36566666666667,-0.254707997887274,-0.252095721059854,-0.248493184459851,-0.250207327309586
1.366,-0.25553581305343,-0.252910313211659,-0.249288311299503,-0.251010149206239
1.36633333333333,-0.256367759006433,-0.253728947831417,-0.250087343791937,-0.251816923287044
1.36666666666667,-0.257203862388796,-0.254551650847809,-0.250890306691402,-0.252627674655321
1.367,-0.258044150054574,-0.255378448394289,-0.251697224945002,-0.253442428610375
1.36733333333333,-0.258888649071346,-0.256209366810969,-0.252508123694488,-0.254261210649312
1.36766666666667,-0.259737386722239,-0.257044432646585,-0.253323028278047,-0.25508404646886
1.368,-0.26059039050795,-0.25788367266044,-0.25414196423211,-0.255910961967229
1.36833333333333,-0.261447688148813,-0.258727113824386,-0.254964957293204,-0.256741983245974
1.36866666666667,-0.262309307586882,-0.259574783324836,-0.25579203339981,-0.257577136611883
1.369,-0.263175276988021,-0.260426708564775,-0.256623218694216,-0.258416448578901
1.36933333333333,-0.264045624744033,-0.26128291716582,-0.257458539524437,-0.259259945870045
1.36966666666667,-0.264920379474831,-0.262143436970278,-0.258298022446122,-0.260107655419363
1.37,-0.265799570030575,-0.263008296043241,-0.259141694224491,-0.260959604373911
1.37033333333333,-0.266683225493894,-0.263877522674699,-0.259989581836293,-0.261815820095728
1.37066666666667,-0.267571375182101,-0.264751145381678,-0.260841712471783,-0.262676330163882
1.371,-0.268464048649433,-0.265629192910404,-0.261698113536729,-0.263541162376477
1.37133333333333,-0.269361275689321,-0.266511694238479,-0.26255881265443,-0.264410344752733
1.37166666666667,-0.270263086336701,-0.267398678577099,-0.263423837667752,-0.265283905535052
1.372,-0.271169510870308,-0.268290175373284,-0.264293216641208,-0.266161873191137
1.37233333333333,-0.272080579815051,-0.269186214312123,-0.265166977863035,-0.267044276416104
1.37266666666667,-0.272996323944363,-0.270086825319081,-0.266045149847314,-0.267931144134648
1.373,-0.273916774282606,-0.270992038562285,-0.266927761336097,-0.268822505503198
1.37333333333333,-0.274841962107505,-0.271901884454868,-0.267814841301563,-0.269718389912134
1.37366666666667,-0.275771918952593,-0.272816393657319,-0.268706418948204,-0.270618826987989
1.374,-0.276706676609691,-0.273735597079889,-0.269602523715031,-0.271523846595712
1.37433333333333,-0.277646267131424,-0.274659525884977,-0.270503185277795,-0.27243347884092
1.37466666666667,-0.278590722833738,-0.275588211489584,-0.271408433551244,-0.273347754072213
1.375,-0.27954007629849,-0.276521685567776,-0.272318298691403,-0.274266702883476
1.37533333333333,-0.280494360376021,-0.277459980053181,-0.273232811097873,-0.275190356116238
1.37566666666667,-0.281453608187794,-0.278403127141501,-0.274152001416158,-0.276118744862036
1.376,-0.282417853129025,-0.279351159293077,-0.27507590054003,-0.277051900464813
1.37633333333333,-0.283387128871387,-0.28030410923545,-0.276004539613888,-0.277989854523346
1.37666666666667,-0.284361469365709,-0.281262009965985,-0.276937950035182,-0.278932638893696
1.377,-0.285340908844732,-0.282224894754495,-0.277876163456845,-0.279880285691682
1.37733333333333,-0.286325481825861,-0.283192797145918,-0.278819211789735,-0.280832827295396
1.37766666666667,-0.287315223113996,-0.284165750963005,-0.279767127205141,-0.281790296347724
1.378,-0.288310167804354,-0.285143790309058,-0.280719942137285,-0.28275272575892
1.37833333333333,-0.289310351285339,-0.286126949570678,-0.281677689285873,-0.283720148709185
1.37866666666667,-0.290315809241449,-0.287115263420555,-0.282640401618663,-0.284692598651295
1.379,-0.291326577656222,-0.2881087668203,-0.283608112374062,-0.285670109313251
1.37933333333333,-0.292342692815177,-0.289107495023293,-0.284580855063747,-0.286652714700939
1.37966666666667,-0.293364191308854,-0.29011148357756,-0.285558663475348,-0.287640449100866
1.38,-0.294391110035817,-0.291120768328703,-0.286541571675107,-0.288633347082876
1.38033333333333,-0.29542348620575,-0.292135385422852,-0.287529614010609,-0.289631443502931
1.38066666666667,-0.296461357342559,-0.293155371309647,-0.288522825113531,-0.290634773505902
1.381,-0.297504761287518,-0.294180762745257,-0.289521239902421,-0.291643372528414
1.38133333333333,-0.298553736202436,-0.295211596795443,-0.2905248935855,-0.292657276301696
1.38166666666667,-0.299608320572899,-0.296247910838636,-0.291533821663515,-0.29367652085449
1.382,-0.300668553211502,-0.29728974256908,-0.292548059932608,-0.29470114251597
1.38233333333333,-0.301734473261145,-0.298337129999975,-0.293567644487227,-0.295731177918709
1.38266666666667,-0.302806120198381,-0.299390111466686,-0.294592611723056,-0.296766664001677
1.383,-0.303883533836763,-0.300448725629985,-0.295622998339999,-0.297807638013265
1.38333333333333,-0.30496675433026,-0.301513011479309,-0.296658841345182,-0.298854137514359
1.38366666666667,-0.306055822176712,-0.302583008336077,-0.297700178055988,-0.299906200381423
1.384,-0.307150778221315,-0.30365875585705,-0.298747046103155,-0.300963864809654
1.38433333333333,-0.308251663660141,-0.304740294037698,-0.299799483433852,-0.302027169316143
1.38466666666667,-0.309358520043719,-0.30582766321565,-0.300857528314862,-0.303096152743072
1.385,-0.310471389280649,-0.306920904074146,-0.301921219335733,-0.30417085426098
1.38533333333333,-0.311590313641245,-0.30802005764556,-0.302990595412019,-0.305251313372023
1.38566666666667,-0.312715335761251,-0.309125165314931,-0.304065695788524,-0.306337569913307
1.386,-0.313846498645566,-0.31023626882358,-0.305146560042606,-0.307429664060239
1.38633333333333,-0.314983845672036,-0.311353410272715,-0.30623322808749,-0.308527636329918
1.38666666666667,-0.316127420595288,-0.312476632127128,-0.307325740175659,-0.309631527584583
1.387,-0.317277267550607,-0.313605977218908,-0.308424136902253,-0.310741379035076
1.38733333333333,-0.318433431057845,-0.314741488751207,-0.309528459208506,-0.311857232244361
1.38766666666667,-0.31959595602541,-0.315883210302035,-0.310638748385256,-0.31297912913108
1.388,-0.320764887754262,-0.317031185828139,-0.311755046076457,-0.314107111973151
1.38833333333333,-0.321940271941997,-0.318185459668879,-0.312877394282755,-0.315241223411401
1.38866666666667,-0.323122154686934,-0.319346076550181,-0.314005835365092,-0.31638150645326
1.389,-0.324310582492306,-0.320513081588532,-0.31514041204837,-0.31752800447647
1.38933333333333,-0.325505602270446,-0.321686520295013,-0.316281167425145,-0.318680761232862
1.38966666666667,-0.326707261347063,-0.322866438579395,-0.317428144959343,-0.319839820852167
1.39,-0.327915607465552,-0.324052882754273,-0.318581388490088,-0.321005227845874
1.39033333333333,-0.329130688791356,-0.32524589953925,-0.319740942235474,-0.32217702711112
1.39066666666667,-0.330352553916388,-0.326445536065166,-0.320906850796482,-0.323355263934657
1.391,-0.331581251863499,-0.327651839878412,-0.322079159160876,-0.324539983996831
1.39133333333333,-0.332816832091001,-0.328864858945233,-0.323257912707167,-0.32573123337563
1.39166666666667,-0.334059344497253,-0.330084641656151,-0.324443157208627,-0.326929058550768
1.392,-0.335308839425295,-0.33131123683038,-0.325634938837348,-0.328133506407837
1.39233333333333,-0.336565367667525,-0.332544693720354,-0.32683330416834,-0.329344624242469
1.39266666666667,-0.337828980470477,-0.333785062016254,-0.328038300183692,-0.330562459764585
1.393,-0.339099729539596,-0.335032391850636,-0.329249974276777,-0.3317870611027
1.39333333333333,-0.340377667044124,-0.336286733803071,-0.330468374256493,-0.333018476808221
1.39366666666667,-0.341662845622014,-0.337548138904891,-0.33169354835158,-0.334256755859867
1.394,-0.342955318384923,-0.338816658643942,-0.332925545214965,-0.335501947668098
1.39433333333333,-0.34425513892325,-0.340092344969441,-0.334164413928181,-0.336754102079617
1.39466666666667,-0.345562361311249,-0.341375250296853,-0.335410204005816,-0.338013269381908
1.395,-0.346877040112198,-0.342665427512866,-0.336662965400027,-0.339279500307848
1.39533333333333,-0.348199230383633,-0.343962929980377,-0.337922748505105,-0.340552846040354
1.39566666666667,-0.349528987682646,-0.345267811543603,-0.339189604162115,-0.341833358217112
1.396,-0.350866368071255,-0.346580126533194,-0.340463583663546,-0.343121088935338
1.39633333333333,-0.352211428121824,-0.347899929771454,-0.341744738758062,-0.344416090756609
1.39666666666667,-0.353564224922576,-0.349227276577587,-0.343033121655287,-0.345718416711744
1.397,-0.35492481608315,-0.350562222773052,-0.344328785030665,-0.347028120305761
1.39733333333333,-0.356293259740228,-0.351904824686946,-0.345631782030342,-0.348345255522874
1.39766666666667,-0.357669614563263,-0.353255139161478,-0.346942166276165,-0.349669876831565
1.398,-0.359053939760241,-0.354613223557487,-0.348259991870679,-0.351002039189709
1.39833333333333,-0.360446295083525,-0.355979135760061,-0.34958531340223,-0.352341798049754
1.39866666666667,-0.361846740835795,-0.357352934184194,-0.350918185950123,-0.353689209363997
1.399,-0.36325533787603,-0.358734677780542,-0.352258665089807,-0.355044329589886
1.39933333333333,-0.364672147625588,-0.360124426041216,-0.353606806898187,-0.356407215695409
1.39966666666667,-0.366097232074349,-0.361522239005693,-0.354962667958931,-0.357777925164533
1.4,-0.367530653786943,-0.362928177266759,-0.356326305367903,-0.359156516002737
1.40033333333333,-0.368972475909055,-0.364342301976545,-0.357697776738614,-0.360543046742569
1.40066666666667,-0.370422762173807,-0.36576467485264,-0.359077140207781,-0.361937576449331
1.401,-0.371881576908226,-0.367195358184288,-0.360464454440914,-0.363340164726778
1.40133333333333,-0.373348985039785,-0.368634414838631,-0.361859778638009,-0.364750871722904
1.40166666666667,-0.374825052103035,-0.370081908267086,-0.363263172539291,-0.366169758135833
1.402,-0.376309844246334,-0.371537902511735,-0.364674696431026,-0.36759688521973
1.40233333333333,-0.377803428238614,-0.373002462211857,-0.366094411151415,-0.369032314790819
1.40266666666667,-0.379305871476294,-0.374475652610505,-0.367522378096555,-0.370476109233474
1.403,-0.380817241990253,-0.375957539561191,-0.368958659226474,-0.371928331506366
1.40333333333333,-0.38233760845288,-0.377448189534616,-0.370403317071254,-0.373389045148709
1.40366666666667,-0.383867040185241,-0.37894766962555,-0.371856414737201,-0.37485831428658
1.404,-0.385405607164312,-0.380456047559742,-0.37331801591312,-0.376336203639294
1.40433333333333,-0.386953380030329,-0.381973391700937,-0.374788184876656,-0.377822778525887
1.40466666666667,-0.388510430094226,-0.383499771058004,-0.37626698650072,-0.379318104871683
1.405,-0.390076829345155,-0.385035255292119,-0.377754486259985,-0.380822249214906
1.40533333333333,-0.391652650458108,-0.386579914724069,-0.379250750237475,-0.382335278713419
1.40566666666667,-0.39323796680166,-0.388133820341642,-0.380755845131231,-0.38385726115152
1.406,-0.394832852445784,-0.389697043807104,-0.382269838261068,-0.385388264946835
1.40633333333333,-0.396437382169781,-0.39126965746477,-0.38379279757539,-0.386928359157297
1.40666666666667,-0.398051631470311,-0.392851734348712,-0.385324791658143,-0.388477613488206
1.407,-0.399675676569525,-0.394443348190504,-0.386865889735801,-0.390036098299388
1.40733333333333,-0.401309594423317,-0.396044573427121,-0.388416161684471,-0.391603884612445
1.40766666666667,-0.402953462729664,-0.397655485208909,-0.389975678037091,-0.393181044118079
1.408,-0.404607359937088,-0.399276159407681,-0.391544509990692,-0.394767649183541
1.40833333333333,-0.406271365253228,-0.400906672624899,-0.393122729413796,-0.396363772860139
1.40866666666667,-0.407945558653515,-0.402547102199967,-0.394710408853853,-0.397969488890877
1.409,-0.409630020889988,-0.404197526218657,-0.396307621544821,-0.399584871718171
1.40933333333333,-0.411324833500176,-0.405858023521605,-0.397914441414825,-0.401209996491642
1.40966666666667,-0.413030078816165,-0.407528673712951,-0.399530943093906,-0.402844939076076
1.41,-0.414745839973716,-0.409209557169084,-0.401157201921876,-0.404489776059414
1.41033333333333,-0.416472200921555,-0.410900755047481,-0.402793293956285,-0.406144584760888
1.41066666666667,-0.418209246430761,-0.412602349295711,-0.404439295980468,-0.407809443239239
1.411,-0.419957062104294,-0.414314422660493,-0.406095285511722,-0.409484430301066
1.41133333333333,-0.421715734386623,-0.416037058696948,-0.407761340809555,-0.411169625509253
1.41166666666667,-0.423485350573522,-0.417770341777901,-0.409437540884079,-0.412865109191533
1.412,-0.425265998821959,-0.419514357103359,-0.411123965504487,-0.41457096244914
1.41233333333333,-0.427057768160146,-0.4212691907101,-0.412820695207636,-0.416287267165584
1.41266666666667,-0.428860748497703,-0.423034929481371,-0.414527811306779,-0.418014106015551
1.413,-0.430675030635972,-0.424811661156748,-0.41624539590035,-0.419751562473893
1.41333333333333,-0.432500706278463,-0.426599474342104,-0.417973531880926,-0.421499720824753
1.41366666666667,-0.434337868041449,-0.428398458519717,-0.419712302944246,-0.423258666170824
1.414,-0.436186609464687,-0.430208704058518,-0.421461793598424,-0.425028484442684
1.41433333333333,-0.438047025022304,-0.432030302224474,-0.423222089173185,-0.426809262408295
1.41466666666667,-0.439919210133814,-0.433863345191109,-0.424993275829311,-0.428601087682617
1.415,-0.441803261175308,-0.435707926050175,-0.426775440568161,-0.430404048737324
1.41533333333333,-0.443699275490753,-0.437564138822448,-0.428568671241327,-0.432218234910698
1.41566666666667,-0.445607351403503,-0.439432078468699,-0.430373056560434,-0.4340437364176
1.416,-0.447527588227903,-0.441311840900785,-0.432188686107035,-0.435880644359599
1.41633333333333,-0.449460086281113,-0.443203522992917,-0.434015650342668,-0.437729050735238
1.41666666666667,-0.451404946895054,-0.445107222593057,-0.435854040619039,-0.439589048450433
1.417,-0.453362272428525,-0.447023038534489,-0.437703949188329,-0.441460731328999
1.41733333333333,-0.455332166279492,-0.448951070647537,-0.439565469213639,-0.443344194123324
1.41766666666667,-0.457314732897552,-0.450891419771451,-0.441438694779594,-0.445239532525201
1.418,-0.459310077796554,-0.452844187766452,-0.443323720903069,-0.447146843176773
1.41833333333333,-0.461318307567403,-0.454809477525936,-0.445220643544055,-0.449066223681634
1.41866666666667,-0.46333952989104,-0.456787392988861,-0.447129559616683,-0.450997772616115
1.419,-0.465373853551602,-0.458778039152305,-0.449050567000394,-0.45294158954066
1.41933333333333,-0.46742138844976,-0.460781522084163,-0.450983764551256,-0.454897775011401
1.41966666666667,-0.46948224561626,-0.46279794893606,-0.452929252113425,-0.456866430591879
1.42,-0.47155653722562,-0.464827427956443,-0.454887130530779,-0.458847658864897
1.42033333333333,-0.47364437661004,-0.466870068503813,-0.45685750165868,-0.460841563444574
1.42066666666667,-0.475745878273526,-0.468925981060184,-0.458840468375928,-0.462848248988535
1.421,-0.477861157906158,-0.470995277244715,-0.460836134596861,-0.464867821210275
1.42133333333333,-0.479990332398608,-0.47307806982752,-0.462844605283605,-0.466900386891672
1.42166666666667,-0.482133519856837,-0.475174472743688,-0.464865986458518,-0.468946053895709
1.422,-0.484290839617013,-0.477284601107501,-0.466900385216776,-0.47100493117934
1.42233333333333,-0.486462412260614,-0.479408571226826,-0.468947909739153,-0.473077128806524
1.42266666666667,-0.48864835962978,-0.481546500617736,-0.471008669304955,-0.475162757961467
1.423,-0.490848804842855,-0.483698508019335,-0.473082774305156,-0.477261930962021
1.42333333333333,-0.493063872310152,-0.485864713408765,-0.47517033625568,-0.47937476127327
1.42366666666667,-0.49529368774996,-0.48804523801647,-0.477271467810897,-0.481501363521316
1.424,-0.497538378204762,-0.490240204341624,-0.479386282777283,-0.483641853507243
1.42433333333333,-0.499798072057677,-0.492449736167817,-0.48151489612727,-0.48579634822126
1.42466666666667,-0.502072899049167,-0.494673958578962,-0.483657424013307,-0.48796496585708
1.425,-0.504362990293953,-0.496912997975389,-0.485813983782088,-0.490147825826445
1.42533333333333,-0.506668478298187,-0.499166982090227,-0.487984693988985,-0.492345048773895
1.42566666666667,-0.508989496976855,-0.501436040005965,-0.490169674412686,-0.494556756591717
1.426,-0.51132618167147,-0.503720302171291,-0.492369046070046,-0.496783072435119
1.42633333333333,-0.513678669167962,-0.506019900418142,-0.494582931231106,-0.499024120737583
1.42666666666667,-0.516047097714881,-0.508334967979024,-0.496811453434368,-0.501280027226486
1.427,-0.518431607041823,-0.510665639504565,-0.499054737502251,-0.503550918938875
1.42733333333333,-0.520832338378137,-0.513012051081318,-0.501312909556764,-0.505836924237508
1.42766666666667,-0.523249434471927,-0.515374340249835,-0.503586097035426,-0.508138172827118
1.428,-0.525683039609272,-0.517752646022995,-0.505874428707368,-0.510454795770861
1.42833333333333,-0.528133299633794,-0.520147108904601,-0.508178034689697,-0.512786925507056
1.42866666666667,-0.530600361966457,-0.522557870908237,-0.510497046464062,-0.515134695866107
1.429,-0.533084375625695,-0.524985075576405,-0.512831596893473,-0.517498242087714
1.42933333333333,-0.535585491247788,-0.527428867999946,-0.515181820239339,-0.519877700838259
1.42966666666667,-0.538103861107599,-0.529889394837736,-0.517547852178772,-0.522273210228523
1.43,-0.540639639139563,-0.532366804336679,-0.519929829822104,-0.524684909831577
1.43033333333333,-0.543192980958995,-0.534861246351977,-0.522327891730673,-0.527112940700958
1.43066666666667,-0.545764043883745,-0.53737287236772,-0.524742177934856,-0.529557445389136
1.431,-0.548352986956122,-0.539901835517758,-0.527172829952359,-0.532018567966168
1.43133333333333,-0.550959970965192,-0.542448290606886,-0.529619990806765,-0.534496454038697
1.43166666666667,-0.553585158469361,-0.545012394132352,-0.532083805046347,-0.536991250769146
1.432,-0.556228713819338,-0.54759430430567,-0.534564418763146,-0.539503106895278
1.43233333333333,-0.558890803181389,-0.550194181074758,-0.537061979612331,-0.542032172749939
1.43266666666667,-0.561571594560995,-0.552812186146412,-0.539576636831831,-0.544578600281145
1.433,-0.56427125782681,-0.555448483009105,-0.542108541262239,-0.547142543072451
1.43333333333333,-0.566989964735013,-0.558103236956129,-0.544657845367024,-0.549724156363592
1.43366666666667,-0.569727888954011,-0.560776615109086,-0.547224703253011,-0.552323597071439
1.434,-0.57248520608951,-0.563468786441715,-0.549809270691175,-0.554941023811245
1.43433333333333,-0.57526209370997,-0.566179921804107,-0.552411705137719,-0.557576596918215
1.43466666666667,-0.578058731372446,-0.568910193947243,-0.555032165755465,-0.560230478469374
1.435,-0.580875300648807,-0.571659777547931,-0.557670813435572,-0.562902832305759
1.43533333333333,-0.583711985152354,-0.5744288492341,-0.560327810819518,-0.565593824054929
1.43566666666667,-0.586568970564862,-0.577217587610488,-0.563003322321469,-0.568303621153799
1.436,-0.589446444664005,-0.580026173284724,-0.565697514150922,-0.571032392871835
1.43633333333333,-0.592344597351199,-0.582854788893765,-0.568410554335697,-0.573780310334538
1.43666666666667,-0.595263620679904,-0.585703619130799,-0.571142612745272,-0.57654754654732
1.437,-0.598203708884321,-0.588572850772491,-0.573893861114456,-0.579334276419709
1.43733333333333,-0.601165058408532,-0.591462672706692,-0.576664473067386,-0.582140676789901
1.43766666666667,-0.604147867936097,-0.594373275960534,-0.579454624141911,-0.584966926449676
1.438,-0.607152338420125,-0.597304853728994,-0.582264491814325,-0.587813206169714
1.43833333333333,-0.610178673113749,-0.600257601403855,-0.585094255524435,-0.590679698725228
1.43866666666667,-0.613227077601137,-0.603231716603141,-0.587944096701053,-0.593566588922032
1.439,-0.616297759828941,-0.606227399200987,-0.590814198787814,-0.596474063622949
1.43933333333333,-0.619390930138225,-0.609244851357969,-0.593704747269401,-0.599402311774637
1.43966666666667,-0.622506801296942,-0.612284277551925,-0.596615929698168,-0.602351524434814
1.44,-0.625645588532849,-0.615345884609216,-0.599547935721135,-0.605321894799877
1.44033333333333,-0.628807509566968,-0.618429881736498,-0.602500957107388,-0.608313618232924
1.44066666666667,-0.631992784647565,-0.621536480552976,-0.605475187775917,-0.611326892292232
1.441,-0.635201636584679,-0.624665895123175,-0.608470823823847,-0.614361916760127
1.44133333333333,-0.638434290785123,-0.627818341990171,-0.611488063555065,-0.617418893672281
1.44166666666667,-0.641690975288139,-0.630994040209424,-0.614527107509346,-0.620498027347486
1.442,-0.644971920801497,-0.634193211383064,-0.617588158491841,-0.623599524417844
1.44233333333333,-0.648277360738261,-0.637416079694742,-0.620671421603058,-0.626723593859414
1.44266666666667,-0.651607531254069,-0.640662871945049,-0.623777104269289,-0.629870447023354
1.443,-0.654962671285041,-0.643933817587456,-0.62690541627346,-0.633040297667478
1.44333333333333,-0.658343022586256,-0.647229148764833,-0.630056569786503,-0.636233361988338
1.44366666666667,-0.661748829770855,-0.650549100346554,-0.633230779399151,-0.639449858653771
1.444,-0.665180340349777,-0.653893909966191,-0.636428262154264,-0.642690008835955
1.44433333333333,-0.668637804772095,-0.657263818059767,-0.639649237579589,-0.645954036244943
1.44466666666667,-0.672121476466032,-0.660659067904675,-0.642893927721086,-0.649242167162728
1.445,-0.675631611880596,-0.664079905659177,-0.646162557176704,-0.652554630477842
1.44533333333333,-0.679168470527896,-0.66752658040253,-0.649455353130704,-0.655891657720426
1.44566666666667,-0.682732315026177,-0.670999344175769,-0.652772545388496,-0.659253483097925
1.446,-0.686323411143459,-0.674498452023158,-0.656114366412032,-0.662640343531253
1.44633333333333,-0.689942027841951,-0.678024162034249,-0.659481051355688,-0.666052478691539
1.44666666666667,-0.693588437323154,-0.681576735386673,-0.662872838102778,-0.669490131037466
1.447,-0.697262915073718,-0.685156436389611,-0.66628996730255,-0.672953545853157
1.44733333333333,-0.700965739911965,-0.688763532527912,-0.66973268240782,-0.676442971286639
1.44766666666667,-0.704697194035285,-0.692398294507016,-0.673201229713142,-0.679958658388945
1.448,-0.708457563068201,-0.69606099629852,-0.676695858393584,-0.683500861153767
1.44833333333333,-0.712247136111257,-0.699751915186511,-0.680216820544118,-0.687069836557759
1.44866666666667,-0.716066205790715,-0.703471331814689,-0.683764371219608,-0.690665844601479
1.449,-0.719915068309036,-0.707219530234209,-0.687338768475429,-0.694289148350934
1.44933333333333,-0.723794023496208,-0.710996797952295,-0.6909402734087,-0.697940013979784
1.44966666666667,-0.72770337486191,-0.714803425981717,-0.694569150200196,-0.701618710812235
1.45,-0.731643429648533,-0.718639708891006,-0.698225666156889,-0.705325511366568
1.45033333333333,-0.735614498885076,-0.722505944855529,-0.701910091755165,-0.709060691399359
1.45066666666667,-0.739616897441927,-0.726402435709396,-0.705622700684713,-0.71282452995042
1.451,-0.743650944086562,-0.730329486998235,-0.709363769893125,-0.716617309388415
1.45133333333333,-0.74771696154014,-0.734287408032792,-0.713133579631167,-0.720439315457203
1.45166666666667,-0.751815276535091,-0.738276511943496,-0.716932413498803,-0.72429083732294
1.452,-0.755946219873594,-0.742297115735859,-0.720760558491919,-0.728172167621896
1.45233333333333,-0.76011012648707,-0.746349540346817,-0.72461830504977,-0.732083602509029
1.45266666666667,-0.764307335496676,-0.750434110702023,-0.728505947103256,-0.736025441707366
1.453,-0.7685381902748,-0.754551155774093,-0.732423782123883,-0.73999798855813
1.45333333333333,-0.772803038507546,-0.758701008641796,-0.736372111173531,-0.74400155007168
1.45366666666667,-0.777102232258364,-0.762884006550277,-0.740351238955045,-0.748036436979297
1.454,-0.781436128032653,-0.767100490972256,-0.744361473863596,-0.752102963785729
1.45433333333333,-0.785805086843506,-0.771350807670271,-0.748403128038881,-0.756201448822643
1.45466666666667,-0.790209474278562,-0.775635306759978,-0.75247651741817,-0.760332214302911
1.455,-0.794649660567996,-0.779954342774509,-0.756581961790194,-0.764495586375758
1.45533333333333,-0.799126020653611,-0.784308274729893,-0.760719784849882,-0.768691895182808
1.45566666666667,-0.803638934259181,-0.788697466191648,-0.764890314254021,-0.772921474915053
1.456,-0.808188785961957,-0.793122285342452,-0.769093881677801,-0.777184663870714
1.45633333333333,-0.812775965265353,-0.797583105050956,-0.773330822872244,-0.781481804514043
1.45666666666667,-0.817400866672978,-0.802080302941847,-0.777601477722618,-0.785813243535106
1.457,-0.822063889763812,-0.806614261467013,-0.781906190307745,-0.790179331910512
1.45733333333333,-0.826765439268773,-0.811185367977978,-0.786245308960322,-0.794580424965111
1.45766666666667,-0.831505925148566,-0.815794014799591,-0.790619186328193,-0.799016882434779
1.458,-0.836285762672856,-0.820440599304945,-0.795028179436641,-0.803489068530133
1.45833333333333,-0.841105372500823,-0.8251255239916,-0.79947264975167,-0.807997352001332
1.45866666666667,-0.845965180763137,-0.829849196559134,-0.803952963244368,-0.812542106203958
1.459,-0.850865619145322,-0.834612029988035,-0.808469490456303,-0.817123709165955
1.45933333333333,-0.855807124972563,-0.839414442619924,-0.813022606565959,-0.82174254365566
1.45966666666667,-0.86079014129605,-0.844256858239237,-0.81761269145636,-0.826398997250986
1.46,-0.865815116980744,-0.849139706156264,-0.822240129783694,-0.831093462409724
1.46033333333333,-0.87088250679474,-0.854063421291667,-0.826905311047166,-0.83582633654101
1.46066666666667,-0.875992771500187,-0.859028444262481,-0.831608629659963,-0.840598022077995
1.461,-0.881146377945782,-0.864035221469621,-0.83635048502141,-0.845408926551705
1.46133333333333,-0.886343799160898,-0.869084205186873,-0.841131281590295,-0.850259462666098
1.46166666666667,-0.891585514451407,-0.874175853651547,-0.845951428959468,-0.855150048374457
1.462,-0.896872009497137,-0.879310631156646,-0.850811341931655,-0.860081106956974
1.46233333333333,-0.902203776451117,-0.88448900814468,-0.855711440596526,-0.865053067099656
1.46266666666667,-0.907581314040521,-0.889711461303177,-0.86065215040907,-0.870066362974583
1.463,-0.913005127669466,-0.894978473661846,-0.865633902269298,-0.875121434321463
1.46333333333333,-0.918475729523592,-0.900290534691476,-0.870657132603241,-0.880218726530595
1.46366666666667,-0.923993638676542,-0.905648140404614,-0.875722283445369,-0.885358690727216
1.464,-0.929559381198351,-0.911051793458039,-0.880829802522356,-0.890541783857265
1.46433333333333,-0.935173490265713,-0.91650200325702,-0.885980143338253,-0.895768468774594
1.46466666666667,-0.940836506274341,-0.92199928606152,-0.891173765261161,-0.901039214329669
1.465,-0.946548976953253,-0.927544165094258,-0.896411133611312,-0.906354495459771
1.46533333333333,-0.95231145748114,-0.933137170650694,-0.901692719750658,-0.911714793280713
1.46566666666667,-0.958124510604902,-0.938778840211088,-0.907019001174025,-0.917120595180128
1.466,-0.963988706760228,-0.944469718554478,-0.912390461601754,-0.922572394912368
1.46633333333333,-0.969904624194443,-0.950210357874779,-0.917807591073976,-0.928070692694964
1.46666666666667,-0.975872849091566,-0.956001317899007,-0.923270886046495,-0.933615995306813
1.467,-0.981893975699651,-0.961843166007606,-0.928780849488272,-0.939208816187986
1.46733333333333,-0.98796860646041,-0.967736477356977,-0.934337990980618,-0.944849675541261
1.46766666666667,-0.994097352141294,-0.973681835004283,-0.939942826818097,-0.950539100435432
1.468,-1.00028083196994,-0.979679830034525,-0.94559588011116,-0.956277624910384
1.46833333333333,-1.00651967377106,-0.985731061689886,-0.951297680890498,-0.96206579008392
1.46866666666667,-1.01281451410595,-0.99183613750156,-0.957048766213316,-0.967904144260549
1.469,-1.01916599841447,-0.997995673423942,-0.962849680271308,-0.973793243042058
1.46933333333333,-1.02557478115971,-1.00421029397129,-0.968700974500613,-0.979733649440041
1.46966666666667,-1.03204152597531,-1.01048063235694,-0.974603207693631,-0.985725933990394
1.47,-1.03856690581557,-1.01680733063513,-0.980556946112806,-0.991770674869789
1.47033333333333,-1.04515160310823,-1.02319103984539,-0.986562763606355,-0.997868458014145
1.47066666666667,-1.05179630991027,-1.02963242015968,-0.99262124172607,-1.00401987723925
1.471,-1.05850172806648,-1.03613214103225,-0.998732969847167,-1.01022553436341
1.47133333333333,-1.06526856937107,-1.04269088135229,-1.0048985452902,-1.01648603933228
1.47166666666667,-1.07209755573231,-1.04930932959948,-1.01111857344516,-1.02280201034593
1.472,-1.0789894193402,-1.05598818400246,-1.01739366789776,-1.02917407398805
1.47233333333333,-1.08594490283745,-1.06272815270019,-1.02372445055788,-1.03560286535752
1.47266666666667,-1.09296475949348,-1.0695299539065,-1.03011155179036,-1.04208902820222
1.473,-1.10004975338195,-1.07639431607769,-1.0365556105481,-1.04863321505536
1.47333333333333,-1.10720065956141,-1.0833219780832,-1.04305727450743,-1.05523608737397
1.47366666666667,-1.1144182642596,-1.09031368937973,-1.04961720020598,-1.0618983156801
1.474,-1.12170336506118,-1.09737021018852,-1.05623605318298,-1.0686205797044
1.47433333333333,-1.12905677109893,-1.10449231167599,-1.06291450812202,-1.07540356853224
1.47466666666667,-1.13647930324882,-1.11168077613801,-1.06965324899639,-1.08224798075253
1.475,-1.1439717943287,-1.11893639718752,-1.07645296921704,-1.0891545246091
1.47533333333333,-1.15153508930073,-1.12625997994582,-1.08331437178313,-1.09612391815485
1.47566666666667,-1.1591700454779,-1.13365234123756,-1.0902381694353,-1.10315688940864
1.476,-1.16687753273442,-1.14111430978946,-1.09722508481177,-1.11025417651502
1.47633333333333,-1.17465843372009,-1.14864672643289,-1.10427585060713,-1.11741652790678
1.47666666666667,-1.18251364407905,-1.15625044431033,-1.11139120973408,-1.12464470247048
1.477,-1.1904440726726,-1.16392632908596,-1.11857191548807,-1.13193946971499
1.47733333333333,-1.19845064180638,-1.17167525916013,-1.12581873171486,-1.13930160994295
1.47766666666667,-1.20653428746205,-1.17949812588827,-1.13313243298128,-1.14673191442554
1.478,-1.21469595953342,-1.18739583380387,-1.14051380474888,-1.15423118558021
1.47833333333333,-1.22293662206728,-1.1953693008459,-1.14796364355089,-1.16180023715177
1.47866666666667,-1.23125725350887,-1.20341945859076,-1.15548275717237,-1.16943989439676
1.479,-1.23965884695227,-1.21154725248869,-1.16307196483362,-1.17715099427115
1.47933333333333,-1.24814241039561,-1.21975364210486,-1.17073209737696,-1.18493438562146
1.47966666666667,-1.25670896700146,-1.22803960136528,-1.17846399745695,-1.19279092937944
1.48,-1.26535955536228,-1.23640611880753,-1.18626851973412,-1.20072149876027
1.48033333333333,-1.27409522977112,-1.24485419783646,-1.19414653107212,-1.20872697946438
1.48066666666667,-1.28291706049781,-1.25338485698503,-1.20209891073876,-1.21680826988306
1.481,-1.29182613407048,-1.26199913018026,-1.21012655061048,-1.22496628130775
1.48133333333333,-1.30082355356291,-1.27069806701458,-1.21823035538084,-1.23320193814331
1.48166666666667,-1.30991043888741,-1.27948273302255,-1.22641124277266,-1.24151617812511
1.482,-1.31908792709379,-1.28835420996318,-1.23467014375427,-1.24990995254028
1.48233333333333,-1.32835717267411,-1.29731359610783,-1.24300800275968,-1.25838422645289
1.48266666666667,-1.33771934787373,-1.30636200653408,-1.25142577791282,-1.2669399789335
1.483,-1.34717564300864,-1.31550057342538,-1.25992444125612,-1.27557820329285
1.48333333333333,-1.35672726678901,-1.32473044637678,-1.26850497898314,-1.28429990731992
1.48366666666667,-1.36637544664959,-1.33405279270695,-1.27716839167571,-1.29310611352453
1.484,-1.37612142908652,-1.34346879777651,-1.28591569454548,-1.30199785938434
1.48433333333333,-1.38596648000123,-1.35297966531274,-1.29474791767995,-1.3109761975966
1.48466666666667,-1.39591188505119,-1.36258661774107,-1.30366610629318,-1.32004219633453
1.485,-1.40595895000795,-1.37229089652325,-1.31267132098124,-1.32919693950856
1.48533333333333,-1.41610900112234,-1.38209376250249,-1.32176463798234,-1.33844152703252
1.48566666666667,-1.4263633854974,-1.39199649625567,-1.33094714944211,-1.34777707509477
1.486,-1.43672347146875,-1.40200039845288,-1.34021996368372,-1.35720471643454
1.48633333333333,-1.44719064899287,-1.41210679022417,-1.3495842054831,-1.36672560062337
1.48666666666667,-1.45776633004354,-1.42231701353422,-1.35904101634959,-1.37634089435207
1.487,-1.46845194901619,-1.43263243156441,-1.3685915548117,-1.38605178172294
1.48733333333333,-1.47924896314089,-1.44305442910307,-1.37823699670842,-1.39585946454763
1.48766666666667,-1.4901588529038,-1.45358441294378,-1.38797853548614,-1.40576516265068
1.488,-1.5011831224774,-1.46422381229195,-1.39781738250113,-1.41577011417882
1.48833333333333,-1.51232330015966,-1.4749740791799,-1.40775476732787,-1.42587557591617
1.48866666666667,-1.52358093882251,-1.48583668889068,-1.41779193807333,-1.43608282360549
1.489,-1.53495761636952,-1.4968131403907,-1.4279301616972,-1.44639315227558
1.48933333333333,-1.54645493620331,-1.50790495677155,-1.43817072433833,-1.45680787657492
1.48966666666667,-1.55807452770276,-1.51911368570104,-1.4485149316475,-1.46732833111178
1.49,-1.56981804671024,-1.53044089988386,-1.45896410912653,-1.47795587080083
1.49033333333333,-1.58168717602911,-1.54188819753188,-1.46951960247395,-1.48869187121644
1.49066666666667,-1.5936836259318,-1.55345720284445,-1.48018277793746,-1.4995377289528
1.491,-1.60580913467859,-1.56514956649901,-1.49095502267311,-1.51049486199101
1.49133333333333,-1.61806546904742,-1.57696696615192,-1.50183774511147,-1.52156471007318
1.49166666666667,-1.630454424875,-1.58891110695023,-1.51283237533103,-1.53274873508401
1.492,-1.64297782760936,-1.60098372205415,-1.52394036543869,-1.54404842143947
1.49233333333333,-1.65563753287424,-1.61318657317084,-1.53516318995781,-1.55546527648321
1.49266666666667,-1.66843542704566,-1.62552145109963,-1.54650234622381,-1.56700083089078
1.493,-1.6813734278406,-1.63799017628892,-1.55795935478747,-1.57865663908141
1.49333333333333,-1.69445348491849,-1.65059459940509,-1.56953575982613,-1.59043427963818
1.49366666666667,-1.70767758049558,-1.66333660191365,-1.58123312956298,-1.6023353557361
1.494,-1.7210477299726,-1.67621809667304,-1.59305305669462,-1.61436149557881
1.49433333333333,-1.73456598257574,-1.6892410285411,-1.60499715882687,-1.62651435284362
1.49466666666667,-1.74823442201184,-1.70240737499492,-1.61706707891942,-1.63879560713542
1.495,-1.76205516713739,-1.71571914676398,-1.62926448573895,-1.65120696444945
1.49533333333333,-1.77603037264225,-1.72917838847707,-1.64159107432143,-1.66375015764311
1.49566666666667,-1.79016222974825,-1.74278717932348,-1.65404856644346,-1.67642694691721
1.496,-1.80445296692276,-1.7565476337284,-1.6666387111029,-1.6892391203065
1.49633333333333,-1.81890485060806,-1.77046190204323,-1.67936328500911,-1.70218849418003
1.49666666666667,-1.83352018596638,-1.78453217125094,-1.69222409308282,-1.71527691375128
1.497,-1.84830131764147,-1.79876066568699,-1.70522296896603,-1.72850625359847
1.49733333333333,-1.86325063053659,-1.81314964777591,-1.71836177554191,-1.74187841819505
1.49766666666667,-1.8783705506097,-1.8277014187843,-1.73164240546522,-1.75539534245078
1.498,-1.89366354568604,-1.84241831959027,-1.7450667817031,-1.7690589922635
1.49833333333333,-1.90913212628853,-1.85730273146982,-1.75863685808676,-1.78287136508181
1.49866666666667,-1.92477884648654,-1.87235707690077,-1.77235461987422,-1.79683449047899
1.499,-1.9406063047632,-1.88758382038431,-1.78622208432414,-1.81095043073825
1.49933333333333,-1.95661714490193,-1.9029854692847,-1.80024130128123,-1.82522128144961
1.49966666666667,-1.97281405689251,-1.91856457468775,-1.81441435377333,-1.83964917211873
1.5,-1.9891997778572,-1.93432373227829,-1.82874335862054,-1.85423626678781
1.50033333333333,-2.00577709299722,-1.95026558323693,-1.84323046705633,-1.86898476466876
1.50066666666667,-2.02254883656034,-1.96639281515712,-1.85787786536132,-1.88389690078917
1.501,-2.03951789282981,-1.98270816298227,-1.87268777550971,-1.89897494665099
1.50133333333333,-2.05668719713522,-1.99921440996394,-1.88766245582858,-1.91422121090245
1.50166666666667,-2.07405973688568,-2.01591438864126,-1.90280420167051,-1.92963804002321
1.502,-2.09163855262629,-2.03281098184234,-1.91811534609982,-1.94522781902352
1.50233333333333,-2.10942673911753,-2.04990712370778,-1.93359826059225,-1.96099297215682
1.50266666666667,-2.12742744643917,-2.06720580073733,-1.94925535574916,-1.97693596364709
1.503,-2.14564388111831,-2.08471005285958,-1.96508908202567,-1.99305929843031
1.50333333333333,-2.16407930728267,-2.10242297452575,-1.9811019304736,-2.00936552291081
1.50366666666667,-2.18273704783951,-2.12034771582788,-1.99729643349939,-2.02585722573286
1.504,-2.20162048568081,-2.13848748364194,-2.01367516563724,-2.04253703856747
1.50433333333333,-2.220733064915,-2.15684554279639,-2.03024074433754,-2.05940763691483
1.50466666666667,-2.24007829212633,-2.17542521726698,-2.04699583077141,-2.07647174092283
1.505,-2.25965973766217,-2.19422989139815,-2.06394313065136,-2.09373211622197
1.50533333333333,-2.27948103694864,-2.2132630111515,-2.08108539506811,-2.11119157477647
1.50566666666667,-2.29954589183584,-2.23252808538236,-2.09842542134464,-2.1288529757528
1.506,-2.31985807197252,-2.25202868714451,-2.11596605390684,-2.146719226405
1.50633333333333,-2.34042141621131,-2.27176845502404,-2.13371018517194,-2.16479328297775
1.50666666666667,-2.36123983404521,-2.29175109450281,-2.15166075645456,-2.18307815162728
1.507,-2.38231730707559,-2.31198037935221,-2.16982075889077,-2.20157688936048
1.50733333333333,-2.40365789051252,-2.33246015305751,-2.1881932343806,-2.22029260499238
1.50766666666667,-2.42526571470836,-2.35319433027398,-2.20678127654929,-2.23922846012259
1.508,-2.44714498672491,-2.37418689831503,-2.22558803172768,-2.25838767013101
1.50833333333333,-2.46929999193478,-2.39544191867288,-2.2446166999518,-2.27777350519271
1.50866666666667,-2.49173509565807,-2.41696352857286,-2.26387053598248,-2.29738929131297
1.509,-2.51445474483437,-2.4387559425615,-2.28335285034481,-2.3172384113822
1.50933333333333,-2.53746346973134,-2.46082345412922,-2.3030670103881,-2.33732430625147
1.50966666666667,-2.56076588569027,-2.48317043736845,-2.32301644136665,-2.35765047582881
1.51,-2.58436669490919,-2.50580134866741,-2.34320462754158,-2.37822048019665
1.51033333333333,-2.60827068826433,-2.5287207284403,-2.3636351133039,-2.39903794075049
1.51066666666667,-2.63248274717062,-2.55193320289489,-2.38431150431965,-2.42010654135964
1.511,-2.65700784548171,-2.57544348583747,-2.40523746869691,-2.44143002954975
1.51133333333333,-2.68185105143018,-2.59925638051614,-2.42641673817508,-2.46301221770772
1.51166666666667,-2.70701752960873,-2.623376781503,-2.44785310933718,-2.48485698430935
1.512,-2.73251254299267,-2.6478096766157,-2.46955044484489,-2.50696827516983
1.51233333333333,-2.75834145500429,-2.67256014887866,-2.49151267469679,-2.52935010471727
1.51266666666667,-2.78450973162021,-2.69763337852513,-2.51374379751062,-2.55200655729002
1.513,-2.81102294352135,-2.72303464503974,-2.53624788182885,-2.57494178845732
1.51333333333333,-2.83788676828667,-2.74876932924251,-2.55902906744864,-2.59816002636395
1.51366666666667,-2.86510699263087,-2.77484291541461,-2.58209156677599,-2.62166557309903
1.514,-2.89268951468675,-2.80126099346629,-2.60543966620471,-2.64546280608924
1.51433333333333,-2.92064034633199,-2.82802926114689,-2.62907772751961,-2.66955617951612
1.51466666666667,-2.94896561556135,-2.8551535262979,-2.65301018932517,-2.69395022575831
1.515,-2.9776715689042,-2.88263970914863,-2.67724156849889,-2.71864955685833
1.51533333333333,-3.00676457388741,-2.91049384465492,-2.70177646166992,-2.74365886601404
1.51566666666667,-3.03625112154425,-2.93872208488092,-2.726619546723,-2.76898292909506
1.516,-3.06613782896888,-2.96733070142395,-2.75177558432779,-2.79462660618394
1.51633333333333,-3.09643144191631,-2.99632608788203,-2.7772494194931,-2.82059484314184
1.51666666666667,-3.12713883744832,-3.02571476236445,-2.80304598314703,-2.84689267319925
1.517,-3.15826702662424,-3.05550337004439,-2.82917029374171,-2.87352521857086
1.51733333333333,-3.18982315723678,-3.08569868575344,-2.85562745888342,-2.90049769209478
1.51766666666667,-3.22181451659244,-3.11630761661779,-2.8824226769876,-2.92781539889605
1.518,-3.25424853433521,-3.14733720473448,-2.90956123895815,-2.95548373807336
1.51833333333333,-3.28713278531337,-3.1787946298876,-2.93704852989118,-2.98350820440926
1.51866666666667,-3.32047499248828,-3.21068721230295,-2.96489003080259,-3.01189439010311
1.519,-3.35428302988382,-3.2430224154402,-2.99309132037904,-3.04064798652619
1.51933333333333,-3.38856492557471,-3.27580784882032,-3.02165807675128,-3.06977478599791
1.51966666666667,-3.42332886471334,-3.30905127088783,-3.05059607929023,-3.0992806835833
1.52,-3.45858319259126,-3.34276059190421,-3.07991121042337,-3.12917167890936
1.52033333333333,-3.49433641773526,-3.37694387687187,-3.10960945747227,-3.15945387800076
1.52066666666667,-3.53059721503403,-3.411609348485,-3.13969691450896,-3.19013349513266
1.521,-3.56737442889322,-3.44676539010465,-3.17017978423031,-3.2212168546996
1.52133333333333,-3.60467707641558,-3.48242054875482,-3.20106437984914,-3.25271039309892
1.52166666666667,-3.64251435060315,-3.51858353813624,-3.23235712700066,-3.28462066062731
1.522,-3.68089562357659,-3.55526324165308,-3.26406456566205,-3.31695432338796
1.52233333333333,-3.71983044980796,-3.59246871544835,-3.29619335208369,-3.34971816520677
1.52266666666667,-3.75932856936189,-3.6302091914433,-3.32875026072984,-3.38291908955507
1.523,-3.79939991113939,-3.66849408037439,-3.36174218622613,-3.41656412147611
1.52333333333333,-3.84005459611865,-3.70733297482243,-3.39517614531163,-3.45066040951272
1.52366666666667,-3.88130294058585,-3.74673565222664,-3.42905927879238,-3.48521522763291
1.524,-3.92315545934866,-3.78671207787618,-3.46339885349315,-3.52023597714973
1.52433333333333,-3.96562286892418,-3.82727240787054,-3.4982022642038,-3.55573018863162
1.52466666666667,-4.00871609069303,-3.86842699204062,-3.53347703561696,-3.59170552379963
1.525,-4.05244625400873,-3.91018637681939,-3.56923082425191,-3.62816977740595
1.52533333333333,-4.09682469925253,-3.95256130805177,-3.60547142036061,-3.66513087908937
1.52566666666667,-4.14186298082163,-3.99556273373229,-3.64220674981081,-3.70259689520234
1.526,-4.18757287003752,-4.03920180665599,-3.67944487593993,-3.74057603060268
1.52633333333333,-4.2339663579612,-4.08348988697017,-3.71719400137459,-3.77907663040467
1.52666666666667,-4.28105565809937,-4.12843854461027,-3.75546246980867,-3.81810718168157
1.527,-4.32885320898506,-4.1740595616031,-3.79425876773241,-3.85767631511183
1.52733333333333,-4.37737167661424,-4.22036493421961,-3.83359152610498,-3.89779280656087
1.52766666666667,-4.4266239567194,-4.26736687495663,-3.87346952196209,-3.9384655785891
1.528,-4.47662317685794,-4.31507781432666,-3.91390167994894,-3.97970370187656
1.52833333333333,-4.52738269829188,-4.36351040243098,-3.95489707376833,-4.02151639655228
1.52866666666667,-4.57891611763464,-4.41267751029241,-3.99646492753367,-4.06391303341843
1.529,-4.63123726823603,-4.46259223091801,-4.03861461701363,-4.10690313505469
1.52933333333333,-4.68436022127722,-4.51326788006419,-4.0813556707572,-4.15049637679065
1.52966666666667,-4.73829928654237,-4.56471799667003,-4.12469777108359,-4.19470258753045
1.53,-4.79306901283299,-4.61695634292525,-4.16865075492284,-4.23953175041383
1.53033333333333,-4.84868418798691,-4.66999690393459,-4.21322461449027,-4.28499400329628
1.53066666666667,-4.90515983846204,-4.72385388693874,-4.25842949777744,-4.33109963902973
1.531,-4.96251122844094,-4.77854172004778,-4.30427570884051,-4.37785910552332
1.53133333333333,-5.02075385840853,-4.83407505044003,-4.35077370786461,-4.42528300556225
1.53166666666667,-5.07990346315403,-4.89046874197688,-4.39793411098364,-4.47338209636202
1.532,-5.13997600914043,-4.94773787217795,-4.44576768982978,-4.52216728883171
1.53233333333333,-5.20098769118505,-5.00589772849987,-4.49428537078832,-4.57164964652005
1.53266666666667,-5.26295492838693,-5.06496380385557,-4.5434982339294,-4.6218403842144
1.533,-5.3258943592346,-5.12495179130759,-4.59341751158726,-4.67275086616183
1.53333333333333,-5.38982283582089,-5.18587757786371,-4.64405458655445,-4.72439260387739
1.53366666666667,-5.45475741708948,-5.24775723729976,-4.6954209898577,-4.77677725350526
1.534,-5.52071536102805,-5.31060702192675,-4.74752839807747,-4.82991661269197
1.53433333333333,-5.58771411572194,-5.37444335321667,-4.80038863017258,-4.88382261693177
1.53466666666667,-5.65577130917312,-5.43928281119453,-4.85401364376756,-4.93850733533881
1.535,-5.7249047377842,-5.50514212249807,-4.90841553085694,-4.99398296579874
1.53533333333333,-5.79513235340126,-5.57203814700171,-4.96360651287926,-5.05026182944929
1.53566666666667,-5.86647224880194,-5.63998786289428,-5.01959893510861,-5.10735636443579
1.536,-5.93894264150807,-5.70900835009337,-5.07640526030863,-5.16527911888284
1.53633333333333,-6.01256185579639,-5.77911677187402,-5.13403806159107,-5.2240427430224
1.53666666666667,-6.08734830277189,-5.85033035458169,-5.19251001441647,-5.28365998041157
1.537,-6.16332045836223,-5.92266636529323,-5.25183388767044,-5.34414365817136
1.53733333333333,-6.24049683908273,-5.99614208728202,-5.31202253374543,-5.40550667617231
1.53766666666667,-6.31889597541656,-6.07077479314019,-5.3730888775549,-5.46776199509015
1.538,-6.39853638264213,-6.14658171539818,-5.4350459043987,-5.53092262324724
1.53833333333333,-6.4794365289384,-6.22358001448304,-5.49790664659897,-5.59500160215446
1.53866666666667,-6.56161480058648,-6.30178674384511,-5.56168416881772,-5.66001199066085
1.539,-6.64508946408072,-6.38121881208048,-5.6263915519637,-5.72596684761453
1.53933333333333,-6.72987862495607,-6.46189294187021,-5.69204187559177,-5.79287921293343
1.53966666666667,-6.8160001831317,-6.54382562555497,-5.75864819869386,-5.86076208698005
1.54,-6.90347178456543,-6.62703307715857,-5.82622353877399,-5.92962840812875
1.54033333333333,-6.99231076900856,-6.71153118067287,-5.89478084909707,-5.99949102840933
1.54066666666667,-7.0825341136485,-6.7973354344173,-5.96433299399666,-6.07036268710797
1.541,-7.17415837242139,-6.8844608912829,-6.03489272212048,-6.14225598219814
1.54133333333333,-7.26719961078023,-6.97292209468031,-6.10647263749176,-6.21518333947521
1.54166666666667,-7.36167333570089,-7.06273301000954,-6.17908516825778,-6.28915697925991
1.542,-7.45759442071498,-7.15390695148159,-6.25274253299515,-6.36418888053522
1.54233333333333,-7.55497702576174,-7.24645650413085,-6.32745670443834,-6.44029074237736
1.54266666666667,-7.6538345116623,-7.34039344087159,-6.40323937049651,-6.51747394254025
1.543,-7.75417934902923,-7.43572863447002,-6.48010189242091,-6.5957494930505
1.54333333333333,-7.85602302144054,-7.53247196432353,-6.55805525998494,-6.67512799266938
1.54366666666667,-7.95937592272963,-7.63063221796973,-6.63711004354238,-6.75561957608147
1.544,-8.06424724826197,-7.73021698727417,-6.71727634282571,-6.83723385966712
1.54433333333333,-8.17064488010588,-7.83123255928941,-6.7985637323558,-6.91997988372444
1.54466666666667,-8.27857526603355,-7.93368380181708,-6.88098120333408,-7.00386605100713
1.545,-8.38804329233559,-8.03757404375884,-6.96453710189829,-7.08890006145465
1.54533333333333,-8.49905215047606,-8.1429049503975,-7.04923906362887,-7.1750888429972
1.54566666666667,-8.61160319767647,-8.24967639381857,-7.13509394420747,-7.26243847833334
1.546,-8.72569581157478,-8.35788631875304,-7.2221077461389,-7.35095412758747
1.54633333333333,-8.84132723917902,-8.46753060420421,-7.31028554146489,-7.44063994677267
1.54666666666667,-8.95849244041852,-8.57860292131666,-7.39963139041989,-7.53149900200721
1.547,-9.0771839266754,-8.69109458803504,-7.49014825599549,-7.62353317944753
1.54733333333333,-9.19739159478436,-8.80499442121737,-7.58183791441133,-7.71674309093594
1.54766666666667,-9.31910255708858,-8.92028858697538,-7.67470086151633,-7.81112797538491
1.548,-9.44230096824951,-9.03696045013559,-7.76873621517502,-7.90668559595214
1.54833333333333,-9.56696784963284,-9.15499042384674,-7.86394161373391,-8.0034121331031
1.54866666666667,-9.69308091221277,-9.2743558204853,-7.96031311069949,-8.10130207369169
1.549,-9.82061437906573,-9.39503070514595,-8.0578450658045,-8.20034809623834
1.54933333333333,-9.94953880865333,-9.51698575313516,-8.15653003268451,-8.30054095262858
1.54966666666667,-10.0798209202285,-9.64018811301916,-8.25635864344132,-8.40186934651122
1.55,-10.2114234228122,-9.7646012768904,-8.35731949041529,-8.50431980872076
1.55033333333333,-10.3443048493172,-9.89018495963681,-8.45939900555395,-8.60787657011265
1.55066666666667,-10.4784193974897,-10.0168949890828,-8.562581337813,-8.71252143225167
1.551,-10.6137167794272,-10.1446832089438,-8.66684822908854,-8.81823363645264
1.55133333333333,-10.7501420814965,-10.2734973965785,-8.77217888923686,-8.92498973173213
1.55166666666667,-10.8876356365016,-10.4032811975283,-8.87854987079334,-9.03276344228386
1.552,-11.0261329099502,-10.5339740787916,-8.98593494405691,-9.14152553514344
1.55233333333333,-11.1655644022132,-10.6655113027002,-9.09430497325497,-9.25124368875702
1.55266666666667,-11.3058555682755,-10.7978239231133,-9.20362779454837,-9.36188236321169
1.553,-11.446926756608,-10.9308388054354,-9.31386809666713,-9.47340267291428
1.55333333333333,-11.5886931684736,-11.0644786716863,-9.42498730499762,-9.58576226253663
1.55366666666667,-11.7310648386784,-11.1986621714893,-9.53694346994799,-9.69891518704939
1.554,-11.8739466384069,-11.3333039794063,-9.64969116041933,-9.81281179666789
1.55433333333333,-12.0172383003354,-11.4683149185307,-9.7631813631885,-9.92739862751303
1.55466666666667,-12.1608344656925,-11.6036021096485,-9.87736138897156,-10.0426182987563
1.555,-12.3046247523368,-11.7390691446012,-9.99217478587511,-10.1584094169606
1.55533333333333,-12.4484938422608,-11.8746162817379,-10.1075612608622,-10.2747064882529
1.55566666666667,-12.5923215862236,-12.0101406605518,-10.2234566097589,-10.3914398388789
1.556,-12.7359831224566,-12.145536531746,-10.3397926561947,-10.508535544564
1.55633333333333,-12.8793490056398,-12.2806954981291,-10.4564971997317,-10.6259153689908
1.55666666666667,-13.0222853415955,-12.4155067608835,-10.5734939732599,-10.7434967115467
1.557,-13.1646539224637,-12.5498573649454,-10.6907026095643,-10.8611925643534
1.55733333333333,-13.306312356517,-12.6836324364986,-10.808038616766,-10.9789114784266
1.55766666666667,-13.4471141863181,-12.8167154049609,-10.9254133621503,-11.0965575386673
1.558,-13.5869089886307,-12.9489882013628,-11.0427340636919,-11.2140303472408
1.55833333333333,-13.7255424494513,-13.0803314247456,-11.1599037884127,-11.3312250147879
1.55866666666667,-13.8628564077612,-13.2106244681452,-11.2768214565477,-11.4480321588249
1.559,-13.9986888621527,-13.3397455959529,-11.3933818503725,-11.5643379086567
1.55933333333333,-14.1328739354266,-13.4675719649621,-11.5094756264822,-11.6800239161493
1.55966666666667,-14.2652417935977,-13.5939795822683,-11.6249893303053,-11.7949673718104
1.56,-14.3956185175207,-13.7188431943815,-11.7398054117086,-11.909041025805
1.56033333333333,-14.5238259275861,-13.842036103494,-11.8538022407287,-12.0221132138266
1.56066666666667,-14.6496813646007,-13.9634299087654,-11.9668541227401,-12.1340478881304
1.561,-14.7729974330617,-14.0828941727843,-12.0788313127644,-12.2447046545473
1.56133333333333,-14.8935817165045,-14.2002960159844,-12.189600029157,-12.3539388169213
1.56166666666667,-15.0112364783758,-14.3154996447248,-12.2990224675612,-12.4616014311597
1.562,-15.1257583658546,-14.4283658219191,-12.4069568168012,-12.5675393719247
1.56233333333333,-15.2369381380985,-14.5387512924813,-12.5132572793046,-12.6715954159433
1.56266666666667,-15.3445604443479,-14.6465081793583,-12.6177740996545,-12.7736083469088
1.563,-15.4484036810025,-14.7514833694561,-12.7203536059804,-12.873413087984
1.56333333333333,-15.548239959958,-14.8535179122489,-12.8208382700576,-12.9708408689443
1.56366666666667,-15.6438352229082,-14.9524464571578,-12.9190667931618,-13.0657194359604
1.564,-15.7349495377017,-15.0480967587645,-13.014874225863,-13.1578733128607
1.56433333333333,-15.8213376129215,-15.1402892814595,-13.1080921310001,-13.2471241233706
1.56466666666667,-15.9027495653334,-15.228836937011,-13.1985487999692,-13.3332909842177
1.565,-15.9789319714645,-15.3135449896255,-13.2860695331179,-13.4161909790433
1.56533333333333,-16.0496292291361,-15.3942111631601,-13.3704769954019,-13.4956397227187
1.56566666666667,-16.1145852471015,-15.4706259840196,-13.4515916584317,-13.571452024825
1.566,-16.1735454710327,-15.5425733907656,-13.5292323395511,-13.6434426596978
1.56633333333333,-16.2262592420373,-15.6098316373795,-13.6032168475842,-13.7114272484945
1.56666666666667,-16.2724824699415,-15.6721745113362,-13.673362743296,-13.7752232562093
1.567,-16.3119805882067,-15.7293728800697,-13.7394882204049,-13.8346511034379
1.56733333333333,-16.344531741205,-15.7811965700499,-13.8014131101528,-13.8895353890347
1.56766666666667,-16.3699301384988,-15.8274165716586,-13.8589600089987,-13.9397062156813
1.568,-16.3879894957509,-15.8678075505845,-13.9119555250011,-13.9850006059195
1.56833333333333,-16.3985464690122,-15.9021506329404,-13.9602316340078,-14.0252639915679
1.56866666666667,-16.4014639795032,-15.930236417289,-14.0036271319882,-14.0603517548126
1.569,-16.3966343206212,-15.951868152925,-14.0419891649337,-14.0901307948919
1.56933333333333,-16.383981938595,-15.9668650109092,-14.0751748128922,-14.114481090413
1.56966666666667,-16.3634657834673,-15.9750653633723,-14.1030527001768,-14.1332972241988
1.57,-16.335081138036,-15.9763299783794,-14.1255045998172,-14.1464898354096
1.57033333333333,-16.2988608487001,-15.9705450330136,-14.142426997198,-14.1539869627153
1.57066666666667,-16.2548759030551,-15.9576248469413,-14.1537325757699,-14.1557352426779
1.571,-16.2032353233937,-15.9375142430206,-14.1593515869547,-14.1517009293223
1.57133333333333,-16.1440853714808,-15.910190450601,-14.1592330670299,-14.1418707041478
1.57166666666667,-16.0776080864486,-15.8756644808264,-14.1533458659615,-14.1262522504797
1.572,-16.0040192026854,-15.833981920881,-14.1416794568451,-14.1048745719271
1.57233333333333,-15.9235655166586,-15.7852231147895,-14.124244499721,-14.0777880415515
1.57266666666667,-15.8365217894295,-15.7295027209012,-14.1010731398514,-14.0450641758493
1.573,-15.7431872843468,-15.6669686591908,-14.0722190278341,-14.0067951354688
1.57333333333333,-15.6438820465858,-15.5978004836097,-14.0377570568216,-13.9630929623238
1.57366666666667,-15.538943032866,-15.5222072345938,-13.997782820256,-13.9140885700787
1.574,-15.4287201962422,-15.4404248433896,-13.9524118015183,-13.8599305115187
1.57433333333333,-15.3135726230442,-15.3527131722677,-13.9017783143398,-13.8007835517995
1.57466666666667,-15.1938648078161,-15.2593527825014,-13.8460342194032,-13.7368270807886
1.575,-15.0699631385017,-15.1606415250883,-13.7853474479806,-13.6682534005357
1.57533333333333,-14.9422326492278,-15.0568910478318,-13.7199003675249,-13.595265925301
1.57566666666667,-14.8110340828101,-14.9484233070863,-13.6498880267294,-13.5180773315727
1.576,-14.676721290392,-14.8355671639536,-13.5755163186868,-13.4369076942284
1.57633333333333,-14.5396389820746,-14.7186551338258,-13.497000100468,-13.3519826426206
1.57666666666667,-14.4001208304638,-14.5980203458046,-13.4145613058403,-13.2635315670853
1.577,-14.2584879190348,-14.4739937555213,-13.328427085154,-13.1717859024501
1.57733333333333,-14.1150475191771,-14.346901641989,-13.2388280028544,-13.0769775107541
1.57766666666667,-13.9700921737472,-14.2170634069502,-13.1459963188918,-12.9793371808471
1.578,-13.8238990607432,-14.0847896841969,-13.0501643757352,-12.8790932579911
1.57833333333333,-13.6767296081762,-13.9503807568452,-12.9515631079811,-12.7764704122271
1.57866666666667,-13.5288293300642,-13.8141252726907,-12.850420686898,-12.671688550227
1.579,-13.380427853494,-13.676299241611,-12.7469613078225,-12.5649618717316
1.57933333333333,-13.2317391076164,-13.5371652944348,-12.6414041242618,-12.4564980685347
1.57966666666667,-13.0829616470262,-13.3969721796377,-12.5339623289489,-12.3464976613486
1.58,-12.9342790840399,-13.2559544724954,-12.4248423790096,-12.2351534677886
1.58033333333333,-12.7858606067184,-13.1143324706724,-12.3142433598415,-12.122650193103
1.58066666666667,-12.6378615619664,-12.9723122505009,-12.2023564802859,-12.0091641341466
1.581,-12.4904240855457,-12.8300858591501,-12.0893646901619,-11.894862986368
1.58133333333333,-12.343677763285,-12.6878316193629,-11.9754424101935,-11.7799057432338
1.58166666666667,-12.1977403100853,-12.5457145252392,-11.8607553637267,-11.6644426774615
1.582,-12.0527182554777,-12.4038867095716,-11.7454604993764,-11.5486153936354
1.58233333333333,-11.9087076264497,-12.2624879653497,-11.6297059937728,-11.4325569421886
1.58266666666667,-11.7657946200097,-12.1216463061617,-11.5136313238496,-11.3163919852702
1.583,-11.6240562595226,-11.9814785522874,-11.3973673985902,-11.2002370056857
1.58333333333333,-11.4835610301883,-11.8420909312052,-11.2810367407379,-11.0842005508011
1.58366666666667,-11.3443694902146,-11.7035796830555,-11.1647537096824,-10.9683835040718
1.584,-11.2065348552111,-11.5660316632233,-11.0486247574811,-10.8528793776039
1.58433333333333,-11.0701035541763,-11.4295249356908,-10.9327487107597,-10.7377746199177
1.58466666666667,-10.9351157561278,-11.2941293520951,-10.8172170720104,-10.6231489337984
1.585,-10.8016058669985,-11.1599071125736,-10.702114334576,-10.5090755998085
1.58533333333333,-10.6696029968712,-11.0269133054474,-10.5875183063325,-10.3956218016676
1.58566666666667,-10.5391313979884,-10.895196423632,-10.4735004377725,-10.282848950297
1.586,-10.4102108742512,-10.7647988563665,-10.3601261508275,-10.1708130038567
1.58633333333333,-10.2828571631345,-10.6357573554319,-10.2474551653484,-10.0595647815801
1.58666666666667,-10.1570822911028,-10.5081034755178,-10.1355418206969,-9.94915026964241
1.587,-10.0328949037115,-10.3818639887721,-10.0244353903607,-9.83961091766785
1.58733333333333,-9.91030057165684,-10.2570612738927,-9.91418038794084,-9.73098392481728
1.58766666666667,-9.78930207406488,-10.1337136803482,-9.80481686320837,-9.62330251467388
1.588,-9.66989966032942,-10.0118358685086,-9.69638068726447,-9.51659619839574
1.58833333333333,-9.55209129179556,-9.89143912659686,-9.58890382610117,-9.41089102580586
1.58866666666667,-9.43587286456387,-9.77253166547063,-9.48241460210251,-9.30620982426707
1.589,-9.32123841465561,-9.65511889230557,-9.3769379432228,-9.20257242533501
1.58933333333333,-9.20818030673072,-9.53920366428304,-9.2724956197449,-9.09999587929723
1.58966666666667,-9.0966894075087,-9.42478652340737,-9.16910646866201,-8.99849465781069
1.59,-8.98675524497552,-9.31186591356088,-9.06678660583383,-8.89808084491652
1.59033333333333,-8.87836615441682,-9.20043838090091,-8.96554962616665,-8.79876431678106
1.59066666666667,-8.77150941224751,-9.09049875866354,-8.8654067921289,-8.700552910549
1.591,-8.66617135855836,-8.98204033741131,-8.76636721097652,-8.603452582733
1.59133333333333,-8.56233750923879,-8.87505502171645,-8.66843800109969,-8.50746755758408
1.59166666666667,-8.45999265847954,-8.76953347422535,-8.5716244479307,-8.41260046589965
1.592,-8.35912097240784,-8.66546524800811,-8.47593014987563,-8.31885247473714
1.59233333333333,-8.25970607455078,-8.56283890803915,-8.38135715473795,-8.22622340849465
1.59266666666667,-8.1617311237792,-8.46164214261589,-8.28790608711193,-8.13471186182362
1.593,-8.06517888533148,-8.36186186546482,-8.19557626721578,-8.04431530482279
1.59333333333333,-7.9700317954782,-8.26348430924426,-8.10436582163479,-7.95503018095852
1.59366666666667,-7.87627202034135,-8.16649511110067,-8.01427178642821,-7.86685199813705
1.594,-7.7838815093467,-8.07087939089536,-7.92529020304641,-7.77977541334266
1.59433333333333,-7.69284204375076,-7.97662182267459,-7.83741620748857,-7.69379431124003
1.59466666666667,-7.60313528064578,-7.88370669991271,-7.75064411311148,-7.608901877116
1.595,-7.51474279282098,-7.79211799502525,-7.66496748748951,-7.52509066452649
1.59533333333333,-7.42764610482347,-7.70183941360834,-7.58037922370171,-7.44235265799015
1.59566666666667,-7.34182672553573,-7.61285444382653,-7.49687160640621,-7.36067933105436
1.596,-7.25726617756367,-7.52514640134321,-7.4144363730447,-7.28006170004166
1.59633333333333,-7.17394602370385,-7.43869847015462,-7.33306477049973,-7.20049037376891
1.59666666666667,-7.09184789073518,-7.35349373966008,-7.25274760750946,-7.12195559950975
1.597,-7.0109534907646,-7.26951523827899,-7.17347530312937,-7.04444730546116
1.59733333333333,-6.93124464033436,-7.18674596389761,-7.09523793151122,-6.96795513995451
1.59766666666667,-6.8527032774814,-7.10516891140629,-7.01802526325268,-6.89246850763657
1.598,-6.77531147692626,-7.02476709757022,-6.94182680355807,-6.81797660283549
1.59833333333333,-6.69905146355283,-6.94552358345481,-6.86663182743315,-6.74446844030877
1.59866666666667,-6.62390562432516,-6.86742149460869,-6.79242941212285,-6.67193288355882
1.599,-6.54985651877972,-6.790444039194,-6.71920846698863,-6.60035867089077
1.59933333333333,-6.47688688821641,-6.71457452423594,-6.64695776100795,-6.52973443937356
1.59966666666667,-6.40497966370229,-6.63979637014923,-6.5756659480659,-6.46004874685535
1.6,-6.33411797299395,-6.56609312368937,-6.50532159019888,-6.3912900921743
1.60033333333333,-6.26428514647436,-6.49344846946155,-6.43591317893898,-6.3234469336958
1.60066666666667,-6.19546472219126,-6.42184624010986,-6.36742915489536,-6.25650770629744
1.601,-6.12764045007909,-6.3512704253012,-6.29985792570326,-6.19046083691578
1.60133333333333,-6.06079629543881,-6.28170517960744,-6.23318788245984,-6.12529475876158
1.60166666666667,-5.99491644174146,-6.21313482938016,-6.16740741475668,-6.06099792429876
1.602,-5.92998529281982,-6.14554387870667,-6.10250492441384,-5.99755881708127
1.60233333333333,-5.86598747450428,-6.07891701452799,-6.03846883801196,-5.93496596253155
1.60266666666667,-5.80290783575442,-6.01323911099074,-5.97528761830965,-5.87320793773848
1.603,-5.7407314493356,-5.94849523310296,-5.91294977463113,-5.81227338034938
1.60333333333333,-5.6794436120831,-5.8846706397546,-5.85144387230036,-5.75215099662313
1.60366666666667,-5.61902984479422,-5.82175078615994,-5.79075854119286,-5.69282956870732
1.604,-5.55947589178552,-5.75972132577441,-5.73088248347184,-5.63429796119841
1.60433333333333,-5.5007677201483,-5.69856811173422,-5.67180448057048,-5.57654512703893
1.60466666666667,-5.44289151873314,-5.63827719786204,-5.61351339947689,-5.51956011280212
1.605,-5.38583369689185,-5.57883483927947,-5.55599819837482,-5.46333206341007
1.60533333333333,-5.32958088300251,-5.52022749266398,-5.49924793168997,-5.40785022633038
1.60566666666667,-5.27411992280109,-5.4624418161832,-5.44325175458649,-5.3531039552894
1.606,-5.21943787754115,-5.40546466913846,-5.38799892695623,-5.29908271354074
1.60633333333333,-5.1655220220015,-5.34928311134609,-5.33347881694058,-5.24577607672343
1.60666666666667,-5.11235984235942,-5.29388440228218,-5.27968090401985,-5.1931737353408
1.607,-5.05993903394661,-5.23925600001555,-5.22659478170529,-5.14126549689145
1.60733333333333,-5.00824749890174,-5.18538555995013,-5.17421015986399,-5.09004128767799
1.60766666666667,-4.95727334373463,-5.13226093339756,-5.12251686670599,-5.03949115432065
1.608,-4.90700487681315,-5.07987016599781,-5.07150485046003,-4.98960526499822
1.60833333333333,-4.85743060578574,-5.02820149600554,-5.02116418076378,-4.94037391043936
1.60866666666667,-4.80853923494817,-4.97724335245657,-4.97148504978963,-4.89178750468319
1.609,-4.76031966256581,-4.9269843532298,-4.92245777312977,-4.84383658562967
1.60933333333333,-4.71276097815878,-4.87741330301663,-4.87407279045858,-4.79651181539588
1.60966666666667,-4.66585245975784,-4.82851919120988,-4.82632066599095,-4.74980398049485
1.61,-4.61958357113891,-4.7802911897235,-4.77919208875409,-4.70370399185195
1.61033333333333,-4.57394395904192,-4.73271865075233,-4.73267787268819,-4.658202884673
1.61066666666667,-4.52892345038028,-4.68579110448147,-4.68676895659029,-4.61329181817617
1.611,-4.4845120494455,-4.6394982567528,-4.64145640391482,-4.56896207520027
1.61133333333333,-4.44069993511315,-4.59382998669709,-4.59673140244409,-4.5252050617003
1.61166666666667,-4.39747745805273,-4.54877634433755,-4.55258526383895,-4.48201230614019
1.612,-4.35483513794683,-4.50432754817186,-4.5090094230816,-4.43937545879262
1.61233333333333,-4.31276366072238,-4.46047398273804,-4.4659954378198,-4.39728629095444
1.61266666666667,-4.27125387579684,-4.41720619616887,-4.4235349876215,-4.3557366940855
1.613,-4.23029679334286,-4.3745148977403,-4.3816198731489,-4.31471867887891
1.61333333333333,-4.18988358157358,-4.3323909554178,-4.34024201525946,-4.27422437426961
1.61366666666667,-4.1500055640507,-4.29082539340417,-4.29939345404132,-4.23424602638716
1.614,-4.11065421701721,-4.24980938969242,-4.25906634778919,-4.19477599745896
1.61433333333333,-4.07182116675717,-4.20933427362759,-4.21925297192839,-4.15580676466994
1.61466666666667,-4.03349818698329,-4.16939152347902,-4.17994571789092,-4.11733091898267
1.615,-3.99567719625407,-4.12997276402654,-4.14113709195033,-4.07934116392357
1.61533333333333,-3.95835025542193,-4.09106976416307,-4.10281971401985,-4.04183031433918
1.61566666666667,-3.9215095651124,-4.05267443451439,-4.06498631641772,-4.00479129512599
1.616,-3.88514746323649,-4.01477882507942,-4.02762974260479,-3.9682171399386
1.61633333333333,-3.84925642253609,-3.97737512289179,-3.99074294589806,-3.93210098987864
1.61666666666667,-3.81382904816323,-3.9404556497041,-3.95431898816302,-3.89643609216799
1.617,-3.77885807529364,-3.90401285969641,-3.91835103848881,-3.86121579880902
1.61733333333333,-3.7443363667755,-3.86803933721034,-3.88283237184935,-3.82643356523502
1.61766666666667,-3.71025691081287,-3.83252779450881,-3.84775636775224,-3.79208294895234
1.618,-3.67661281868455,-3.7974710695633,-3.8131165088792,-3.75815760817734
1.61833333333333,-3.64339732249863,-3.76286212386891,-3.77890637971957,-3.72465130046993
1.61866666666667,-3.61060377298219,-3.72869404028743,-3.74511966519931,-3.69155788136525
1.619,-3.57822563730683,-3.69496002091981,-3.71175014930762,-3.65887130300588
1.61933333333333,-3.54625649694968,-3.66165338500776,-3.67879171372291,-3.62658561277565
1.61966666666667,-3.51469004558968,-3.62876756686498,-3.64623833643957,-3.59469495193678
1.62,-3.48352008703913,-3.59629611383837,-3.61408409039738,-3.56319355427135
1.62033333333333,-3.45274053321055,-3.5642326842996,-3.582323142115,-3.53207574472903
1.62066666666667,-3.42234540211816,-3.5325710456666,-3.55094975032847,-3.50133593808127
1.621,-3.39232881591388,-3.50130507245562,-3.51995826463612,-3.47096863758349
1.62133333333333,-3.36268499895818,-3.47042874436378,-3.48934312415115,-3.44096843364641
1.62166666666667,-3.33340827592418,-3.43993614438163,-3.45909885616227,-3.41133000251651
1.622,-3.30449306993613,-3.4098214569363,-3.42922007480391,-3.38204810496737
1.62233333333333,-3.27593390074065,-3.38007896606465,-3.39970147973637,-3.35311758500172
1.62266666666667,-3.24772538291146,-3.35070305361667,-3.37053785483685,-3.32453336856548
1.623,-3.21986222408598,-3.32168819748843,-3.34172406690175,-3.29629046227366
1.62333333333333,-3.19233922323493,-3.29302896988502,-3.31325506436123,-3.26838395214934
1.62366666666667,-3.16515126896289,-3.26472003561278,-3.28512587600606,-3.24080900237555
1.624,-3.13829333784065,-3.23675615040064,-3.25733160972756,-3.21356085406062
1.62433333333333,-3.11176049276837,-3.20913215925078,-3.22986745127103,-3.18663482401769
1.62466666666667,-3.08554788136897,-3.18184299481737,-3.20272866300261,-3.1600263035579
1.625,-3.05965073441179,-3.1548836758141,-3.17591058269056,-3.13373075729831
1.62533333333333,-3.03406436426566,-3.12824930544964,-3.14940862230063,-3.10774372198422
1.62566666666667,-3.00878416338111,-3.10193506989076,-3.12321826680607,-3.08206080532643
1.626,-2.98380560280103,-3.07593623675267,-3.09733507301226,-3.05667768485304
1.62633333333333,-2.95912423069995,-3.05024815361681,-3.0717546683965,-3.03159010677681
1.62666666666667,-2.93473567095051,-3.0248662465748,-3.0464727499625,-3.00679388487717
1.627,-2.9106356217176,-2.99978601879908,-3.02148508311031,-2.98228489939763
1.62733333333333,-2.88681985407915,-2.97500304913934,-2.99678750052133,-2.95805909595837
1.62766666666667,-2.86328421067321,-2.95051299074451,-2.97237590105851,-2.93411248448403
1.628,-2.84002460437107,-2.92631156970996,-2.94824624868202,-2.91044113814675
1.62833333333333,-2.81703701697579,-2.90239458374957,-2.92439457138011,-2.88704119232456
1.62866666666667,-2.7943174979457,-2.87875790089225,-2.90081696011529,-2.86390884357472
1.629,-2.77186216314234,-2.85539745820234,-2.87750956778572,-2.84104034862229
1.62933333333333,-2.74966719360292,-2.83230926052405,-2.8544686082021,-2.81843202336404
1.62966666666667,-2.72772883433594,-2.80948937924879,-2.83169035507933,-2.79608024188685
1.63,-2.70604339314043,-2.78693395110575,-2.80917114104358,-2.77398143550152
1.63033333333333,-2.68460723944796,-2.7646391769749,-2.78690735665435,-2.75213209179114
1.63066666666667,-2.66341680318691,-2.74260132072213,-2.76489544944133,-2.73052875367423
1.631,-2.6424685736688,-2.72081670805624,-2.74313192295615,-2.7091680184824
1.63133333333333,-2.62175909849634,-2.69928172540736,-2.72161333583907,-2.68804653705285
1.63166666666667,-2.60128498249241,-2.67799281882645,-2.70033630089988,-2.66716101283464
1.632,-2.58104288664998,-2.65694649290538,-2.67929748421361,-2.64650820100974
1.63233333333333,-2.56102952710234,-2.63613930971748,-2.65849360423048,-2.62608490762775
1.63266666666667,-2.54124167411335,-2.61556788777795,-2.63792143089999,-2.60588798875482
1.633,-2.52167615108717,-2.59522890102393,-2.61757778480921,-2.58591434963623
1.63333333333333,-2.50232983359753,-2.57511907781394,-2.59745953633492,-2.56616094387263
1.63366666666667,-2.48319964843541,-2.55523519994598,-2.57756360480949,-2.54662477260972
1.634,-2.46428257267558,-2.53557410169445,-2.55788695770039,-2.52730288374127
1.63433333333333,-2.44557563276113,-2.51613266886521,-2.53842660980324,-2.50819237112539
1.63466666666667,-2.4270759036058,-2.49690783786851,-2.51917962244807,-2.48929037381361
1.635,-2.40878050771358,-2.47789659480952,-2.50014310271862,-2.47059407529283
1.63533333333333,-2.39068661431575,-2.45909597459613,-2.48131420268483,-2.45210070274007
1.63566666666667,-2.37279143852425,-2.4405030600636,-2.46269011864782,-2.43380752628946
1.636,-2.35509224050185,-2.42211498111591,-2.44426809039785,-2.41571185831177
1.63633333333333,-2.33758632464821,-2.40392891388337,-2.42604540048445,-2.39781105270601
1.63666666666667,-2.32027103880165,-2.38594207989618,-2.40801937349893,-2.38010250420289
1.637,-2.30314377345664,-2.36815174527366,-2.39018737536896,-2.36258364768021
1.63733333333333,-2.28620196099624,-2.35055521992902,-2.37254681266525,-2.34525195748987
1.63766666666667,-2.26944307493946,-2.33314985678909,-2.35509513191978,-2.32810494679637
1.638,-2.2528646292032,-2.31593305102882,-2.3378298189557,-2.31114016692637
1.63833333333333,-2.23646417737848,-2.2989022393205,-2.32074839822884,-2.2943552067298
1.63866666666667,-2.22023931202057,-2.28205489909703,-2.30384843218013,-2.27774769195146
1.639,-2.20418766395287,-2.26538854782922,-2.28712752059932,-2.26131528461367
1.63933333333333,-2.1883069015844,-2.24890074231699,-2.27058329999977,-2.24505568240963
1.63966666666667,-2.17259473024009,-2.2325890779936,-2.25421344300356,-2.22896661810687
1.64,-2.15704889150433,-2.21645118824351,-2.23801565773756,-2.21304585896136
1.64033333333333,-2.14166716257695,-2.20048474373291,-2.2219876872398,-2.19729120614156
1.64066666666667,-2.12644735564163,-2.18468745175291,-2.20612730887594,-2.18170049416236
1.641,-2.11138731724661,-2.16905705557533,-2.19043233376612,-2.16627159032907
1.64133333333333,-2.096484927697,-2.15359133382061,-2.17490060622148,-2.15100239419084
1.64166666666667,-2.081738100459,-2.13828809983754,-2.15953000319052,-2.1358908370036
1.642,-2.06714478157546,-2.12314520109488,-2.14431843371508,-2.12093488120237
1.64233333333333,-2.05270294909264,-2.10816051858446,-2.12926383839589,-2.10613251988276
1.64266666666667,-2.03841061249793,-2.09333196623546,-2.11436418886718,-2.09148177629149
1.643,-2.02426581216828,-2.07865749033974,-2.09961748728045,-2.07698070332566
1.64333333333333,-2.01026661882935,-2.06413506898817,-2.08502176579759,-2.06262738304097
1.64366666666667,-1.99641113302469,-2.04976271151732,-2.07057508609229,-2.04841992616823
1.644,-1.9826974845953,-2.03553845796677,-2.05627553886057,-2.03435647163866
1.64433333333333,-1.96912383216898,-2.02146037854661,-2.04212124333964,-2.0204351861171
1.64466666666667,-1.95568836265934,-2.00752657311475,-2.0281103468352,-2.00665426354361
1.645,-1.94238929077449,-1.9937351706643,-2.01424102425697,-1.99301192468302
1.64533333333333,-1.92922485853492,-1.98008432882048,-2.00051147766248,-1.97950641668231
1.64566666666667,-1.91619333480057,-1.96657223334687,-1.98691993580858,-1.96613601263581
1.646,-1.90329301480684,-1.95319709766097,-1.97346465371097,-1.95289901115783
1.64633333333333,-1.89052221970943,-1.93995716235899,-1.96014391221142,-1.93979373596302
1.64666666666667,-1.87787929613767,-1.92685069474915,-1.94695601755243,-1.92681853545378
1.647,-1.86536261575646,-1.9138759883941,-1.93389930095955,-1.91397178231512
1.64733333333333,-1.85297057483621,-1.9010313626616,-1.92097211823067,-1.90125187311642
1.64766666666667,-1.84070159383114,-1.88831516228375,-1.90817284933291,-1.88865722792031
1.648,-1.82855411696533,-1.87572575692424,-1.89549989800612,-1.87618628989822
1.64833333333333,-1.81652661182666,-1.86326154075392,-1.88295169137372,-1.86383752495288
1.64866666666667,-1.80461756896825,-1.85092093203396,-1.87052667956002,-1.85160942134709
1.649,-1.79282550151747,-1.83870237270699,-1.85822333531444,-1.83950048933928
1.64933333333333,-1.78114894479222,-1.82660432799571,-1.84604015364216,-1.82750926082535
1.64966666666667,-1.76958645592438,-1.81462528600891,-1.83397565144136,-1.81563428898657
1.65,-1.7581366134903,-1.8027637573549,-1.82202836714664,-1.80387414794395
1.65033333333333,-1.74679801714818,-1.79101827476194,-1.81019686037881,-1.79222743241839
1.65066666666667,-1.73556928728216,-1.7793873927058,-1.79847971160069,-1.78069275739685
1.651,-1.72444906465307,-1.7678696870441,-1.78687552177898,-1.76926875780434
1.65133333333333,-1.71343601005568,-1.7564637546575,-1.77538291205202,-1.75795408818166
1.65166666666667,-1.70252880398222,-1.74516821309733,-1.76400052340331,-1.74674742236864
1.652,-1.69172614629222,-1.73398170023983,-1.75272701634071,-1.73564745319299
1.65233333333333,-1.68102675588845,-1.72290287394676,-1.74156107058139,-1.72465289216465
1.65266666666667,-1.67042937039871,-1.711930411732,-1.73050138474194,-1.71376246917516
1.653,-1.65993274586371,-1.70106301043463,-1.71954667603426,-1.70297493220262
1.65333333333333,-1.64953565643049,-1.69029938589764,-1.70869567996644,-1.6922890470215
1.65366666666667,-1.63923689405161,-1.67963827265269,-1.69794715004897,-1.68170359691764
1.654,-1.6290352681898,-1.6690784236106,-1.68729985750605,-1.67121738240807
1.65433333333333,-1.61892960552803,-1.65861860975747,-1.67675259099189,-1.6608292209659
1.65466666666667,-1.60891874968494,-1.64825761985632,-1.66630415631193,-1.6505379467497
1.655,-1.5990015609354,-1.63799426015414,-1.65595337614893,-1.64034241033777
1.65533333333333,-1.58917691593625,-1.62782735409434,-1.64569908979375,-1.63024147846696
1.65566666666667,-1.57944370745689,-1.61775574203424,-1.63554015288083,-1.62023403377593
1.656,-1.56980084411504,-1.60777828096794,-1.62547543712824,-1.61031897455295
1.65633333333333,-1.56024725011704,-1.59789384425392,-1.61550383008225,-1.60049521448801
1.65666666666667,-1.55078186500298,-1.58810132134775,-1.60562423486622,-1.59076168242917
1.657,-1.54140364339643,-1.57839961753953,-1.59583556993394,-1.58111732214313
1.65733333333333,-1.53211155475877,-1.56878765369612,-1.58613676882717,-1.57156109208002
1.65766666666667,-1.52290458314787,-1.55926436600796,-1.57652677993736,-1.56209196514204
1.658,-1.51378172698107,-1.54982870574042,-1.56700456627141,-1.55270892845625
1.65833333333333,-1.50474199880267,-1.54047963898971,-1.55756910522168,-1.5434109831512
1.65866666666667,-1.49578442505529,-1.53121614644302,-1.5482193883396,-1.53419714413736
1.659,-1.48690804585561,-1.52203722314308,-1.53895442111354,-1.52506643989137
1.65933333333333,-1.47811191477397,-1.51294187825686,-1.52977322275021,-1.51601791224396
1.65966666666667,-1.46939509861796,-1.50392913484837,-1.52067482595995,-1.50705061617148
1.66,-1.46075667721988,-1.49499802965557,-1.51165827674564,-1.49816361959101
1.66033333333333,-1.45219574322804,-1.48614761287124,-1.50272263419529,-1.489356003159
1.66066666666667,-1.44371140190168,-1.47737694792771,-1.49386697027806,-1.48062686007328
1.661,-1.43530277090967,-1.4686851112854,-1.48509036964388,-1.47197529587851
1.66133333333333,-1.42696898013266,-1.46007119222517,-1.47639192942641,-1.46340042827486
1.66166666666667,-1.41870917146881,-1.45153429264424,-1.46777075904941,-1.45490138693006
1.662,-1.410522498643,-1.44307352685586,-1.45922598003634,-1.44647731329451
1.66233333333333,-1.40240812701932,-1.43468802139236,-1.4507567258233,-1.43812736041967
1.66266666666667,-1.39436523341692,-1.42637691481176,-1.44236214157499,-1.42985069277935
1.663,-1.38639300592913,-1.41813935750773,-1.43404138400398,-1.42164648609419
1.66333333333333,-1.37849064374574,-1.40997451152301,-1.42579362119291,-1.41351392715909
1.66366666666667,-1.3706573569784,-1.40188155036584,-1.41761803241974,-1.40545221367339
1.664,-1.36289236648907,-1.39385965882992,-1.40951380798597,-1.39746055407415
1.66433333333333,-1.35519490372157,-1.38590803281733,-1.40148014904774,-1.38953816737207
1.66466666666667,-1.34756421053592,-1.37802587916449,-1.39351626744976,-1.38168428299023
1.665,-1.3399995390457,-1.37021241547135,-1.38562138556215,-1.37389814060558
1.66533333333333,-1.33250015145826,-1.36246686993341,-1.37779473611985,-1.36617898999301
1.66566666666667,-1.32506531991753,-1.35478848117664,-1.37003556206486,-1.35852609087208
1.666,-1.31769432634982,-1.34717649809538,-1.36234311639111,-1.35093871275636
1.66633333333333,-1.31038646231212,-1.33963017969298,-1.35471666199192,-1.34341613480522
1.66666666666667,-1.30314102884308,-1.33214879492515,-1.34715547150996,-1.33595764567811
1.667,-1.29595733631654,-1.3247316225461,-1.33965882718983,-1.32856254339135
1.66733333333333,-1.28883470429769,-1.31737795095734,-1.33222602073304,-1.32123013517717
1.66766666666667,-1.28177246140157,-1.31008707805893,-1.32485635315536,-1.31395973734525
1.668,-1.27476994515412,-1.30285831110354,-1.31754913464669,-1.30675067514643
1.66833333333333,-1.26782650185558,-1.29569096655279,-1.31030368443315,-1.29960228263879
1.66866666666667,-1.26094148644614,-1.28858436993613,-1.30311933064144,-1.29251390255588
1.669,-1.25411426237413,-1.28153785571218,-1.29599541016559,-1.28548488617715
1.66933333333333,-1.2473442014662,-1.27455076713243,-1.2889312685358,-1.27851459320057
1.66966666666667,-1.2406306837999,-1.26762245610713,-1.28192625978947,-1.2716023916173
1.67,-1.2339730975783,-1.26075228307369,-1.27497974634444,-1.26474765758842
1.67033333333333,-1.22737083900691,-1.25393961686716,-1.26809109887423,-1.25794977532379
1.67066666666667,-1.22082331217251,-1.2471838345929,-1.26125969618538,-1.25120813696275
1.671,-1.21432992892415,-1.24048432150151,-1.25448492509684,-1.24452214245695
1.67133333333333,-1.20789010875617,-1.23384047086585,-1.24776618032131,-1.23789119945497
1.67166666666667,-1.20150327869311,-1.22725168386004,-1.24110286434852,-1.23131472318888
1.672,-1.19516887317665,-1.2207173694406,-1.23449438733042,-1.22479213636269
1.67233333333333,-1.18888633395444,-1.21423694422964,-1.22794016696839,-1.2183228690426
1.67266666666667,-1.18265510997074,-1.20780983239982,-1.22143962840205,-1.21190635854899
1.673,-1.176474657259,-1.20143546556146,-1.21499220410011,-1.20554204935028
1.67333333333333,-1.17034443883613,-1.1951132826514,-1.20859733375289,-1.19922939295844
1.67366666666667,-1.16426392459866,-1.18884272982381,-1.20225446416662,-1.19296784782618
1.674,-1.15823259122052,-1.18262326034272,-1.19596304915945,-1.1867568792459
1.67433333333333,-1.15224992205261,-1.17645433447647,-1.18972254945919,-1.18059595925025
1.67466666666667,-1.146315407024,-1.17033541939381,-1.18353243260266,-1.17448456651418
1.675,-1.14042854254477,-1.16426598906179,-1.1773921728367,-1.16842218625878
1.67533333333333,-1.13458883141054,-1.15824552414534,-1.17130125102079,-1.16240831015651
1.67566666666667,-1.12879578270846,-1.15227351190848,-1.16525915453124,-1.15644243623806
1.676,-1.12304891172486,-1.14634944611722,-1.15926537716688,-1.1505240688006
1.67633333333333,-1.11734773985435,-1.14047282694399,-1.15331941905639,-1.14465271831766
1.67666666666667,-1.11169179451051,-1.13464316087373,-1.14742078656698,-1.13882790135032
1.677,-1.10608060903795,-1.12885996061148,-1.14156899221462,-1.13304914045987
1.67733333333333,-1.10051372262588,-1.12312274499148,-1.13576355457574,-1.12731596412193
1.67766666666667,-1.09499068022308,-1.11743103888781,-1.13000399820026,-1.12162790664182
1.678,-1.08951103245427,-1.11178437312643,-1.12428985352604,-1.11598450807138
1.67833333333333,-1.08407433553787,-1.10618228439871,-1.1186206567948,-1.11038531412716
1.67866666666667,-1.078680151205,-1.10062431517639,-1.11299594996923,-1.10482987610972
1.679,-1.07332804661995,-1.09511001362782,-1.10741528065147,-1.09931775082441
1.67933333333333,-1.06801759430189,-1.08963893353574,-1.101878202003,-1.09384850050333
1.67966666666667,-1.06274837204774,-1.0842106342162,-1.09638427266564,-1.0884216927285
1.68,-1.05751996285648,-1.07882468043896,-1.09093305668388,-1.08303690035635
1.68033333333333,-1.05233195485455,-1.07348064234909,-1.08552412342852,-1.07769370144323
1.68066666666667,-1.04718394122252,-1.06817809538985,-1.08015704752131,-1.07239167917229
1.681,-1.04207552012286,-1.06291662022681,-1.07483140876102,-1.06713042178136
1.68133333333333,-1.03700629462907,-1.05769580267332,-1.06954679205052,-1.0619095224921
1.68166666666667,-1.03197587265568,-1.05251523361692,-1.06430278732507,-1.05672857944008
1.682,-1.02698386688956,-1.04737450894717,-1.0590989894817,-1.0515871956062
1.68233333333333,-1.02202989472232,-1.04227322948457,-1.0539349983098,-1.04648497874896
1.68266666666667,-1.01711357818373,-1.03721100091052,-1.04881041842262,-1.04142154133791
1.683,-1.01223454387619,-1.03218743369859,-1.04372485919004,-1.03639650048815
1.68333333333333,-1.00739242291036,-1.0272021430467,-1.03867793467227,-1.03140947789578
1.68366666666667,-1.00258685084168,-1.02225474881046,-1.0336692635546,-1.02646009977438
1.684,-0.997817467607962,-1.01734487543762,-1.02869846908321,-1.02154799679255
1.68433333333333,-0.993083917468029,-1.0124721519035,-1.02376517900195,-1.01667280401229
1.68466666666667,-0.988385848941196,-1.00763621164743,-1.01886902549013,-1.01183416082849
1.685,-0.983722914747815,-1.00283669251023,-1.0140096451012,-1.00703171090917
1.68533333333333,-0.979094771750725,-0.998073236672738,-1.0091866787025,-1.00226510213686
1.68566666666667,-0.974501080897607,-0.993345490595144,-1.00439977141585,-0.997533986550717
1.686,-0.969941507164286,-0.98865310495745,-0.999648572559097,-0.992838020289582
1.68633333333333,-0.965415719498879,-0.983995734600789,-0.994932735588558,-0.988176863535962
1.68666666666667,-0.960923390766855,-0.979373038469642,-0.990251918042335,-0.983550180460812
1.687,-0.956464197696927,-0.97478467955502,-0.985605781484532,-0.978957639169183
1.68733333333333,-0.952037820827826,-0.970230324838507,-0.980993991450338,-0.974398911646737
1.68766666666667,-0.947643944455867,-0.965709645237173,-0.976416217391868,-0.96987367370703
1.688,-0.943282256583341,-0.961222315549345,-0.971872132624951,-0.965381604939615
1.68833333333333,-0.93895244886776,-0.956768014401261,-0.967361414276656,-0.960922388658974
1.68866666666667,-0.93465421657179,-0.952346424194479,-0.962883743233643,-0.956495711854177
1.689,-0.930387258514064,-0.947957231054198,-0.958438804091307,-0.95210126513933
1.68933333333333,-0.926151277020674,-0.94360012477827,-0.954026285103661,-0.947738742704784
1.68966666666667,-0.92194597787749,-0.939274798787125,-0.949645878134057,-0.943407842269059
1.69,-0.917771070283124,-0.934980950074355,-0.945297278606558,-0.939108265031528
1.69033333333333,-0.913626266802715,-0.930718279158133,-0.940980185458143,-0.934839715625796
1.69066666666667,-0.909511283322338,-0.92648649003335,-0.936694301091551,-0.930601902073764
1.691,-0.905425839004167,-0.922285290124502,-0.932439331328898,-0.926394535740442
1.69133333333333,-0.901369656242322,-0.918114390239284,-0.928214985365979,-0.922217331289394
1.69166666666667,-0.897342460619353,-0.91397350452291,-0.924020975727228,-0.918070006638837
1.692,-0.893343980863423,-0.909862350413133,-0.919857018221407,-0.913952282918494
1.69233333333333,-0.889373948806138,-0.905780648595928,-0.91572283189791,-0.909863884426958
1.69266666666667,-0.885432099341022,-0.901728122961879,-0.911618139003776,-0.905804538589811
1.693,-0.881518170382593,-0.897704500563217,-0.90754266494128,-0.901773975918284
1.69333333333333,-0.877631902826099,-0.893709511571516,-0.903496138226225,-0.897771929968611
1.69366666666667,-0.873773040507837,-0.889742889236011,-0.899478290446818,-0.893798137301909
1.694,-0.869941330166096,-0.885804369842587,-0.895488856223144,-0.889852337444706
1.69433333333333,-0.866136521402658,-0.881893692673348,-0.891527573167312,-0.885934272850068
1.69466666666667,-0.862358366644892,-0.878010599966809,-0.887594181844102,-0.882043688859221
1.695,-0.858606621108451,-0.874154836878714,-0.883688425732287,-0.878180333663848
1.69533333333333,-0.854881042760466,-0.87032615144339,-0.879810051186434,-0.874343958268853
1.69566666666667,-0.851181392283336,-0.866524294535746,-0.875958807399367,-0.870534316455738
1.696,-0.847507433039057,-0.862749019833767,-0.872134446365094,-0.866751164746477
1.69633333333333,-0.843858931034063,-0.859000083781658,-0.868336722842362,-0.862994262367943
1.69666666666667,-0.840235654884605,-0.855277245553453,-0.864565394318681,-0.859263371216853
1.697,-0.836637375782651,-0.851580267017227,-0.860820220974914,-0.855558255825213
1.69733333333333,-0.83306386746229,-0.847908912699814,-0.857100965650401,-0.851878683326305
1.69766666666667,-0.829514906166598,-0.844262949752043,-0.853407393808529,-0.848224423421124
1.698,-0.825990270615077,-0.840642147914526,-0.849739273502891,-0.844595248345346
1.69833333333333,-0.822489741971472,-0.837046279483903,-0.846096375343858,-0.840990932836738
1.69866666666667,-0.819013103812157,-0.833475119279644,-0.842478472465733,-0.837411254103093
1.699,-0.815560142094928,-0.82992844461127,-0.838885340494256,-0.833855991790561
1.69933333333333,-0.812130645128263,-0.826406035246137,-0.835316757514718,-0.830324927952531
1.69966666666667,-0.808724403541068,-0.822907673377622,-0.831772504040441,-0.82681784701886
1.7,-0.80534121025282,-0.819433143593841,-0.828252362981749,-0.823334535765628
1.70033333333333,-0.80198086044418,-0.81598223284676,-0.824756119615404,-0.819874783285294
1.70066666666667,-0.798643151528017,-0.812554730421825,-0.821283561554443,-0.816438380957281
1.701,-0.795327883120875,-0.809150427907986,-0.8178344787185,-0.813025122419011
1.70133333333333,-0.792034857014818,-0.805769119168168,-0.814408663304505,-0.809634803537311
1.70166666666667,-0.788763877149739,-0.802410600310217,-0.811005909757848,-0.806267222380266
1.702,-0.785514749586005,-0.799074669658184,-0.80762601474393,-0.80292217918947
1.70233333333333,-0.782287282477578,-0.795761127724127,-0.804268777120127,-0.799599476352659
1.70266666666667,-0.779081286045435,-0.792469777180219,-0.80093399790816,-0.796298918376747
1.703,-0.775896572551445,-0.789200422831346,-0.797621480266866,-0.793020311861228
1.70333333333333,-0.772732956272591,-0.785952871588063,-0.794331029465345,-0.789763465471994
1.70366666666667,-0.769590253475558,-0.782726932439924,-0.791062452856491,-0.786528189915488
1.704,-0.76646828239171,-0.779522416429244,-0.787815559850918,-0.78331429791324
1.70433333333333,-0.763366863192388,-0.776339136625174,-0.784590161891205,-0.780121604176764
1.70466666666667,-0.760285817964627,-0.773176908098224,-0.781386072426602,-0.776949925382794
1.705,-0.757224970687107,-0.770035547895076,-0.778203106887981,-0.773799080148902
1.70533333333333,-0.754184147206606,-0.766914875013827,-0.775041082663218,-0.770668889009437
1.70566666666667,-0.751163175214622,-0.763814710379522,-0.771899819072906,-0.767559174391787
1.706,-0.748161884224453,-0.760734876820083,-0.768779137346399,-0.764469760593006
1.70633333333333,-0.745180105548552,-0.757675199042564,-0.765678860598185,-0.761400473756786
1.70666666666667,-0.742217672276173,-0.754635503609729,-0.762598813804626,-0.758351141850658
1.707,-0.739274419251423,-0.751615618917008,-0.75953882378099,-0.755321594643645
1.70733333333333,-0.73635018305151,-0.748615375169702,-0.756498719158819,-0.752311663684099
1.70766666666667,-0.733444801965391,-0.745634604360612,-0.753478330363618,-0.749321182277956
1.708,-0.730558115972691,-0.74267314024787,-0.750477489592833,-0.746349985467209
1.70833333333333,-0.727689966722885,-0.739730818333199,-0.74749603079418,-0.743397910008744
1.70866666666667,-0.72484019751482,-0.736807475840383,-0.744533789644231,-0.740464794353403
1.709,-0.722008653276493,-0.733902951694089,-0.741590603527295,-0.737550478625419
1.70933333333333,-0.719195180545149,-0.731017086498995,-0.738666311514667,-0.734654804602062
1.70966666666667,-0.716399627447598,-0.728149722519147,-0.73576075434404,-0.731777615693607
1.71,-0.713621843680858,-0.725300703657698,-0.732873774399343,-0.728918756923567
1.71033333333333,-0.710861680493043,-0.722469875436853,-0.730005215690713,-0.72607807490919
1.71066666666667,-0.708118990664536,-0.719657084978124,-0.727154923834883,-0.723255417842253
1.711,-0.705393628489387,-0.716862180982862,-0.724322746035724,-0.720450635470071
1.71133333333333,-0.70268544975701,-0.714085013713059,-0.721508531065123,-0.717663579076828
1.71166666666667,-0.699994311734116,-0.7113254349724,-0.718712129244113,-0.714894101465095
1.712,-0.697320073146873,-0.708583298087592,-0.71593339242422,-0.712142056937654
1.71233333333333,-0.694662594163364,-0.705858457889973,-0.713172173969144,-0.709407301279562
1.71266666666667,-0.692021736376227,-0.703150770697305,-0.710428328736597,-0.706689691740431
1.713,-0.689397362785583,-0.700460094295908,-0.707701713060467,-0.70398908701697
1.71333333333333,-0.686789337782167,-0.697786287922965,-0.704992184733185,-0.701305347235766
1.71366666666667,-0.684197527130696,-0.695129212249121,-0.702299602988338,-0.698638333936292
1.714,-0.681621797953488,-0.692488729361284,-0.699623828483506,-0.695987910054146
1.71433333333333,-0.679062018714261,-0.689864702745697,-0.696964723283385,-0.693353939904513
1.71466666666667,-0.676518059202191,-0.687256997271194,-0.694322150843051,-0.69073628916587
1.715,-0.673989790516166,-0.684665479172732,-0.69169597599153,-0.688134824863863
1.71533333333333,-0.671477085049276,-0.682090016035137,-0.689086064915562,-0.685549415355469
1.71566666666667,-0.668979816473477,-0.679530476777034,-0.68649228514355,-0.682979930313304
1.716,-0.666497859724496,-0.676986731635063,-0.683914505529782,-0.680426240710205
1.71633333333333,-0.66403109098692,-0.67445865214821,-0.681352596238818,-0.677888218803942
1.71666666666667,-0.661579387679513,-0.671946111142479,-0.678806428730131,-0.675365738122212
1.717,-0.659142628440676,-0.669448982715643,-0.676275875742895,-0.672858673447791
1.71733333333333,-0.656720693114177,-0.66696714222231,-0.673760811281039,-0.67036690080388
1.71766666666667,-0.654313462735008,-0.664500466259087,-0.671261110598461,-0.667890297439671
1.718,-0.651920819515464,-0.662048832650039,-0.668776650184432,-0.66542874181608
1.71833333333333,-0.6495426468314,-0.659612120432284,-0.666307307749252,-0.6629821135917
1.71866666666667,-0.647178829208694,-0.657190209841802,-0.663852962209998,-0.6605502936089
1.719,-0.644829252309826,-0.654782982299412,-0.661413493676581,-0.658133163880127
1.71933333333333,-0.642493802920724,-0.652390320396976,-0.658988783437881,-0.655730607574412
1.71966666666667,-0.640172368937717,-0.650012107883775,-0.656578713948133,-0.653342509004025
1.72,-0.637864839354683,-0.647648229653005,-0.654183168813458,-0.650968753611294
1.72033333333333,-0.635571104250387,-0.64529857172857,-0.651802032778583,-0.648609227955642
1.72066666666667,-0.633291054775947,-0.642963021251928,-0.649435191713745,-0.646263819700748
1.721,-0.631024583142503,-0.640641466469204,-0.647082532601747,-0.643932417601907
1.72133333333333,-0.628771582609019,-0.638333796718433,-0.644743943525204,-0.641614911493551
1.72166666666667,-0.626531947470284,-0.636039902416958,-0.642419313653947,-0.639311192276917
1.722,-0.624305573045004,-0.633759675049025,-0.640108533232577,-0.637021151907869
1.72233333333333,-0.622092355664147,-0.631493007153532,-0.637811493568208,-0.634744683384943
1.72266666666667,-0.619892192659335,-0.629239792311928,-0.635528087018371,-0.632481680737453
1.723,-0.617704982351468,-0.626999925136275,-0.633258206979027,-0.630232039013822
1.72333333333333,-0.615530624039465,-0.624773301257494,-0.631001747872807,-0.627995654270038
1.72366666666667,-0.613369017989147,-0.622559817313709,-0.628758605137348,-0.625772423558242
1.724,-0.611220065422267,-0.620359370938795,-0.626528675213798,-0.623562244915518
1.72433333333333,-0.609083668505712,-0.61817186075105,-0.624311855535499,-0.621365017352762
1.72466666666667,-0.606959730340794,-0.615997186342026,-0.622108044516755,-0.619180640843747
1.725,-0.604848154952724,-0.613835248265489,-0.6199171415418,-0.617009016314283
1.72533333333333,-0.602748847280192,-0.61168594802654,-0.617739046953896,-0.614850045631569
1.72566666666667,-0.600661713165112,-0.609549188070879,-0.61557366204454,-0.612703631593635
1.726,-0.598586659342462,-0.607424871774167,-0.613420889042845,-0.610569677918926
1.72633333333333,-0.596523593430286,-0.605312903431602,-0.611280631105046,-0.608448089236063
1.72666666666667,-0.594472423919818,-0.603213188247551,-0.609152792304133,-0.606338771073668
1.727,-0.592433060165709,-0.601125632325355,-0.607037277619626,-0.604241629850369
1.72733333333333,-0.590405412376418,-0.599050142657282,-0.604933992927481,-0.602156572864918
1.72766666666667,-0.5883893916047,-0.596986627114547,-0.602842844990116,-0.60008350828642
1.728,-0.586384909738209,-0.59493499443754,-0.600763741446557,-0.598022345144709
1.72833333333333,-0.584391879490257,-0.592895154226114,-0.598696590802749,-0.595972993320829
1.72866666666667,-0.582410214390646,-0.590867016930024,-0.59664130242194,-0.593935363537642
1.729,-0.58043982877665,-0.5888504938395,-0.594597786515201,-0.591909367350558
1.72933333333333,-0.57848063778409,-0.586845497075909,-0.592565954132101,-0.589894917138367
1.72966666666667,-0.576532557338545,-0.584851939582556,-0.59054571715145,-0.587891926094209
1.73,-0.574595504146642,-0.582869735115608,-0.588536988272178,-0.585900308216644
1.73033333333333,-0.572669395687482,-0.58089879823511,-0.586539681004354,-0.583919978300821
1.73066666666667,-0.570754150204189,-0.578939044296145,-0.584553709660273,-0.581950851929802
1.731,-0.56884968669549,-0.576990389440072,-0.582578989345681,-0.579992845465924
1.73133333333333,-0.566955924907517,-0.575052750585897,-0.580615435951122,-0.578045876042351
1.73166666666667,-0.565072785325605,-0.573126045421759,-0.578662966143353,-0.576109861554672
1.732,-0.563200189166244,-0.571210192396488,-0.576721497356914,-0.574184720652602
1.73233333333333,-0.56133805836914,-0.569305110711314,-0.574790947785755,-0.572270372731851
1.73266666666667,-0.559486315589355,-0.567410720311651,-0.572871236375018,-0.570366737926005
1.733,-0.557644884189521,-0.565526941878985,-0.570962282812869,-0.56847373709858
1.73333333333333,-0.555813688232227,-0.56365369682288,-0.569064007522484,-0.566591291835134
1.73366666666667,-0.553992652472421,-0.561790907273065,-0.567176331654084,-0.564719324435493
1.734,-0.55218170234994,-0.559938496071628,-0.565299177077103,-0.562857757906062
1.73433333333333,-0.550380763982145,-0.55809638676532,-0.563432466372452,-0.561006515952247
1.73466666666667,-0.548589764156628,-0.55626450359793,-0.561576122824851,-0.559165522970956
1.735,-0.546808630324008,-0.55444277150276,-0.559730070415276,-0.557334704043199
1.73533333333333,-0.54503729059083,-0.552631116095227,-0.557894233813512,-0.555513984926762
1.73566666666667,-0.543275673712538,-0.550829463665492,-0.556068538370758,-0.553703292049011
1.736,-0.541523709086544,-0.549037741171241,-0.554252910112367,-0.55190255249974
1.73633333333333,-0.539781326745382,-0.547255876230539,-0.552447275730645,-0.550111694024126
1.73666666666667,-0.538048457349937,-0.545483797114732,-0.550651562577745,-0.548330645015772
1.737,-0.536325032182754,-0.543721432741504,-0.54886569865865,-0.54655933450984
1.73733333333333,-0.534610983141458,-0.541968712667954,-0.547089612624248,-0.544797692176241
1.73766666666667,-0.532906242732222,-0.540225567083818,-0.545323233764487,-0.543045648312938
1.738,-0.531210744063314,-0.538491926804704,-0.543566492001595,-0.54130313383931
1.73833333333333,-0.529524420838767,-0.53676772326549,-0.541819317883415,-0.539570080289619
1.73866666666667,-0.52784720735205,-0.535052888513735,-0.540081642576795,-0.537846419806518
1.739,-0.526179038479896,-0.533347355203202,-0.538353397861074,-0.536132085134677
1.73933333333333,-0.52451984967616,-0.531651056587457,-0.536634516121629,-0.534427009614466
1.73966666666667,-0.522869576965731,-0.52996392651355,-0.534924930343525,-0.532731127175713
1.74,-0.521228156938594,-0.528285899415748,-0.533224574105207,-0.531044372331542
1.74033333333333,-0.519595526743873,-0.526616910309381,-0.531533381572324,-0.52936668017229
1.74066666666667,-0.517971624084021,-0.524956894784741,-0.529851287491542,-0.52769798635949
1.741,-0.516356387209007,-0.523305789001029,-0.528178227184527,-0.526038227119912
1.74133333333333,-0.514749754910663,-0.52166352968044,-0.526514136541921,-0.524387339239712
1.74166666666667,-0.513151666517003,-0.520030054102257,-0.524858952017439,-0.522745260058611
1.742,-0.511562061886682,-0.518405300097061,-0.523212610622015,-0.521111927464171
1.74233333333333,-0.509980881403494,-0.516789206040968,-0.521575049918027,-0.51948727988613
1.74266666666667,-0.508408065970918,-0.515181710849965,-0.519946208013577,-0.517871256290795
1.743,-0.506843557006762,-0.513582753974317,-0.518326023556862,-0.516263796175518
1.74333333333333,-0.505287296437861,-0.511992275393013,-0.516714435730587,-0.514664839563222
1.74366666666667,-0.503739226694813,-0.510410215608309,-0.515111384246461,-0.513074326997013
1.744,-0.502199290706816,-0.508836515640318,-0.513516809339747,-0.511492199534819
1.74433333333333,-0.500667431896543,-0.50727111702165,-0.511930651763901,-0.509918398744138
1.74466666666667,-0.499143594175075,-0.505713961792167,-0.510352852785229,-0.508352866696812
1.745,-0.497627721936902,-0.504164992493736,-0.508783354177645,-0.506795545963868
1.74533333333333,-0.496119760054997,-0.502624152165096,-0.50722209821749,-0.505246379610449
1.74566666666667,-0.494619653875907,-0.501091384336757,-0.505669027678384,-0.503705311190765
1.746,-0.49312734921495,-0.499566633025955,-0.504124085826159,-0.502172284743116
1.74633333333333,-0.491642792351439,-0.498049842731706,-0.502587216413862,-0.500647244784996
1.74666666666667,-0.490165930023963,-0.49654095842986,-0.501058363676784,-0.499130136308216
1.747,-0.488696709425729,-0.495039925568262,-0.499537472327571,-0.497620904774118
1.74733333333333,-0.487235078199969,-0.493546690061949,-0.498024487551393,-0.496119496108813
1.74766666666667,-0.485780984435379,-0.492061198288401,-0.49651935500115,-0.494625856698511
1.748,-0.484334376661627,-0.490583397082844,-0.495022020792759,-0.49313993338487
1.74833333333333,-0.482895203844904,-0.489113233733643,-0.493532431500478,-0.491661673460419
1.74866666666667,-0.481463415383542,-0.487650655977688,-0.492050534152282,-0.490191024664031
1.749,-0.480038961103655,-0.486195611995887,-0.490576276225313,-0.488727935176444
1.74933333333333,-0.478621791254862,-0.484748050408694,-0.489109605641356,-0.487272353615835
1.74966666666667,-0.477211856506033,-0.48330792027167,-0.487650470762397,-0.48582422903345
1.75,-0.475809107941105,-0.481875171071121,-0.486198820386191,-0.484383510909271
1.75033333333333,-0.474413497054929,-0.480449752719791,-0.484754603741934,-0.482950149147755
1.75066666666667,-0.473024975749184,-0.479031615552556,-0.48331777048594,-0.4815240940736
1.751,-0.471643496328303,-0.477620710322239,-0.481888270697375,-0.480105296427565
1.75133333333333,-0.470269011495509,-0.476216988195421,-0.480466054874075,-0.478693707362351
1.75166666666667,-0.46890147434881,-0.474820400748313,-0.479051073928369,-0.47728927843851
1.752,-0.467540838377123,-0.473430899962679,-0.477643279182963,-0.475891961620408
1.75233333333333,-0.466187057456391,-0.472048438221817,-0.476242622366886,-0.474501709272259
1.75266666666667,-0.464840085845752,-0.470672968306558,-0.474849055611465,-0.473118474154142
1.753,-0.46349987818378,-0.469304443391342,-0.473462531446354,-0.471742209418131
1.75333333333333,-0.462166389484726,-0.467942817040308,-0.4720830027956,-0.470372868604429
1.75366666666667,-0.460839575134831,-0.466588043203458,-0.470710422973758,-0.469010405637557
1.754,-0.459519390888679,-0.465240076212849,-0.469344745682072,-0.467654774822586
1.75433333333333,-0.458205792865583,-0.463898870778808,-0.467985925004645,-0.466305930841415
1.75466666666667,-0.456898737545992,-0.462564381986261,-0.466633915404717,-0.464963828749074
1.755,-0.455598181768007,-0.461236565291002,-0.465288671720928,-0.463628423970097
1.75533333333333,-0.45430408272384,-0.459915376516084,-0.463950149163673,-0.462299672294909
1.75566666666667,-0.453016397956401,-0.458600771848227,-0.462618303311456,-0.460977529876277
1.756,-0.451735085355859,-0.45729270783425,-0.461293090107307,-0.459661953225771
1.75633333333333,-0.450460103156285,-0.455991141377562,-0.459974465855239,-0.458352899210296
1.75666666666667,-0.4491914099323,-0.45469602973469,-0.458662387216736,-0.457050325048645
1.757,-0.447928964595792,-0.453407330511841,-0.457356811207288,-0.455754188308092
1.75733333333333,-0.44667272639265,-0.452125001661501,-0.45605769519296,-0.454464446901024
1.75766666666667,-0.445422654899524,-0.45084900147908,-0.454764996887005,-0.453181059081619
1.758,-0.444178710020644,-0.449579288599587,-0.4534786743465,-0.451903983442549
1.75833333333333,-0.442940851984675,-0.44831582199435,-0.452198685969043,-0.450633178911716
1.75866666666667,-0.441709041341587,-0.447058560967766,-0.450924990489462,-0.449368604749051
1.759,-0.440483238959567,-0.445807465154083,-0.449657546976582,-0.44811022054331
1.75933333333333,-0.439263406021978,-0.444562494514237,-0.448396314830015,-0.446857986208938
1.75966666666667,-0.438049504024332,-0.443323609332694,-0.44714125377698,-0.445611861982952
1.76,-0.436841494771312,-0.442090770214354,-0.44589232386918,-0.444371808421853
1.76033333333333,-0.435639340373829,-0.44086393808149,-0.444649485479696,-0.443137786398593
1.76066666666667,-0.434443003246087,-0.439643074170681,-0.443412699299903,-0.441909757099553
1.761,-0.433252446102704,-0.438428140029837,-0.442181926336463,-0.440687682021562
1.76133333333333,-0.432067631955864,-0.437219097515212,-0.440957127908311,-0.439471522968956
1.76166666666667,-0.430888524112487,-0.436015908788475,-0.43973826564367,-0.438261242050666
1.762,-0.429715086171437,-0.434818536313789,-0.438525301477158,-0.437056801677322
1.76233333333333,-0.42854728202076,-0.433626942854956,-0.437318197646839,-0.43585816455842
1.76266666666667,-0.427385075834959,-0.432441091472562,-0.436116916691384,-0.434665293699472
1.763,-0.426228432072279,-0.431260945521157,-0.434921421447208,-0.433478152399249
1.76333333333333,-0.425077315472053,-0.430086468646509,-0.433731675045682,-0.432296704247011
1.76366666666667,-0.423931691052033,-0.428917624782813,-0.432547640910332,-0.43112091311976
1.764,-0.422791524105807,-0.427754378149984,-0.431369282754112,-0.429950743179563
1.76433333333333,-0.421656780200181,-0.426596693250979,-0.430196564576665,-0.428786158870871
1.76466666666667,-0.420527425172653,-0.425444534869132,-0.429029450661654,-0.427627124917876
1.765,-0.419403425128845,-0.424297868065496,-0.42786790557408,-0.426473606321896
1.76533333333333,-0.418284746440036,-0.423156658176275,-0.426711894157669,-0.425325568358801
1.76566666666667,-0.417171355740668,-0.42202087081022,-0.425561381532263,-0.424182976576437
1.766,-0.41606321992588,-0.4208904718461,-0.424416333091231,-0.423045796792112
1.76633333333333,-0.414960306149131,-0.419765427430171,-0.423276714498942,-0.421913995090089
1.76666666666667,-0.413862581819748,-0.418645703973676,-0.422142491688233,-0.420787537819104
1.767,-0.412770014600593,-0.417531268150399,-0.421013630857927,-0.419666391589918
1.76733333333333,-0.411682572405705,-0.416422086894203,-0.419890098470346,-0.4185505232729
1.76766666666667,-0.41060022339797,-0.415318127396632,-0.418771861248892,-0.41743989999562
1.768,-0.409522935986838,-0.414219357104509,-0.417658886175616,-0.416334489140489
1.76833333333333,-0.408450678826049,-0.413125743717589,-0.416551140488849,-0.4152342583424
1.76866666666667,-0.407383420811375,-0.412037255186215,-0.41544859168082,-0.414139175486408
1.769,-0.406321131078397,-0.410953859708984,-0.414351207495327,-0.413049208705441
1.76933333333333,-0.405263779000331,-0.409875525730506,-0.413258955925424,-0.411964326378015
1.76966666666667,-0.404211334185806,-0.408802221939094,-0.412171805211135,-0.410884497125994
1.77,-0.403163766476753,-0.407733917264553,-0.411089723837177,-0.409809689812362
1.77033333333333,-0.402121045946246,-0.406670580875959,-0.410012680530747,-0.408739873539027
1.77066666666667,-0.401083142896403,-0.40561218217945,-0.408940644259264,-0.407675017644622
1.771,-0.400050027856305,-0.404558690816086,-0.407873584228217,-0.406615091702373
1.77133333333333,-0.399021671579922,-0.403510076659678,-0.406811469878976,-0.405560065517959
1.77166666666667,-0.397998045044069,-0.402466309814679,-0.405754270886638,-0.404509909127394
1.772,-0.3969791194464,-0.401427360614073,-0.404701957157914,-0.403464592794941
1.77233333333333,-0.395964866203393,-0.400393199617309,-0.403654498829028,-0.402424087011056
1.77266666666667,-0.394955256948369,-0.399363797608223,-0.402611866263621,-0.401388362490328
1.773,-0.393950263529548,-0.398339125593032,-0.401574030050712,-0.40035739016946
1.77333333333333,-0.392949858008101,-0.39731915479829,-0.400540961002645,-0.399331141205274
1.77366666666667,-0.391954012656229,-0.396303856668915,-0.399512630153081,-0.398309586972721
1.774,-0.390962699955277,-0.395293202866212,-0.398489008755005,-0.397292699062918
1.77433333333333,-0.389975892593846,-0.394287165265918,-0.397470068278741,-0.396280449281217
1.77466666666667,-0.388993563465932,-0.393285715956267,-0.39645578041002,-0.395272809645273
1.775,-0.388015685669093,-0.392288827236084,-0.395446117048007,-0.394269752383151
1.77533333333333,-0.387042232502638,-0.391296471612908,-0.394441050303442,-0.393271249931435
1.77566666666667,-0.3860731774658,-0.390308621801089,-0.393440552496694,-0.392277274933391
1.776,-0.385108494255973,-0.389325250719959,-0.392444596155922,-0.391287800237078
1.77633333333333,-0.384148156766943,-0.388346331491995,-0.391453154015207,-0.39030279889358
1.77666666666667,-0.38319213908714,-0.387371837440999,-0.390466199012711,-0.389322244155156
1.777,-0.382240415497909,-0.3864017420903,-0.389483704288877,-0.388346109473477
1.77733333333333,-0.3812929604718,-0.385436019160998,-0.388505643184618,-0.387374368497856
1.77766666666667,-0.380349748670879,-0.384474642570181,-0.387531989239532,-0.386406995073483
1.778,-0.379410754945043,-0.38351758642919,-0.386562716190153,-0.385443963239711
1.77833333333333,-0.378475954330371,-0.382564825041901,-0.385597797968217,-0.384485247228338
1.77866666666667,-0.377545322047474,-0.381616332903022,-0.384637208698906,-0.383530821461894
1.779,-0.376618833499872,-0.380672084696402,-0.383680922699166,-0.382580660551983
1.77933333333333,-0.375696464272392,-0.379732055293365,-0.382728914476002,-0.381634739297613
1.77966666666667,-0.374778190129573,-0.378796219751035,-0.381781158724817,-0.380693032683536
1.78,-0.373863987014084,-0.377864553310738,-0.380837630327747,-0.379755515878644
1.78033333333333,-0.37295383104516,-0.37693703139635,-0.379898304352023,-0.378822164234337
1.78066666666667,-0.372047698517085,-0.3760136296127,-0.378963156048348,-0.377892953282934
1.781,-0.37114556589763,-0.375094323744001,-0.378032160849294,-0.37696785873609
1.78133333333333,-0.37024740982656,-0.374179089752254,-0.377105294367708,-0.376046856483242
1.78166666666667,-0.369353207114128,-0.373267903775716,-0.376182532395142,-0.375129922590042
1.782,-0.368462934739591,-0.372360742127331,-0.375263850900287,-0.374217033296842
1.78233333333333,-0.367576569849753,-0.371457581293241,-0.374349226027443,-0.373308165017166
1.78266666666667,-0.366694089757505,-0.370558397931263,-0.373438634094977,-0.372403294336208
1.783,-0.365815471940379,-0.369663168869376,-0.372532051593825,-0.371502398009359
1.78333333333333,-0.36494069403914,-0.368771871104278,-0.371629455185983,-0.37060545296071
1.78366666666667,-0.364069733856357,-0.367884481799899,-0.37073082170304,-0.369712436281615
1.784,-0.363202569355026,-0.367000978285958,-0.369836128144699,-0.368823325229244
1.78433333333333,-0.362339178657174,-0.366121338056533,-0.368945351677327,-0.367938097225148
1.78466666666667,-0.361479540042507,-0.365245538768632,-0.368058469632527,-0.367056729853838
1.785,-0.360623631947026,-0.364373558240796,-0.367175459505696,-0.366179200861415
1.78533333333333,-0.359771432961725,-0.363505374451711,-0.366296298954641,-0.365305488154147
1.78566666666667,-0.358922921831232,-0.362640965538813,-0.36542096579816,-0.364435569797119
1.786,-0.358078077452508,-0.36178030979694,-0.364549438014677,-0.363569424012862
1.78633333333333,-0.357236878873549,-0.360923385676985,-0.363681693740867,-0.362707029180022
1.78666666666667,-0.356399305292082,-0.360070171784535,-0.362817711270298,-0.361848363832011
1.787,-0.355565336054311,-0.359220646878566,-0.361957469052117,-0.360993406655698
1.78733333333333,-0.35473495065363,-0.358374789870148,-0.36110094568967,-0.360142136490103
1.78766666666667,-0.353908128729391,-0.3575325798211,-0.360248119939248,-0.359294532325089
1.788,-0.353084850065653,-0.356693995942749,-0.35939897070874,-0.358450573300102
1.78833333333333,-0.352265094589974,-0.355859017594647,-0.358553477056368,-0.357610238702897
1.78866666666667,-0.351448842372158,-0.35502762428329,-0.357711618189407,-0.356773507968273
1.789,-0.350636073623106,-0.354199795660907,-0.356873373462918,-0.355940360676836
1.78933333333333,-0.349826768693581,-0.353375511524191,-0.356038722378498,-0.355110776553769
1.78966666666667,-0.349020908073051,-0.352554751813093,-0.355207644583043,-0.354284735467611
1.79,-0.348218472388508,-0.351737496609605,-0.35438011986752,-0.353462217429049
1.79033333333333,-0.347419442403333,-0.350923726136579,-0.353556128165749,-0.352643202589728
1.79066666666667,-0.346623799016126,-0.350113420756508,-0.352735649553218,-0.351827671241054
1.791,-0.345831523259584,-0.349306560970373,-0.351918664245855,-0.35101560381304
1.79133333333333,-0.345042596299387,-0.348503127416472,-0.351105152598896,-0.35020698087313
1.79166666666667,-0.344256999433066,-0.347703100869272,-0.350295095105669,-0.349401783125046
1.792,-0.343474714088921,-0.346906462238254,-0.349488472396483,-0.348599991407671
1.79233333333333,-0.34269572182492,-0.346113192566805,-0.348685265237449,-0.347801586693904
1.79266666666667,-0.341920004327625,-0.345323273031065,-0.347885454529354,-0.347006550089545
1.793,-0.341147543411104,-0.344536684938853,-0.347089021306544,-0.34621486283219
1.79333333333333,-0.340378321015906,-0.343753409728545,-0.34629594673581,-0.34542650629014
1.79366666666667,-0.339612319207977,-0.342973428967998,-0.345506212115283,-0.344641461961308
1.794,-0.338849520177649,-0.342196724353467,-0.34471979887334,-0.343859711472149
1.79433333333333,-0.338089906238588,-0.341423277708545,-0.343936688567527,-0.343081236576607
1.79466666666667,-0.337333459826792,-0.340653070983092,-0.343156862883489,-0.342306019155033
1.795,-0.336580163499572,-0.339886086252215,-0.342380303633915,-0.341534041213172
1.79533333333333,-0.335829999934561,-0.339122305715201,-0.341606992757477,-0.340765284881113
1.79566666666667,-0.335082951928703,-0.338361711694512,-0.340836912317792,-0.339999732412257
1.796,-0.334339002397302,-0.33760428663476,-0.340070044502396,-0.339237366182328
1.79633333333333,-0.333598134373032,-0.336850013101698,-0.339306371621728,-0.33847816868834
1.79666666666667,-0.332860331004978,-0.336098873781235,-0.338545876108111,-0.337722122547625
1.797,-0.332125575557677,-0.335350851478434,-0.337788540514752,-0.336969210496834
1.79733333333333,-0.331393851410191,-0.334605929116542,-0.337034347514752,-0.33621941539096
1.79766666666667,-0.330665142055154,-0.333864089736012,-0.336283279900135,-0.335472720202381
1.798,-0.329939431097856,-0.333125316493561,-0.335535320580851,-0.334729108019896
1.79833333333333,-0.329216702255324,-0.332389592661201,-0.334790452583835,-0.333988562047777
1.79866666666667,-0.328496939355406,-0.331656901625307,-0.334048659052043,-0.333251065604818
1.799,-0.327780126335881,-0.330927226885677,-0.333309923243508,-0.332516602123429
1.79933333333333,-0.327066247243564,-0.330200552054617,-0.332574228530402,-0.331785155148694
1.79966666666667,-0.326355286233421,-0.32947686085602,-0.331841558398116,-0.331056708337461
1.8,-0.32564722756769,-0.328756137124461,-0.331111896444322,-0.330331245457436
1.80033333333333,-0.324942055615019,-0.328038364804301,-0.330385226378085,-0.329608750386291
1.80066666666667,-0.324239754849609,-0.327323527948793,-0.329661532018955,-0.328889207110778
1.801,-0.323540309850364,-0.326611610719196,-0.328940797296064,-0.328172599725834
1.80133333333333,-0.322843705300038,-0.325902597383924,-0.328223006247249,-0.327458912433734
1.80166666666667,-0.322149925984407,-0.32519647231765,-0.327508143018176,-0.326748129543206
1.802,-0.321458956791453,-0.324493220000474,-0.326796191861462,-0.326040235468579
1.80233333333333,-0.320770782710518,-0.323792825017069,-0.326087137135838,-0.325335214728949
1.80266666666667,-0.320085388831515,-0.323095272055825,-0.325380963305269,-0.324633051947316
1.803,-0.319402760344119,-0.322400545908033,-0.324677654938121,-0.323933731849783
1.80333333333333,-0.318722882536961,-0.321708631467055,-0.32397719670633,-0.323237239264702
1.80366666666667,-0.318045740796848,-0.321019513727507,-0.323279573384567,-0.322543559121876
1.804,-0.317371320607979,-0.320333177784446,-0.322584769849412,-0.321852676451739
1.80433333333333,-0.316699607551164,-0.319649608832566,-0.321892771078555,-0.321164576384567
1.80466666666667,-0.316030587303067,-0.318968792165412,-0.321203562149975,-0.320479244149671
1.805,-0.315364245635432,-0.318290713174576,-0.320517128241152,-0.319796665074618
1.80533333333333,-0.314700568414341,-0.317615357348946,-0.319833454628269,-0.319116824584447
1.80566666666667,-0.314039541599466,-0.31694271027389,-0.319152526685428,-0.318439708200898
1.806,-0.313381151243312,-0.31627275763053,-0.318474329883881,-0.317765301541653
1.80633333333333,-0.312725383490515,-0.315605485194963,-0.317798849791255,-0.317093590319567
1.80666666666667,-0.312072224577083,-0.314940878837504,-0.317126072070785,-0.316424560341921
1.807,-0.311421660829701,-0.314278924521965,-0.316455982480563,-0.315758197509684
1.80733333333333,-0.310773678665,-0.313619608304888,-0.315788566872795,-0.315094487816763
1.80766666666667,-0.310128264588864,-0.312962916334829,-0.315123811193051,-0.31443341734928
1.808,-0.309485405195721,-0.312308834851632,-0.31446170147953,-0.313774972284848
1.80833333333333,-0.308845087167854,-0.311657350185707,-0.313802223862337,-0.313119138891847
1.80866666666667,-0.30820729727471,-0.311008448757325,-0.313145364562761,-0.312465903528729
1.809,-0.307572022372216,-0.310362117075903,-0.312491109892548,-0.311815252643288
1.80933333333333,-0.306939249402111,-0.309718341739313,-0.311839446253215,-0.311167172771976
1.80966666666667,-0.306308965391273,-0.309077109433182,-0.311190360135325,-0.310521650539218
1.81,-0.305681157451056,-0.308438406930219,-0.310543838117803,-0.309878672656715
1.81033333333333,-0.305055812776639,-0.30780222108952,-0.309899866867248,-0.309238225922766
1.81066666666667,-0.304432918646356,-0.3071685388559,-0.30925843313724,-0.308600297221599
1.811,-0.303812462421078,-0.306537347259232,-0.308619523767673,-0.307964873522691
1.81133333333333,-0.30319443154355,-0.305908633413776,-0.30798312568408,-0.307331941880132
1.81166666666667,-0.302578813537774,-0.305282384517525,-0.307349225896966,-0.306701489431942
1.812,-0.301965596008362,-0.304658587851555,-0.306717811501148,-0.306073503399435
1.81233333333333,-0.30135476663994,-0.304037230779393,-0.306088869675114,-0.305447971086586
1.81266666666667,-0.300746313196506,-0.303418300746356,-0.305462387680354,-0.304824879879356
1.813,-0.300140223520831,-0.302801785278939,-0.304838352860746,-0.304204217245109
1.81333333333333,-0.299536485533854,-0.302187671984178,-0.304216752641886,-0.303585970731948
1.81366666666667,-0.298935087234075,-0.301575948549032,-0.303597574530495,-0.302970127968106
1.814,-0.298336016696972,-0.300966602739765,-0.302980806113774,-0.302356676661336
1.81433333333333,-0.297739262074391,-0.300359622401341,-0.302366435058779,-0.301745604598295
1.81466666666667,-0.297144811593985,-0.299754995456807,-0.301754449111825,-0.301136899643939
1.815,-0.296552653558609,-0.299152709906715,-0.301144836097869,-0.300530549740927
1.81533333333333,-0.295962776345777,-0.298552753828508,-0.300537583919904,-0.299926542909024
1.81566666666667,-0.295375168407063,-0.297955115375942,-0.299932680558375,-0.299324867244515
1.816,-0.294789818267552,-0.297359782778495,-0.299330114070571,-0.298725510919621
1.81633333333333,-0.294206714525282,-0.296766744340793,-0.298729872590049,-0.298128462181916
1.81666666666667,-0.293625845850682,-0.296175988442048,-0.298131944326054,-0.297533709353758
1.817,-0.293047200986032,-0.295587503535469,-0.297536317562934,-0.296941240831728
1.81733333333333,-0.292470768744905,-0.295001278147707,-0.296942980659574,-0.296351045086053
1.81766666666667,-0.291896538011649,-0.294417300878304,-0.296351922048831,-0.295763110660059
1.818,-0.291324497740822,-0.293835560399137,-0.29576313023697,-0.295177426169606
1.81833333333333,-0.29075463695669,-0.293256045453861,-0.295176593803113,-0.294593980302554
1.81866666666667,-0.290186944752692,-0.292678744857375,-0.294592301398677,-0.294012761818206
1.819,-0.289621410290906,-0.292103647495282,-0.294010241746842,-0.293433759546781
1.81933333333333,-0.289058022801553,-0.291530742323349,-0.293430403641997,-0.292856962388868
1.81966666666667,-0.28849677158247,-0.290960018366988,-0.29285277594921,-0.292282359314914
1.82,-0.287937645998615,-0.290391464720716,-0.292277347603694,-0.291709939364671
1.82033333333333,-0.287380635481547,-0.289825070547654,-0.291704107610276,-0.291139691646707
1.82066666666667,-0.286825729528943,-0.289260825078997,-0.291133045042881,-0.290571605337867
1.821,-0.286272917704101,-0.288698717613511,-0.290564149044006,-0.290005669682774
1.82133333333333,-0.285722189635443,-0.288138737517011,-0.289997408824213,-0.289441873993315
1.82166666666667,-0.28517353501603,-0.287580874221891,-0.289432813661611,-0.288880207648152
1.822,-0.284626943603087,-0.28702511722659,-0.288870352901365,-0.288320660092202
1.82233333333333,-0.284082405217528,-0.286471456095117,-0.288310015955184,-0.287763220836159
1.82266666666667,-0.283539909743466,-0.285919880456568,-0.287751792300815,-0.287207879456009
1.823,-0.282999447127758,-0.285370380004622,-0.287195671481582,-0.286654625592522
1.82333333333333,-0.282461007379541,-0.284822944497077,-0.286641643105866,-0.286103448950798
1.82366666666667,-0.281924580569765,-0.284277563755363,-0.286089696846642,-0.28555433929977
1.824,-0.281390156830726,-0.283734227664077,-0.285539822440985,-0.285007286471741
1.82433333333333,-0.280857726355641,-0.283192926170512,-0.284992009689611,-0.284462280361915
1.82466666666667,-0.280327279398167,-0.282653649284183,-0.284446248456391,-0.283919310927922
1.825,-0.279798806271975,-0.282116387076385,-0.283902528667899,-0.283378368189375
1.82533333333333,-0.279272297350308,-0.28158112967972,-0.28336084031292,-0.282839442227399
1.82566666666667,-0.278747743065527,-0.281047867287657,-0.282821173442033,-0.282302523184181
1.826,-0.278225133908693,-0.280516590154071,-0.282283518167117,-0.281767601262524
1.82633333333333,-0.277704460429136,-0.279987288592814,-0.281747864660926,-0.281234666725394
1.82666666666667,-0.27718571323402,-0.279459952977248,-0.281214203156625,-0.280703709895498
1.827,-0.276668882987911,-0.278934573739838,-0.280682523947359,-0.280174721154819
1.82733333333333,-0.276153960412394,-0.27841114137171,-0.280152817385799,-0.279647690944201
1.82766666666667,-0.275640936285609,-0.277889646422199,-0.279625073883721,-0.279122609762921
1.828,-0.275129801441873,-0.277370079498449,-0.279099283911561,-0.278599468168242
1.82833333333333,-0.27462054677126,-0.276852431264979,-0.278575437997997,-0.278078256775009
1.82866666666667,-0.27411316321919,-0.27633669244327,-0.278053526729512,-0.277558966255226
1.829,-0.273607641786036,-0.275822853811341,-0.277533540749979,-0.277041587337631
1.82933333333333,-0.273103973526723,-0.275310906203345,-0.277015470760255,-0.276526110807297
1.82966666666667,-0.272602149550325,-0.274800840509155,-0.276499307517736,-0.276012527505212
1.83,-0.272102161019675,-0.274292647673962,-0.275985041835978,-0.27550082832788
1.83033333333333,-0.271603999151,-0.273786318697875,-0.275472664584269,-0.274991004226914
1.83066666666667,-0.271107655213491,-0.273281844635515,-0.274962166687237,-0.274483046208641
1.831,-0.270613120528958,-0.272779216595633,-0.274453539124438,-0.273976945333708
1.83133333333333,-0.270120386471433,-0.272278425740708,-0.273946772929969,-0.273472692716682
1.83166666666667,-0.269629444466804,-0.271779463286562,-0.273441859192075,-0.272970279525674
1.832,-0.269140285992436,-0.271282320501974,-0.272938789052739,-0.272469696981944
1.83233333333333,-0.268652902576798,-0.270786988708302,-0.27243755370732,-0.271970936359517
1.83266666666667,-0.268167285799105,-0.270293459279098,-0.271938144404161,-0.271473988984811
1.833,-0.267683427288949,-0.26980172363974,-0.271440552444194,-0.27097884623626
1.83333333333333,-0.267201318725942,-0.26931177326706,-0.270944769180581,-0.270485499543939
1.83366666666667,-0.266720951839353,-0.268823599688959,-0.270450786018331,-0.269993940389189
1.834,-0.266242318407756,-0.268337194484064,-0.269958594413919,-0.269504160304263
1.83433333333333,-0.265765410258687,-0.26785254928135,-0.269468185874941,-0.269016150871953
1.83466666666667,-0.265290219268281,-0.267369655759784,-0.268979551959732,-0.26852990372523
1.835,-0.264816737360932,-0.266888505647971,-0.268492684277,-0.268045410546889
1.83533333333333,-0.264344956508955,-0.266409090723788,-0.268007574485481,-0.267562663069197
1.83566666666667,-0.263874868732239,-0.265931402814057,-0.267524214293574,-0.267081653073537
1.836,-0.263406466097911,-0.265455433794166,-0.267042595458989,-0.266602372390053
1.83633333333333,-0.262939740720014,-0.264981175587752,-0.266562709788392,-0.266124812897322
1.83666666666667,-0.262474684759143,-0.264508620166336,-0.266084549137066,-0.265648966521993
1.837,-0.262011290422157,-0.264037759549002,-0.265608105408563,-0.265174825238457
1.83733333333333,-0.261549549961823,-0.263568585802043,-0.265133370554354,-0.264702381068507
1.83766666666667,-0.261089455676505,-0.263101091038642,-0.264660336573515,-0.264231626080999
1.838,-0.260630999909837,-0.26263526741853,-0.264188995512353,-0.263762552391528
1.83833333333333,-0.260174175050412,-0.262171107147661,-0.263719339464099,-0.263295152162093
1.83866666666667,-0.259718973531458,-0.261708602477893,-0.263251360568577,-0.262829417600777
1.839,-0.259265387830531,-0.261247745706647,-0.262785051011862,-0.262365340961408
1.83933333333333,-0.2588134104692,-0.26078852917661,-0.262320403025968,-0.261902914543256
1.83966666666667,-0.258363034012741,-0.260330945275393,-0.261857408888514,-0.261442130690705
1.84,-0.257914251069836,-0.259874986435237,-0.261396060922414,-0.260982981792935
1.84033333333333,-0.257467054292256,-0.259420645132686,-0.260936351495549,-0.26052546028362
1.84066666666667,-0.257021436374576,-0.258967913888277,-0.260478273020465,-0.260069558640601
1.841,-0.256577390053871,-0.258516785266242,-0.260021817954049,-0.259615269385589
1.84133333333333,-0.256134908109412,-0.258067251874198,-0.259566978797227,-0.259162585083859
1.84166666666667,-0.25569398336239,-0.257619306362842,-0.259113748094652,-0.258711498343936
1.842,-0.255254608675604,-0.257172941425646,-0.258662118434395,-0.258262001817309
1.84233333333333,-0.25481677695319,-0.256728149798575,-0.25821208244766,-0.257814088198121
1.84266666666667,-0.254380481140327,-0.256284924259775,-0.257763632808464,-0.257367750222879
1.843,-0.253945714222951,-0.25584325762929,-0.257316762233347,-0.256922980670157
1.84333333333333,-0.253512469227475,-0.255403142768766,-0.256871463481085,-0.256479772360306
1.84366666666667,-0.253080739220518,-0.25496457258116,-0.256427729352382,-0.256038118155167
1.844,-0.252650517308611,-0.254527540010472,-0.255985552689597,-0.25559801095778
1.84433333333333,-0.252221796637931,-0.254092038041436,-0.255544926376436,-0.255159443712099
1.84466666666667,-0.251794570394034,-0.253658059699255,-0.255105843337682,-0.254722409402723
1.845,-0.251368831801577,-0.253225598049313,-0.254668296538914,-0.254286901054593
1.84533333333333,-0.250944574124049,-0.252794646196904,-0.254232278986209,-0.253852911732736
1.84566666666667,-0.2505217906635,-0.25236519728696,-0.25379778372587,-0.253420434541979
1.846,-0.250100474760297,-0.251937244503767,-0.253364803844165,-0.252989462626674
1.84633333333333,-0.249680619792837,-0.251510781070707,-0.25293333246703,-0.252559989170436
1.84666666666667,-0.249262219177301,-0.251085800249978,-0.252503362759804,-0.252132007395868
1.847,-0.248845266367395,-0.250662295342342,-0.252074887926971,-0.251705510564292
1.84733333333333,-0.248429754854093,-0.250240259686847,-0.251647901211872,-0.25128049197549
1.84766666666667,-0.248015678165372,-0.249819686660574,-0.251222395896459,-0.250856944967437
1.848,-0.247603029865986,-0.249400569678376,-0.250798365301016,-0.250434862916045
1.84833333333333,-0.247191803557184,-0.248982902192613,-0.250375802783901,-0.250014239234902
1.84866666666667,-0.246781992876492,-0.248566677692908,-0.249954701741297,-0.249595067375015
1.849,-0.246373591497445,-0.248151889705883,-0.249535055606935,-0.249177340824554
1.84933333333333,-0.245966593129352,-0.24773853179492,-0.249116857851861,-0.248761053108609
1.84966666666667,-0.245560991517055,-0.247326597559891,-0.248700101984165,-0.248346197788928
1.85,-0.245156780440691,-0.246916080636936,-0.248284781548735,-0.247932768463676
1.85033333333333,-0.244753953715441,-0.246506974698196,-0.247870890127013,-0.247520758767186
1.85066666666667,-0.244352505191309,-0.246099273451574,-0.24745842133674,-0.247110162369711
1.851,-0.243952428752877,-0.245692970640504,-0.24704736883171,-0.246700972977192
1.85133333333333,-0.243553718319076,-0.245288060043698,-0.246637726301541,-0.24629318433101
1.85166666666667,-0.243156367842954,-0.24488453547492,-0.246229487471408,-0.245886790207741
1.852,-0.242760371311453,-0.244482390782732,-0.245822646101832,-0.245481784418937
1.85233333333333,-0.242365722745169,-0.244081619850279,-0.245417195988413,-0.245078160810871
1.85266666666667,-0.241972416198139,-0.243682216595049,-0.245013130961618,-0.244675913264318
1.853,-0.241580445757611,-0.243284174968633,-0.244610444886535,-0.244275035694319
1.85333333333333,-0.241189805543821,-0.242887488956512,-0.244209131662645,-0.243875522049949
1.85366666666667,-0.240800489709778,-0.242492152577819,-0.243809185223582,-0.243477366314093
1.854,-0.240412492441034,-0.242098159885124,-0.243410599536922,-0.243080562503217
1.85433333333333,-0.240025807955487,-0.241705504964188,-0.243013368603936,-0.242685104667149
1.85466666666667,-0.23964043050314,-0.241314181933773,-0.242617486459377,-0.242290986888849
1.855,-0.239256354365916,-0.240924184945396,-0.24222294717126,-0.24189820328419
1.85533333333333,-0.238873573857421,-0.240535508183122,-0.241829744840621,-0.241506748001746
1.85566666666667,-0.238492083322743,-0.240148145863347,-0.241437873601325,-0.241116615222568
1.856,-0.238111877138249,-0.23976209223458,-0.241047327619826,-0.240727799159971
1.85633333333333,-0.237732949711373,-0.239377341577232,-0.240658101094955,-0.240340294059316
1.85666666666667,-0.237355295480409,-0.238993888203401,-0.24027018825771,-0.2399540941978
1.857,-0.236978908914308,-0.238611726456663,-0.239883583371036,-0.239569193884252
1.85733333333333,-0.236603784512479,-0.238230850711869,-0.239498280729628,-0.239185587458912
1.85766666666667,-0.236229916804579,-0.23785125537493,-0.239114274659697,-0.238803269293227
1.858,-0.235857300350332,-0.237472934882617,-0.238731559518783,-0.238422233789655
1.85833333333333,-0.235485929739305,-0.237095883702354,-0.238350129695532,-0.238042475381446
1.85866666666667,-0.235115799590743,-0.23672009633202,-0.237969979609511,-0.237663988532451
1.859,-0.234746904553347,-0.236345567299747,-0.237591103710983,-0.237286767736912
1.85933333333333,-0.234379239305089,-0.235972291163712,-0.237213496480716,-0.236910807519271
1.85966666666667,-0.23401279855303,-0.235600262511956,-0.23683715242978,-0.236536102433959
1.86,-0.233647577033123,-0.235229475962173,-0.236462066099352,-0.236162647065217
1.86033333333333,-0.233283569510019,-0.234859926161528,-0.236088232060505,-0.235790436026884
1.86066666666667,-0.232920770776885,-0.234491607786457,-0.23571564491404,-0.235419463962215
1.861,-0.232559175655219,-0.234124515542465,-0.235344299290255,-0.23504972554368
1.86133333333333,-0.232198778994664,-0.233758644163963,-0.234974189848778,-0.234681215472786
1.86166666666667,-0.231839575672822,-0.233393988414052,-0.234605311278373,-0.23431392847987
1.862,-0.231481560595082,-0.233030543084355,-0.234237658296737,-0.233947859323923
1.86233333333333,-0.231124728694418,-0.232668302994815,-0.233871225650324,-0.233583002792407
1.86266666666667,-0.230769074931244,-0.232307262993525,-0.233506008114148,-0.233219353701058
1.863,-0.2304145942932,-0.231947417956536,-0.233142000491606,-0.23285690689371
1.86333333333333,-0.230061281794999,-0.231588762787683,-0.232779197614295,-0.232495657242109
1.86366666666667,-0.229709132478247,-0.231231292418394,-0.232417594341809,-0.232135599645743
1.864,-0.229358141411263,-0.23087500180752,-0.232057185561586,-0.231776729031643
1.86433333333333,-0.229008303688917,-0.230519885941152,-0.23169796618871,-0.23141904035422
1.86466666666667,-0.228659614432449,-0.230165939832452,-0.231339931165734,-0.231062528595092
1.865,-0.228312068789304,-0.229813158521471,-0.230983075462504,-0.230707188762886
1.86533333333333,-0.227965661932963,-0.229461537074976,-0.230627394075987,-0.230353015893091
1.86566666666667,-0.227620389062778,-0.229111070586287,-0.230272882030087,-0.230000005047859
1.866,-0.227276245403798,-0.228761754175084,-0.229919534375483,-0.229648151315867
1.86633333333333,-0.226933226206618,-0.228413582987272,-0.229567346189448,-0.229297449812101
1.86666666666667,-0.226591326747196,-0.228066552194775,-0.229216312575678,-0.228947895677739
1.867,-0.226250542326709,-0.227720656995394,-0.228866428664126,-0.228599484079939
1.86733333333333,-0.225910868271385,-0.227375892612636,-0.228517689610837,-0.228252210211693
1.86766666666667,-0.225572299932342,-0.227032254295543,-0.228170090597766,-0.227906069291666
1.868,-0.225234832685427,-0.226689737318529,-0.227823626832634,-0.227561056564016
1.86833333333333,-0.224898461931066,-0.226348336981232,-0.227478293548745,-0.227217167298253
1.86866666666667,-0.224563183094096,-0.226008048608332,-0.227134086004828,-0.226874396789052
1.869,-0.224228991623626,-0.225668867549407,-0.226790999484882,-0.226532740356112
1.86933333333333,-0.223895882992866,-0.225330789178761,-0.226449029297998,-0.226192193343985
1.86966666666667,-0.223563852698984,-0.22499380889529,-0.226108170778222,-0.225852751121933
1.87,-0.22323289626295,-0.224657922122291,-0.225768419284376,-0.225514409083747
1.87033333333333,-0.222903009229396,-0.224323124307337,-0.225429770199914,-0.22517716264762
1.87066666666667,-0.222574187166445,-0.223989410922114,-0.225092218932754,-0.224841007255966
1.871,-0.222246425665582,-0.223656777462257,-0.224755760915135,-0.224505938375286
1.87133333333333,-0.221919720341499,-0.223325219447211,-0.224420391603452,-0.224171951496008
1.87166666666667,-0.22159406683195,-0.222994732420083,-0.224086106478115,-0.223839042132332
1.872,-0.221269460797601,-0.222665311947478,-0.223752901043382,-0.223507205822085
1.87233333333333,-0.220945897921895,-0.222336953619362,-0.223420770827223,-0.223176438126577
1.87266666666667,-0.2206233739109,-0.222009653048908,-0.223089711381165,-0.222846734630435
1.873,-0.22030188449317,-0.221683405872356,-0.222759718280135,-0.222518090941479
1.87333333333333,-0.21998142541961,-0.221358207748872,-0.222430787122326,-0.222190502690564
1.87366666666667,-0.219661992463327,-0.221034054360386,-0.222102913529047,-0.221863965531437
1.874,-0.219343581419494,-0.220710941411461,-0.221776093144569,-0.221538475140586
1.87433333333333,-0.219026188105212,-0.220388864629159,-0.221450321635992,-0.221214027217114
1.87466666666667,-0.218709808359375,-0.220067819762881,-0.221125594693101,-0.220890617482587
1.875,-0.218394438042535,-0.219747802584248,-0.220801908028212,-0.220568241680892
1.87533333333333,-0.218080073036763,-0.219428808886936,-0.220479257376045,-0.220246895578101
1.87566666666667,-0.217766709245511,-0.219110834486566,-0.22015763849358,-0.219926574962333
1.876,-0.217454342593493,-0.218793875220549,-0.219837047159909,-0.219607275643618
1.87633333333333,-0.21714296902654,-0.218477926947961,-0.219517479176115,-0.21928899345375
1.87666666666667,-0.216832584511478,-0.218162985549393,-0.219198930365113,-0.218971724246175
1.877,-0.216523185035986,-0.217849046926835,-0.218881396571543,-0.218655463895825
1.87733333333333,-0.21621476660848,-0.217536107003532,-0.218564873661604,-0.218340208299006
1.87766666666667,-0.215907325257974,-0.217224161723852,-0.218249357522939,-0.218025953373269
1.878,-0.215600857033963,-0.216913207053159,-0.217934844064501,-0.217712695057259
1.87833333333333,-0.215295358006286,-0.216603238977692,-0.217621329216414,-0.217400429310599
1.87866666666667,-0.214990824265006,-0.216294253504404,-0.217308808929846,-0.217089152113757
1.879,-0.214687251920288,-0.215986246660875,-0.216997279176879,-0.216778859467915
1.87933333333333,-0.214384637102269,-0.215679214495155,-0.216686735950371,-0.216469547394845
1.87966666666667,-0.214082975960938,-0.215373153075649,-0.216377175263852,-0.216161211936779
1.88,-0.213782264666016,-0.215068058490993,-0.21606859315136,-0.21585384915628
1.88033333333333,-0.21348249940683,-0.214763926849925,-0.215760985667352,-0.215547455136133
1.88066666666667,-0.213183676392199,-0.214460754281158,-0.215454348886548,-0.215242025979194
1.881,-0.212885791850308,-0.214158536933267,-0.215148678903826,-0.214937557808288
1.88133333333333,-0.212588842028596,-0.21385727097456,-0.214843971834088,-0.214634046766082
1.88166666666667,-0.212292823193633,-0.213556952592964,-0.214540223812148,-0.214331489014956
1.882,-0.211997731631007,-0.213257577995892,-0.214237430992593,-0.21402988073689
1.88233333333333,-0.211703563645201,-0.212959143410137,-0.213935589549674,-0.213729218133351
1.88266666666667,-0.211410315559491,-0.212661645081743,-0.213634695677188,-0.213429497425146
1.883,-0.211117983715817,-0.212365079275898,-0.213334745588345,-0.213130714852337
1.88333333333333,-0.210826564474683,-0.21206944227681,-0.213035735515667,-0.21283286667411
1.88366666666667,-0.210536054215026,-0.211774730387591,-0.212737661710854,-0.212535949168647
1.884,-0.210246449334129,-0.211480939930142,-0.212440520444683,-0.212239958633031
1.88433333333333,-0.209957746247482,-0.211188067245042,-0.212144308006871,-0.21194489138312
1.88466666666667,-0.209669941388699,-0.210896108691438,-0.211849020705983,-0.21165074375343
1.885,-0.209383031209386,-0.210605060646913,-0.2115546548693,-0.211357512097031
1.88533333333333,-0.209097012179046,-0.210314919507402,-0.211261206842719,-0.211065192785431
1.88566666666667,-0.208811880784963,-0.210025681687063,-0.210968672990623,-0.210773782208453
1.886,-0.208527633532101,-0.209737343618168,-0.21067704969579,-0.210483276774151
1.88633333333333,-0.208244266942989,-0.209449901750992,-0.210386333359258,-0.210193672908667
1.88666666666667,-0.207961777557628,-0.209163352553717,-0.210096520400241,-0.209904967056154
1.887,-0.207680161933374,-0.208877692512312,-0.209807607255998,-0.209617155678637
1.88733333333333,-0.20739941664484,-0.208592918130428,-0.209519590381733,-0.209330235255928
1.88766666666667,-0.207119538283787,-0.208309025929289,-0.209232466250484,-0.209044202285513
1.888,-0.206840523459023,-0.208026012447596,-0.208946231353021,-0.208759053282436
1.88833333333333,-0.206562368796314,-0.207743874241413,-0.208660882197738,-0.208474784779209
1.88866666666667,-0.206285070938258,-0.207462607884063,-0.208376415310535,-0.208191393325696
1.889,-0.206008626544208,-0.207182209966027,-0.208092827234728,-0.207908875489007
1.88933333333333,-0.205733032290147,-0.206902677094847,-0.207810114530943,-0.207627227853416
1.88966666666667,-0.205458284868618,-0.206624005895011,-0.207528273777006,-0.207346447020223
1.89,-0.205184380988604,-0.206346193007858,-0.207247301567837,-0.207066529607686
1.89033333333333,-0.204911317375434,-0.206069235091484,-0.206967194515359,-0.206787472250901
1.89066666666667,-0.204639090770692,-0.205793128820629,-0.206687949248387,-0.206509271601704
1.891,-0.204367697932112,-0.205517870886589,-0.206409562412539,-0.206231924328576
1.89133333333333,-0.20409713563349,-0.205243457997111,-0.20613203067012,-0.205955427116542
1.89166666666667,-0.203827400664585,-0.204969886876296,-0.205855350700029,-0.205679776667071
1.892,-0.203558489831023,-0.204697154264503,-0.205579519197672,-0.205404969697975
1.89233333333333,-0.203290399954204,-0.204425256918253,-0.205304532874842,-0.205131002943328
1.89266666666667,-0.20302312787121,-0.204154191610133,-0.20503038845964,-0.204857873153345
1.893,-0.202756670434718,-0.203883955128697,-0.204757082696364,-0.204585577094304
1.89333333333333,-0.202491024512887,-0.203614544278376,-0.204484612345433,-0.204314111548449
1.89366666666667,-0.202226186989294,-0.203345955879379,-0.204212974183271,-0.204043473313893
1.894,-0.201962154762824,-0.203078186767609,-0.203942165002221,-0.203773659204516
1.89433333333333,-0.201698924747591,-0.202811233794561,-0.203672181610448,-0.203504666049889
1.89466666666667,-0.20143649387284,-0.202545093827233,-0.203403020831853,-0.20323649069517
1.895,-0.201174859082857,-0.202279763748037,-0.203134679505976,-0.202969130001011
1.89533333333333,-0.200914017336901,-0.202015240454706,-0.202867154487895,-0.202702580843478
1.89566666666667,-0.200653965609082,-0.201751520860201,-0.202600442648148,-0.20243684011395
1.896,-0.200394700888306,-0.201488601892626,-0.202334540872639,-0.202171904719028
1.89633333333333,-0.200136220178168,-0.201226480495142,-0.202069446062538,-0.201907771580453
1.89666666666667,-0.199878520496876,-0.20096515362587,-0.201805155134209,-0.201644437635017
1.897,-0.199621598877161,-0.200704618257808,-0.201541665019095,-0.201381899834468
1.89733333333333,-0.199365452366199,-0.200444871378746,-0.201278972663667,-0.201120155145428
1.89766666666667,-0.199110078025514,-0.200185909991175,-0.201017075029296,-0.200859200549305
1.898,-0.198855472930908,-0.199927731112206,-0.200755969092194,-0.200599033042207
1.89833333333333,-0.198601634172374,-0.199670331773477,-0.200495651843308,-0.200339649634856
1.89866666666667,-0.198348558854003,-0.199413709021082,-0.200236120288257,-0.200081047352496
1.899,-0.198096244093919,-0.19915785991547,-0.199977371447222,-0.199823223234825
1.89933333333333,-0.197844687024186,-0.19890278153137,-0.199719402354879,-0.199566174335894
1.89966666666667,-0.197593884790735,-0.198648470957713,-0.199462210060304,-0.199309897724035
1.9,-0.19734383455327,-0.19839492529754,-0.199205791626897,-0.199054390481772
1.90033333333333,-0.197094533485206,-0.198142141667926,-0.198950144132291,-0.198799649705737
1.90066666666667,-0.196845978773579,-0.197890117199893,-0.198695264668277,-0.198545672506597
1.901,-0.19659816761897,-0.197638849038344,-0.198441150340717,-0.198292456008962
1.90133333333333,-0.196351097235425,-0.197388334341954,-0.198187798269464,-0.198039997351318
1.90166666666667,-0.196104764850382,-0.197138570283126,-0.197935205588276,-0.197788293685929
1.902,-0.195859167704586,-0.196889554047878,-0.197683369444754,-0.197537342178775
1.90233333333333,-0.195614303052023,-0.196641282835797,-0.197432287000236,-0.197287140009458
1.90266666666667,-0.195370168159841,-0.196393753859931,-0.197181955429739,-0.197037684371142
1.903,-0.195126760308255,-0.196146964346726,-0.196932371921865,-0.196788972470448
1.90333333333333,-0.194884076790511,-0.195900911535956,-0.196683533678733,-0.196541001527408
1.90366666666667,-0.194642114912774,-0.195655592680628,-0.1964354379159,-0.196293768775357
1.904,-0.194400871994075,-0.195411005046925,-0.196188081862276,-0.196047271460885
1.90433333333333,-0.194160345366235,-0.195167145914113,-0.195941462760059,-0.195801506843743
1.90466666666667,-0.193920532373774,-0.194924012574482,-0.19569557786465,-0.195556472196772
1.905,-0.19368143037387,-0.194681602333257,-0.19545042444458,-0.195312164805829
1.90533333333333,-0.193443036736268,-0.194439912508534,-0.195205999781431,-0.195068581969709
1.90566666666667,-0.193205348843195,-0.194198940431207,-0.194962301169775,-0.194825721000084
1.906,-0.192968364089322,-0.193958683444885,-0.194719325917088,-0.194583579221411
1.90633333333333,-0.192732079881668,-0.193719138905826,-0.194477071343664,-0.194342153970871
1.90666666666667,-0.192496493639534,-0.193480304182872,-0.194235534782576,-0.194101442598292
1.907,-0.192261602794443,-0.193242176657364,-0.193994713579574,-0.193861442466084
1.90733333333333,-0.19202740479006,-0.193004753723078,-0.19375460509302,-0.193622150949157
1.90766666666667,-0.191793897082135,-0.192768032786151,-0.193515206693827,-0.193383565434857
1.908,-0.191561077138413,-0.192532011265018,-0.193276515765375,-0.193145683322895
1.90833333333333,-0.19132894243859,-0.192296686590338,-0.193038529703441,-0.192908502025273
1.90866666666667,-0.191097490474241,-0.192062056204916,-0.192801245916142,-0.19267201896622
1.909,-0.190866718748736,-0.19182811756365,-0.192564661823839,-0.192436231582115
1.90933333333333,-0.190636624777195,-0.191594868133454,-0.192328774859108,-0.192201137321429
1.90966666666667,-0.190407206086404,-0.191362305393191,-0.192093582466626,-0.191966733644648
1.91,-0.190178460214761,-0.191130426833604,-0.191859082103132,-0.191733018024211
1.91033333333333,-0.189950384712213,-0.190899229957247,-0.191625271237355,-0.191499987944433
1.91066666666667,-0.189722977140175,-0.190668712278434,-0.191392147349933,-0.19126764090145
1.911,-0.189496235071481,-0.190438871323148,-0.191159707933365,-0.191035974403149
1.91133333333333,-0.189270156090317,-0.190209704628999,-0.190927950491924,-0.190804985969097
1.91166666666667,-0.189044737792152,-0.18998120974514,-0.19069687254161,-0.190574673130485
1.912,-0.188819977783679,-0.189753384232215,-0.190466471610071,-0.190345033430045
1.91233333333333,-0.188595873682751,-0.189526225662291,-0.190236745236542,-0.190116064422005
1.91266666666667,-0.188372423118325,-0.189299731618784,-0.19000769097178,-0.189887763672019
1.913,-0.188149623730382,-0.189073899696418,-0.189779306378002,-0.189660128757096
1.91333333333333,-0.187927473169891,-0.188848727501136,-0.189551589028814,-0.189433157265543
1.91366666666667,-0.187705969098722,-0.188624212650056,-0.189324536509155,-0.189206846796895
1.914,-0.18748510918961,-0.188400352771404,-0.189098146415231,-0.188981194961862
1.91433333333333,-0.187264891126076,-0.188177145504441,-0.188872416354446,-0.188756199382273
1.91466666666667,-0.187045312602373,-0.18795458849942,-0.188647343945351,-0.188531857690983
1.915,-0.186826371323426,-0.187732679417516,-0.188422926817574,-0.188308167531844
1.91533333333333,-0.186608065004779,-0.187511415930754,-0.188199162611761,-0.188085126559632
1.91566666666667,-0.186390391372525,-0.187290795721974,-0.187976048979507,-0.18786273243998
1.916,-0.186173348163261,-0.18707081648474,-0.187753583583317,-0.187640982849332
1.91633333333333,-0.185956933124015,-0.186851475923315,-0.187531764096519,-0.187419875474867
1.91666666666667,-0.185741144012201,-0.186632771752571,-0.187310588203213,-0.187199408014459
1.917,-0.185525978595551,-0.186414701697946,-0.187090053598228,-0.186979578176591
1.91733333333333,-0.185311434652073,-0.186197263495388,-0.186870157987038,-0.18676038368033
1.91766666666667,-0.185097509969974,-0.185980454891287,-0.186650899085713,-0.186541822255233
1.918,-0.184884202347623,-0.185764273642421,-0.186432274620869,-0.186323891641315
1.91833333333333,-0.184671509593487,-0.185548717515901,-0.186214282329591,-0.186106589588987
1.91866666666667,-0.18445942952607,-0.185333784289114,-0.185996919959403,-0.185889913858992
1.919,-0.184247959973866,-0.185119471749664,-0.185780185268173,-0.185673862222338
1.91933333333333,-0.184037098775308,-0.184905777695321,-0.185564076024094,-0.185458432460277
1.91966666666667,-0.183826843778697,-0.184692699933954,-0.185348590005605,-0.185243622364209
1.92,-0.183617192842163,-0.184480236283489,-0.185133725001336,-0.18502942973565
1.92033333333333,-0.183408143833609,-0.184268384571843,-0.184919478810058,-0.184815852386174
1.92066666666667,-0.183199694630656,-0.18405714263688,-0.184705849240633,-0.184602888137344
1.921,-0.18299184312058,-0.183846508326342,-0.184492834111935,-0.184390534820676
1.92133333333333,-0.182784587200279,-0.183636479497813,-0.184280431252824,-0.184178790277572
1.92166666666667,-0.182577924776205,-0.18342705401865,-0.184068638502079,-0.183967652359269
1.922,-0.182371853764318,-0.183218229765935,-0.183857453708335,-0.183757118926792
1.92233333333333,-0.182166372090033,-0.183010004626424,-0.183646874730046,-0.183547187850889
1.92266666666667,-0.181961477688169,-0.182802376496495,-0.183436899435417,-0.183337857011983
1.923,-0.181757168502896,-0.18259534328209,-0.183227525702362,-0.18312912430013
1.92333333333333,-0.181553442487694,-0.182388902898664,-0.183018751418442,-0.182920987614945
1.92366666666667,-0.181350297605286,-0.182183053271143,-0.182810574480819,-0.182713444865571
1.924,-0.181147731827601,-0.181977792333858,-0.1826029927962,-0.182506493970613
1.92433333333333,-0.180945743135717,-0.181773118030503,-0.18239600428079,-0.182300132858096
1.92466666666667,-0.180744329519822,-0.181569028314087,-0.182189606860238,-0.182094359465406
1.925,-0.180543488979144,-0.181365521146874,-0.181983798469574,-0.181889171739244
1.92533333333333,-0.180343219521931,-0.181162594500341,-0.181778577053185,-0.181684567635581
1.92566666666667,-0.180143519165376,-0.18096024635512,-0.181573940564738,-0.181480545119597
1.926,-0.179944385935581,-0.18075847470096,-0.181369886967146,-0.181277102165632
1.92633333333333,-0.179745817867513,-0.180557277536668,-0.181166414232506,-0.18107423675715
1.92666666666667,-0.179547813004949,-0.180356652870066,-0.180963520342064,-0.180871946886673
1.927,-0.179350369400427,-0.180156598717934,-0.180761203286154,-0.180670230555748
1.92733333333333,-0.179153485115214,-0.179957113105982,-0.180559461064149,-0.180469085774879
1.92766666666667,-0.178957158219235,-0.179758194068771,-0.180358291684429,-0.180268510563501
1.928,-0.178761386791044,-0.179559839649691,-0.180157693164304,-0.180068502949918
1.92833333333333,-0.178566168917777,-0.17936204790091,-0.17995766352999,-0.179869060971252
1.92866666666667,-0.1783715026951,-0.179164816883317,-0.179758200816554,-0.179670182673414
1.929,-0.178177386227168,-0.178968144666474,-0.179559303067864,-0.17947186611104
1.92933333333333,-0.177983817626574,-0.178772029328588,-0.17936096833654,-0.179274109347448
1.92966666666667,-0.177790795014314,-0.178576468956442,-0.179163194683915,-0.179076910454592
1.93,-0.177598316519733,-0.17838146164537,-0.178965980179986,-0.178880267513026
1.93033333333333,-0.17740638028048,-0.178187005499193,-0.17876932290336,-0.178684178611843
1.93066666666667,-0.177214984442474,-0.177993098630187,-0.178573220941214,-0.178488641848631
1.931,-0.177024127159852,-0.177799739159035,-0.178377672389261,-0.178293655329443
1.93133333333333,-0.176833806594919,-0.17760692521477,-0.178182675351675,-0.178099217168734
1.93166666666667,-0.176644020918126,-0.177414654934755,-0.177988227941075,-0.17790532548933
1.932,-0.176454768308003,-0.177222926464613,-0.177794328278468,-0.177711978422375
1.93233333333333,-0.176266046951135,-0.177031737958202,-0.177600974493204,-0.177519174107282
1.93266666666667,-0.176077855042104,-0.176841087577563,-0.177408164722927,-0.177326910691708
1.933,-0.175890190783458,-0.176650973492876,-0.177215897113549,-0.177135186331496
1.93333333333333,-0.175703052385662,-0.176461393882416,-0.177024169819182,-0.176943999190628
1.93366666666667,-0.175516438067061,-0.176272346932523,-0.176832981002115,-0.176753347441197
1.934,-0.175330346053839,-0.176083830837538,-0.176642328832763,-0.176563229263347
1.93433333333333,-0.175144774579972,-0.17589584379978,-0.176452211489616,-0.176373642845248
1.93466666666667,-0.17495972188719,-0.175708384029495,-0.176262627159211,-0.176184586383037
1.935,-0.174775186224937,-0.175521449744811,-0.176073574036079,-0.175996058080791
1.93533333333333,-0.174591165850331,-0.175335039171702,-0.175885050322705,-0.175808056150473
1.93566666666667,-0.174407659028127,-0.17514915054395,-0.175697054229493,-0.175620578811893
1.936,-0.17422466403066,-0.174963782103094,-0.175509583974718,-0.175433624292681
1.93633333333333,-0.174042179137832,-0.174778932098404,-0.175322637784478,-0.175247190828222
1.93666666666667,-0.173860202637053,-0.174594598786812,-0.175136213892669,-0.175061276661632
1.937,-0.173678732823202,-0.174410780432916,-0.174950310540931,-0.174875880043714
1.93733333333333,-0.173497767998607,-0.174227475308899,-0.174764925978616,-0.174690999232915
1.93766666666667,-0.173317306472977,-0.174044681694506,-0.174580058462736,-0.17450663249529
1.938,-0.173137346563385,-0.173862397877009,-0.174395706257937,-0.17432277810446
1.93833333333333,-0.172957886594228,-0.173680622151157,-0.174211867636452,-0.174139434341567
1.93866666666667,-0.172778924897175,-0.173499352819152,-0.174028540878058,-0.173956599495252
1.939,-0.172600459811148,-0.173318588190589,-0.173845724270047,-0.173774271861591
1.93933333333333,-0.172422489682272,-0.173138326582433,-0.17366341610717,-0.173592449744075
1.93966666666667,-0.172245012863832,-0.17295856631898,-0.173481614691619,-0.173411131453571
1.94,-0.172068027716257,-0.172779305731812,-0.173300318332972,-0.173230315308273
1.94033333333333,-0.171891532607063,-0.172600543159767,-0.173119525348165,-0.173049999633664
1.94066666666667,-0.171715525910825,-0.172422276948892,-0.172939234061442,-0.172870182762497
1.941,-0.171540006009141,-0.172244505452409,-0.172759442804329,-0.172690863034733
1.94133333333333,-0.171364971290589,-0.172067227030692,-0.172580149915588,-0.172512038797519
1.94166666666667,-0.171190420150701,-0.171890440051199,-0.172401353741192,-0.172333708405146
1.942,-0.171016350991921,-0.171714142888468,-0.172223052634267,-0.172155870219013
1.94233333333333,-0.170842762223564,-0.17153833392406,-0.172045244955072,-0.171978522607587
1.94266666666667,-0.170669652261796,-0.171363011546534,-0.171867929070955,-0.171801663946366
1.943,-0.170497019529581,-0.171188174151398,-0.171691103356322,-0.17162529261786
1.94333333333333,-0.170324862456662,-0.171013820141088,-0.171514766192592,-0.171449407011527
1.94366666666667,-0.170153179479518,-0.170839947924925,-0.171338915968166,-0.171274005523754
1.944,-0.169981969041319,-0.170666555919073,-0.17116355107839,-0.171099086557818
1.94433333333333,-0.169811229591919,-0.170493642546517,-0.170988669925527,-0.170924648523856
1.94466666666667,-0.169640959587795,-0.17032120623702,-0.170814270918705,-0.170750689838824
1.945,-0.169471157492029,-0.170149245427091,-0.170640352473892,-0.170577208926454
1.94533333333333,-0.169301821774263,-0.169977758559952,-0.170466913013869,-0.170404204217235
1.94566666666667,-0.169132950910677,-0.169806744085492,-0.170293950968176,-0.170231674148369
1.946,-0.168964543383951,-0.16963620046025,-0.170121464773087,-0.170059617163739
1.94633333333333,-0.168796597683224,-0.169466126147366,-0.169949452871583,-0.169888031713876
1.94666666666667,-0.168629112304073,-0.169296519616568,-0.169777913713306,-0.169716916255927
1.947,-0.168462085748472,-0.169127379344103,-0.16960684575453,-0.169546269253608
1.94733333333333,-0.168295516524771,-0.168958703812743,-0.169436247458126,-0.169376089177188
1.94766666666667,-0.168129403147639,-0.168790491511727,-0.169266117293531,-0.169206374503446
1.948,-0.167963744138065,-0.168622740936735,-0.169096453736705,-0.169037123715643
1.94833333333333,-0.167798538023301,-0.168455450589857,-0.168927255270119,-0.168868335303479
1.94866666666667,-0.167633783336833,-0.16828861897956,-0.168758520382696,-0.168700007763072
1.949,-0.167469478618368,-0.168122244620648,-0.168590247569795,-0.168532139596923
1.94933333333333,-0.167305622413777,-0.167956326034241,-0.168422435333172,-0.168364729313871
1.94966666666667,-0.167142213275079,-0.167790861747738,-0.168255082180949,-0.168197775429086
1.95,-0.166979249760409,-0.167625850294784,-0.168088186627585,-0.168031276464005
1.95033333333333,-0.16681673043399,-0.167461290215243,-0.167921747193837,-0.167865230946328
1.95066666666667,-0.166654653866083,-0.167297180055157,-0.167755762406734,-0.167699637409978
1.951,-0.166493018632986,-0.167133518366725,-0.167590230799543,-0.167534494395055
1.95133333333333,-0.166331823316976,-0.166970303708265,-0.167425150911729,-0.167369800447832
1.95166666666667,-0.166171066506301,-0.166807534644197,-0.167260521288952,-0.167205554120693
1.952,-0.166010746795132,-0.166645209744982,-0.167096340482996,-0.167041753972127
1.95233333333333,-0.165850862783549,-0.166483327587128,-0.166932607051765,-0.16687839856669
1.95266666666667,-0.165691413077501,-0.166321886753136,-0.166769319559253,-0.166715486474965
1.953,-0.165532396288772,-0.166160885831473,-0.166606476575492,-0.166553016273546
1.95333333333333,-0.165373811034974,-0.166000323416551,-0.166444076676545,-0.166390986544998
1.95366666666667,-0.165215655939493,-0.165840198108688,-0.166282118444463,-0.166229395877828
1.954,-0.165057929631467,-0.165680508514085,-0.166120600467255,-0.166068242866464
1.95433333333333,-0.164900630745773,-0.165521253244792,-0.165959521338868,-0.165907526111209
1.95466666666667,-0.164743757922972,-0.165362430918678,-0.165798879659146,-0.165747244218233
1.955,-0.164587309809304,-0.165204040159405,-0.165638674033799,-0.16558739579952
1.95533333333333,-0.164431285056642,-0.165046079596404,-0.165478903074394,-0.165427979472853
1.95566666666667,-0.164275682322477,-0.164888547864828,-0.165319565398293,-0.165268993861794
1.956,-0.164120500269889,-0.164731443605549,-0.165160659628655,-0.165110437595629
1.95633333333333,-0.163965737567507,-0.16457476546511,-0.165002184394396,-0.164952309309365
1.95666666666667,-0.163811392889491,-0.164418512095699,-0.164844138330146,-0.164794607643688
1.957,-0.163657464915506,-0.164262682155134,-0.164686520076243,-0.164637331244932
1.95733333333333,-0.163503952330691,-0.16410727430682,-0.164529328278689,-0.164480478765065
1.95766666666667,-0.163350853825633,-0.163952287219729,-0.164372561589133,-0.164324048861643
1.958,-0.163198168096342,-0.163797719568369,-0.164216218664837,-0.164168040197804
1.95833333333333,-0.163045893844211,-0.163643570032759,-0.164060298168642,-0.164012451442219
1.95866666666667,-0.162894029776015,-0.163489837298405,-0.163904798768951,-0.163857281269077
1.959,-0.162742574603857,-0.163336520056258,-0.163749719139703,-0.163702528358051
1.95933333333333,-0.162591527045168,-0.16318361700271,-0.163595057960327,-0.163548191394276
1.95966666666667,-0.16244088582265,-0.163031126839549,-0.163440813915737,-0.163394269068324
1.96,-0.162290649664282,-0.162879048273932,-0.163286985696298,-0.163240760076168
1.96033333333333,-0.162140817303271,-0.162727380018382,-0.163133571997783,-0.163087663119165
1.96066666666667,-0.161991387478037,-0.162576120790723,-0.162980571521377,-0.162934976904016
1.961,-0.161842358932186,-0.162425269314091,-0.162827982973622,-0.162782700142764
1.96133333333333,-0.161693730414479,-0.162274824316887,-0.162675805066407,-0.162630831552739
1.96166666666667,-0.161545500678814,-0.162124784532752,-0.162524036516934,-0.162479369856551
1.962,-0.161397668484201,-0.161975148700552,-0.162372676047694,-0.162328313782059
1.96233333333333,-0.161250232594724,-0.161825915564342,-0.162221722386441,-0.162177662062342
1.96266666666667,-0.161103191779536,-0.161677083873343,-0.162071174266173,-0.162027413435674
1.963,-0.160956544812819,-0.161528652381924,-0.161921030425089,-0.161877566645512
1.96333333333333,-0.160810290473766,-0.161380619849563,-0.161771289606586,-0.161728120440441
1.96366666666667,-0.160664427546554,-0.161232985040834,-0.161621950559211,-0.161579073574184
1.964,-0.160518954820325,-0.161085746725378,-0.161473012036654,-0.161430424805553
1.96433333333333,-0.160373871089146,-0.160938903677876,-0.161324472797715,-0.161282172898429
1.96466666666667,-0.16022917515201,-0.160792454678025,-0.161176331606273,-0.161134316621741
1.965,-0.160084865812795,-0.160646398510526,-0.161028587231281,-0.16098685474944
1.96533333333333,-0.159940941880236,-0.160500733965031,-0.160881238446706,-0.160839786060476
1.96566666666667,-0.159797402167919,-0.160355459836153,-0.160734284031552,-0.16069310933877
1.966,-0.15965424549424,-0.160210574923414,-0.160587722769793,-0.160546823373188
1.96633333333333,-0.159511470682399,-0.160066078031239,-0.16044155345037,-0.160400926957526
1.96666666666667,-0.159369076560357,-0.159921967968917,-0.160295774867166,-0.160255418890476
1.967,-0.159227061960829,-0.159778243550602,-0.160150385818971,-0.160110297975616
1.96733333333333,-0.159085425721247,-0.159634903595262,-0.160005385109477,-0.159965563021368
1.96766666666667,-0.158944166683758,-0.159491946926661,-0.159860771547232,-0.159821212840979
1.968,-0.15880328369518,-0.159349372373359,-0.159716543945633,-0.159677246252519
1.96833333333333,-0.158662775606985,-0.15920717876866,-0.159572701122899,-0.159533662078826
1.96866666666667,-0.158522641275288,-0.15906536495061,-0.159429241902042,-0.159390459147506
1.969,-0.158382879560812,-0.158923929761947,-0.159286165110845,-0.159247636290895
1.96933333333333,-0.158243489328867,-0.158782872050118,-0.159143469581851,-0.159105192346054
1.96966666666667,-0.158104469449331,-0.158642190667219,-0.159001154152319,-0.158963126154717
1.97,-0.157965818796639,-0.158501884470001,-0.158859217664221,-0.158821436563306
1.97033333333333,-0.157827536249732,-0.158361952319822,-0.158717658964211,-0.158680122422879
1.97066666666667,-0.157689620692063,-0.158222393082647,-0.158576476903591,-0.158539182589121
1.971,-0.157552071011571,-0.158083205629012,-0.158435670338315,-0.158398615922311
1.97133333333333,-0.157414886100643,-0.15794438883401,-0.158295238128949,-0.158258421287319
1.97166666666667,-0.157278064856108,-0.157805941577262,-0.158155179140642,-0.158118597553564
1.972,-0.157141606179215,-0.157667862742903,-0.15801549224312,-0.157979143595004
1.97233333333333,-0.157005508975604,-0.157530151219555,-0.157876176310664,-0.157840058290114
1.97266666666667,-0.156869772155291,-0.157392805900303,-0.15773723022207,-0.157701340521848
1.973,-0.156734394632651,-0.15725582568268,-0.157598652860644,-0.157562989177646
1.97333333333333,-0.15659937532638,-0.157119209468653,-0.157460443114178,-0.157425003149391
1.97366666666667,-0.156464713159495,-0.156982956164577,-0.157322599874925,-0.157287381333393
1.974,-0.156330407059301,-0.1568470646812,-0.15718512203958,-0.157150122630371
1.97433333333333,-0.156196455957382,-0.156711533933621,-0.157048008509253,-0.15701322594543
1.97466666666667,-0.15606285878956,-0.156576362841295,-0.156911258189459,-0.156876690188039
1.975,-0.155929614495897,-0.156441550327983,-0.156774869990083,-0.156740514272004
1.97533333333333,-0.155796722020664,-0.156307095321753,-0.156638842825375,-0.156604697115473
1.97566666666667,-0.155664180312319,-0.156172996754945,-0.156503175613918,-0.156469237640877
1.976,-0.155531988323496,-0.15603925356417,-0.156367867278611,-0.156334134774942
1.97633333333333,-0.155400145010976,-0.155905864690267,-0.156232916746641,-0.156199387448652
1.97666666666667,-0.155268649335676,-0.155772829078296,-0.156098322949481,-0.156064994597233
1.977,-0.15513750026262,-0.155640145677517,-0.155964084822856,-0.155930955160133
1.97733333333333,-0.155006696760929,-0.15550781344137,-0.155830201306714,-0.155797268081004
1.97766666666667,-0.154876237803789,-0.155375831327447,-0.155696671345232,-0.155663932307674
1.978,-0.154746122368455,-0.155244198297488,-0.155563493886777,-0.155530946792141
1.97833333333333,-0.1546163494362,-0.155112913317345,-0.155430667883882,-0.15539831049054
1.97866666666667,-0.154486917992324,-0.154981975356979,-0.155298192293245,-0.155266022363131
1.979,-0.154357827026121,-0.154851383390423,-0.155166066075694,-0.155134081374275
1.97933333333333,-0.154229075530862,-0.154721136395779,-0.155034288196175,-0.155002486492425
1.97966666666667,-0.154100662503778,-0.154591233355185,-0.154902857623728,-0.154871236690091
1.98,-0.153972586946045,-0.154461673254811,-0.154771773331473,-0.154740330943829
1.98033333333333,-0.153844847862754,-0.154332455084821,-0.154641034296586,-0.154609768234225
1.98066666666667,-0.153717444262905,-0.154203577839379,-0.15451063950028,-0.154479547545876
1.981,-0.153590375159386,-0.154075040516604,-0.15438058792779,-0.154349667867363
1.98133333333333,-0.153463639568945,-0.153946842118564,-0.154250878568354,-0.154220128191236
1.98166666666667,-0.153337236512186,-0.153818981651269,-0.154121510415186,-0.154090927513996
1.982,-0.153211165013546,-0.153691458124627,-0.153992482465472,-0.153962064836088
1.98233333333333,-0.153085424101265,-0.15356427055245,-0.153863793720332,-0.153833539161862
1.98266666666667,-0.152960012807395,-0.153437417952422,-0.153735443184826,-0.153705349499564
1.983,-0.152834930167756,-0.153310899346083,-0.153607429867911,-0.153577494861327
1.98333333333333,-0.152710175221925,-0.153184713758808,-0.153479752782437,-0.153449974263132
1.98366666666667,-0.152585747013233,-0.153058860219803,-0.153352410945127,-0.153322786724816
1.984,-0.152461644588727,-0.152933337762073,-0.15322540337656,-0.153195931270025
1.98433333333333,-0.152337866999171,-0.15280814542241,-0.153098729101144,-0.153069406926225
1.98466666666667,-0.152214413299017,-0.152683282241372,-0.152972387147113,-0.152943212724666
1.985,-0.152091282546388,-0.152558747263268,-0.152846376546496,-0.152817347700367
1.98533333333333,-0.151968473803062,-0.152434539536147,-0.152720696335106,-0.152691810892097
1.98566666666667,-0.151845986134471,-0.152310658111764,-0.15259534555252,-0.152566601342376
1.986,-0.151723818609656,-0.152187102045581,-0.152470323242064,-0.15244171809743
1.98633333333333,-0.151601970301268,-0.152063870396738,-0.152345628450794,-0.152317160207185
1.98666666666667,-0.151480440285551,-0.151940962228043,-0.152221260229479,-0.152192926725263
1.987,-0.151359227642321,-0.15181837660595,-0.15209721763258,-0.152069016708946
1.98733333333333,-0.15123833145495,-0.15169611260054,-0.151973499718241,-0.151945429219163
1.98766666666667,-0.15111775081036,-0.151574169285516,-0.151850105548267,-0.151822163320488
1.988,-0.150997484798978,-0.151452545738176,-0.151727034188107,-0.1516992180811
1.98833333333333,-0.150877532514751,-0.151331241039395,-0.151604284706836,-0.151576592572783
1.98866666666667,-0.150757893055121,-0.151210254273614,-0.151481856177143,-0.151454285870907
1.989,-0.150638565521001,-0.151089584528832,-0.151359747675312,-0.15133229705441
1.98933333333333,-0.150519549016756,-0.150969230896563,-0.151237958281199,-0.151210625205769
1.98966666666667,-0.150400842650215,-0.150849192471854,-0.151116487078228,-0.151089269411011
1.99,-0.150282445532619,-0.150729468353234,-0.150995333153368,-0.15096822875967
1.99033333333333,-0.150164356778625,-0.150610057642732,-0.150874495597113,-0.15084750234479
1.99066666666667,-0.150046575506286,-0.150490959445832,-0.15075397350347,-0.150727089262893
1.991,-0.149929100837044,-0.150372172871482,-0.150633765969947,-0.150606988613975
1.99133333333333,-0.149811931895697,-0.15025369703205,-0.150513872097527,-0.15048719950148
1.99166666666667,-0.149695067810401,-0.150135531043342,-0.150394290990664,-0.150367721032311
1.992,-0.149578507712642,-0.150017674024555,-0.150275021757254,-0.150248552316764
1.99233333333333,-0.149462250737233,-0.149900125098282,-0.15015606350863,-0.15012969246856
1.99266666666667,-0.149346296022279,-0.149782883390485,-0.150037415359542,-0.150011140604811
1.993,-0.149230642709194,-0.14966594803049,-0.149919076428139,-0.149892895845994
1.99333333333333,-0.149115289942645,-0.149549318150959,-0.149801045835959,-0.149774957315957
1.99366666666667,-0.149000236870581,-0.149432992887889,-0.149683322707916,-0.149657324141891
1.994,-0.148885482644177,-0.149316971380585,-0.149565906172264,-0.149539995454311
1.99433333333333,-0.148771026417858,-0.14920125277165,-0.149448795360614,-0.149422970387054
1.99466666666667,-0.148656867349245,-0.149085836206975,-0.149331989407895,-0.149306248077253
1.995,-0.148543004599173,-0.148970720835707,-0.149215487452342,-0.149189827665324
1.99533333333333,-0.148429437331662,-0.14885590581026,-0.149099288635491,-0.149073708294955
1.99566666666667,-0.148316164713902,-0.148741390286279,-0.148983392102154,-0.148957889113091
1.996,-0.148203185916241,-0.148627173422629,-0.148867797000413,-0.148842369269911
1.99633333333333,-0.148090500112176,-0.148513254381392,-0.148752502481599,-0.148727147918828
1.99666666666667,-0.147978106478328,-0.148399632327842,-0.148637507700272,-0.148612224216458
1.997,-0.147866004194434,-0.148286306430423,-0.148522811814219,-0.148497597322615
1.99733333333333,-0.147754192443335,-0.148173275860768,-0.148408413984434,-0.148383266400298
1.99766666666667,-0.147642670410963,-0.148060539793638,-0.148294313375101,-0.148269230615672
1.998,-0.147531437286313,-0.147948097406941,-0.148180509153583,-0.148155489138055
1.99833333333333,-0.147420492261451,-0.147835947881711,-0.148067000490401,-0.148042041139905
1.99866666666667,-0.147309834531482,-0.147724090402087,-0.147953786559237,-0.1479288857968
1.999,-0.147199463294548,-0.147612524155305,-0.147840866536894,-0.147816022287434
1.99933333333333,-0.147089377751808,-0.147501248331685,-0.147728239603304,-0.147703449793601
1.99966666666667,-0.146979577107426,-0.147390262124604,-0.147615904941503,-0.147591167500173
2,-0.146870060568557,-0.147279564730503,-0.147503861737622,-0.147479174595084
