"Freq [GHz]","dB(S(1,1)) []","dB(S(2,2)) []","dB(S(3,3)) []","dB(S(4,4)) []"
1,-0.0459867256482032,-0.045991740631277,-0.0458232140847343,-0.0459745506033672
1.00033333333333,-0.0460121019856103,-0.046017107666972,-0.045848296761905,-0.0460000053191908
1.00066666666667,-0.0460375432015571,-0.0460425394787622,-0.0458734435088985,-0.0460255250644002
1.001,-0.0460630494368276,-0.0460680362069409,-0.0458986544639087,-0.0460511099804593
1.00133333333333,-0.046088620832658,-0.0460935979922624,-0.045923929765561,-0.046076760209268
1.00166666666667,-0.0461142575307305,-0.0461192249759134,-0.0459492695529261,-0.0461024758931816
1.002,-0.0461399596731764,-0.0461449172995288,-0.0459746739655072,-0.0461282571750109
1.00233333333333,-0.0461657274025752,-0.0461706751051965,-0.0460001431432475,-0.0461541041980102
1.00266666666667,-0.0461915608619623,-0.0461964985354505,-0.0460256772265435,-0.0461800171058926
1.003,-0.0462174601948241,-0.0462223877332759,-0.0460512763562201,-0.0462059960428341
1.00333333333333,-0.046243425545107,-0.0462483428421119,-0.0460769406735582,-0.0462320411534528
1.00366666666667,-0.0462694570572006,-0.0462743640058498,-0.0461026703202868,-0.0462581525828346
1.004,-0.0462955548759709,-0.0463004513688395,-0.0461284654385684,-0.0462843304765263
1.00433333333333,-0.0463217191467274,-0.0463266050758883,-0.0461543261710341,-0.0463105749805384
1.00466666666667,-0.0463479500152528,-0.046352825272259,-0.0461802526607554,-0.0463368862413315
1.005,-0.0463742476277882,-0.0463791121036767,-0.0462062450512598,-0.0463632644058507
1.00533333333333,-0.0464006121310361,-0.0464054657163301,-0.0462323034865266,-0.0463897096214968
1.00566666666667,-0.0464270436721681,-0.0464318862568716,-0.0462584281109963,-0.0464162220361396
1.006,-0.046453542398829,-0.0464583738724177,-0.0462846190695632,-0.0464428017981164
1.00633333333333,-0.0464801084591209,-0.0464849287105476,-0.0463108765075816,-0.0464694490562433
1.00666666666667,-0.0465067420016281,-0.0465115509193171,-0.0463372005708666,-0.0464961639598056
1.007,-0.0465334431753999,-0.0465382406472448,-0.0463635914056923,-0.0465229466585627
1.00733333333333,-0.0465602121299669,-0.0465649980433277,-0.0463900491588053,-0.0465497973027503
1.00766666666667,-0.0465870490153235,-0.0465918232570329,-0.0464165739774113,-0.0465767160430875
1.008,-0.0466139539819574,-0.0466187164383007,-0.0464431660091797,-0.0466037030307623
1.00833333333333,-0.046640927180822,-0.0466456777375512,-0.0464698254022575,-0.0466307584174595
1.00866666666667,-0.046667968763363,-0.046672707305679,-0.0464965523052556,-0.046657882355332
1.009,-0.0466950788814959,-0.0466998052940612,-0.0465233468672622,-0.0466850749970257
1.00933333333333,-0.0467222576876331,-0.0467269718545592,-0.0465502092378285,-0.0467123364956719
1.00966666666667,-0.0467495053346646,-0.0467542071395101,-0.0465771395669971,-0.0467396670048894
1.01,-0.0467768219759689,-0.0467815113017442,-0.0466041380052723,-0.0467670666787841
1.01033333333333,-0.0468042077654147,-0.0468088844945734,-0.0466312047036447,-0.0467945356719592
1.01066666666667,-0.0468316628573639,-0.0468363268717969,-0.0466583398135836,-0.0468220741395081
1.011,-0.0468591874066686,-0.0468638385877118,-0.0466855434870398,-0.0468496822370175
1.01133333333333,-0.0468867815686752,-0.0468914197970941,-0.0467128158764503,-0.0468773601205752
1.01166666666667,-0.0469144454992255,-0.0469190706552256,-0.0467401571347298,-0.0469051079467621
1.012,-0.0469421793546639,-0.0469467913178756,-0.0467675674152871,-0.0469329258726652
1.01233333333333,-0.0469699832918274,-0.0469745819413144,-0.0467950468720205,-0.0469608140558666
1.01266666666667,-0.046997857468055,-0.0470024426823064,-0.0468225956593106,-0.0469887726544594
1.013,-0.0470258020411984,-0.0470303736981223,-0.0468502139320362,-0.0470168018270376
1.01333333333333,-0.0470538171696027,-0.0470583751465287,-0.0468779018455684,-0.0470449017327032
1.01366666666667,-0.0470819030121248,-0.0470864471858005,-0.0469056595557744,-0.0470730725310664
1.014,-0.0471100597281266,-0.0471145899747162,-0.0469334872190137,-0.0471013143822537
1.01433333333333,-0.0471382874774849,-0.0471428036725627,-0.046961384992152,-0.047129627446897
1.01466666666667,-0.0471665864205862,-0.0471710884391346,-0.0469893530325528,-0.0471580118861458
1.015,-0.047194956718329,-0.0471994444347394,-0.0470173914980761,-0.0471864678616644
1.01533333333333,-0.0472233985321278,-0.0472278718201947,-0.0470455005470994,-0.0472149955356397
1.01566666666667,-0.0472519120239223,-0.0472563707568347,-0.0470736803384878,-0.0472435950707726
1.016,-0.0472804973561556,-0.0472849414065095,-0.04710193103163,-0.0472722666302895
1.01633333333333,-0.0473091546918032,-0.047313583931588,-0.0471302527864196,-0.0473010103779366
1.01666666666667,-0.0473378841943659,-0.0473422984949577,-0.0471586457632535,-0.0473298264779914
1.017,-0.0473666860278568,-0.047371085260027,-0.0471871101230519,-0.0473587150952533
1.01733333333333,-0.0473955603568281,-0.0473999443907308,-0.0472156460272462,-0.047387676395054
1.01766666666667,-0.0474245073463539,-0.0474288760515279,-0.0472442536377807,-0.0474167105432519
1.018,-0.0474535271620404,-0.0474578804074033,-0.0472729331171221,-0.0474458177062467
1.01833333333333,-0.0474826199700209,-0.0474869576238749,-0.0473016846282601,-0.0474749980509627
1.01866666666667,-0.0475117859369724,-0.0475161078669888,-0.047330508334701,-0.0475042517448694
1.019,-0.0475410252301,-0.0475453313033201,-0.0473594044004748,-0.0475335789559678
1.01933333333333,-0.0475703380171517,-0.0475746280999918,-0.0473883729901421,-0.0475629798528033
1.01966666666667,-0.0475997244664072,-0.0476039984246467,-0.0474174142687861,-0.0475924546044673
1.02,-0.0476291847466993,-0.0476334424454797,-0.0474465284020225,-0.0476220033805867
1.02033333333333,-0.047658719027394,-0.0476629603312184,-0.0474757155559968,-0.0476516263513386
1.02066666666667,-0.0476883274784079,-0.0476925522511345,-0.0475049758973895,-0.0476813236874551
1.021,-0.0477180102702053,-0.0477222183750478,-0.047534309593413,-0.0477110955602048
1.02133333333333,-0.047747767573798,-0.0477519588733208,-0.0475637168118218,-0.047740942141419
1.02166666666667,-0.04777759956075,-0.0477817739168648,-0.0475931977209069,-0.0477708636034851
1.022,-0.0478075064031761,-0.0478116636771424,-0.0476227524894949,-0.047800860119333
1.02233333333333,-0.0478374882737552,-0.0478416283261674,-0.0476523812869631,-0.0478309318624642
1.02266666666667,-0.0478675453457105,-0.0478716680365076,-0.0476820842832277,-0.0478610790069341
1.023,-0.04789767779283,-0.047901782981288,-0.0477118616487587,-0.0478913017273631
1.02333333333333,-0.0479278857894676,-0.0479319733341895,-0.0477417135545665,-0.0479216001989327
1.02366666666667,-0.0479581695105399,-0.047962239269455,-0.0477716401722127,-0.0479519745973901
1.024,-0.047988529131516,-0.0479925809618913,-0.047801641673818,-0.0479824250990542
1.02433333333333,-0.0480189648284501,-0.0480229985868662,-0.047831718232051,-0.0480129518808108
1.02466666666667,-0.0480494767779528,-0.0480534923203134,-0.0478618700201444,-0.0480435551201213
1.025,-0.048080065157215,-0.0480840623387364,-0.0478920972118763,-0.0480742349950181
1.02533333333333,-0.0481107301439906,-0.0481147088192094,-0.0479223999815974,-0.0481049916841089
1.02566666666667,-0.0481414719166221,-0.0481454319393755,-0.0479527785042143,-0.0481358253665852
1.026,-0.0481722906540156,-0.0481762318774576,-0.0479832329552027,-0.0481667362222161
1.02633333333333,-0.0482031865356698,-0.0482071088122499,-0.0480137635106012,-0.048197724431353
1.02666666666667,-0.0482341597416551,-0.0482380629231296,-0.048044370347016,-0.0482287901749293
1.027,-0.0482652104526303,-0.0482690943900476,-0.0480750536416273,-0.0482599336344723
1.02733333333333,-0.0482963388498436,-0.0483002033935431,-0.048105813572184,-0.0482911549920891
1.02766666666667,-0.0483275451151209,-0.0483313901147437,-0.0481366503170155,-0.0483224544304861
1.028,-0.0483588294308912,-0.04836265473535,-0.0481675640550223,-0.0483538321329571
1.02833333333333,-0.0483901919801642,-0.0483939974376666,-0.0481985549656803,-0.048385288283396
1.02866666666667,-0.0484216329465479,-0.0484254184045809,-0.0482296232290551,-0.0484168230662911
1.029,-0.0484531525142542,-0.0484569178195743,-0.0482607690257916,-0.048448436666731
1.02933333333333,-0.0484847508680827,-0.0484884958667257,-0.0482919925371223,-0.0484801292704064
1.02966666666667,-0.048516428193441,-0.0485201527307095,-0.0483232939448587,-0.0485119010636073
1.03,-0.0485481846763389,-0.048551888596802,-0.048354673431409,-0.0485437522332454
1.03033333333333,-0.0485800205033825,-0.0485837036508819,-0.0483861311797684,-0.0485756829668191
1.03066666666667,-0.0486119358618045,-0.0486155980794243,-0.0484176673735321,-0.0486076934524544
1.031,-0.0486439309394275,-0.0486475720695229,-0.0484492821968818,-0.0486397838788822
1.03133333333333,-0.0486760059246982,-0.0486796258088671,-0.0484809758346055,-0.0486719544354498
1.03166666666667,-0.048708161006672,-0.0487117594857661,-0.0485127484720844,-0.048704205312125
1.032,-0.0487403963750219,-0.048743973289139,-0.0485446002953059,-0.0487365366994897
1.03233333333333,-0.0487727122200437,-0.0487762674085219,-0.0485765314908616,-0.0487689487887525
1.03266666666667,-0.0488051087326491,-0.0488086420340594,-0.0486085422459453,-0.0488014417717409
1.033,-0.0488375861043711,-0.0488410973565291,-0.0486406327483678,-0.048834015840918
1.03333333333333,-0.0488701445273738,-0.0488736335673211,-0.0486728031865421,-0.0488666711893639
1.03366666666667,-0.0489027841944483,-0.0489062508584511,-0.048705053749499,-0.0488994080108009
1.034,-0.0489355052990095,-0.0489389494225619,-0.0487373846268864,-0.0489322264995726
1.03433333333333,-0.0489683080351139,-0.0489717294529294,-0.0487697960089632,-0.0489651268506723
1.03466666666667,-0.0490011925974425,-0.0490045911434547,-0.0488022880866141,-0.0489981092597206
1.035,-0.049034159181323,-0.0490375346886705,-0.0488348610513447,-0.0490311739229813
1.03533333333333,-0.0490672079827195,-0.0490705602837511,-0.0488675150952825,-0.0490643210373627
1.03566666666667,-0.0491003391982326,-0.0491036681245082,-0.0489002504111835,-0.0490975508004125
1.036,-0.0491335530251116,-0.0491368584073882,-0.0489330671924357,-0.0491308634103397
1.03633333333333,-0.0491668496612489,-0.0491701313294841,-0.0489659656330518,-0.0491642590659828
1.03666666666667,-0.0492002293051933,-0.049203487088536,-0.0489989459276829,-0.0491977379668485
1.037,-0.0492336921561371,-0.0492369258829288,-0.049032008271616,-0.0492313003130947
1.03733333333333,-0.0492672384139285,-0.0492704479116916,-0.0490651528607734,-0.0492649463055335
1.03766666666667,-0.0493008682790706,-0.0493040533745148,-0.0490983798917232,-0.0492986761456335
1.038,-0.0493345819527298,-0.0493377424717411,-0.049131689561665,-0.0493324900355299
1.03833333333333,-0.0493683796367246,-0.0493715154043664,-0.0491650820684613,-0.0493663881780263
1.03866666666667,-0.0494022615335409,-0.04940537237405,-0.0491985576106049,-0.0494003707765833
1.039,-0.0494362278463388,-0.0494393135831091,-0.0492321163872501,-0.0494344380353414
1.03933333333333,-0.0494702787789337,-0.0494733392345273,-0.0492657585982001,-0.0494685901590982
1.03966666666667,-0.0495044145358148,-0.049507449531957,-0.0492994844439091,-0.0495028273533429
1.04,-0.0495386353221521,-0.0495416446797128,-0.0493332941254967,-0.049537149824231
1.04033333333333,-0.0495729413437807,-0.0495759248827921,-0.0493671878447354,-0.0495715577785965
1.04066666666667,-0.0496073328072205,-0.0496102903468556,-0.0494011658040623,-0.0496060514239602
1.041,-0.049641809919672,-0.0496447412782455,-0.0494352282065773,-0.0496406309685248
1.04133333333333,-0.0496763728890149,-0.0496792778839841,-0.0494693752560514,-0.0496752966211796
1.04166666666667,-0.0497110219238181,-0.0497139003717734,-0.0495036071569216,-0.0497100485915025
1.042,-0.0497457572333376,-0.0497486089500003,-0.0495379241142961,-0.049744887089766
1.04233333333333,-0.0497805790275206,-0.0497834038277383,-0.0495723263339617,-0.0497798123269391
1.04266666666667,-0.0498154875170055,-0.0498182852147468,-0.0496068140223765,-0.0498148245146815
1.043,-0.0498504829131344,-0.0498532533214844,-0.0496413873866859,-0.0498499238653514
1.04333333333333,-0.0498855654279319,-0.0498883083591008,-0.0496760466347067,-0.0498851105920229
1.04366666666667,-0.049920735274145,-0.0499234505394379,-0.0497107919749501,-0.0499203849084592
1.044,-0.0499559926652079,-0.0499586800750432,-0.0497456236166101,-0.0499557470291413
1.04433333333333,-0.0499913378152688,-0.0499939971791658,-0.0497805417695723,-0.0499911971692557
1.04466666666667,-0.0500267709391823,-0.0500294020657561,-0.0498155466444082,-0.0500267355447051
1.045,-0.0500622922525143,-0.0500648949494778,-0.0498506384523897,-0.0500623623721035
1.04533333333333,-0.0500979019715527,-0.050100476045697,-0.0498858174054891,-0.0500980778687898
1.04566666666667,-0.0501336003132909,-0.0501361455704973,-0.0499210837163674,-0.0501338822528182
1.046,-0.0501693874954455,-0.0501719037406819,-0.0499564375984031,-0.0501697757429659
1.04633333333333,-0.0502052637364665,-0.0502077507737601,-0.0499918792656678,-0.0502057585587422
1.04666666666667,-0.0502412292555119,-0.0502436868879785,-0.050027408932945,-0.0502418309203802
1.047,-0.0502772842724809,-0.0502797123022904,-0.0500630268157308,-0.0502779930488509
1.04733333333333,-0.0503134290079961,-0.0503158272363859,-0.0500987331302304,-0.0503142451658525
1.04766666666667,-0.0503496636834207,-0.0503520319106819,-0.0501345280933704,-0.0503505874938256
1.048,-0.0503859885208422,-0.0503883265463238,-0.0501704119227873,-0.0503870202559509
1.04833333333333,-0.0504224037431023,-0.0504247113651975,-0.0502063848368463,-0.0504235436761525
1.04866666666667,-0.0504589095737711,-0.0504611865899227,-0.0502424470546387,-0.0504601579790937
1.049,-0.05049550623717,-0.0504977524438583,-0.0502785987959711,-0.050496863390197
1.04933333333333,-0.0505321939583661,-0.0505344091511029,-0.0503148402813861,-0.0505336601356304
1.04966666666667,-0.0505689729631774,-0.0505711569365134,-0.0503511717321638,-0.050570548442315
1.05,-0.050605843478179,-0.0506079960256779,-0.0503875933703108,-0.0506075285379338
1.05033333333333,-0.050642805730691,-0.0506449266449489,-0.0504241054185741,-0.0506446006509257
1.05066666666667,-0.0506798599488047,-0.0506819490214295,-0.0504607081004418,-0.0506817650104966
1.051,-0.050717006361362,-0.0507190633829745,-0.0504974016401419,-0.0507190218466111
1.05133333333333,-0.0507542451979789,-0.0507562699582068,-0.0505341862626564,-0.0507563713900118
1.05166666666667,-0.0507915766890323,-0.0507935689765063,-0.0505710621937079,-0.0507938138722079
1.052,-0.0508290010656717,-0.0508309606680198,-0.0506080296597711,-0.0508313495254834
1.05233333333333,-0.0508665185598222,-0.0508684452636667,-0.0506450888880814,-0.050868978582898
1.05266666666667,-0.0509041294041812,-0.0509060229951279,-0.0506822401066276,-0.0509067012782979
1.053,-0.0509418338322261,-0.05094369409487,-0.0507194835441553,-0.0509445178463087
1.05333333333333,-0.0509796320782211,-0.0509814587961303,-0.0507568194301792,-0.0509824285223449
1.05366666666667,-0.0510175243772062,-0.0510193173329272,-0.0507942479949777,-0.0510204335426042
1.054,-0.0510555109650205,-0.0510572699400649,-0.0508317694695982,-0.051058533144083
1.05433333333333,-0.0510935920782867,-0.0510953168531299,-0.0508693840858597,-0.0510967275645735
1.05466666666667,-0.0511317679544213,-0.0511334583085018,-0.0509070920763544,-0.0511350170426667
1.055,-0.0511700388316472,-0.051171694543352,-0.0509448936744525,-0.0511734018177488
1.05533333333333,-0.0512084049489737,-0.0512100257956419,-0.0509827891143087,-0.05121188213002
1.05566666666667,-0.0512468665462245,-0.0512484523041386,-0.0510207786308583,-0.051250458220477
1.056,-0.051285423864027,-0.0512869743084043,-0.0510588624598222,-0.0512891303309423
1.05633333333333,-0.0513240771438145,-0.0513255920488117,-0.05109704083771,-0.0513278987040395
1.05666666666667,-0.0513628266278385,-0.0513643057665345,-0.0511353140018322,-0.0513667635832146
1.057,-0.0514016725591605,-0.0514031157035638,-0.0511736821902824,-0.0514057252127378
1.05733333333333,-0.0514406151816631,-0.0514420221027013,-0.051212145641965,-0.0514447838376912
1.05766666666667,-0.0514796547400527,-0.0514810252075587,-0.0512507045965761,-0.0514839397039987
1.058,-0.0515187914798618,-0.0515201252625835,-0.0512893592946219,-0.0515231930584001
1.05833333333333,-0.0515580256474425,-0.0515593225130266,-0.0513281099774158,-0.0515625441484799
1.05866666666667,-0.0515973574899918,-0.0515986172049854,-0.0513669568870831,-0.0516019932226482
1.059,-0.0516367872555325,-0.0516380095853712,-0.051405900266559,-0.0516415405301651
1.05933333333333,-0.0516763151929253,-0.0516774999019345,-0.0514449403596028,-0.051681186321122
1.05966666666667,-0.0517159415518768,-0.051717088403263,-0.0514840774107875,-0.0517209308464679
1.06,-0.0517556665829372,-0.0517567753387798,-0.0515233116655117,-0.0517607743579953
1.06033333333333,-0.0517954905374945,-0.0517965609587538,-0.0515626433700032,-0.0518007171083473
1.06066666666667,-0.0518354136678064,-0.0518364455142934,-0.0516020727713182,-0.0518407593510252
1.061,-0.0518754362269681,-0.0518764292573649,-0.0516416001173443,-0.0518809013403957
1.06133333333333,-0.0519155584689421,-0.0519165124407776,-0.0516812256568073,-0.0519211433316739
1.06166666666667,-0.0519557806485464,-0.0519566953182048,-0.0517209496392722,-0.0519614855809523
1.062,-0.051996103021468,-0.0519969781441725,-0.0517607723151432,-0.0520019283451879
1.06233333333333,-0.0520365258442544,-0.052037361174071,-0.0518006939356775,-0.0520424718822147
1.06266666666667,-0.0520770493743352,-0.052077844664154,-0.0518407147529765,-0.0520831164507361
1.063,-0.0521176738700029,-0.052118428871549,-0.0518808350199955,-0.052123862310341
1.06333333333333,-0.0521583995904324,-0.0521591140542504,-0.0519210549905429,-0.0521647097214969
1.06366666666667,-0.0521992267956853,-0.05219990047113,-0.0519613749192926,-0.0522056589455606
1.064,-0.0522401557466976,-0.0522407883819375,-0.0520017950617739,-0.0522467102447736
1.06433333333333,-0.0522811867053016,-0.0522817780473089,-0.0520423156743884,-0.052287863882281
1.06466666666667,-0.0523223199342181,-0.0523228697287636,-0.0520829370143998,-0.0523291201221139
1.065,-0.0523635556970602,-0.0523640636887047,-0.0521236593399523,-0.0523704792292082
1.06533333333333,-0.0524048942583469,-0.0524053601904414,-0.0521644829100579,-0.0524119414694032
1.06566666666667,-0.0524463358834901,-0.0524467594981636,-0.0522054079846149,-0.052453507109447
1.066,-0.0524878808388142,-0.0524882618769722,-0.0522464348244013,-0.0524951764169969
1.06633333333333,-0.0525295293915508,-0.0525298675928672,-0.0522875636910817,-0.0525369496606214
1.06666666666667,-0.0525712818098429,-0.0525715769127531,-0.052328794847206,-0.0525788271098137
1.067,-0.052613138362752,-0.0526133901044483,-0.0523701285562254,-0.0526208090349837
1.06733333333333,-0.0526550993202578,-0.0526553074366901,-0.0524115650824836,-0.0526628957074715
1.06766666666667,-0.0526971649532638,-0.0526973291791164,-0.0524531046912223,-0.0527050873995389
1.068,-0.0527393355335964,-0.0527394556023063,-0.0524947476485946,-0.0527473843843823
1.06833333333333,-0.0527816113340256,-0.0527816869777503,-0.0525364942216478,-0.0527897869361436
1.06866666666667,-0.0528239926282421,-0.0528240235778706,-0.0525783446783503,-0.0528322953298906
1.069,-0.0528664796908805,-0.0528664656760211,-0.0526202992875853,-0.0528749098416436
1.06933333333333,-0.0529090727975166,-0.0529090135464964,-0.0526623583191462,-0.0529176307483674
1.06966666666667,-0.0529517722246721,-0.0529516674645231,-0.0527045220437544,-0.0529604583279799
1.07,-0.0529945782498161,-0.052994427706272,-0.052746790733053,-0.0530033928593509
1.07033333333333,-0.0530374911513728,-0.0530372945488676,-0.0527891646596112,-0.0530464346223091
1.07066666666667,-0.0530805112087252,-0.0530802682703751,-0.0528316440969406,-0.0530895838976488
1.071,-0.0531236387022123,-0.05312334914982,-0.0528742293194798,-0.0531328409671263
1.07133333333333,-0.0531668739131356,-0.053166537467188,-0.0529169206026081,-0.053176206113472
1.07166666666667,-0.0532102171237745,-0.0532098335034174,-0.0529597182226531,-0.0532196796203895
1.072,-0.05325366861737,-0.0532532375404199,-0.0530026224568833,-0.0532632617725527
1.07233333333333,-0.0532972286781456,-0.0532967498610712,-0.0530456335835216,-0.0533069528556319
1.07266666666667,-0.0533408975913003,-0.053340370749227,-0.0530887518817471,-0.0533507531562688
1.073,-0.0533846756430208,-0.0533841004897164,-0.0531319776316926,-0.0533946629621008
1.07333333333333,-0.0534285631204769,-0.0534279393683505,-0.0531753111144581,-0.0534386825617591
1.07366666666667,-0.053472560311834,-0.0534718876719175,-0.0532187526121068,-0.0534828122448716
1.074,-0.0535166675062477,-0.0535159456882082,-0.0532623024076704,-0.0535270523020661
1.07433333333333,-0.0535608849938809,-0.0535601137059938,-0.0533059607851535,-0.0535714030249768
1.07466666666667,-0.0536052130658914,-0.0536043920150497,-0.0533497280295467,-0.0536158647062477
1.075,-0.0536496520144486,-0.0536487809061476,-0.0533936044268101,-0.053660437639535
1.07533333333333,-0.0536942021327374,-0.0536932806710667,-0.0534375902638993,-0.0537051221195127
1.07566666666667,-0.0537388637149454,-0.0537378916025957,-0.0534816858287501,-0.0537499184418799
1.076,-0.0537836370562895,-0.0537826139945321,-0.0535258914102973,-0.0537948269033554
1.07633333333333,-0.0538285224530158,-0.0538274481416882,-0.0535702072984731,-0.053839847801686
1.07666666666667,-0.0538735202023822,-0.0538723943399061,-0.0536146337842068,-0.0538849814356666
1.077,-0.0539186306026875,-0.0539174528860439,-0.0536591711594363,-0.0539302281051097
1.07733333333333,-0.0539638539532687,-0.0539626240779918,-0.0537038197171052,-0.0539755881108856
1.07766666666667,-0.0540091905545001,-0.0540079082146772,-0.0537485797511737,-0.0540210617549018
1.078,-0.0540546407077942,-0.0540533055960523,-0.0537934515566163,-0.0540666493401265
1.07833333333333,-0.0541002047156222,-0.0540988165231278,-0.0538384354294283,-0.0541123511705691
1.07866666666667,-0.0541458828815006,-0.0541444412979439,-0.0538835316666332,-0.0541581675513099
1.079,-0.0541916755100057,-0.0541901802236007,-0.053928740566281,-0.0542040987884847
1.07933333333333,-0.0542375829067754,-0.0542360336042485,-0.0539740624274588,-0.0542501451892994
1.07966666666667,-0.0542836053785108,-0.0542820017450944,-0.0540194975502822,-0.0542963070620352
1.08,-0.0543297432329835,-0.0543280849524114,-0.0540650462359217,-0.0543425847160414
1.08033333333333,-0.0543759967790389,-0.0543742835335374,-0.0541107087865851,-0.0543889784617574
1.08066666666667,-0.0544223663266028,-0.0544205977968781,-0.0541564855055292,-0.0544354886106994
1.081,-0.0544688521866797,-0.0544670280519217,-0.0542023766970709,-0.0544821154754768
1.08133333333333,-0.0545154546713646,-0.0545135746092272,-0.0542483826665847,-0.0545288593697927
1.08166666666667,-0.0545621740938439,-0.0545602377804452,-0.0542945037205005,-0.0545757206084443
1.082,-0.0546090107683935,-0.0546070178783118,-0.0543407401663218,-0.05462269950734
1.08233333333333,-0.0546559650103983,-0.0546539152166544,-0.0543870923126265,-0.0546697963834855
1.08266666666667,-0.0547030371363456,-0.0547009301103963,-0.0544335604690598,-0.0547170115550045
1.083,-0.054750227463826,-0.0547480628755684,-0.0544801449463531,-0.0547643453411331
1.08333333333333,-0.0547975363115511,-0.0547953138293036,-0.0545268460563197,-0.05481179806223
1.08366666666667,-0.0548449639993485,-0.0548426832898377,-0.0545736641118611,-0.0548593700397772
1.084,-0.0548925108481649,-0.0548901715765414,-0.0546205994269754,-0.0549070615963882
1.08433333333333,-0.054940177180079,-0.054937779009883,-0.0546676523167504,-0.0549548730558106
1.08466666666667,-0.0549879633182992,-0.0549855059114725,-0.0547148230973886,-0.0550028047429317
1.085,-0.0550358695871717,-0.0550333526040341,-0.0547621120861864,-0.0550508569837766
1.08533333333333,-0.0550838963121845,-0.0550813194114385,-0.0548095196015589,-0.0550990301055257
1.08566666666667,-0.0551320438199666,-0.0551294066586847,-0.0548570459630338,-0.0551473244365102
1.086,-0.0551803124383011,-0.0551776146719145,-0.0549046914912585,-0.0551957403062178
1.08633333333333,-0.0552287024961288,-0.055225943778422,-0.0549524565080028,-0.0552442780452967
1.08666666666667,-0.0552772143235424,-0.0552743943066483,-0.0550003413361722,-0.0552929379855673
1.087,-0.0553258482518133,-0.0553229665861999,-0.0550483462998012,-0.0553417204600184
1.08733333333333,-0.0553746046133631,-0.0553716609478301,-0.0550964717240621,-0.0553906258028179
1.08766666666667,-0.055423483741803,-0.0554204777234703,-0.0551447179352701,-0.0554396543493083
1.088,-0.0554724859719197,-0.0554694172462178,-0.0551930852608938,-0.0554888064360288
1.08833333333333,-0.0555216116396792,-0.0555184798503447,-0.055241574029546,-0.0555380824006989
1.08866666666667,-0.0555708610822375,-0.0555676658713067,-0.0552901845710005,-0.0555874825822467
1.089,-0.0556202346379495,-0.0556169756457408,-0.0553389172161891,-0.0556370073207908
1.08933333333333,-0.0556697326463595,-0.0556664095114759,-0.0553877722972178,-0.0556866569576623
1.08966666666667,-0.0557193554482272,-0.0557159678075381,-0.055436750147356,-0.055736431835397
1.09,-0.0557691033855065,-0.0557656508741496,-0.0554858511010556,-0.0557863322977499
1.09033333333333,-0.0558189768013808,-0.0558154590527394,-0.0555350754939417,-0.0558363586897011
1.09066666666667,-0.0558689760402347,-0.0558653926859446,-0.0555844236628286,-0.0558865113574487
1.091,-0.0559191014476859,-0.055915452117618,-0.0556338959457256,-0.0559367906484301
1.09133333333333,-0.055969353370584,-0.0559656376928321,-0.0556834926818276,-0.0559871969113094
1.09166666666667,-0.0560197321569992,-0.0560159497578863,-0.0557332142115417,-0.0560377304960007
1.092,-0.0560702381562559,-0.0560663886603035,-0.0557830608764727,-0.0560883917536609
1.09233333333333,-0.056120871718907,-0.0561169547488501,-0.0558330330194329,-0.0561391810366979
1.09266666666667,-0.0561716331967649,-0.0561676483735243,-0.0558831309844547,-0.0561900986987749
1.093,-0.0562225229428959,-0.0562184698855773,-0.0559333551167899,-0.0562411450948212
1.09333333333333,-0.056273541311614,-0.0562694196374983,-0.0559837057629162,-0.056292320581033
1.09366666666667,-0.0563246886585127,-0.0563204979830481,-0.05603418327054,-0.0563436255148699
1.094,-0.056375965340445,-0.0563717052772342,-0.0560847879886032,-0.0563950602550831
1.09433333333333,-0.056427371715542,-0.0564230418763363,-0.0561355202672862,-0.0564466251616998
1.09466666666667,-0.0564789081432153,-0.0564745081379049,-0.0561863804580187,-0.0564983205960338
1.095,-0.0565305749841645,-0.0565261044207657,-0.0562373689134801,-0.0565501469206931
1.09533333333333,-0.0565823726003723,-0.0565778310850305,-0.0562884859876027,-0.0566021044995899
1.09566666666667,-0.0566343013551229,-0.056629688492084,-0.0563397320355824,-0.0566541936979361
1.096,-0.0566863616130049,-0.0566816770046224,-0.056391107413882,-0.0567064148822515
1.09633333333333,-0.0567385537399091,-0.0567337969866282,-0.0564426124802288,-0.0567587684203826
1.09666666666667,-0.0567908781030412,-0.0567860488033862,-0.0564942475936425,-0.0568112546814822
1.097,-0.0568433350709228,-0.0568384328214941,-0.0565460131144044,-0.0568638740360387
1.09733333333333,-0.0568959250134016,-0.056890949408861,-0.0565979094041023,-0.0569166268558702
1.09766666666667,-0.0569486483016549,-0.0569435989347196,-0.0566499368256032,-0.0569695135141317
1.098,-0.0570015053081909,-0.0569963817696201,-0.0567020957430775,-0.0570225343853235
1.09833333333333,-0.0570544964068554,-0.05704929828545,-0.0567543865219975,-0.057075689845291
1.09866666666667,-0.0571076219728539,-0.057102348855429,-0.0568068095291482,-0.0571289802712414
1.099,-0.0571608823827292,-0.0571555338541203,-0.056859365132628,-0.0571824060417328
1.09933333333333,-0.0572142780143851,-0.057208853657436,-0.056912053701848,-0.0572359675366973
1.09966666666667,-0.0572678092470921,-0.0572623086426355,-0.0569648756075546,-0.0572896651374279
1.1,-0.05732147646148,-0.0573158991883402,-0.0570178312218196,-0.0573434992266118
1.10033333333333,-0.0573752800395666,-0.0573696256745354,-0.0570709209180511,-0.0573974701883005
1.10066666666667,-0.0574292203647361,-0.0574234884825803,-0.0571241450710015,-0.0574515784079525
1.101,-0.0574832978217729,-0.057477487995203,-0.0571775040567694,-0.057505824272405
1.10133333333333,-0.0575375127968374,-0.0575316245965164,-0.0572309982528093,-0.0575602081699078
1.10166666666667,-0.057591865677497,-0.0575858986720209,-0.0572846280379299,-0.0576147304901128
1.102,-0.0576463568527219,-0.0576403106086088,-0.0573383937923078,-0.0576693916240833
1.10233333333333,-0.0577009867128924,-0.0576948607945765,-0.0573922958974906,-0.0577241919643019
1.10266666666667,-0.0577557556497992,-0.0577495496196165,-0.0574463347364005,-0.0577791319046811
1.103,-0.0578106640566564,-0.0578043774748382,-0.0575005106933437,-0.0578342118405548
1.10333333333333,-0.0578657123281108,-0.0578593447527686,-0.057554824154009,-0.0578894321687016
1.10366666666667,-0.0579209008602338,-0.057914451847353,-0.0576092755054858,-0.0579447932873391
1.104,-0.0579762300505461,-0.0579696991539726,-0.057663865136259,-0.058000295596135
1.10433333333333,-0.0580317002980042,-0.0580250870694342,-0.0577185934362181,-0.0580559394962096
1.10466666666667,-0.0580873120030227,-0.0580806159919913,-0.057773460796666,-0.0581117253901518
1.105,-0.0581430655674715,-0.0581362863213465,-0.0578284676103228,-0.0581676536820063
1.10533333333333,-0.058198961394686,-0.0581920984586464,-0.057883614271332,-0.0582237247773015
1.10566666666667,-0.0582549998894721,-0.0582480528065095,-0.0579389011752623,-0.0582799390830412
1.106,-0.0583111814581077,-0.0583041497690107,-0.0579943287191255,-0.0583362970077174
1.10633333333333,-0.0583675065083607,-0.0583603897517012,-0.0580498973013665,-0.0583927989613176
1.10666666666667,-0.0584239754494809,-0.0584167731616054,-0.0581056073218841,-0.0584494453553199
1.107,-0.0584805886922231,-0.0584733004072403,-0.0581614591820271,-0.0585062366027133
1.10733333333333,-0.0585373466488326,-0.0585299718986028,-0.0582174532846032,-0.058563173118001
1.10766666666667,-0.0585942497330699,-0.0585867880471957,-0.0582735900338918,-0.0586202553171982
1.108,-0.0586512983602115,-0.0586437492660215,-0.058329869835638,-0.0586774836178503
1.10833333333333,-0.0587084929470511,-0.058700855969593,-0.0583862930970696,-0.0587348584390345
1.10866666666667,-0.0587658339119104,-0.0587581085739399,-0.058442860226897,-0.0587923802013608
1.109,-0.0588233216746461,-0.0588155074966143,-0.05849957163532,-0.0588500493269851
1.10933333333333,-0.0588809566566594,-0.0588730531566935,-0.0585564277340438,-0.0589078662396209
1.10966666666667,-0.0589387392808947,-0.0589307459748013,-0.0586134289362662,-0.0589658313645334
1.11,-0.0589966699718471,-0.0589885863730911,-0.058670575656705,-0.0590239451285496
1.11033333333333,-0.0590547491555839,-0.0590465747752727,-0.0587278683115864,-0.0590822079600735
1.11066666666667,-0.0591129772597266,-0.0591047116066117,-0.0587853073186696,-0.0591406202890907
1.111,-0.0591713547134815,-0.0591629972939306,-0.0588428930972301,-0.0591991825471595
1.11133333333333,-0.059229881947626,-0.0592214322656275,-0.0589006260680941,-0.059257895167439
1.11166666666667,-0.0592885593945421,-0.0592800169516758,-0.0589585066536199,-0.0593167585846867
1.112,-0.059347387488183,-0.0593387517836238,-0.0590165352777197,-0.0593757732352592
1.11233333333333,-0.0594063666641222,-0.0593976371946141,-0.0590747123658634,-0.0594349395571341
1.11266666666667,-0.0594654973595339,-0.0594566736193914,-0.0591330383450796,-0.0594942579898992
1.113,-0.0595247800132101,-0.059515861494295,-0.0591915136439656,-0.0595537289747759
1.11333333333333,-0.05958421506556,-0.0595752012572752,-0.0592501386926993,-0.0596133529546146
1.11366666666667,-0.0596438029586303,-0.0596346933479025,-0.0593089139230399,-0.0596731303739132
1.114,-0.0597035441360941,-0.0596943382073695,-0.0593678397683372,-0.0597330616788048
1.11433333333333,-0.0597634390432817,-0.0597541362785007,-0.0594269166635344,-0.0597931473170886
1.11466666666667,-0.0598234881271633,-0.0598140880057586,-0.0594861450451779,-0.0598533877382205
1.115,-0.0598836918363669,-0.0598741938352466,-0.0595455253514331,-0.0599137833933241
1.11533333333333,-0.0599440506211908,-0.0599344542147266,-0.0596050580220709,-0.0599743347352068
1.11566666666667,-0.0600045649336029,-0.0599948695936193,-0.0596647434984921,-0.060035042218349
1.116,-0.0600652352272494,-0.0600554404230062,-0.0597245822237343,-0.0600959062989317
1.11633333333333,-0.0601260619574687,-0.0601161671556482,-0.0597845746424594,-0.0601569274348265
1.11666666666667,-0.0601870455812867,-0.0601770502459828,-0.0598447212009888,-0.0602181060856198
1.117,-0.0602481865574294,-0.0602380901501415,-0.0599050223472907,-0.0602794427126023
1.11733333333333,-0.0603094853463426,-0.0602992873259486,-0.0599654785309913,-0.0603409377787884
1.11766666666667,-0.0603709424101795,-0.0603606422329265,-0.0600260902033871,-0.0604025917489243
1.118,-0.060432558212817,-0.0604221553323166,-0.0600868578174482,-0.0604644050894852
1.11833333333333,-0.06049433321987,-0.0604838270870765,-0.0601477818278214,-0.0605263782686988
1.11866666666667,-0.0605562678986851,-0.0605456579618821,-0.0602088626908514,-0.0605885117565346
1.119,-0.0606183627183596,-0.0606076484231508,-0.0602701008645728,-0.0606508060247256
1.11933333333333,-0.0606806181497435,-0.0606697989390401,-0.0603314968087222,-0.0607132615467702
1.11966666666667,-0.0607430346654503,-0.0607321099794483,-0.0603930509847522,-0.0607758787979432
1.12,-0.0608056127398631,-0.0607945820160375,-0.0604547638558289,-0.060838658255295
1.12033333333333,-0.0608683528491383,-0.0608572155222273,-0.060516635886848,-0.0609016003976747
1.12066666666667,-0.0609312554712246,-0.0609200109732121,-0.0605786675444366,-0.0609647057057251
1.121,-0.0609943210858581,-0.0609829688459674,-0.0606408592969651,-0.061027974661886
1.12133333333333,-0.0610575501745761,-0.0610460896192515,-0.0607032116145465,-0.0610914077504288
1.12166666666667,-0.0611209432207288,-0.061109373773615,-0.0607657249690616,-0.0611550054574286
1.122,-0.0611845007094796,-0.0611728217914188,-0.0608283998341397,-0.0612187682708015
1.12233333333333,-0.0612482231278198,-0.0612364341568287,-0.0608912366851951,-0.0612826966802981
1.12266666666667,-0.0613121109645696,-0.0613002113558301,-0.0609542359994139,-0.0613467911775115
1.123,-0.0613761647103912,-0.061364153876237,-0.0610173982557737,-0.0614110522558922
1.12333333333333,-0.061440384857802,-0.0614282622076947,-0.0610807239350402,-0.0614754804107535
1.12366666666667,-0.0615047719011677,-0.0614925368416923,-0.0611442135197924,-0.0615400761392723
1.124,-0.0615693263367231,-0.0615569782715708,-0.0612078674944118,-0.0616048399405176
1.12433333333333,-0.0616340486625807,-0.0616215869925288,-0.0612716863451019,-0.0616697723154309
1.12466666666667,-0.0616989393787305,-0.0616863635016346,-0.0613356705598949,-0.0617348737668599
1.125,-0.0617639989870526,-0.0617513082978263,-0.0613998206286517,-0.0618001447995467
1.12533333333333,-0.0618292279913277,-0.0618164218819294,-0.0614641370430853,-0.0618655859201522
1.12566666666667,-0.0618946268972414,-0.0618817047566628,-0.0615286202967464,-0.0619311976372546
1.126,-0.0619601962124026,-0.0619471574266468,-0.0615932708850616,-0.0619969804613678
1.12633333333333,-0.0620259364463343,-0.0620127803984042,-0.0616580893053129,-0.0620629349049337
1.12666666666667,-0.0620918481104962,-0.0620785741803767,-0.0617230760566613,-0.0621290614823481
1.127,-0.0621579317182921,-0.0621445392829423,-0.061788231640151,-0.0621953607099583
1.12733333333333,-0.0622241877850736,-0.0622106762183973,-0.0618535565587249,-0.0622618331060785
1.12766666666667,-0.062290616828151,-0.0622769855009946,-0.061919051317216,-0.0623284791909932
1.128,-0.0623572193667994,-0.0623434676469263,-0.0619847164223742,-0.0623952994869695
1.12833333333333,-0.0624239959222762,-0.0624101231743582,-0.0620505523828647,-0.0624622945182631
1.12866666666667,-0.0624909470178166,-0.0624769526034171,-0.0621165597092788,-0.0625294648111308
1.129,-0.0625580731786581,-0.0625439564562101,-0.0621827389141431,-0.0625968108938377
1.12933333333333,-0.0626253749320336,-0.0626111352568235,-0.0622490905119251,-0.0626643332966661
1.12966666666667,-0.0626928528071921,-0.0626784895313555,-0.0623156150190492,-0.0627320325519236
1.13,-0.0627605073354012,-0.0627460198078943,-0.0623823129538975,-0.0627999091939505
1.13033333333333,-0.0628283390499593,-0.0628137266165462,-0.0624491848368182,-0.0628679637591403
1.13066666666667,-0.0628963484862078,-0.062881610489442,-0.0625162311901432,-0.0629361967859323
1.131,-0.0629645361815255,-0.0629496719607386,-0.0625834525381896,-0.0630046088148276
1.13133333333333,-0.0630329026753616,-0.063017911566642,-0.0626508494072715,-0.0630732003884071
1.13166666666667,-0.0631014485092215,-0.0630863298454026,-0.0627184223257023,-0.063141972051331
1.132,-0.0631701742266931,-0.0631549273373306,-0.0627861718238159,-0.0632109243503456
1.13233333333333,-0.0632390803734443,-0.0632237045848051,-0.0628540984339645,-0.0632800578343013
1.13266666666667,-0.0633081674972451,-0.0632926621322783,-0.0629222026905374,-0.0633493730541562
1.133,-0.0633774361479634,-0.063361800526297,-0.0629904851299583,-0.0634188705629914
1.13333333333333,-0.0634468868775814,-0.0634311203154997,-0.0630589462907058,-0.0634885509160166
1.13366666666667,-0.0635165202402068,-0.0635006220506336,-0.0631275867133128,-0.0635584146705755
1.134,-0.0635863367920764,-0.0635703062845586,-0.0631964069403889,-0.0636284623861641
1.13433333333333,-0.0636563370915783,-0.0636401735722559,-0.0632654075166127,-0.0636986946244331
1.13466666666667,-0.0637265216992398,-0.0637102244708531,-0.0633345889887595,-0.0637691119492103
1.135,-0.0637968911777592,-0.0637804595396104,-0.0634039519056885,-0.0638397149264867
1.13533333333333,-0.0638674460920037,-0.0638508793399459,-0.0634734968183755,-0.0639105041244545
1.13566666666667,-0.0639381870090237,-0.0639214844354383,-0.0635432242799127,-0.0639814801134952
1.136,-0.0640091144980551,-0.0639922753918461,-0.0636131348455071,-0.0640526434661967
1.13633333333333,-0.0640802291305447,-0.0640632527771069,-0.0636832290725098,-0.0641239947573764
1.13666666666667,-0.064151531480144,-0.0641344171613523,-0.0637535075204125,-0.0641955345640614
1.137,-0.0642230221227272,-0.0642057691169169,-0.0638239707508592,-0.0642672634655339
1.13733333333333,-0.0642947016364017,-0.064277309218346,-0.063894619327662,-0.064339182043309
1.13766666666667,-0.0643665706015128,-0.0643490380424135,-0.063965453816806,-0.0644112908811745
1.138,-0.0644386296006619,-0.0644209561681174,-0.0640364747864556,-0.0644835905651767
1.13833333333333,-0.0645108792187136,-0.0644930641767108,-0.064107682806973,-0.0645560816836439
1.13866666666667,-0.0645833200427982,-0.0645653626516935,-0.0641790784509185,-0.0646287648271935
1.139,-0.0646559526623396,-0.064637852178831,-0.064250662293075,-0.064701640588742
1.13933333333333,-0.0647287776690441,-0.0647105333461598,-0.0643224349104353,-0.0647747095635245
1.13966666666667,-0.064801795656927,-0.064783406744007,-0.0643943968822408,-0.0648479723490812
1.14,-0.0648750072223204,-0.0648564729649915,-0.0644665487899617,-0.0649214295452998
1.14033333333333,-0.0649484129638793,-0.0649297326040349,-0.0645388912173364,-0.0649950817544018
1.14066666666667,-0.0650220134825916,-0.0650031862583823,-0.0646114247503532,-0.0650689295809634
1.141,-0.0650958093817987,-0.0650768345276003,-0.0646841499772863,-0.0651429736319231
1.14133333333333,-0.0651698012671889,-0.0651506780135913,-0.0647570674886885,-0.0652172145166019
1.14166666666667,-0.0652439897468277,-0.0652247173206132,-0.0648301778774118,-0.0652916528466963
1.142,-0.0653183754311584,-0.0652989530552761,-0.0649034817386124,-0.065366289236306
1.14233333333333,-0.0653929589330086,-0.0653733858265616,-0.0649769796697594,-0.0654411243019369
1.14266666666667,-0.0654677408676141,-0.0654480162458331,-0.0650506722706522,-0.065516158662518
1.143,-0.0655427218526191,-0.0655228449268472,-0.065124560143428,-0.0655913929393995
1.14333333333333,-0.0656179025080852,-0.0655978724857614,-0.0651986438925737,-0.0656668277563805
1.14366666666667,-0.0656932834565217,-0.0656730995411445,-0.0652729241249313,-0.0657424637397121
1.144,-0.0657688653228731,-0.0657485267139915,-0.0653474014497125,-0.0658183015181041
1.14433333333333,-0.0658446487345439,-0.0658241546277397,-0.0654220764785172,-0.0658943417227502
1.14466666666667,-0.0659206343214085,-0.0658999839082648,-0.0654969498253295,-0.0659705849873219
1.145,-0.0659968227158172,-0.0659760151839033,-0.0655720221065386,-0.0660470319479971
1.14533333333333,-0.0660732145526158,-0.0660522490854681,-0.0656472939409464,-0.0661236832434594
1.14566666666667,-0.066149810469149,-0.0661286862462467,-0.0657227659497828,-0.0662005395149168
1.146,-0.0662266111052791,-0.0662053273020209,-0.0657984387567084,-0.0662776014061097
1.14633333333333,-0.0663036171033937,-0.0662821728910791,-0.0658743129878417,-0.066354869563321
1.14666666666667,-0.0663808291084172,-0.0663592236542244,-0.0659503892717495,-0.0664323446353977
1.147,-0.0664582477678231,-0.0664364802347898,-0.0660266682394707,-0.0665100272737481
1.14733333333333,-0.0665358737316513,-0.066513943278642,-0.06610315052453,-0.0665879181323645
1.14766666666667,-0.0666137076525071,-0.0665916134342068,-0.0661798367629394,-0.0666660178678403
1.148,-0.0666917501855887,-0.066669491352466,-0.0662567275932203,-0.0667443271393599
1.14833333333333,-0.0667700019886877,-0.0667475776869855,-0.0663338236564102,-0.0668228466087356
1.14866666666667,-0.0668484637222074,-0.0668258730939096,-0.0664111255960713,-0.0669015769404027
1.149,-0.0669271360491723,-0.0669043782319851,-0.0664886340583064,-0.0669805188014478
1.14933333333333,-0.0670060196352397,-0.0669830937625725,-0.0665663496917688,-0.0670596728616037
1.14966666666667,-0.0670851151487159,-0.067062020349652,-0.0666442731476774,-0.0671390397932676
1.15,-0.0671644232605617,-0.0671411586598465,-0.0667224050798265,-0.0672186202715282
1.15033333333333,-0.0672439446444175,-0.0672205093624151,-0.0668007461445949,-0.0672984149741558
1.15066666666667,-0.0673236799765978,-0.0673000731292915,-0.0668792970009633,-0.06737842458163
1.151,-0.0674036299361202,-0.0673798506350718,-0.0669580583105222,-0.067458649777143
1.15133333333333,-0.0674837952047128,-0.0674598425570424,-0.0670370307374848,-0.0675390912466268
1.15166666666667,-0.0675641764668145,-0.0675400495751887,-0.0671162149487016,-0.0676197496787441
1.152,-0.0676447744096159,-0.0676204723722047,-0.0671956116136712,-0.0677006257649245
1.15233333333333,-0.0677255897230365,-0.0677011116335078,-0.0672752214045558,-0.0677817201993567
1.15266666666667,-0.0678066230997736,-0.0677819680472533,-0.0673550449961829,-0.0678630336790214
1.153,-0.0678878752352888,-0.0678630423043466,-0.0674350830660727,-0.0679445669036872
1.15333333333333,-0.0679693468278306,-0.0679443350984537,-0.067515336294438,-0.0680263205759348
1.15366666666667,-0.0680510385784479,-0.0680258471260159,-0.0675958053642064,-0.0681082954011643
1.154,-0.068132951191006,-0.0681075790862656,-0.0676764909610311,-0.0681904920876148
1.15433333333333,-0.0682150853721925,-0.0681895316812316,-0.0677573937732939,-0.0682729113463671
1.15466666666667,-0.0682974418315375,-0.0682717056157627,-0.067838514492131,-0.0683555538913715
1.155,-0.0683800212814211,-0.0683541015975338,-0.0679198538114431,-0.0684384204394498
1.15533333333333,-0.068462824437093,-0.0684367203370619,-0.0680014124278983,-0.0685215117103154
1.15566666666667,-0.0685458520166844,-0.0685195625477167,-0.0680831910409598,-0.06860482842658
1.156,-0.0686291047412151,-0.068602628945737,-0.0681651903528942,-0.0686883713137788
1.15633333333333,-0.0687125833346233,-0.0686859202502445,-0.0682474110687711,-0.068772141100372
1.15666666666667,-0.0687962885237538,-0.0687694371832602,-0.0683298538964966,-0.0688561385177703
1.157,-0.0688802210383978,-0.0688531804697131,-0.0684125195468231,-0.0689403643003365
1.15733333333333,-0.0689643816112983,-0.0689371508374469,-0.0684954087333458,-0.0690248191854122
1.15766666666667,-0.0690487709781483,-0.0690213490172528,-0.0685785221725371,-0.0691095039133235
1.158,-0.0691333898776332,-0.0691057757428722,-0.0686618605837447,-0.0691944192273962
1.15833333333333,-0.0692182390514241,-0.0691904317510064,-0.068745424689217,-0.0692795658739779
1.15866666666667,-0.0693033192441929,-0.0692753177813408,-0.0688292152141119,-0.0693649446024392
1.159,-0.0693886312036444,-0.0693604345765513,-0.0689132328865053,-0.0694505561652025
1.15933333333333,-0.0694741756805104,-0.0694457828823278,-0.0689974784374153,-0.069536401317738
1.15966666666667,-0.0695599534285707,-0.0695313634473765,-0.069081952600807,-0.0696224808186062
1.16,-0.0696459652046777,-0.069617177023441,-0.0691666561136135,-0.0697087954294426
1.16033333333333,-0.0697322117687536,-0.0697032243653196,-0.0692515897157457,-0.0697953459149961
1.16066666666667,-0.0698186938838176,-0.0697895062308709,-0.0693367541501086,-0.0698821330431231
1.161,-0.069905412316004,-0.0698760233810433,-0.0694221501626147,-0.0699691575848264
1.16133333333333,-0.0699923678345601,-0.0699627765798694,-0.0695077785021985,-0.0700564203142472
1.16166666666667,-0.0700795612118765,-0.0700497665945012,-0.0695936399208271,-0.070143922008698
1.162,-0.0701669932235013,-0.0701369941952167,-0.0696797351735271,-0.0702316634486655
1.16233333333333,-0.0702546646481461,-0.0702244601554221,-0.0697660650183818,-0.0703196454178327
1.16266666666667,-0.0703425762677049,-0.0703121652516945,-0.0698526302165591,-0.0704078687030938
1.163,-0.0704307288672806,-0.0704001102637702,-0.069939431532325,-0.070496334094563
1.16333333333333,-0.0705191232351839,-0.070488295974575,-0.0700264697330504,-0.0705850423856046
1.16366666666667,-0.0706077601629563,-0.0705767231702409,-0.0701137455892281,-0.0706739943728337
1.164,-0.0706966404453856,-0.0706653926401079,-0.0702012598745025,-0.0707631908561376
1.16433333333333,-0.0707857648805248,-0.070754305176757,-0.0702890133656629,-0.0708526326386914
1.16466666666667,-0.0708751342697045,-0.0708434615760099,-0.0703770068426702,-0.070942320526982
1.165,-0.0709647494175457,-0.0709328626369553,-0.0704652410886742,-0.071032255330811
1.16533333333333,-0.0710546111319753,-0.0710225091619614,-0.0705537168900199,-0.0711224378633148
1.16566666666667,-0.071144720224259,-0.0711124019566907,-0.0706424350362768,-0.0712128689409847
1.166,-0.0712350775089921,-0.0712025418301196,-0.0707313963202374,-0.0713035493836843
1.16633333333333,-0.0713256838041322,-0.0712929295945479,-0.0708206015379481,-0.0713944800146609
1.16666666666667,-0.0714165399310113,-0.0713835660656223,-0.0709100514887139,-0.0714856616605603
1.167,-0.0715076467143541,-0.0714744520623486,-0.0709997469751201,-0.071577095151452
1.16733333333333,-0.071599004982289,-0.0715655884071058,-0.0710896888030522,-0.0716687813208398
1.16766666666667,-0.0716906155663749,-0.0716569759256675,-0.071179877781695,-0.0717607210056806
1.168,-0.0717824793016025,-0.0717486154472195,-0.0712703147235686,-0.0718529150463944
1.16833333333333,-0.0718745970264269,-0.0718405078043702,-0.071361000444534,-0.0719453642868957
1.16866666666667,-0.0719669695827765,-0.0719326538331689,-0.0714519357638125,-0.0720380695745969
1.169,-0.0720595978160684,-0.0720250543731299,-0.0715431215039982,-0.0721310317604351
1.16933333333333,-0.0721524825752328,-0.0721177102672379,-0.0716345584910795,-0.0722242516988819
1.16966666666667,-0.0722456247127215,-0.0722106223619746,-0.0717262475544525,-0.072317730247964
1.17,-0.0723390250845306,-0.072303791507328,-0.0718181895269335,-0.0724114682692823
1.17033333333333,-0.0724326845502231,-0.0723972185568181,-0.0719103852447923,-0.0725054666280275
1.17066666666667,-0.0725266039729267,-0.0724909043675092,-0.0720028355477448,-0.0725997261929985
1.171,-0.072620784219378,-0.0725848498000242,-0.0720955412789906,-0.0726942478366171
1.17133333333333,-0.0727152261599189,-0.0726790557185666,-0.0721885032852152,-0.0727890324349543
1.17166666666667,-0.0728099306685272,-0.0727735229909451,-0.0722817224166233,-0.0728840808677376
1.172,-0.072904898622828,-0.0728682524885674,-0.0723751995269312,-0.0729793940183737
1.17233333333333,-0.0730001309041104,-0.0729632450864919,-0.0724689354734187,-0.0730749727739761
1.17266666666667,-0.0730956283973553,-0.0730585016634158,-0.0725629311169082,-0.0731708180253609
1.173,-0.073191391991239,-0.0731540231017094,-0.0726571873218121,-0.0732669306670883
1.17333333333333,-0.0732874225781664,-0.0732498102874276,-0.0727517049561374,-0.0733633115974671
1.17366666666667,-0.0733837210542784,-0.0733458641103363,-0.0728464848914997,-0.0734599617185846
1.174,-0.0734802883194768,-0.0734421854639156,-0.0729415280031541,-0.0735568819363063
1.17433333333333,-0.0735771252774413,-0.0735387752453951,-0.0730368351700057,-0.0736540731603179
1.17466666666667,-0.0736742328356482,-0.0736356343557603,-0.0731324072746187,-0.0737515363041308
1.175,-0.0737716119053811,-0.073732763699777,-0.0732282452032482,-0.0738492722851022
1.17533333333333,-0.0738692634017649,-0.0738301641860081,-0.0733243498458576,-0.0739472820244499
1.17566666666667,-0.0739671882437804,-0.0739278367268366,-0.0734207220961258,-0.0740455664472919
1.176,-0.0740653873542683,-0.0740257822384776,-0.073517362851474,-0.0741441264826382
1.17633333333333,-0.0741638616599757,-0.0741240016409973,-0.0736142730130834,-0.074242963063427
1.17666666666667,-0.0742626120915496,-0.0742224958583427,-0.0737114534859186,-0.074342077126546
1.177,-0.0743616395835706,-0.0743212658183511,-0.0738089051787304,-0.0744414696128376
1.17733333333333,-0.07446094507457,-0.0744203124527708,-0.0739066290040897,-0.0745411414671354
1.17766666666667,-0.0745605295070477,-0.0745196366972837,-0.0740046258784037,-0.0746410936382726
1.178,-0.074660393827494,-0.0746192394915212,-0.0741028967219306,-0.0747413270791097
1.17833333333333,-0.0747605389864083,-0.0747191217790893,-0.0742014424588046,-0.0748418427465467
1.17866666666667,-0.0748609659383209,-0.074819284507581,-0.0743002640170453,-0.074942641601549
1.179,-0.0749616756418093,-0.0749197286286042,-0.0743993623285881,-0.0750437246091723
1.17933333333333,-0.0750626690595232,-0.0750204550977928,-0.0744987383292966,-0.0751450927385686
1.17966666666667,-0.0751639471581999,-0.0751214648748424,-0.0745983929589893,-0.0752467469630225
1.18,-0.0752655109086943,-0.0752227589235068,-0.074698327161447,-0.0753486882599637
1.18033333333333,-0.0753673612859857,-0.0753243382116414,-0.074798541884447,-0.0754509176109892
1.18066666666667,-0.07546949926921,-0.0754262037112124,-0.0748990380797761,-0.0755534360018798
1.181,-0.0755719258416747,-0.0755283563983163,-0.0749998167032449,-0.0756562444226321
1.18133333333333,-0.0756746419908847,-0.075630797253207,-0.075100878714716,-0.0757593438674731
1.18166666666667,-0.0757776487085573,-0.0757335272603105,-0.0752022250781287,-0.0758627353348844
1.182,-0.0758809469906495,-0.0758365474082535,-0.0753038567615037,-0.0759664198276106
1.18233333333333,-0.0759845378373746,-0.0759398586898748,-0.0754057747369804,-0.0760703983527069
1.18266666666667,-0.0760884222532276,-0.0760434621022556,-0.075507979980827,-0.0761746719215326
1.183,-0.076192601247003,-0.0761473586467324,-0.07561047347346,-0.0762792415497964
1.18333333333333,-0.0762970758318206,-0.0762515493289323,-0.0757132561994776,-0.0763841082575614
1.18366666666667,-0.0764018470251459,-0.0763560351587725,-0.075816329147666,-0.0764892730692769
1.184,-0.0765069158488117,-0.0764608171505087,-0.0759196933110302,-0.0765947370137987
1.18433333333333,-0.0766122833290366,-0.0765658963227308,-0.0760233496868103,-0.0767005011244108
1.18466666666667,-0.0767179504964565,-0.0766712736984055,-0.0761272992765044,-0.0768065664388465
1.185,-0.0768239183861382,-0.0767769503048922,-0.0762315430858944,-0.0769129339993088
1.18533333333333,-0.0769301880376075,-0.0768829271739555,-0.0763360821250581,-0.0770196048525068
1.18566666666667,-0.0770367604948644,-0.0769892053418018,-0.0764409174084013,-0.0771265800496601
1.186,-0.0771436368064219,-0.0770957858490953,-0.0765460499546699,-0.0772338606465376
1.18633333333333,-0.0772508180253051,-0.0772026697409803,-0.0766514807869807,-0.0773414477034649
1.18666666666667,-0.0773583052091024,-0.0773098580671041,-0.0767572109328364,-0.0774493422853629
1.187,-0.0774660994199619,-0.0774173518816439,-0.0768632414241567,-0.0775575454617668
1.18733333333333,-0.0775742017246306,-0.0775251522433239,-0.0769695732972896,-0.0776660583068397
1.18766666666667,-0.077682613194476,-0.0776332602154395,-0.0770762075930377,-0.0777748818994149
1.188,-0.0777913349055082,-0.0777416768658909,-0.0771831453566919,-0.0778840173230003
1.18833333333333,-0.0779003679383994,-0.0778504032671906,-0.0772903876380362,-0.0779934656658196
1.18866666666667,-0.0780097133785182,-0.0779594404964981,-0.0773979354913836,-0.0781032280208171
1.189,-0.0781193723159403,-0.0780687896356401,-0.0775057899755971,-0.0782133054857093
1.18933333333333,-0.078229345845485,-0.0781784517711325,-0.077613952154102,-0.07832369916298
1.18966666666667,-0.0783396350667348,-0.0782884279942104,-0.0777224230949249,-0.0784344101599284
1.19,-0.0784502410840557,-0.0783987194008472,-0.0778312038707133,-0.0785454395886735
1.19033333333333,-0.0785611650066252,-0.0785093270917833,-0.077940295558747,-0.078656788566202
1.19066666666667,-0.0786724079484671,-0.0786202521725429,-0.0780496992409791,-0.0787684582143737
1.191,-0.0787839710284529,-0.0787314957534643,-0.078159416004049,-0.078880449659955
1.19133333333333,-0.0788958553703528,-0.0788430589497272,-0.0782694469393085,-0.0789927640346456
1.19166666666667,-0.0790080621028413,-0.0789549428813728,-0.0783797931428485,-0.0791054024750997
1.192,-0.0791205923595379,-0.0790671486733318,-0.0784904557155206,-0.0792183661229521
1.19233333333333,-0.0792334472790195,-0.0791796774554455,-0.0786014357629626,-0.0793316561248522
1.19266666666667,-0.0793466280048532,-0.0792925303624949,-0.0787127343956249,-0.0794452736324788
1.193,-0.0794601356856226,-0.0794057085342304,-0.0788243527287895,-0.0795592198025709
1.19333333333333,-0.0795739714749505,-0.0795192131153844,-0.0789362918826058,-0.0796734957969605
1.19366666666667,-0.0796881365315272,-0.0796330452557139,-0.0790485529821029,-0.0797881027825824
1.194,-0.0798026320191386,-0.0797472061100089,-0.0791611371572227,-0.0799030419315214
1.19433333333333,-0.0799174591066852,-0.0798616968381381,-0.0792740455428437,-0.0800183144210238
1.19466666666667,-0.08003261896822,-0.0799765186050582,-0.0793872792788041,-0.0801339214335306
1.195,-0.0801481127829659,-0.0800916725808434,-0.0795008395099381,-0.0802498641567053
1.19533333333333,-0.0802639417353464,-0.0802071599407292,-0.0796147273860778,-0.080366143783459
1.19566666666667,-0.0803801070150132,-0.08032298186511,-0.0797289440621102,-0.0804827615119756
1.196,-0.0804966098168755,-0.0804391395395921,-0.0798434906979774,-0.0805997185457488
1.19633333333333,-0.0806134513411189,-0.0805556341550072,-0.0799583684587174,-0.0807170160935954
1.19666666666667,-0.0807306327932458,-0.0806724669074453,-0.0800735785144866,-0.0808346553696988
1.197,-0.0808481553840931,-0.0807896389982732,-0.0801891220405864,-0.0809526375936219
1.19733333333333,-0.0809660203298608,-0.080907151634179,-0.080305000217484,-0.0810709639903534
1.19766666666667,-0.0810842288521482,-0.0810250060271825,-0.0804212142308553,-0.0811896357903164
1.198,-0.0812027821779712,-0.0811432033946725,-0.0805377652715941,-0.0813086542294125
1.19833333333333,-0.0813216815398062,-0.0812617449594333,-0.0806546545358507,-0.0814280205490415
1.19866666666667,-0.0814409281755972,-0.0813806319496734,-0.080771883225054,-0.0815477359961388
1.199,-0.0815605233288069,-0.0814998655990521,-0.0808894525459385,-0.0816678018231965
1.19933333333333,-0.0816804682484242,-0.0816194471467073,-0.0810073637105845,-0.0817882192882905
1.19966666666667,-0.0818007641890155,-0.0817393778372925,-0.0811256179364186,-0.0819089896551266
1.2,-0.0819214124107415,-0.0818596589209941,-0.0812442164462777,-0.0820301141930512
1.20033333333333,-0.0820424141793819,-0.0819802916535677,-0.0813631604684075,-0.0821515941770923
1.20066666666667,-0.082163770766376,-0.0821012772963665,-0.0814824512365062,-0.0822734308879847
1.201,-0.0822854834488512,-0.0822226171163724,-0.081602089989743,-0.0823956256122018
1.20133333333333,-0.0824075535096407,-0.0823443123862182,-0.0817220779728029,-0.0825181796419863
1.20166666666667,-0.082529982237339,-0.0824663643842295,-0.0818424164358996,-0.0826410942753884
1.202,-0.0826527709263016,-0.0825887743944419,-0.0819631066348104,-0.0827643708162781
1.20233333333333,-0.082775920876699,-0.0827115437066425,-0.0820841498309084,-0.0828880105743903
1.20266666666667,-0.0828994333945385,-0.0828346736163961,-0.0822055472911896,-0.0830120148653567
1.203,-0.0830233097916908,-0.0829581654250667,-0.0823273002882996,-0.0831363850107313
1.20333333333333,-0.0831475513859366,-0.0830820204398713,-0.0824494101005674,-0.0832611223380241
1.20366666666667,-0.0832721595009785,-0.0832062399738838,-0.0825718780120363,-0.0833862281807308
1.204,-0.0833971354664872,-0.0833308253460849,-0.0826947053124944,-0.0835117038783734
1.20433333333333,-0.0835224806181276,-0.0834557778813895,-0.0828178932974939,-0.0836375507765215
1.20466666666667,-0.0836481962975902,-0.0835810989106694,-0.082941443268402,-0.0837637702268289
1.205,-0.0837742838526265,-0.0837067897707969,-0.0830653565324093,-0.0838903635870662
1.20533333333333,-0.0839007446370787,-0.0838328518046746,-0.0831896344025817,-0.0840173322211573
1.20566666666667,-0.0840275800109098,-0.0839592863612638,-0.0833142781978763,-0.0841446774992081
1.206,-0.0841547913402487,-0.0840860947956107,-0.0834392892431765,-0.0842724007975384
1.20633333333333,-0.0842823799974048,-0.0842132784688982,-0.0835646688693319,-0.0844005034987234
1.20666666666667,-0.0844103473609204,-0.0843408387484604,-0.0836904184131766,-0.0845289869916104
1.207,-0.0845386948155813,-0.0844687770078209,-0.0838165392175752,-0.0846578526713815
1.20733333333333,-0.0846674237524779,-0.0845970946267276,-0.0839430326314384,-0.0847871019395493
1.20766666666667,-0.0847965355690135,-0.084725792991195,-0.0840699000097725,-0.0849167362040296
1.208,-0.0849260316689558,-0.0848548734935175,-0.0841971427136982,-0.0850467568791469
1.20833333333333,-0.0850559134624693,-0.0849843375323206,-0.0843247621104963,-0.0851771653856863
1.20866666666667,-0.0851861823661347,-0.085114186512585,-0.0844527595736262,-0.0853079631509223
1.209,-0.0853168398030028,-0.0852444218456877,-0.0845811364827749,-0.0854391516086503
1.20933333333333,-0.0854478872026157,-0.0853750449494334,-0.0847098942238752,-0.0855707321992322
1.20966666666667,-0.0855793260010533,-0.0855060572480888,-0.0848390341891421,-0.0857027063696185
1.21,-0.0857111576409592,-0.0856374601724172,-0.0849685577771215,-0.0858350755733977
1.21033333333333,-0.0858433835715794,-0.0857692551597137,-0.0850984663927071,-0.0859678412708192
1.21066666666667,-0.0859760052487996,-0.0859014436538453,-0.0852287614471798,-0.0861010049288438
1.211,-0.0861090241351806,-0.0860340271052763,-0.0853594443582466,-0.0862345680211689
1.21133333333333,-0.0862424416999974,-0.0861670069711183,-0.0854905165500683,-0.0863685320282693
1.21166666666667,-0.0863762594192654,-0.0863003847151524,-0.0856219794532982,-0.0865028984374304
1.212,-0.086510478775789,-0.0864341618078691,-0.0857538345051188,-0.0866376687427953
1.21233333333333,-0.0866451012591941,-0.0865683397265153,-0.0858860831492714,-0.0867728444453919
1.21266666666667,-0.0867801283659634,-0.0867029199551161,-0.0860187268361001,-0.0869084270531758
1.213,-0.0869155615994733,-0.0868379039845193,-0.0861517670225761,-0.0870444180810676
1.21333333333333,-0.0870514024700407,-0.0869732933124344,-0.0862852051723461,-0.0871808190509882
1.21366666666667,-0.0871876524949488,-0.0871090894434634,-0.0864190427557592,-0.0873176314918989
1.214,-0.0873243131984877,-0.0872452938891451,-0.0865532812499056,-0.0874548569398431
1.21433333333333,-0.0874613861119995,-0.0873819081679907,-0.086687922138662,-0.087592496937984
1.21466666666667,-0.0875988727739183,-0.0875189338055186,-0.0868229669127061,-0.0877305530366335
1.215,-0.0877367747297922,-0.087656372334295,-0.0869584170695828,-0.0878690267933109
1.21533333333333,-0.087875093532341,-0.0877942252939761,-0.0870942741137198,-0.0880079197727664
1.21566666666667,-0.0880138307414867,-0.0879324942313433,-0.0872305395564713,-0.0881472335470259
1.216,-0.0881529879243965,-0.0880711807003437,-0.0873672149161584,-0.0882869696954344
1.21633333333333,-0.0882925666555198,-0.0882102862621252,-0.0875043017181149,-0.0884271298046941
1.21666666666667,-0.088432568516626,-0.0883498124850818,-0.0876418014946989,-0.0885677154689002
1.217,-0.0885729950968575,-0.0884897609448922,-0.0877797157853574,-0.0887087282895924
1.21733333333333,-0.0887138479927537,-0.0886301332245556,-0.087918046136662,-0.0888501698757834
1.21766666666667,-0.0888551288083013,-0.0887709309144416,-0.0880567941023341,-0.088992041844013
1.218,-0.0889968391549758,-0.088912155612319,-0.0881959612432971,-0.0891343458183816
1.21833333333333,-0.0891389806517779,-0.0890538089234026,-0.0883355491277078,-0.0892770834305902
1.21866666666667,-0.089281554925282,-0.0891958924603962,-0.088475559331002,-0.0894202563199933
1.219,-0.0894245636096713,-0.089338407843532,-0.0886159934359303,-0.0895638661336289
1.21933333333333,-0.0895680083467833,-0.0894813567006131,-0.0887568530326015,-0.0897079145262737
1.21966666666667,-0.089711890786154,-0.0896247406670517,-0.0888981397185234,-0.089852403160474
1.22,-0.0898562125850547,-0.0897685613859126,-0.0890398550986377,-0.0899973337065955
1.22033333333333,-0.0900009754085466,-0.0899128205079614,-0.0891820007853683,-0.0901427078428683
1.22066666666667,-0.09014618092951,-0.090057519691704,-0.0893245783986601,-0.0902885272554275
1.221,-0.0902918308286952,-0.0902026606034238,-0.0894675895660187,-0.0904347936383594
1.22133333333333,-0.0904379267947702,-0.0903482449172325,-0.0896110359225544,-0.0905815086937453
1.22166666666667,-0.0905844705243545,-0.090494274315113,-0.0897549191110231,-0.0907286741317013
1.222,-0.0907314637220754,-0.09064075048696,-0.08989924078187,-0.0908762916704345
1.22233333333333,-0.0908789081006035,-0.0907876751306207,-0.0900440025932705,-0.0910243630362793
1.22266666666667,-0.0910268053807001,-0.0909350499519515,-0.0901892062111763,-0.0911728899637473
1.223,-0.0911751572912674,-0.0910828766648512,-0.090334853309354,-0.0913218741955653
1.22333333333333,-0.0913239655693874,-0.0912311569913118,-0.0904809455694283,-0.0914713174827338
1.22366666666667,-0.0914732319603727,-0.0913798926614615,-0.0906274846809384,-0.0916212215845724
1.224,-0.0916229582178107,-0.0915290854136126,-0.0907744723413597,-0.091771588268748
1.22433333333333,-0.0917731461036064,-0.0916787369942975,-0.0909219102561707,-0.091922419311347
1.22466666666667,-0.0919237973880381,-0.0918288491583372,-0.09106980013888,-0.0920737164969105
1.225,-0.0920749138497942,-0.0919794236688622,-0.0912181437110854,-0.092225481618475
1.22533333333333,-0.0922264972760339,-0.0921304622973795,-0.0913669427025021,-0.0923777164776384
1.22566666666667,-0.0923785494624186,-0.0922819668238004,-0.0915161988510357,-0.0925304228845926
1.226,-0.0925310722131746,-0.0924339390365096,-0.0916659139027923,-0.0926836026581841
1.22633333333333,-0.0926840673411322,-0.0925863807323921,-0.0918160896121532,-0.0928372576259506
1.22666666666667,-0.0928375366677767,-0.0927392937169024,-0.0919667277418078,-0.0929913896241774
1.227,-0.0929914820232967,-0.0928926798040922,-0.0921178300628087,-0.0931460004979507
1.22733333333333,-0.0931459052466442,-0.0930465408166699,-0.0922693983546068,-0.0933010921012036
1.22766666666667,-0.0933008081855658,-0.0932008785860537,-0.0924214344051094,-0.0934566662967613
1.228,-0.0934561926966632,-0.0933556949524072,-0.0925739400107204,-0.0936127249563989
1.22833333333333,-0.093612060645445,-0.0935109917647024,-0.0927269169763963,-0.0937692699608934
1.22866666666667,-0.0937684139063732,-0.0936667708807628,-0.0928803671156876,-0.0939263032000701
1.229,-0.093925254362915,-0.0938230341673175,-0.0930342922507881,-0.0940838265728517
1.22933333333333,-0.0940825839075942,-0.0939797835000472,-0.0931886942125887,-0.0942418419873246
1.22966666666667,-0.0942404044420484,-0.0941370207636375,-0.0933435748407166,-0.0944003513607712
1.23,-0.0943987178770676,-0.0942947478518305,-0.0934989359835983,-0.094559356619738
1.23033333333333,-0.0945575261326628,-0.0944529666674785,-0.0936547794985025,-0.0947188597000824
1.23066666666667,-0.094716831138104,-0.0946116791225915,-0.0938111072515815,-0.09487886254703
1.231,-0.0948766348319841,-0.0947708871383888,-0.0939679211179371,-0.09503936711522
1.23133333333333,-0.0950369391622717,-0.0949305926453617,-0.0941252229816651,-0.0952003753687708
1.23166666666667,-0.0951977460863529,-0.095090797583314,-0.0942830147359046,-0.0953618892813245
1.232,-0.095359057571098,-0.0952515039014238,-0.094441298282892,-0.0955239108361054
1.23233333333333,-0.0955208755929163,-0.0954127135582872,-0.0946000755340067,-0.095686442025978
1.23266666666667,-0.0956832021377985,-0.0955744285219934,-0.0947593484098367,-0.0958494848535046
1.233,-0.0958460392013844,-0.0957366507701463,-0.0949191188402136,-0.0960130413309865
1.23333333333333,-0.096009388789016,-0.0958993822899572,-0.0950793887642815,-0.0961771134805369
1.23366666666667,-0.0961732529157885,-0.0960626250782681,-0.0952401601305395,-0.096341703334135
1.234,-0.0963376336066075,-0.0962263811416214,-0.0954014348969034,-0.096506812933672
1.23433333333333,-0.096502532896251,-0.0963906524963201,-0.0955632150307512,-0.0966724443310243
1.23466666666667,-0.096667952829424,-0.0965554411684733,-0.0957255025089805,-0.0968385995880935
1.235,-0.0968338954608136,-0.096720749194058,-0.0958882993180658,-0.0970052807768814
1.23533333333333,-0.097000362855147,-0.0968865786189825,-0.0960516074541196,-0.097172489979545
1.23566666666667,-0.0971673570872569,-0.0970529314991251,-0.096215428922924,-0.0973402292884385
1.236,-0.0973348802421226,-0.0972198099004185,-0.0963797657400146,-0.0975085008062026
1.23633333333333,-0.0975029344149543,-0.0973872158988781,-0.0965446199307187,-0.0976773066457987
1.23666666666667,-0.0976715217112287,-0.0975551515806929,-0.0967099935302273,-0.0978466489305816
1.237,-0.0978406442467676,-0.0977236190422553,-0.0968758885836263,-0.0980165297943503
1.23733333333333,-0.0980103041477822,-0.0978926203902355,-0.0970423071459833,-0.0981869513814287
1.23766666666667,-0.0981805035509457,-0.0980621577416439,-0.0972092512823823,-0.0983579158467056
1.238,-0.0983512446034503,-0.0982322332238786,-0.097376723067996,-0.0985294253557088
1.23833333333333,-0.0985225294630603,-0.0984028489747989,-0.0975447245881432,-0.0987014820846604
1.23866666666667,-0.0986943602981934,-0.0985740071427741,-0.0977132579383326,-0.098874088220547
1.239,-0.0988667392879618,-0.0987457098867605,-0.0978823252243428,-0.0990472459611798
1.23933333333333,-0.0990396686222494,-0.098917959376351,-0.0980519285622672,-0.0992209575152452
1.23966666666667,-0.0992131505017683,-0.0990907577918336,-0.0982220700785755,-0.0993952251024015
1.24,-0.0993871871381279,-0.0992641073242706,-0.0983927519101902,-0.0995700509533048
1.24033333333333,-0.0995617807538869,-0.0994380101755489,-0.0985639762045191,-0.0997454373097046
1.24066666666667,-0.0997369335826311,-0.0996124685584458,-0.0987357451195439,-0.0999213864244849
1.241,-0.0999126478690343,-0.0997874846966922,-0.0989080608238665,-0.100097900561755
1.24133333333333,-0.10008892586892,-0.0999630608250421,-0.0990809254967662,-0.100274981996887
1.24166666666667,-0.100265769849328,-0.100139199189333,-0.099254341328284,-0.100452633016613
1.242,-0.100443182088584,-0.100315902046552,-0.0994283105192649,-0.100630855919065
1.24233333333333,-0.100621164876365,-0.1004931716649,-0.099602835281428,-0.100809653013863
1.24266666666667,-0.100799720513767,-0.100671010323863,-0.0997779178374328,-0.100989026622173
1.243,-0.100978851313366,-0.10084942031427,-0.0999535604209388,-0.101168979076771
1.24333333333333,-0.101158559599295,-0.101028403938371,-0.100129765276671,-0.101349512722128
1.24366666666667,-0.10133884770731,-0.101207963509896,-0.100306534660495,-0.101530629914457
1.244,-0.101519717984853,-0.101388101354123,-0.100483870839465,-0.101712333021811
1.24433333333333,-0.101701172791135,-0.101568819807957,-0.100661776091897,-0.101894624424131
1.24466666666667,-0.101883214497182,-0.10175012121998,-0.100840252707449,-0.10207750651332
1.245,-0.102065845485938,-0.101932007950545,-0.101019302987161,-0.102260981693326
1.24533333333333,-0.102249068152305,-0.102114482371819,-0.101198929243546,-0.102445052380203
1.24566666666667,-0.102432884903241,-0.102297546867874,-0.101379133800648,-0.102629721002184
1.246,-0.102617298157803,-0.102481203834753,-0.101559918994104,-0.102814989999764
1.24633333333333,-0.102802310347244,-0.102665455680533,-0.101741287171231,-0.103000861825761
1.24666666666667,-0.10298792391508,-0.102850304825405,-0.101923240691075,-0.103187338945399
1.247,-0.103174141317153,-0.103035753701743,-0.102105781924489,-0.103374423836372
1.24733333333333,-0.103360965021715,-0.103221804754181,-0.10228891325421,-0.103562118988939
1.24766666666667,-0.103548397509501,-0.103408460439681,-0.102472637074919,-0.103750426905967
1.248,-0.103736441273802,-0.103595723227609,-0.102656955793313,-0.103939350103047
1.24833333333333,-0.103925098820542,-0.103783595599808,-0.10284187182819,-0.104128891108534
1.24866666666667,-0.104114372668345,-0.103972080050675,-0.1030273876105,-0.10431905246365
1.249,-0.104304265348634,-0.10416117908724,-0.103213505583429,-0.104509836722547
1.24933333333333,-0.104494779405682,-0.10435089522923,-0.103400228202481,-0.104701246452388
1.24966666666667,-0.104685917396702,-0.104541231009159,-0.103587557935534,-0.104893284233434
1.25,-0.104877681891927,-0.104732188972398,-0.103775497262924,-0.10508595265911
1.25033333333333,-0.105070075474685,-0.104923771677252,-0.103964048677516,-0.105279254336097
1.25066666666667,-0.105263100741481,-0.105115981695035,-0.104153214684786,-0.105473191884403
1.251,-0.105456760302073,-0.105308821610159,-0.104342997802885,-0.105667767937453
1.25133333333333,-0.105651056779551,-0.105502294020209,-0.104533400562726,-0.105862985142158
1.25166666666667,-0.105845992810424,-0.105696401536015,-0.104724425508056,-0.106058846159013
1.252,-0.106041571044697,-0.10589114678174,-0.10491607519553,-0.106255353662165
1.25233333333333,-0.106237794145959,-0.10608653239496,-0.105108352194797,-0.106452510339508
1.25266666666667,-0.106434664791453,-0.106282561026747,-0.10530125908857,-0.106650318892759
1.253,-0.106632185672172,-0.106479235341738,-0.105494798472708,-0.106848782037542
1.25333333333333,-0.106830359492945,-0.106676558018242,-0.105688972956301,-0.107047902503479
1.25366666666667,-0.107029188972493,-0.106874531748298,-0.105883785161739,-0.107247683034275
1.254,-0.107228676843562,-0.107073159237777,-0.106079237724802,-0.107448126387797
1.25433333333333,-0.107428825852958,-0.107272443206451,-0.106275333294733,-0.107649235336174
1.25466666666667,-0.107629638761673,-0.107472386388094,-0.106472074534331,-0.107851012665863
1.255,-0.107831118344947,-0.107672991530553,-0.106669464120022,-0.108053461177765
1.25533333333333,-0.10803326739237,-0.107874261395843,-0.106867504741942,-0.10825658368729
1.25566666666667,-0.108236088707965,-0.108076198760234,-0.107066199104035,-0.108460383024456
1.256,-0.108439585110265,-0.10827880641433,-0.107265549924116,-0.108664862033985
1.25633333333333,-0.108643759432424,-0.108482087163164,-0.107465559933973,-0.10887002357538
1.25666666666667,-0.108848614522292,-0.108686043826286,-0.107666231879439,-0.109075870523028
1.257,-0.109054153242509,-0.108890679237853,-0.107867568520488,-0.109282405766288
1.25733333333333,-0.109260378470598,-0.109095996246715,-0.10806957263132,-0.109489632209582
1.25766666666667,-0.109467293099057,-0.109301997716503,-0.108272247000442,-0.109697552772484
1.258,-0.109674900035445,-0.109508686525731,-0.108475594430755,-0.109906170389827
1.25833333333333,-0.109883202202483,-0.109716065567882,-0.108679617739651,-0.11011548801179
1.25866666666667,-0.110092202538145,-0.109924137751493,-0.108884319759096,-0.110325508603991
1.259,-0.110301903995756,-0.110132906000261,-0.109089703335722,-0.110536235147583
1.25933333333333,-0.110512309544076,-0.110342373253127,-0.109295771330912,-0.110747670639356
1.25966666666667,-0.11072342216741,-0.110552542464377,-0.109502526620897,-0.110959818091832
1.26,-0.110935244865697,-0.110763416603729,-0.109709972096842,-0.111172680533364
1.26033333333333,-0.111147780654603,-0.11097499865644,-0.109918110664948,-0.111386261008224
1.26066666666667,-0.111361032565633,-0.111187291623393,-0.110126945246521,-0.111600562576724
1.261,-0.111575003646217,-0.111400298521198,-0.110336478778102,-0.111815588315301
1.26133333333333,-0.111789696959809,-0.111614022382289,-0.11054671421153,-0.112031341316613
1.26166666666667,-0.112005115585997,-0.111828466255023,-0.110757654514049,-0.112247824689663
1.262,-0.112221262620599,-0.112043633203785,-0.110969302668398,-0.112465041559873
1.26233333333333,-0.112438141175758,-0.112259526309072,-0.111181661672918,-0.112682995069207
1.26266666666667,-0.112655754380053,-0.112476148667608,-0.111394734541641,-0.112901688376276
1.263,-0.112874105378603,-0.112693503392445,-0.111608524304383,-0.113121124656424
1.26333333333333,-0.11309319733316,-0.112911593613059,-0.11182303400685,-0.113341307101856
1.26366666666667,-0.113313033422226,-0.113130422475457,-0.112038266710738,-0.11356223892173
1.264,-0.113533616841148,-0.113349993142278,-0.112254225493825,-0.113783923342261
1.26433333333333,-0.113754950802232,-0.113570308792895,-0.112470913450073,-0.114006363606849
1.26466666666667,-0.113977038534847,-0.113791372623533,-0.112688333689735,-0.114229562976159
1.265,-0.11419988328553,-0.114013187847355,-0.112906489339454,-0.114453524728263
1.26533333333333,-0.114423488318096,-0.114235757694593,-0.113125383542361,-0.114678252158714
1.26566666666667,-0.114647856913751,-0.114459085412627,-0.113345019458184,-0.114903748580691
1.266,-0.114872992371193,-0.114683174266116,-0.113565400263347,-0.115130017325083
1.26633333333333,-0.115098898006732,-0.114908027537104,-0.113786529151082,-0.115357061740623
1.26666666666667,-0.115325577154404,-0.115133648525118,-0.114008409331524,-0.115584885193992
1.267,-0.115553033166065,-0.115360040547287,-0.114231044031827,-0.115813491069928
1.26733333333333,-0.115781269411525,-0.115587206938458,-0.114454436496267,-0.116042882771351
1.26766666666667,-0.116010289278655,-0.115815151051296,-0.11467858998635,-0.116273063719473
1.268,-0.116240096173496,-0.116043876256411,-0.114903507780916,-0.11650403735392
1.26833333333333,-0.116470693520382,-0.116273385942458,-0.115129193176262,-0.116735807132839
1.26866666666667,-0.116702084762051,-0.116503683516266,-0.115355649486235,-0.116968376533038
1.269,-0.116934273359771,-0.116734772402936,-0.115582880042356,-0.117201749050073
1.26933333333333,-0.117167262793448,-0.116966656045985,-0.115810888193926,-0.117435928198406
1.26966666666667,-0.117401056561753,-0.117199337907428,-0.116039677308137,-0.117670917511491
1.27,-0.117635658182239,-0.117432821467925,-0.11626925077019,-0.117906720541922
1.27033333333333,-0.117871071191463,-0.11766711022689,-0.116499611983411,-0.118143340861538
1.27066666666667,-0.118107299145104,-0.117902207702609,-0.116730764369353,-0.118380782061565
1.271,-0.118344345618094,-0.11813811743236,-0.116962711367935,-0.118619047752726
1.27133333333333,-0.118582214204728,-0.118374842972544,-0.117195456437535,-0.118858141565369
1.27166666666667,-0.118820908518807,-0.118612387898794,-0.117429003055117,-0.119098067149605
1.272,-0.119060432193755,-0.118850755806111,-0.117663354716358,-0.119338828175417
1.27233333333333,-0.119300788882732,-0.119089950308985,-0.117898514935759,-0.119580428332808
1.27266666666667,-0.119541982258785,-0.119329975041505,-0.11813448724676,-0.119822871331916
1.273,-0.11978401601496,-0.119570833657524,-0.118371275201875,-0.120066160903154
1.27333333333333,-0.120026893864444,-0.119812529830737,-0.118608882372803,-0.120310300797334
1.27366666666667,-0.120270619540675,-0.120055067254848,-0.118847312350552,-0.120555294785813
1.274,-0.120515196797501,-0.120298449643683,-0.11908656874557,-0.120801146660599
1.27433333333333,-0.120760629409285,-0.120542680731319,-0.119326655187865,-0.121047860234523
1.27466666666667,-0.121006921171057,-0.120787764272223,-0.119567575327134,-0.121295439341341
1.275,-0.121254075898647,-0.121033704041376,-0.119809332832882,-0.121543887835895
1.27533333333333,-0.121502097428805,-0.12128050383441,-0.12005193139455,-0.12179320959424
1.27566666666667,-0.121750989619356,-0.121528167467745,-0.120295374721665,-0.12204340851377
1.276,-0.122000756349325,-0.12177669877872,-0.120539666543934,-0.12229448851339
1.27633333333333,-0.122251401519081,-0.122026101625732,-0.120784810611405,-0.122546453533623
1.27666666666667,-0.122502929050477,-0.122276379888367,-0.121030810694586,-0.122799307536776
1.277,-0.122755342886985,-0.122527537467546,-0.121277670584573,-0.123053054507067
1.27733333333333,-0.123008646993841,-0.122779578285669,-0.121525394093194,-0.123307698450781
1.27766666666667,-0.123262845358192,-0.123032506286731,-0.12177398505314,-0.123563243396408
1.278,-0.123517941989235,-0.123286325436497,-0.122023447318089,-0.123819693394792
1.27833333333333,-0.123773940918354,-0.123541039722618,-0.122273784762863,-0.124077052519275
1.27866666666667,-0.124030846199287,-0.123796653154784,-0.122525001283552,-0.124335324865853
1.279,-0.124288661908249,-0.124053169764876,-0.122777100797653,-0.124594514553315
1.27933333333333,-0.1245473921441,-0.124310593607097,-0.123030087244218,-0.124854625723401
1.27966666666667,-0.124807041028478,-0.124568928758133,-0.123283964583981,-0.125115662540955
1.28,-0.125067612705959,-0.124828179317291,-0.123538736799513,-0.125377629194076
1.28033333333333,-0.125329111344215,-0.125088349406649,-0.123794407895363,-0.125640529894269
1.28066666666667,-0.125591541134146,-0.125349443171222,-0.124050981898187,-0.125904368876603
1.281,-0.125854906290055,-0.125611464779083,-0.124308462856919,-0.126169150399868
1.28133333333333,-0.126119211049788,-0.125874418421545,-0.124566854842891,-0.126434878746739
1.28166666666667,-0.126384459674901,-0.126138308313298,-0.124826161949999,-0.126701558223924
1.282,-0.126650656450811,-0.126403138692571,-0.125086388294837,-0.126969193162323
1.28233333333333,-0.12691780568696,-0.126668913821286,-0.125347538016862,-0.12723778791721
1.28266666666667,-0.127185911716967,-0.126935637985216,-0.125609615278532,-0.127507346868368
1.283,-0.127454978898795,-0.127203315494139,-0.125872624265461,-0.127777874420277
1.28333333333333,-0.127725011614913,-0.127471950682007,-0.126136569186578,-0.128049375002265
1.28366666666667,-0.12799601427246,-0.127741547907092,-0.126401454274271,-0.128321853068674
1.284,-0.128267991303406,-0.128012111552171,-0.126667283784545,-0.128595313099042
1.28433333333333,-0.128540947164724,-0.128283646024668,-0.126934061997189,-0.128869759598256
1.28466666666667,-0.128814886338548,-0.128556155756832,-0.127201793215917,-0.12914519709673
1.285,-0.129089813332356,-0.12882964520589,-0.127470481768546,-0.129421630150581
1.28533333333333,-0.129365732679127,-0.129104118854229,-0.127740132007133,-0.129699063341793
1.28566666666667,-0.12964264893752,-0.12937958120956,-0.128010748308156,-0.129977501278395
1.286,-0.129920566692043,-0.129656036805076,-0.128282335072667,-0.130256948594646
1.28633333333333,-0.130199490553226,-0.129933490199648,-0.128554896726461,-0.130537409951192
1.28666666666667,-0.130479425157806,-0.13021194597797,-0.128828437720232,-0.130818890035269
1.287,-0.130760375168887,-0.130491408750753,-0.129102962529754,-0.131101393560864
1.28733333333333,-0.131042345276134,-0.130771883154887,-0.12937847565603,-0.131384925268905
1.28766666666667,-0.131325340195946,-0.131053373853629,-0.129654981625479,-0.131669489927445
1.288,-0.131609364671638,-0.131335885536772,-0.1299324849901,-0.131955092331844
1.28833333333333,-0.131894423473613,-0.131619422920833,-0.130210990327631,-0.132241737304948
1.28866666666667,-0.13218052139957,-0.131903990749225,-0.130490502241742,-0.132529429697292
1.289,-0.132467663274665,-0.132189593792444,-0.130771025362199,-0.132818174387279
1.28933333333333,-0.132755853951716,-0.132476236848253,-0.131052564345037,-0.133107976281361
1.28966666666667,-0.133045098311369,-0.132763924741859,-0.131335123872744,-0.133398840314256
1.29,-0.133335401262317,-0.133052662326122,-0.131618708654434,-0.133690771449115
1.29033333333333,-0.133626767741465,-0.133342454481713,-0.131903323426031,-0.133983774677736
1.29066666666667,-0.133919202714135,-0.133633306117322,-0.132188972950442,-0.134277855020746
1.291,-0.134212711174265,-0.13392522216985,-0.132475662017753,-0.134573017527808
1.29133333333333,-0.134507298144591,-0.134218207604593,-0.132763395445403,-0.134869267277822
1.29166666666667,-0.134802968676853,-0.134512267415438,-0.133052178078367,-0.135166609379114
1.292,-0.135099727851998,-0.134807406625064,-0.133342014789352,-0.135465048969657
1.29233333333333,-0.135397580780365,-0.135103630285132,-0.133632910478982,-0.135764591217254
1.29266666666667,-0.135696532601907,-0.135400943476494,-0.133924870075985,-0.136065241319764
1.293,-0.135996588486378,-0.135699351309379,-0.134217898537386,-0.136367004505298
1.29333333333333,-0.136297753633547,-0.135998858923601,-0.134512000848699,-0.136669886032432
1.29366666666667,-0.136600033273406,-0.136299471488776,-0.134807182024126,-0.136973891190412
1.294,-0.136903432666368,-0.136601194204499,-0.135103447106747,-0.137279025299381
1.29433333333333,-0.137207957103496,-0.136904032300581,-0.135400801168718,-0.137585293710574
1.29466666666667,-0.137513611906689,-0.137207991037234,-0.13569924931148,-0.137892701806548
1.295,-0.137820402428921,-0.137513075705293,-0.135998796665935,-0.138201255001402
1.29533333333333,-0.138128334054445,-0.137819291626424,-0.136299448392681,-0.138510958740985
1.29566666666667,-0.138437412199005,-0.138126644153343,-0.136601209682189,-0.138821818503115
1.296,-0.138747642310064,-0.138435138670021,-0.136904085755026,-0.139133839797827
1.29633333333333,-0.139059029867024,-0.138744780591905,-0.13720808186205,-0.139447028167569
1.29666666666667,-0.139371580381435,-0.139055575366146,-0.137513203284625,-0.139761389187445
1.297,-0.139685299397239,-0.139367528471804,-0.137819455334826,-0.140076928465436
1.29733333333333,-0.140000192490986,-0.139680645420083,-0.138126843355664,-0.140393651642639
1.29766666666667,-0.140316265272055,-0.139994931754543,-0.138435372721278,-0.140711564393486
1.298,-0.140633523382899,-0.140310393051335,-0.138745048837174,-0.141030672425997
1.29833333333333,-0.140951972499262,-0.140627034919434,-0.139055877140421,-0.141350981481997
1.29866666666667,-0.141271618330423,-0.140944863000846,-0.139367863099893,-0.141672497337366
1.299,-0.141592466619422,-0.141263882970863,-0.139681012216463,-0.141995225802277
1.29933333333333,-0.141914523143304,-0.141584100538284,-0.139995330023245,-0.142319172721431
1.29966666666667,-0.142237793713363,-0.141905521445654,-0.140310822085818,-0.142644343974312
1.3,-0.142562284175366,-0.142228151469494,-0.140627494002432,-0.142970745475424
1.30033333333333,-0.142888000409805,-0.142551996420556,-0.140945351404264,-0.143298383174544
1.30066666666667,-0.143214948332152,-0.142877062144048,-0.141264399955627,-0.143627263056969
1.301,-0.143543133893093,-0.143203354519875,-0.141584645354208,-0.143957391143771
1.30133333333333,-0.143872563078782,-0.143530879462903,-0.141906093331305,-0.144288773492047
1.30166666666667,-0.144203241911084,-0.143859642923187,-0.142228749652059,-0.144621416195177
1.302,-0.144535176447846,-0.144189650886226,-0.142552620115683,-0.14495532538309
1.30233333333333,-0.14486837278313,-0.144520909373221,-0.142877710555721,-0.14529050722251
1.30266666666667,-0.145202837047493,-0.144853424441312,-0.143204026840268,-0.145626967917224
1.303,-0.145538575408226,-0.145187202183848,-0.143531574872231,-0.145964713708356
1.30333333333333,-0.145875594069627,-0.145522248730638,-0.143860360589555,-0.146303750874625
1.30366666666667,-0.146213899273263,-0.14585857024821,-0.144190389965491,-0.146644085732609
1.304,-0.146553497298236,-0.146196172940066,-0.144521669008826,-0.146985724637031
1.30433333333333,-0.146894394461447,-0.146535063046966,-0.144854203764147,-0.147328673981024
1.30466666666667,-0.147236597117871,-0.146875246847168,-0.145188000312086,-0.147672940196401
1.305,-0.147580111660827,-0.147216730656714,-0.145523064769584,-0.14801852975395
1.30533333333333,-0.147924944522249,-0.147559520829689,-0.14585940329014,-0.148365449163694
1.30566666666667,-0.148271102172978,-0.147903623758502,-0.14619702206407,-0.148713704975194
1.306,-0.148618591123022,-0.148249045874155,-0.146535927318777,-0.149063303777818
1.30633333333333,-0.148967417921848,-0.148595793646517,-0.146876125319005,-0.149414252201037
1.30666666666667,-0.149317589158669,-0.148943873584616,-0.147217622367116,-0.149766556914719
1.307,-0.149669111462718,-0.149293292236908,-0.147560424803344,-0.150120224629404
1.30733333333333,-0.150021991503551,-0.149644056191564,-0.147904539006074,-0.150475262096621
1.30766666666667,-0.150376235991328,-0.149996172076751,-0.148249971392116,-0.150831676109172
1.308,-0.150731851677113,-0.150349646560938,-0.148596728416977,-0.151189473501433
1.30833333333333,-0.15108884535316,-0.150704486353167,-0.14894481657513,-0.151548661149663
1.30866666666667,-0.151447223853234,-0.151060698203359,-0.149294242400312,-0.151909245972299
1.309,-0.151806994052885,-0.151418288902606,-0.149645012465782,-0.152271234930272
1.30933333333333,-0.152168162869762,-0.151777265283458,-0.149997133384632,-0.152634635027317
1.30966666666667,-0.152530737263927,-0.152137634220249,-0.150350611810046,-0.152999453310277
1.31,-0.152894724238154,-0.15249940262938,-0.150705454435604,-0.153365696869426
1.31033333333333,-0.153260130838247,-0.152862577469628,-0.151061667995577,-0.153733372838791
1.31066666666667,-0.153626964153346,-0.153227165742462,-0.151419259265202,-0.15410248839646
1.311,-0.153995231316252,-0.153593174492346,-0.151778235061008,-0.154473050764916
1.31133333333333,-0.154364939503736,-0.153960610807061,-0.152138602241071,-0.15484506721136
1.31166666666667,-0.15473609593688,-0.154329481818004,-0.152500367705364,-0.155218545048036
1.312,-0.155108707881371,-0.15469979470054,-0.15286353839602,-0.155593491632581
1.31233333333333,-0.155482782647863,-0.155071556674283,-0.153228121297665,-0.155969914368332
1.31266666666667,-0.155858327592281,-0.155444775003455,-0.153594123437712,-0.156347820704672
1.313,-0.156235350116169,-0.15581945699719,-0.153961551886672,-0.156727218137398
1.31333333333333,-0.156613857667014,-0.156195610009876,-0.154330413758479,-0.157108114209021
1.31366666666667,-0.156993857738599,-0.156573241441483,-0.154700716210796,-0.157490516509139
1.314,-0.157375357871333,-0.156952358737906,-0.155072466445335,-0.157874432674791
1.31433333333333,-0.157758365652597,-0.157332969391291,-0.155445671708184,-0.158259870390783
1.31466666666667,-0.1581428887171,-0.157715080940387,-0.155820339290129,-0.158646837390071
1.315,-0.158528934747215,-0.158098700970885,-0.156196476526977,-0.159035341454102
1.31533333333333,-0.158916511473352,-0.158483837115766,-0.156574090799897,-0.159425390413184
1.31566666666667,-0.159305626674294,-0.158870497055653,-0.156953189535735,-0.159816992146847
1.316,-0.15969628817757,-0.159258688519165,-0.157333780207369,-0.160210154584207
1.31633333333333,-0.160088503859813,-0.159648419283268,-0.157715870334037,-0.160604885704347
1.31666666666667,-0.160482281647124,-0.16003969717364,-0.158099467481675,-0.161001193536688
1.317,-0.160877629515449,-0.160432530065029,-0.158484579263273,-0.161399086161355
1.31733333333333,-0.161274555490939,-0.160826925881626,-0.15887121333921,-0.161798571709572
1.31766666666667,-0.161673067650336,-0.16122289259742,-0.15925937741761,-0.162199658364037
1.318,-0.162073174121345,-0.161620438236586,-0.159649079254697,-0.162602354359323
1.31833333333333,-0.162474883083021,-0.162019570873851,-0.160040326655151,-0.163006667982241
1.31866666666667,-0.162878202766146,-0.162420298634868,-0.160433127472459,-0.163412607572271
1.319,-0.16328314145363,-0.162822629696609,-0.160827489609286,-0.163820181521925
1.31933333333333,-0.163689707480892,-0.163226572287745,-0.161223421017836,-0.16422939827717
1.31966666666667,-0.164097909236257,-0.163632134689031,-0.16162092970023,-0.164640266337826
1.32,-0.164507755161362,-0.164039325233696,-0.162020023708859,-0.165052794257973
1.32033333333333,-0.164919253751545,-0.164448152307856,-0.162420711146775,-0.165466990646361
1.32066666666667,-0.165332413556269,-0.16485862435088,-0.162823000168069,-0.165882864166836
1.321,-0.165747243179519,-0.165270749855827,-0.163226898978235,-0.16630042353874
1.32133333333333,-0.166163751280207,-0.165684537369826,-0.163632415834581,-0.166719677537348
1.32166666666667,-0.166581946572611,-0.166099995494499,-0.164039559046594,-0.167140634994297
1.322,-0.167001837826773,-0.166517132886369,-0.164448336976345,-0.167563304798001
1.32233333333333,-0.167423433868941,-0.166935958257269,-0.164858758038876,-0.1679876958941
1.32266666666667,-0.167846743581983,-0.167356480374779,-0.165270830702604,-0.168413817285893
1.323,-0.168271775905824,-0.167778708062634,-0.165684563489724,-0.16884167803477
1.32333333333333,-0.168698539837878,-0.168202650201159,-0.166099964976601,-0.169271287260671
1.32366666666667,-0.169127044433494,-0.168628315727697,-0.166517043794197,-0.169702654142534
1.324,-0.169557298806397,-0.16905571363705,-0.166935808628469,-0.17013578791874
1.32433333333333,-0.16998931212912,-0.169484852981899,-0.167356268220796,-0.170570697887576
1.32466666666667,-0.170423093633482,-0.16991574287328,-0.167778431368388,-0.171007393407695
1.325,-0.170858652611013,-0.170348392480997,-0.168202306924717,-0.171445883898588
1.32533333333333,-0.171295998413443,-0.170782811034091,-0.168627903799937,-0.17188617884105
1.32566666666667,-0.171735140453131,-0.171219007821287,-0.169055230961325,-0.172328287777643
1.326,-0.172176088203569,-0.171656992191459,-0.169484297433706,-0.172772220313192
1.32633333333333,-0.172618851199815,-0.172096773554088,-0.169915112299895,-0.173217986115261
1.32666666666667,-0.17306343903901,-0.172538361379732,-0.170347684701138,-0.173665594914638
1.327,-0.173509861380811,-0.172981765200491,-0.170782023837557,-0.174115056505824
1.32733333333333,-0.173958127947918,-0.173426994610485,-0.171218138968606,-0.174566380747538
1.32766666666667,-0.174408248526532,-0.17387405926634,-0.171656039413516,-0.175019577563206
1.328,-0.17486023296687,-0.174322968887658,-0.172095734551762,-0.175474656941482
1.32833333333333,-0.175314091183636,-0.174773733257519,-0.172537233823514,-0.175931628936734
1.32866666666667,-0.175769833156545,-0.175226362222966,-0.172980546730117,-0.176390503669576
1.329,-0.176227468930829,-0.175680865695496,-0.173425682834549,-0.176851291327387
1.32933333333333,-0.176687008617721,-0.176137253651581,-0.173872651761903,-0.177314002164822
1.32966666666667,-0.177148462395008,-0.17659553613315,-0.174321463199861,-0.177778646504352
1.33,-0.177611840507521,-0.177055723248118,-0.174772126899177,-0.178245234736786
1.33033333333333,-0.178077153267669,-0.177517825170881,-0.175224652674175,-0.178713777321825
1.33066666666667,-0.178544411055977,-0.17798185214286,-0.175679050403219,-0.179184284788583
1.331,-0.179013624321607,-0.178447814473005,-0.176135330029231,-0.179656767736155
1.33133333333333,-0.179484803582902,-0.178915722538341,-0.176593501560178,-0.180131236834157
1.33166666666667,-0.179957959427934,-0.179385586784481,-0.177053575069584,-0.180607702823281
1.332,-0.180433102515044,-0.179857417726183,-0.177515560697034,-0.181086176515881
1.33233333333333,-0.180910243573402,-0.180331225947886,-0.177979468648686,-0.181566668796508
1.33266666666667,-0.181389393403568,-0.180807022104263,-0.178445309197806,-0.182049190622508
1.333,-0.181870562878046,-0.18128481692076,-0.178913092685268,-0.182533753024587
1.33333333333333,-0.18235376294186,-0.181764621194179,-0.1793828295201,-0.183020367107401
1.33366666666667,-0.18283900461313,-0.182246445793217,-0.179854530180005,-0.183509044050148
1.334,-0.183326298983651,-0.182730301659056,-0.180328205211912,-0.183999795107153
1.33433333333333,-0.183815657219468,-0.183216199805913,-0.180803865232499,-0.184492631608476
1.33466666666667,-0.184307090561477,-0.18370415132165,-0.181281520928762,-0.184987564960515
1.335,-0.184800610326021,-0.184194167368329,-0.181761183058548,-0.185484606646614
1.33533333333333,-0.185296227905482,-0.184686259182818,-0.182242862451132,-0.18598376822769
1.33566666666667,-0.185793954768898,-0.185180438077387,-0.18272657000776,-0.186485061342837
1.336,-0.186293802462567,-0.185676715440305,-0.183212316702229,-0.186988497709982
1.33633333333333,-0.186795782610662,-0.186175102736439,-0.183700113581456,-0.187494089126492
1.33666666666667,-0.187299906915873,-0.186675611507881,-0.184189971766055,-0.188001847469826
1.337,-0.187806187160019,-0.187178253374556,-0.184681902450923,-0.188511784698188
1.33733333333333,-0.18831463520468,-0.187683040034846,-0.185175916905825,-0.189023912851169
1.33766666666667,-0.18882526299186,-0.188189983266224,-0.185672026475995,-0.189538244050403
1.338,-0.189338082544609,-0.188699094925886,-0.186170242582723,-0.190054790500249
1.33833333333333,-0.189853105967691,-0.189210386951386,-0.186670576723972,-0.190573564488433
1.33866666666667,-0.190370345448244,-0.189723871361299,-0.187173040474985,-0.191094578386758
1.339,-0.190889813256437,-0.190239560255852,-0.187677645488895,-0.191617844651759
1.33933333333333,-0.191411521746142,-0.190757465817604,-0.188184403497358,-0.192143375825412
1.33966666666667,-0.191935483355618,-0.191277600312097,-0.188693326311166,-0.192671184535824
1.34,-0.192461710608199,-0.191799976088536,-0.189204425820897,-0.193201283497927
1.34033333333333,-0.192990216112965,-0.192324605580461,-0.189717713997544,-0.193733685514204
1.34066666666667,-0.193521012565463,-0.192851501306429,-0.190233202893158,-0.194268403475393
1.341,-0.194054112748395,-0.19338067587072,-0.190750904641503,-0.194805450361214
1.34133333333333,-0.194589529532333,-0.193912141964011,-0.191270831458719,-0.1953448392411
1.34166666666667,-0.195127275876436,-0.194445912364099,-0.191792995643979,-0.195886583274936
1.342,-0.195667364829171,-0.194981999936598,-0.192317409580149,-0.19643069571379
1.34233333333333,-0.196209809529056,-0.195520417635664,-0.192844085734484,-0.196977189900683
1.34266666666667,-0.196754623205373,-0.196061178504715,-0.193373036659294,-0.197526079271333
1.343,-0.197301819178938,-0.196604295677166,-0.193904274992645,-0.19807737735493
1.34333333333333,-0.19785141086284,-0.197149782377152,-0.194437813459033,-0.198631097774894
1.34366666666667,-0.198403411763194,-0.197697651920298,-0.194973664870109,-0.199187254249675
1.344,-0.198957835479923,-0.198247917714444,-0.195511842125378,-0.199745860593525
1.34433333333333,-0.199514695707519,-0.19880059326042,-0.196052358212908,-0.200306930717301
1.34466666666667,-0.200074006235822,-0.199355692152807,-0.196595226210054,-0.200870478629262
1.345,-0.200635780950821,-0.199913228080713,-0.197140459284188,-0.201436518435885
1.34533333333333,-0.201200033835434,-0.200473214828544,-0.197688070693441,-0.202005064342676
1.34566666666667,-0.201766778970322,-0.201035666276801,-0.198238073787424,-0.202576130655016
1.346,-0.202336030534697,-0.201600596402877,-0.198790482008002,-0.20314973177896
1.34633333333333,-0.202907802807136,-0.202168019281855,-0.199345308890028,-0.203725882222114
1.34666666666667,-0.203482110166417,-0.202737949087318,-0.199902568062126,-0.204304596594462
1.347,-0.204058967092341,-0.203310400092173,-0.200462273247441,-0.204885889609245
1.34733333333333,-0.204638388166584,-0.203885386669472,-0.201024438264431,-0.205469776083806
1.34766666666667,-0.205220388073548,-0.204462923293249,-0.201589077027649,-0.206056270940479
1.348,-0.20580498160121,-0.205043024539363,-0.202156203548534,-0.206645389207471
1.34833333333333,-0.206392183641998,-0.205625705086352,-0.202725831936207,-0.207237146019753
1.34866666666667,-0.206982009193666,-0.20621097971628,-0.203297976398285,-0.207831556619963
1.349,-0.207574473360177,-0.206798863315619,-0.2038726512417,-0.208428636359317
1.34933333333333,-0.208169591352593,-0.207389370876116,-0.204449870873508,-0.209028400698515
1.34966666666667,-0.208767378489974,-0.207982517495681,-0.20502964980173,-0.209630865208695
1.35,-0.209367850200297,-0.208578318379272,-0.205612002636196,-0.210236045572347
1.35033333333333,-0.209971022021366,-0.209176788839806,-0.206196944089374,-0.210843957584267
1.35066666666667,-0.210576909601747,-0.209777944299067,-0.20678448897725,-0.211454617152515
1.351,-0.211185528701698,-0.210381800288622,-0.207374652220162,-0.212068040299382
1.35133333333333,-0.211796895194121,-0.210988372450749,-0.207967448843706,-0.21268424316235
1.35166666666667,-0.212411025065514,-0.211597676539376,-0.208562893979584,-0.2133032419951
1.352,-0.213027934416938,-0.212209728421027,-0.209161002866512,-0.213925053168489
1.35233333333333,-0.213647639464984,-0.21282454407578,-0.209761790851114,-0.214549693171548
1.35266666666667,-0.21427015654277,-0.213442139598223,-0.210365273388822,-0.215177178612517
1.353,-0.214895502100924,-0.214062531198445,-0.210971466044798,-0.215807526219856
1.35333333333333,-0.215523692708584,-0.214685735203002,-0.211580384494852,-0.216440752843277
1.35366666666667,-0.216154745054427,-0.21531176805592,-0.212192044526378,-0.217076875454793
1.354,-0.216788675947679,-0.215940646319701,-0.212806462039298,-0.217715911149774
1.35433333333333,-0.217425502319145,-0.216572386676327,-0.213423653047003,-0.218357877148009
1.35466666666667,-0.218065241222274,-0.217207005928295,-0.214043633677324,-0.219002790794779
1.355,-0.21870790983418,-0.217844520999644,-0.214666420173501,-0.219650669561949
1.35533333333333,-0.219353525456735,-0.218484948936997,-0.215292028895153,-0.220301531049069
1.35566666666667,-0.220002105517637,-0.219128306910621,-0.215920476319273,-0.220955392984478
1.356,-0.220653667571481,-0.219774612215492,-0.216551779041229,-0.221612273226414
1.35633333333333,-0.221308229300872,-0.220423882272356,-0.217185953775763,-0.22227218976416
1.35666666666667,-0.221965808517529,-0.221076134628843,-0.217823017358023,-0.22293516071919
1.357,-0.222626423163398,-0.221731386960537,-0.218462986744574,-0.223601204346302
1.35733333333333,-0.223290091311788,-0.222389657072096,-0.21910587901445,-0.2242703390348
1.35766666666667,-0.223956831168506,-0.223050962898374,-0.219751711370201,-0.224942583309666
1.358,-0.224626661073012,-0.223715322505548,-0.220400501138943,-0.225617955832759
1.35833333333333,-0.22529959949959,-0.224382754092249,-0.221052265773434,-0.226296475403995
1.35866666666667,-0.22597566505851,-0.225053275990736,-0.221707022853154,-0.226978160962587
1.359,-0.226654876497228,-0.225726906668048,-0.222364790085401,-0.227663031588247
1.35933333333333,-0.227337252701578,-0.226403664727176,-0.223025585306371,-0.228351106502441
1.35966666666667,-0.228022812696989,-0.227083568908264,-0.223689426482302,-0.22904240506964
1.36,-0.228711575649703,-0.227766638089802,-0.224356331710571,-0.22973694679857
1.36033333333333,-0.229403560868023,-0.228452891289842,-0.225026319220845,-0.230434751343499
1.36066666666667,-0.230098787803546,-0.229142347667215,-0.225699407376218,-0.23113583850553
1.361,-0.230797276052433,-0.229835026522779,-0.226375614674372,-0.231840228233897
1.36133333333333,-0.231499045356687,-0.230530947300662,-0.227054959748748,-0.232547940627289
1.36166666666667,-0.232204115605441,-0.231230129589527,-0.227737461369728,-0.233258995935171
1.362,-0.232912506836245,-0.231932593123853,-0.228423138445816,-0.233973414559133
1.36233333333333,-0.233624239236394,-0.232638357785205,-0.229112010024862,-0.234691217054253
1.36266666666667,-0.234339333144254,-0.233347443603562,-0.229804095295262,-0.235412424130458
1.363,-0.235057809050595,-0.234059870758606,-0.230499413587197,-0.236137056653918
1.36333333333333,-0.235779687599954,-0.234775659581081,-0.231197984373869,-0.236865135648443
1.36366666666667,-0.236504989592002,-0.235494830554098,-0.231899827272762,-0.237596682296899
1.364,-0.237233735982918,-0.236217404314523,-0.232604962046903,-0.238331717942644
1.36433333333333,-0.237965947886803,-0.236943401654326,-0.23331340860614,-0.239070264090952
1.36466666666667,-0.238701646577072,-0.237672843521981,-0.234025187008447,-0.239812342410497
1.365,-0.2394408534879,-0.238405751023854,-0.234740317461214,-0.240557974734819
1.36533333333333,-0.240183590215645,-0.239142145425616,-0.235458820322571,-0.241307183063806
1.36566666666667,-0.240929878520312,-0.239882048153673,-0.236180716102732,-0.242059989565212
1.366,-0.241679740327023,-0.240625480796616,-0.236906025465326,-0.242816416576169
1.36633333333333,-0.242433197727513,-0.241372465106658,-0.237634769228764,-0.243576486604729
1.36666666666667,-0.243190272981608,-0.242123023001131,-0.238366968367615,-0.244340222331424
1.367,-0.24395098851876,-0.242877176563953,-0.239102644013986,-0.245107646610819
1.36733333333333,-0.244715366939579,-0.243634948047146,-0.239841817458936,-0.245878782473122
1.36766666666667,-0.245483431017378,-0.244396359872342,-0.24058451015388,-0.246653653125758
1.368,-0.246255203699738,-0.245161434632331,-0.241330743712027,-0.247432281955026
1.36833333333333,-0.247030708110087,-0.245930195092598,-0.242080539909834,-0.248214692527698
1.36866666666667,-0.247809967549309,-0.246702664192907,-0.242833920688444,-0.249000908592705
1.369,-0.248593005497351,-0.247478865048863,-0.243590908155187,-0.24979095408279
1.36933333333333,-0.249379845614848,-0.24825882095354,-0.244351524585058,-0.250584853116211
1.36966666666667,-0.250170511744788,-0.249042555379062,-0.245115792422225,-0.251382629998436
1.37,-0.250965027914169,-0.249830091978274,-0.245883734281551,-0.252184309223885
1.37033333333333,-0.251763418335681,-0.250621454586374,-0.246655372950133,-0.252989915477656
1.37066666666667,-0.25256570740942,-0.251416667222575,-0.247430731388864,-0.253799473637314
1.371,-0.253371919724587,-0.252215754091808,-0.248209832733991,-0.25461300877464
1.37133333333333,-0.254182080061252,-0.253018739586423,-0.248992700298705,-0.255430546157466
1.37166666666667,-0.254996213392088,-0.253825648287898,-0.249779357574749,-0.256252111251477
1.372,-0.255814344884162,-0.254636504968593,-0.250569828234035,-0.257077729722052
1.37233333333333,-0.25663649990072,-0.255451334593509,-0.251364136130284,-0.257907427436129
1.37266666666667,-0.257462704003003,-0.256270162322065,-0.252162305300665,-0.258741230464086
1.373,-0.258292982952086,-0.257093013509882,-0.252964359967502,-0.259579165081641
1.37333333333333,-0.259127362710719,-0.257919913710621,-0.253770324539915,-0.260421257771767
1.37366666666667,-0.259965869445206,-0.258750888677801,-0.254580223615573,-0.261267535226638
1.374,-0.260808529527298,-0.259585964366665,-0.255394081982384,-0.262118024349603
1.37433333333333,-0.261655369536104,-0.260425166936049,-0.256211924620259,-0.262972752257147
1.37466666666667,-0.262506416260026,-0.261268522750282,-0.257033776702865,-0.263831746280922
1.375,-0.263361696698708,-0.262116058381097,-0.257859663599408,-0.26469503396976
1.37533333333333,-0.264221238065016,-0.262967800609573,-0.258689610876433,-0.265562643091717
1.37566666666667,-0.265085067787029,-0.263823776428089,-0.259523644299636,-0.266434601636173
1.376,-0.265953213510073,-0.264684013042303,-0.260361789835708,-0.267310937815892
1.37633333333333,-0.266825703098733,-0.265548537873152,-0.261204073654192,-0.268191680069164
1.37666666666667,-0.267702564638942,-0.266417378558877,-0.262050522129356,-0.269076857061939
1.377,-0.268583826440052,-0.267290562957061,-0.262901161842094,-0.269966497689997
1.37733333333333,-0.269469517036939,-0.268168119146701,-0.263756019581841,-0.270860631081116
1.37766666666667,-0.270359665192141,-0.269050075430288,-0.264615122348508,-0.271759286597323
1.378,-0.271254299898011,-0.269936460335933,-0.265478497354446,-0.272662493837093
1.37833333333333,-0.272153450378885,-0.270827302619481,-0.266346172026429,-0.273570282637629
1.37866666666667,-0.273057146093291,-0.271722631266685,-0.267218174007637,-0.27448268307715
1.379,-0.273965416736173,-0.272622475495386,-0.268094531159701,-0.275399725477204
1.37933333333333,-0.274878292241134,-0.27352686475771,-0.268975271564733,-0.276321440404992
1.37966666666667,-0.275795802782718,-0.274435828742298,-0.269860423527394,-0.277247858675753
1.38,-0.276717978778705,-0.275349397376573,-0.27075001557699,-0.278179011355139
1.38033333333333,-0.27764485089243,-0.276267600829003,-0.271644076469571,-0.279114929761637
1.38066666666667,-0.27857645003515,-0.277190469511414,-0.272542635190081,-0.280055645469016
1.381,-0.279512807368393,-0.278118034081316,-0.273445720954501,-0.281001190308796
1.38133333333333,-0.28045395430639,-0.27905032544426,-0.274353363212034,-0.281951596372741
1.38166666666667,-0.281399922518478,-0.279987374756222,-0.275265591647311,-0.282906896015401
1.382,-0.282350743931578,-0.280929213426005,-0.276182436182626,-0.283867121856656
1.38233333333333,-0.283306450732652,-0.281875873117675,-0.277103926980175,-0.284832306784299
1.38266666666667,-0.284267075371248,-0.282827385753026,-0.278030094444344,-0.285802483956659
1.383,-0.285232650562003,-0.283783783514072,-0.27896096922401,-0.286777686805243
1.38333333333333,-0.286203209287239,-0.284745098845552,-0.279896582214859,-0.287757949037397
1.38366666666667,-0.287178784799541,-0.285711364457487,-0.280836964561756,-0.288743304639019
1.384,-0.288159410624382,-0.286682613327744,-0.281782147661118,-0.289733787877301
1.38433333333333,-0.289145120562797,-0.287658878704655,-0.282732163163302,-0.290729433303473
1.38466666666667,-0.290135948694038,-0.288640194109627,-0.283687042975067,-0.291730275755614
1.385,-0.291131929378315,-0.289626593339819,-0.284646819262012,-0.292736350361484
1.38533333333333,-0.292133097259523,-0.290618110470825,-0.285611524451069,-0.293747692541374
1.38566666666667,-0.293139487268022,-0.291614779859407,-0.286581191233009,-0.294764338011
1.386,-0.294151134623453,-0.292616636146234,-0.287555852565,-0.295786322784441
1.38633333333333,-0.295168074837567,-0.293623714258671,-0.288535541673153,-0.296813683177084
1.38666666666667,-0.296190343717097,-0.294636049413599,-0.289520292055144,-0.297846455808629
1.387,-0.297217977366668,-0.295653677120254,-0.290510137482832,-0.298884677606115
1.38733333333333,-0.298251012191729,-0.296676633183115,-0.291505112004903,-0.299928385806979
1.38766666666667,-0.299289484901526,-0.297704953704812,-0.292505249949574,-0.300977617962163
1.388,-0.300333432512098,-0.298738675089075,-0.293510585927302,-0.302032411939239
1.38833333333333,-0.301382892349329,-0.299777834043696,-0.294521154833533,-0.303092805925582
1.38866666666667,-0.302437902052013,-0.300822467583574,-0.29553699185147,-0.304158838431595
1.389,-0.303498499574959,-0.301872613033743,-0.296558132454897,-0.305230548293922
1.38933333333333,-0.304564723192137,-0.302928308032448,-0.297584612411008,-0.306307974678751
1.38966666666667,-0.305636611499868,-0.303989590534285,-0.298616467783282,-0.307391157085147
1.39,-0.306714203420033,-0.305056498813336,-0.299653734934387,-0.308480135348374
1.39033333333333,-0.307797538203314,-0.306129071466368,-0.300696450529126,-0.30957494964333
1.39066666666667,-0.308886655432514,-0.307207347416064,-0.301744651537393,-0.310675640487969
1.391,-0.309981595025857,-0.308291365914284,-0.302798375237191,-0.311782248746786
1.39133333333333,-0.311082397240379,-0.309381166545359,-0.303857659217655,-0.312894815634322
1.39166666666667,-0.312189102675316,-0.310476789229451,-0.304922541382151,-0.314013382718752
1.392,-0.313301752275569,-0.311578274225914,-0.305993059951355,-0.315137991925462
1.39233333333333,-0.31442038733517,-0.312685662136724,-0.307069253466416,-0.316268685540705
1.39266666666667,-0.315545049500828,-0.313798993909938,-0.308151160792122,-0.317405506215304
1.393,-0.316675780775484,-0.314918310843184,-0.309238821120137,-0.318548496968354
1.39333333333333,-0.317812623521927,-0.316043654587217,-0.310332273972225,-0.319697701191027
1.39366666666667,-0.318955620466448,-0.31717506714948,-0.311431559203563,-0.320853162650369
1.394,-0.32010481470253,-0.318312590897755,-0.312536717006061,-0.322014925493194
1.39433333333333,-0.321260249694583,-0.3194562685638,-0.313647787911721,-0.323183034249973
1.39466666666667,-0.32242196928174,-0.320606143247074,-0.314764812796056,-0.324357533838806
1.395,-0.323590017681673,-0.3217622584185,-0.315887832881526,-0.325538469569428
1.39533333333333,-0.324764439494458,-0.322924657924233,-0.317016889741017,-0.326725887147255
1.39566666666667,-0.325945279706514,-0.324093385989533,-0.318152025301378,-0.327919832677505
1.396,-0.327132583694549,-0.32526848722264,-0.319293281846977,-0.329120352669326
1.39633333333333,-0.328326397229569,-0.326450006618699,-0.320440702023304,-0.330327494040029
1.39666666666667,-0.329526766480956,-0.327637989563757,-0.321594328840636,-0.33154130411931
1.397,-0.330733738020557,-0.328832481838786,-0.322754205677711,-0.332761830653583
1.39733333333333,-0.331947358826834,-0.330033529623747,-0.32392037628546,-0.333989121810308
1.39766666666667,-0.333167676289093,-0.331241179501732,-0.325092884790817,-0.335223226182435
1.398,-0.334394738211726,-0.332455478463128,-0.326271775700489,-0.336464192792832
1.39833333333333,-0.335628592818503,-0.333676473909841,-0.327457093904868,-0.337712071098825
1.39866666666667,-0.336869288756954,-0.33490421365958,-0.328648884681917,-0.338966910996754
1.399,-0.338116875102767,-0.336138745950171,-0.329847193701141,-0.340228762826623
1.39933333333333,-0.339371401364248,-0.337380119443936,-0.331052067027583,-0.341497677376755
1.39966666666667,-0.34063291748684,-0.33862838323213,-0.332263551125879,-0.342773705888561
1.4,-0.341901473857702,-0.339883586839431,-0.333481692864362,-0.344056900061324
1.40033333333333,-0.343177121310316,-0.341145780228455,-0.334706539519199,-0.345347312057058
1.40066666666667,-0.344459911129193,-0.342415013804375,-0.335938138778599,-0.346644994505428
1.401,-0.345749895054594,-0.34369133841956,-0.337176538747057,-0.347950000508734
1.40133333333333,-0.347047125287326,-0.34497480537827,-0.33842178794964,-0.349262383646937
1.40166666666667,-0.348351654493612,-0.346265466441435,-0.339673935336354,-0.350582197982779
1.402,-0.34966353580999,-0.347563373831473,-0.340933030286537,-0.351909498066942
1.40233333333333,-0.350982822848285,-0.348868580237162,-0.342199122613301,-0.353244338943258
1.40266666666667,-0.352309569700651,-0.350181138818575,-0.34347226256805,-0.354586776154033
1.403,-0.353643830944673,-0.351501103212101,-0.344752500845039,-0.355936865745393
1.40333333333333,-0.354985661648496,-0.352828527535488,-0.346039888585984,-0.3572946642727
1.40366666666667,-0.35633511737608,-0.354163466392968,-0.347334477384729,-0.358660228806075
1.404,-0.357692254192468,-0.355505974880449,-0.348636319291986,-0.360033616935924
1.40433333333333,-0.359057128669133,-0.356856108590762,-0.349945466820093,-0.361414886778603
1.40466666666667,-0.3604297978894,-0.358213923618976,-0.35126197294789,-0.362804096982098
1.405,-0.361810319453936,-0.359579476567782,-0.352585891125583,-0.364201306731817
1.40533333333333,-0.36319875148628,-0.360952824552935,-0.353917275279712,-0.365606575756428
1.40566666666667,-0.364595152638483,-0.362334025208769,-0.355256179818193,-0.367019964333775
1.406,-0.365999582096792,-0.363723136693795,-0.35660265963536,-0.368441533296887
1.40633333333333,-0.367412099587393,-0.365120217696324,-0.357956770117131,-0.369871344040039
1.40666666666667,-0.368832765382271,-0.366525327440218,-0.359318567146212,-0.371309458524904
1.407,-0.370261640305088,-0.367938525690684,-0.360688107107344,-0.372755939286784
1.40733333333333,-0.371698785737172,-0.369359872760117,-0.362065446892651,-0.374210849440904
1.40766666666667,-0.373144263623577,-0.370789429514064,-0.363450643907034,-0.375674252688805
1.408,-0.374598136479193,-0.372227257377236,-0.364843756073632,-0.377146213324815
1.40833333333333,-0.376060467394959,-0.373673418339591,-0.366244841839347,-0.378626796242592
1.40866666666667,-0.377531320044154,-0.375127974962507,-0.36765396018045,-0.380116066941757
1.409,-0.379010758688751,-0.376590990385032,-0.369071170608241,-0.381614091534618
1.40933333333333,-0.380498848185857,-0.378062528330198,-0.370496533174788,-0.38312093675297
1.40966666666667,-0.381995653994236,-0.379542653111432,-0.371930108478728,-0.384636669954991
1.41,-0.383501242180929,-0.381031429639046,-0.373371957671159,-0.386161359132222
1.41033333333333,-0.385015679427918,-0.382528923426793,-0.374822142461573,-0.387695072916629
1.41066666666667,-0.386539033038929,-0.38403520059854,-0.376280725123908,-0.389237880587782
1.411,-0.388071370946268,-0.385550327894973,-0.377747768502615,-0.390789852080102
1.41133333333333,-0.389612761717788,-0.387074372680456,-0.37922333601886,-0.392351057990206
1.41166666666667,-0.391163274563903,-0.388607402949911,-0.380707491676761,-0.393921569584359
1.412,-0.392722979344747,-0.390149487335828,-0.382200300069743,-0.395501458806011
1.41233333333333,-0.394291946577349,-0.391700695115355,-0.383701826386915,-0.397090798283439
1.41266666666667,-0.39587024744299,-0.393261096217484,-0.385212136419579,-0.398689661337494
1.413,-0.397457953794559,-0.394830761230299,-0.386731296567815,-0.400298121989425
1.41333333333333,-0.399055138164092,-0.396409761408366,-0.388259373847106,-0.401916254968846
1.41366666666667,-0.400661873770338,-0.397998168680183,-0.389796435895097,-0.403544135721758
1.414,-0.40227823452648,-0.399596055655735,-0.391342550978414,-0.405181840418729
1.41433333333333,-0.403904295047894,-0.401203495634153,-0.392897787999573,-0.406829445963141
1.41466666666667,-0.405540130660071,-0.402820562611472,-0.394462216503967,-0.408487029999558
1.415,-0.407185817406606,-0.404447331288477,-0.396035906686979,-0.410154670922227
1.41533333333333,-0.408841432057284,-0.40608387707867,-0.397618929401115,-0.411832447883646
1.41566666666667,-0.410507052116299,-0.407730276116323,-0.399211356163316,-0.413520440803294
1.416,-0.412182755830572,-0.409386605264655,-0.400813259162282,-0.415218730376438
1.41633333333333,-0.413868622198146,-0.411052942124102,-0.40242471126594,-0.41692739808309
1.41666666666667,-0.415564730976742,-0.412729365040691,-0.404045786028993,-0.418646526197059
1.417,-0.41727116269239,-0.414415953114546,-0.405676557700559,-0.420376197795133
1.41733333333333,-0.418987998648183,-0.416112786208489,-0.40731710123191,-0.422116496766381
1.41766666666667,-0.42071532093315,-0.41781994495675,-0.40896749228433,-0.423867507821596
1.418,-0.422453212431251,-0.419537510773815,-0.410627807237032,-0.425629316502841
1.41833333333333,-0.42420175683047,-0.421265565863359,-0.412298123195233,-0.42740200919313
1.41866666666667,-0.425961038632046,-0.423004193227332,-0.413978517998274,-0.429185673126261
1.419,-0.427731143159825,-0.424753476675141,-0.415669070227892,-0.430980396396742
1.41933333333333,-0.429512156569729,-0.426513500832956,-0.41736985921657,-0.432786267969903
1.41966666666667,-0.431304165859353,-0.428284351153159,-0.419080965056013,-0.434603377692086
1.42,-0.433107258877693,-0.430066113923896,-0.420802468605728,-0.436431816301027
1.42033333333333,-0.434921524335002,-0.431858876278764,-0.422534451501699,-0.438271675436347
1.42066666666667,-0.436747051812768,-0.433662726206646,-0.424276996165208,-0.440123047650197
1.421,-0.438583931773852,-0.435477752561657,-0.426030185811749,-0.441986026418046
1.42133333333333,-0.440432255572715,-0.437304045073208,-0.427794104460051,-0.44386070614962
1.42166666666667,-0.44229211546585,-0.439141694356273,-0.429568836941247,-0.445747182199986
1.422,-0.444163604622277,-0.4409907919217,-0.43135446890814,-0.447645550880807
1.42233333333333,-0.44604681713424,-0.442851430186742,-0.433151086844589,-0.449555909471699
1.42266666666667,-0.447941848028021,-0.444723702485691,-0.434958778075047,-0.451478356231827
1.423,-0.449848793274903,-0.446607703080661,-0.436777630774186,-0.453412990411588
1.42333333333333,-0.451767749802283,-0.448503527172519,-0.438607733976672,-0.455359912264491
1.42366666666667,-0.453698815504939,-0.450411270911984,-0.440449177587075,-0.457319223059203
1.424,-0.455642089256448,-0.452331031410837,-0.442302052389888,-0.459291025091733
1.42433333333333,-0.457597670920744,-0.454262906753324,-0.444166450059699,-0.461275421697841
1.42466666666667,-0.459565661363871,-0.456206996007693,-0.446042463171486,-0.463272517265548
1.425,-0.461546162465855,-0.458163399237902,-0.447930185211056,-0.465282417247896
1.42533333333333,-0.463539277132767,-0.460132217515474,-0.449829710585615,-0.467305228175822
1.42566666666667,-0.465545109308934,-0.462113552931516,-0.451741134634495,-0.469341057671254
1.426,-0.467563763989323,-0.464107508608942,-0.453664553639998,-0.471390014460382
1.42633333333333,-0.469595347232114,-0.466114188714787,-0.455600064838422,-0.473452208387091
1.42666666666667,-0.471639966171399,-0.468133698472782,-0.457547766431194,-0.475527750426638
1.427,-0.473697729030122,-0.470166144176031,-0.459507757596189,-0.477616752699454
1.42733333333333,-0.475768745133126,-0.472211633199908,-0.461480138499171,-0.479719328485196
1.42766666666667,-0.477853124920453,-0.474270274015111,-0.463465010305417,-0.48183559223699
1.428,-0.479950979960758,-0.476342176200911,-0.465462475191477,-0.483965659595834
1.42833333333333,-0.482062422964966,-0.47842745045858,-0.467472636357093,-0.486109647405264
1.42866666666667,-0.484187567800096,-0.480526208625,-0.469495598037303,-0.48826767372619
1.429,-0.486326529503271,-0.482638563686495,-0.471531465514681,-0.490439857851977
1.42933333333333,-0.488479424295925,-0.484764629792798,-0.473580345131752,-0.492626320323689
1.42966666666667,-0.490646369598243,-0.486904522271289,-0.475642344303598,-0.494827182945627
1.43,-0.492827484043744,-0.48905835764136,-0.477717571530602,-0.497042568801011
1.43033333333333,-0.495022887494125,-0.491226253629045,-0.479806136411381,-0.499272602267958
1.43066666666667,-0.497232701054273,-0.493408329181827,-0.481908149655914,-0.501517409035642
1.431,-0.499457047087525,-0.495604704483642,-0.484023723098815,-0.503777116120706
1.43133333333333,-0.501696049231102,-0.497815500970133,-0.486152969712821,-0.50605185188393
1.43166666666667,-0.503949832411799,-0.500040841344095,-0.488296003622436,-0.508341746047089
1.432,-0.50621852286188,-0.502280849591146,-0.490452940117812,-0.510646929710137
1.43233333333333,-0.508502248135203,-0.504535650995623,-0.492623895668739,-0.512967535368546
1.43266666666667,-0.510801137123561,-0.506805372156719,-0.494808987938931,-0.515303696930989
1.433,-0.513115320073285,-0.509090141004816,-0.497008335800423,-0.51765554973722
1.43333333333333,-0.515444928602055,-0.511390086818096,-0.499222059348204,-0.52002323057624
1.43366666666667,-0.51779009571597,-0.513705340239368,-0.501450279915083,-0.522406877704737
1.434,-0.52015095582685,-0.516036033293139,-0.503693120086698,-0.524806630865777
1.43433333333333,-0.522527644769804,-0.518382299402935,-0.505950703716789,-0.527222631307793
1.43466666666667,-0.524920299821024,-0.520744273408872,-0.508223155942648,-0.52965502180384
1.435,-0.527329059715873,-0.523122091585488,-0.510510603200828,-0.532103946671148
1.43533333333333,-0.52975406466719,-0.52551589165983,-0.512813173243014,-0.534569551790947
1.43566666666667,-0.532195456383899,-0.527925812829799,-0.515130995152179,-0.537051984628606
1.436,-0.534653378089874,-0.530351995782774,-0.517464199358916,-0.539551394254074
1.43633333333333,-0.53712797454305,-0.532794582714506,-0.519812917658043,-0.542067931362591
1.43666666666667,-0.539619392054877,-0.535253717348276,-0.522177283225399,-0.544601748295773
1.437,-0.542127778509994,-0.537729544954373,-0.524557430634938,-0.547152999062956
1.43733333333333,-0.544653283386214,-0.540222212369791,-0.526953495875986,-0.549721839362872
1.43766666666667,-0.54719605777481,-0.542731868018288,-0.529365616370821,-0.552308426605696
1.438,-0.549756254401105,-0.545258661930708,-0.531793930992459,-0.554912919935355
1.43833333333333,-0.55233402764532,-0.547802745765601,-0.534238580082698,-0.557535480252239
1.43866666666667,-0.554929533563794,-0.550364272830152,-0.536699705470434,-0.560176270236219
1.439,-0.557542929910461,-0.552943398101433,-0.539177450490232,-0.562835454370035
1.43933333333333,-0.560174376158671,-0.555540278247967,-0.541671960001151,-0.565513198963013
1.43966666666667,-0.562824033523337,-0.558155071651597,-0.544183380405875,-0.568209672175181
1.44,-0.565492064983401,-0.560787938429722,-0.54671185967008,-0.570925044041735
1.44033333333333,-0.56817863530463,-0.563439040457804,-0.549257547342092,-0.573659486497862
1.44066666666667,-0.570883911062773,-0.566108541392288,-0.551820594572853,-0.576413173403989
1.441,-0.573608060667034,-0.568796606693812,-0.554401154136139,-0.579186280571382
1.44133333333333,-0.576351254383913,-0.571503403650783,-0.556999380449097,-0.581978985788148
1.44166666666667,-0.579113664361421,-0.574229101403323,-0.559615429593082,-0.58479146884566
1.442,-0.581895464653617,-0.576973870967559,-0.562249459334775,-0.587623911565363
1.44233333333333,-0.584696831245541,-0.579737885260289,-0.564901629147619,-0.590476497826018
1.44266666666667,-0.587517942078537,-0.582521319124027,-0.567572100233594,-0.593349413591357
1.443,-0.590358977075916,-0.585324349352437,-0.570261035545271,-0.59624284693818
1.44333333333333,-0.593220118169053,-0.588147154716127,-0.572968599808209,-0.599156988084883
1.44366666666667,-0.596101549323845,-0.59098991598887,-0.575694959543677,-0.602092029420424
1.444,-0.599003456567589,-0.593852815974215,-0.578440283091736,-0.605048165533789
1.44433333333333,-0.601926028016259,-0.596736039532494,-0.581204740634599,-0.608025593243839
1.44466666666667,-0.604869453902221,-0.599639773608284,-0.58398850422042,-0.611024511629725
1.445,-0.607833926602342,-0.602564207258238,-0.586791747787351,-0.614045122061715
1.44533333333333,-0.610819640666537,-0.605509531679388,-0.589614647188023,-0.617087628232514
1.44566666666667,-0.613826792846775,-0.608475940237889,-0.592457380214351,-0.62015223618913
1.446,-0.616855582126517,-0.611463628498174,-0.595320126622742,-0.623239154365201
1.44633333333333,-0.619906209750583,-0.614472794252591,-0.598203068159619,-0.626348593613841
1.44666666666667,-0.622978879255536,-0.617503637551503,-0.601106388587404,-0.62948076724103
1.447,-0.626073796500479,-0.620556360733856,-0.60403027371084,-0.632635891039543
1.44733333333333,-0.629191169698362,-0.6236311684582,-0.606974911403707,-0.635814183323384
1.44766666666667,-0.632331209447774,-0.626728267734254,-0.609940491635979,-0.639015864962823
1.448,-0.63549412876522,-0.629847867954906,-0.612927206501335,-0.642241159419972
1.44833333333333,-0.638680143117892,-0.632990180928752,-0.615935250245145,-0.64549029278493
1.44866666666667,-0.64188947045698,-0.636155420913154,-0.618964819292815,-0.648763493812538
1.449,-0.645122331251499,-0.639343804647808,-0.622016112278631,-0.652060993959707
1.44933333333333,-0.648378948522605,-0.642555551388834,-0.625089330074968,-0.655383027423366
1.44966666666667,-0.651659547878503,-0.645790882943441,-0.628184675822015,-0.658729831179024
1.45,-0.6549643575499,-0.649050023705124,-0.63130235495789,-0.662101645019977
1.45033333333333,-0.658293608425971,-0.652333200689414,-0.634442575249257,-0.665498711597126
1.45066666666667,-0.661647534090946,-0.655640643570231,-0.637605546822396,-0.668921276459478
1.451,-0.665026370861265,-0.658972584716794,-0.640791482194751,-0.672369588095313
1.45133333333333,-0.668430357823282,-0.662329259231124,-0.644000596306948,-0.675843897974001
1.45166666666667,-0.671859736871642,-0.665710904986191,-0.647233106555349,-0.679344460588553
1.452,-0.675314752748217,-0.669117762664627,-0.650489232825052,-0.682871533498838
1.45233333333333,-0.678795653081659,-0.67255007579808,-0.653769197523435,-0.68642537737554
1.45266666666667,-0.682302688427637,-0.676008090807235,-0.657073225614206,-0.690006256044852
1.453,-0.685836112309682,-0.679492057042473,-0.660401544652019,-0.693614436533887
1.45333333333333,-0.689396181260673,-0.683002226825145,-0.663754384817543,-0.697250189116897
1.45366666666667,-0.692983154865054,-0.686538855489616,-0.667131978953168,-0.700913787362213
1.454,-0.696597295801668,-0.690102201425901,-0.670534562599225,-0.704605508180013
1.45433333333333,-0.700238869887319,-0.693692526123063,-0.673962374030758,-0.708325631870879
1.45466666666667,-0.703908146121036,-0.697310094213314,-0.677415654294918,-0.712074442175174
1.455,-0.707605396729068,-0.700955173516818,-0.680894647248897,-0.715852226323275
1.45533333333333,-0.711330897210564,-0.704628035087266,-0.684399599598478,-0.719659275086613
1.45566666666667,-0.715084926384068,-0.70832895325818,-0.687930760937204,-0.723495882829634
1.456,-0.718867766434735,-0.712058205690028,-0.691488383786161,-0.727362347562626
1.45633333333333,-0.7226797029623,-0.71581607341805,-0.695072723634357,-0.731258970995421
1.45666666666667,-0.726521025029915,-0.719602840900972,-0.698684038979798,-0.73518605859207
1.457,-0.730392025213701,-0.72341879607046,-0.702322591371168,-0.739143919626415
1.45733333333333,-0.734292999653145,-0.72726423038144,-0.705988645450191,-0.74313286723862
1.45766666666667,-0.738224248102394,-0.731139438863267,-0.709682468994688,-0.747153218492735
1.458,-0.742186073982311,-0.735044720171731,-0.713404332962287,-0.751205294435168
1.45833333333333,-0.746178784433425,-0.738980376641964,-0.717154511534843,-0.755289420154228
1.45866666666667,-0.750202690369798,-0.742946714342232,-0.720933282163601,-0.759405924840695
1.459,-0.754258106533765,-0.746944043128641,-0.724740925615044,-0.763555141849452
1.45933333333333,-0.75834535155155,-0.750972676700762,-0.728577726017494,-0.767737408762156
1.45966666666667,-0.762464747989913,-0.755032932658246,-0.732443970908489,-0.77195306745107
1.46,-0.766616622413643,-0.75912513255834,-0.736339951282894,-0.776202464143952
1.46033333333333,-0.770801305444084,-0.763249601974441,-0.740265961641796,-0.780485949490123
1.46066666666667,-0.775019131818636,-0.767406670555648,-0.744222300042224,-0.784803878627711
1.461,-0.779270440451261,-0.771596672087308,-0.74820926814765,-0.789156611252055
1.46133333333333,-0.783555574493987,-0.775819944552634,-0.752227171279297,-0.793544511685323
1.46166666666667,-0.787874881399511,-0.780076830195391,-0.75627631846836,-0.7979679489474
1.462,-0.792228712984835,-0.784367675583648,-0.760357022508991,-0.802427296828025
1.46233333333333,-0.796617425495977,-0.788692831674647,-0.764469600012207,-0.806922933960189
1.46266666666667,-0.80104137967383,-0.793052653880819,-0.768614371460686,-0.811455243894891
1.463,-0.805500940821101,-0.797447502136917,-0.772791661264448,-0.816024615177217
1.46333333333333,-0.809996478870438,-0.801877740968352,-0.77700179781745,-0.820631441423777
1.46366666666667,-0.814528368453727,-0.80634373956073,-0.781245113555163,-0.825276121401583
1.464,-0.819096988972563,-0.810845871830589,-0.785521945013047,-0.829959059108297
1.46433333333333,-0.823702724669964,-0.815384516497391,-0.789832632886026,-0.834680663853976
1.46466666666667,-0.82834596470331,-0.819960057156808,-0.794177522088966,-0.839441350344305
1.465,-0.833027103218568,-0.824572882355291,-0.798556961818151,-0.844241538765316
1.46533333333333,-0.837746539425805,-0.829223385665933,-0.802971305613765,-0.849081654869688
1.46566666666667,-0.84250467767601,-0.833911965765751,-0.807420911423481,-0.853962130064634
1.466,-0.847301927539277,-0.838639026514283,-0.811906141667043,-0.858883401501373
1.46633333333333,-0.852138703884335,-0.84340497703363,-0.816427363302005,-0.863845912166248
1.46666666666667,-0.857015426959526,-0.848210231789915,-0.820984947890539,-0.86885011097361
1.467,-0.861932522475148,-0.853055210676226,-0.825579271667398,-0.873896452860302
1.46733333333333,-0.866890421687294,-0.857940339097021,-0.830210715608987,-0.878985398881977
1.46766666666667,-0.871889561483167,-0.862866048054098,-0.834879665503675,-0.884117416311195
1.468,-0.876930384467924,-0.86783277423411,-0.839586512023266,-0.889292978737374
1.46833333333333,-0.882013339053018,-0.872840960097641,-0.84433165079566,-0.894512566168523
1.46866666666667,-0.887138879546181,-0.877891053969955,-0.849115482478836,-0.89977666513502
1.469,-0.89230746624297,-0.882983510133365,-0.853938412836031,-0.905085768795238
1.46933333333333,-0.897519565519967,-0.888118788921304,-0.858800852812235,-0.910440377043197
1.46966666666667,-0.90277564992966,-0.89329735681412,-0.86370321861203,-0.915840996618273
1.47,-0.908076198297031,-0.898519686536657,-0.868645931778734,-0.921288141216978
1.47033333333333,-0.91342169581787,-0.903786257157586,-0.87362941927492,-0.926782331606835
1.47066666666667,-0.918812634158903,-0.909097554190627,-0.878654113564361,-0.932324095742482
1.471,-0.924249511559712,-0.914454069697626,-0.883720452695375,-0.93791396888397
1.47133333333333,-0.929732832936499,-0.919856302393528,-0.888828880385599,-0.943552493717293
1.47166666666667,-0.935263109987776,-0.925304757753346,-0.893979846108312,-0.949240220477314
1.472,-0.940840861301951,-0.930799948121112,-0.899173805180196,-0.954977707073002
1.47233333333333,-0.946466612466915,-0.93634239282085,-0.904411218850658,-0.960765519215102
1.47266666666667,-0.952140896181616,-0.941932618269665,-0.909692554392753,-0.966604230546292
1.473,-0.957864252369702,-0.947571158092958,-0.915018285195679,-0.972494422773891
1.47333333333333,-0.963637228295252,-0.953258553241776,-0.920388890858889,-0.978436685805079
1.47366666666667,-0.969460378680652,-0.958995352112457,-0.92580485728791,-0.984431617884853
1.474,-0.975334265826679,-0.964782110668481,-0.931266676791843,-0.990479825736635
1.47433333333333,-0.981259459734757,-0.970619392564674,-0.936774848182563,-0.99658192470563
1.47466666666667,-0.987236538231565,-0.976507769273777,-0.942329876875762,-1.00273853890506
1.475,-0.993266087095921,-0.982447820215423,-0.947932274993723,-1.00895030136527
1.47533333333333,-0.999348700188047,-0.988440132887611,-0.953582561469956,-1.0152178541857
1.47566666666667,-1.00548497958131,-0.994485303000703,-0.959281262155735,-1.02154184869008
1.476,-1.01167553569636,-1.000583934614,-0.965028909928526,-1.02792294558449
1.47633333333333,-1.01792098743787,-1.00673664027493,-0.970826044802368,-1.03436181511871
1.47666666666667,-1.02422196233384,-1.01294404116102,-0.976673214040263,-1.0408591372508
1.477,-1.0305790966775,-1.01920676722454,-0.982570972268609,-1.04741560181492
1.47733333333333,-1.03699303567199,-1.02552545733999,-0.988519881593642,-1.05403190869256
1.47766666666667,-1.04346443357775,-1.03190075945453,-0.994520511720122,-1.0607087679873
1.478,-1.04999395386268,-1.03833333074126,-1.00057344007204,-1.06744690020296
1.47833333333333,-1.0565822693553,-1.04482383775557,-1.00667925191564,-1.07424703642553
1.47866666666667,-1.0632300624007,-1.0513729565946,-1.01283854048464,-1.08110991850865
1.479,-1.06993802501964,-1.05798137305977,-1.0190519071078,-1.08803629926301
1.47933333333333,-1.07670685907058,-1.06464978282257,-1.02531996133873,-1.09502694264957
1.47966666666667,-1.08353727641492,-1.07137889159368,-1.03164332108822,-1.10208262397667
1.48,-1.09042999908551,-1.07816941529542,-1.038022612759,-1.1092041301014
1.48033333333333,-1.09738575945822,-1.08502208023756,-1.04445847138284,-1.11639225963488
1.48066666666667,-1.10440530042712,-1.09193762329688,-1.05095154076048,-1.12364782315196
1.481,-1.11148937558289,-1.09891679210006,-1.05750247360384,-1.13097164340523
1.48133333333333,-1.11863874939478,-1.10596034521045,-1.06411193168118,-1.13836455554344
1.48166666666667,-1.12585419739618,-1.11306905231851,-1.07078058596474,-1.14582740733451
1.482,-1.13313650637379,-1.12024369443616,-1.07750911678136,-1.15336105939323
1.48233333333333,-1.14048647456056,-1.12748506409497,-1.0842982139657,-1.16096638541365
1.48266666666667,-1.14790491183239,-1.13479396554857,-1.09114857701655,-1.16864427240645
1.483,-1.15539263990883,-1.14217121497897,-1.09806091525603,-1.17639562094129
1.48333333333333,-1.16295049255765,-1.14961764070723,-1.1050359479917,-1.1842213453942
1.48366666666667,-1.17057931580358,-1.15713408340846,-1.11207440468189,-1.19212237420035
1.484,-1.17827996814117,-1.16472139633112,-1.11917702510411,-1.20009965011209
1.48433333333333,-1.1860533207519,-1.17238044552099,-1.12634455952667,-1.2081541304625
1.48466666666667,-1.19390025772574,-1.18011211004964,-1.13357776888355,-1.2162867874346
1.485,-1.20182167628704,-1.18791728224769,-1.14087742495272,-1.22449860833634
1.48533333333333,-1.20981848702503,-1.19579686794292,-1.14824431053773,-1.23279059588138
1.48566666666667,-1.21789161412904,-1.20375178670332,-1.15567921965296,-1.24116376847605
1.486,-1.22604199562842,-1.21178297208523,-1.16318295771231,-1.24961916051246
1.48633333333333,-1.23427058363729,-1.21989137188657,-1.17075634172161,-1.25815782266783
1.48666666666667,-1.24257834460443,-1.22807794840559,-1.17840020047473,-1.26678082221053
1.487,-1.25096625956809,-1.23634367870486,-1.18611537475348,-1.27548924331256
1.48733333333333,-1.25943532441614,-1.2446895548809,-1.19390271753147,-1.28428418736896
1.48766666666667,-1.2679865501515,-1.25311658433952,-1.20176309418186,-1.29316677332412
1.488,-1.27662096316308,-1.26162579007699,-1.20969738268926,-1.30213813800533
1.48833333333333,-1.28533960550216,-1.27021821096711,-1.21770647386564,-1.31119943646351
1.48866666666667,-1.29414353516472,-1.27889490205454,-1.2257912715707,-1.32035184232155
1.489,-1.30303382637935,-1.28765693485419,-1.23395269293634,-1.32959654813027
1.48933333333333,-1.31201156990134,-1.29650539765715,-1.24219166859574,-1.33893476573218
1.48966666666667,-1.32107787331276,-1.30544139584315,-1.25050914291686,-1.34836772663347
1.49,-1.33023386132887,-1.31446605219969,-1.25890607424063,-1.35789668238403
1.49033333333333,-1.33948067611085,-1.32358050724806,-1.2673834351238,-1.3675229049661
1.49066666666667,-1.34881947758517,-1.3327859195764,-1.27594221258671,-1.37724768719137
1.491,-1.35825144376958,-1.34208346617999,-1.28458340836593,-1.38707234310722
1.49133333333333,-1.36777777110597,-1.35147434280876,-1.29330803917199,-1.39699820841172
1.49166666666667,-1.3773996748003,-1.36095976432261,-1.30211713695222,-1.40702664087819
1.492,-1.38711838916962,-1.37054096505417,-1.31101174915894,-1.41715902078914
1.49233333333333,-1.39693516799643,-1.38021919917965,-1.31999293902293,-1.42739675137996
1.49266666666667,-1.40685128489069,-1.38999574109776,-1.32906178583257,-1.43774125929271
1.493,-1.4168680336593,-1.39987188581682,-1.33821938521844,-1.44819399504
1.49333333333333,-1.42698672868359,-1.40984894935049,-1.3474668494438,-1.45875643347944
1.49366666666667,-1.43720870530483,-1.41992826912209,-1.35680530770087,-1.46943007429878
1.494,-1.44753532021794,-1.43011120437785,-1.36623590641325,-1.4802164425121
1.49433333333333,-1.45796795187357,-1.44039913660923,-1.37575980954427,-1.49111708896708
1.49466666666667,-1.46850800088895,-1.45079346998459,-1.38537819891189,-1.50213359086406
1.495,-1.47915689046741,-1.46129563179042,-1.3950922745098,-1.51326755228662
1.49533333333333,-1.48991606682692,-1.47190707288219,-1.40490325483523,-1.52452060474441
1.49566666666667,-1.50078699963796,-1.48262926814541,-1.41481237722339,-1.53589440772831
1.496,-1.51177118247073,-1.49346371696672,-1.4248208981888,-1.54739064927818
1.49633333333333,-1.52287013325206,-1.50441194371554,-1.43493009377364,-1.55901104656364
1.49666666666667,-1.53408539473211,-1.51547549823638,-1.44514125990321,-1.57075734647802
1.497,-1.54541853496133,-1.52665595635216,-1.45545571274885,-1.58263132624599
1.49733333333333,-1.55687114777756,-1.53795492037862,-1.4658747890981,-1.59463479404495
1.49766666666667,-1.56844485330386,-1.54937401965038,-1.47639984673281,-1.60676958964068
1.498,-1.58014129845699,-1.56091491105854,-1.48703226481478,-1.61903758503749
1.49833333333333,-1.59196215746707,-1.57257927960039,-1.4977734442796,-1.63144068514323
1.49866666666667,-1.60390913240845,-1.58436883894131,-1.50862480823852,-1.64398082844951
1.499,-1.61598395374218,-1.59628533198932,-1.51958780238873,-1.65665998772741
1.49933333333333,-1.62818838087016,-1.60833053148232,-1.53066389543206,-1.66948017073902
1.49966666666667,-1.6405242027016,-1.6205062405885,-1.54185457950253,-1.68244342096532
1.5,-1.65299323823154,-1.63281429352024,-1.55316137060266,-1.69555181835054
1.50033333333333,-1.66559733713216,-1.64525655616148,-1.56458580904886,-1.70880748006342
1.50066666666667,-1.67833838035684,-1.65783492670928,-1.57612945992617,-1.72221256127586
1.501,-1.69121828075756,-1.67055133632964,-1.58779391355244,-1.73576925595914
1.50133333333333,-1.7042389837154,-1.68340774982774,-1.59958078595204,-1.74947979769812
1.50166666666667,-1.71740246778512,-1.69640616633325,-1.61149171933962,-1.76334646052384
1.502,-1.7307107453536,-1.7095486200009,-1.62352838261392,-1.777371559765
1.50233333333333,-1.74416586331246,-1.72283718072624,-1.63569247186161,-1.7915574529182
1.50266666666667,-1.75776990374551,-1.73627395487765,-1.64798571087199,-1.80590654053808
1.503,-1.7715249846309,-1.74986108604417,-1.66040985166209,-1.82042126714692
1.50333333333333,-1.78543326055851,-1.7636007557999,-1.67296667501274,-1.83510412216457
1.50366666666667,-1.79949692346286,-1.77749518448519,-1.68565799101588,-1.84995764085898
1.504,-1.8137182033719,-1.79154663200488,-1.69848563963312,-1.86498440531759
1.50433333333333,-1.82809936917159,-1.80575739864384,-1.71145149126579,-1.88018704543983
1.50466666666667,-1.84264272938719,-1.82012982590036,-1.72455744733689,-1.89556823995136
1.505,-1.85735063298115,-1.8346662973375,-1.73780544088505,-1.91113071744018
1.50533333333333,-1.87222547016784,-1.84936923945255,-1.75119743717049,-1.92687725741477
1.50566666666667,-1.88726967324586,-1.86424112256537,-1.76473543429372,-1.94281069138504
1.506,-1.90248571744762,-1.8792844617254,-1.77842146382667,-1.95893390396581
1.50633333333333,-1.91787612180701,-1.8945018176378,-1.79225759145674,-1.97524983400343
1.50666666666667,-1.93344345004516,-1.90989579760923,-1.80624591764398,-1.99176147572579
1.507,-1.94919031147465,-1.92546905651309,-1.82038857829165,-2.00847187991576
1.50733333333333,-1.96511936192235,-1.9412242977746,-1.83468774542997,-2.0253841551083
1.50766666666667,-1.98123330467131,-1.9571642743763,-1.84914562791403,-2.04250146881155
1.508,-1.99753489142193,-1.9732917898837,-1.86376447213529,-2.05982704875198
1.50833333333333,-2.01402692327232,-1.98960969949137,-1.87854656274732,-2.07736418414335
1.50866666666667,-2.0307122517187,-2.00612091108993,-1.89349422340587,-2.09511622698018
1.509,-2.04759377967535,-2.02282838635366,-1.90860981752331,-2.11308659335506
1.50933333333333,-2.06467446251484,-2.03973514184909,-1.92389574903785,-2.13127876480023
1.50966666666667,-2.08195730912838,-2.05684425016462,-1.93935446319753,-2.14969628965303
1.51,-2.09944538300667,-2.07415884106114,-1.95498844735919,-2.16834278444523
1.51033333333333,-2.11714180334102,-2.0916821026435,-1.97080023180245,-2.18722193531576
1.51066666666667,-2.13504974614532,-2.10941728255322,-1.98679239055905,-2.20633749944682
1.511,-2.15317244539844,-2.12736768918185,-2.00296754225754,-2.22569330652275
1.51133333333333,-2.17151319420728,-2.14553669290492,-2.01932835098309,-2.24529326021105
1.51166666666667,-2.1900753459906,-2.16392772733669,-2.0358775271532,-2.26514133966526
1.512,-2.20886231568315,-2.18254429060471,-2.0526178284086,-2.28524160104868
1.51233333333333,-2.22787758096031,-2.20138994664427,-2.06955206051971,-2.30559817907809
1.51266666666667,-2.24712468348308,-2.22046832651238,-2.08668307830881,-2.32621528858682
1.513,-2.26660723016284,-2.23978312972033,-2.1040137865874,-2.34709722610544
1.51333333333333,-2.28632889444593,-2.25933812558442,-2.12154714110908,-2.3682483714593
1.51366666666667,-2.30629341761735,-2.27913715459418,-2.13928614953754,-2.38967318938105
1.514,-2.32650461012365,-2.29918412979723,-2.15723387242988,-2.4113762311369
1.51433333333333,-2.34696635291351,-2.31948303819936,-2.17539342423437,-2.43336213616404
1.51466666666667,-2.36768259879645,-2.34003794217934,-2.19376797430314,-2.45563563371781
1.515,-2.38865737381807,-2.36085298091663,-2.21236074791891,-2.47820154452585
1.51533333333333,-2.40989477865131,-2.38193237183078,-2.23117502733558,-2.50106478244651
1.51566666666667,-2.43139899000265,-2.40328041203087,-2.25021415283228,-2.5242303561289
1.516,-2.45317426203224,-2.42490147977311,-2.2694815237802,-2.54770337067116
1.51633333333333,-2.47522492778619,-2.4468000359243,-2.28898059972156,-2.57148902927295
1.51666666666667,-2.49755540064028,-2.46898062542951,-2.30871490146024,-2.59559263487911
1.517,-2.52017017575271,-2.49144787878063,-2.32868801216297,-2.62001959180889
1.51733333333333,-2.54307383152451,-2.51420651348342,-2.34890357847019,-2.64477540736696
1.51766666666667,-2.56627103106555,-2.53726133552012,-2.369365311616,-2.66986569343036
1.518,-2.58976652366344,-2.56061724080356,-2.3900769885552,-2.6952961680055
1.51833333333333,-2.61356514625326,-2.58427921661943,-2.41104245309683,-2.72107265674906
1.51866666666667,-2.63767182488512,-2.60825234305262,-2.43226561704251,-2.74720109444578
1.519,-2.66209157618646,-2.63254179439266,-2.45375046132798,-2.77368752643552
1.51933333333333,-2.68682950881541,-2.6571528405134,-2.47550103716581,-2.80053810998081
1.51966666666667,-2.71189082490224,-2.68209084822181,-2.49752146718791,-2.8277591155669
1.52,-2.73728082147347,-2.70736128256897,-2.51981594658474,-2.85535692812297
1.52033333333333,-2.76300489185551,-2.73296970811783,-2.54238874423988,-2.88333804815518
1.52066666666667,-2.78906852705196,-2.75892179015983,-2.56524420385635,-2.91170909277904
1.521,-2.81547731708924,-2.78522329587252,-2.58838674507237,-2.94047679663853
1.52133333333333,-2.84223695232487,-2.81188009541026,-2.61182086456293,-2.96964801269859
1.52166666666667,-2.86935322471196,-2.83889816291839,-2.63555113712429,-2.99922971289594
1.522,-2.89683202901243,-2.8662835774609,-2.65958221673684,-3.02922898863207
1.52233333333333,-2.92467936395162,-2.89404252385066,-2.68391883760263,-3.05965305109106
1.52266666666667,-2.95290133330598,-2.92218129337086,-2.70856581515292,-3.09050923136373
1.523,-2.9815041469144,-2.95070628437418,-2.73352804702062,-3.12180498035736
1.52333333333333,-3.01049412160372,-2.97962400274676,-2.75881051397246,-3.15354786846978
1.52366666666667,-3.03987768201755,-3.00894106222139,-2.78441828079491,-3.18574558500385
1.524,-3.06966136133687,-3.03866418452424,-2.81035649712736,-3.21840593729741
1.52433333333333,-3.09985180187951,-3.06880019933746,-2.83663039823565,-3.25153684954104
1.52466666666667,-3.13045575556595,-3.09935604405946,-2.86324530571882,-3.28514636125542
1.525,-3.16148008423572,-3.1303387633424,-2.89020662814042,-3.31924262539609
1.52533333333333,-3.19293175979912,-3.16175550838503,-2.91751986157586,-3.35383390605256
1.52566666666667,-3.22481786420757,-3.1936135359587,-2.94519059006649,-3.38892857570645
1.526,-3.25714558922348,-3.2259202071401,-2.97322448596961,-3.42453511200928
1.52633333333333,-3.28992223597073,-3.25868298572542,-3.00162731019396,-3.46066209404043
1.52666666666667,-3.32315521424425,-3.29190943629677,-3.03040491230852,-3.49731819800111
1.527,-3.35685204155576,-3.32560722191007,-3.05956323051162,-3.53451219229808
1.52733333333333,-3.39102034189163,-3.35978410137216,-3.08910829144669,-3.57225293196817
1.52766666666667,-3.42566784415668,-3.3944479260723,-3.11904620985003,-3.61054935239185
1.528,-3.46080238027597,-3.42960663633097,-3.1493831880145,-3.6494104622402
1.52833333333333,-3.49643188292438,-3.46526825722618,-3.18012551505175,-3.68884533559702
1.52866666666667,-3.53256438285285,-3.50144089385625,-3.21127956593564,-3.7288631031956
1.529,-3.56920800577642,-3.53813272599374,-3.24285180030603,-3.76947294270381
1.52933333333333,-3.60637096878878,-3.57535200208457,-3.27484876101336,-3.81068406799162
1.52966666666667,-3.64406157626421,-3.61310703254197,-3.30727707238076,-3.85250571730835
1.53,-3.68228821520644,-3.65140618228337,-3.34014343816046,-3.89494714029648
1.53033333333333,-3.72105935000119,-3.69025786245516,-3.37345463915887,-3.93801758376414
1.53066666666667,-3.76038351652674,-3.72967052128796,-3.407217530504,-3.98172627613684
1.531,-3.80026931557433,-3.76965263402161,-3.4414390385263,-4.02608241050512
1.53133333333333,-3.8407254055271,-3.81021269183703,-3.47612615722252,-4.07109512618258
1.53166666666667,-3.8817604942453,-3.8513591897299,-3.51128594427164,-4.11677348868837
1.532,-3.92338333010047,-3.89310061325747,-3.54692551656798,-4.16312646806328
1.53233333333333,-3.96560269210114,-3.93544542408903,-3.58305204523697,-4.21016291543095
1.53266666666667,-4.00842737904843,-3.97840204428753,-3.61967275009579,-4.25789153771287
1.533,-4.05186619765864,-4.02197883924869,-3.65679489352013,-4.30632087040707
1.53333333333333,-4.09592794958622,-4.06618409922199,-3.69442577367568,-4.35545924834096
1.53366666666667,-4.140621417281,-4.1110260193385,-3.73257271707267,-4.40531477431239
1.534,-4.18595534860835,-4.15651267806785,-3.77124307039815,-4.45589528553416
1.53433333333333,-4.23193844016243,-4.2026520140293,-3.81044419158089,-4.50720831780403
1.53466666666667,-4.27857931919983,-4.24945180108149,-3.85018344004135,-4.55926106732754
1.535,-4.3258865241204,-4.29691962161755,-3.89046816607786,-4.61206035012934
1.53533333333333,-4.37386848342269,-4.34506283799617,-3.9313056993397,-4.66561255899911
1.53566666666667,-4.42253349306118,-4.39388856204201,-3.97270333633642,-4.71992361793048
1.536,-4.47188969213345,-4.4434036225552,-4.01466832693192,-4.77499893402591
1.53633333333333,-4.52194503682866,-4.49361453077659,-4.0572078597726,-4.83084334685916
1.53666666666667,-4.57270727257097,-4.5445274437638,-4.10032904659829,-4.88746107530694
1.537,-4.62418390429588,-4.59614812564422,-4.14403890538581,-4.94485566188597
1.53733333333333,-4.67638216480283,-4.64848190672231,-4.18834434227596,-5.00302991465878
1.53766666666667,-4.72930898113657,-4.70153364043719,-4.23325213223832,-5.06198584680501
1.538,-4.78297093895384,-4.75530765817861,-4.27876889842809,-5.1217246139877
1.53833333333333,-4.83737424484882,-4.80980772199535,-4.32490109019639,-5.18224644968764
1.53866666666667,-4.89252468661766,-4.86503697525001,-4.37165495971775,-5.24355059872127
1.539,-4.94842759146103,-4.92099789130148,-4.41903653720508,-5.30563524920764
1.53933333333333,-5.00508778213932,-4.97769222032706,-4.46705160468955,-5.36849746330442
1.53966666666667,-5.06250953111585,-5.03512093442975,-4.5157056683519,-5.43213310709235
1.54,-5.12069651274644,-5.0932841712126,-4.56500392940015,-5.49653678004993
1.54033333333333,-5.17965175359842,-5.15218117604448,-4.61495125350184,-5.56170174462952
1.54066666666667,-5.23937758101462,-5.21181024328657,-4.66555213879197,-5.62761985651867
1.541,-5.29987557006532,-5.27216865679637,-4.71681068249211,-5.69428149624376
1.54133333333333,-5.36114648907403,-5.33325263008221,-4.76873054619608,-5.76167550285648
1.54166666666667,-5.42319024393635,-5.3950572465335,-4.82131491989393,-5.82978911051951
1.542,-5.48600582149917,-5.45757640021539,-4.87456648483101,-5.89860788889265
1.54233333333333,-5.54959123231182,-5.52080273777637,-4.92848737532092,-5.96811568829998
1.54266666666667,-5.61394345311309,-5.58472760208431,-4.98307913965921,-6.0382945907386
1.543,-5.6790583694701,-5.64934097827073,-5.03834270031306,-6.10912486786257
1.54333333333333,-5.74493071904165,-5.71463144293067,-5.09427831359335,-6.18058494714313
1.54366666666667,-5.81155403599977,-5.78058611729269,-5.15088552905111,-6.25265138746846
1.544,-5.87892059719919,-5.84719062523438,-5.2081631488729,-6.32529886548678
1.54433333333333,-5.94702137075118,-5.91442905708275,-5.26610918759178,-6.39850017403615
1.54466666666667,-6.01584596771499,-5.98228394019027,-5.32472083246555,-6.47222623401024
1.545,-6.08538259768307,-6.05073621732654,-5.38399440491816,-6.54644612100711
1.54533333333333,-6.15561802909162,-6.11976523396033,-5.44392532347806,-6.62112710807107
1.54566666666667,-6.22653755514337,-6.18934873553502,-5.50450806869223,-6.69623472577842
1.546,-6.29812496627413,-6.25946287584558,-5.56573615053114,-6.77173284082275
1.54633333333333,-6.3703625301338,-6.33008223762018,-5.62760207884068,-6.847583754127
1.54666666666667,-6.44323098008391,-6.40117986638071,-5.69009733743416,-6.92374831934781
1.547,-6.51670951322415,-6.47272731860218,-5.7532123624454,-7.0001860824273
1.54733333333333,-6.59077579896622,-6.5446947251168,-5.81693652559611,-7.0768554426109
1.54766666666667,-6.66540599915376,-6.61705087060099,-5.88125812304703,-7.153713835062
1.548,-6.74057480068811,-6.6897632898473,-5.94616437051495,-7.23071793488293
1.54833333333333,-6.81625546156359,-6.76279838135929,-6.01164140534172,-7.30782388199818
1.54866666666667,-6.89241987112726,-6.83612153860626,-6.0776742961903,-7.38498752596429
1.549,-6.96903862526828,-6.90969729904624,-6.14424706102143,-7.46216468935986
1.54933333333333,-7.04608111710031,-6.98348951076291,-6.21134269396691,-7.53931144797601
1.54966666666667,-7.12351564353341,-7.05746151627665,-6.27894320166478,-7.61638442559188
1.55,-7.20130952792764,-7.13157635276927,-6.3470296495466,-7.69334110067526
1.55033333333333,-7.27942925879804,-7.20579696763555,-6.41558221848394,-7.77014012193157
1.55066666666667,-7.35784064428061,-7.28008644791872,-6.48458027208864,-7.84674162922096
1.551,-7.43650898178844,-7.35440826183436,-6.5540024348357,-7.9231075760064
1.55133333333333,-7.51539924198667,-7.42872651023167,-6.62382668103188,-7.99920204919208
1.55166666666667,-7.59447626589308,-7.50300618549466,-6.69403043448692,-8.07499158196894
1.552,-7.67370497358309,-7.57721343506229,-6.76459067856296,-8.15044545512385
1.55233333333333,-7.75305058264354,-7.65131582645029,-6.83548407608115,-8.22553598219408
1.55266666666667,-7.83247883419152,-7.7252826104081,-6.90668709835714,-8.3002387738716
1.553,-7.91195622395661,-7.79908497863654,-6.97817616241775,-8.37453297718117
1.55333333333333,-7.99145023563448,-7.87269631235663,-7.04992777523439,-8.44840148518624
1.55366666666667,-8.07092957345722,-7.94609241794437,-7.1219186835858,-8.52183111330064
1.554,-8.15036439070642,-8.01925174584879,-7.1941260279517,-8.59481273870867
1.55433333333333,-8.22972651072867,-8.09215558909639,-7.26652749863673,-8.66734139990851
1.55466666666667,-8.30898963690404,-8.16478825784773,-7.33910149214376,-8.73941635398211
1.555,-8.38812954797625,-8.23713722671943,-7.41182726565637,-8.81104108984081
1.55533333333333,-8.4671242751805,-8.30919325190737,-7.48468508736312,-8.88222329638874
1.55566666666667,-8.54595425771535,-8.38095045554638,-7.55765638026871,-8.95297478526293
1.556,-8.62460247327645,-8.45240637519566,-7.63072385708169,-9.02331136852301
1.55633333333333,-8.70305454063489,-8.52356197685504,-7.70387164377013,-9.09325269237108
1.55666666666667,-8.78129879155934,-8.59442163046125,-7.7770853894129,-9.16282202864172
1.557,-8.85932630977631,-8.66499304738934,-7.85035236007063,-9.232046026415
1.55733333333333,-8.93713093510403,-8.73528718006191,-7.92366151453792,-9.30095442664346
1.55766666666667,-9.01470923138523,-8.80531808434329,-7.99700356002775,-9.36957974313956
1.558,-9.0920604173617,-8.87510274594005,-8.07037098606895,-9.4379569136292
1.55833333333333,-9.16918626017297,-8.94466087254259,-8.14375807516926,-9.50612292484187
1.55866666666667,-9.24609093170036,-9.01401465389659,-8.21716088909955,-9.5741164157645
1.559,-9.32278082850687,-9.08318849238958,-8.29057722998299,-9.64197726324556
1.55933333333333,-9.39926435662865,-9.15220870706086,-8.36400657572026,-9.70974615409817
1.55966666666667,-9.47555168294042,-9.22110321418989,-8.43744998963675,-9.77746414772368
1.56,-9.55165445523328,-9.28990118778253,-8.51091000458784,-9.84517223307089
1.56033333333333,-9.6275854935074,-9.35863270336307,-8.5843904821079,-9.91291088347354
1.56066666666667,-9.70335845527743,-9.42732836848749,-8.6578964475103,-9.9807196125825
1.561,-9.77898747791608,-9.49601894332802,-8.73143390214537,-10.0486365342421
1.56133333333333,-9.85448680122432,-9.5647349545505,-8.8050096142919,-10.1166979287675
1.56166666666667,-9.92987037350891,-9.63350630552186,-8.87863089038615,-10.1849378176807
1.562,-10.0051514444751,-9.70236188564663,-8.95230532847633,-10.2533875485557
1.56233333333333,-10.0803421482176,-9.77132918137162,-9.02604055593918,-10.322075391243
1.56266666666667,-10.1554530795138,-9.8404338910987,-9.09984395358928,-10.3910261463794
1.563,-10.2304928665071,-9.90969954594421,-9.1737223683688,-10.4602607667628
1.56333333333333,-10.3054677427188,-9.97914713797885,-9.24768181682187,-10.5297959918926
1.56366666666667,-10.3803811211697,-10.0487947572819,-9.32172718153574,-10.599643995745
1.564,-10.4552331732124,-10.1186572388667,-9.39586190267583,-10.6698120476735
1.56433333333333,-10.5300204145158,-10.1887458202814,-9.4700876666675,-10.7403021862161
1.56466666666667,-10.6047353004905,-10.259067810477,-9.54440409398018,-10.8111109055395
1.565,-10.6793658333157,-10.3296262703494,-9.61880842785711,-10.8822288542567
1.56533333333333,-10.7538951826402,-10.4004197052422,-9.69329522573041,-10.9536405464524
1.56566666666667,-10.8283013219772,-10.4714417696091,-9.76785605494303,-11.0253240848799
1.566,-10.9025566828115,-10.5426809840129,-9.8424791943075,-11.0972508965258
1.56633333333333,-10.9766278284859,-10.614120464661,-9.91714934294299,-11.1693854810053
1.56666666666667,-11.0504751500356,-10.685737665763,-9.99184733777569,-11.2416851726035
1.567,-11.1240525863005,-10.7575041351352,-10.0665498810494,-11.3140999171788
1.56733333333333,-11.197307370849,-10.8293852836659,-10.1412292791924,-11.3865720656034
1.56766666666667,-11.2701798085137,-10.9013401695092,-10.2158531944167,-11.4590361859325
1.568,-11.3426030846333,-10.9733212981628,-10.2903844104895,-11.5314188970461
1.56833333333333,-11.4145031104358,-11.0452744399368,-10.3647806142221,-11.6036387271057
1.56866666666667,-11.4857984083536,-11.1171384667001,-10.4389941943574,-11.6756060007843
1.569,-11.5564000414264,-11.1888452102154,-10.5129720597112,-11.747222759863
1.56933333333333,-11.626211591305,-11.2603193448202,-10.5866554786226,-11.8183827224174
1.56966666666667,-11.6951291896964,-11.3314782976817,-10.6599799420048,-11.8889712864243
1.57,-11.7630416083675,-11.4022321903267,-10.7328750525296,-11.9588655841786
1.57033333333333,-11.8298304130207,-11.4724838156194,-10.8052644427501,-12.0279345944052
1.57066666666667,-11.8953701864512,-11.5421286548071,-10.8770657252274,-12.0960393193325
1.571,-11.9595288263511,-11.6110549396624,-10.9481904779883,-12.1630330342431
1.57133333333333,-12.022167922922,-11.6791437650981,-11.0185442688796,-12.2287616170976
1.57166666666667,-12.0831432210544,-11.7462692578952,-11.0880267225897,-12.2930639656793
1.572,-12.1423051712114,-11.812298807338,-11.1565316342613,-12.3557725093231
1.57233333333333,-12.1994995722775,-11.8770933635661,-11.2239471337046,-12.4167138215952
1.57266666666667,-12.2545683084967,-11.9405078093053,-11.2901559042211,-12.475709339285
1.573,-12.3073501812079,-12.0023914102938,-11.3550354599408,-12.5325761916867
1.57333333333333,-12.3576818343828,-12.0625883491571,-11.4184584853434,-12.5871281424033
1.57366666666667,-12.4053987710139,-12.1209383466705,-11.4802932402649,-12.639176643771
1.574,-12.4503364551838,-12.1772773732707,-11.5404040331505,-12.6885320014864
1.57433333333333,-12.4923314922506,-12.231438452323,-11.5986517646124,-12.7350046441785
1.57466666666667,-12.5312228770306,-12.2832525550081,-11.654894542461,-12.7784064895173
1.575,-12.5668532972588,-12.3325495847849,-11.7089883682963,-12.8185523951086
1.57533333333333,-12.5990704770301,-12.3791594472184,-11.7607878944894,-12.8552616789616
1.57566666666667,-12.6277285424891,-12.4229131985919,-11.8101472489468,-12.8883596908852
1.576,-12.6526893898578,-12.4636442641876,-11.8569209234619,-12.9176794128979
1.57633333333333,-12.6738240340837,-12.5011897145055,-11.9009647197493,-12.9430630638022
1.57666666666667,-12.6910139150801,-12.5353915850847,-11.9421367454662,-12.9643636806408
1.577,-12.7041521378148,-12.5660982230833,-11.9802984507046,-12.981446647975
1.57733333333333,-12.713144622479,-12.5931656415041,-12.0153156936521,-12.9941911449767
1.57766666666667,-12.7179111416854,-12.616458860012,-12.0470598224293,-13.0024914803005
1.578,-12.7183862231415,-12.6358532098169,-12.075408758605,-13.0062582857073
1.57833333333333,-12.7145198985086,-12.6512355791905,-12.1002480666277,-13.0054195414729
1.57866666666667,-12.7062782821337,-12.6625055759443,-12.1214719924842,-12.9999214097079
1.579,-12.6936439669507,-12.6695765836871,-12.1389844543528,-12.9897288557773
1.57933333333333,-12.6766162289558,-12.6723766899401,-12.1526999679379,-12.9748260428876
1.57966666666667,-12.6552110361156,-12.6708494662241,-12.1625444895778,-12.955216490427
1.58,-12.6294608621927,-12.6649545829958,-12.1684561611375,-12.9309229925755
1.58033333333333,-12.5994143105768,-12.6546682457346,-12.1703859421359,-12.9019872997806
1.58066666666667,-12.5651355576094,-12.6399834424427,-12.1682981164841,-12.8684695716726
1.581,-12.5267036289139,-12.6209099971734,-12.1621706635727,-12.8304476155938
1.58133333333333,-12.4842115257324,-12.5974744287783,-12.1519954861826,-12.7880159299242
1.58166666666667,-12.4377652211123,-12.5697196186706,-12.1377784907011,-12.7412845755911
1.582,-12.3874825478981,-12.5377042958637,-12.1195395183024,-12.6903779024226
1.58233333333333,-12.3334920018189,-12.501502351667,-12.0973121289776,-12.6354331592362
1.58266666666667,-12.2759314835207,-12.4612020000651,-12.0711432434594,-12.5765990177362
1.583,-12.2149470032136,-12.4169048028287,-12.0410926510595,-12.5140340404419
1.58333333333333,-12.1506913707434,-12.3687245807195,-12.0072323941172,-12.4479051220512
1.58366666666667,-12.0833228924608,-12.3167862337056,-11.9696460420635,-12.3783859320015
1.584,-12.0130040943401,-12.2612244938739,-11.9284278699526,-12.305655383641
1.58433333333333,-11.9399004885323,-12.2021826347562,-11.8836819576716,-12.2298961525512
1.58466666666667,-11.8641793980229,-12.1398111601061,-11.835521226876,-12.1512932633205
1.585,-11.7860088514365,-12.0742664938908,-11.7840664330252,-12.0700327606394
1.58533333333333,-11.7055565573777,-12.0057096914697,-11.7294451297215,-11.9863004770959
1.58566666666667,-11.6229889651244,-11.9343051897591,-11.6717906219507,-11.9002809066547
1.586,-11.5384704160589,-11.8602196117367,-11.6112409238151,-11.8121561895916
1.58633333333333,-11.4521623880014,-11.7836206380352,-11.5479377350388,-11.7221052117188
1.58666666666667,-11.3642228326335,-11.7046759557367,-11.4820254489593,-11.630302818131
1.587,-11.2748056044852,-11.6235522918727,-11.4136502029916,-11.5369191394638
1.58733333333333,-11.1840599785385,-11.5404145366751,-11.3429589807316,-11.442119026796
1.58766666666667,-11.0921302523379,-11.4554249593347,-11.2700987730141,-11.3460615898377
1.588,-10.9991554276169,-11.3687425169884,-11.1952158034314,-11.2488998319273
1.58833333333333,-10.9052689658025,-11.2805222558655,-11.1184548220902,-11.1507803745521
1.58866666666667,-10.8105986113412,-11.1909148020235,-11.03995846978,-11.0518432636126
1.589,-10.7152662765622,-11.1000659378745,-10.9598667132805,-10.9522218494003
1.58933333333333,-10.6193879817305,-11.0081162597402,-10.8783163512569,-10.8520427322304
1.58966666666667,-10.5230738440266,-10.9152009109705,-10.7954405891058,-10.7514257658199
1.59,-10.426428109368,-10.82144938467,-10.7113686802026,-10.6504841107849
1.59033333333333,-10.3295492212731,-10.7269853898098,-10.6262256302814,-10.5493243310348
1.59066666666667,-10.2325299212964,-10.6319267743837,-10.5401319611235,-10.4480465262996
1.591,-10.1354573759527,-10.5363854993175,-10.4532035293375,-10.3467444945545
1.59133333333333,-10.0384133254517,-10.4404676569959,-10.3655513957586,-10.2455059186496
1.59166666666667,-9.94147424998628,-10.3442735285181,-10.2772817408679,-10.1444125720059
1.592,-9.84471154974173,-10.2478976741242,-10.1884958216142,-10.0435405387942
1.59233333333333,-9.74819173520071,-10.151429051592,-10.0992899650776,-9.94296044453679
1.59266666666667,-9.65197662472331,-10.0549511578173,-10.0097555945665,-9.84273769359138
1.593,-9.55612354675042,-9.95854218919716,-9.91997928391977,-9.74293271043952
1.59333333333333,-9.46068554433969,-9.86227521686575,-9.83004283603441,-9.64360118215365
1.59366666666667,-9.36571158006253,-9.76621837324162,-9.74002338189332,-9.54479429981234
1.594,-9.27124673959329,-9.67043504675032,-9.64999349665855,-9.4465589970044
1.59433333333333,-9.17733243259337,-9.5749840819691,-9.56002132968592,-9.34893818389001
1.59466666666667,-9.08400658973133,-9.47991998279568,-9.47017074560598,-9.25197097557512
1.595,-8.99130385490484,-9.38529311658285,-9.38050147391344,-9.15569291382067
1.59533333333333,-8.89925577191721,-9.2911499174826,-9.29106926478138,-9.06013618132834
1.59566666666667,-8.80789096503051,-9.19753308752171,-9.20192604908367,-8.96532980803991
1.596,-8.71723531296684,-9.10448179418626,-9.11312010086367,-8.87129986906092
1.59633333333333,-8.62731211605521,-9.01203186351291,-9.02469620071932,-8.7780696739585
1.59666666666667,-8.53814225632745,-8.92021596788393,-8.93669579878986,-8.68565994730487
1.597,-8.44974435046494,-8.82906380790306,-8.84915717623082,-8.59408900044307
1.59733333333333,-8.36213489557101,-8.73860228787654,-8.76211560424014,-8.50337289453276
1.59766666666667,-8.27532840781009,-8.64885568455845,-8.67560349985962,-8.41352559500205
1.598,-8.18933755400989,-8.55984580893582,-8.58965057792348,-8.32455911758968
1.59833333333333,-8.10417327636465,-8.47159216092261,-8.50428399865036,-8.23648366620329
1.59866666666667,-8.0198449104112,-8.38411207691538,-8.41952851048825,-8.14930776285222
1.599,-7.93636029647941,-8.29742087023224,-8.33540658792327,-8.06303836994085
1.59933333333333,-7.85372588483736,-8.21153196451372,-8.2519385640455,-7.97768100522492
1.59966666666667,-7.7719468347649,-8.12645702020852,-8.16914275773986,-7.89323984974311
1.6,-7.69102710780345,-8.04220605430714,-8.08703559543509,-7.80971784904656
1.60033333333333,-7.61096955543216,-7.9587875535135,-8.0056317273945,-7.72711680804706
1.60066666666667,-7.5317760014246,-7.87620858106717,-7.92494413857838,-7.64543747980535
1.601,-7.45344731914112,-7.7944748774466,-7.84498425414595,-7.56467964857713
1.60133333333333,-7.37598350400912,-7.71359095519498,-7.76576203969504,-7.48484220742783
1.60166666666667,-7.29938374143769,-7.63356018811564,-7.68728609635992,-7.40592323071654
1.602,-7.22364647041001,-7.55438489509023,-7.60956375091126,-7.3279200417441
1.60233333333333,-7.14876944298992,-7.47606641877413,-7.53260114101545,-7.25082927584782
1.60266666666667,-7.07474977996779,-7.39860519941752,-7.45640329581919,-7.17464693921183
1.603,-7.00158402286869,-7.32200084406305,-7.38097421203857,-7.09936846365547
1.60333333333333,-6.92926818253147,-7.24625219136213,-7.30631692573232,-7.02498875764519
1.60366666666667,-6.85779778446184,-7.17135737224497,-7.23243357994311,-6.95150225376692
1.604,-6.78716791115163,-7.09731386667593,-7.15932548839317,-6.87890295288133
1.60433333333333,-6.71737324154886,-7.02411855671386,-7.08699319541719,-6.80718446517539
1.60466666666667,-6.64840808785212,-6.9517677760904,-7.01543653231444,-6.73634004830885
1.605,-6.58026642979524,-6.88025735651037,-6.94465467029841,-6.66636264284563
1.60533333333333,-6.51294194658005,-6.8095826708691,-6.87464617021939,-6.59724490514848
1.60566666666667,-6.44642804660344,-6.73973867357185,-6.80540902922734,-6.52897923790352
1.606,-6.38071789512077,-6.67071993813263,-6.73694072454022,-6.46155781843344
1.60633333333333,-6.31580443997653,-6.60252069221973,-6.66923825447619,-6.3949726249465
1.60666666666667,-6.25168043552641,-6.53513485030662,-6.60229817689987,-6.32921546086035
1.607,-6.18833846486904,-6.46855604407912,-6.53611664523057,-6.26427797733131
1.60733333333333,-6.12577096049586,-6.40277765074004,-6.4706894421502,-6.20015169410997
1.60766666666667,-6.06397022346354,-6.33779281934597,-6.40601201114499,-6.13682801883814
1.608,-6.0029284411853,-6.27359449530168,-6.34207948600645,-6.07429826489275
1.60833333333333,-5.94263770393286,-6.21017544313197,-6.27888671841421,-6.01255366787789
1.60866666666667,-5.88309002013323,-6.14752826764097,-6.2164283037122,-5.95158540085574
1.609,-5.8242773305413,-6.0856454335663,-6.15469860498955,-5.89138458840629
1.60933333333333,-5.76619152136272,-6.02451928382457,-6.09369177556712,-5.83194231959453
1.60966666666667,-5.7088244363965,-5.96414205644133,-6.0334017799868,-5.77324965992187
1.61,-5.65216788826388,-5.90450590025308,-5.97382241359644,-5.71529766233265
1.61033333333333,-5.59621366878437,-5.84560288946134,-5.91494732081622,-5.65807737734132
1.61066666666667,-5.5409535585561,-5.78742503711602,-5.85677001216806,-5.60157986234149
1.611,-5.48637933579394,-5.72996430759805,-5.79928388014501,-5.54579619015407
1.61133333333333,-5.43248278447661,-5.67321262817002,-5.74248221399426,-5.49071745686885
1.61166666666667,-5.37925570184781,-5.61716189965489,-5.68635821348002,-5.43633478902748
1.612,-5.32668990531671,-5.56180400630292,-5.63090500169195,-5.38263935019561
1.61233333333333,-5.27477723879804,-5.50713082490114,-5.57611563695927,-5.32962234696697
1.61266666666667,-5.22350957852923,-5.45313423317509,-5.52198312392622,-5.27727503443873
1.613,-5.17287883840158,-5.39980611753215,-5.46850042384313,-5.22558872119666
1.61333333333333,-5.12287697483765,-5.34713838019052,-5.41566046412301,-5.17455477384433
1.61366666666667,-5.0734959912465,-5.29512294573476,-5.36345614720979,-5.12416462110908
1.614,-5.0247279420851,-5.24375176713729,-5.3118803588028,-5.07440975755397
1.61433333333333,-4.97656493655424,-5.19301683128295,-5.26092597547915,-5.02528174692586
1.61466666666667,-4.92899914195252,-5.14291016402888,-5.21058587175151,-4.9767722251635
1.615,-4.88202278671347,-5.09342383483256,-5.16085292659881,-4.9288729030915
1.61533333333333,-4.83562816314713,-5.0445499609777,-5.11172002950351,-4.88157556882274
1.61566666666667,-4.7898076299062,-4.99628071142421,-5.06318008602658,-4.83487208988922
1.616,-4.74455361419723,-4.94860831030985,-5.01522602295131,-4.78875441512256
1.61633333333333,-4.69985861375335,-4.90152504012634,-4.96785079302324,-4.74321457630169
1.61666666666667,-4.65571519858623,-4.85502324459261,-4.9210473793123,-4.69824468958439
1.617,-4.61211601253195,-4.80909533124637,-4.87480879922204,-4.65383695673919
1.61733333333333,-4.56905377460665,-4.76373377377384,-4.82912810816937,-4.60998366619277
1.61766666666667,-4.52652128018404,-4.71893111409498,-4.78399840295523,-4.56667719390514
1.618,-4.48451140200831,-4.67467996422211,-4.7394128248475,-4.52391000408701
1.61833333333333,-4.44301709105457,-4.63097300790776,-4.69536456239479,-4.48167464977063
1.61866666666667,-4.40203137724665,-4.58780300209587,-4.65184685398809,-4.43996377324466
1.619,-4.36154737004396,-4.54516277819124,-4.60885299018824,-4.39877010636468
1.61933333333333,-4.32155825890609,-4.50304524315947,-4.56637631583334,-4.35808647074775
1.61966666666667,-4.28205731364448,-4.46144338046954,-4.52441023194166,-4.3179057778608
1.62,-4.24303788466939,-4.4203502508906,-4.48294819742313,-4.27822102901058
1.62033333333333,-4.20449340314045,-4.37975899315336,-4.44198373061256,-4.23902531524364
1.62066666666667,-4.16641738102728,-4.3396628244858,-4.4015104106362,-4.2003118171631
1.621,-4.12880341108776,-4.30005504103235,-4.36152187862294,-4.16207380466882
1.62133333333333,-4.09164516677015,-4.2609290181657,-4.32201183877096,-4.12430463662797
1.62166666666667,-4.0549364020443,-4.22227821069815,-4.28297405927898,-4.08699776048097
1.622,-4.01867095116881,-4.18409615300095,-4.24440237315198,-4.05014671178888
1.62233333333333,-3.98284272839795,-4.14637645903824,-4.20629067888965,-4.01374511372699
1.62266666666667,-3.94744572763419,-4.10911282232201,-4.16863294106573,-3.97778667652949
1.623,-3.91247402203016,-4.07229901579416,-4.13142319080557,-3.94226519688945
1.62333333333333,-3.87792176354484,-4.03592889164158,-4.0946555261696,-3.90717455731842
1.62366666666667,-3.84378318245734,-3.99999638104938,-4.05832411244857,-3.8725087254692
1.624,-3.81005258684226,-3.96449549389696,-4.02242318237723,-3.83826175342544
1.62433333333333,-3.77672436201018,-3.92942031840236,-3.9869470362724,-3.8044277769616
1.62466666666667,-3.74379296991599,-3.89476502071788,-3.95189004210027,-3.77100101477575
1.625,-3.71125294853839,-3.8605238444824,-3.91724663547874,-3.73797576769857
1.62533333333333,-3.67909891123354,-3.82669111033315,-3.88301131961906,-3.70534641788117
1.62566666666667,-3.64732554606484,-3.79326121538103,-3.84917866521172,-3.67310742796399
1.626,-3.61592761511146,-3.76022863265203,-3.81574331025987,-3.64125334022873
1.62633333333333,-3.58489995375861,-3.727587910499,-3.78269995986584,-3.60977877573664
1.62666666666667,-3.5542374699703,-3.69533367198518,-3.75004338597241,-3.57867843345356
1.627,-3.52393514354776,-3.66346061424337,-3.71776842706405,-3.54794708936488
1.62733333333333,-3.49398802537465,-3.63196350781243,-3.68586998783019,-3.5175795955813
1.62766666666667,-3.46439123665086,-3.60083719595369,-3.65434303879425,-3.48757087943723
1.628,-3.43513996811677,-3.57007659394962,-3.62318261591063,-3.45791594258348
1.62833333333333,-3.40622947926904,-3.53967668838636,-3.59238382013309,-3.4286098600753
1.62866666666667,-3.37765509756964,-3.5096325364223,-3.56194181695618,-3.39964777945717
1.629,-3.34941221764895,-3.4799392650442,-3.53185183593258,-3.37102491984531
1.62933333333333,-3.32149630050485,-3.4505920703129,-3.50210917016854,-3.34273657100956
1.62966666666667,-3.29390287269785,-3.42158621659951,-3.47270917579887,-3.31477809245479
1.63,-3.26662752554429,-3.39291703581388,-3.44364727144426,-3.28714491250339
1.63033333333333,-3.239665914308,-3.36457992662692,-3.41491893765199,-3.25983252737953
1.63066666666667,-3.21301375739133,-3.33657035368717,-3.38651971632193,-3.23283650029568
1.631,-3.1866668355263,-3.30888384683348,-3.35844521011958,-3.20615246054263
1.63133333333333,-3.16062099096727,-3.28151600030471,-3.33069108187735,-3.1797761025832
1.63166666666667,-3.13487212668467,-3.25446247194714,-3.30325305398555,-3.15370318515058
1.632,-3.10941620556144,-3.22771898242056,-3.27612690777425,-3.12792953035148
1.63233333333333,-3.08424924959235,-3.20128131440441,-3.2493084828875,-3.10245102277512
1.63266666666667,-3.05936733908665,-3.17514531180384,-3.22279367665063,-3.07726360860796
1.633,-3.0347666118748,-3.14930687895718,-3.19657844343189,-3.05236329475508
1.63333333333333,-3.01044326251964,-3.1237619798452,-3.1706587939995,-3.02774614796835
1.63366666666667,-2.98639354153228,-3.09850663730254,-3.14503079487462,-3.00340829398156
1.634,-2.96261375459332,-3.0735369322323,-3.11969056768148,-2.97934591665334
1.63433333333333,-2.93910026177972,-3.04884900282415,-3.09463428849541,-2.95555525711772
1.63466666666667,-2.91584947679739,-3.02443904377624,-3.06985818718915,-2.93203261294271
1.635,-2.8928578662201,-3.00030330552151,-3.04535854677848,-2.90877433729709
1.63533333333333,-2.87012194873491,-2.97643809345909,-3.02113170276774,-2.88577683812587
1.63566666666667,-2.8476382943941,-2.95283976719047,-2.99717404249562,-2.86303657733409
1.636,-2.82540352387428,-2.92950473976151,-2.97348200448208,-2.84055006997981
1.63633333333333,-2.80341430774251,-2.90642947691022,-2.95005207777671,-2.81831388347573
1.63666666666667,-2.78166736572955,-2.88361049632048,-2.92688080130878,-2.79632463679994
1.637,-2.76015946601078,-2.86104436688222,-2.90396476324007,-2.77457899971596
1.63733333333333,-2.73888742449469,-2.8387277079584,-2.88130060032014,-2.75307369200195
1.63766666666667,-2.71784810411895,-2.81665718865845,-2.85888499724494,-2.73180548268925
1.638,-2.69703841415425,-2.79482952711889,-2.83671468601873,-2.71077118931022
1.63833333333333,-2.67645530951628,-2.7732414897911,-2.81478644532005,-2.68996767715572
1.63866666666667,-2.6560957900854,-2.75188989073635,-2.79309709987147,-2.66939185854173
1.639,-2.63595690003449,-2.73077159092825,-2.77164351981389,-2.64904069208571
1.63933333333333,-2.6160357271649,-2.70988349756291,-2.75042262008555,-2.6289111819924
1.63966666666667,-2.59632940225043,-2.68922256337644,-2.72943135980553,-2.6090003773489
1.64,-2.57683509838946,-2.66878578597049,-2.7086667416625,-2.58930537142939
1.64033333333333,-2.55755003036542,-2.64857020714545,-2.68812581130873,-2.56982330100934
1.64066666666667,-2.53847145401514,-2.62857291224146,-2.66780565675924,-2.55055134568891
1.641,-2.5195966656057,-2.6087910294875,-2.64770340779675,-2.53148672722606
1.64133333333333,-2.50092300121926,-2.58922172935827,-2.62781623538209,-2.51262670887871
1.64166666666667,-2.48244783614603,-2.56986222393912,-2.60814135107043,-2.49396859475635
1.642,-2.46416858428551,-2.55070976629894,-2.58867600643343,-2.47550972918081
1.64233333333333,-2.44608269755583,-2.53176164987114,-2.56941749248752,-2.45724749605642
1.64266666666667,-2.42818766531106,-2.5130152078425,-2.55036313912793,-2.43917931824903
1.643,-2.41048101376662,-2.49446781255009,-2.53151031456908,-2.42130265697421
1.64333333333333,-2.39296030543287,-2.47611687488626,-2.51285642479125,-2.40361501119453
1.64366666666667,-2.37562313855632,-2.45795984371137,-2.49439891299321,-2.38611391702557
1.644,-2.3584671465691,-2.4399942052747,-2.47613525905149,-2.36879694715098
1.64433333333333,-2.34148999754607,-2.42221748264318,-2.45806297898578,-2.35166171024609
1.64466666666667,-2.3246893936697,-2.40462723513782,-2.44017962443063,-2.33470585041031
1.645,-2.30806307070294,-2.38722105777828,-2.42248278211381,-2.31792704660811
1.64533333333333,-2.29160879746953,-2.36999658073508,-2.40497007334082,-2.30132301211857
1.64566666666667,-2.27532437534199,-2.35295146878944,-2.3876391534859,-2.28489149399315
1.646,-2.25920763773712,-2.33608342080096,-2.37048771148938,-2.26863027252195
1.64633333333333,-2.24325644961915,-2.31939016918292,-2.3535134693616,-2.25253716070822
1.64666666666667,-2.22746870700998,-2.30286947938501,-2.33671418169294,-2.23661000375085
1.647,-2.21184233650703,-2.28651914938376,-2.32008763517051,-2.22084667853503
1.64733333333333,-2.1963752948082,-2.27033700918026,-2.303631648101,-2.20524509313084
1.64766666666667,-2.18106556824396,-2.2543209203053,-2.28734406993996,-2.18980318629966
1.648,-2.16591117231665,-2.23846877533185,-2.27122278082728,-2.17451892700827
1.64833333333333,-2.15091015124679,-2.22277849739483,-2.25526569112915,-2.15939031395084
1.64866666666667,-2.13606057752618,-2.2072480397178,-2.23947074098596,-2.14441537507815
1.649,-2.12136055147802,-2.19187538514709,-2.22383589986671,-2.12959216713455
1.64933333333333,-2.10680820082369,-2.17665854569268,-2.20835916612936,-2.11491877520211
1.64966666666667,-2.09240168025626,-2.16159556207607,-2.19303856658734,-2.1003933122521
1.65,-2.07813917102065,-2.14668450328515,-2.17787215608228,-2.08601391870367
1.65033333333333,-2.06401888050025,-2.13192346613568,-2.16285801706259,-2.07177876198948
1.65066666666667,-2.05003904180995,-2.11731057483952,-2.14799425916804,-2.05768603612843
1.651,-2.03619791339563,-2.1028439805796,-2.13327901882038,-2.04373396130514
1.65133333333333,-2.02249377863991,-2.08852186109127,-2.11871045881975,-2.02992078345636
1.65166666666667,-2.00892494547392,-2.0743424202502,-2.10428676794692,-2.01624477386384
1.652,-1.99548974599545,-2.06030388766668,-2.0900061605712,-2.00270422875402
1.65233333333333,-1.98218653609295,-2.04640451828618,-2.07586687626439,-1.98929746890403
1.65266666666667,-1.96901369507542,-2.03264259199611,-2.06186717941985,-1.97602283925411
1.653,-1.95596962530835,-2.01901641323882,-2.04800535887768,-1.96287870852644
1.65333333333333,-1.94305275185532,-2.00552431063055,-2.03427972755513,-1.94986346885005
1.65366666666667,-1.93026152212527,-1.99216463658639,-2.02068862208249,-1.93697553539182
1.654,-1.91759440552543,-1.97893576695117,-2.00723040244455,-1.9242133459936
1.65433333333333,-1.90504989311982,-1.96583610063613,-1.99390345162728,-1.91157536081528
1.65466666666667,-1.89262649729317,-1.95286405926137,-1.98070617526982,-1.89906006198349
1.655,-1.8803227514201,-1.94001808680388,-1.9676370013217,-1.88666595324628
1.65533333333333,-1.86813720953989,-1.92729664925123,-1.95469437970525,-1.87439155963333
1.65566666666667,-1.85606844603612,-1.91469823426065,-1.94187678198306,-1.86223542712173
1.656,-1.84411505532169,-1.90222135082374,-1.92918270103053,-1.85019612230734
1.65633333333333,-1.83227565152884,-1.88986452893621,-1.91661065071332,-1.8382722320814
1.65666666666667,-1.82054886820406,-1.87762631927311,-1.90415916556977,-1.82646236331256
1.657,-1.8089333580081,-1.86550529286925,-1.89182680049814,-1.81476514253411
1.65733333333333,-1.79742779242064,-1.85350004080459,-1.87961213044867,-1.80317921563633
1.65766666666667,-1.7860308614498,-1.84160917389476,-1.86751375012028,-1.79170324756398
1.658,-1.77474127334636,-1.82983132238648,-1.855530273662,-1.78033592201859
1.65833333333333,-1.76355775432255,-1.81816513565798,-1.843660334379,-1.76907594116592
1.65866666666667,-1.7524790482754,-1.80660928192409,-1.83190258444305,-1.75792202534799
1.659,-1.74150391651456,-1.79516244794611,-1.82025569460759,-1.7468729128
1.65933333333333,-1.7306311374946,-1.78382333874645,-1.80871835392717,-1.73592735937192
1.65966666666667,-1.71985950655144,-1.77259067732766,-1.79728926948107,-1.7250841382545
1.66,-1.7091878356433,-1.76146320439618,-1.7859671661015,-1.71434203971006
1.66033333333333,-1.69861495309574,-1.75043967809044,-1.77475078610582,-1.70369987080755
1.66066666666667,-1.6881397033507,-1.73951887371335,-1.76363888903292,-1.69315645516195
1.661,-1.67776094671989,-1.72869958346913,-1.75263025138385,-1.68271063267813
1.66133333333333,-1.6674775591419,-1.71798061620439,-1.74172366636639,-1.67236125929881
1.66166666666667,-1.65728843194343,-1.70736079715336,-1.73091794364359,-1.66210720675663
1.662,-1.64719247160435,-1.69683896768726,-1.72021190908631,-1.65194736233054
1.66233333333333,-1.63718859952652,-1.68641398506773,-1.70960440452965,-1.64188062860593
1.66266666666667,-1.62727575180641,-1.67608472220421,-1.69909428753304,-1.63190592323889
1.663,-1.61745287901138,-1.66585006741522,-1.68868043114427,-1.62202217872429
1.66333333333333,-1.60771894595968,-1.65570892419368,-1.67836172366717,-1.61222834216775
1.66366666666667,-1.59807293150387,-1.64566021097574,-1.66813706843287,-1.60252337506127
1.664,-1.58851382831785,-1.63570286091355,-1.65800538357471,-1.5929062530626
1.66433333333333,-1.57904064268738,-1.62583582165171,-1.64796560180671,-1.58337596577834
1.66466666666667,-1.56965239430387,-1.61605805510719,-1.63801667020544,-1.57393151655037
1.665,-1.56034811606166,-1.60636853725297,-1.62815754999543,-1.56457192224613
1.66533333333333,-1.55112685385846,-1.59676625790509,-1.61838721633791,-1.55529621305204
1.66566666666667,-1.54198766639912,-1.58725022051314,-1.60870465812278,-1.54610343227046
1.666,-1.53292962500252,-1.57781944195419,-1.59910887776405,-1.53699263612003
1.66633333333333,-1.52395181341167,-1.56847295233007,-1.58959889099838,-1.52796289353924
1.66666666666667,-1.51505332760674,-1.5592097947678,-1.58017372668682,-1.51901328599317
1.667,-1.50623327562125,-1.5500290252234,-1.57083242661963,-1.51014290728345
1.66733333333333,-1.49749077736123,-1.54092971228878,-1.5615740453243,-1.50135086336146
1.66766666666667,-1.48882496442719,-1.53191093700178,-1.55239764987649,-1.49263627214433
1.668,-1.48023497993912,-1.52297179265928,-1.54330231971395,-1.48399826333422
1.66833333333333,-1.47171997836421,-1.51411138463332,-1.53428714645354,-1.47543597824039
1.66866666666667,-1.46327912534737,-1.50532883019018,-1.52535123371081,-1.46694856960424
1.669,-1.45491159754454,-1.49662325831239,-1.51649369692283,-1.45853520142725
1.66933333333333,-1.44661658245868,-1.48799380952367,-1.50771366317352,-1.45019504880165
1.66966666666667,-1.43839327827831,-1.47943963571654,-1.49901027102181,-1.44192729774396
1.67,-1.43024089371878,-1.4709598999829,-1.49038267033256,-1.43373114503108
1.67033333333333,-1.42215864786606,-1.46255377644719,-1.48183002211018,-1.42560579803933
1.67066666666667,-1.41414577002298,-1.45422045010227,-1.47335149833468,-1.41755047458579
1.671,-1.40620149955804,-1.44595911664805,-1.46494628180056,-1.40956440277249
1.67133333333333,-1.39832508575658,-1.43776898233257,-1.45661356595808,-1.40164682083299
1.67166666666667,-1.3905157876744,-1.42964926379568,-1.44835255475706,-1.3937969769815
1.672,-1.38277287399364,-1.42159918791527,-1.44016246249313,-1.38601412926443
1.67233333333333,-1.37509562288115,-1.41361799165598,-1.43204251365651,-1.37829754541442
1.67266666666667,-1.36748332184887,-1.40570492192026,-1.423991942783,-1.37064650270667
1.673,-1.35993526761671,-1.39785923540183,-1.41600999430744,-1.36306028781757
1.67333333333333,-1.35245076597749,-1.39008019844164,-1.40809592241945,-1.35553819668576
1.67366666666667,-1.34502913166399,-1.38236708688588,-1.40024899092142,-1.34807953437526
1.674,-1.3376696882183,-1.37471918594653,-1.39246847308872,-1.34068361494098
1.67433333333333,-1.33037176786311,-1.36713579006392,-1.38475365153219,-1.33334976129626
1.67466666666667,-1.32313471137509,-1.35961620277162,-1.37710381806264,-1.32607730508265
1.675,-1.31595786796028,-1.35215973656342,-1.36951827355764,-1.31886558654173
1.67533333333333,-1.3088405951316,-1.34476571276252,-1.36199632783032,-1.31171395438907
1.67566666666667,-1.30178225858806,-1.33743346139269,-1.3545372995002,-1.30462176569008
1.676,-1.29478223209611,-1.33016232105156,-1.34714051586612,-1.29758838573804
1.67633333333333,-1.28783989737278,-1.3229516387859,-1.3398053127811,-1.29061318793393
1.67666666666667,-1.28095464397069,-1.31580076996891,-1.3325310345292,-1.28369555366827
1.677,-1.27412586916489,-1.30870907817944,-1.32531703370426,-1.27683487220483
1.67733333333333,-1.2673529778415,-1.30167593508311,-1.3181626710906,-1.27003054056624
1.67766666666667,-1.2606353823881,-1.29470072031534,-1.31106731554555,-1.26328196342137
1.678,-1.25397250258581,-1.28778282136625,-1.30403034388376,-1.25658855297454
1.67833333333333,-1.24736376550325,-1.28092163346737,-1.29705114076345,-1.24994972885652
1.67866666666667,-1.24080860539193,-1.27411655948009,-1.29012909857432,-1.24336491801723
1.679,-1.23430646358345,-1.26736700978598,-1.2832636173272,-1.23683355462015
1.67933333333333,-1.22785678838831,-1.26067240217875,-1.27645410454555,-1.2303550799385
1.67966666666667,-1.22145903499626,-1.25403216175796,-1.26969997515848,-1.22392894225291
1.68,-1.21511266537822,-1.24744572082437,-1.26300065139556,-1.21755459675086
1.68033333333333,-1.20881714818985,-1.24091251877702,-1.2563555626832,-1.21123150542765
1.68066666666667,-1.2025719586764,-1.23443200201179,-1.24976414554267,-1.20495913698891
1.681,-1.19637657857936,-1.2280036238217,-1.24322584348964,-1.19873696675477
1.68133333333333,-1.19023049604431,-1.22162684429872,-1.23674010693541,-1.19256447656538
1.68166666666667,-1.18413320553032,-1.21530113023706,-1.23030639308952,-1.18644115468806
1.682,-1.17808420772082,-1.20902595503803,-1.22392416586395,-1.18036649572584
1.68233333333333,-1.17208300943574,-1.20280079861647,-1.21759289577879,-1.17434000052752
1.68266666666667,-1.16612912354509,-1.19662514730845,-1.21131205986935,-1.16836117609898
1.683,-1.16022206888392,-1.19049849378061,-1.20508114159474,-1.16242953551609
1.68333333333333,-1.15436137016852,-1.18442033694079,-1.19889963074781,-1.15654459783889
1.68366666666667,-1.14854655791396,-1.17839018185007,-1.19276702336649,-1.15070588802702
1.684,-1.14277716835293,-1.17240753963624,-1.18668282164655,-1.14491293685667
1.68433333333333,-1.13705274335583,-1.16647192740856,-1.18064653385561,-1.13916528083869
1.68466666666667,-1.13137283035209,-1.16058286817387,-1.17465767424855,-1.13346246213805
1.685,-1.12573698225266,-1.15473989075396,-1.16871576298418,-1.12780402849447
1.68533333333333,-1.12014475737381,-1.1489425297043,-1.16282032604319,-1.12218953314437
1.68566666666667,-1.11459571936201,-1.14319032523394,-1.15697089514735,-1.11661853474405
1.686,-1.10908943711999,-1.13748282312673,-1.15116700767999,-1.11109059729396
1.68633333333333,-1.10362548473398,-1.13181957466369,-1.14540820660762,-1.10560529006425
1.68666666666667,-1.098203441402,-1.1262001365466,-1.13969404040282,-1.10016218752139
1.687,-1.0928228913633,-1.12062407082281,-1.13402406296827,-1.09476086925602
1.68733333333333,-1.08748342382888,-1.11509094481113,-1.12839783356194,-1.08940091991185
1.68766666666667,-1.08218463291309,-1.10960033102894,-1.12281491672342,-1.08408192911565
1.688,-1.07692611756617,-1.10415180712033,-1.11727488220137,-1.07880349140836
1.68833333333333,-1.07170748150801,-1.09874495578546,-1.1117773048821,-1.07356520617728
1.68866666666667,-1.06652833316273,-1.09337936471086,-1.10632176471916,-1.06836667758918
1.689,-1.0613882855944,-1.08805462650094,-1.10090784666409,-1.06320751452463
1.68933333333333,-1.05628695644364,-1.08277033861043,-1.09553514059815,-1.05808733051317
1.68966666666667,-1.05122396786525,-1.07752610327792,-1.09020324126512,-1.05300574366957
1.69,-1.04619894646675,-1.0723215274604,-1.08491174820509,-1.047962376631
1.69033333333333,-1.0412115232479,-1.06715622276878,-1.07966026568929,-1.04295685649526
1.69066666666667,-1.03626133354104,-1.06202980540438,-1.07444840265579,-1.03798881475979
1.691,-1.03134801695246,-1.05694189609647,-1.06927577264636,-1.03305788726181
1.69133333333333,-1.02647121730455,-1.05189212004061,-1.06414199374411,-1.02816371411922
1.69166666666667,-1.02163058257887,-1.04688010683807,-1.05904668851212,-1.02330593967243
1.692,-1.01682576486009,-1.04190549043608,-1.05398948393304,-1.01848421242715
1.69233333333333,-1.01205642028074,-1.03696790906901,-1.04897001134951,-1.01369818499792
1.69266666666667,-1.00732220896683,-1.03206700520045,-1.04398790640553,-1.00894751405264
1.693,-1.00262279498423,-1.02720242546609,-1.03904280898872,-1.00423186025779
1.69333333333333,-0.997957846285902,-1.02237382061762,-1.03413436317337,-0.999550888224626
1.69366666666667,-0.993327034659933,-1.01758084546729,-1.02926221716439,-0.994904266456034
1.694,-0.988730035678273,-1.01282315883339,-1.02442602324213,-0.990291667294339
1.69433333333333,-0.984166528646341,-1.00810042348659,-1.01962543770794,-0.985712766869769
1.69466666666667,-0.979636196553271,-1.003412306097,-1.01486012083056,-0.981167245049766
1.695,-0.975138726023014,-0.998758477182076,-1.01012973679341,-0.976654785389068
1.69533333333333,-0.97067380726604,-0.994138611055247,-1.00543395364247,-0.972175075080447
1.69566666666667,-0.966241134031911,-0.989552385775414,-1.00077244323511,-0.967727804906319
1.696,-0.961840403562393,-0.984999483097071,-0.996144881189567,-0.963312669190945
1.69633333333333,-0.957471316545407,-0.980479588421277,-0.991550946835241,-0.958929365753449
1.69666666666667,-0.953133577069545,-0.975992390747283,-0.986990323163638,-0.95457759586146
1.697,-0.94882689257935,-0.971537582624921,-0.982462696780134,-0.950257064185489
1.69733333333333,-0.94455097383121,-0.96711486010768,-0.977967757856387,-0.945967478753982
1.69766666666667,-0.940305534849875,-0.962723922706478,-0.973505200083446,-0.941708550909012
1.698,-0.936090292885703,-0.958364473344125,-0.969074720625587,-0.937479995262644
1.69833333333333,-0.931904968372426,-0.954036218310439,-0.96467602007479,-0.93328152965395
1.69866666666667,-0.927749284885621,-0.949738867218054,-0.960308802405911,-0.929112875106662
1.699,-0.923622969101746,-0.945472132958838,-0.955972774932472,-0.924973755787424
1.69933333333333,-0.919525750757789,-0.941235731661008,-0.951667648263151,-0.920863898964685
1.69966666666667,-0.9154573626115,-0.937029382646812,-0.94739313625884,-0.916783034968199
1.7,-0.911417540402213,-0.93285280839086,-0.943148955990383,-0.912730897149084
1.70033333333333,-0.907406022812232,-0.928705734479109,-0.938934827696923,-0.908707221840524
1.70066666666667,-0.903422551428776,-0.924587889568338,-0.934750474744801,-0.904711748318984
1.701,-0.899466870706486,-0.920499005346341,-0.930595623587147,-0.900744218766044
1.70133333333333,-0.895538727930475,-0.916438816492599,-0.926470003723931,-0.896804378230752
1.70166666666667,-0.891637873179901,-0.912407060639592,-0.922373347662729,-0.892891974592565
1.702,-0.887764059292082,-0.908403478334636,-0.918305390879938,-0.889006758524783
1.70233333333333,-0.883917041827134,-0.904427813002285,-0.914265871782645,-0.885148483458559
1.70266666666667,-0.88009657903308,-0.900479810907283,-0.910254531670952,-0.881316905547401
1.703,-0.87630243181152,-0.896559221118041,-0.906271114700934,-0.877511783632201
1.70333333333333,-0.87253436368376,-0.892665795470668,-0.902315367848081,-0.873732879206773
1.70366666666667,-0.868792140757412,-0.888799288533469,-0.898387040871248,-0.869979956383882
1.704,-0.865075531693537,-0.884959457572033,-0.894485886277186,-0.866252781861776
1.70433333333333,-0.861384307674169,-0.881146062514724,-0.890611659285505,-0.862551124891163
1.70466666666667,-0.857718242370391,-0.877358865918785,-0.886764117794201,-0.858874757242732
1.705,-0.854077111910794,-0.873597632936804,-0.882943022345626,-0.855223453175064
1.70533333333333,-0.850460694850461,-0.869862131283778,-0.879148136092986,-0.851596989403059
1.70566666666667,-0.846868772140304,-0.866152131204559,-0.87537922476729,-0.8479951450668
1.706,-0.843301127096922,-0.86246740544181,-0.871636056644758,-0.844417701700829
1.70633333333333,-0.839757545372828,-0.858807729204417,-0.867918402514735,-0.84086444320394
1.70666666666667,-0.83623781492713,-0.855172880136323,-0.864226035648026,-0.837335155809305
1.707,-0.832741725996627,-0.851562638285857,-0.86055873176567,-0.833829628055107
1.70733333333333,-0.829269071067273,-0.847976786075431,-0.856916269008192,-0.830347650755551
1.70766666666667,-0.82581964484612,-0.844415108271739,-0.853298427905279,-0.826889016972296
1.708,-0.822393244233567,-0.840877391956308,-0.84970499134584,-0.823453521986282
1.70833333333333,-0.818989668296073,-0.837363426496535,-0.846135744548556,-0.820040963269972
1.70866666666667,-0.815608718239232,-0.833873003517071,-0.842590475032804,-0.816651140459985
1.709,-0.812250197381183,-0.830405916871654,-0.839068972589975,-0.813283855330091
1.70933333333333,-0.808913911126482,-0.826961962615318,-0.835571029255258,-0.809938911764642
1.70966666666667,-0.805599666940233,-0.823540938976993,-0.83209643927973,-0.806616115732296
1.71,-0.802307274322693,-0.820142646332503,-0.828644999102918,-0.803315275260196
1.71033333333333,-0.7990365447841,-0.816766887177915,-0.825216507325696,-0.800036200408433
1.71066666666667,-0.795787291820024,-0.813413466103321,-0.821810764683577,-0.796778703244941
1.711,-0.792559330886863,-0.810082189766877,-0.818427574020366,-0.793542597820671
1.71133333333333,-0.789352479377845,-0.806772866869359,-0.815066740262214,-0.790327700145202
1.71166666666667,-0.786166556599277,-0.803485308128925,-0.811728070391966,-0.787133828162557
1.712,-0.783001383747141,-0.800219326256304,-0.808411373423929,-0.783960801727521
1.71233333333333,-0.779856783884025,-0.796974735930345,-0.805116460378979,-0.780808442582154
1.71266666666667,-0.776732581916357,-0.793751353773856,-0.801843144259965,-0.777676574332696
1.713,-0.773628604571967,-0.790548998329806,-0.798591240027514,-0.774565022426774
1.71333333333333,-0.770544680377954,-0.78736749003785,-0.795360564576124,-0.771473614130941
1.71366666666667,-0.76748063963884,-0.784206651211197,-0.792150936710629,-0.768402178508495
1.714,-0.764436314415057,-0.781066306013747,-0.788962177122922,-0.765350546397628
1.71433333333333,-0.761411538501719,-0.77794628043762,-0.785794108369093,-0.762318550389889
1.71466666666667,-0.758406147407643,-0.774846402280913,-0.782646554846779,-0.759306024808887
1.715,-0.755419978334727,-0.771766501125827,-0.779519342772895,-0.756312805689361
1.71533333333333,-0.752452870157565,-0.768706408317055,-0.77641230016165,-0.753338730756492
1.71566666666667,-0.749504663403325,-0.765665956940485,-0.773325256802851,-0.75038363940549
1.716,-0.746575200231977,-0.762644981802201,-0.770258044240516,-0.747447372681501
1.71633333333333,-0.743664324416673,-0.759643319407727,-0.76721049575176,-0.744529773259752
1.71666666666667,-0.74077188132453,-0.756660807941634,-0.764182446326014,-0.741630685425992
1.717,-0.737897717897531,-0.753697287247327,-0.761173732644455,-0.738749955057173
1.71733333333333,-0.735041682633816,-0.750752598807204,-0.758184193059801,-0.735887429602426
1.71766666666667,-0.732203625569122,-0.747826585722999,-0.75521366757628,-0.733042958064261
1.718,-0.729383398258547,-0.74491909269646,-0.752261997829963,-0.730216390980062
1.71833333333333,-0.726580853758516,-0.742029966010256,-0.749329027069308,-0.727407580403785
1.71866666666667,-0.723795846609006,-0.739159053509125,-0.746414600135989,-0.724616379887948
1.719,-0.721028232816003,-0.73630620458132,-0.743518563445962,-0.721842644465833
1.71933333333333,-0.718277869834217,-0.733471270140279,-0.740640764970807,-0.719086230633952
1.71966666666667,-0.715544616549993,-0.730654102606548,-0.737781054219316,-0.716346996334728
1.72,-0.712828333264464,-0.727854555889932,-0.73493928221931,-0.713624800939415
1.72033333333333,-0.710128881676962,-0.725072485371905,-0.732115301499738,-0.71091950523126
1.72066666666667,-0.707446124868582,-0.72230774788827,-0.729308966072961,-0.708230971388875
1.721,-0.704779927286051,-0.719560201711995,-0.726520131417327,-0.705559062969831
1.72133333333333,-0.702130154725716,-0.716829706536353,-0.723748654459942,-0.7029036448945
1.72166666666667,-0.699496674317835,-0.714116123458213,-0.720994393559686,-0.700264583430063
1.722,-0.696879354511009,-0.711419314961616,-0.718257208490449,-0.697641746174769
1.72233333333333,-0.694278065056863,-0.708739144901531,-0.71553696042459,-0.695035002042401
1.72266666666667,-0.691692676994908,-0.706075478487841,-0.712833511916626,-0.692444221246929
1.723,-0.689123062637595,-0.703428182269547,-0.710146726887116,-0.689869275287386
1.72333333333333,-0.686569095555607,-0.70079712411916,-0.707476470606774,-0.687310036932921
1.72366666666667,-0.684030650563286,-0.698182173217314,-0.70482260968079,-0.684766380208081
1.724,-0.681507603704299,-0.695583200037607,-0.702185012033348,-0.682238180378267
1.72433333333333,-0.678999832237479,-0.693000076331586,-0.699563546892372,-0.679725313935378
1.72466666666667,-0.676507214622838,-0.690432675113975,-0.696958084774423,-0.677227658583652
1.725,-0.674029630507768,-0.687880870648078,-0.694368497469864,-0.674745093225706
1.72533333333333,-0.671566960713447,-0.685344538431389,-0.691794658028155,-0.672277497948734
1.72566666666667,-0.669119087221392,-0.682823555181377,-0.689236440743381,-0.6698247540109
1.726,-0.666685893160181,-0.680317798821447,-0.686693721139949,-0.667386743827902
1.72633333333333,-0.6642672627924,-0.677827148467114,-0.68416637595847,-0.664963350959734
1.72666666666667,-0.661863081501699,-0.675351484412337,-0.681654283141861,-0.662554460097581
1.727,-0.659473235780031,-0.672890688116029,-0.679157321821555,-0.66015995705091
1.72733333333333,-0.657097613215104,-0.670444642188771,-0.676675372303991,-0.657779728734752
1.72766666666667,-0.654736102477926,-0.668013230379649,-0.674208316057168,-0.655413663157085
1.728,-0.652388593310545,-0.66559633756331,-0.67175603569746,-0.653061649406442
1.72833333333333,-0.650054976513962,-0.66319384972716,-0.669318414976569,-0.650723577639654
1.72866666666667,-0.647735143936168,-0.660805653958742,-0.666895338768631,-0.648399339069746
1.729,-0.64542898846035,-0.658431638433247,-0.664486693057516,-0.646088825954002
1.72933333333333,-0.643136403993256,-0.656071692401233,-0.662092364924288,-0.643791931582177
1.72966666666667,-0.640857285453688,-0.653725706176466,-0.659712242534791,-0.641508550264862
1.73,-0.638591528761159,-0.651393571123929,-0.657346215127457,-0.639238577321992
1.73033333333333,-0.636339030824701,-0.649075179647985,-0.654994173001208,-0.63698190907153
1.73066666666667,-0.634099689531791,-0.646770425180693,-0.652656007503547,-0.634738442818252
1.731,-0.631873403737442,-0.644479202170275,-0.650331611018796,-0.6325080768427
1.73133333333333,-0.629660073253415,-0.642201406069725,-0.648020876956495,-0.630290710390287
1.73166666666667,-0.627459598837592,-0.63993693332557,-0.645723699739913,-0.628086243660519
1.732,-0.625271882183454,-0.637685681366764,-0.643439974794746,-0.625894577796363
1.73233333333333,-0.623096825909706,-0.635447548593733,-0.641169598537934,-0.62371561487376
1.73266666666667,-0.620934333550048,-0.633222434367572,-0.638912468366616,-0.621549257891239
1.733,-0.61878430954304,-0.631010238999328,-0.636668482647268,-0.61939541075971
1.73333333333333,-0.616646659222145,-0.628810863739497,-0.63443754070492,-0.617253978292351
1.73366666666667,-0.614521288805841,-0.626624210767589,-0.63221954281254,-0.615124866194632
1.734,-0.612408105387886,-0.62445018318184,-0.630014390180549,-0.613007981054465
1.73433333333333,-0.610307016927737,-0.622288684989077,-0.627821984946479,-0.610903230332495
1.73466666666667,-0.608217932241018,-0.620139621094702,-0.625642230164733,-0.608810522352479
1.735,-0.606140760990152,-0.618002897292769,-0.623475029796498,-0.606729766291811
1.73533333333333,-0.604075413675138,-0.615878420256236,-0.621320288699779,-0.604660872172158
1.73566666666667,-0.602021801624349,-0.613766097527306,-0.619177912619543,-0.602603750850222
1.736,-0.599979836985555,-0.611665837507892,-0.617047808178009,-0.600558314008604
1.73633333333333,-0.597949432716999,-0.609577549450226,-0.61492988286506,-0.598524474146796
1.73666666666667,-0.595930502578564,-0.607501143447546,-0.612824045028732,-0.596502144572259
1.737,-0.593922961123097,-0.605436530424941,-0.610730203865882,-0.594491239391655
1.73733333333333,-0.591926723687837,-0.603383622130265,-0.608648269412934,-0.592491673502159
1.73766666666667,-0.589941706385906,-0.601342331125227,-0.606578152536751,-0.590503362582874
1.738,-0.587967826097943,-0.599312570776501,-0.6045197649256,-0.588526223086358
1.73833333333333,-0.586005000463825,-0.597294255247042,-0.602473019080284,-0.58656017223029
1.73866666666667,-0.584053147874518,-0.595287299487447,-0.600437828305308,-0.584605127989178
1.739,-0.582112187463966,-0.593291619227443,-0.598414106700225,-0.582661009086215
1.73933333333333,-0.580182039101173,-0.591307130967485,-0.596401769151035,-0.580727734985222
1.73966666666667,-0.578262623382264,-0.589333751970448,-0.59440073132172,-0.578805225882689
1.74,-0.576353861622764,-0.587371400253411,-0.592410909645877,-0.576893402699908
1.74033333333333,-0.574455675849887,-0.585419994579589,-0.590432221318444,-0.57499218707522
1.74066666666667,-0.572567988794956,-0.5834794544503,-0.588464584287549,-0.573101501356338
1.741,-0.5706907238859,-0.581549700097068,-0.58650791724643,-0.57122126859277
1.74133333333333,-0.568823805239857,-0.57963065247384,-0.584562139625475,-0.569351412528354
1.74166666666667,-0.566967157655856,-0.577722233249229,-0.582627171584353,-0.567491857593831
1.742,-0.56512070660759,-0.57582436479894,-0.580702934004236,-0.56564252889959
1.74233333333333,-0.563284378236274,-0.573936970198223,-0.578789348480138,-0.563803352228417
1.74266666666667,-0.561458099343606,-0.572059973214448,-0.576886337313297,-0.561974254028397
1.743,-0.559641797384783,-0.570193298299751,-0.57499382350371,-0.560155161405853
1.74333333333333,-0.557835400461635,-0.568336870583799,-0.573111730742727,-0.558346002118411
1.74366666666667,-0.556038837315818,-0.566490615866612,-0.571239983405733,-0.556546704568128
1.744,-0.554252037322087,-0.564654460611476,-0.56937850654491,-0.554757197794696
1.74433333333333,-0.55247493048167,-0.562828331937973,-0.567527225882129,-0.552977411468747
1.74466666666667,-0.550707447415716,-0.561012157615059,-0.565686067801876,-0.551207275885238
1.745,-0.548949519358799,-0.559205866054215,-0.563854959344293,-0.54944672195687
1.74533333333333,-0.547201078152533,-0.557409386302764,-0.562033828198297,-0.547695681207681
1.74566666666667,-0.545462056239236,-0.55562264803714,-0.560222602694784,-0.545954085766609
1.746,-0.54373238665568,-0.553845581556345,-0.558421211799892,-0.544221868361201
1.74633333333333,-0.542012003026935,-0.552078117775441,-0.556629585108389,-0.542498962311381
1.74666666666667,-0.54030083956024,-0.550320188219116,-0.554847652837099,-0.540785301523282
1.747,-0.538598831038991,-0.548571725015328,-0.553075345818419,-0.539080820483153
1.74733333333333,-0.536905912816785,-0.546832660889059,-0.551312595493929,-0.537385454251354
1.74766666666667,-0.535222020811523,-0.545102929156085,-0.549559333908048,-0.535699138456414
1.748,-0.533547091499597,-0.543382463716864,-0.547815493701793,-0.534021809289146
1.74833333333333,-0.531881061910145,-0.541671199050493,-0.54608100810661,-0.532353403496847
1.74866666666667,-0.530223869619367,-0.539969070208699,-0.544355810938239,-0.530693858377568
1.749,-0.52857545274491,-0.538276012809968,-0.542639836590724,-0.529043111774446
1.74933333333333,-0.526935749940325,-0.536591963033673,-0.54093302003041,-0.527401102070102
1.74966666666667,-0.525304700389583,-0.534916857614314,-0.539235296790086,-0.525767768181102
1.75,-0.523682243801648,-0.533250633835827,-0.537546602963144,-0.524143049552501
1.75033333333333,-0.522068320405132,-0.531593229525919,-0.535866875197831,-0.522526886152412
1.75066666666667,-0.520462870943005,-0.529944583050534,-0.534196050691566,-0.520919218466699
1.751,-0.518865836667351,-0.528304633308312,-0.532534067185322,-0.519319987493671
1.75133333333333,-0.517277159334213,-0.52667331972518,-0.530880862958065,-0.517729134738874
1.75166666666667,-0.515696781198472,-0.525050582248964,-0.529236376821283,-0.516146602209947
1.752,-0.514124645008809,-0.523436361344074,-0.527600548113546,-0.514572332411491
1.75233333333333,-0.512560694002703,-0.521830597986251,-0.52597331669515,-0.51300626834007
1.75266666666667,-0.511004871901504,-0.520233233657389,-0.52435462294283,-0.511448353479225
1.753,-0.509457122905554,-0.518644210340377,-0.522744407744496,-0.509898531794525
1.75333333333333,-0.507917391689366,-0.51706347051408,-0.521142612494104,-0.508356747728738
1.75366666666667,-0.506385623396863,-0.515490957148264,-0.519549179086488,-0.506822946197013
1.754,-0.504861763636668,-0.5139266136987,-0.51796404991234,-0.505297072582111
1.75433333333333,-0.503345758477448,-0.512370384102229,-0.516387167853199,-0.50377907272974
1.75466666666667,-0.501837554443308,-0.510822212771949,-0.514818476276511,-0.502268892943886
1.755,-0.500337098509253,-0.50928204459241,-0.51325791903075,-0.500766479982241
1.75533333333333,-0.498844338096678,-0.507749824914898,-0.511705440440587,-0.499271781051647
1.75566666666667,-0.497359221068937,-0.50622549955277,-0.510160985302128,-0.497784743803638
1.756,-0.495881695726935,-0.504709014776808,-0.508624498878177,-0.49630531632999
1.75633333333333,-0.494411710804795,-0.503200317310677,-0.507095926893598,-0.494833447158336
1.75666666666667,-0.492949215465553,-0.501699354326396,-0.505575215530692,-0.493369085247851
1.757,-0.491494159296919,-0.500206073439879,-0.504062311424643,-0.49191217998495
1.75733333333333,-0.490046492307084,-0.498720422706523,-0.502557161659017,-0.490462681179068
1.75766666666667,-0.488606164920552,-0.497242350616854,-0.501059713761299,-0.489020539058469
1.758,-0.487173127974061,-0.49577180609219,-0.499569915698508,-0.487585704266109
1.75833333333333,-0.485747332712508,-0.49430873848041,-0.498087715872834,-0.486158127855547
1.75866666666667,-0.484328730784943,-0.492853097551721,-0.496613063117329,-0.484737761286896
1.759,-0.48291727424061,-0.491404833494487,-0.495145906691674,-0.483324556422827
1.75933333333333,-0.481512915525024,-0.489963896911129,-0.493686196277948,-0.481918465524621
1.75966666666667,-0.480115607476083,-0.488530238814033,-0.492233881976488,-0.480519441248245
1.76,-0.478725303320247,-0.487103810621527,-0.490788914301775,-0.479127436640502
1.76033333333333,-0.477341956668757,-0.485684564153911,-0.489351244178359,-0.477742405135206
1.76066666666667,-0.475965521513859,-0.484272451629503,-0.487920822936856,-0.476364300549396
1.761,-0.474595952225121,-0.482867425660763,-0.486497602309957,-0.474993077079603
1.76133333333333,-0.473233203545769,-0.481469439250425,-0.485081534428512,-0.473628689298172
1.76166666666667,-0.471877230589049,-0.480078445787718,-0.483672571817648,-0.472271092149581
1.762,-0.470527988834659,-0.478694399044579,-0.482270667392898,-0.470920240946852
1.76233333333333,-0.469185434125191,-0.477317253171943,-0.480875774456454,-0.469576091367968
1.76266666666667,-0.467849522662652,-0.475946962696059,-0.479487846693353,-0.468238599452341
1.763,-0.466520211004959,-0.474583482514867,-0.47810683816781,-0.466907721597325
1.76333333333333,-0.465197456062568,-0.473226767894371,-0.476732703319518,-0.465583414554765
1.76366666666667,-0.463881215095021,-0.47187677446511,-0.475365396960022,-0.464265635427558
1.764,-0.462571445707652,-0.470533458218626,-0.474004874269136,-0.462954341666313
1.76433333333333,-0.461268105848239,-0.469196775503985,-0.472651090791373,-0.461649491065983
1.76466666666667,-0.459971153803742,-0.467866683024347,-0.471304002432459,-0.460351041762564
1.765,-0.458680548197052,-0.466543137833542,-0.469963565455832,-0.459058952229845
1.76533333333333,-0.457396247983792,-0.465226097332728,-0.468629736479222,-0.457773181276159
1.76566666666667,-0.456118212449141,-0.463915519267058,-0.467302472471254,-0.456493688041196
1.766,-0.454846401204701,-0.462611361722367,-0.465981730748075,-0.455220431992841
1.76633333333333,-0.453580774185402,-0.461313583121952,-0.464667468970048,-0.453953372924048
1.76666666666667,-0.452321291646416,-0.460022142223327,-0.463359645138463,-0.45269247094975
1.767,-0.451067914160148,-0.45873699811505,-0.462058217592264,-0.451437686503802
1.76733333333333,-0.449820602613207,-0.457458110213567,-0.460763145004868,-0.450188980335963
1.76766666666667,-0.448579318203463,-0.456185438260109,-0.459474386380961,-0.448946313508874
1.768,-0.447344022437088,-0.454918942317604,-0.458191901053357,-0.447709647395155
1.76833333333333,-0.446114677125683,-0.453658582767622,-0.456915648679904,-0.446478943674425
1.76866666666667,-0.444891244383363,-0.452404320307381,-0.455645589240385,-0.44525416433044
1.769,-0.44367368662395,-0.451156115946746,-0.454381683033477,-0.444035271648214
1.76933333333333,-0.442461966558146,-0.449913931005296,-0.45312389067377,-0.442822228211198
1.76966666666667,-0.441256047190761,-0.448677727109398,-0.451872173088741,-0.441614996898471
1.77,-0.440055891817943,-0.44744746618932,-0.450626491515857,-0.44041354088197
1.77033333333333,-0.43886146402449,-0.446223110476397,-0.449386807499628,-0.43921782362375
1.77066666666667,-0.437672727681124,-0.445004622500174,-0.448153082888737,-0.438027808873275
1.771,-0.436489646941851,-0.443791965085649,-0.446925279833195,-0.436843460664733
1.77133333333333,-0.435312186241315,-0.442585101350489,-0.445703360781512,-0.43566474331438
1.77166666666667,-0.434140310292196,-0.441383994702299,-0.444487288477907,-0.434491621417919
1.772,-0.432973984082634,-0.440188608835927,-0.443277025959555,-0.433324059847898
1.77233333333333,-0.431813172873674,-0.438998907730788,-0.442072536553852,-0.432162023751149
1.77266666666667,-0.430657842196739,-0.437814855648207,-0.440873783875717,-0.431005478546239
1.773,-0.429507957851139,-0.436636417128822,-0.439680731824915,-0.429854389920954
1.77333333333333,-0.42836348590161,-0.435463556989976,-0.438493344583425,-0.428708723829825
1.77366666666667,-0.427224392675842,-0.434296240323162,-0.437311586612805,-0.427568446491646
1.774,-0.426090644762097,-0.433134432491498,-0.436135422651629,-0.426433524387049
1.77433333333333,-0.424962209006783,-0.431978099127198,-0.4349648177129,-0.425303924256105
1.77466666666667,-0.423839052512113,-0.430827206129119,-0.433799737081551,-0.424179613095924
1.775,-0.422721142633739,-0.429681719660278,-0.432640146311906,-0.423060558158304
1.77533333333333,-0.421608446978468,-0.428541606145447,-0.431486011225221,-0.421946726947395
1.77566666666667,-0.420500933401924,-0.42740683226874,-0.430337297907227,-0.42083808721739
1.776,-0.419398570006319,-0.426277364971224,-0.429193972705696,-0.419734606970245
1.77633333333333,-0.418301325138188,-0.425153171448603,-0.428056002228057,-0.418636254453416
1.77666666666667,-0.417209167386169,-0.424034219148845,-0.426923353338997,-0.417542998157612
1.777,-0.416122065578815,-0.422920475769912,-0.425795993158128,-0.416454806814606
1.77733333333333,-0.415039988782405,-0.421811909257473,-0.424673889057655,-0.415371649395023
1.77766666666667,-0.413962906298797,-0.420708487802639,-0.423557008660072,-0.414293495106172
1.778,-0.412890787663304,-0.419610179839743,-0.422445319835884,-0.413220313389925
1.77833333333333,-0.411823602642572,-0.418516954044125,-0.421338790701366,-0.41215207392056
1.77866666666667,-0.410761321232512,-0.417428779329967,-0.42023738961631,-0.411088746602701
1.779,-0.409703913656221,-0.416345624848096,-0.419141085181837,-0.410030301569203
1.77933333333333,-0.40865135036195,-0.415267459983877,-0.418049846238207,-0.408976709179123
1.77966666666667,-0.407603602021064,-0.414194254355074,-0.416963641862653,-0.40792794001567
1.78,-0.406560639526067,-0.413125977809776,-0.415882441367255,-0.406883964884186
1.78033333333333,-0.405522433988613,-0.412062600424303,-0.414806214296811,-0.40584475481018
1.78066666666667,-0.404488956737522,-0.411004092501166,-0.413734930426751,-0.404810281037321
1.781,-0.403460179316881,-0.409950424567036,-0.412668559761053,-0.403780515025509
1.78133333333333,-0.402436073484094,-0.408901567370733,-0.411607072530208,-0.402755428448942
1.78166666666667,-0.401416611207996,-0.407857491881234,-0.41055043918918,-0.401734993194185
1.782,-0.400401764666969,-0.406818169285711,-0.409498630415395,-0.400719181358294
1.78233333333333,-0.399391506247085,-0.405783570987578,-0.408451617106758,-0.399707965246951
1.78266666666667,-0.398385808540251,-0.404753668604568,-0.407409370379685,-0.398701317372593
1.783,-0.397384644342409,-0.403728433966821,-0.406371861567159,-0.397699210452576
1.78333333333333,-0.396387986651711,-0.402707839114997,-0.405339062216781,-0.396701617407375
1.78366666666667,-0.395395808666735,-0.401691856298404,-0.404310944088896,-0.395708511358779
1.784,-0.394408083784734,-0.400680457973157,-0.403287479154675,-0.394719865628105
1.78433333333333,-0.393424785599867,-0.399673616800338,-0.402268639594264,-0.393735653734448
1.78466666666667,-0.392445887901474,-0.398671305644189,-0.401254397794928,-0.392755849392935
1.785,-0.39147136467237,-0.39767349757031,-0.400244726349214,-0.391780426512992
1.78533333333333,-0.390501190087128,-0.396680165843892,-0.399239598053151,-0.390809359196653
1.78566666666667,-0.38953533851042,-0.395691283927965,-0.398238985904451,-0.389842621736844
1.786,-0.38857378449534,-0.394706825481639,-0.397242863100729,-0.388880188615739
1.78633333333333,-0.387616502781767,-0.393726764358397,-0.396251203037749,-0.387922034503085
1.78666666666667,-0.386663468294732,-0.392751074604395,-0.395263979307677,-0.386968134254564
1.787,-0.385714656142791,-0.391779730456754,-0.39428116569738,-0.38601846291018
1.78733333333333,-0.384770041616462,-0.390812706341908,-0.393302736186692,-0.385072995692637
1.78766666666667,-0.383829600186606,-0.389849976873942,-0.392328664946749,-0.384131708005764
1.788,-0.382893307502887,-0.388891516852964,-0.391358926338308,-0.383194575432927
1.78833333333333,-0.381961139392212,-0.387937301263474,-0.390393494910094,-0.382261573735487
1.78866666666667,-0.3810330718572,-0.386987305272767,-0.389432345397172,-0.381332678851235
1.789,-0.380109081074665,-0.386041504229339,-0.388475452719304,-0.380407866892882
1.78933333333333,-0.379189143394107,-0.385099873661325,-0.387522791979372,-0.37948711414654
1.78966666666667,-0.378273235336234,-0.384162389274937,-0.386574338461769,-0.378570397070223
1.79,-0.377361333591478,-0.383229026952912,-0.385630067630846,-0.377657692292369
1.79033333333333,-0.376453415018529,-0.382299762753011,-0.384689955129326,-0.376748976610373
1.79066666666667,-0.375549456642918,-0.381374572906489,-0.383753976776793,-0.375844226989123
1.791,-0.374649435655561,-0.380453433816605,-0.382822108568147,-0.374943420559573
1.79133333333333,-0.373753329411354,-0.37953632205715,-0.381894326672106,-0.374046534617324
1.79166666666667,-0.372861115427765,-0.378623214370969,-0.380970607429699,-0.373153546621192
1.792,-0.371972771383455,-0.377714087668519,-0.380050927352787,-0.372264434191831
1.79233333333333,-0.371088275116893,-0.376808919026431,-0.379135263122611,-0.371379175110349
1.79266666666667,-0.370207604625004,-0.375907685686083,-0.378223591588321,-0.370497747316928
1.793,-0.369330738061815,-0.375010365052193,-0.377315889765544,-0.369620128909475
1.79333333333333,-0.368457653737123,-0.374116934691434,-0.376412134834977,-0.368746298142285
1.79366666666667,-0.367588330115171,-0.373227372331041,-0.375512304140948,-0.367876233424703
1.794,-0.366722745813348,-0.372341655857444,-0.37461637519005,-0.367009913319815
1.79433333333333,-0.365860879600885,-0.371459763314932,-0.373724325649744,-0.366147316543146
1.79466666666667,-0.365002710397568,-0.370581672904287,-0.372836133346992,-0.365288421961356
1.795,-0.364148217272493,-0.369707362981476,-0.371951776266908,-0.364433208590987
1.79533333333333,-0.363297379442769,-0.368836812056333,-0.371071232551418,-0.363581655597179
1.79566666666667,-0.362450176272302,-0.367969998791246,-0.370194480497915,-0.362733742292417
1.796,-0.36160658727055,-0.367106901999888,-0.36932149855797,-0.361889448135304
1.79633333333333,-0.360766592091307,-0.366247500645928,-0.36845226533601,-0.36104875272932
1.79666666666667,-0.359930170531488,-0.365391773841764,-0.367586759588032,-0.36021163582161
1.797,-0.35909730252993,-0.364539700847275,-0.366724960220338,-0.359378077301786
1.79733333333333,-0.358267968166207,-0.363691261068604,-0.365866846288255,-0.358548057200723
1.79766666666667,-0.357442147659459,-0.362846434056893,-0.365012396994887,-0.357721555689378
1.798,-0.356619821367228,-0.362005199507085,-0.364161591689886,-0.356898553077629
1.79833333333333,-0.355800969784299,-0.361167537256738,-0.363314409868208,-0.356079029813119
1.79866666666667,-0.354985573541559,-0.360333427284803,-0.362470831168905,-0.355262966480082
1.799,-0.354173613404878,-0.359502849710461,-0.361630835373918,-0.354450343798238
1.79933333333333,-0.353365070273969,-0.358675784791947,-0.360794402406891,-0.353641142621663
1.79966666666667,-0.352559925181306,-0.357852212925408,-0.35996151233198,-0.352835343937645
1.8,-0.351758159291,-0.357032114643732,-0.359132145352686,-0.352032928865613
1.80033333333333,-0.35095975389773,-0.356215470615425,-0.358306281810701,-0.351233878656039
1.80066666666667,-0.350164690425651,-0.355402261643493,-0.35748390218475,-0.35043817468933
1.801,-0.349372950427337,-0.354592468664318,-0.356664987089473,-0.349645798474785
1.80133333333333,-0.348584515582728,-0.353786072746561,-0.355849517274277,-0.348856731649519
1.80166666666667,-0.34779936769806,-0.352983055090058,-0.355037473622236,-0.348070955977404
1.802,-0.347017488704858,-0.352183397024757,-0.35422883714898,-0.347288453348044
1.80233333333333,-0.346238860658895,-0.351387080009628,-0.353423589001611,-0.346509205775732
1.80266666666667,-0.345463465739164,-0.350594085631611,-0.352621710457605,-0.345733195398429
1.803,-0.344691286246891,-0.34980439560456,-0.351823182923749,-0.344960404476738
1.80333333333333,-0.343922304604523,-0.349017991768212,-0.351027987935073,-0.34419081539293
1.80366666666667,-0.343156503354744,-0.34823485608713,-0.3502361071538,-0.343424410649928
1.804,-0.342393865159496,-0.34745497064972,-0.349447522368312,-0.342661172870327
1.80433333333333,-0.341634372799003,-0.346678317667174,-0.348662215492101,-0.34190108479542
1.80466666666667,-0.340878009170823,-0.345904879472503,-0.347880168562746,-0.341144129284237
1.805,-0.340124757288874,-0.345134638519532,-0.34710136374092,-0.340390289312578
1.80533333333333,-0.339374600282522,-0.344367577381904,-0.34632578330937,-0.339639547972071
1.80566666666667,-0.338627521395608,-0.343603678752123,-0.345553409671919,-0.338891888469234
1.806,-0.337883503985563,-0.342842925440587,-0.344784225352494,-0.338147294124539
1.80633333333333,-0.337142531522462,-0.342085300374613,-0.344018212994147,-0.337405748371508
1.80666666666667,-0.336404587588122,-0.341330786597515,-0.343255355358069,-0.336667234755773
1.807,-0.335669655875216,-0.340579367267646,-0.342495635322672,-0.335931736934191
1.80733333333333,-0.334937720186363,-0.339831025657476,-0.341739035882601,-0.335199238673945
1.80766666666667,-0.334208764433248,-0.339085745152678,-0.340985540147813,-0.334469723851654
1.808,-0.333482772635768,-0.338343509251196,-0.340235131342644,-0.333743176452491
1.80833333333333,-0.332759728921133,-0.337604301562361,-0.339487792804897,-0.333019580569319
1.80866666666667,-0.332039617523031,-0.336868105805991,-0.338743507984896,-0.332298920401823
1.809,-0.331322422780768,-0.336134905811486,-0.338002260444629,-0.331581180255652
1.80933333333333,-0.330608129138426,-0.33540468551698,-0.337264033856803,-0.330866344541587
1.80966666666667,-0.329896721144025,-0.334677428968443,-0.336528812003989,-0.330154397774682
1.81,-0.329188183448706,-0.333953120318832,-0.335796578777728,-0.329445324573443
1.81033333333333,-0.328482500805896,-0.333231743827234,-0.335067318177658,-0.328739109659005
1.81066666666667,-0.327779658070508,-0.332513283858014,-0.33434101431066,-0.328035737854308
1.811,-0.327079640198124,-0.331797724879985,-0.333617651389989,-0.327335194083306
1.81133333333333,-0.326382432244219,-0.331085051465571,-0.33289721373444,-0.326637463370141
1.81166666666667,-0.325688019363341,-0.330375248289985,-0.332179685767497,-0.325942530838367
1.812,-0.324996386808356,-0.329668300130404,-0.331465052016493,-0.325250381710157
1.81233333333333,-0.324307519929649,-0.328964191865175,-0.330753297111822,-0.32456100130553
1.81266666666667,-0.323621404174378,-0.328262908473012,-0.330044405786067,-0.323874375041562
1.813,-0.322938025085693,-0.327564435032192,-0.329338362873242,-0.323190488431642
1.81333333333333,-0.322257368301985,-0.326868756719771,-0.328635153307949,-0.322509327084705
1.81366666666667,-0.321579419556158,-0.326175858810811,-0.327934762124616,-0.321830876704471
1.814,-0.32090416467485,-0.325485726677609,-0.327237174456682,-0.321155123088713
1.81433333333333,-0.320231589577737,-0.324798345788922,-0.326542375535834,-0.320482052128522
1.81466666666667,-0.31956168027678,-0.324113701709209,-0.325850350691231,-0.319811649807555
1.815,-0.318894422875521,-0.323431780097892,-0.325161085348726,-0.319143902201339
1.81533333333333,-0.31822980356835,-0.322752566708607,-0.324474565030129,-0.318478795476535
1.81566666666667,-0.317567808639814,-0.322076047388454,-0.323790775352423,-0.317816315890228
1.816,-0.316908424463907,-0.321402208077284,-0.323109702027052,-0.317156449789226
1.81633333333333,-0.316251637503367,-0.320731034806954,-0.322431330859158,-0.316499183609359
1.81666666666667,-0.315597434309013,-0.320062513700638,-0.321755647746858,-0.315844503874793
1.817,-0.314945801519029,-0.319396630972079,-0.32108263868052,-0.315192397197337
1.81733333333333,-0.314296725858307,-0.318733372924924,-0.320412289742042,-0.314542850275764
1.81766666666667,-0.313650194137778,-0.318072725951984,-0.31974458710413,-0.313895849895136
1.818,-0.31300619325373,-0.31741467653458,-0.319079517029612,-0.313251382926145
1.81833333333333,-0.312364710187173,-0.316759211241831,-0.318417065870721,-0.312609436324443
1.81866666666667,-0.311725732003158,-0.31610631672998,-0.317757220068408,-0.311969997129985
1.819,-0.311089245850164,-0.315455979741731,-0.317099966151655,-0.311333052466389
1.81933333333333,-0.310455238959425,-0.314808187105563,-0.316445290736792,-0.310698589540276
1.81966666666667,-0.309823698644311,-0.314162925735083,-0.315793180526825,-0.310066595640655
1.82,-0.30919461229969,-0.313520182628371,-0.315143622310761,-0.309437058138258
1.82033333333333,-0.308567967401317,-0.312879944867308,-0.31449660296295,-0.308809964484947
1.82066666666667,-0.307943751505201,-0.312242199616961,-0.313852109442429,-0.308185302213071
1.821,-0.307321952246994,-0.311606934124924,-0.313210128792272,-0.307563058934855
1.82133333333333,-0.306702557341392,-0.3109741357207,-0.312570648138929,-0.306943222341791
1.82166666666667,-0.306085554581524,-0.310343791815053,-0.311933654691607,-0.306325780204032
1.822,-0.305470931838353,-0.309715889899408,-0.311299135741632,-0.305710720369793
1.82233333333333,-0.304858677060098,-0.309090417545223,-0.310667078661809,-0.305098030764757
1.82266666666667,-0.304248778271623,-0.308467362403382,-0.310037470905805,-0.304487699391485
1.823,-0.303641223573887,-0.307846712203587,-0.309410300007537,-0.303879714328825
1.82333333333333,-0.303036001143336,-0.307228454753764,-0.308785553580556,-0.303274063731354
1.82366666666667,-0.302433099231355,-0.30661257793946,-0.308163219317436,-0.302670735828776
1.824,-0.301832506163684,-0.305999069723253,-0.307543284989182,-0.30206971892537
1.82433333333333,-0.301234210339878,-0.305387918144179,-0.30692573844463,-0.301471001399435
1.82466666666667,-0.300638200232725,-0.304779111317149,-0.306310567609849,-0.300874571702704
1.825,-0.300044464387715,-0.304172637432363,-0.305697760487574,-0.30028041835982
1.82533333333333,-0.299452991422482,-0.303568484754749,-0.305087305156604,-0.299688529967765
1.82566666666667,-0.298863770026261,-0.302966641623417,-0.304479189771244,-0.299098895195321
1.826,-0.298276788959365,-0.302367096451057,-0.303873402560726,-0.298511502782542
1.82633333333333,-0.297692037052632,-0.301769837723435,-0.303269931828642,-0.297926341540203
1.82666666666667,-0.297109503206915,-0.301174853998798,-0.302668765952395,-0.297343400349279
1.827,-0.296529176392543,-0.300582133907366,-0.30206989338263,-0.296762668160417
1.82733333333333,-0.295951045648813,-0.299991666150768,-0.301473302642693,-0.296184133993416
1.82766666666667,-0.295375100083475,-0.299403439501515,-0.300878982328085,-0.295607786936714
1.828,-0.294801328872212,-0.298817442802478,-0.300286921105912,-0.29503361614686
1.82833333333333,-0.294229721258149,-0.298233664966343,-0.299697107714357,-0.294461610848031
1.82866666666667,-0.29366026655134,-0.297652094975109,-0.299109530962152,-0.293891760331513
1.829,-0.293092954128272,-0.297072721879553,-0.29852417972804,-0.293324053955197
1.82933333333333,-0.292527773431387,-0.296495534798741,-0.297941042960257,-0.292758481143101
1.82966666666667,-0.291964713968568,-0.295920522919496,-0.297360109676018,-0.29219503138487
1.83,-0.29140376531268,-0.295347675495904,-0.296781368961001,-0.291633694235286
1.83033333333333,-0.290844917101071,-0.294776981848817,-0.296204809968838,-0.291074459313799
1.83066666666667,-0.290288159035115,-0.294208431365362,-0.295630421920605,-0.290517316304035
1.831,-0.28973348087971,-0.293642013498439,-0.295058194104335,-0.289962254953328
1.83133333333333,-0.289180872462849,-0.293077717766236,-0.294488115874502,-0.289409265072258
1.83166666666667,-0.288630323675126,-0.29251553375176,-0.293920176651558,-0.288858336534177
1.832,-0.288081824469292,-0.291955451102345,-0.29335436592141,-0.288309459274739
1.83233333333333,-0.287535364859787,-0.291397459529179,-0.292790673234968,-0.28776262329146
1.83266666666667,-0.286990934922298,-0.290841548806848,-0.29222908820765,-0.28721781864326
1.833,-0.286448524793303,-0.290287708772843,-0.291669600518904,-0.286675035449994
1.83333333333333,-0.285908124669644,-0.289735929327131,-0.291112199911755,-0.286134263892044
1.83366666666667,-0.285369724808052,-0.289186200431669,-0.29055687619231,-0.285595494209829
1.834,-0.284833315524752,-0.288638512109964,-0.290003619229322,-0.285058716703409
1.83433333333333,-0.284298887194989,-0.288092854446619,-0.289452418953718,-0.284523921732027
1.83466666666667,-0.283766430252636,-0.287549217586891,-0.288903265358139,-0.283991099713678
1.835,-0.283235935189735,-0.28700759173624,-0.288356148496509,-0.28346024112469
1.83533333333333,-0.282707392556102,-0.28646796715989,-0.287811058483553,-0.282931336499299
1.83566666666667,-0.282180792958891,-0.285930334182406,-0.287267985494392,-0.282404376429226
1.836,-0.281656127062177,-0.285394683187252,-0.286726919764073,-0.28187935156325
1.83633333333333,-0.281133385586562,-0.284861004616361,-0.286187851587151,-0.281356252606821
1.83666666666667,-0.280612559308747,-0.284329288969714,-0.285650771317248,-0.280835070321619
1.837,-0.28009363906114,-0.283799526804928,-0.285115669366624,-0.280315795525176
1.83733333333333,-0.279576615731451,-0.283271708736825,-0.284582536205755,-0.27979841909045
1.83766666666667,-0.279061480262288,-0.28274582543702,-0.284051362362908,-0.279282931945434
1.838,-0.27854822365076,-0.282221867633526,-0.283522138423729,-0.278769325072772
1.83833333333333,-0.278036836948113,-0.281699826110318,-0.282994855030817,-0.278257589509339
1.83866666666667,-0.277527311259302,-0.281179691706967,-0.282469502883327,-0.277747716345881
1.839,-0.277019637742635,-0.280661455318204,-0.281946072736546,-0.277239696726605
1.83933333333333,-0.276513807609374,-0.280145107893547,-0.28142455540151,-0.27673352184881
1.83966666666667,-0.276009812123366,-0.2796306404369,-0.280904941744576,-0.276229182962499
1.84,-0.275507642600671,-0.279118044006157,-0.280387222687046,-0.275726671370009
1.84033333333333,-0.275007290409167,-0.278607309712827,-0.279871389204766,-0.275225978425628
1.84066666666667,-0.274508746968214,-0.278098428721638,-0.279357432327733,-0.27472709553524
1.841,-0.27401200374826,-0.277591392250171,-0.278845343139703,-0.274230014155934
1.84133333333333,-0.273517052270493,-0.277086191568468,-0.278335112777827,-0.273734725795658
1.84166666666667,-0.273023884106472,-0.276582817998662,-0.277826732432236,-0.273241222012858
1.842,-0.272532490877777,-0.276081262914607,-0.277320193345693,-0.272749494416106
1.84233333333333,-0.272042864255647,-0.275581517741522,-0.276815486813201,-0.272259534663754
1.84266666666667,-0.271554995960641,-0.2750835739556,-0.276312604181638,-0.271771334463579
1.843,-0.271068877762269,-0.274587423083671,-0.275811536849387,-0.271284885572434
1.84333333333333,-0.270584501478664,-0.274093056702824,-0.275312276265963,-0.2708001797959
1.84366666666667,-0.270101858976238,-0.273600466440069,-0.27481481393167,-0.270317208987945
1.844,-0.269620942169332,-0.273109643971966,-0.274319141397206,-0.269835965050577
1.84433333333333,-0.269141743019881,-0.272620581024288,-0.273825250263351,-0.269356439933508
1.84466666666667,-0.268664253537093,-0.272133269371667,-0.273333132180575,-0.268878625633819
1.845,-0.268188465777094,-0.271647700837245,-0.2728427788487,-0.268402514195632
1.84533333333333,-0.267714371842618,-0.271163867292351,-0.272354182016564,-0.267928097709767
1.84566666666667,-0.267241963882674,-0.270681760656136,-0.271867333481654,-0.267455368313431
1.846,-0.266771234092223,-0.270201372895265,-0.271382225089781,-0.266984318189875
1.84633333333333,-0.266302174711853,-0.269722696023552,-0.270898848734728,-0.266514939568091
1.84666666666667,-0.265834778027465,-0.26924572210166,-0.270417196357926,-0.266047224722473
1.847,-0.265369036369956,-0.268770443236748,-0.269937259948099,-0.265581165972515
1.84733333333333,-0.264904942114903,-0.268296851582166,-0.269459031540965,-0.265116755682495
1.84766666666667,-0.264442487682256,-0.267824939337117,-0.268982503218871,-0.264653986261147
1.848,-0.263981665536028,-0.267354698746348,-0.268507667110488,-0.264192850161372
1.84833333333333,-0.263522468183988,-0.266886122099822,-0.268034515390488,-0.263733339879929
1.84866666666667,-0.263064888177358,-0.26641920173241,-0.267563040279215,-0.263275447957107
1.849,-0.262608918110515,-0.265953930023581,-0.267093234042365,-0.26281916697646
1.84933333333333,-0.262154550620685,-0.265490299397085,-0.266625088990689,-0.262364489564469
1.84966666666667,-0.261701778387661,-0.265028302320645,-0.26615859747965,-0.261911408390281
1.85,-0.261250594133485,-0.264567931305661,-0.265693751909138,-0.261459916165388
1.85033333333333,-0.260800990622189,-0.264109178906907,-0.265230544723149,-0.261010005643343
1.85066666666667,-0.260352960659477,-0.263652037722215,-0.264768968409489,-0.26056166961948
1.851,-0.259906497092451,-0.263196500392193,-0.264309015499449,-0.260114900930601
1.85133333333333,-0.25946159280933,-0.262742559599935,-0.26385067856754,-0.25966969245472
1.85166666666667,-0.259018240739156,-0.262290208070708,-0.263393950231161,-0.259226037110764
1.852,-0.258576433851527,-0.261839438571674,-0.262938823150318,-0.258783927858291
1.85233333333333,-0.258136165156311,-0.261390243911604,-0.262485290027328,-0.258343357697218
1.85266666666667,-0.257697427703376,-0.260942616940588,-0.262033343606539,-0.257904319667539
1.853,-0.257260214582302,-0.260496550549748,-0.261582976674014,-0.257466806849056
1.85333333333333,-0.256824518922137,-0.260052037670965,-0.261134182057275,-0.257030812361105
1.85366666666667,-0.2563903338911,-0.25960907127659,-0.260686952624998,-0.256596329362282
1.854,-0.255957652696334,-0.259167644379177,-0.260241281286737,-0.256163351050183
1.85433333333333,-0.255526468583626,-0.258727750031201,-0.259797160992652,-0.255731870661127
1.85466666666667,-0.255096774837157,-0.258289381324795,-0.259354584733212,-0.255301881469914
1.855,-0.254668564779237,-0.257852531391459,-0.258913545538944,-0.254873376789529
1.85533333333333,-0.254241831770041,-0.25741719340182,-0.258474036480143,-0.254446349970924
1.85566666666667,-0.253816569207363,-0.256983360565344,-0.258036050666601,-0.254020794402724
1.856,-0.253392770526346,-0.256551026130084,-0.25759958124735,-0.253596703510994
1.85633333333333,-0.252970429199251,-0.256120183382409,-0.257164621410384,-0.25317407075898
1.85666666666667,-0.252549538735187,-0.255690825646752,-0.2567311643824,-0.25275288964685
1.857,-0.25213009267987,-0.255262946285348,-0.25629920342853,-0.252333153711462
1.85733333333333,-0.251712084615378,-0.254836538697984,-0.255868731852093,-0.251914856526099
1.85766666666667,-0.251295508159906,-0.254411596321733,-0.255439742994313,-0.251497991700227
1.858,-0.250880356967516,-0.253988112630711,-0.255012230234092,-0.251082552879266
1.85833333333333,-0.250466624727912,-0.253566081135835,-0.254586186987734,-0.25066853374433
1.85866666666667,-0.25005430516618,-0.253145495384562,-0.254161606708697,-0.250255928011997
1.859,-0.24964339204257,-0.25272634896064,-0.253738482887353,-0.249844729434068
1.85933333333333,-0.249233879152246,-0.252308635483881,-0.253316809050724,-0.24943493179733
1.85966666666667,-0.248825760325067,-0.251892348609905,-0.252896578762245,-0.249026528923332
1.86,-0.248419029425338,-0.251477482029906,-0.25247778562152,-0.248619514668138
1.86033333333333,-0.248013680351598,-0.25106402947041,-0.252060423264072,-0.248213882922099
1.86066666666667,-0.247609707036379,-0.250651984693042,-0.251644485361111,-0.24780962760964
1.861,-0.247207103445981,-0.250241341494293,-0.251229965619291,-0.24740674268901
1.86133333333333,-0.246805863580263,-0.249832093705281,-0.250816857780467,-0.247005222152078
1.86166666666667,-0.246405981472391,-0.24942423519152,-0.250405155621477,-0.246605060024092
1.862,-0.246007451188648,-0.249017759852697,-0.249994852953878,-0.246206250363467
1.86233333333333,-0.245610266828191,-0.248612661622449,-0.249585943623761,-0.245808787261565
1.86266666666667,-0.245214422522845,-0.248208934468114,-0.249178421511464,-0.245412664842474
1.863,-0.244819912436891,-0.247806572390539,-0.248772280531393,-0.245017877262786
1.86333333333333,-0.244426730766835,-0.247405569423832,-0.248367514631775,-0.244624418711399
1.86366666666667,-0.244034871741211,-0.247005919635157,-0.247964117794425,-0.244232283409286
1.864,-0.243644329620365,-0.246607617124506,-0.247562084034542,-0.243841465609287
1.86433333333333,-0.24325509869624,-0.246210656024484,-0.247161407400478,-0.243451959595908
1.86466666666667,-0.242867173292181,-0.245815030500101,-0.246762081973515,-0.243063759685104
1.865,-0.242480547762716,-0.245420734748548,-0.246364101867655,-0.242676860224074
1.86533333333333,-0.24209521649335,-0.245027762998992,-0.245967461229406,-0.242291255591061
1.86566666666667,-0.241711173900383,-0.244636109512358,-0.245572154237549,-0.241906940195133
1.866,-0.24132841443068,-0.244245768581133,-0.245178175102953,-0.241523908476003
1.86633333333333,-0.240946932561487,-0.243856734529141,-0.244785518068337,-0.241142154903807
1.86666666666667,-0.240566722800234,-0.243469001711351,-0.24439417740809,-0.240761673978924
1.867,-0.240187779684331,-0.243082564513675,-0.244004147428028,-0.24038246023176
1.86733333333333,-0.239810097780971,-0.242697417352746,-0.243615422465222,-0.240004508222567
1.86766666666667,-0.23943367168695,-0.242313554675745,-0.243227996887763,-0.239627812541246
1.868,-0.239058496028452,-0.241930970960171,-0.242841865094582,-0.239252367807137
1.86833333333333,-0.238684565460883,-0.241549660713672,-0.242457021515243,-0.238878168668855
1.86866666666667,-0.238311874668661,-0.241169618473826,-0.242073460609728,-0.238505209804079
1.869,-0.237940418365032,-0.240790838807958,-0.241691176868256,-0.238133485919366
1.86933333333333,-0.237570191291901,-0.240413316312947,-0.241310164811086,-0.237762991749979
1.86966666666667,-0.237201188219613,-0.240037045615024,-0.240930418988304,-0.237393722059676
1.87,-0.2368334039468,-0.239662021369592,-0.240551933979647,-0.237025671640549
1.87033333333333,-0.236466833300185,-0.239288238261034,-0.240174704394303,-0.236658835312823
1.87066666666667,-0.236101471134406,-0.238915691002521,-0.239798724870721,-0.23629320792469
1.871,-0.235737312331819,-0.238544374335821,-0.239423990076417,-0.235928784352113
1.87133333333333,-0.235374351802344,-0.238174283031142,-0.239050494707794,-0.235565559498665
1.87166666666667,-0.235012584483275,-0.237805411886905,-0.238678233489945,-0.235203528295327
1.872,-0.234652005339104,-0.2374377557296,-0.238307201176479,-0.234842685700335
1.87233333333333,-0.234292609361347,-0.237071309413589,-0.237937392549331,-0.234483026698993
1.87266666666667,-0.233934391568369,-0.236706067820916,-0.237568802418568,-0.234124546303508
1.873,-0.233577347005227,-0.236342025861153,-0.23720142562224,-0.233767239552799
1.87333333333333,-0.233221470743472,-0.235979178471205,-0.236835257026155,-0.233411101512344
1.87366666666667,-0.232866757881002,-0.23561752061514,-0.236470291523744,-0.233056127274012
1.874,-0.232513203541881,-0.235257047284021,-0.236106524035852,-0.232702311955873
1.87433333333333,-0.232160802876189,-0.234897753495718,-0.23574394951058,-0.232349650702053
1.87466666666667,-0.231809551059833,-0.234539634294753,-0.235382562923101,-0.231998138682557
1.875,-0.231459443294401,-0.234182684752116,-0.235022359275497,-0.231647771093108
1.87533333333333,-0.231110474806981,-0.233826899965112,-0.234663333596569,-0.231298543154975
1.87566666666667,-0.230762640850028,-0.233472275057172,-0.234305480941686,-0.230950450114828
1.876,-0.230415936701169,-0.23311880517771,-0.233948796392603,-0.23060348724456
1.87633333333333,-0.230070357663067,-0.232766485501936,-0.233593275057299,-0.23025764984113
1.87666666666667,-0.229725899063258,-0.232415311230701,-0.233238912069805,-0.22991293322641
1.877,-0.22938255625398,-0.232065277590349,-0.232885702590042,-0.229569332747026
1.87733333333333,-0.229040324612035,-0.231716379832528,-0.232533641803656,-0.229226843774197
1.87766666666667,-0.228699199538622,-0.23136861323404,-0.23218272492185,-0.228885461703582
1.878,-0.228359176459198,-0.2310219730967,-0.231832947181229,-0.228545181955129
1.87833333333333,-0.228020250823301,-0.230676454747149,-0.231484303843639,-0.228205999972917
1.87866666666667,-0.227682418104421,-0.230332053536713,-0.231136790195998,-0.227867911225006
1.879,-0.227345673799837,-0.229988764841251,-0.230790401550144,-0.227530911203284
1.87933333333333,-0.227010013430473,-0.22964658406099,-0.230445133242682,-0.227194995423324
1.87966666666667,-0.226675432540747,-0.229305506620369,-0.230100980634818,-0.226860159424228
1.88,-0.226341926698424,-0.228965527967904,-0.229757939112209,-0.226526398768481
1.88033333333333,-0.226009491494471,-0.228626643576025,-0.229416004084813,-0.226193709041806
1.88066666666667,-0.225678122542917,-0.228288848940916,-0.229075170986731,-0.225862085853019
1.881,-0.225347815480695,-0.227952139582388,-0.228735435276049,-0.22553152483388
1.88133333333333,-0.225018565967506,-0.227616511043715,-0.228396792434706,-0.22520202163896
1.88166666666667,-0.224690369685689,-0.227281958891494,-0.228059237968325,-0.224873571945486
1.882,-0.22436322234006,-0.226948478715491,-0.227722767406072,-0.224546171453211
1.88233333333333,-0.224037119657787,-0.226616066128509,-0.227387376300515,-0.224219815884261
1.88266666666667,-0.223712057388242,-0.22628471676624,-0.227053060227469,-0.223894500983007
1.883,-0.22338803130287,-0.225954426287107,-0.226719814785855,-0.223570222515925
1.88333333333333,-0.223065037195047,-0.225625190372151,-0.226387635597555,-0.223246976271459
1.88366666666667,-0.222743070879944,-0.22529700472486,-0.226056518307264,-0.222924758059873
1.884,-0.222422128194398,-0.224969865071055,-0.225726458582362,-0.222603563713132
1.88433333333333,-0.222102204996775,-0.224643767158739,-0.22539745211275,-0.222283389084761
1.88466666666667,-0.221783297166828,-0.224318706757953,-0.225069494610739,-0.221964230049711
1.885,-0.221465400605583,-0.223994679660657,-0.224742581810883,-0.221646082504226
1.88533333333333,-0.22114851123519,-0.223671681680576,-0.224416709469861,-0.221328942365713
1.88566666666667,-0.220832624998809,-0.223349708653083,-0.22409187336633,-0.221012805572614
1.886,-0.220517737860458,-0.223028756435046,-0.223768069300792,-0.22069766808427
1.88633333333333,-0.22020384580492,-0.222708820904719,-0.223445293095455,-0.220383525880802
1.88666666666667,-0.219890944837582,-0.222389897961586,-0.223123540594108,-0.220070374962974
1.887,-0.219579030984321,-0.222071983526242,-0.222802807661979,-0.219758211352067
1.88733333333333,-0.219268100291379,-0.221755073540271,-0.222483090185605,-0.219447031089762
1.88766666666667,-0.218958148825245,-0.221439163966094,-0.222164384072711,-0.219136830238009
1.888,-0.218649172672517,-0.22112425078687,-0.221846685252057,-0.218827604878897
1.88833333333333,-0.218341167939795,-0.220810330006348,-0.221529989673329,-0.218519351114543
1.88866666666667,-0.21803413075354,-0.220497397648743,-0.221214293307006,-0.218212065066961
1.889,-0.217728057259971,-0.220185449758621,-0.220899592144231,-0.217905742877942
1.88933333333333,-0.217422943624934,-0.219874482400767,-0.220585882196678,-0.217600380708942
1.88966666666667,-0.217118786033787,-0.219564491660062,-0.220273159496437,-0.217295974740945
1.89,-0.216815580691281,-0.219255473641361,-0.219961420095879,-0.216992521174359
1.89033333333333,-0.216513323821436,-0.218947424469366,-0.21965066006755,-0.216690016228893
1.89066666666667,-0.216212011667438,-0.218640340288525,-0.219340875504022,-0.216388456143439
1.891,-0.215911640491505,-0.218334217262887,-0.219032062517787,-0.216087837175958
1.89133333333333,-0.215612206574789,-0.218029051575991,-0.218724217241143,-0.215788155603362
1.89166666666667,-0.215313706217249,-0.217724839430756,-0.218417335826053,-0.2154894077214
1.892,-0.215016135737546,-0.217421577049358,-0.218111414444039,-0.215191589844544
1.89233333333333,-0.214719491472918,-0.217119260673108,-0.217806449286064,-0.214894698305878
1.89266666666667,-0.214423769779084,-0.216817886562348,-0.217502436562404,-0.214598729456984
1.893,-0.21412896703012,-0.216517450996318,-0.217199372502545,-0.21430367966783
1.89333333333333,-0.213835079618358,-0.216217950273064,-0.216897253355054,-0.214009545326652
1.89366666666667,-0.213542103954271,-0.215919380709305,-0.216596075387473,-0.213716322839867
1.894,-0.213250036466353,-0.215621738640335,-0.216295834886194,-0.213424008631938
1.89433333333333,-0.212958873601038,-0.215325020419901,-0.215996528156358,-0.213132599145279
1.89466666666667,-0.212668611822569,-0.215029222420096,-0.215698151521735,-0.212842090840142
1.895,-0.212379247612899,-0.214734341031246,-0.215400701324607,-0.212552480194513
1.89533333333333,-0.212090777471588,-0.214440372661811,-0.215104173925672,-0.212263763704012
1.89566666666667,-0.211803197915693,-0.214147313738259,-0.214808565703908,-0.211975937881776
1.896,-0.211516505479668,-0.213855160704976,-0.214513873056494,-0.211688999258351
1.89633333333333,-0.211230696715253,-0.213563910024144,-0.21422009239868,-0.211402944381614
1.89666666666667,-0.210945768191382,-0.21327355817564,-0.213927220163676,-0.211117769816635
1.897,-0.210661716494068,-0.212984101656933,-0.213635252802563,-0.210833472145602
1.89733333333333,-0.210378538226316,-0.212695536982973,-0.213344186784176,-0.210550047967707
1.89766666666667,-0.210096230008003,-0.212407860686104,-0.213054018594991,-0.210267493899038
1.898,-0.209814788475801,-0.212121069315926,-0.21276474473903,-0.209985806572504
1.89833333333333,-0.209534210283053,-0.211835159439231,-0.212476361737749,-0.2097049826377
1.89866666666667,-0.2092544920997,-0.211550127639875,-0.212188866129947,-0.209425018760842
1.899,-0.208975630612158,-0.211265970518684,-0.211902254471643,-0.209145911624639
1.89933333333333,-0.208697622523236,-0.210982684693356,-0.211616523335991,-0.208867657928222
1.89966666666667,-0.208420464552034,-0.210700266798358,-0.211331669313168,-0.208590254387024
1.9,-0.20814415343385,-0.210418713484827,-0.211047689010279,-0.208313697732705
1.90033333333333,-0.207868685920082,-0.210138021420476,-0.210764579051253,-0.208037984713033
1.90066666666667,-0.20759405877813,-0.209858187289487,-0.210482336076744,-0.207763112091814
1.901,-0.20732026879131,-0.209579207792421,-0.210200956744035,-0.20748907664877
1.90133333333333,-0.207047312758756,-0.20930107964612,-0.209920437726934,-0.20721587517948
1.90166666666667,-0.206775187495326,-0.209023799583608,-0.209640775715682,-0.206943504495248
1.902,-0.206503889831505,-0.208747364353996,-0.209361967416855,-0.206671961423042
1.90233333333333,-0.206233416613331,-0.208471770722395,-0.209084009553261,-0.206401242805385
1.90266666666667,-0.205963764702283,-0.208197015469811,-0.208806898863856,-0.20613134550027
1.903,-0.205694930975201,-0.207923095393061,-0.208530632103639,-0.20586226638107
1.90333333333333,-0.205426912324202,-0.207650007304674,-0.208255206043566,-0.205594002336442
1.90366666666667,-0.205159705656574,-0.207377748032798,-0.207980617470448,-0.205326550270249
1.904,-0.204893307894705,-0.20710631442112,-0.207706863186864,-0.205059907101461
1.90433333333333,-0.204627715975985,-0.206835703328757,-0.207433940011066,-0.204794069764066
1.90466666666667,-0.204362926852721,-0.20656591163018,-0.207161844776888,-0.204529035206995
1.905,-0.204098937492052,-0.206296936215125,-0.206890574333656,-0.204264800394017
1.90533333333333,-0.203835744875857,-0.206028773988491,-0.206620125546099,-0.204001362303674
1.90566666666667,-0.203573346000679,-0.205761421870263,-0.206350495294246,-0.203738717929176
1.906,-0.203311737877634,-0.20549487679542,-0.206081680473359,-0.203476864278322
1.90633333333333,-0.203050917532326,-0.205229135713854,-0.205813677993826,-0.203215798373429
1.90666666666667,-0.202790882004764,-0.20496419559027,-0.205546484781082,-0.202955517251217
1.907,-0.202531628349277,-0.204700053404112,-0.205280097775524,-0.202696017962769
1.90733333333333,-0.20227315363444,-0.204436706149473,-0.205014513932405,-0.2024372975734
1.90766666666667,-0.202015454942987,-0.204174150835014,-0.204749730221775,-0.202179353162615
1.908,-0.201758529371711,-0.203912384483876,-0.204485743628379,-0.201922181824001
1.90833333333333,-0.20150237403142,-0.20365140413359,-0.204222551151572,-0.201665780665158
1.90866666666667,-0.201246986046828,-0.203391206836009,-0.203960149805239,-0.20141014680762
1.909,-0.200992362556477,-0.203131789657209,-0.203698536617712,-0.201155277386767
1.90933333333333,-0.200738500712675,-0.202873149677426,-0.203437708631685,-0.200901169551749
1.90966666666667,-0.200485397681396,-0.202615283990956,-0.203177662904121,-0.200647820465411
1.91,-0.200233050642223,-0.202358189706085,-0.20291839650619,-0.200395227304201
1.91033333333333,-0.199981456788247,-0.202101863944999,-0.202659906523172,-0.200143387258113
1.91066666666667,-0.199730613326005,-0.201846303843721,-0.20240219005438,-0.199892297530595
1.911,-0.199480517475403,-0.201591506552011,-0.202145244213078,-0.199641955338463
1.91133333333333,-0.199231166469632,-0.201337469233304,-0.201889066126408,-0.199392357911854
1.91166666666667,-0.1989825575551,-0.201084189064626,-0.201633652935297,-0.199143502494125
1.912,-0.198734687991352,-0.200831663236509,-0.201379001794394,-0.198895386341784
1.91233333333333,-0.198487555050993,-0.200579888952925,-0.201125109871972,-0.198648006724418
1.91266666666667,-0.198241156019619,-0.200328863431204,-0.200871974349873,-0.198401360924613
1.913,-0.197995488195744,-0.200078583901956,-0.200619592423416,-0.198155446237893
1.91333333333333,-0.197750548890723,-0.199829047609,-0.200367961301317,-0.197910259972633
1.91366666666667,-0.197506335428672,-0.199580251809287,-0.200117078205625,-0.197665799449978
1.914,-0.197262845146416,-0.199332193772826,-0.199866940371636,-0.197422062003807
1.91433333333333,-0.197020075393399,-0.199084870782603,-0.199617545047819,-0.197179044980619
1.91466666666667,-0.196778023531615,-0.198838280134518,-0.199368889495747,-0.196936745739482
1.915,-0.196536686935542,-0.198592419137303,-0.199120970990023,-0.19669516165197
1.91533333333333,-0.196296062992083,-0.198347285112455,-0.198873786818188,-0.196454290102067
1.91566666666667,-0.196056149100461,-0.198102875394162,-0.198627334280678,-0.19621412848612
1.916,-0.195816942672187,-0.197859187329233,-0.198381610690723,-0.195974674212765
1.91633333333333,-0.195578441130967,-0.197616218277022,-0.198136613374287,-0.19573592470284
1.91666666666667,-0.195340641912651,-0.197373965609358,-0.197892339670001,-0.195497877389342
1.917,-0.195103542465146,-0.197132426710481,-0.197648786929079,-0.195260529717347
1.91733333333333,-0.194867140248363,-0.196891598976961,-0.197405952515256,-0.195023879143934
1.91766666666667,-0.194631432734144,-0.196651479817649,-0.197163833804716,-0.194787923138131
1.918,-0.194396417406199,-0.196412066653572,-0.196922428186015,-0.194552659180842
1.91833333333333,-0.194162091760027,-0.196173356917912,-0.196681733060027,-0.194318084764779
1.91866666666667,-0.193928453302866,-0.195935348055891,-0.196441745839851,-0.194084197394401
1.919,-0.193695499553621,-0.195698037524738,-0.196202463950773,-0.193850994585841
1.91933333333333,-0.193463228042801,-0.195461422793606,-0.195963884830164,-0.193618473866853
1.91966666666667,-0.193231636312442,-0.195225501343501,-0.19572600592744,-0.193386632776727
1.92,-0.193000721916062,-0.194990270667236,-0.195488824703978,-0.193155468866246
1.92033333333333,-0.192770482418587,-0.194755728269342,-0.195252338633059,-0.192924979697615
1.92066666666667,-0.192540915396285,-0.194521871666011,-0.195016545199791,-0.192695162844386
1.921,-0.192312018436706,-0.19428869838504,-0.194781441901051,-0.192466015891409
1.92133333333333,-0.192083789138624,-0.194056205965753,-0.194547026245423,-0.192237536434766
1.92166666666667,-0.191856225111969,-0.193824391958947,-0.194313295753119,-0.192009722081705
1.922,-0.191629323977765,-0.193593253926819,-0.194080247955922,-0.191782570450584
1.92233333333333,-0.191403083368073,-0.193362789442909,-0.19384788039713,-0.191556079170797
1.92266666666667,-0.191177500925922,-0.193132996092038,-0.193616190631477,-0.19133024588273
1.923,-0.190952574305258,-0.192903871470241,-0.193385176225075,-0.19110506823769
1.92333333333333,-0.190728301170883,-0.192675413184707,-0.193154834755357,-0.190880543897843
1.92366666666667,-0.190504679198382,-0.192447618853715,-0.192925163811007,-0.190656670536162
1.924,-0.190281706074087,-0.19222048610658,-0.192696160991899,-0.190433445836362
1.92433333333333,-0.190059379494985,-0.19199401258358,-0.192467823909039,-0.190210867492837
1.92466666666667,-0.189837697168697,-0.191768195935912,-0.192240150184492,-0.189988933210611
1.925,-0.189616656813387,-0.191543033825611,-0.192013137451344,-0.189767640705277
1.92533333333333,-0.189396256157729,-0.191318523925506,-0.191786783353611,-0.189546987702929
1.92566666666667,-0.189176492940832,-0.191094663919161,-0.191561085546207,-0.189326971940117
1.926,-0.188957364912194,-0.1908714515008,-0.19133604169486,-0.189107591163786
1.92633333333333,-0.188738869831636,-0.190648884375272,-0.191111649476075,-0.188888843131213
1.92666666666667,-0.188521005469248,-0.190426960257972,-0.190887906577056,-0.188670725609955
1.927,-0.188303769605346,-0.190205676874794,-0.190664810695652,-0.1884532363778
1.92733333333333,-0.188087160030391,-0.189985031962067,-0.190442359540313,-0.188236373222693
1.92766666666667,-0.187871174544957,-0.189765023266506,-0.190220550830008,-0.188020133942706
1.928,-0.187655810959666,-0.189545648545153,-0.189999382294187,-0.187804516345953
1.92833333333333,-0.187441067095131,-0.18932690556531,-0.189778851672708,-0.187589518250561
1.92866666666667,-0.187226940781903,-0.1891087921045,-0.189558956715801,-0.1873751374846
1.929,-0.187013429860428,-0.188891305950394,-0.189339695183986,-0.187161371886036
1.92933333333333,-0.186800532180971,-0.188674444900775,-0.189121064848038,-0.186948219302678
1.92966666666667,-0.186588245603587,-0.188458206763464,-0.188903063488916,-0.186735677592116
1.93,-0.186376567998051,-0.188242589356275,-0.188685688897721,-0.186523744621678
1.93033333333333,-0.186165497243805,-0.188027590506962,-0.188468938875627,-0.186312418268373
1.93066666666667,-0.185955031229926,-0.187813208053166,-0.188252811233837,-0.186101696418834
1.931,-0.185745167855052,-0.187599439842347,-0.188037303793519,-0.185891576969279
1.93133333333333,-0.185535905027333,-0.187386283731751,-0.18782241438577,-0.185682057825442
1.93166666666667,-0.185327240664395,-0.187173737588345,-0.187608140851532,-0.185473136902532
1.932,-0.18511917269327,-0.186961799288764,-0.187394481041572,-0.185264812125193
1.93233333333333,-0.184911699050361,-0.186750466719266,-0.187181432816407,-0.185057081427419
1.93266666666667,-0.184704817681379,-0.186539737775676,-0.186968994046249,-0.184849942752542
1.933,-0.184498526541301,-0.186329610363334,-0.186757162610976,-0.184643394053161
1.93333333333333,-0.184292823594317,-0.18612008239704,-0.186545936400056,-0.184437433291092
1.93366666666667,-0.184087706813781,-0.185911151801009,-0.186335313312505,-0.184232058437322
1.934,-0.183883174182168,-0.185702816508825,-0.186125291256832,-0.184027267471971
1.93433333333333,-0.183679223691011,-0.185495074463375,-0.185915868150995,-0.183823058384222
1.93466666666667,-0.183475853340865,-0.185287923616812,-0.185707041922345,-0.183619429172281
1.935,-0.183273061141252,-0.185081361930502,-0.185498810507577,-0.183416377843343
1.93533333333333,-0.183070845110623,-0.184875387374972,-0.185291171852673,-0.183213902413523
1.93566666666667,-0.182869203276294,-0.184669997929867,-0.185084123912862,-0.183012000907814
1.936,-0.182668133674417,-0.184465191583894,-0.184877664652571,-0.182810671360051
1.93633333333333,-0.182467634349916,-0.184260966334776,-0.18467179204536,-0.182609911812854
1.93666666666667,-0.182267703356454,-0.184057320189208,-0.184466504073897,-0.182409720317579
1.937,-0.182068338756373,-0.183854251162805,-0.184261798729888,-0.182210094934275
1.93733333333333,-0.181869538620666,-0.18365175728005,-0.184057674014041,-0.182011033731639
1.93766666666667,-0.181671301028918,-0.183449836574259,-0.183854127936014,-0.181812534786969
1.938,-0.181473624069252,-0.183248487087523,-0.18365115851437,-0.181614596186128
1.93833333333333,-0.181276505838313,-0.183047706870673,-0.183448763776521,-0.181417216023472
1.93866666666667,-0.181079944441192,-0.182847493983209,-0.183246941758694,-0.181220392401833
1.939,-0.180883937991396,-0.182647846493286,-0.183045690505873,-0.181024123432464
1.93933333333333,-0.180688484610805,-0.182448762477651,-0.182845008071759,-0.180828407234987
1.93966666666667,-0.180493582429627,-0.182250240021596,-0.182644892518718,-0.180633241937359
1.94,-0.180299229586343,-0.182052277218917,-0.182445341917748,-0.180438625675827
1.94033333333333,-0.180105424227676,-0.181854872171865,-0.18224635434841,-0.180244556594878
1.94066666666667,-0.17991216450855,-0.181658022991114,-0.18204792789881,-0.180051032847202
1.941,-0.179719448592028,-0.181461727795699,-0.181850060665531,-0.179858052593644
1.94133333333333,-0.179527274649296,-0.18126598471298,-0.181652750753602,-0.179665614003166
1.94166666666667,-0.179335640859596,-0.181070791878606,-0.181455996276449,-0.179473715252796
1.942,-0.179144545410191,-0.180876147436457,-0.181259795355848,-0.179282354527598
1.94233333333333,-0.178953986496338,-0.180682049538604,-0.181064146121887,-0.179091530020623
1.94266666666667,-0.178763962321228,-0.180488496345283,-0.180869046712915,-0.178901239932859
1.943,-0.178574471095944,-0.180295486024822,-0.180674495275507,-0.178711482473207
1.94333333333333,-0.178385511039435,-0.180103016753625,-0.180480489964412,-0.178522255858427
1.94366666666667,-0.178197080378467,-0.17991108671612,-0.180287028942522,-0.178333558313101
1.944,-0.178009177347573,-0.179719694104707,-0.180094110380808,-0.178145388069588
1.94433333333333,-0.177821800189023,-0.179528837119741,-0.179901732458308,-0.177957743367992
1.94466666666667,-0.177634947152787,-0.179338513969457,-0.179709893362054,-0.177770622456112
1.945,-0.17744861649649,-0.179148722869967,-0.179518591287054,-0.177584023589408
1.94533333333333,-0.177262806485361,-0.178959462045184,-0.179327824436234,-0.177397945030963
1.94566666666667,-0.177077515392212,-0.178770729726806,-0.179137591020403,-0.177212385051433
1.946,-0.176892741497393,-0.178582524154256,-0.17894788925822,-0.177027341929022
1.94633333333333,-0.176708483088745,-0.178394843574659,-0.178758717376136,-0.176842813949431
1.94666666666667,-0.176524738461568,-0.178207686242793,-0.178570073608371,-0.176658799405822
1.947,-0.176341505918587,-0.178021050421053,-0.178381956196856,-0.176475296598782
1.94733333333333,-0.176158783769904,-0.177834934379403,-0.178194363391208,-0.17629230383629
1.94766666666667,-0.175976570332957,-0.177649336395352,-0.178007293448685,-0.176109819433664
1.948,-0.175794863932499,-0.1774642547539,-0.177820744634139,-0.175927841713535
1.94833333333333,-0.175613662900549,-0.177279687747506,-0.177634715219992,-0.175746369005804
1.94866666666667,-0.175432965576348,-0.177095633676044,-0.177449203486179,-0.175565399647604
1.949,-0.175252770306339,-0.176912090846782,-0.177264207720125,-0.175384931983275
1.94933333333333,-0.175073075444113,-0.176729057574322,-0.177079726216696,-0.1752049643643
1.94966666666667,-0.174893879350386,-0.176546532180569,-0.176895757278161,-0.175025495149301
1.95,-0.174715180392951,-0.176364512994702,-0.176712299214161,-0.174846522703977
1.95033333333333,-0.174536976946649,-0.176182998353126,-0.176529350341668,-0.174668045401082
1.95066666666667,-0.174359267393332,-0.176001986599446,-0.176346908984939,-0.174490061620379
1.951,-0.174182050121821,-0.175821476084415,-0.176164973475491,-0.174312569748607
1.95133333333333,-0.174005323527887,-0.175641465165904,-0.175983542152056,-0.174135568179456
1.95166666666667,-0.173829086014186,-0.175461952208878,-0.175802613360542,-0.173959055313516
1.952,-0.17365333599025,-0.175282935585339,-0.175622185454009,-0.173783029558247
1.95233333333333,-0.173478071872451,-0.1751044136743,-0.175442256792614,-0.17360748932795
1.95266666666667,-0.173303292083953,-0.174926384861755,-0.175262825743592,-0.173432433043726
1.953,-0.173128995054671,-0.17474884754063,-0.175083890681203,-0.173257859133434
1.95333333333333,-0.17295517922127,-0.174571800110755,-0.174905449986708,-0.173083766031684
1.95366666666667,-0.172781843027087,-0.174395240978831,-0.174727502048331,-0.172910152179763
1.954,-0.172608984922139,-0.17421916855839,-0.174550045261226,-0.172737016025632
1.95433333333333,-0.172436603363058,-0.174043581269771,-0.174373078027432,-0.172564356023886
1.95466666666667,-0.17226469681307,-0.17386847754006,-0.174196598755841,-0.172392170635701
1.955,-0.172093263741962,-0.173693855803084,-0.174020605862172,-0.172220458328835
1.95533333333333,-0.171922302626048,-0.173519714499368,-0.173845097768933,-0.172049217577558
1.95566666666667,-0.171751811948133,-0.173346052076083,-0.173670072905375,-0.171878446862647
1.956,-0.171581790197481,-0.173172866987045,-0.173495529707471,-0.171708144671342
1.95633333333333,-0.171412235869792,-0.173000157692653,-0.173321466617874,-0.171538309497309
1.95666666666667,-0.171243147467149,-0.172827922659872,-0.173147882085891,-0.171368939840616
1.957,-0.171074523498003,-0.172656160362184,-0.172974774567443,-0.171200034207694
1.95733333333333,-0.170906362477143,-0.17248486927958,-0.17280214252503,-0.171031591111311
1.95766666666667,-0.170738662925647,-0.1723140478985,-0.1726299844277,-0.170863609070537
1.958,-0.170571423370866,-0.172143694711823,-0.172458298751022,-0.17069608661071
1.95833333333333,-0.170404642346383,-0.171973808218813,-0.172287083977047,-0.170529022263406
1.95866666666667,-0.170238318391989,-0.171804386925107,-0.172116338594271,-0.170362414566411
1.959,-0.170072450053647,-0.171635429342667,-0.171946061097609,-0.170196262063688
1.95933333333333,-0.169907035883465,-0.171466933989766,-0.171776249988365,-0.170030563305344
1.95966666666667,-0.169742074439657,-0.171298899390935,-0.171606903774194,-0.169865316847602
1.96,-0.169577564286521,-0.171131324076945,-0.171438020969065,-0.169700521252761
1.96033333333333,-0.16941350399441,-0.170964206584777,-0.171269600093253,-0.169536175089183
1.96066666666667,-0.169249892139688,-0.170797545457579,-0.17110163967327,-0.16937227693125
1.961,-0.169086727304721,-0.170631339244644,-0.170934138241868,-0.169208825359336
1.96133333333333,-0.168924008077825,-0.17046558650139,-0.170767094337991,-0.169045818959784
1.96166666666667,-0.168761733053258,-0.170300285789304,-0.170600506506746,-0.168883256324857
1.962,-0.168599900831169,-0.170135435675929,-0.170434373299374,-0.168721136052732
1.96233333333333,-0.168438510017585,-0.169971034734832,-0.170268693273214,-0.168559456747463
1.96266666666667,-0.168277559224371,-0.169807081545568,-0.170103464991686,-0.16839821701894
1.963,-0.168117047069213,-0.169643574693659,-0.169938687024245,-0.168237415482879
1.96333333333333,-0.167956972175576,-0.169480512770551,-0.169774357946357,-0.168077050760774
1.96366666666667,-0.167797333172682,-0.169317894373603,-0.169610476339476,-0.167917121479884
1.964,-0.167638128695485,-0.169155718106043,-0.169447040790997,-0.167757626273195
1.96433333333333,-0.167479357384633,-0.16899398257694,-0.169284049894246,-0.167598563779396
1.96466666666667,-0.167321017886453,-0.168832686401183,-0.169121502248446,-0.167439932642849
1.965,-0.167163108852906,-0.168671828199447,-0.168959396458673,-0.167281731513564
1.96533333333333,-0.167005628941573,-0.168511406598161,-0.168797731135835,-0.167123959047162
1.96566666666667,-0.166848576815623,-0.168351420229487,-0.168636504896663,-0.166966613904862
1.966,-0.166691951143788,-0.168191867731287,-0.168475716363642,-0.166809694753438
1.96633333333333,-0.166535750600322,-0.168032747747095,-0.168315364165027,-0.166653200265203
1.96666666666667,-0.166379973865004,-0.16787405892609,-0.168155446934777,-0.166497129117978
1.967,-0.166224619623071,-0.167715799923075,-0.167995963312551,-0.166341479995062
1.96733333333333,-0.166069686565225,-0.167557969398427,-0.167836911943668,-0.166186251585207
1.96766666666667,-0.165915173387584,-0.167400566018098,-0.167678291479077,-0.166031442582597
1.968,-0.165761078791673,-0.167243588453571,-0.167520100575351,-0.165877051686811
1.96833333333333,-0.165607401484386,-0.16708703538183,-0.167362337894626,-0.165723077602802
1.96866666666667,-0.165454140177959,-0.16693090548535,-0.167205002104596,-0.165569519040873
1.969,-0.165301293589951,-0.166775197452055,-0.167048091878484,-0.165416374716646
1.96933333333333,-0.165148860443212,-0.166619909975289,-0.16689160589501,-0.165263643351038
1.96966666666667,-0.164996839465865,-0.166465041753805,-0.166735542838361,-0.16511132367024
1.97,-0.164845229391269,-0.166310591491728,-0.166579901398176,-0.164959414405681
1.97033333333333,-0.164694028958001,-0.166156557898522,-0.166424680269499,-0.164807914294008
1.97066666666667,-0.164543236909831,-0.166002939688983,-0.16626987815278,-0.164656822077065
1.971,-0.164392851995693,-0.165849735583195,-0.166115493753824,-0.164506136501858
1.97133333333333,-0.164242872969666,-0.165696944306519,-0.165961525783778,-0.16435585632054
1.97166666666667,-0.164093298590936,-0.165544564589551,-0.165807972959103,-0.164205980290377
1.972,-0.163944127623789,-0.165392595168107,-0.165654834001541,-0.16405650717373
1.97233333333333,-0.16379535883757,-0.165241034783205,-0.165502107638103,-0.163907435738029
1.97266666666667,-0.163646991006669,-0.165089882181011,-0.165349792601028,-0.163758764755742
1.973,-0.163499022910497,-0.164939136112857,-0.165197887627764,-0.16361049300436
1.97333333333333,-0.163351453333449,-0.164788795335177,-0.165046391460955,-0.163462619266365
1.97366666666667,-0.163204281064897,-0.1646388586095,-0.164895302848392,-0.163315142329217
1.974,-0.163057504899154,-0.164489324702428,-0.164744620543004,-0.163168060985306
1.97433333333333,-0.162911123635459,-0.164340192385601,-0.164594343302829,-0.16302137403196
1.97466666666667,-0.162765136077939,-0.164191460435679,-0.164444469890994,-0.162875080271399
1.975,-0.162619541035603,-0.16404312763432,-0.164294999075679,-0.162729178510717
1.97533333333333,-0.162474337322308,-0.16389519276815,-0.164145929630103,-0.162583667561864
1.97566666666667,-0.162329523756732,-0.163747654628741,-0.163997260332498,-0.16243854624161
1.976,-0.162185099162371,-0.163600512012591,-0.163848989966079,-0.16229381337154
1.97633333333333,-0.162041062367485,-0.163453763721097,-0.163701117319023,-0.162149467778009
1.97666666666667,-0.161897412205104,-0.163307408560524,-0.163553641184454,-0.162005508292145
1.977,-0.161754147512989,-0.163161445342002,-0.1634065603604,-0.161861933749797
1.97733333333333,-0.161611267133613,-0.163015872881479,-0.163259873649791,-0.16171874299154
1.97766666666667,-0.161468769914137,-0.162870689999711,-0.163113579860418,-0.161575934862631
1.978,-0.161326654706393,-0.162725895522242,-0.16296767780492,-0.161433508212995
1.97833333333333,-0.161184920366858,-0.162581488279368,-0.162822166300752,-0.161291461897214
1.97866666666667,-0.161043565756626,-0.16243746710613,-0.162677044170176,-0.16114979477448
1.979,-0.1609025897414,-0.162293830842273,-0.162532310240217,-0.161008505708595
1.97933333333333,-0.160761991191457,-0.162150578332243,-0.162387963342668,-0.160867593567939
1.97966666666667,-0.160621768981633,-0.162007708425152,-0.162244002314038,-0.160727057225447
1.98,-0.1604819219913,-0.161865219974756,-0.162100425995554,-0.160586895558593
1.98033333333333,-0.160342449104341,-0.161723111839444,-0.161957233233112,-0.160447107449365
1.98066666666667,-0.160203349209134,-0.161581382882195,-0.161814422877287,-0.160307691784246
1.981,-0.160064621198532,-0.16144003197058,-0.161671993783286,-0.160168647454187
1.98133333333333,-0.159926263969828,-0.161299057976726,-0.161529944810931,-0.160029973354593
1.98166666666667,-0.159788276424752,-0.161158459777298,-0.161388274824646,-0.159891668385295
1.982,-0.159650657469438,-0.16101823625347,-0.161246982693425,-0.159753731450533
1.98233333333333,-0.159513406014413,-0.16087838629092,-0.161106067290809,-0.159616161458941
1.98266666666667,-0.159376520974563,-0.160738908779792,-0.160965527494889,-0.159478957323514
1.983,-0.159240001269125,-0.160599802614688,-0.160825362188243,-0.159342117961596
1.98333333333333,-0.159103845821661,-0.160461066694639,-0.160685570257948,-0.159205642294851
1.98366666666667,-0.158968053560033,-0.160322699923079,-0.160546150595541,-0.159069529249254
1.984,-0.158832623416393,-0.160184701207846,-0.160407102097013,-0.158933777755066
1.98433333333333,-0.158697554327156,-0.160047069461128,-0.160268423662772,-0.158798386746803
1.98466666666667,-0.15856284523298,-0.159909803599476,-0.160130114197634,-0.158663355163247
1.985,-0.15842849507875,-0.15977290254376,-0.15999217261079,-0.158528681947377
1.98533333333333,-0.158294502813554,-0.15963636521916,-0.159854597815803,-0.158394366046403
1.98566666666667,-0.158160867390668,-0.159500190555141,-0.159717388730572,-0.158260406411695
1.986,-0.158027587767525,-0.159364377485437,-0.159580544277314,-0.158126801998813
1.98633333333333,-0.157894662905716,-0.15922892494802,-0.159444063382552,-0.157993551767447
1.98666666666667,-0.157762091770947,-0.159093831885106,-0.159307944977088,-0.15786065468142
1.987,-0.157629873333042,-0.158959097243099,-0.159172187995982,-0.157728109708661
1.98733333333333,-0.157498006565903,-0.158824719972599,-0.159036791378535,-0.157595915821184
1.98766666666667,-0.157366490447509,-0.158690699028376,-0.15890175406827,-0.157464071995082
1.988,-0.157235323959883,-0.158557033369339,-0.158767075012907,-0.157332577210487
1.98833333333333,-0.157104506089083,-0.158423721958531,-0.158632753164354,-0.157201430451566
1.98866666666667,-0.156974035825177,-0.158290763763107,-0.158498787478669,-0.157070630706498
1.989,-0.15684391216223,-0.158158157754304,-0.158365176916061,-0.156940176967461
1.98933333333333,-0.156714134098277,-0.158025902907438,-0.158231920440859,-0.1568100682306
1.98966666666667,-0.156584700635313,-0.157893998201874,-0.158099017021496,-0.156680303496022
1.99,-0.156455610779273,-0.157762442621006,-0.157966465630482,-0.156550881767771
1.99033333333333,-0.15632686354001,-0.157631235152248,-0.157834265244407,-0.156421802053811
1.99066666666667,-0.156198457931277,-0.15750037478701,-0.157702414843892,-0.156293063366001
1.991,-0.156070392970716,-0.15736986052067,-0.157570913413591,-0.156164664720101
1.99133333333333,-0.155942667679827,-0.157239691352576,-0.157439759942166,-0.156036605135715
1.99166666666667,-0.155815281083964,-0.157109866286013,-0.157308953422278,-0.155908883636315
1.992,-0.155688232212315,-0.156980384328181,-0.157178492850545,-0.155781499249189
1.99233333333333,-0.155561520097871,-0.156851244490194,-0.157048377227544,-0.155654451005445
1.99266666666667,-0.15543514377743,-0.156722445787046,-0.156918605557786,-0.155527737939981
1.993,-0.155309102291548,-0.156593987237604,-0.156789176849706,-0.155401359091474
1.99333333333333,-0.155183394684561,-0.156465867864571,-0.156660090115621,-0.155275313502365
1.99366666666667,-0.155058020004542,-0.156338086694503,-0.156531344371748,-0.155149600218833
1.994,-0.154932977303288,-0.156210642757753,-0.15640293863815,-0.155024218290778
1.99433333333333,-0.154808265636301,-0.156083535088486,-0.156274871938744,-0.154899166771823
1.99466666666667,-0.154683884062782,-0.155956762724633,-0.156147143301269,-0.154774444719265
1.995,-0.154559831645603,-0.155830324707892,-0.15601975175728,-0.154650051194088
1.99533333333333,-0.154436107451289,-0.155704220083705,-0.155892696342116,-0.154525985260923
1.99566666666667,-0.154312710550021,-0.155578447901251,-0.155765976094892,-0.154402245988052
1.996,-0.154189640015584,-0.155453007213407,-0.155639590058482,-0.154278832447379
1.99633333333333,-0.154066894925392,-0.15532789707675,-0.155513537279501,-0.154155743714409
1.99666666666667,-0.153944474360433,-0.15520311655153,-0.155387816808284,-0.154032978868242
1.997,-0.153822377405277,-0.155078664701659,-0.15526242769887,-0.15391053699155
1.99733333333333,-0.153700603148059,-0.154954540594695,-0.155137369008988,-0.153788417170574
1.99766666666667,-0.153579150680446,-0.154830743301817,-0.155012639800038,-0.153666618495081
1.998,-0.153458019097636,-0.154707271897814,-0.15488823913708,-0.153545140058373
1.99833333333333,-0.153337207498341,-0.154584125461077,-0.154764166088806,-0.153423980957265
1.99866666666667,-0.15321671498476,-0.154461303073563,-0.15464041972753,-0.153303140292058
1.999,-0.153096540662578,-0.154338803820799,-0.154516999129173,-0.153182617166535
1.99933333333333,-0.152976683640939,-0.154216626791844,-0.154393903373246,-0.153062410687941
1.99966666666667,-0.152857143032436,-0.154094771079303,-0.154271131542824,-0.152942519966965
2,-0.152737917953091,-0.153973235779275,-0.154148682724545,-0.152822944117735
