"Freq [GHz]","dB(S(1,1)) []","dB(S(2,2)) []","dB(S(3,3)) []","dB(S(4,4)) []"
1,-0.0462606384179523,-0.0464049422253683,-0.0462550341279383,-0.04637825581105
1.00033333333333,-0.0462865725674931,-0.0464310482874192,-0.0462808537616687,-0.0464044042175352
1.00066666666667,-0.0463125715748126,-0.0464572197943058,-0.0463067381332812,-0.0464306181225801
1.001,-0.0463386355817684,-0.0464834568895057,-0.0463326873834635,-0.0464568976696166
1.00133333333333,-0.0463647647306555,-0.0465097597169464,-0.0463587016533414,-0.0464832430025152
1.00166666666667,-0.0463909591642133,-0.0465361284210002,-0.0463847810844737,-0.0465096542656005
1.002,-0.0464172190256207,-0.0465625631464958,-0.046410925818871,-0.0465361316036444
1.00233333333333,-0.0464435444585008,-0.0465890640387058,-0.0464371359989737,-0.0465626751618698
1.00266666666667,-0.046469935606925,-0.0466156312433703,-0.0464634117676763,-0.0465892850859492
1.003,-0.046496392615408,-0.046642264906667,-0.0464897532683135,-0.0466159615220137
1.00333333333333,-0.0465229156289158,-0.0466689651752423,-0.0465161606446658,-0.0466427046166429
1.00366666666667,-0.0465495047928636,-0.0466957321961969,-0.0465426340409672,-0.0466695145168852
1.004,-0.0465761602531216,-0.0467225661170912,-0.0465691736018906,-0.0466963913702323
1.00433333333333,-0.0466028821560036,-0.0467494670859489,-0.0465957794725756,-0.0467233353246458
1.00466666666667,-0.0466296706482918,-0.0467764352512545,-0.0466224517986023,-0.0467503465285501
1.005,-0.0466565258772133,-0.0468034707619582,-0.0466491907260096,-0.0467774251308269
1.00533333333333,-0.0466834479904578,-0.0468305737674763,-0.0466759964012929,-0.0468045712808265
1.00566666666667,-0.0467104371361751,-0.0468577444176911,-0.0467028689714052,-0.0468317851283605
1.006,-0.046737493462974,-0.0468849828629573,-0.046729808583752,-0.0468590668237178
1.00633333333333,-0.0467646171199284,-0.0469122892540978,-0.0467568153862105,-0.0468864165176448
1.00666666666667,-0.046791808256574,-0.046939663742409,-0.046783889527111,-0.0469138343613749
1.007,-0.0468190670229115,-0.0469671064796621,-0.0468110311552527,-0.0469413205065999
1.00733333333333,-0.0468463935694144,-0.0469946176181078,-0.0468382404199015,-0.0469688751054932
1.00766666666667,-0.0468737880470153,-0.0470221973104668,-0.0468655174707808,-0.0469964983106998
1.008,-0.046901250607134,-0.0470498457099412,-0.0468928624580893,-0.0470241902753474
1.00833333333333,-0.04692878140164,-0.0470775629702178,-0.0469202755325016,-0.0470519511530404
1.00866666666667,-0.0469563805828957,-0.047105349245463,-0.0469477568451513,-0.0470797810978648
1.009,-0.0469840483037299,-0.0471332046903265,-0.0469753065476575,-0.047107680264389
1.00933333333333,-0.0470117847174545,-0.0471611294599457,-0.0470029247921005,-0.0471356488076654
1.00966666666667,-0.0470395899778505,-0.0471891237099445,-0.0470306117310556,-0.0471636868832362
1.01,-0.0470674642391875,-0.047217187596437,-0.0470583675175555,-0.0471917946471249
1.01033333333333,-0.0470954076562145,-0.047245321276027,-0.0470861923051347,-0.0472199722558479
1.01066666666667,-0.0471234203841642,-0.0472735249058096,-0.0471140862477902,-0.0472482198664151
1.011,-0.0471515025787547,-0.047301798643378,-0.0471420495000072,-0.0472765376363221
1.01133333333333,-0.0471796543961948,-0.0473301426468219,-0.0471700822167661,-0.0473049257235704
1.01166666666667,-0.0472078759931718,-0.0473585570747184,-0.0471981845535263,-0.0473333842866451
1.012,-0.0472361675268771,-0.0473870420861614,-0.0472263566662304,-0.0473619134845356
1.01233333333333,-0.0472645291549867,-0.0474155978407267,-0.0472545987113186,-0.0473905134767316
1.01266666666667,-0.0472929610356674,-0.0474442244985106,-0.0472829108457205,-0.0474191844232246
1.013,-0.0473214633275906,-0.047472922220102,-0.047311293226857,-0.0474479264845069
1.01333333333333,-0.0473500361899126,-0.0475016911666035,-0.0473397460126483,-0.0474767398215727
1.01366666666667,-0.0473786797823046,-0.0475305314996202,-0.0473682693615071,-0.0475056245959332
1.014,-0.0474073942649262,-0.0475594433812719,-0.0473968634323482,-0.0475345809695977
1.01433333333333,-0.0474361797984434,-0.0475884269741896,-0.0474255283845818,-0.0475636091050889
1.01466666666667,-0.047465036544028,-0.0476174824415153,-0.0474542643781263,-0.0475927091654432
1.015,-0.0474939646633513,-0.0476466099469059,-0.0474830715733982,-0.047621881314214
1.01533333333333,-0.0475229643186055,-0.0476758096545429,-0.0475119501313232,-0.0476511257154608
1.01566666666667,-0.0475520356724809,-0.0477050817291163,-0.0475409002133332,-0.0476804425337689
1.016,-0.0475811788881791,-0.0477344263358425,-0.0475699219813669,-0.0477098319342378
1.01633333333333,-0.0476103941294272,-0.0477638436404607,-0.0475990155978765,-0.0477392940824895
1.01666666666667,-0.047639681560448,-0.0477933338092389,-0.0476281812258269,-0.047768829144671
1.017,-0.0476690413460015,-0.0478228970089602,-0.0476574190286961,-0.0477984372874549
1.01733333333333,-0.0476984736513481,-0.0478525334069429,-0.047686729170476,-0.0478281186780348
1.01766666666667,-0.0477279786422811,-0.0478822431710382,-0.0477161118156844,-0.0478578734841369
1.018,-0.0477575564851132,-0.0479120264696239,-0.047745567129349,-0.0478877018740133
1.01833333333333,-0.0477872073466754,-0.0479418834716154,-0.0477750952770217,-0.0479176040164573
1.01866666666667,-0.0478169313943342,-0.0479718143464598,-0.0478046964247847,-0.0479475800807883
1.019,-0.0478467287959721,-0.0480018192641454,-0.0478343707392381,-0.047977630236859
1.01933333333333,-0.047876599720015,-0.0480318983951965,-0.047864118387511,-0.0480077546550707
1.01966666666667,-0.0479065443354086,-0.0480620519106842,-0.047893939537263,-0.0480379535063554
1.02,-0.0479365628116384,-0.0480922799822186,-0.0479238343566805,-0.0480682269621922
1.02033333333333,-0.0479666553187203,-0.048122582781955,-0.0479538030144905,-0.048098575194599
1.02066666666667,-0.0479968220272139,-0.0481529604825979,-0.0479838456799436,-0.048128998376139
1.021,-0.0480270631082122,-0.0481834132574013,-0.048013962522837,-0.0481594966799278
1.02133333333333,-0.0480573787333528,-0.0482139412801673,-0.0480441537135015,-0.0481900702796273
1.02166666666667,-0.0480877690748098,-0.0482445447252546,-0.0480744194228072,-0.0482207193494506
1.022,-0.0481182343053088,-0.0482752237675737,-0.048104759822167,-0.0482514440641613
1.02233333333333,-0.0481487745981226,-0.0483059785825945,-0.0481351750835419,-0.048282244599087
1.02266666666667,-0.0481793901270674,-0.048336809346344,-0.0481656653794326,-0.0483131211300997
1.023,-0.0482100810665128,-0.0483677162354123,-0.048196230882891,-0.0483440738336415
1.02333333333333,-0.0482408475913818,-0.0483986994269525,-0.0482268717675175,-0.0483751028867144
1.02366666666667,-0.0482716898771494,-0.0484297590986769,-0.0482575882074704,-0.0484062084668729
1.024,-0.04830260809985,-0.0484608954288755,-0.0482883803774509,-0.0484373907522464
1.02433333333333,-0.0483336024360731,-0.0484921085963966,-0.0483192484527237,-0.048468649921533
1.02466666666667,-0.0483646730629724,-0.0485233987806662,-0.0483501926091103,-0.0484999861539942
1.025,-0.0483958201582598,-0.0485547661616831,-0.0483812130229911,-0.0485313996294643
1.02533333333333,-0.0484270439002161,-0.0485862109200134,-0.0484123098713046,-0.0485628905283495
1.02566666666667,-0.0484583444676871,-0.0486177332368114,-0.0484434833315593,-0.0485944590316348
1.026,-0.048489722040082,-0.0486493332938094,-0.0484747335818251,-0.0486261053208812
1.02633333333333,-0.0485211767973894,-0.0486810112733107,-0.0485060608007406,-0.0486578295782282
1.02666666666667,-0.0485527089201642,-0.048712767358212,-0.0485374651675182,-0.0486896319863974
1.027,-0.0485843185895372,-0.0487446017319908,-0.04856894686193,-0.0487215127286911
1.02733333333333,-0.0486160059872179,-0.0487765145787181,-0.048600506064339,-0.0487534719890039
1.02766666666667,-0.0486477712954927,-0.0488085060830436,-0.0486321429556689,-0.0487855099518115
1.028,-0.0486796146972278,-0.0488405764302225,-0.0486638577174279,-0.0488176268021829
1.02833333333333,-0.048711536375874,-0.0488727258060943,-0.0486956505317057,-0.0488498227257769
1.02866666666667,-0.048743536515468,-0.0489049543971004,-0.0487275215811752,-0.0488820979088517
1.029,-0.0487756153006282,-0.0489372623902733,-0.0487594710490859,-0.048914452538254
1.02933333333333,-0.0488077729165733,-0.048969649973253,-0.0487914991192769,-0.0489468868014349
1.02966666666667,-0.0488400095490971,-0.0490021173342799,-0.04882360597618,-0.0489794008864422
1.03,-0.0488723253846025,-0.0490346646622015,-0.0488557918048145,-0.0490119949819308
1.03033333333333,-0.048904720610081,-0.049067292146464,-0.0488880567907894,-0.0490446692771521
1.03066666666667,-0.0489371954131219,-0.0490999999771323,-0.0489204011203103,-0.0490774239619777
1.031,-0.0489697499819117,-0.0491327883448789,-0.0489528249801869,-0.0491102592268783
1.03133333333333,-0.0490023845052443,-0.0491656574409913,-0.0489853285578119,-0.0491431752629364
1.03166666666667,-0.0490350991725169,-0.0491986074573702,-0.049017912041196,-0.0491761722618541
1.032,-0.0490678941737292,-0.0492316385865352,-0.0490505756189424,-0.049209250415945
1.03233333333333,-0.0491007696994942,-0.0492647510216283,-0.0490833194802647,-0.0492424099181425
1.03266666666667,-0.049133725941031,-0.049297944956417,-0.0491161438149779,-0.0492756509619965
1.033,-0.049166763090178,-0.0493312205852822,-0.0491490488135198,-0.0493089737416895
1.03333333333333,-0.0491998813393807,-0.0493645781032436,-0.0491820346669231,-0.0493423784520154
1.03366666666667,-0.0492330808817109,-0.0493980177059466,-0.0492151015668511,-0.0493758652884096
1.034,-0.0492663619108524,-0.0494315395896638,-0.0492482497055735,-0.0494094344469218
1.03433333333333,-0.049299724621113,-0.049465143951312,-0.0492814792759811,-0.0494430861242465
1.03466666666667,-0.0493331692074315,-0.0494988309884326,-0.0493147904715859,-0.0494768205177058
1.035,-0.0493666958653639,-0.0495326008992131,-0.0493481834865236,-0.0495106378252579
1.03533333333333,-0.0494003047910999,-0.0495664538824837,-0.0493816585155571,-0.0495445382455036
1.03566666666667,-0.0494339961814581,-0.0496003901377106,-0.0494152157540742,-0.0495785219776795
1.036,-0.0494677702338922,-0.0496344098650113,-0.0494488553980908,-0.0496125892216717
1.03633333333333,-0.0495016271464924,-0.0496685132651499,-0.0494825776442642,-0.0496467401780071
1.03666666666667,-0.0495355671179811,-0.0497027005395412,-0.0495163826898731,-0.0496809750478651
1.037,-0.0495695903477319,-0.0497369718902513,-0.0495502707328476,-0.0497152940330677
1.03733333333333,-0.0496036970357486,-0.0497713275200029,-0.0495842419717467,-0.0497496973360985
1.03766666666667,-0.0496378873826892,-0.0498057676321787,-0.0496182966057721,-0.0497841851600905
1.038,-0.0496721615898548,-0.0498402924308173,-0.0496524348347722,-0.049818757708838
1.03833333333333,-0.0497065198591958,-0.0498749021206202,-0.0496866568592448,-0.0498534151867958
1.03866666666667,-0.049740962393319,-0.0499095969069565,-0.0497209628803326,-0.0498881577990752
1.039,-0.0497754893954819,-0.0499443769958641,-0.0497553530998267,-0.0499229857514575
1.03933333333333,-0.0498101010695996,-0.0499792425940435,-0.0497898277201728,-0.0499578992503944
1.03966666666667,-0.0498447976202493,-0.0500141939088761,-0.049824386944478,-0.0499928985029991
1.04,-0.0498795792526637,-0.0500492311484087,-0.0498590309765017,-0.0500279837170605
1.04033333333333,-0.049914446172745,-0.0500843545213777,-0.0498937600206669,-0.0500631551010489
1.04066666666667,-0.0499493985870642,-0.0501195642371898,-0.0499285742820588,-0.0500984128641007
1.041,-0.0499844367028523,-0.0501548605059347,-0.0499634739664299,-0.0501337572160404
1.04133333333333,-0.0500195607280217,-0.050190243538392,-0.0499984592801943,-0.0501691883673703
1.04166666666667,-0.0500547708711535,-0.050225713546025,-0.0500335304304476,-0.050204706529277
1.042,-0.050090067341503,-0.0502612707409862,-0.0500686876249455,-0.0502403119136417
1.04233333333333,-0.0501254503490139,-0.0502969153361236,-0.050103931072128,-0.0502760047330285
1.04266666666667,-0.0501609201043018,-0.050332647544979,-0.0501392609811126,-0.0503117852006928
1.043,-0.0501964768186716,-0.0503684675817893,-0.050174677561692,-0.0503476535305864
1.04333333333333,-0.0502321207041126,-0.0504043756614974,-0.0502101810243465,-0.0503836099373647
1.04366666666667,-0.0502678519733028,-0.0504403719997415,-0.0502457715802425,-0.0504196546363782
1.044,-0.050303670839617,-0.0504764568128738,-0.0502814494412247,-0.05045578784368
1.04433333333333,-0.0503395775171152,-0.0505126303179485,-0.0503172148198422,-0.0504920097760256
1.04466666666667,-0.0503755722205599,-0.0505488927327282,-0.0503530679293272,-0.0505283206508863
1.045,-0.0504116551654181,-0.0505852442756997,-0.0503890089836125,-0.050564720686436
1.04533333333333,-0.0504478265678461,-0.0506216851660555,-0.0504250381973298,-0.0506012101015698
1.04566666666667,-0.0504840866447162,-0.0506582156237123,-0.0504611557858017,-0.0506377891158924
1.046,-0.0505204356136019,-0.0506948358693052,-0.050497361965068,-0.0506744579497291
1.04633333333333,-0.0505568736927888,-0.0507315461241927,-0.0505336569518655,-0.0507112168241234
1.04666666666667,-0.0505934011012744,-0.0507683466104652,-0.0505700409636434,-0.0507480659608501
1.047,-0.0506300180587695,-0.0508052375509386,-0.0506065142185596,-0.0507850055824072
1.04733333333333,-0.050666724785711,-0.0508422191691617,-0.0506430769354893,-0.0508220359120191
1.04766666666667,-0.0507035215032449,-0.0508792916894168,-0.0506797293340203,-0.0508591571736405
1.048,-0.050740408433244,-0.0509164553367307,-0.0507164716344638,-0.0508963695919738
1.04833333333333,-0.0507773857983156,-0.0509537103368597,-0.0507533040578502,-0.050933673392444
1.04866666666667,-0.0508144538217794,-0.0509910569163137,-0.0507902268259324,-0.0509710688012249
1.049,-0.0508516127277048,-0.0510284953023457,-0.0508272401611965,-0.0510085560452302
1.04933333333333,-0.050888862740882,-0.0510660257229536,-0.0508643442868529,-0.0510461353521209
1.04966666666667,-0.050926204086841,-0.0511036484068911,-0.050901539426851,-0.0510838069503085
1.05,-0.0509636369918568,-0.0511413635836665,-0.0509388258058646,-0.0511215710689508
1.05033333333333,-0.0510011616829387,-0.0511791714835422,-0.0509762036493224,-0.0511594279379651
1.05066666666667,-0.0510387783878487,-0.051217072337546,-0.0510136731833782,-0.0511973777880246
1.051,-0.0510764873350901,-0.0512550663774662,-0.0510512346349369,-0.0512354208505594
1.05133333333333,-0.0511142887539237,-0.0512931538358553,-0.0510888882316512,-0.051273557357768
1.05166666666667,-0.0511521828743575,-0.0513313349460366,-0.0511266342019218,-0.0513117875426117
1.052,-0.051190169927161,-0.0513696099421065,-0.0511644727748984,-0.0513501116388165
1.05233333333333,-0.0512282501438597,-0.0514079790589346,-0.0512024041804902,-0.0513885298808887
1.05266666666667,-0.0512664237567437,-0.0514464425321697,-0.0512404286493635,-0.0514270425041043
1.053,-0.0513046909988697,-0.0514850005982404,-0.0512785464129422,-0.0514656497445146
1.05333333333333,-0.0513430521040533,-0.0515236534943574,-0.0513167577034179,-0.0515043518389565
1.05366666666667,-0.0513815073068896,-0.0515624014585196,-0.0513550627537477,-0.0515431490250433
1.054,-0.0514200568427488,-0.0516012447295132,-0.0513934617976498,-0.0515820415411872
1.05433333333333,-0.051458700947775,-0.0516401835469226,-0.0514319550696331,-0.0516210296265723
1.05466666666667,-0.051497439858883,-0.0516792181511253,-0.0514705428049647,-0.0516601135211884
1.055,-0.0515362738137863,-0.0517183487832947,-0.0515092252396931,-0.0516992934658166
1.05533333333333,-0.0515752030509721,-0.0517575756854046,-0.0515480026106549,-0.0517385697020363
1.05566666666667,-0.0516142278097221,-0.0517968991002433,-0.0515868751554652,-0.051777942472227
1.056,-0.0516533483301059,-0.0518363192713956,-0.0516258431125275,-0.0518174120195729
1.05633333333333,-0.0516925648529924,-0.0518758364432637,-0.0516649067210374,-0.0518569785880705
1.05666666666667,-0.0517318776200418,-0.0519154508610619,-0.0517040662209731,-0.0518966424225162
1.057,-0.0517712868737183,-0.0519551627708202,-0.0517433218531263,-0.0519364037685302
1.05733333333333,-0.0518107928572921,-0.0519949724193943,-0.0517826738590726,-0.0519762628725514
1.05766666666667,-0.0518503958148355,-0.0520348800544566,-0.051822122481198,-0.052016219981823
1.058,-0.0518900959912318,-0.0520748859245073,-0.05186166796269,-0.0520562753444274
1.05833333333333,-0.0519298936321801,-0.0521149902788829,-0.0519013105475439,-0.052096429209267
1.05866666666667,-0.0519697889841915,-0.0521551933677446,-0.051941050480567,-0.0521366818260736
1.059,-0.0520097822945988,-0.0521954954420933,-0.0519808880073863,-0.0521770334454109
1.05933333333333,-0.0520498738115585,-0.0522358967537709,-0.052020823374437,-0.052217484318677
1.05966666666667,-0.0520900637840491,-0.052276397555457,-0.0520608568289807,-0.0522580346981125
1.06,-0.0521303524618767,-0.0523169981006806,-0.0521009886191001,-0.0522986848368014
1.06033333333333,-0.0521707400956808,-0.0523576986438196,-0.0521412189937073,-0.0523394349886643
1.06066666666667,-0.0522112269369387,-0.0523984994401027,-0.0521815482025432,-0.0523802854084819
1.061,-0.052251813237964,-0.0524394007456172,-0.0522219764961802,-0.0524212363518783
1.06133333333333,-0.052292499251911,-0.052480402817306,-0.0522625041260323,-0.052462288075336
1.06166666666667,-0.0523332852327755,-0.0525215059129749,-0.0523031313443452,-0.0525034408361935
1.062,-0.0523741714354053,-0.0525627102912948,-0.0523438584042117,-0.0525446948926556
1.06233333333333,-0.0524151581154989,-0.0526040162118075,-0.0523846855595731,-0.052586050503787
1.06266666666667,-0.0524562455296099,-0.0526454239349268,-0.0524256130652173,-0.0526275079295257
1.063,-0.0524974339351452,-0.0526869337219403,-0.0524666411767842,-0.0526690674306804
1.06333333333333,-0.0525387235903759,-0.0527285458350148,-0.0525077701507661,-0.0527107292689293
1.06366666666667,-0.0525801147544361,-0.0527702605372022,-0.0525490002445264,-0.0527524937068358
1.064,-0.0526216076873301,-0.0528120780924369,-0.0525903317162779,-0.0527943610078417
1.06433333333333,-0.052663202649933,-0.0528539987655444,-0.0526317648251061,-0.0528363314362792
1.06466666666667,-0.0527048999039854,-0.0528960228222411,-0.0526732998309629,-0.0528784052573576
1.065,-0.0527466997121203,-0.0529381505291449,-0.0527149369946721,-0.0529205827371927
1.06533333333333,-0.0527886023378398,-0.0529803821537664,-0.0527566765779402,-0.052962864142785
1.06566666666667,-0.0528306080455368,-0.0530227179645233,-0.0527985188433402,-0.0530052497420415
1.066,-0.0528727171004889,-0.053065158230741,-0.0528404640543412,-0.0530477398037659
1.06633333333333,-0.0529149297688666,-0.0531077032226503,-0.0528825124752859,-0.0530903345976733
1.06666666666667,-0.0529572463177321,-0.0531503532113993,-0.0529246643714209,-0.0531330343943861
1.067,-0.0529996670150548,-0.0531931084690561,-0.052966920008874,-0.0531758394654334
1.06733333333333,-0.0530421921296951,-0.0532359692686033,-0.0530092796546687,-0.0532187500832764
1.06766666666667,-0.0530848219314247,-0.0532789358839546,-0.053051743576736,-0.0532617665212817
1.068,-0.053127556690923,-0.0533220085899438,-0.0530943120439052,-0.053304889053747
1.06833333333333,-0.0531703966797815,-0.0533651876623476,-0.0531369853259164,-0.0533481179558963
1.06866666666667,-0.0532133421705083,-0.0534084733778688,-0.0531797636934151,-0.0533914535038866
1.069,-0.0532563934365268,-0.0534518660141494,-0.0532226474179678,-0.0534348959748023
1.06933333333333,-0.0532995507521904,-0.0534953658497819,-0.0532656367720461,-0.0534784456466762
1.06966666666667,-0.0533428143927769,-0.0535389731642987,-0.0533087320290541,-0.0535221027984758
1.07,-0.0533861846344914,-0.0535826882381833,-0.0533519334633185,-0.0535658677101199
1.07033333333333,-0.0534296617544738,-0.0536265113528775,-0.0533952413500912,-0.0536097406624724
1.07066666666667,-0.0534732460308032,-0.0536704427907751,-0.0534386559655561,-0.0536537219373512
1.071,-0.0535169377425017,-0.0537144828352295,-0.0534821775868372,-0.0536978118175326
1.07133333333333,-0.0535607371695304,-0.0537586317705703,-0.0535258064919897,-0.0537420105867529
1.07166666666667,-0.053604644592804,-0.0538028898820861,-0.0535695429600195,-0.0537863185297166
1.072,-0.0536486602941904,-0.0538472574560437,-0.0536133872708745,-0.0538307359320845
1.07233333333333,-0.0536927845565071,-0.0538917347796813,-0.0536573397054525,-0.0538752630805062
1.07266666666667,-0.0537370176635382,-0.0539363221412216,-0.0537014005456092,-0.0539199002625924
1.073,-0.0537813599000317,-0.0539810198298723,-0.0537455700741537,-0.0539646477669446
1.07333333333333,-0.0538258115516941,-0.0540258281358257,-0.0537898485748622,-0.0540095058831423
1.07366666666667,-0.0538703729052136,-0.0540707473502729,-0.0538342363324635,-0.0540544749017509
1.074,-0.0539150442482457,-0.0541157777653926,-0.0538787336326737,-0.0540995551143331
1.07433333333333,-0.0539598258694324,-0.054160919674372,-0.0539233407621676,-0.0541447468134401
1.07466666666667,-0.0540047180583952,-0.0542061733713938,-0.0539680580086025,-0.0541900502926261
1.075,-0.0540497211057379,-0.0542515391516536,-0.0540128856606132,-0.0542354658464539
1.07533333333333,-0.0540948353030586,-0.0542970173113605,-0.0540578240078208,-0.0542809937704803
1.07566666666667,-0.0541400609429506,-0.0543426081477398,-0.0541028733408367,-0.0543266343612882
1.076,-0.0541853983190025,-0.0543883119590317,-0.0541480339512624,-0.0543723879164591
1.07633333333333,-0.0542308477258108,-0.0544341290445056,-0.0541933061316911,-0.0544182547346119
1.07666666666667,-0.0542764094589722,-0.0544800597044582,-0.0542386901757255,-0.0544642351153726
1.077,-0.0543220838150965,-0.0545261042402115,-0.054284186377961,-0.0545103293594057
1.07733333333333,-0.0543678710918093,-0.0545722629541399,-0.0543297950340137,-0.0545565377684008
1.07766666666667,-0.0544137715877512,-0.0546185361496398,-0.0543755164404997,-0.0546028606450878
1.078,-0.0544597856025847,-0.0546649241311666,-0.0544213508950572,-0.0546492982932332
1.07833333333333,-0.0545059134370069,-0.0547114272042183,-0.054467298696345,-0.0546958510176424
1.07866666666667,-0.0545521553927338,-0.0547580456753451,-0.0545133601440422,-0.0547425191241808
1.079,-0.0545985117725249,-0.0548047798521577,-0.0545595355388571,-0.0547893029197528
1.07933333333333,-0.0546449828801698,-0.0548516300433267,-0.0546058251825341,-0.0548362027123304
1.07966666666667,-0.0546915690205138,-0.0548985965585853,-0.0546522293778501,-0.0548832188109376
1.08,-0.0547382704994367,-0.0549456797087463,-0.0546987484286197,-0.0549303515256694
1.08033333333333,-0.054785087623875,-0.0549928798056849,-0.0547453826397098,-0.0549776011676858
1.08066666666667,-0.0548320207018181,-0.0550401971623662,-0.0547921323170261,-0.0550249680492183
1.081,-0.0548790700423213,-0.055087632092832,-0.0548389977675375,-0.0550724524835843
1.08133333333333,-0.0549262359554994,-0.0551351849122066,-0.0548859792992643,-0.0551200547851731
1.08166666666667,-0.0549735187525335,-0.0551828559367202,-0.0549330772212833,-0.0551677752694672
1.082,-0.0550209187456758,-0.0552306454836836,-0.0549802918437532,-0.0552156142530378
1.08233333333333,-0.0550684362482636,-0.0552785538715187,-0.0550276234778804,-0.0552635720535482
1.08266666666667,-0.0551160715747081,-0.0553265814197494,-0.0550750724359619,-0.0553116489897643
1.083,-0.0551638250405049,-0.055374728449008,-0.0551226390313701,-0.0553598453815556
1.08333333333333,-0.0552116969622451,-0.0554229952810403,-0.0551703235785505,-0.0554081615499007
1.08366666666667,-0.0552596876576127,-0.0554713822387117,-0.0552181263930502,-0.0554565978168854
1.084,-0.0553077974453831,-0.0555198896460099,-0.0552660477914937,-0.0555051545057212
1.08433333333333,-0.0553560266454436,-0.0555685178280519,-0.0553140880916149,-0.0555538319407323
1.08466666666667,-0.0554043755787829,-0.055617267111084,-0.0553622476122338,-0.0556026304473789
1.085,-0.055452844567506,-0.0556661378224918,-0.0554105266732878,-0.0556515503522411
1.08533333333333,-0.0555014339348286,-0.055715130290799,-0.0554589255958155,-0.0557005919830439
1.08566666666667,-0.0555501440050928,-0.0557642448456774,-0.0555074447019668,-0.0557497556686466
1.086,-0.0555989751037623,-0.0558134818179478,-0.055556084315019,-0.0557990417390551
1.08633333333333,-0.0556479275574332,-0.0558628415395889,-0.0556048447593671,-0.0558484505254239
1.08666666666667,-0.055697001693832,-0.0559123243437347,-0.0556537263605286,-0.055897982360061
1.087,-0.0557461978418302,-0.0559619305646886,-0.0557027294451623,-0.0559476375764312
1.08733333333333,-0.0557955163314368,-0.0560116605379229,-0.0557518543410514,-0.0559974165091684
1.08766666666667,-0.055844957493816,-0.0560615146000778,-0.0558011013771272,-0.0560473194940682
1.088,-0.055894521661274,-0.056111493088981,-0.0558504708834673,-0.0560973468681071
1.08833333333333,-0.055944209167287,-0.0561615963436361,-0.0558999631912956,-0.0561474989694208
1.08866666666667,-0.0559940203464882,-0.0562118247042398,-0.0559495786329908,-0.0561977761373539
1.089,-0.0560439555346711,-0.0562621785121815,-0.0559993175420947,-0.0562481787124116
1.08933333333333,-0.0560940150688134,-0.0563126581100492,-0.0560491802533093,-0.0562987070363119
1.08966666666667,-0.0561441992870611,-0.0563632638416302,-0.0560991671025053,-0.0563493614519586
1.09,-0.0561945085287438,-0.0564139960519286,-0.0561492784267282,-0.0564001423034544
1.09033333333333,-0.0562449431343749,-0.0564648550871476,-0.0561995145642054,-0.0564510499361198
1.09066666666667,-0.0562955034456623,-0.056515841294719,-0.0562498758543401,-0.056502084696476
1.091,-0.0563461898055095,-0.0565669550233006,-0.0563003626377259,-0.0565532469322683
1.09133333333333,-0.0563970025580155,-0.0566181966227668,-0.0563509752561513,-0.0566045369924555
1.09166666666667,-0.0564479420484926,-0.0566695664442325,-0.0564017140526041,-0.0566559552272352
1.092,-0.0564990086234579,-0.0567210648400479,-0.0564525793712659,-0.0567075019880195
1.09233333333333,-0.0565502026306445,-0.0567726921638086,-0.0565035715575333,-0.0567591776274694
1.09266666666667,-0.0566015244190107,-0.0568244487703546,-0.0565546909580126,-0.0568109824994837
1.093,-0.0566529743387333,-0.0568763350157861,-0.0566059379205292,-0.0568629169592132
1.09333333333333,-0.0567045527412238,-0.0569283512574513,-0.0566573127941308,-0.0569149813630458
1.09366666666667,-0.0567562599791283,-0.0569804978539739,-0.0567088159290864,-0.056967176068642
1.094,-0.0568080964063316,-0.05703277516524,-0.0567604476769049,-0.0570195014349171
1.09433333333333,-0.0568600623779714,-0.0570851835524116,-0.0568122083903274,-0.0570719578220539
1.09466666666667,-0.0569121582504235,-0.0571377233779247,-0.0568640984233371,-0.057124545591509
1.095,-0.0569643843813314,-0.0571903950055128,-0.0569161181311717,-0.0571772651060146
1.09533333333333,-0.0570167411295982,-0.0572431988001848,-0.0569682678703113,-0.0572301167295901
1.09566666666667,-0.0570692288553831,-0.0572961351282548,-0.0570205479985015,-0.0572831008275376
1.096,-0.0571218479201258,-0.0573492043573348,-0.0570729588747495,-0.0573362177664575
1.09633333333333,-0.0571745986865443,-0.0574024068563413,-0.0571255008593237,-0.0573894679142473
1.09666666666667,-0.0572274815186324,-0.0574557429955028,-0.0571781743137736,-0.0574428516401042
1.097,-0.0572804967816742,-0.0575092131463721,-0.0572309796009294,-0.0574963693145459
1.09733333333333,-0.0573336448422464,-0.0575628176818139,-0.057283917084893,-0.0575500213093967
1.09766666666667,-0.0573869260682218,-0.0576165569760261,-0.0573369871310704,-0.0576038079978037
1.098,-0.0574403408287816,-0.0576704314045347,-0.0573901901061483,-0.0576577297542383
1.09833333333333,-0.05749388949441,-0.057724441344219,-0.0574435263781235,-0.0577117869545074
1.09866666666667,-0.0575475724369086,-0.0577785871732864,-0.0574969963162891,-0.057765979975754
1.099,-0.057601390029397,-0.0578328692713008,-0.0575506002912583,-0.0578203091964569
1.09933333333333,-0.0576553426463186,-0.0578872880191893,-0.0576043386749554,-0.0578747749964544
1.09966666666667,-0.057709430663452,-0.0579418437992267,-0.057658211840621,-0.0579293777569345
1.1,-0.0577636544579085,-0.0579965369950673,-0.0577122201628335,-0.0579841178604362
1.10033333333333,-0.0578180144081414,-0.0580513679917295,-0.0577663640174951,-0.0580389956908765
1.10066666666667,-0.0578725108939525,-0.058106337175618,-0.0578206437818501,-0.0580940116335341
1.101,-0.0579271442964926,-0.0581614449345158,-0.0578750598344815,-0.0581491660750692
1.10133333333333,-0.0579819149982787,-0.0582166916575998,-0.0579296125553308,-0.0582044594035231
1.10166666666667,-0.0580368233831809,-0.0582720777354413,-0.0579843023256817,-0.0582598920083235
1.102,-0.0580918698364512,-0.0583276035600133,-0.0580391295281939,-0.0583154642802942
1.10233333333333,-0.0581470547447076,-0.0583832695246968,-0.0580940945468722,-0.0583711766116583
1.10266666666667,-0.058202378495954,-0.0584390760242878,-0.0581491977671133,-0.058427029396041
1.103,-0.0582578414795809,-0.0584950234550039,-0.0582044395756818,-0.0584830230284842
1.10333333333333,-0.0583134440863709,-0.0585511122144795,-0.0582598203607244,-0.058539157905446
1.10366666666667,-0.0583691867085067,-0.0586073427017926,-0.0583153405117811,-0.0585954344248053
1.104,-0.0584250697395762,-0.058663715317451,-0.0583710004197812,-0.0586518529858719
1.10433333333333,-0.0584810935745704,-0.0587202304634077,-0.058426800477059,-0.0587084139893883
1.10466666666667,-0.0585372586099091,-0.0587768885430656,-0.058482741077357,-0.0587651178375455
1.105,-0.0585935652434232,-0.0588336899612865,-0.0585388226158237,-0.0588219649339723
1.10533333333333,-0.0586500138743783,-0.0588906351243889,-0.0585950454890306,-0.0588789556837601
1.10566666666667,-0.0587066049034709,-0.0589477244401643,-0.0586514100949729,-0.0589360904934565
1.106,-0.058763338732842,-0.0590049583178775,-0.0587079168330729,-0.058993369771068
1.10633333333333,-0.0588202157660734,-0.0590623371682745,-0.0587645661041943,-0.0590507939260868
1.10666666666667,-0.0588772364082044,-0.0591198614035833,-0.058821358310636,-0.0591083633694709
1.107,-0.05893440106573,-0.0591775314375328,-0.0588782938561549,-0.0591660785136714
1.10733333333333,-0.0589917101466124,-0.0592353476853449,-0.058935373145951,-0.0592239397726194
1.10766666666667,-0.0590491640602813,-0.0592933105637534,-0.0589925965866915,-0.0592819475617592
1.108,-0.0591067632176476,-0.0593514204910027,-0.0590499645865121,-0.059340102298023
1.10833333333333,-0.0591645080311027,-0.0594096778868473,-0.0591074775550169,-0.0593984043998602
1.10866666666667,-0.0592223989145288,-0.0594680831725838,-0.0591651359032892,-0.0594568542872368
1.109,-0.0592804362833036,-0.0595266367710277,-0.0592229400439017,-0.0595154523816388
1.10933333333333,-0.0593386205543076,-0.0595853391065361,-0.059280890390914,-0.0595741991060828
1.10966666666667,-0.0593969521459273,-0.0596441906050124,-0.0593389873598871,-0.0596330948851182
1.11,-0.0594554314780713,-0.0597031916939074,-0.0593972313678818,-0.059692140144841
1.11033333333333,-0.0595140589721637,-0.059762342802238,-0.0594556228334778,-0.0597513353128917
1.11066666666667,-0.0595728350511548,-0.0598216443605769,-0.059514162176762,-0.0598106808184692
1.111,-0.0596317601395392,-0.0598810968010743,-0.059572849819351,-0.05987017709233
1.11133333333333,-0.0596908346633404,-0.059940700557454,-0.0596316861843919,-0.0599298245668088
1.11166666666667,-0.0597500590501374,-0.0600004560650314,-0.0596906716965591,-0.0599896236757997
1.112,-0.0598094337290608,-0.0600603637607044,-0.0597498067820858,-0.0600495748547957
1.11233333333333,-0.0598689591308024,-0.0601204240829764,-0.0598090918687365,-0.0601096785408635
1.11266666666667,-0.0599286356876256,-0.0601806374719555,-0.0598685273858488,-0.0601699351726802
1.113,-0.0599884638333541,-0.0602410043693571,-0.0599281137643118,-0.0602303451905096
1.11333333333333,-0.0600484440034146,-0.0603015252185237,-0.0599878514365871,-0.0602909090362338
1.11366666666667,-0.0601085766347973,-0.0603622004644158,-0.0600477408367143,-0.0603516271533542
1.114,-0.0601688621661073,-0.0604230305536313,-0.0601077824003126,-0.0604124999869877
1.11433333333333,-0.0602293010375416,-0.0604840159344105,-0.060167976564597,-0.0604735279838813
1.11466666666667,-0.0602898936908997,-0.0605451570566344,-0.0602283237683678,-0.0605347115924262
1.115,-0.0603506405696084,-0.0606064543718441,-0.0602888244520383,-0.0605960512626516
1.11533333333333,-0.0604115421187076,-0.0606679083332419,-0.0603494790576306,-0.0606575474462409
1.11566666666667,-0.0604725987848689,-0.0607295193956944,-0.060410288028778,-0.0607192005965275
1.116,-0.0605338110164017,-0.0607912880157436,-0.0604712518107424,-0.0607810111685263
1.11633333333333,-0.0605951792632569,-0.0608532146516241,-0.0605323708504183,-0.0608429796189094
1.11666666666667,-0.0606567039770321,-0.0609152997632487,-0.0605936455963341,-0.0609051064060347
1.117,-0.0607183856109902,-0.0609775438122411,-0.0606550764986629,-0.0609673919899454
1.11733333333333,-0.0607802246200467,-0.061039947261914,-0.0607166640092322,-0.0610298368323857
1.11766666666667,-0.0608422214608021,-0.0611025105773056,-0.0607784085815299,-0.0610924413967891
1.118,-0.0609043765915229,-0.0611652342251682,-0.0608403106707034,-0.0611552061483088
1.11833333333333,-0.0609666904721681,-0.0612281186739832,-0.0609023707335836,-0.0612181315538111
1.11866666666667,-0.0610291635643902,-0.061291164393967,-0.0609645892286723,-0.061281218081883
1.119,-0.0610917963315386,-0.0613543718570745,-0.061026966616163,-0.0613444662028473
1.11933333333333,-0.0611545892386769,-0.0614177415370177,-0.0610895033579488,-0.0614078763887598
1.11966666666667,-0.0612175427525785,-0.0614812739092613,-0.0611521999176173,-0.0614714491134323
1.12,-0.0612806573417367,-0.0615449694510341,-0.0612150567604708,-0.0615351848524179
1.12033333333333,-0.0613439334763837,-0.0616088286413402,-0.0612780743535259,-0.0615990840830398
1.12066666666667,-0.0614073716284833,-0.0616728519609678,-0.0613412531655315,-0.0616631472843905
1.121,-0.061470972271747,-0.0617370398924853,-0.061404593666955,-0.0617273749373342
1.12133333333333,-0.061534735881637,-0.0618013929202648,-0.0614680963300187,-0.0617917675245232
1.12166666666667,-0.0615986629353797,-0.0618659115304796,-0.0615317616286804,-0.061856325530402
1.122,-0.0616627539119596,-0.0619305962111121,-0.0615955900386588,-0.0619210494412143
1.12233333333333,-0.0617270092921519,-0.0619954474519689,-0.0616595820374317,-0.061985939745012
1.12266666666667,-0.0617914295585045,-0.0620604657446867,-0.0617237381042508,-0.0620509969316648
1.123,-0.0618560151953614,-0.062125651582728,-0.0617880587201396,-0.0621162214928616
1.12333333333333,-0.0619207666888609,-0.0621910054614125,-0.0618525443679118,-0.0621816139221328
1.12366666666667,-0.0619856845269544,-0.0622565278779016,-0.0619171955321752,-0.062247174714836
1.124,-0.0620507691994072,-0.0623222193312203,-0.0619820126993378,-0.0623129043681843
1.12433333333333,-0.0621160211977989,-0.0623880803222646,-0.0620469963576101,-0.0623788033812467
1.12466666666667,-0.0621814410155525,-0.0624541113538042,-0.0621121469970301,-0.0624448722549564
1.125,-0.0622470291479222,-0.0625203129304958,-0.062177465109454,-0.0625111114921145
1.12533333333333,-0.062312786092009,-0.0625866855588844,-0.0622429511885719,-0.0625775215974095
1.12566666666667,-0.0623787123467715,-0.0626532297474219,-0.062308605729913,-0.0626441030774131
1.126,-0.0624448084130318,-0.0627199460064713,-0.0623744292308616,-0.0627108564405966
1.12633333333333,-0.0625110747934797,-0.0627868348483068,-0.0624404221906494,-0.0627777821973364
1.12666666666667,-0.0625775119926865,-0.0628538967871352,-0.0625065851103842,-0.0628448808599269
1.127,-0.062644120517114,-0.0629211323390971,-0.0625729184930368,-0.062912152942575
1.12733333333333,-0.0627109008751151,-0.0629885420222789,-0.0626394228434662,-0.0629795989614265
1.12766666666667,-0.0627778535769483,-0.0630561263567188,-0.0627060986684179,-0.06304721943457
1.128,-0.0628449791347919,-0.0631238858644094,-0.0627729464765376,-0.0631150148820283
1.12833333333333,-0.0629122780627357,-0.0631918210693221,-0.0628399667783766,-0.0631829858257938
1.12866666666667,-0.0629797508768017,-0.0632599324974074,-0.0629071600864001,-0.0632511327898178
1.129,-0.0630473980949564,-0.0633282206765934,-0.0629745269149987,-0.0633194563000273
1.12933333333333,-0.0631152202371046,-0.0633966861368175,-0.063042067780491,-0.0633879568843339
1.12966666666667,-0.0631832178251139,-0.0634653294100114,-0.0631097832011375,-0.0634566350726338
1.13,-0.0632513913828088,-0.0635341510301269,-0.0631776736971537,-0.0635254913968355
1.13033333333333,-0.0633197414359952,-0.0636031515331339,-0.0632457397907029,-0.0635945263908424
1.13066666666667,-0.0633882685124531,-0.0636723314570422,-0.0633139820059195,-0.0636637405905867
1.131,-0.0634569731419519,-0.063741691341897,-0.0633824008689133,-0.0637331345340204
1.13133333333333,-0.0635258558562703,-0.0638112317297929,-0.0634509969077768,-0.0638027087611402
1.13166666666667,-0.0635949171891888,-0.0638809531648867,-0.0635197706525922,-0.0638724638139785
1.132,-0.0636641576764982,-0.0639508561934027,-0.0635887226354464,-0.0639424002366333
1.13233333333333,-0.0637335778560285,-0.0640209413636461,-0.0636578533904315,-0.0640125185752491
1.13266666666667,-0.0638031782676332,-0.0640912092260035,-0.0637271634536709,-0.0640828193780589
1.133,-0.0638729594532185,-0.0641616603329642,-0.0637966533632987,-0.0641533031953718
1.13333333333333,-0.0639429219567383,-0.064232295239116,-0.0638663236594999,-0.0642239705795897
1.13366666666667,-0.0640130663242112,-0.0643031145011699,-0.0639361748844978,-0.0642948220852112
1.134,-0.0640833931037248,-0.0643741186779595,-0.0640062075825741,-0.0643658582688468
1.13433333333333,-0.0641539028454537,-0.0644453083304495,-0.064076422300072,-0.0644370796892291
1.13466666666667,-0.0642245961016543,-0.0645166840217539,-0.0641468195854162,-0.0645084869072139
1.135,-0.0642954734266879,-0.0645882463171317,-0.064217399989102,-0.0645800804858039
1.13533333333333,-0.0643665353770232,-0.0646599957840162,-0.0642881640637267,-0.0646518609901396
1.13566666666667,-0.0644377825112459,-0.0647319329920082,-0.0643591123639862,-0.0647238289875286
1.136,-0.0645092153900769,-0.0648040585128911,-0.0644302454466825,-0.0647959850474418
1.13633333333333,-0.0645808345763599,-0.0648763729206427,-0.0645015638707448,-0.0648683297415255
1.13666666666667,-0.064652640635102,-0.0649488767914436,-0.0645730681972311,-0.0649408636436159
1.137,-0.0647246341334564,-0.0650215707036833,-0.0646447589893368,-0.0650135873297435
1.13733333333333,-0.0647968156407401,-0.0650944552379779,-0.064716636812403,-0.0650865013781515
1.13766666666667,-0.0648691857284627,-0.065167530977178,-0.064788702233935,-0.0651596063692913
1.138,-0.0649417449702994,-0.0652407985063726,-0.0648609558236052,-0.0652329028858481
1.13833333333333,-0.0650144939421316,-0.0653142584129046,-0.0649333981532607,-0.065306391512735
1.13866666666667,-0.0650874332220512,-0.0653879112863827,-0.0650060297969443,-0.0653800728371265
1.139,-0.0651605633903506,-0.0654617577186891,-0.0650788513308883,-0.0654539474484401
1.13933333333333,-0.0652338850295619,-0.0655357983039846,-0.0651518633335329,-0.0655280159383659
1.13966666666667,-0.0653073987244469,-0.0656100336387298,-0.065225066385543,-0.0656022789008772
1.14,-0.0653811050620172,-0.0656844643216893,-0.065298461069805,-0.0656767369322232
1.14033333333333,-0.0654550046315304,-0.0657590909539401,-0.0653720479714416,-0.0657513906309603
1.14066666666667,-0.0655290980245223,-0.065833914138886,-0.0654458276778316,-0.0658262405979532
1.141,-0.0656033858347986,-0.0659089344822676,-0.0655198007786043,-0.0659012874363791
1.14133333333333,-0.0656778686584523,-0.0659841525921783,-0.0655939678656588,-0.065976531751756
1.14166666666667,-0.065752547093875,-0.0660595690790576,-0.0656683295331737,-0.0660519741519295
1.142,-0.0658274217417654,-0.0661351845557185,-0.0657428863776152,-0.0661276152471079
1.14233333333333,-0.0659024932051399,-0.0662109996373575,-0.0658176389977519,-0.0662034556498549
1.14266666666667,-0.0659777620893466,-0.0662870149415559,-0.0658925879946547,-0.0662794959751048
1.143,-0.0660532290020654,-0.0663632310883023,-0.0659677339717229,-0.0663557368401849
1.14333333333333,-0.0661288945533358,-0.0664396486999908,-0.066043077534684,-0.0664321788648016
1.14366666666667,-0.0662047593555525,-0.0665162684014401,-0.0661186192916,-0.0665088226710807
1.144,-0.0662808240234774,-0.0665930908199068,-0.0661943598528945,-0.0665856688835576
1.14433333333333,-0.066357089174264,-0.066670116585091,-0.0662702998313495,-0.0666627181291949
1.14466666666667,-0.0664335554274546,-0.066747346329147,-0.06634643984212,-0.0667399710373942
1.145,-0.0665102234049918,-0.0668247806867041,-0.0664227805027438,-0.0668174282400098
1.14533333333333,-0.0665870937312423,-0.0669024202948626,-0.0664993224331567,-0.0668950903713506
1.14566666666667,-0.0666641670329889,-0.0669802657932189,-0.066576066255703,-0.0669729580682037
1.146,-0.0667414439394577,-0.0670583178238724,-0.0666530125951343,-0.0670510319698347
1.14633333333333,-0.0668189250823255,-0.0671365770314359,-0.0667301620786405,-0.0671293127180081
1.14666666666667,-0.0668966110957205,-0.0672150440630407,-0.066807515335845,-0.0672078009569929
1.147,-0.0669745026162504,-0.0672937195683643,-0.0668850729988231,-0.0672864973335752
1.14733333333333,-0.0670526002829991,-0.0673726041996319,-0.0669628357021134,-0.0673654024970731
1.14766666666667,-0.0671309047375479,-0.0674516986116254,-0.067040804082724,-0.0674445170993428
1.148,-0.0672094166239833,-0.0675310034617053,-0.0671189787801512,-0.0675238417947963
1.14833333333333,-0.0672881365889058,-0.0676105194098057,-0.0671973604363849,-0.0676033772404077
1.14866666666667,-0.0673670652814492,-0.0676902471184725,-0.067275949695922,-0.0676831240957317
1.149,-0.0674462033532823,-0.0677701872528458,-0.0673547472057806,-0.0677630830229039
1.14933333333333,-0.0675255514586317,-0.0678503404806963,-0.0674337536155011,-0.0678432546866687
1.14966666666667,-0.0676051102542773,-0.0679307074724203,-0.0675129695771818,-0.0679236397543789
1.15,-0.0676848803995873,-0.0680112889010661,-0.0675923957454532,-0.0680042388960161
1.15033333333333,-0.0677648625565081,-0.0680920854423362,-0.0676720327775294,-0.0680850527841894
1.15066666666667,-0.0678450573895907,-0.0681730977746001,-0.0677518813331977,-0.0681660820941672
1.151,-0.0679254655659938,-0.0682543265789144,-0.0678319420748282,-0.0682473275038736
1.15133333333333,-0.0680060877555018,-0.0683357725390283,-0.0679122156673995,-0.068328789693905
1.15166666666667,-0.0680869246305345,-0.0684174363414012,-0.0679927027784982,-0.0684104693475527
1.152,-0.0681679768661611,-0.0684993186752053,-0.0680734040783395,-0.0684923671507959
1.15233333333333,-0.0682492451401087,-0.0685814202323543,-0.0681543202397769,-0.0685744837923325
1.15266666666667,-0.0683307301327811,-0.0686637417075027,-0.0682354519383129,-0.0686568199635779
1.153,-0.0684124325272591,-0.0687462837980637,-0.0683167998521081,-0.0687393763586959
1.15333333333333,-0.0684943530093294,-0.0688290472042182,-0.0683983646620017,-0.0688221536745852
1.15366666666667,-0.0685764922674869,-0.0689120326289432,-0.0684801470515222,-0.0689051526109139
1.154,-0.0686588509929477,-0.0689952407780016,-0.0685621477068954,-0.0689883738701321
1.15433333333333,-0.0687414298796651,-0.0690786723599696,-0.0686443673170554,-0.0690718181574629
1.15466666666667,-0.0688242296243403,-0.0691623280862514,-0.0687268065736654,-0.0691554861809431
1.155,-0.0689072509264327,-0.0692462086710791,-0.0688094661711258,-0.0692393786514173
1.15533333333333,-0.0689904944881852,-0.0693303148315514,-0.0688923468065852,-0.0693234962825608
1.15566666666667,-0.0690739610146169,-0.0694146472876137,-0.0689754491799579,-0.0694078397908923
1.156,-0.0691576512135519,-0.0694992067620991,-0.0690587739939276,-0.0694924098957765
1.15633333333333,-0.0692415657956277,-0.0695839939807252,-0.0691423219539795,-0.0695772073194553
1.15666666666667,-0.0693257054743125,-0.0696690096721204,-0.0692260937683899,-0.0696622327870453
1.157,-0.0694100709659055,-0.069754254567829,-0.069310090148252,-0.0697474870265594
1.15733333333333,-0.0694946629895653,-0.0698397294023253,-0.0693943118074915,-0.069832970768921
1.15766666666667,-0.06957948226732,-0.0699254349130325,-0.0694787594628711,-0.0699186847479737
1.158,-0.0696645295240683,-0.0700113718403335,-0.0695634338340129,-0.0700046297004966
1.15833333333333,-0.0697498054876114,-0.0700975409275832,-0.0696483356434046,-0.0700908063662208
1.15866666666667,-0.0698353108886557,-0.0701839429211259,-0.0697334656164178,-0.0701772154878387
1.159,-0.0699210464608262,-0.0702705785703088,-0.0698188244813162,-0.0702638578110209
1.15933333333333,-0.070007012940685,-0.0703574486274965,-0.0699044129692732,-0.070350734084431
1.15966666666667,-0.0700932110677436,-0.0704445538480824,-0.0699902318143896,-0.0704378450597405
1.16,-0.0701796415844718,-0.0705318949905043,-0.0700762817537012,-0.0705251914916364
1.16033333333333,-0.0702663052363241,-0.0706194728162663,-0.0701625635271897,-0.070612774137845
1.16066666666667,-0.0703532027717396,-0.0707072880899363,-0.0702490778778047,-0.0707005937591351
1.161,-0.0704403349421673,-0.0707953415791822,-0.070335825551473,-0.0707886511193509
1.16133333333333,-0.0705277025020691,-0.0708836340547685,-0.0704228072971186,-0.0708769469853998
1.16166666666667,-0.070615306208944,-0.0709721662905837,-0.0705100238666687,-0.0709654821272966
1.162,-0.0707031468233438,-0.0710609390636448,-0.0705974760150676,-0.0710542573181522
1.16233333333333,-0.0707912251088754,-0.0711499531541228,-0.0706851645002995,-0.071143273334201
1.16266666666667,-0.0708795418322283,-0.0712392093453441,-0.0707730900834025,-0.0712325309548251
1.163,-0.070968097763178,-0.0713287084238238,-0.0708612535284662,-0.07132203096255
1.16333333333333,-0.0710568936746136,-0.0714184511792694,-0.0709496556026722,-0.0714117741430661
1.16366666666667,-0.0711459303425418,-0.0715084384045884,-0.0710382970762898,-0.0715017612852561
1.164,-0.0712352085461082,-0.0715986708959211,-0.0711271787226955,-0.0715919931811894
1.16433333333333,-0.0713247290676049,-0.0716891494526537,-0.071216301318389,-0.0716824706261537
1.16466666666667,-0.0714144926924946,-0.0717798748774146,-0.0713056656430095,-0.071773194418666
1.165,-0.0715045002094205,-0.0718708479761148,-0.0713952724793509,-0.0718641653604899
1.16533333333333,-0.0715947524102225,-0.0719620695579481,-0.0714851226133708,-0.0719553842566412
1.16566666666667,-0.0716852500899536,-0.0720535404354094,-0.0715752168342114,-0.0720468519154141
1.166,-0.0717759940468896,-0.0721452614243209,-0.0716655559342145,-0.072138569148396
1.16633333333333,-0.0718669850825574,-0.0722372333438308,-0.0717561407089315,-0.0722305367704775
1.16666666666667,-0.0719582240017383,-0.072329457016442,-0.0718469719571509,-0.0723227555998716
1.167,-0.0720497116124842,-0.0724219332680307,-0.0719380504808953,-0.0724152264581351
1.16733333333333,-0.0721414487261438,-0.0725146629278491,-0.0720293770854562,-0.0725079501701724
1.16766666666667,-0.0722334361573684,-0.0726076468285507,-0.0721209525793967,-0.0726009275642666
1.168,-0.0723256747241286,-0.0727008858062117,-0.0722127777745665,-0.072694159472082
1.16833333333333,-0.0724181652477396,-0.0727943807003337,-0.072304853486134,-0.0727876467286881
1.16866666666667,-0.0725109085528633,-0.0728881323538729,-0.0723971805325852,-0.0728813901725743
1.169,-0.0726039054675366,-0.0729821416132556,-0.0724897597357398,-0.0729753906456679
1.16933333333333,-0.0726971568231843,-0.073076409328383,-0.0725825919207791,-0.0730696489933503
1.16966666666667,-0.0727906634546235,-0.0731709363526624,-0.0726756779162568,-0.0731641660644687
1.17,-0.0728844262001051,-0.0732657235430204,-0.0727690185541108,-0.0732589427113653
1.17033333333333,-0.0729784459013051,-0.0733607717599131,-0.0728626146696822,-0.0733539797898733
1.17066666666667,-0.0730727234033593,-0.0734560818673529,-0.0729564671017391,-0.0734492781593595
1.171,-0.0731672595548649,-0.0735516547329193,-0.0730505766924777,-0.0735448386827198
1.17133333333333,-0.0732620552079154,-0.0736474912277803,-0.0731449442875525,-0.0736406622264116
1.17166666666667,-0.0733571112180967,-0.0737435922267068,-0.0732395707360935,-0.0737367496604634
1.172,-0.0734524284445202,-0.0738399586080933,-0.0733344568907092,-0.0738331018584883
1.17233333333333,-0.0735480077498394,-0.0739365912539702,-0.0734296036075198,-0.0739297196977133
1.17266666666667,-0.0736438500002524,-0.0740334910500303,-0.0735250117461586,-0.0740266040589899
1.173,-0.0737399560655354,-0.0741306588856431,-0.0736206821698049,-0.0741237558268075
1.17333333333333,-0.073836326819055,-0.0742280956538638,-0.0737166157451916,-0.0742211758893193
1.17366666666667,-0.0739329631377788,-0.0743258022514645,-0.0738128133426219,-0.07431886513836
1.174,-0.074029865902304,-0.0744237795789501,-0.0739092758359925,-0.074416824469454
1.17433333333333,-0.0741270359968658,-0.074522028540569,-0.0740060041028093,-0.0745150547818464
1.17466666666667,-0.0742244743093658,-0.0746205500443375,-0.074102999024191,-0.074613556978515
1.175,-0.0743221817313735,-0.0747193450020559,-0.0742002614849207,-0.0747123319661841
1.17533333333333,-0.0744201591581658,-0.0748184143293346,-0.0742977923734268,-0.0748113806553499
1.17566666666667,-0.0745184074887235,-0.0749177589455991,-0.0743955925818204,-0.0749107039603008
1.176,-0.0746169276257701,-0.0750173797741218,-0.0744936630059111,-0.0750103027991272
1.17633333333333,-0.0747157204757704,-0.075117277742034,-0.0745920045452207,-0.075110178093744
1.17666666666667,-0.0748147869489623,-0.0752174537803454,-0.0746906181030094,-0.0752103307699167
1.177,-0.0749141279593729,-0.0753179088239664,-0.0747895045862824,-0.0753107617572682
1.17733333333333,-0.0750137444248302,-0.0754186438117274,-0.0748886649058214,-0.0754114719893082
1.17766666666667,-0.0751136372669926,-0.0755196596863919,-0.07498809997619,-0.075512462403448
1.178,-0.0752138074113642,-0.0756209573946862,-0.0750878107157656,-0.0756137339410126
1.17833333333333,-0.0753142557873027,-0.0757225378873089,-0.0751877980467441,-0.0757152875472782
1.17866666666667,-0.0754149833280594,-0.0758244021189573,-0.0752880628951753,-0.075817124171473
1.179,-0.0755159909707771,-0.0759265510483459,-0.0753886061909616,-0.0759192447668106
1.17933333333333,-0.0756172796565233,-0.0760289856382269,-0.0754894288678983,-0.0760216502904992
1.17966666666667,-0.075718850330308,-0.0761317068554038,-0.0755905318636762,-0.0761243417037647
1.18,-0.0758207039410969,-0.0762347156707639,-0.0756919161199128,-0.0762273199718806
1.18033333333333,-0.075922841441836,-0.0763380130592886,-0.0757935825821585,-0.076330586064171
1.18066666666667,-0.0760252637894713,-0.0764416000000734,-0.0758955321999294,-0.0764341409540397
1.181,-0.0761279719449633,-0.0765454774763625,-0.0759977659267212,-0.0765379856190009
1.18133333333333,-0.0762309668733178,-0.0766496464755465,-0.0761002847200284,-0.0766421210406749
1.18166666666667,-0.0763342495435946,-0.0767541079892068,-0.0762030895413621,-0.0767465482048313
1.182,-0.0764378209289329,-0.0768588630131171,-0.0763061813562765,-0.0768512681013994
1.18233333333333,-0.0765416820065755,-0.0769639125472808,-0.0764095611343831,-0.0769562817244877
1.18266666666667,-0.0766458337578802,-0.0770692575959407,-0.0765132298493764,-0.0770615900724136
1.183,-0.0767502771683451,-0.0771748991675987,-0.0766171884790399,-0.077167194147713
1.18333333333333,-0.076855013227635,-0.0772808382750546,-0.0767214380052904,-0.0772730949571683
1.18366666666667,-0.0769600429295887,-0.0773870759354065,-0.0768259794141799,-0.0773792935118325
1.184,-0.0770653672722553,-0.0774936131700797,-0.0769308136959211,-0.0774857908270417
1.18433333333333,-0.0771709872579059,-0.0776004510048607,-0.0770359418449085,-0.0775925879224436
1.18466666666667,-0.0772769038930504,-0.0777075904699001,-0.0771413648597415,-0.077699685822018
1.185,-0.0773831181884733,-0.0778150325997468,-0.0772470837432424,-0.0778070855540926
1.18533333333333,-0.077489631159242,-0.077922778433368,-0.0773530995024834,-0.0779147881513759
1.18566666666667,-0.0775964438247366,-0.0780308290141683,-0.0774594131487946,-0.0780227946509723
1.186,-0.0777035572086642,-0.0781391853900144,-0.0775660256977991,-0.0781311060944024
1.18633333333333,-0.0778109723390878,-0.0782478486132557,-0.077672938169432,-0.0782397235276336
1.18666666666667,-0.0779186902484462,-0.0783568197407566,-0.0777801515879533,-0.0783486480010887
1.187,-0.0780267119735711,-0.0784660998339033,-0.0778876669819802,-0.0784578805696804
1.18733333333333,-0.0781350385557125,-0.0785756899586403,-0.0779954853845039,-0.0785674222928355
1.18766666666667,-0.078243671040569,-0.0786855911854828,-0.0781036078329087,-0.0786772742345081
1.188,-0.0783526104782955,-0.0787958045895485,-0.0782120353690022,-0.0787874374632018
1.18833333333333,-0.078461857923536,-0.0789063312505854,-0.0783207690390328,-0.0788979130520089
1.18866666666667,-0.0785714144354425,-0.0790171722529758,-0.0784298098937116,-0.0790087020786156
1.189,-0.0786812810777013,-0.0791283286857801,-0.0785391589882346,-0.0791198056253342
1.18933333333333,-0.0787914589185498,-0.0792398016427459,-0.0786488173823075,-0.0792312247791284
1.18966666666667,-0.0789019490308079,-0.0793515922223492,-0.0787587861401649,-0.0793429606316257
1.19,-0.0790127524918914,-0.0794637015278004,-0.0788690663306021,-0.0794550142791531
1.19033333333333,-0.079123870383845,-0.0795761306670745,-0.0789796590269858,-0.0795673868227579
1.19066666666667,-0.0792353037933574,-0.0796888807529463,-0.0790905653072881,-0.0796800793682342
1.191,-0.0793470538117958,-0.0798019529029961,-0.0792017862541018,-0.0797930930261342
1.19133333333333,-0.0794591215352143,-0.079915348239651,-0.0793133229546682,-0.0799064289118094
1.19166666666667,-0.0795715080643922,-0.0800290678901985,-0.0794251765008993,-0.0800200881454275
1.192,-0.0796842145048497,-0.080143112986817,-0.0795373479894049,-0.0801340718519873
1.19233333333333,-0.0797972419668755,-0.0802574846666046,-0.0796498385215075,-0.08024838116137
1.19266666666667,-0.079910591565556,-0.0803721840715896,-0.0797626492032833,-0.0803630172083314
1.193,-0.080024264420779,-0.0804872123487768,-0.0798757811455628,-0.0804779811325545
1.19333333333333,-0.0801382616572926,-0.0806025706501544,-0.0799892354639741,-0.0805932740786601
1.19366666666667,-0.0802525844046991,-0.0807182601327334,-0.0801030132789655,-0.0807088971962279
1.194,-0.0803672337974919,-0.0808342819585575,-0.0802171157158135,-0.0808248516398415
1.19433333333333,-0.0804822109750856,-0.0809506372947521,-0.0803315439046746,-0.0809411385690953
1.19466666666667,-0.0805975170818367,-0.0810673273135323,-0.0804462989805857,-0.0810577591486253
1.195,-0.0807131532670584,-0.0811843531922306,-0.0805613820835001,-0.0811747145481419
1.19533333333333,-0.0808291206850699,-0.0813017161133312,-0.0806767943583123,-0.0812920059424486
1.19566666666667,-0.0809454204951991,-0.0814194172644945,-0.0807925369548845,-0.0814096345114685
1.196,-0.0810620538618224,-0.0815374578385782,-0.0809086110280685,-0.0815276014402797
1.19633333333333,-0.0811790219543827,-0.0816558390336741,-0.0810250177377307,-0.0816459079191276
1.19666666666667,-0.0812963259474238,-0.0817745620531229,-0.0811417582487853,-0.0817645551434587
1.197,-0.0814139670206051,-0.0818936281055514,-0.0812588337312082,-0.0818835443139602
1.19733333333333,-0.0815319463587374,-0.0820130384048973,-0.0813762453600746,-0.0820028766365586
1.19766666666667,-0.0816502651518147,-0.082132794170436,-0.0814939943155844,-0.0821225533224761
1.198,-0.0817689245950219,-0.0822528966268076,-0.0816120817830789,-0.0822425755882371
1.19833333333333,-0.0818879258887787,-0.0823733470040474,-0.0817305089530705,-0.0823629446557063
1.19866666666667,-0.0820072702387603,-0.0824941465376117,-0.081849277021282,-0.0824836617521174
1.199,-0.0821269588559282,-0.0826152964684081,-0.0819683871886548,-0.082604728110094
1.19933333333333,-0.0822469929565515,-0.0827367980428213,-0.0820878406613926,-0.0827261449676829
1.19966666666667,-0.082367373762238,-0.0828586525127449,-0.082207638650972,-0.082847913568378
1.2,-0.0824881024999644,-0.0829808611356077,-0.0823277823741913,-0.0829700351611547
1.20033333333333,-0.0826091804021001,-0.0831034251744063,-0.0824482730531758,-0.0830925110004936
1.20066666666667,-0.0827306087064385,-0.0832263458977303,-0.0825691119154159,-0.0832153423464152
1.201,-0.0828523886562225,-0.0833496245797903,-0.0826903001937979,-0.0833385304644965
1.20133333333333,-0.0829745215001759,-0.0834732625004529,-0.0828118391266296,-0.0834620766259157
1.20166666666667,-0.0830970084925261,-0.0835972609452741,-0.0829337299576632,-0.0835859821074708
1.202,-0.0832198508930489,-0.0837216212055093,-0.0830559739361305,-0.0837102481916139
1.20233333333333,-0.0833430499670673,-0.0838463445781684,-0.0831785723167708,-0.0838348761664739
1.20266666666667,-0.0834666069855193,-0.0839714323660283,-0.0833015263598545,-0.0839598673259006
1.203,-0.0835905232249497,-0.0840968858776754,-0.0834248373312167,-0.08408522296948
1.20333333333333,-0.0837147999675688,-0.0842227064275276,-0.0835485065022829,-0.0842109444025677
1.20366666666667,-0.0838394385012676,-0.0843488953358687,-0.0836725351501075,-0.084337032936335
1.204,-0.0839644401196444,-0.084475453928876,-0.0837969245573896,-0.0844634898877689
1.20433333333333,-0.0840898061220529,-0.0846023835386574,-0.0839216760125098,-0.0845903165797303
1.20466666666667,-0.0842155378136059,-0.0847296855032804,-0.0840467908095593,-0.084717514340973
1.205,-0.0843416365052329,-0.0848573611668046,-0.0841722702483725,-0.0848450845061799
1.20533333333333,-0.0844681035136856,-0.0849854118793066,-0.0842981156345514,-0.0849730284159854
1.20566666666667,-0.0845949401615987,-0.0851138389969222,-0.0844243282794996,-0.0851013474170184
1.206,-0.0847221477774865,-0.0852426438818728,-0.0845509095004569,-0.0852300428619246
1.20633333333333,-0.0848497276957982,-0.0853718279024964,-0.0846778606205177,-0.0853591161094036
1.20666666666667,-0.0849776812569442,-0.0855013924332831,-0.0848051829686762,-0.0854885685242381
1.207,-0.0851060098073155,-0.0856313388549145,-0.0849328778798455,-0.0856184014773284
1.20733333333333,-0.0852347146993397,-0.0857616685542799,-0.0850609466949007,-0.0857486163457286
1.20766666666667,-0.0853637972914852,-0.0858923829245241,-0.0851893907606982,-0.0858792145126677
1.208,-0.0854932589483177,-0.0860234833650744,-0.0853182114301191,-0.0860101973675896
1.20833333333333,-0.0856231010405137,-0.0861549712816781,-0.0854474100620841,-0.086141566306198
1.20866666666667,-0.0857533249449057,-0.0862868480864306,-0.0855769880216135,-0.0862733227304618
1.209,-0.0858839320445075,-0.0864191151978155,-0.0857069466798281,-0.0864054680486756
1.20933333333333,-0.0860149237285481,-0.0865517740407343,-0.0858372874139989,-0.0865380036754817
1.20966666666667,-0.0861463013925121,-0.086684826046544,-0.0859680116075841,-0.0866709310318969
1.21,-0.0862780664381678,-0.0868182726530879,-0.0860991206502461,-0.0868042515453618
1.21033333333333,-0.0864102202735911,-0.0869521153047354,-0.0862306159379007,-0.086937966649771
1.21066666666667,-0.0865427643132195,-0.0870863554524155,-0.0863624988727384,-0.0870720777854946
1.211,-0.0866756999778693,-0.0872209945536501,-0.0864947708632618,-0.0872065863994322
1.21133333333333,-0.0868090286947766,-0.0873560340725889,-0.0866274333243212,-0.0873414939450352
1.21166666666667,-0.0869427518976315,-0.0874914754800471,-0.0867604876771506,-0.0874768018823411
1.212,-0.087076871026614,-0.0876273202535464,-0.0868939353493925,-0.0876125116780228
1.21233333333333,-0.0872113875284201,-0.0877635698773424,-0.0870277777751404,-0.0877486248054059
1.21266666666667,-0.0873463028563139,-0.0879002258424608,-0.0871620163949755,-0.0878851427445197
1.213,-0.0874816184701423,-0.0880372896467455,-0.0872966526559898,-0.0880220669821238
1.21333333333333,-0.0876173358363866,-0.0881747627948844,-0.0874316880118286,-0.0881593990117483
1.21366666666667,-0.0877534564281943,-0.08831264679845,-0.0875671239227324,-0.088297140333729
1.214,-0.0878899817254082,-0.0884509431759364,-0.0877029618555583,-0.0884352924552469
1.21433333333333,-0.0880269132146076,-0.088589653452799,-0.0878392032838265,-0.0885738568903591
1.21466666666667,-0.0881642523891478,-0.0887287791614902,-0.0879758496877453,-0.0887128351600485
1.215,-0.0883020007491901,-0.0888683218414956,-0.0881129025542644,-0.0888522287922468
1.21533333333333,-0.0884401598017483,-0.0890082830393782,-0.0882503633770934,-0.0889920393218764
1.21566666666667,-0.088578731060707,-0.0891486643088127,-0.0883882336567428,-0.0891322682908929
1.216,-0.0887177160468838,-0.0892894672106193,-0.0885265149005736,-0.0892729172483209
1.21633333333333,-0.0888571162880505,-0.0894306933128221,-0.0886652086228134,-0.0894139877502972
1.21666666666667,-0.0889969333189738,-0.0895723441906575,-0.0888043163446135,-0.0895554813600925
1.217,-0.0891371686814521,-0.0897144214266458,-0.08894383959407,-0.0896973996481702
1.21733333333333,-0.0892778239243575,-0.0898569266106048,-0.0890837799062721,-0.0898397441922198
1.21766666666667,-0.0894189006036782,-0.0899998613397132,-0.0892241388233362,-0.0899825165771898
1.218,-0.0895604002825449,-0.0901432272185268,-0.0893649178944408,-0.0901257183953315
1.21833333333333,-0.0897023245312753,-0.0902870258590352,-0.0895061186758769,-0.0902693512462415
1.21866666666667,-0.0898446749274189,-0.0904312588807065,-0.0896477427310667,-0.0904134167368982
1.219,-0.0899874530557948,-0.0905759279105055,-0.0897897916306242,-0.0905579164817022
1.21933333333333,-0.0901306605085203,-0.0907210345829656,-0.0899322669523735,-0.0907028521025174
1.21966666666667,-0.0902742988850655,-0.0908665805402052,-0.0900751702814112,-0.0908482252287197
1.22,-0.0904183697922911,-0.0910125674319801,-0.0902185032101236,-0.0909940374972232
1.22033333333333,-0.0905628748444721,-0.0911589969157273,-0.0903622673382404,-0.0911402905525356
1.22066666666667,-0.0907078156633656,-0.0913058706566027,-0.0905064642728694,-0.091286986046787
1.221,-0.0908531938782295,-0.0914531903275282,-0.0906510956285361,-0.0914341256397885
1.22133333333333,-0.0909990111258767,-0.0916009576092266,-0.0907961630272295,-0.0915817109990525
1.22166666666667,-0.0911452690507068,-0.0917491741902794,-0.090941668098439,-0.0917297437998585
1.222,-0.0912919693047553,-0.0918978417671532,-0.0910876124791975,-0.091878225725279
1.22233333333333,-0.091439113547737,-0.0920469620442575,-0.091233997814121,-0.0920271584662325
1.22266666666667,-0.0915867034470834,-0.0921965367339764,-0.0913808257554468,-0.0921765437215172
1.223,-0.0917347406779832,-0.0923465675567267,-0.0915280979630862,-0.0923263831978683
1.22333333333333,-0.0918832269234279,-0.0924970562409944,-0.0916758161046537,-0.0924766786099801
1.22366666666667,-0.0920321638742608,-0.0926480045233725,-0.0918239818555224,-0.0926274316805792
1.224,-0.0921815532292157,-0.092799414148623,-0.0919725968988536,-0.0927786441404471
1.22433333333333,-0.0923313966949537,-0.0929512868697089,-0.0921216629256463,-0.0929303177284693
1.22466666666667,-0.092481695986117,-0.0931036244478469,-0.0922711816347883,-0.0930824541916847
1.225,-0.0926324528253726,-0.0932564286525491,-0.092421154733084,-0.0932350552853282
1.22533333333333,-0.0927836689434501,-0.0934097012616752,-0.0925715839353067,-0.0933881227728783
1.22566666666667,-0.0929353460791917,-0.093563444061473,-0.0927224709642431,-0.0935416584260992
1.226,-0.0930874859795971,-0.0937176588466264,-0.0928738175507428,-0.0936956640250919
1.22633333333333,-0.0932400903998677,-0.0938723474203043,-0.0930256254337448,-0.0938501413583334
1.22666666666667,-0.0933931611034493,-0.0940275115942135,-0.093177896360345,-0.0940050922227342
1.227,-0.0935466998620845,-0.0941831531886371,-0.0933306320858256,-0.0941605184236759
1.22733333333333,-0.093700708455858,-0.0943392740324813,-0.0934838343737027,-0.0943164217750629
1.22766666666667,-0.0938551886732347,-0.0944958759633424,-0.0936375049957877,-0.0944728040993706
1.228,-0.0940101423111188,-0.0946529608275314,-0.093791645732207,-0.0946296672276884
1.22833333333333,-0.0941655711748942,-0.0948105304801393,-0.0939462583714686,-0.0947870129997761
1.22866666666667,-0.0943214770784657,-0.0949685867850816,-0.0941013447105041,-0.0949448432641044
1.229,-0.0944778618443239,-0.0951271316151437,-0.094256906554712,-0.0951031598779115
1.22933333333333,-0.0946347273035769,-0.0952861668520442,-0.0944129457180076,-0.0952619647072467
1.22966666666667,-0.0947920752960122,-0.0954456943864718,-0.0945694640228729,-0.0954212596270184
1.23,-0.094949907670128,-0.095605716118139,-0.0947264633003964,-0.0955810465210588
1.23033333333333,-0.0951082262832027,-0.0957662339558384,-0.094883945390336,-0.0957413272821488
1.23066666666667,-0.095267033001329,-0.0959272498174888,-0.0950419121411452,-0.0959021038120905
1.231,-0.0954263296994698,-0.0960887656301951,-0.0952003654100455,-0.0960633780217522
1.23133333333333,-0.0955861182615094,-0.0962507833302831,-0.0953593070630688,-0.0962251518311078
1.23166666666667,-0.0957464005803008,-0.0964133048633779,-0.0955187389750913,-0.096387427169313
1.232,-0.0959071785577146,-0.0965763321844305,-0.0956786630299041,-0.0965502059747284
1.23233333333333,-0.0960684541046983,-0.0967398672577882,-0.0958390811202517,-0.0967134901949942
1.23266666666667,-0.0962302291413192,-0.0969039120572451,-0.0959999951478877,-0.0968772817870745
1.233,-0.09639250559682,-0.0970684685660822,-0.0961614070236212,-0.0970415827173048
1.23333333333333,-0.0965552854096685,-0.0972335387771488,-0.0963233186673722,-0.0972063949614584
1.23366666666667,-0.0967185705276143,-0.0973991246928912,-0.0964857320082223,-0.0973717205047858
1.234,-0.0968823629077383,-0.0975652283254229,-0.0966486489844591,-0.0975375613420749
1.23433333333333,-0.0970466645164998,-0.0977318516965678,-0.0968120715436416,-0.0977039194777138
1.23466666666667,-0.0972114773298087,-0.0978989968379321,-0.0969760016426458,-0.0978707969257307
1.235,-0.0973768033330537,-0.0980666657909455,-0.0971404412477108,-0.0980381957098566
1.23533333333333,-0.0975426445211826,-0.0982348606069214,-0.0973053923345041,-0.0982061178635813
1.23566666666667,-0.0977090028987304,-0.0984035833471229,-0.0974708568881694,-0.0983745654302087
1.236,-0.0978758804799019,-0.0985728360828078,-0.0976368369033826,-0.098543540462911
1.23633333333333,-0.0980432792886006,-0.0987426208952911,-0.0978033343843964,-0.0987130450247846
1.23666666666667,-0.0982112013584991,-0.0989129398760072,-0.0979703513451138,-0.0988830811889113
1.237,-0.0983796487330973,-0.0990837951265593,-0.0981378898091223,-0.0990536510384149
1.23733333333333,-0.098548623465772,-0.0992551887587826,-0.0983059518097646,-0.0992247566665115
1.23766666666667,-0.0987181276198326,-0.0994271228948071,-0.0984745393901919,-0.0993964001765777
1.238,-0.0988881632685814,-0.0995995996671143,-0.0986436546034084,-0.0995685836822081
1.23833333333333,-0.0990587324953709,-0.0997726212185922,-0.0988132995123378,-0.0997413093072577
1.23866666666667,-0.0992298373936636,-0.0999461897026044,-0.0989834761898879,-0.0999145791859272
1.239,-0.0994014800670816,-0.100120307283042,-0.099154186718985,-0.100088395462806
1.23933333333333,-0.0995736626294805,-0.100294976134396,-0.0993254331926579,-0.100262760292931
1.23966666666667,-0.0997463872049958,-0.100470198441803,-0.0994972177140727,-0.100437675841859
1.24,-0.0999196559281,-0.100645976401127,-0.0996695423966032,-0.100613144285714
1.24033333333333,-0.100093470943677,-0.100822312218999,-0.0998424093638936,-0.100789167811259
1.24066666666667,-0.100267834407065,-0.100999208112898,-0.100015820749904,-0.100965748615954
1.241,-0.100442748484135,-0.101176666311215,-0.100189778698985,-0.101142888908011
1.24133333333333,-0.100618215351335,-0.101354689053295,-0.100364285365924,-0.101320590906473
1.24166666666667,-0.100794237195764,-0.101533278589526,-0.100539342916015,-0.101498856841259
1.242,-0.100970816215228,-0.101712437181393,-0.100714953525115,-0.10167768895324
1.24233333333333,-0.101147954618298,-0.101892167101536,-0.10089111937971,-0.101857089494294
1.24266666666667,-0.101325654624383,-0.10207247063383,-0.101067842676965,-0.102037060727377
1.243,-0.101503918463786,-0.102253350073444,-0.101245125624802,-0.102217604926588
1.24333333333333,-0.101682748377766,-0.1024348077269,-0.101422970441946,-0.102398724377224
1.24366666666667,-0.101862146618614,-0.102616845912153,-0.101601379358004,-0.102580421375858
1.244,-0.102042115449701,-0.102799466958644,-0.101780354613514,-0.102762698230399
1.24433333333333,-0.102222657145551,-0.102982673207383,-0.10195989846002,-0.102945557260154
1.24466666666667,-0.102403773991913,-0.103166467011012,-0.102140013160126,-0.103129000795907
1.245,-0.102585468285802,-0.103350850733857,-0.102320700987564,-0.103313031179972
1.24533333333333,-0.102767742335601,-0.103535826752029,-0.102501964227267,-0.103497650766278
1.24566666666667,-0.102950598461107,-0.10372139745346,-0.102683805175423,-0.103682861920414
1.246,-0.103134038993587,-0.103907565237999,-0.102866226139544,-0.103868667019721
1.24633333333333,-0.103318066275873,-0.104094332517468,-0.10304922943854,-0.104055068453339
1.24666666666667,-0.103502682662402,-0.104281701715736,-0.103232817402768,-0.104242068622308
1.247,-0.103687890519312,-0.104469675268793,-0.103416992374125,-0.104429669939603
1.24733333333333,-0.103873692224488,-0.104658255624823,-0.103601756706088,-0.104617874830222
1.24766666666667,-0.104060090167643,-0.10484744524427,-0.103787112763804,-0.104806685731262
1.248,-0.104247086750385,-0.105037246599917,-0.103973062924146,-0.104996105091975
1.24833333333333,-0.104434684386287,-0.105227662176957,-0.104159609575783,-0.105186135373859
1.24866666666667,-0.104622885500958,-0.105418694473065,-0.104346755119257,-0.10537677905071
1.249,-0.104811692532113,-0.105610345998477,-0.104534501967046,-0.105568038608714
1.24933333333333,-0.105001107929654,-0.105802619276063,-0.104722852543636,-0.105759916546508
1.24966666666667,-0.105191134155718,-0.105995516841401,-0.104911809285595,-0.105952415375256
1.25,-0.105381773684787,-0.106189041242853,-0.105101374641638,-0.106145537618731
1.25033333333333,-0.105573029003726,-0.106383195041646,-0.105291551072703,-0.106339285813384
1.25066666666667,-0.105764902611879,-0.10657798081194,-0.105482341052029,-0.106533662508416
1.251,-0.105957397021126,-0.106773401140922,-0.105673747065214,-0.106728670265858
1.25133333333333,-0.10615051475598,-0.10696945862886,-0.105865771610303,-0.106924311660657
1.25166666666667,-0.10634425835364,-0.107166155889203,-0.106058417197856,-0.107120589280734
1.252,-0.106538630364081,-0.107363495548653,-0.106251686351018,-0.107317505727076
1.25233333333333,-0.106733633350124,-0.10756148024724,-0.106445581605605,-0.107515063613808
1.25266666666667,-0.106929269887518,-0.107760112638411,-0.106640105510164,-0.107713265568283
1.253,-0.107125542565007,-0.107959395389101,-0.106835260626069,-0.10791211423114
1.25333333333333,-0.107322453984421,-0.108159331179825,-0.107031049527577,-0.108111612256405
1.25366666666667,-0.107520006760752,-0.108359922704754,-0.107227474801916,-0.108311762311552
1.254,-0.107718203522221,-0.108561172671796,-0.107424539049362,-0.108512567077611
1.25433333333333,-0.107917046910369,-0.10876308380268,-0.107622244883318,-0.108714029249217
1.25466666666667,-0.108116539580137,-0.108965658833052,-0.107820594930383,-0.108916151534717
1.255,-0.108316684199943,-0.109168900512534,-0.108019591830449,-0.109118936656242
1.25533333333333,-0.108517483451764,-0.109372811604837,-0.108219238236758,-0.109322387349794
1.25566666666667,-0.108718940031217,-0.109577394887821,-0.108419536816,-0.109526506365324
1.256,-0.108921056647647,-0.109782653153608,-0.10862049024839,-0.109731296466824
1.25633333333333,-0.109123836024196,-0.109988589208638,-0.108822101227747,-0.109936760432408
1.25666666666667,-0.109327280897906,-0.110195205873789,-0.109024372461573,-0.110142901054397
1.257,-0.10953139401979,-0.110402505984436,-0.10922730667114,-0.11034972113941
1.25733333333333,-0.109736178154919,-0.110610492390557,-0.109430906591571,-0.110557223508441
1.25766666666667,-0.109941636082506,-0.110819167956818,-0.109635174971928,-0.11076541099696
1.258,-0.110147770596001,-0.111028535562662,-0.109840114575292,-0.110974286454987
1.25833333333333,-0.110354584503165,-0.111238598102402,-0.110045728178841,-0.111183852747195
1.25866666666667,-0.110562080626166,-0.111449358485305,-0.110252018573954,-0.111394112752986
1.259,-0.110770261801663,-0.111660819635692,-0.110458988566277,-0.111605069366588
1.25933333333333,-0.110979130880894,-0.111872984493024,-0.110666640975824,-0.111816725497149
1.25966666666667,-0.111188690729767,-0.112085856012007,-0.110874978637056,-0.112029084068816
1.26,-0.111398944228948,-0.112299437162666,-0.111084004398974,-0.112242148020841
1.26033333333333,-0.111609894273955,-0.112513730930461,-0.111293721125202,-0.112455920307662
1.26066666666667,-0.11182154377524,-0.112728740316362,-0.11150413169408,-0.112670403899008
1.261,-0.112033895658295,-0.112944468336965,-0.111715238998752,-0.112885601779979
1.26133333333333,-0.11224695286373,-0.113160918024566,-0.111927045947267,-0.113101516951153
1.26166666666667,-0.11246071834737,-0.11337809242728,-0.112139555462638,-0.113318152428673
1.262,-0.112675195080354,-0.113595994609125,-0.112352770482979,-0.113535511244346
1.26233333333333,-0.112890386049228,-0.113814627650125,-0.11256669396156,-0.11375359644574
1.26266666666667,-0.113106294256026,-0.11403399464641,-0.112781328866919,-0.11397241109628
1.263,-0.113322922718395,-0.114254098710311,-0.112996678182948,-0.114191958275347
1.26333333333333,-0.113540274469651,-0.114474942970471,-0.113212744908995,-0.114412241078374
1.26366666666667,-0.113758352558913,-0.114696530571938,-0.113429532059945,-0.114633262616951
1.264,-0.113977160051187,-0.114918864676262,-0.113647042666332,-0.114855026018921
1.26433333333333,-0.114196700027452,-0.115141948461616,-0.113865279774421,-0.115077534428475
1.26466666666667,-0.114416975584774,-0.115365785122884,-0.114084246446321,-0.115300791006268
1.265,-0.11463798983641,-0.115590377871765,-0.114303945760061,-0.115524798929508
1.26533333333333,-0.114859745911887,-0.115815729936892,-0.114524380809706,-0.115749561392067
1.26566666666667,-0.115082246957123,-0.116041844563927,-0.114745554705458,-0.115975081604578
1.266,-0.115305496134522,-0.116268725015664,-0.114967470573728,-0.116201362794546
1.26633333333333,-0.115529496623076,-0.116496374572151,-0.11519013155728,-0.116428408206449
1.26666666666667,-0.115754251618469,-0.116724796530781,-0.115413540815291,-0.116656221101845
1.267,-0.115979764333182,-0.11695399420642,-0.115637701523483,-0.11688480475948
1.26733333333333,-0.116206037996595,-0.117183970931493,-0.115862616874206,-0.117114162475395
1.26766666666667,-0.116433075855096,-0.117414730056124,-0.116088290076548,-0.11734429756303
1.268,-0.116660881172185,-0.117646274948218,-0.116314724356446,-0.117575213353342
1.26833333333333,-0.116889457228584,-0.117878608993592,-0.116541922956782,-0.117806913194905
1.26866666666667,-0.117118807322344,-0.118111735596083,-0.11676988913749,-0.118039400454026
1.269,-0.117348934768951,-0.118345658177663,-0.11699862617566,-0.118272678514857
1.26933333333333,-0.117579842901434,-0.118580380178548,-0.117228137365658,-0.118506750779513
1.26966666666667,-0.117811535070484,-0.118815905057321,-0.117458426019219,-0.118741620668163
1.27,-0.118044014644561,-0.119052236291048,-0.117689495465562,-0.118977291619168
1.27033333333333,-0.11827728501,-0.119289377375389,-0.117921349051498,-0.119213767089189
1.27066666666667,-0.11851134957113,-0.119527331824715,-0.118153990141546,-0.119451050553296
1.271,-0.118746211750386,-0.119766103172244,-0.118387422118033,-0.119689145505089
1.27133333333333,-0.118981874988426,-0.12000569497014,-0.118621648381216,-0.119928055456815
1.27166666666667,-0.119218342744239,-0.120246110789641,-0.118856672349394,-0.12016778393949
1.272,-0.119455618495271,-0.120487354221188,-0.119092497459011,-0.120408334503011
1.27233333333333,-0.119693705737534,-0.120729428874538,-0.119329127164784,-0.120649710716275
1.27266666666667,-0.119932607985725,-0.120972338378891,-0.119566564939807,-0.12089191616731
1.273,-0.120172328773351,-0.121216086383018,-0.11980481427568,-0.121134954463392
1.27333333333333,-0.120412871652836,-0.121460676555374,-0.120043878682606,-0.121378829231156
1.27366666666667,-0.120654240195659,-0.121706112584246,-0.120283761689535,-0.121623544116742
1.274,-0.120896437992453,-0.121952398177856,-0.120524466844256,-0.1218691027859
1.27433333333333,-0.121139468653154,-0.122199537064499,-0.120765997713536,-0.122115508924117
1.27466666666667,-0.121383335807097,-0.122447532992685,-0.121008357883231,-0.122362766236761
1.275,-0.121628043103164,-0.122696389731248,-0.121251550958409,-0.122610878449181
1.27533333333333,-0.121873594209883,-0.122946111069488,-0.121495580563473,-0.122859849306867
1.27566666666667,-0.122119992815587,-0.123196700817302,-0.121740450342282,-0.123109682575541
1.276,-0.122367242628505,-0.123448162805312,-0.121986163958277,-0.123360382041326
1.27633333333333,-0.122615347376917,-0.123700500885011,-0.122232725094609,-0.123611951510846
1.27666666666667,-0.122864310809271,-0.123953718928882,-0.122480137454257,-0.123864394811377
1.277,-0.123114136694311,-0.124207820830547,-0.122728404760159,-0.124117715790966
1.27733333333333,-0.123364828821215,-0.124462810504895,-0.122977530755338,-0.124371918318583
1.27766666666667,-0.12361639099972,-0.124718691888229,-0.123227519203035,-0.124627006284235
1.278,-0.123868827060259,-0.124975468938396,-0.123478373886835,-0.12488298359912
1.27833333333333,-0.124122140854089,-0.125233145634928,-0.123730098610797,-0.125139854195749
1.27866666666667,-0.124376336253436,-0.125491725979195,-0.123982697199583,-0.125397622028096
1.279,-0.124631417151611,-0.125751213994531,-0.1242361734986,-0.125656291071729
1.27933333333333,-0.124887387463175,-0.126011613726386,-0.124490531374124,-0.125915865323952
1.27966666666667,-0.125144251124048,-0.126272929242471,-0.124745774713435,-0.126176348803954
1.28,-0.125402012091669,-0.126535164632898,-0.12500190742496,-0.126437745552932
1.28033333333333,-0.125660674345119,-0.126798324010335,-0.125258933438402,-0.126700059634257
1.28066666666667,-0.12592024188528,-0.127062411510139,-0.125516856704876,-0.126963295133599
1.281,-0.126180718734958,-0.127327431290528,-0.125775681197057,-0.127227456159089
1.28133333333333,-0.126442108939039,-0.127593387532707,-0.126035410909312,-0.127492546841455
1.28166666666667,-0.126704416564621,-0.127860284441031,-0.126296049857838,-0.127758571334166
1.282,-0.12696764570118,-0.12812812624316,-0.126557602080815,-0.128025533813595
1.28233333333333,-0.12723180046069,-0.128396917190205,-0.126820071638536,-0.128293438479154
1.28266666666667,-0.127496884977788,-0.12866666155688,-0.127083462613562,-0.128562289553455
1.283,-0.127762903409915,-0.128937363641672,-0.127347779110848,-0.128832091282456
1.28333333333333,-0.128029859937473,-0.129209027766983,-0.127613025257919,-0.129102847935621
1.28366666666667,-0.128297758763961,-0.1294816582793,-0.127879205204989,-0.129374563806062
1.284,-0.128566604116142,-0.129755259549338,-0.128146323125123,-0.129647243210714
1.28433333333333,-0.12883640024419,-0.130029835972222,-0.128414383214383,-0.12992089049047
1.28466666666667,-0.129107151421839,-0.130305391967632,-0.128683389691975,-0.130195510010354
1.285,-0.129378861946545,-0.130581931979975,-0.128953346800409,-0.130471106159677
1.28533333333333,-0.129651536139646,-0.130859460478536,-0.129224258805648,-0.130747683352193
1.28566666666667,-0.129925178346506,-0.13113798195767,-0.129496129997256,-0.131025246026264
1.286,-0.130199792936686,-0.131417500936939,-0.129768964688556,-0.131303798645025
1.28633333333333,-0.130475384304096,-0.131698021961293,-0.130042767216792,-0.131583345696542
1.28666666666667,-0.130751956867167,-0.131979549601248,-0.130317541943282,-0.131863891693983
1.287,-0.131029515068999,-0.132262088453043,-0.130593293253569,-0.132145441175781
1.28733333333333,-0.131308063377536,-0.132545643138822,-0.130870025557598,-0.132427998705805
1.28766666666667,-0.131587606285729,-0.132830218306792,-0.131147743289861,-0.132711568873527
1.288,-0.131868148311696,-0.133115818631419,-0.131426450909568,-0.132996156294192
1.28833333333333,-0.132149693998899,-0.13340244881359,-0.131706152900805,-0.133281765608994
1.28866666666667,-0.132432247916303,-0.133690113580793,-0.131986853772699,-0.133568401485241
1.289,-0.132715814658555,-0.133978817687294,-0.132268558059593,-0.133856068616536
1.28933333333333,-0.13300039884615,-0.134268565914324,-0.132551270321202,-0.134144771722955
1.28966666666667,-0.133286005125607,-0.134559363070255,-0.132834995142784,-0.134434515551218
1.29,-0.133572638169634,-0.134851213990785,-0.133119737135316,-0.134725304874866
1.29033333333333,-0.133860302677326,-0.135144123539115,-0.133405500935659,-0.135017144494451
1.29066666666667,-0.134149003374307,-0.135438096606151,-0.133692291206731,-0.135310039237708
1.291,-0.134438745012947,-0.135733138110677,-0.133980112637684,-0.135603993959746
1.29133333333333,-0.134729532372511,-0.136029252999549,-0.134268969944069,-0.135899013543218
1.29166666666667,-0.135021370259357,-0.136326446247887,-0.134558867868032,-0.136195102898524
1.292,-0.135314263507106,-0.136624722859256,-0.13484981117847,-0.136492266963985
1.29233333333333,-0.135608216976843,-0.136924087865877,-0.135141804671228,-0.136790510706037
1.29266666666667,-0.135903235557283,-0.137224546328813,-0.135434853169265,-0.137089839119424
1.293,-0.136199324164972,-0.137526103338157,-0.135728961522843,-0.137390257227379
1.29333333333333,-0.136496487744468,-0.137828764013244,-0.136024134609717,-0.137691770081836
1.29366666666667,-0.136794731268532,-0.138132533502845,-0.136320377335303,-0.137994382763594
1.294,-0.137094059738323,-0.138437416985361,-0.136617694632882,-0.138298100382544
1.29433333333333,-0.137394478183587,-0.138743419669037,-0.136916091463772,-0.138602928077854
1.29466666666667,-0.137695991662842,-0.13905054679216,-0.137215572817531,-0.138908871018162
1.295,-0.137998605263597,-0.139358803623263,-0.137516143712141,-0.139215934401787
1.29533333333333,-0.138302324102529,-0.139668195461339,-0.13781780919419,-0.139524123456924
1.29566666666667,-0.138607153325685,-0.139978727636043,-0.138120574339092,-0.13983344344185
1.296,-0.138913098108695,-0.140290405507911,-0.138424444251253,-0.140143899645134
1.29633333333333,-0.139220163656953,-0.140603234468556,-0.138729424064285,-0.140455497385834
1.29666666666667,-0.139528355205841,-0.140917219940912,-0.139035518941201,-0.14076824201372
1.297,-0.13983767802092,-0.141232367379412,-0.13934273407461,-0.141082138909467
1.29733333333333,-0.140148137398141,-0.141548682270239,-0.139651074686926,-0.141397193484881
1.29766666666667,-0.140459738664066,-0.141866170131521,-0.139960546030561,-0.141713411183113
1.298,-0.14077248717605,-0.142184836513573,-0.140271153388143,-0.142030797478855
1.29833333333333,-0.141086388322478,-0.142504686999094,-0.140582902072703,-0.142349357878587
1.29866666666667,-0.141401447522966,-0.142825727203424,-0.140895797427906,-0.142669097920768
1.299,-0.141717670228587,-0.143147962774742,-0.141209844828239,-0.142990023176082
1.29933333333333,-0.142035061922072,-0.14347139939431,-0.141525049679231,-0.143312139247634
1.29966666666667,-0.142353628118038,-0.143796042776693,-0.141841417417679,-0.143635451771191
1.3,-0.142673374363213,-0.14412189867,-0.142158953511827,-0.143959966415408
1.30033333333333,-0.142994306236648,-0.144448972856116,-0.14247766346162,-0.144285688882051
1.30066666666667,-0.143316429349946,-0.144777271150929,-0.142797552798907,-0.14461262490623
1.301,-0.143639749347489,-0.145106799404581,-0.143118627087651,-0.144940780256618
1.30133333333333,-0.143964271906656,-0.145437563501696,-0.143440891924161,-0.145270160735702
1.30166666666667,-0.144290002738073,-0.145769569361633,-0.143764352937314,-0.145600772180011
1.302,-0.144616947585819,-0.146102822938712,-0.144089015788779,-0.14593262046035
1.30233333333333,-0.144945112227675,-0.146437330222477,-0.144414886173242,-0.146265711482042
1.30266666666667,-0.145274502475353,-0.146773097237934,-0.144741969818638,-0.146600051185166
1.303,-0.145605124174742,-0.147110130045808,-0.145070272486371,-0.146935645544806
1.30333333333333,-0.145936983206129,-0.147448434742778,-0.145399799971561,-0.147272500571287
1.30366666666667,-0.146270085484455,-0.147788017461752,-0.145730558103272,-0.147610622310429
1.304,-0.146604436959554,-0.148128884372102,-0.146062552744739,-0.147950016843797
1.30433333333333,-0.14694004361639,-0.148471041679944,-0.146395789793617,-0.148290690288938
1.30466666666667,-0.147276911475313,-0.148814495628373,-0.14673027518222,-0.148632648799658
1.305,-0.147615046592308,-0.149159252497745,-0.14706601487775,-0.148975898566244
1.30533333333333,-0.147954455059234,-0.14950531860593,-0.147403014882559,-0.149320445815761
1.30566666666667,-0.14829514300409,-0.14985270030858,-0.14774128123438,-0.149666296812271
1.306,-0.148637116591262,-0.1502014039994,-0.148080820006585,-0.150013457857124
1.30633333333333,-0.148980382021775,-0.150551436110421,-0.14842163730842,-0.150361935289205
1.30666666666667,-0.149324945533572,-0.150902803112256,-0.148763739285269,-0.150711735485204
1.307,-0.14967081340175,-0.151255511514405,-0.149107132118912,-0.151062864859889
1.30733333333333,-0.150017991938837,-0.151609567865504,-0.149451822027758,-0.151415329866363
1.30766666666667,-0.150366487495059,-0.151964978753616,-0.149797815267131,-0.15176913699635
1.308,-0.150716306458596,-0.152321750806516,-0.150145118129501,-0.152124292780465
1.30833333333333,-0.151067455255863,-0.15267989069197,-0.150493736944777,-0.152480803788479
1.30866666666667,-0.151419940351778,-0.153039405118025,-0.15084367808054,-0.152838676629612
1.309,-0.151773768250036,-0.153400300833292,-0.151194947942333,-0.153197917952816
1.30933333333333,-0.152128945493381,-0.153762584627248,-0.151547552973915,-0.15355853444704
1.30966666666667,-0.152485478663888,-0.154126263330515,-0.151901499657536,-0.153920532841533
1.31,-0.152843374383251,-0.154491343815174,-0.152256794514211,-0.154283919906128
1.31033333333333,-0.153202639313054,-0.154857832995044,-0.152613444103997,-0.154648702451524
1.31066666666667,-0.153563280155065,-0.155225737826002,-0.152971455026262,-0.155014887329596
1.311,-0.153925303651521,-0.155595065306275,-0.153330833919973,-0.15538248143367
1.31133333333333,-0.154288716585416,-0.155965822476747,-0.15369158746397,-0.155751491698837
1.31166666666667,-0.154653525780797,-0.156338016421271,-0.154053722377262,-0.156121925102245
1.312,-0.155019738103065,-0.15671165426698,-0.154417245419294,-0.156493788663397
1.31233333333333,-0.155387360459254,-0.157086743184605,-0.154782163390256,-0.156867089444471
1.31266666666667,-0.155756399798355,-0.157463290388779,-0.155148483131365,-0.15724183455062
1.313,-0.156126863111598,-0.157841303138368,-0.155516211525155,-0.157618031130275
1.31333333333333,-0.156498757432774,-0.158220788736786,-0.155885355495782,-0.157995686375471
1.31366666666667,-0.156872089838528,-0.158601754532332,-0.156255922009307,-0.158374807522149
1.314,-0.157246867448677,-0.158984207918499,-0.156627918074022,-0.158755401850488
1.31433333333333,-0.157623097426531,-0.159368156334315,-0.15700135074073,-0.159137476685218
1.31466666666667,-0.158000786979187,-0.15975360726468,-0.157376227103056,-0.159521039395941
1.315,-0.158379943357867,-0.160140568240691,-0.157752554297767,-0.159906097397466
1.31533333333333,-0.158760573858229,-0.160529046839985,-0.158130339505073,-0.160292658150127
1.31566666666667,-0.159142685820694,-0.160919050687086,-0.158509589948937,-0.160680729160123
1.316,-0.159526286630774,-0.161310587453743,-0.158890312897404,-0.161070317979857
1.31633333333333,-0.159911383719392,-0.161703664859277,-0.159272515662907,-0.161461432208257
1.31666666666667,-0.160297984563224,-0.162098290670936,-0.159656205602599,-0.161854079491126
1.317,-0.160686096685037,-0.162494472704244,-0.160041390118667,-0.162248267521495
1.31733333333333,-0.161075727654005,-0.162892218823363,-0.160428076658669,-0.162644004039946
1.31766666666667,-0.161466885086075,-0.163291536941443,-0.160816272715856,-0.163041296834987
1.318,-0.161859576644291,-0.16369243502099,-0.161205985829511,-0.163440153743379
1.31833333333333,-0.16225381003916,-0.164094921074236,-0.161597223585277,-0.163840582650508
1.31866666666667,-0.162649593028975,-0.164499003163502,-0.161989993615496,-0.164242591490742
1.319,-0.163046933420193,-0.164904689401565,-0.162384303599563,-0.164646188247774
1.31933333333333,-0.163445839067769,-0.165311987952047,-0.162780161264251,-0.165051380955014
1.31966666666667,-0.163846317875527,-0.165720907029779,-0.163177574384067,-0.165458177695935
1.32,-0.164248377796521,-0.166131454901189,-0.163576550781601,-0.165866586604452
1.32033333333333,-0.164652026833391,-0.16654363988469,-0.163977098327883,-0.16627661586529
1.32066666666667,-0.165057273038738,-0.166957470351061,-0.164379224942724,-0.166688273714364
1.321,-0.165464124515489,-0.167372954723845,-0.164782938595095,-0.167101568439167
1.32133333333333,-0.165872589417276,-0.167790101479734,-0.165188247303475,-0.167516508379135
1.32166666666667,-0.166282675948807,-0.168208919148982,-0.165595159136215,-0.167933101926046
1.322,-0.166694392366256,-0.168629416315794,-0.16600368221191,-0.168351357524414
1.32233333333333,-0.167107746977633,-0.169051601618735,-0.166413824699775,-0.168771283671867
1.32266666666667,-0.16752274814318,-0.169475483751147,-0.16682559482001,-0.169192888919554
1.323,-0.167939404275764,-0.16990107146154,-0.167239000844176,-0.169616181872542
1.32333333333333,-0.168357723841251,-0.170328373554037,-0.167654051095592,-0.170041171190224
1.32366666666667,-0.168777715358932,-0.170757398888765,-0.168070753949698,-0.17046786558672
1.324,-0.169199387401903,-0.171188156382301,-0.168489117834455,-0.170896273831282
1.32433333333333,-0.169622748597472,-0.171620655008087,-0.168909151230731,-0.171326404748729
1.32466666666667,-0.170047807627571,-0.172054903796855,-0.169330862672692,-0.171758267219836
1.325,-0.170474573229161,-0.172490911837079,-0.169754260748214,-0.172191870181785
1.32533333333333,-0.170903054194658,-0.172928688275402,-0.170179354099256,-0.172627222628558
1.32566666666667,-0.17133325937233,-0.173368242317073,-0.170606151422289,-0.173064333611398
1.326,-0.171765197666742,-0.173809583226401,-0.171034661468699,-0.173503212239212
1.32633333333333,-0.172198878039166,-0.174252720327211,-0.171464893045186,-0.17394386767903
1.32666666666667,-0.172634309508017,-0.174697663003281,-0.17189685501419,-0.174386309156432
1.327,-0.17307150114928,-0.175144420698812,-0.172330556294299,-0.174830545955993
1.32733333333333,-0.173510462096955,-0.175593002918884,-0.172766005860688,-0.175276587421734
1.32766666666667,-0.173951201543489,-0.176043419229926,-0.173203212745524,-0.175724442957574
1.328,-0.174393728740228,-0.176495679260193,-0.173642186038412,-0.17617412202778
1.32833333333333,-0.174838052997857,-0.176949792700212,-0.174082934886814,-0.176625634157432
1.32866666666667,-0.17528418368686,-0.1774057693033,-0.174525468496498,-0.177078988932883
1.329,-0.175732130237973,-0.177863618886016,-0.174969796131966,-0.177534196002233
1.32933333333333,-0.176181902142639,-0.178323351328658,-0.175415927116912,-0.177991265075792
1.32966666666667,-0.176633508953486,-0.178784976575762,-0.175863870834659,-0.178450205926553
1.33,-0.177086960284778,-0.179248504636589,-0.176313636728614,-0.17891102839069
1.33033333333333,-0.177542265812901,-0.179713945585623,-0.17676523430273,-0.179373742368029
1.33066666666667,-0.177999435276834,-0.180181309563076,-0.177218673121954,-0.179838357822529
1.331,-0.178458478478635,-0.180650606775415,-0.177673962812709,-0.1803048847828
1.33133333333333,-0.178919405283915,-0.181121847495847,-0.178131113063339,-0.180773333342571
1.33166666666667,-0.179382225622341,-0.181595042064858,-0.178590133624601,-0.181243713661214
1.332,-0.179846949488119,-0.182070200890733,-0.179051034310136,-0.18171603596424
1.33233333333333,-0.180313586940507,-0.182547334450067,-0.179513824996939,-0.182190310543814
1.33266666666667,-0.180782148104295,-0.183026453288327,-0.179978515625862,-0.182666547759263
1.333,-0.181252643170332,-0.183507568020363,-0.180445116202088,-0.183144758037602
1.33333333333333,-0.181725082396033,-0.18399068933096,-0.180913636795632,-0.183624951874067
1.33366666666667,-0.182199476105896,-0.184475827975389,-0.181384087541842,-0.184107139832621
1.334,-0.182675834692013,-0.18496299477995,-0.181856478641887,-0.184591332546512
1.33433333333333,-0.183154168614608,-0.185452200642538,-0.182330820363277,-0.185077540718799
1.33466666666667,-0.183634488402565,-0.185943456533195,-0.182807123040371,-0.185565775122894
1.335,-0.184116804653959,-0.186436773494687,-0.183285397074895,-0.186056046603125
1.33533333333333,-0.184601128036602,-0.186932162643066,-0.183765652936458,-0.18654836607527
1.33566666666667,-0.185087469288582,-0.187429635168265,-0.184247901163073,-0.187042744527128
1.336,-0.185575839218819,-0.187929202334658,-0.184732152361698,-0.187539193019083
1.33633333333333,-0.186066248707612,-0.188430875481658,-0.185218417208765,-0.188037722684663
1.33666666666667,-0.186558708707203,-0.188934666024318,-0.185706706450715,-0.188538344731124
1.337,-0.187053230242351,-0.189440585453919,-0.186197030904553,-0.189041070440025
1.33733333333333,-0.187549824410892,-0.189948645338575,-0.186689401458379,-0.189545911167811
1.33766666666667,-0.188048502384306,-0.190458857323853,-0.187183829071962,-0.190052878346406
1.338,-0.188549275408326,-0.190971233133379,-0.187680324777289,-0.190561983483802
1.33833333333333,-0.189052154803487,-0.191485784569455,-0.188178899679121,-0.191073238164666
1.33866666666667,-0.189557151965749,-0.192002523513699,-0.188679564955584,-0.19158665405094
1.339,-0.190064278367082,-0.192521461927672,-0.189182331858717,-0.192102242882459
1.33933333333333,-0.190573545556056,-0.193042611853507,-0.189687211715072,-0.19262001647756
1.33966666666667,-0.191084965158473,-0.193565985414565,-0.190194215926289,-0.193139986733706
1.34,-0.191598548877958,-0.19409159481609,-0.190703355969684,-0.193662165628133
1.34033333333333,-0.192114308496589,-0.19461945234584,-0.19121464339885,-0.194186565218446
1.34066666666667,-0.192632255875528,-0.195149570374784,-0.191728089844259,-0.194713197643295
1.341,-0.193152402955629,-0.195681961357738,-0.192243707013857,-0.195242075123005
1.34133333333333,-0.1936747617581,-0.196216637834064,-0.192761506693685,-0.19577320996022
1.34166666666667,-0.19419934438513,-0.196753612428337,-0.193281500748495,-0.196306614540584
1.342,-0.194726163020539,-0.197292897851035,-0.193803701122376,-0.196842301333379
1.34233333333333,-0.195255229930436,-0.197834506899237,-0.194328119839367,-0.197380282892212
1.34266666666667,-0.195786557463873,-0.198378452457321,-0.194854769004114,-0.197920571855686
1.343,-0.196320158053519,-0.198924747497671,-0.19538366080249,-0.198463180948084
1.34333333333333,-0.196856044216326,-0.19947340508139,-0.195914807502256,-0.199008122980051
1.34366666666667,-0.197394228554211,-0.200024438359016,-0.196448221453696,-0.199555410849291
1.344,-0.197934723754736,-0.200577860571252,-0.196983915090295,-0.200105057541285
1.34433333333333,-0.19847754259181,-0.201133685049704,-0.197521900929388,-0.200657076129972
1.34466666666667,-0.199022697926374,-0.201691925217619,-0.198062191572835,-0.201211479778485
1.345,-0.19957020270712,-0.202252594590629,-0.198604799707697,-0.201768281739861
1.34533333333333,-0.20012006997118,-0.202815706777508,-0.199149738106918,-0.202327495357774
1.34566666666667,-0.200672312844869,-0.203381275480931,-0.199697019630012,-0.202889134067267
1.346,-0.201226944544395,-0.203949314498251,-0.200246657223764,-0.203453211395502
1.34633333333333,-0.201783978376588,-0.204519837722269,-0.20079866392292,-0.204019740962495
1.34666666666667,-0.202343427739647,-0.205092859142013,-0.201353052850908,-0.204588736481879
1.347,-0.202905306123881,-0.205668392843537,-0.20190983722055,-0.205160211761673
1.34733333333333,-0.203469627112455,-0.206246453010723,-0.202469030334773,-0.205734180705043
1.34766666666667,-0.204036404382167,-0.206827053926074,-0.203030645587347,-0.206310657311078
1.348,-0.20460565170419,-0.207410209971529,-0.203594696463612,-0.206889655675588
1.34833333333333,-0.205177382944867,-0.207995935629308,-0.204161196541234,-0.207471189991878
1.34866666666667,-0.205751612066476,-0.208584245482709,-0.204730159490939,-0.208055274551565
1.349,-0.206328353128034,-0.209175154216966,-0.205301599077272,-0.208641923745369
1.34933333333333,-0.206907620286074,-0.209768676620084,-0.20587552915936,-0.209231152063944
1.34966666666667,-0.207489427795468,-0.210364827583703,-0.206451963691685,-0.209822974098685
1.35,-0.208073790010223,-0.210963622103949,-0.20703091672486,-0.210417404542568
1.35033333333333,-0.208660721384306,-0.211565075282311,-0.207612402406411,-0.211014458190986
1.35066666666667,-0.209250236472478,-0.212169202326517,-0.208196434981563,-0.211614149942599
1.351,-0.20984234993111,-0.212776018551417,-0.208783028794059,-0.212216494800179
1.35133333333333,-0.210437076519046,-0.213385539379882,-0.209372198286939,-0.21282150787148
1.35166666666667,-0.211034431098437,-0.213997780343716,-0.209963958003377,-0.213429204370108
1.352,-0.211634428635612,-0.214612757084555,-0.2105583225875,-0.214039599616394
1.35233333333333,-0.212237084201941,-0.215230485354793,-0.211155306785195,-0.214652709038293
1.35266666666667,-0.212842412974705,-0.215850981018513,-0.211754925444983,-0.215268548172271
1.353,-0.213450430237991,-0.216474260052428,-0.212357193518831,-0.215887132664209
1.35333333333333,-0.214061151383574,-0.21710033854684,-0.212962126063031,-0.216508478270325
1.35366666666667,-0.21467459191182,-0.217729232706567,-0.213569738239044,-0.217132600858089
1.354,-0.215290767432608,-0.218360958851945,-0.214180045314379,-0.217759516407152
1.35433333333333,-0.215909693666228,-0.21899553341979,-0.214793062663474,-0.218389241010291
1.35466666666667,-0.216531386444325,-0.219632972964372,-0.215408805768566,-0.219021790874359
1.355,-0.217155861710833,-0.220273294158437,-0.216027290220614,-0.219657182321246
1.35533333333333,-0.21778313552291,-0.220916513794194,-0.216648531720172,-0.220295431788833
1.35566666666667,-0.218413224051902,-0.221562648784329,-0.217272546078325,-0.220936555831979
1.356,-0.219046143584313,-0.222211716163049,-0.217899349217599,-0.221580571123517
1.35633333333333,-0.219681910522765,-0.222863733087092,-0.218528957172895,-0.222227494455226
1.35666666666667,-0.220320541386992,-0.223518716836801,-0.219161386092419,-0.222877342738863
1.357,-0.220962052814818,-0.224176684817152,-0.219796652238647,-0.223530133007155
1.35733333333333,-0.22160646156319,-0.224837654558845,-0.220434771989265,-0.224185882414851
1.35766666666667,-0.222253784509152,-0.225501643719361,-0.221075761838149,-0.224844608239726
1.358,-0.222904038650894,-0.226168670084066,-0.221719638396328,-0.225506327883653
1.35833333333333,-0.223557241108775,-0.226838751567297,-0.222366418392977,-0.226171058873654
1.35866666666667,-0.224213409126368,-0.227511906213485,-0.22301611867642,-0.22683881886295
1.359,-0.224872560071512,-0.228188152198258,-0.223668756215105,-0.227509625632063
1.35933333333333,-0.225534711437372,-0.228867507829587,-0.22432434809866,-0.228183497089879
1.35966666666667,-0.226199880843519,-0.229549991548926,-0.224982911538876,-0.22886045127477
1.36,-0.226868086037017,-0.230235621932361,-0.225644463870776,-0.229540506355684
1.36033333333333,-0.227539344893496,-0.230924417691779,-0.226309022553631,-0.230223680633269
1.36066666666667,-0.228213675418295,-0.231616397676054,-0.226976605172031,-0.230909992541018
1.361,-0.228891095747549,-0.232311580872217,-0.227647229436945,-0.231599460646394
1.36133333333333,-0.229571624149326,-0.233009986406677,-0.228320913186799,-0.232292103651989
1.36166666666667,-0.230255279024774,-0.233711633546415,-0.228997674388548,-0.232987940396698
1.362,-0.230942078909264,-0.234416541700241,-0.229677531138797,-0.233686989856886
1.36233333333333,-0.23163204247355,-0.23512473041999,-0.230360501664885,-0.234389271147576
1.36266666666667,-0.232325188524958,-0.235836219401807,-0.231046604326012,-0.235094803523655
1.363,-0.233021536008548,-0.236551028487392,-0.23173585761437,-0.235803606381087
1.36333333333333,-0.233721104008337,-0.237269177665281,-0.23242828015628,-0.236515699258131
1.36366666666667,-0.234423911748495,-0.237990687072137,-0.233123890713347,-0.237231101836581
1.364,-0.235129978594565,-0.238715576994045,-0.233822708183612,-0.237949833943027
1.36433333333333,-0.235839324054708,-0.239443867867839,-0.23452475160274,-0.238671915550088
1.36466666666667,-0.236551967780934,-0.240175580282414,-0.235230040145206,-0.239397366777717
1.365,-0.237267929570386,-0.240910734980081,-0.235938593125472,-0.240126207894474
1.36533333333333,-0.237987229366585,-0.241649352857922,-0.236650429999221,-0.24085845931882
1.36566666666667,-0.238709887260729,-0.242391454969147,-0.237365570364569,-0.241594141620448
1.366,-0.239435923492996,-0.243137062524492,-0.238084033963296,-0.242333275521594
1.36633333333333,-0.240165358453848,-0.24388619689361,-0.238805840682096,-0.243075881898382
1.36666666666667,-0.24089821268535,-0.244638879606488,-0.239531010553835,-0.243821981782185
1.367,-0.241634506882524,-0.24539513235486,-0.24025956375882,-0.24457159636098
1.36733333333333,-0.242374261894689,-0.246154976993665,-0.240991520626086,-0.24532474698074
1.36766666666667,-0.243117498726827,-0.246918435542493,-0.241726901634689,-0.246081455146818
1.368,-0.24386423854097,-0.247685530187057,-0.242465727415026,-0.246841742525375
1.36833333333333,-0.244614502657587,-0.248456283280682,-0.243208018750142,-0.24760563094478
1.36866666666667,-0.245368312556996,-0.249230717345802,-0.243953796577077,-0.248373142397068
1.369,-0.246125689880787,-0.250008855075486,-0.244703081988217,-0.249144299039387
1.36933333333333,-0.246886656433256,-0.25079071933496,-0.245455896232648,-0.249919123195464
1.36966666666667,-0.247651234182861,-0.251576333163159,-0.246212260717545,-0.25069763735709
1.37,-0.248419445263682,-0.252365719774295,-0.246972197009555,-0.251479864185615
1.37033333333333,-0.249191311976916,-0.253158902559439,-0.247735726836207,-0.252265826513471
1.37066666666667,-0.249966856792365,-0.253955905088113,-0.248502872087327,-0.253055547345692
1.371,-0.250746102349946,-0.254756751109904,-0.249273654816469,-0.253849049861465
1.37133333333333,-0.251529071461233,-0.2555614645561,-0.250048097242385,-0.254646357415685
1.37166666666667,-0.252315787110989,-0.256370069541336,-0.250826221750457,-0.255447493540541
1.372,-0.253106272458737,-0.257182590365259,-0.2516080508942,-0.256252481947104
1.37233333333333,-0.253900550840328,-0.25799905151422,-0.252393607396738,-0.257061346526938
1.37266666666667,-0.254698645769538,-0.258819477662945,-0.25318291415233,-0.257874111353728
1.373,-0.255500580939685,-0.259643893676292,-0.25397599422788,-0.258690800684919
1.37333333333333,-0.256306380225247,-0.260472324610961,-0.254772870864481,-0.259511438963391
1.37366666666667,-0.257116067683507,-0.261304795717263,-0.255573567478976,-0.260336050819115
1.374,-0.257929667556222,-0.262141332440881,-0.256378107665519,-0.261164661070873
1.37433333333333,-0.258747204271292,-0.262981960424678,-0.257186515197175,-0.261997294727949
1.37466666666667,-0.259568702444468,-0.263826705510486,-0.257998814027516,-0.262833976991882
1.375,-0.260394186881054,-0.264675593740963,-0.258815028292242,-0.263674733258192
1.37533333333333,-0.261223682577646,-0.26552865136142,-0.259635182310823,-0.264519589118177
1.37566666666667,-0.262057214723891,-0.266385904821701,-0.260459300588148,-0.265368570360668
1.376,-0.262894808704237,-0.267247380778078,-0.261287407816202,-0.266221702973862
1.37633333333333,-0.263736490099738,-0.268113106095143,-0.262119528875753,-0.267079013147125
1.37666666666667,-0.264582284689855,-0.268983107847755,-0.262955688838052,-0.26794052727285
1.377,-0.265432218454284,-0.269857413322983,-0.263795912966573,-0.268806271948314
1.37733333333333,-0.266286317574797,-0.270736050022072,-0.264640226718737,-0.269676273977561
1.37766666666667,-0.267144608437119,-0.271619045662457,-0.265488655747687,-0.270550560373304
1.378,-0.268007117632793,-0.272506428179748,-0.266341225904053,-0.27142915835886
1.37833333333333,-0.268873871961115,-0.273398225729782,-0.26719796323777,-0.272312095370063
1.37866666666667,-0.269744898431028,-0.274294466690686,-0.26805889399987,-0.273199399057271
1.379,-0.270620224263095,-0.275195179664942,-0.26892404464433,-0.274091097287312
1.37933333333333,-0.271499876891449,-0.276100393481497,-0.269793441829935,-0.274987218145512
1.37966666666667,-0.27238388396579,-0.277010137197894,-0.270667112422134,-0.275887789937721
1.38,-0.273272273353404,-0.277924440102407,-0.271545083494943,-0.276792841192349
1.38033333333333,-0.274165073141165,-0.278843331716219,-0.272427382332861,-0.277702400662457
1.38066666666667,-0.275062311637624,-0.279766841795618,-0.273314036432804,-0.278616497327829
1.381,-0.275964017375066,-0.280695000334219,-0.27420507350605,-0.279535160397114
1.38133333333333,-0.276870219111605,-0.281627837565202,-0.275100521480233,-0.280458419309934
1.38166666666667,-0.27778094583332,-0.282565383963569,-0.27600040850131,-0.281386303739076
1.382,-0.278696226756391,-0.283507670248467,-0.276904762935614,-0.282318843592653
1.38233333333333,-0.27961609132926,-0.284454727385469,-0.277813613371863,-0.283256069016328
1.38266666666667,-0.280540569234838,-0.28540658658894,-0.278726988623239,-0.28419801039554
1.383,-0.281469690392704,-0.286363279324405,-0.279644917729461,-0.285144698357763
1.38333333333333,-0.282403484961358,-0.287324837310927,-0.280567429958893,-0.286096163774784
1.38366666666667,-0.283341983340474,-0.288291292523545,-0.281494554810669,-0.287052437765012
1.384,-0.284285216173199,-0.289262677195713,-0.28242632201685,-0.288013551695816
1.38433333333333,-0.285233214348453,-0.290239023821779,-0.283362761544587,-0.288979537185866
1.38466666666667,-0.28618600900328,-0.29122036515948,-0.284303903598324,-0.289950426107525
1.385,-0.287143631525212,-0.292206734232482,-0.28524977862202,-0.290926250589262
1.38533333333333,-0.288106113554652,-0.293198164332926,-0.286200417301387,-0.291907043018073
1.38566666666667,-0.289073486987305,-0.294194689024026,-0.287155850566156,-0.292892836041957
1.386,-0.290045783976602,-0.295196342142669,-0.288116109592384,-0.293883662572395
1.38633333333333,-0.291023036936193,-0.296203157802072,-0.28908122580475,-0.294879555786862
1.38666666666667,-0.29200527854243,-0.297215170394456,-0.29005123087892,-0.295880549131387
1.387,-0.292992541736901,-0.298232414593736,-0.291026156743897,-0.29688667632311
1.38733333333333,-0.293984859728982,-0.299254925358264,-0.292006035584422,-0.297897971352879
1.38766666666667,-0.294982265998419,-0.300282737933593,-0.292990899843402,-0.2989144684879
1.388,-0.295984794297941,-0.301315887855275,-0.293980782224332,-0.299936202274362
1.38833333333333,-0.296992478655902,-0.302354410951672,-0.294975715693789,-0.300963207540156
1.38866666666667,-0.298005353378952,-0.303398343346836,-0.295975733483933,-0.301995519397569
1.389,-0.299023453054727,-0.304447721463381,-0.296980869095014,-0.303033173246048
1.38933333333333,-0.300046812554598,-0.30550258202542,-0.297991156297944,-0.304076204774959
1.38966666666667,-0.301075467036416,-0.306562962061512,-0.299006629136874,-0.305124649966413
1.39,-0.30210945194731,-0.307628898907653,-0.300027321931798,-0.306178545098097
1.39033333333333,-0.303148803026521,-0.308700430210299,-0.301053269281217,-0.307237926746142
1.39066666666667,-0.304193556308231,-0.309777593929433,-0.302084506064766,-0.308302831788044
1.391,-0.305243748124483,-0.310860428341642,-0.303121067445951,-0.30937329740558
1.39133333333333,-0.306299415108077,-0.311948972043255,-0.304162988874857,-0.310449361087778
1.39166666666667,-0.30736059419554,-0.313043263953509,-0.305210306090913,-0.311531060633945
1.392,-0.308427322630106,-0.314143343317734,-0.306263055125676,-0.312618434156672
1.39233333333333,-0.309499637964731,-0.315249249710604,-0.307321272305649,-0.313711520084922
1.39266666666667,-0.310577578065164,-0.316361023039404,-0.308384994255136,-0.314810357167138
1.393,-0.311661181113025,-0.317478703547339,-0.309454257899128,-0.315914984474364
1.39333333333333,-0.312750485608935,-0.318602331816885,-0.310529100466202,-0.317025441403448
1.39366666666667,-0.313845530375677,-0.319731948773174,-0.311609559491486,-0.318141767680225
1.394,-0.314946354561398,-0.320867595687427,-0.312695672819632,-0.319264003362795
1.39433333333333,-0.316052997642837,-0.322009314180404,-0.313787478607819,-0.320392188844787
1.39466666666667,-0.317165499428597,-0.323157146225932,-0.314885015328812,-0.321526364858682
1.395,-0.318283900062466,-0.324311134154429,-0.315988321774039,-0.322666572479197
1.39533333333333,-0.319408240026743,-0.325471320656504,-0.317097437056708,-0.323812853126648
1.39566666666667,-0.320538560145648,-0.326637748786588,-0.318212400614951,-0.324965248570421
1.396,-0.321674901588728,-0.327810461966596,-0.319333252215021,-0.32612380093243
1.39633333333333,-0.322817305874338,-0.328989503989643,-0.320460031954501,-0.327288552690642
1.39666666666667,-0.323965814873123,-0.330174919023808,-0.321592780265564,-0.328459546682629
1.397,-0.325120470811601,-0.331366751615928,-0.322731537918288,-0.329636826109175
1.39733333333333,-0.326281316275708,-0.332565046695443,-0.323876346023954,-0.330820434537902
1.39766666666667,-0.32744839421446,-0.333769849578294,-0.325027246038444,-0.332010415906969
1.398,-0.328621747943604,-0.334981205970853,-0.326184279765639,-0.333206814528785
1.39833333333333,-0.329801421149341,-0.336199161973903,-0.327347489360859,-0.334409675093784
1.39866666666667,-0.330987457892084,-0.337423764086677,-0.328516917334363,-0.335619042674223
1.399,-0.332179902610261,-0.338655059210918,-0.329692606554862,-0.336834962728056
1.39933333333333,-0.333378800124149,-0.339893094655028,-0.330874600253103,-0.338057481102816
1.39966666666667,-0.334584195639788,-0.341137918138216,-0.332062942025438,-0.33928664403958
1.4,-0.335796134752888,-0.342389577794738,-0.333257675837532,-0.340522498176943
1.40033333333333,-0.337014663452849,-0.343648122178161,-0.334458846027987,-0.341765090555064
1.40066666666667,-0.338239828126763,-0.344913600265691,-0.335666497312125,-0.343014468619757
1.401,-0.339471675563508,-0.346186061462551,-0.336880674785735,-0.344270680226611
1.40133333333333,-0.340710252957862,-0.347465555606397,-0.338101423928908,-0.34553377364518
1.40166666666667,-0.341955607914694,-0.348752132971812,-0.339328790609884,-0.346803797563221
1.402,-0.34320778845319,-0.35004584427483,-0.340562821088974,-0.34808080109096
1.40233333333333,-0.344466843011107,-0.351346740677523,-0.341803562022494,-0.34936483376543
1.40266666666667,-0.345732820449124,-0.352654873792653,-0.343051060466789,-0.350655945554854
1.403,-0.347005770055211,-0.353970295688366,-0.344305363882256,-0.351954186863082
1.40333333333333,-0.348285741549064,-0.355293058892932,-0.345566520137439,-0.353259608534071
1.40366666666667,-0.349572785086578,-0.35662321639959,-0.346834577513179,-0.354572261856423
1.404,-0.350866951264406,-0.357960821671379,-0.348109584706785,-0.35589219856799
1.40433333333333,-0.352168291124528,-0.359305928646103,-0.349391590836281,-0.357219470860513
1.40466666666667,-0.353476856158915,-0.360658591741294,-0.350680645444693,-0.35855413138432
1.405,-0.354792698314227,-0.362018865859274,-0.351976798504379,-0.359896233253105
1.40533333333333,-0.356115869996583,-0.36338680639226,-0.353280100421406,-0.361245830048725
1.40566666666667,-0.357446424076363,-0.364762469227541,-0.354590602040014,-0.362602975826069
1.406,-0.358784413893095,-0.366145910752708,-0.355908354647079,-0.363967725118026
1.40633333333333,-0.360129893260392,-0.367537187860951,-0.35723340997667,-0.365340132940437
1.40666666666667,-0.361482916470945,-0.36893635795643,-0.358565820214641,-0.366720254797166
1.407,-0.362843538301586,-0.370343478959713,-0.359905638003283,-0.368108146685202
1.40733333333333,-0.364211814018395,-0.371758609313243,-0.361252916446027,-0.369503865099849
1.40766666666667,-0.365587799381891,-0.373181807986929,-0.3626077091122,-0.370907467039942
1.408,-0.366971550652272,-0.374613134483766,-0.363970070041866,-0.372319010013161
1.40833333333333,-0.368363124594732,-0.376052648845535,-0.365340053750662,-0.373738552041391
1.40866666666667,-0.36976257848482,-0.377500411658584,-0.366717715234764,-0.37516615166614
1.409,-0.371169970113894,-0.378956484059655,-0.368103109975865,-0.376601867954054
1.40933333333333,-0.372585357794627,-0.380420927741811,-0.369496293946216,-0.37804576050246
1.40966666666667,-0.37400880036657,-0.381893804960425,-0.370897323613757,-0.379497889445006
1.41,-0.375440357201815,-0.383375178539229,-0.372306255947276,-0.38095831545735
1.41033333333333,-0.376880088210686,-0.384865111876464,-0.373723148421639,-0.382427099762929
1.41066666666667,-0.378328053847548,-0.386363668951091,-0.375148059023103,-0.383904304138811
1.411,-0.379784315116648,-0.387870914329085,-0.376581046254657,-0.385389990921584
1.41133333333333,-0.381248933578047,-0.389386913169794,-0.378022169141456,-0.386884223013345
1.41166666666667,-0.382721971353626,-0.390911731232401,-0.379471487236319,-0.38838706388776
1.412,-0.384203491133166,-0.392445434882451,-0.380929060625267,-0.389898577596194
1.41233333333333,-0.385693556180499,-0.393988091098455,-0.382394949933153,-0.391418828773906
1.41266666666667,-0.38719223033974,-0.395539767478605,-0.383869216329367,-0.392947882646341
1.413,-0.388699578041592,-0.397100532247529,-0.385351921533577,-0.39448580503549
1.41333333333333,-0.390215664309747,-0.398670454263173,-0.386843127821559,-0.396032662366321
1.41366666666667,-0.391740554767349,-0.40024960302375,-0.388342898031119,-0.397588521673308
1.414,-0.39327431564354,-0.401838048674776,-0.389851295568043,-0.399153450607012
1.41433333333333,-0.394817013780089,-0.403435862016202,-0.391368384412153,-0.400727517440789
1.41466666666667,-0.396368716638137,-0.405043114509625,-0.392894229123418,-0.402310791077529
1.415,-0.397929492304968,-0.406659878285624,-0.394428894848159,-0.403903341056523
1.41533333333333,-0.39949940950091,-0.408286226151125,-0.395972447325312,-0.40550523756039
1.41566666666667,-0.401078537586317,-0.409922231596936,-0.397524952892772,-0.407116551422102
1.416,-0.402666946568628,-0.411567968805321,-0.399086478493823,-0.408737354132084
1.41633333333333,-0.404264707109522,-0.413223512657696,-0.400657091683632,-0.410367717845428
1.41666666666667,-0.405871890532167,-0.414888938742421,-0.402236860635847,-0.412007715389175
1.417,-0.407488568828563,-0.416564323362692,-0.403825854149254,-0.413657420269694
1.41733333333333,-0.409114814666963,-0.418249743544527,-0.405424141654509,-0.415316906680159
1.41766666666667,-0.410750701399417,-0.419945277044859,-0.407031793220992,-0.416986249508119
1.418,-0.412396303069403,-0.421651002359746,-0.408648879563713,-0.418665524343171
1.41833333333333,-0.414051694419517,-0.423366998732663,-0.410275472050303,-0.420354807484695
1.41866666666667,-0.415716950899339,-0.425093346162918,-0.411911642708118,-0.422054175949751
1.419,-0.417392148673336,-0.426830125414182,-0.413557464231396,-0.42376370748101
1.41933333333333,-0.419077364628891,-0.428577418023101,-0.415213009988539,-0.425483480554835
1.41966666666667,-0.420772676384436,-0.430335306308067,-0.416878354029458,-0.427213574389436
1.42,-0.422478162297699,-0.432103873378052,-0.418553571093027,-0.428954068953142
1.42033333333333,-0.424193901474033,-0.433883203141589,-0.420238736614611,-0.43070504497278
1.42066666666667,-0.425919973774883,-0.43567338031587,-0.421933926733723,-0.432466583942146
1.421,-0.427656459826348,-0.437474490435954,-0.423639218301736,-0.434238768130612
1.42133333333333,-0.429403441027847,-0.43928661986408,-0.425354688889714,-0.436021680591814
1.42166666666667,-0.431160999560924,-0.441109855799153,-0.427080416796354,-0.437815405172484
1.422,-0.432929218398146,-0.442944286286287,-0.428816481055988,-0.439620026521352
1.42233333333333,-0.434708181312122,-0.444790000226534,-0.430562961446739,-0.441435630098217
1.42266666666667,-0.43649797288465,-0.446647087386705,-0.432319938498723,-0.443262302183083
1.423,-0.438298678515982,-0.448515638409331,-0.434087493502416,-0.44510012988546
1.42333333333333,-0.440110384434204,-0.45039574482276,-0.435865708517055,-0.446949201153739
1.42366666666667,-0.44193317770474,-0.45228749905139,-0.437654666379228,-0.448809604784749
1.424,-0.443767146240005,-0.45419099442602,-0.439454450711511,-0.45068143043336
1.42433333333333,-0.445612378809143,-0.456106325194367,-0.441265145931223,-0.452564768622289
1.42466666666667,-0.447468965047946,-0.458033586531696,-0.443086837259331,-0.454459710751991
1.425,-0.449336995468862,-0.459972874551604,-0.444919610729425,-0.45636634911067
1.42533333333333,-0.451216561471162,-0.461924286316964,-0.446763553196832,-0.458284776884467
1.42566666666667,-0.453107755351231,-0.463887919850979,-0.44861875234784,-0.460215088167742
1.426,-0.455010670313014,-0.465863874148418,-0.450485296709048,-0.462157377973495
1.42633333333333,-0.456925400478566,-0.467852249186989,-0.452363275656808,-0.464111742243951
1.42666666666667,-0.45885204089879,-0.469853145938872,-0.454252779426838,-0.466078277861251
1.427,-0.460790687564294,-0.471866666382387,-0.456153899123916,-0.468057082658307
1.42733333333333,-0.462741437416388,-0.473892913513847,-0.458066726731703,-0.470048255429798
1.42766666666667,-0.46470438835825,-0.475931991359564,-0.459991355122741,-0.4720518959433
1.428,-0.466679639266226,-0.477984004988002,-0.461927878068499,-0.474068104950569
1.42833333333333,-0.468667290001303,-0.480049060522118,-0.463876390249633,-0.476096984198998
1.42866666666667,-0.470667441420712,-0.482127265151852,-0.465836987266308,-0.47813863644317
1.429,-0.472680195389716,-0.484218727146801,-0.467809765648723,-0.480193165456642
1.42933333333333,-0.474705654793531,-0.486323555869055,-0.469794822867702,-0.482260676043807
1.42966666666667,-0.476743923549448,-0.488441861786219,-0.471792257345485,-0.484341274051978
1.43,-0.478795106619078,-0.490573756484615,-0.47380216846662,-0.486435066383604
1.43033333333333,-0.480859310020794,-0.492719352682639,-0.47582465658902,-0.488542161008652
1.43066666666667,-0.482936640842336,-0.494878764244342,-0.477859823055154,-0.490662666977153
1.431,-0.485027207253589,-0.497052106193172,-0.479907770203379,-0.492796694431948
1.43133333333333,-0.48713111851954,-0.499239494725911,-0.481968601379455,-0.494944354621553
1.43166666666667,-0.48924848501341,-0.501441047226798,-0.484042420948157,-0.497105759913239
1.432,-0.491379418229967,-0.50365688228188,-0.486129334305091,-0.499281023806289
1.43233333333333,-0.493524030799035,-0.505887119693499,-0.488229447888642,-0.501470260945395
1.43266666666667,-0.495682436499179,-0.508131880495059,-0.490342869192074,-0.503673587134296
1.433,-0.497854750271583,-0.510391286965929,-0.492469706775817,-0.505891119349549
1.43333333333333,-0.500041088234123,-0.512665462646603,-0.494610070279887,-0.508122975754519
1.43366666666667,-0.502241567695644,-0.514954532354044,-0.496764070436491,-0.510369275713552
1.434,-0.504456307170422,-0.517258622197247,-0.498931819082799,-0.51263013980634
1.43433333333333,-0.506685426392839,-0.519577859593035,-0.501113429173867,-0.514905689842478
1.43466666666667,-0.508929046332269,-0.521912373282062,-0.503309014795767,-0.517196048876237
1.435,-0.511187289208164,-0.524262293345052,-0.505518691178859,-0.519501341221525
1.43533333333333,-0.513460278505352,-0.526627751219243,-0.507742574711263,-0.521821692467057
1.43566666666667,-0.515748138989556,-0.529008879715105,-0.509980782952494,-0.524157229491748
1.436,-0.518050996723148,-0.531405813033261,-0.512233434647313,-0.526508080480295
1.43633333333333,-0.520368979081086,-0.533818686781653,-0.514500649739715,-0.528874374938989
1.43666666666667,-0.522702214767128,-0.536247637992966,-0.51678254938715,-0.531256243711762
1.437,-0.525050833830235,-0.538692805142293,-0.519079255974934,-0.533653818996417
1.43733333333333,-0.527414967681233,-0.54115432816503,-0.5213908931308,-0.536067234361124
1.43766666666667,-0.529794749109699,-0.543632348475076,-0.523717585739725,-0.53849662476112
1.438,-0.532190312301112,-0.546127008983245,-0.526059459958908,-0.540942126555659
1.43833333333333,-0.534601792854217,-0.54863845411596,-0.528416643232959,-0.543403877525184
1.43866666666667,-0.53702932779866,-0.55116682983423,-0.530789264309314,-0.545882016888752
1.439,-0.539473055612879,-0.553712283652877,-0.533177453253831,-0.548376685321707
1.43933333333333,-0.541933116242243,-0.556274964660043,-0.535581341466628,-0.550888024973577
1.43966666666667,-0.544409651117457,-0.558855023537011,-0.538001061698117,-0.553416179486248
1.44,-0.546902803173245,-0.561452612578257,-0.540436748065285,-0.555961294012405
1.44033333333333,-0.549412716867274,-0.564067885711838,-0.542888536068143,-0.558523515234179
1.44066666666667,-0.551939538199394,-0.566700998520063,-0.545356562606481,-0.561102991382126
1.441,-0.554483414731129,-0.569352108260463,-0.547840965996776,-0.563699872254426
1.44133333333333,-0.557044495605466,-0.572021373887049,-0.55034188598939,-0.566314309236384
1.44166666666667,-0.559622931566921,-0.574708956071924,-0.552859463785981,-0.56894645532019
1.442,-0.562218874981926,-0.577415017227173,-0.555393842057152,-0.571596465124981
1.44233333333333,-0.564832479859474,-0.580139721527069,-0.557945164960353,-0.57426449491715
1.44266666666667,-0.567463901872117,-0.582883234930653,-0.560513578158033,-0.576950702631001
1.443,-0.570113298377233,-0.585645725204602,-0.563099228836044,-0.579655247889666
1.44333333333333,-0.572780828438621,-0.588427361946434,-0.5657022657223,-0.582378292026311
1.44366666666667,-0.575466652848434,-0.591228316608078,-0.56832283910567,-0.585119998105687
1.444,-0.578170934149409,-0.594048762519811,-0.570961100855216,-0.587880530945958
1.44433333333333,-0.58089383665744,-0.596888874914457,-0.573617204439585,-0.590660057140845
1.44466666666667,-0.583635526484496,-0.599748830952087,-0.576291304946771,-0.59345874508213
1.445,-0.586396171561874,-0.602628809744953,-0.578983559104112,-0.596276764982433
1.44533333333333,-0.589175941663776,-0.605528992382871,-0.581694125298555,-0.599114288898334
1.44566666666667,-0.591975008431303,-0.608449561958972,-0.584423163597254,-0.601971490753879
1.446,-0.594793545396735,-0.611390703595816,-0.587170835768406,-0.604848546364358
1.44633333333333,-0.597631728008222,-0.614352604471913,-0.589937305302413,-0.60774563346046
1.44666666666667,-0.600489733654835,-0.617335453848643,-0.592722737433345,-0.610662931712803
1.447,-0.603367741692013,-0.620339443097584,-0.59552729916069,-0.613600622756802
1.44733333333333,-0.606265933467338,-0.623364765728218,-0.598351159271419,-0.61655889021788
1.44766666666667,-0.609184492346786,-0.626411617416134,-0.601194488362387,-0.619537919737095
1.448,-0.612123603741315,-0.629480196031555,-0.604057458863016,-0.622537898997116
1.44833333333333,-0.615083455133867,-0.632570701668379,-0.606940245058318,-0.625559017748588
1.44866666666667,-0.618064236106814,-0.63568333667363,-0.609843023112273,-0.628601467836877
1.449,-0.621066138369786,-0.638818305677359,-0.612765971091501,-0.631665443229242
1.44933333333333,-0.624089355787933,-0.641975815622987,-0.615709268989293,-0.634751140042363
1.44966666666667,-0.627134084410659,-0.645156075798148,-0.61867309874999,-0.637858756570327
1.45,-0.630200522500749,-0.648359297865972,-0.621657644293718,-0.640988493312987
1.45033333333333,-0.633288870563953,-0.651585695896847,-0.62466309154145,-0.64414055300478
1.45066666666667,-0.636399331379076,-0.654835486400713,-0.627689628440469,-0.647315140643945
1.451,-0.639532110028465,-0.658108888359785,-0.630737444990185,-0.65051246352221
1.45133333333333,-0.642687413929011,-0.661406123261839,-0.633806733268296,-0.653732731254881
1.45166666666667,-0.645865452863639,-0.664727415133978,-0.636897687457396,-0.656976155811431
1.452,-0.649066439013258,-0.668072990576958,-0.640010503871891,-0.660242951546526
1.45233333333333,-0.652290586989224,-0.671443078799982,-0.643145380985371,-0.663533335231494
1.45266666666667,-0.655538113866339,-0.674837911656114,-0.646302519458346,-0.666847526086325
1.453,-0.658809239216306,-0.678257723678188,-0.649482122166405,-0.670185745812106
1.45333333333333,-0.662104185141774,-0.681702752115291,-0.652684394228765,-0.673548218623968
1.45366666666667,-0.665423176310888,-0.68517323696984,-0.655909543037281,-0.676935171284541
1.454,-0.668766439992373,-0.688669421035217,-0.659157778285818,-0.680346833137897
1.45433333333333,-0.672134206091201,-0.69219154993398,-0.662429312000112,-0.683783436144015
1.45466666666667,-0.675526707184815,-0.695739872156723,-0.665724358568068,-0.687245214913807
1.455,-0.678944178559917,-0.699314639101514,-0.669043134770457,-0.690732406744619
1.45533333333333,-0.68238685824984,-0.70291610511395,-0.672385859812107,-0.694245251656324
1.45566666666667,-0.68585498707254,-0.706544527527874,-0.67575275535356,-0.697783992427948
1.456,-0.689348808669191,-0.710200166706728,-0.679144045543171,-0.701348874634873
1.45633333333333,-0.692868569543351,-0.713883286085538,-0.682559957049704,-0.704940146686589
1.45666666666667,-0.69641451910084,-0.717594152213619,-0.68600071909541,-0.708558059865059
1.457,-0.699986909690185,-0.721333034797908,-0.689466563489592,-0.712202868363659
1.45733333333333,-0.703585996643749,-0.725100206747016,-0.692957724662676,-0.715874829326712
1.45766666666667,-0.707212038319542,-0.728895944216002,-0.696474439700794,-0.71957420288967
1.458,-0.710865296143676,-0.732720526651832,-0.700016948380884,-0.723301252219892
1.45833333333333,-0.714546034653524,-0.736574236839581,-0.703585493206303,-0.72705624355805
1.45866666666667,-0.718254521541583,-0.740457360949404,-0.707180319442998,-0.730839446260216
1.459,-0.721991027700065,-0.744370188584238,-0.710801675156222,-0.73465113284058
1.45933333333333,-0.725755827266168,-0.748313012828267,-0.714449811247757,-0.738491579014838
1.45966666666667,-0.729549197668173,-0.752286130296221,-0.718124981493783,-0.742361063744289
1.46,-0.733371419672201,-0.756289841183431,-0.721827442583235,-0.746259869280583
1.46033333333333,-0.737222777429812,-0.760324449316696,-0.725557454156798,-0.750188281211188
1.46066666666667,-0.741103558526364,-0.764390262206052,-0.729315278846475,-0.754146588505631
1.461,-0.745014054030169,-0.768487591097284,-0.73310118231576,-0.758135083562366
1.46133333333333,-0.748954558542452,-0.772616751025369,-0.736915433300404,-0.762154062256467
1.46166666666667,-0.75292537024817,-0.77677806086878,-0.740758303649837,-0.766203823988053
1.462,-0.756926790967655,-0.780971843404685,-0.744630068369214,-0.770284671731479
1.46233333333333,-0.760959126209121,-0.785198425365048,-0.748531005662073,-0.774396912085314
1.46266666666667,-0.76502268522205,-0.789458137493651,-0.752461396973694,-0.778540855323116
1.463,-0.769117781051489,-0.793751314604114,-0.756421527035099,-0.782716815445032
1.46333333333333,-0.773244730593202,-0.798078295638775,-0.76041168390772,-0.78692511023019
1.46366666666667,-0.77740385464985,-0.802439423728662,-0.764432159028793,-0.791166061289987
1.464,-0.781595477988018,-0.806835046254403,-0.768483247257413,-0.79543999412219
1.46433333333333,-0.785819929396258,-0.811265514908137,-0.772565246921315,-0.799747238165907
1.46466666666667,-0.790077541744113,-0.815731185756527,-0.776678459864401,-0.804088126857501
1.465,-0.794368652042138,-0.820232419304771,-0.780823191494975,-0.808462997687337
1.46533333333333,-0.798693601502929,-0.824769580561699,-0.784999750834734,-0.812872192257496
1.46566666666667,-0.803052735603228,-0.829343039106013,-0.789208450568555,-0.817316056340423
1.466,-0.807446404147056,-0.833953169153583,-0.793449607095007,-0.821794939938502
1.46633333333333,-0.81187496132993,-0.838600349625905,-0.797723540577697,-0.826309197344634
1.46666666666667,-0.816338765804227,-0.843284964219747,-0.802030574997392,-0.830859187203788
1.467,-0.820838180745622,-0.848007401477947,-0.806371038204975,-0.83544527257558
1.46733333333333,-0.825373573920686,-0.852768054861407,-0.810745261975225,-0.840067820997831
1.46766666666667,-0.829945317755677,-0.857567322822354,-0.815153582061444,-0.844727204551227
1.468,-0.83455378940652,-0.862405608878839,-0.819596338250956,-0.849423799925032
1.46833333333333,-0.839199370829948,-0.867283321690476,-0.824073874421466,-0.854157988483838
1.46866666666667,-0.843882448855993,-0.872200875135555,-0.828586538598321,-0.858930156335476
1.469,-0.848603415261622,-0.877158688389417,-0.833134683012689,-0.863740694400041
1.46933333333333,-0.853362666845758,-0.882157186004199,-0.837718664160629,-0.868589998480021
1.46966666666667,-0.858160605505555,-0.88719679798999,-0.842338842863142,-0.87347846933165
1.47,-0.862997638314055,-0.892277959897354,-0.846995584327141,-0.878406512737435
1.47033333333333,-0.867874177599205,-0.897401112901296,-0.851689258207431,-0.883374539579843
1.47066666666667,-0.872790641024246,-0.902566703886693,-0.856420238669638,-0.888382965916302
1.471,-0.877747451669579,-0.907775185535253,-0.861188904454201,-0.893432213055414
1.47133333333333,-0.882745038116019,-0.91302701641388,-0.865995638941324,-0.898522707634428
1.47166666666667,-0.887783834529603,-0.918322661064757,-0.870840830217036,-0.903654881698078
1.472,-0.892864280747857,-0.923662590096848,-0.875724871140263,-0.908829172778714
1.47233333333333,-0.897986822367634,-0.929047280279118,-0.880648159411026,-0.914046023977766
1.47266666666667,-0.903151910834519,-0.934477214635343,-0.885611097639698,-0.919305884048635
1.473,-0.908360003533855,-0.93995288254064,-0.890614093417436,-0.924609207480983
1.47333333333333,-0.913611563883385,-0.945474779819638,-0.895657559387679,-0.929956454586401
1.47366666666667,-0.918907061427603,-0.951043408846476,-0.900741913318888,-0.935348091585614
1.474,-0.924246971933786,-0.95665927864653,-0.905867578178425,-0.940784590697146
1.47433333333333,-0.929631777489781,-0.962322904999945,-0.91103498220763,-0.946266430227451
1.47466666666667,-0.935061966603581,-0.968034810547062,-0.91624455899816,-0.951794094662693
1.475,-0.94053803430471,-0.973795524895712,-0.921496747569538,-0.957368074762012
1.47533333333333,-0.946060482247451,-0.979605584730405,-0.92679199244799,-0.962988867652428
1.47566666666667,-0.95162981881601,-0.985465533923552,-0.932130743746602,-0.968656976925397
1.476,-0.957246559231569,-0.991375923648644,-0.937513457246741,-0.974372912735029
1.47633333333333,-0.962911225661321,-0.997337312495465,-0.942940594480846,-0.980137191897962
1.47666666666667,-0.968624347329557,-1.00335026658746,-0.948412622816615,-0.98595033799506
1.477,-0.974386460630779,-1.00941535970117,-0.953930015542529,-0.991812881474805
1.47733333333333,-0.980198109244905,-1.01553317338787,-0.959493251954811,-0.997725359758501
1.47766666666667,-0.986059844254666,-1.02170429709743,-0.965102817445867,-1.00368831734737
1.478,-0.991972224265141,-1.0279293283044,-0.970759203594134,-1.00970230593143
1.47833333333333,-0.997935815525565,-1.0342088726365,-0.976462908255463,-1.0157678845004
1.47866666666667,-1.00395119205342,-1.04054354400535,-0.982214435656026,-1.0218856194564
1.479,-1.01001893576088,-1.04693396473972,-0.988014296486765,-1.02805608472885
1.47933333333333,-1.01613963658355,-1.05338076572115,-0.99386300799941,-1.03427986189114
1.47966666666667,-1.02231389261176,-1.05988458652214,-0.999761094104124,-1.04055754027958
1.48,-1.02854231022431,-1.0664460755469,-1.00570908546883,-1.04688971711438
1.48033333333333,-1.03482550422471,-1.07306589017465,-1.01170751962007,-1.05327699762269
1.48066666666667,-1.04116409798006,-1.07974469690567,-1.01775694104577,-1.05971999516403
1.481,-1.04755872356258,-1.08648317151007,-1.02385790129955,-1.06621933135773
1.48133333333333,-1.05401002189387,-1.09328199917927,-1.0300109591069,-1.07277563621283
1.48166666666667,-1.06051864289188,-1.1001418746804,-1.03621668047316,-1.07938954826021
1.482,-1.06708524562078,-1.10706350251362,-1.04247563879326,-1.08606171468712
1.48233333333333,-1.07371049844368,-1.11404759707225,-1.04878841496342,-1.09279279147411
1.48266666666667,-1.08039507917833,-1.12109488280619,-1.05515559749467,-1.09958344353445
1.483,-1.08713967525585,-1.12820609438817,-1.06157778262838,-1.10643434485612
1.48333333333333,-1.09394498388246,-1.13538197688333,-1.06805557445368,-1.11334617864618
1.48366666666667,-1.10081171220456,-1.14262328592193,-1.07458958502701,-1.12031963747803
1.484,-1.10774057747681,-1.14993078787546,-1.08118043449359,-1.12735542344114
1.48433333333333,-1.11473230723365,-1.15730526003598,-1.08782875121108,-1.13445424829358
1.48466666666667,-1.12178763946417,-1.164747490799,-1.09453517187529,-1.1416168336173
1.485,-1.12890732279044,-1.17225827984986,-1.10130034164819,-1.14884391097638
1.48533333333333,-1.13609211664925,-1.17983843835365,-1.1081249142879,-1.15613622207794
1.48566666666667,-1.14334279147763,-1.18748878914883,-1.1150095522812,-1.16349451893628
1.486,-1.15066012890196,-1.19521016694465,-1.12195492697816,-1.17091956403983
1.48633333333333,-1.15804492193079,-1.20300341852222,-1.12896171872913,-1.17841213052126
1.48666666666667,-1.16549797515165,-1.21086940293976,-1.13603061702423,-1.18597300233079
1.487,-1.17302010493173,-1.2188089917416,-1.14316232063509,-1.19360297441259
1.48733333333333,-1.18061213962249,-1.22682306917136,-1.15035753775922,-1.20130285288457
1.48766666666667,-1.18827491976864,-1.23491253238937,-1.15761698616683,-1.20907345522142
1.488,-1.19600929832106,-1.24307829169424,-1.16494139335026,-1.21691561044119
1.48833333333333,-1.20381614085422,-1.25132127074884,-1.17233149667598,-1.22483015929516
1.48866666666667,-1.21169632578794,-1.25964240681077,-1.17978804353935,-1.23281795446147
1.489,-1.21965074461364,-1.26804265096732,-1.18731179152201,-1.24087986074229
1.48933333333333,-1.22768030212525,-1.27652296837509,-1.19490350855211,-1.24901675526464
1.48966666666667,-1.23578591665483,-1.28508433850447,-1.20256397306739,-1.25722952768512
1.49,-1.24396852031302,-1.29372775538881,-1.21029397418108,-1.26551908039843
1.49033333333333,-1.2522290592344,-1.30245422787873,-1.21809431185077,-1.27388632874982
1.49066666666667,-1.26056849382796,-1.31126477990139,-1.22596579705034,-1.28233220125165
1.491,-1.26898779903267,-1.32016045072505,-1.23390925194489,-1.29085763980396
1.49133333333333,-1.27748796457844,-1.32914229522883,-1.24192551006876,-1.29946359991933
1.49166666666667,-1.28606999525246,-1.33821138417808,-1.25001541650686,-1.30815105095202
1.492,-1.29473491117101,-1.34736880450509,-1.25817982807907,-1.31692097633139
1.49233333333333,-1.30348374805702,-1.35661565959563,-1.26641961352808,-1.32577437379994
1.49266666666667,-1.31231755752349,-1.36595306958126,-1.27473565371057,-1.33471225565587
1.493,-1.32123740736271,-1.37538217163756,-1.28312884179185,-1.34373564900022
1.49333333333333,-1.33024438184166,-1.38490412028845,-1.29160008344384,-1.35284559598891
1.49366666666667,-1.33933958200363,-1.39452008771668,-1.30015029704694,-1.36204315408954
1.494,-1.34852412597621,-1.40423126408079,-1.30878041389526,-1.37132939634329
1.49433333333333,-1.35779914928572,-1.41403885783835,-1.31749137840567,-1.38070541163171
1.49466666666667,-1.36716580517851,-1.42394409607611,-1.32628414833071,-1.39017230494892
1.495,-1.37662526494888,-1.43394822484675,-1.33515969497528,-1.39973119767893
1.49533333333333,-1.3861787182741,-1.4440525095126,-1.34411900341727,-1.40938322787848
1.49566666666667,-1.39582737355668,-1.45425823509656,-1.35316307273227,-1.41912955056536
1.496,-1.40557245827378,-1.46456670664024,-1.36229291622234,-1.42897133801243
1.49633333333333,-1.4154152193343,-1.47497924956952,-1.37150956164901,-1.43890978004733
1.49666666666667,-1.42535692344357,-1.48549721006771,-1.38081405147043,-1.4489460843582
1.497,-1.43539885747599,-1.49612195545656,-1.39020744308305,-1.45908147680532
1.49733333333333,-1.44554232885558,-1.50685487458514,-1.39969080906756,-1.46931720173897
1.49766666666667,-1.45578866594501,-1.51769737822696,-1.40926523743947,-1.47965452232355
1.498,-1.46613921844284,-1.52865089948534,-1.41893183190428,-1.49009472086817
1.49833333333333,-1.47659535778961,-1.5397168942073,-1.4286917121173,-1.50063909916371
1.49866666666667,-1.48715847758268,-1.55089684140626,-1.43854601394838,-1.51128897882671
1.499,-1.4978299940002,-1.56219224369359,-1.44849588975143,-1.52204570165003
1.49933333333333,-1.50861134623429,-1.57360462771921,-1.45854250863897,-1.53291062996052
1.49966666666667,-1.51950399693383,-1.58513554462169,-1.4686870567618,-1.54388514698386
1.5,-1.53050943265696,-1.59678657048782,-1.47893073759386,-1.55497065721678
1.50033333333333,-1.54162916433352,-1.60855930682186,-1.48927477222235,-1.56616858680656
1.50066666666667,-1.55286472773773,-1.62045538102492,-1.49972039964326,-1.5774803839384
1.501,-1.56421768397137,-1.63247644688453,-1.51026887706248,-1.58890751923042
1.50133333333333,-1.57568961995758,-1.64462418507456,-1.52092148020241,-1.60045148613665
1.50166666666667,-1.58728214894566,-1.65690030366594,-1.53167950361437,-1.61211380135824
1.502,-1.59899691102721,-1.66930653864842,-1.54254426099692,-1.62389600526293
1.50233333333333,-1.61083557366355,-1.68184465446321,-1.55351708551998,-1.63579966231297
1.50266666666667,-1.62279983222512,-1.69451644454745,-1.56459933015518,-1.6478263615019
1.503,-1.63489141054281,-1.70732373189008,-1.5757923680123,-1.65997771679996
1.50333333333333,-1.6471120614716,-1.72026836959985,-1.58709759268208,-1.67225536760872
1.50366666666667,-1.65946356746698,-1.73335224148554,-1.59851641858547,-1.68466097922495
1.504,-1.67194774117418,-1.74657726264876,-1.61005028132948,-1.69719624331395
1.50433333333333,-1.68456642603058,-1.75994538008944,-1.62170063806958,-1.70986287839242
1.50466666666667,-1.69732149688184,-1.77345857332452,-1.63346896787913,-1.72266263032141
1.505,-1.71021486061179,-1.7871188550201,-1.64535677212571,-1.73559727280922
1.50533333333333,-1.72324845678643,-1.80092827163701,-1.65736557485433,-1.74866860792455
1.50566666666667,-1.73642425831265,-1.8148889040908,-1.66949692317829,-1.76187846662034
1.506,-1.74974427211164,-1.82900286842568,-1.681752387677,-1.77522870926816
1.50633333333333,-1.76321053980748,-1.84327231650323,-1.69413356280152,-1.78872122620364
1.50666666666667,-1.77682513843147,-1.85769943670618,-1.70664206728776,-1.80235793828322
1.507,-1.7905901811422,-1.87228645465729,-1.7192795445774,-1.81614079745212
1.50733333333333,-1.80450781796186,-1.88703563395388,-1.73204766324678,-1.8300717873241
1.50766666666667,-1.81858023652929,-1.90194927691843,-1.74494811744386,-1.84415292377312
1.508,-1.83280966287007,-1.91702972536545,-1.7579826273336,-1.8583862555372
1.50833333333333,-1.84719836218378,-1.93227936138483,-1.77115293955136,-1.87277386483459
1.50866666666667,-1.86174863964931,-1.94770060814242,-1.78446082766528,-1.88731786799275
1.509,-1.87646284124808,-1.96329593069787,-1.79790809264706,-1.90202041609008
1.50933333333333,-1.89134335460593,-1.97906783684009,-1.8114965633517,-1.91688369561095
1.50966666666667,-1.90639260985398,-1.99501887794102,-1.82522809700627,-1.93190992911415
1.51,-1.92161308050881,-2.01115164982767,-1.83910457970788,-1.94710137591507
1.51033333333333,-1.93700728437228,-2.02746879367292,-1.85312792693083,-1.96246033278175
1.51066666666667,-1.95257778445172,-2.04397299690584,-1.86730008404348,-1.9779891346453
1.511,-1.9683271899006,-2.06066699414127,-1.88162302683464,-1.99369015532487
1.51133333333333,-1.98425815698007,-2.0775535681294,-1.89609876204969,-2.00956580826721
1.51166666666667,-2.00037339004206,-2.09463555072585,-1.91072932793692,-2.02561854730151
1.512,-2.01667564253416,-2.11191582388225,-1.9255167948038,-2.04185086740955
1.51233333333333,-2.03316771802656,-2.12939732065795,-1.94046326558351,-2.05826530551131
1.51266666666667,-2.04985247126189,-2.14708302625332,-1.95557087641222,-2.07486444126672
1.513,-2.06673280922786,-2.16497597906466,-1.97084179721656,-2.09165089789344
1.51333333333333,-2.0838116922534,-2.18307927176147,-1.9862782323122,-2.10862734300103
1.51366666666667,-2.10109213512866,-2.20139605238609,-2.00188242101309,-2.12579648944201
1.514,-2.1185772082494,-2.21992952547658,-2.01765663825204,-2.14316109617988
1.51433333333333,-2.13627003878549,-2.23868295321237,-2.03360319521216,-2.16072396917419
1.51466666666667,-2.154173811875,-2.25765965658398,-2.04972443997001,-2.17848796228343
1.515,-2.17229177184317,-2.27686301658634,-2.06602275814996,-2.19645597818551
1.51533333333333,-2.19062722344718,-2.29629647543645,-2.08250057359027,-2.21463096931623
1.51566666666667,-2.20918353314699,-2.31596353781554,-2.09916034902098,-2.23301593882619
1.516,-2.22796413040247,-2.33586777213618,-2.11600458675359,-2.25161394155608
1.51633333333333,-2.24697250899688,-2.35601281183413,-2.13303582938262,-2.27042808503061
1.51666666666667,-2.26621222838753,-2.37640235668585,-2.15025666049951,-2.28946153047161
1.517,-2.28568691508325,-2.39704017415128,-2.16766970541836,-2.30871749382999
1.51733333333333,-2.30540026404912,-2.41793010074235,-2.1852776319141,-2.3281992468371
1.51766666666667,-2.32535604013887,-2.4390760434175,-2.203083150973,-2.34791011807572
1.518,-2.34555807955437,-2.46048198100186,-2.2210890175554,-2.36785349407039
1.51833333333333,-2.36601029133303,-2.48215196563361,-2.23929803137083,-2.38803282039752
1.51866666666667,-2.38671665886269,-2.50409012423639,-2.25771303766571,-2.40845160281549
1.519,-2.40768124142408,-2.52630066001766,-2.27633692802333,-2.42911340841449
1.51933333333333,-2.42890817576058,-2.54878785399293,-2.29517264117609,-2.45002186678617
1.51966666666667,-2.45040167767557,-2.57155606653598,-2.31422316383042,-2.47118067121354
1.52,-2.47216604365634,-2.59460973895425,-2.33349153150355,-2.4925935798803
1.52033333333333,-2.49420565252509,-2.61795339508989,-2.35298082937273,-2.51426441710029
1.52066666666667,-2.51652496711589,-2.64159164294558,-2.37269419313643,-2.53619707456659
1.521,-2.53912853597738,-2.66552917633458,-2.39263480988727,-2.55839551261987
1.52133333333333,-2.56202099510051,-2.68977077655486,-2.41280591899663,-2.58086376153611
1.52166666666667,-2.58520706967055,-2.71432131408637,-2.43321081301085,-2.60360592283342
1.522,-2.60869157584239,-2.7391857503107,-2.45385283855833,-2.62662617059722
1.52233333333333,-2.63247942253804,-2.76436913925207,-2.47473539726739,-2.64992875282358
1.52266666666667,-2.6565756132653,-2.7898766293389,-2.49586194669475,-2.67351799278032
1.523,-2.68098524795582,-2.81571346518444,-2.51723600126363,-2.69739829038495
1.52333333333333,-2.70571352482139,-2.84188498938516,-2.53886113321146,-2.72157412359898
1.52366666666667,-2.73076574222634,-2.86839664433547,-2.56074097354642,-2.74605004983777
1.524,-2.75614730057405,-2.89525397405668,-2.58287921301203,-2.77083070739488
1.52433333333333,-2.78186370420517,-2.92246262603834,-2.60527960305912,-2.79592081687963
1.52466666666667,-2.80792056330541,-2.95002835308996,-2.62794595682469,-2.82132518266758
1.525,-2.83432359581952,-2.97795701520027,-2.65088215011619,-2.84704869436138
1.52533333333333,-2.86107862936839,-3.00625458140123,-2.67409212240041,-2.87309632826133
1.52566666666667,-2.88819160316616,-3.03492713163418,-2.69757987779624,-2.8994731488438
1.526,-2.91566856993254,-3.06398085861396,-2.72134948606916,-2.92618431024524
1.52633333333333,-2.94351569779704,-3.093422069688,-2.745405083627,-2.95323505775037
1.52666666666667,-2.97173927218965,-3.12325718868574,-2.76975087451497,-2.98063072928172
1.527,-3.00034569771281,-3.15349275775389,-2.79439113140817,-3.00837675688825
1.52733333333333,-3.02934149998902,-3.18413543917255,-2.81933019659995,-3.03647866822993
1.52766666666667,-3.0587333274779,-3.21519201714673,-2.84457248298413,-3.06494208805575
1.528,-3.08852795325546,-3.24666939956724,-2.87012247502874,-3.09377273967129
1.52833333333333,-3.11873227674794,-3.27857461973389,-2.89598472973865,-3.12297644639202
1.52866666666667,-3.14935332541256,-3.31091483803476,-2.92216387760501,-3.15255913297912
1.529,-3.18039825635507,-3.34369734357229,-2.94866462353788,-3.18252682705192
1.52933333333333,-3.21187435787538,-3.37692955572907,-2.97549174777948,-3.21288566047365
1.52966666666667,-3.24378905092959,-3.41061902566267,-3.00265010679436,-3.24364187070388
1.53,-3.27614989049728,-3.44477343772021,-3.03014463413271,-3.27480180211261
1.53033333333333,-3.30896456684096,-3.47940061076095,-3.05798034126274,-3.30637190724918
1.53066666666667,-3.34224090664426,-3.51450849937548,-3.08616231836797,-3.33835874805964
1.531,-3.37598687401373,-3.5501051949881,-3.11469573510444,-3.37076899704454
1.53133333333333,-3.41021057132758,-3.5861989268279,-3.14358584131229,-3.40360943834914
1.53166666666667,-3.44492023991485,-3.62279806275425,-3.17283796767701,-3.43688696877758
1.532,-3.48012426054472,-3.65991110991892,-3.20245752633323,-3.47060859872072
1.53233333333333,-3.51583115370628,-3.69754671524773,-3.23245001140525,-3.50478145298791
1.53266666666667,-3.55204957965651,-3.73571366572213,-3.26282099947666,-3.53941277153101
1.533,-3.58878833821207,-3.77442088843972,-3.29357614998192,-3.57450991004867
1.53333333333333,-3.62605636825928,-3.81367745043103,-3.32472120551072,-3.61008034045752
1.53366666666667,-3.66386274695505,-3.853492558209,-3.35626199201744,-3.64613165121651
1.534,-3.70221668858791,-3.89387555702403,-3.38820441892476,-3.68267154748832
1.53433333333333,-3.74112754306773,-3.93483592979723,-3.42055447911206,-3.71970785112209
1.53466666666667,-3.78060479400945,-3.97638329570153,-3.45331824877699,-3.75724850043907
1.535,-3.8206580563735,-4.01852740835782,-3.48650188715808,-3.79530154980225
1.53533333333333,-3.86129707362358,-4.06127815361203,-3.52011163610603,-3.83387516894932
1.53566666666667,-3.90253171435946,-4.10464554685559,-3.55415381948947,-3.87297764206698
1.536,-3.94437196837869,-4.14863972984897,-3.58863484242034,-3.91261736658212
1.53633333333333,-3.98682794211957,-4.1932709670066,-3.62356119028328,-3.95280285164528
1.53666666666667,-4.02990985343314,-4.23854964109711,-3.65893942755188,-3.99354271627828
1.537,-4.07362802562922,-4.28448624831039,-3.69477619637377,-4.03484568715723
1.53733333333333,-4.11799288073768,-4.33109139263974,-3.73107821490461,-4.07672059599889
1.53766666666667,-4.16301493192363,-4.37837577952503,-3.76785227537156,-4.11917637651817
1.538,-4.20870477498853,-4.42635020869676,-3.8051052418423,-4.16222206091924
1.53833333333333,-4.25507307888963,-4.47502556616082,-3.84284404767783,-4.20586677588401
1.53866666666667,-4.30213057520214,-4.52441281525763,-3.88107569264324,-4.25011973801624
1.539,-4.34988804644699,-4.57452298672603,-3.91980723964985,-4.29499024869841
1.53933333333333,-4.39835631320149,-4.62536716769946,-3.95904581110089,-4.34048768831578
1.53966666666667,-4.44754621990768,-4.67695648955696,-3.99879858481085,-4.38662150979902
1.54,-4.49746861928718,-4.72930211454863,-4.03907278946706,-4.43340123143406
1.54033333333333,-4.54813435526808,-4.78241522110969,-4.07987569959984,-4.48083642888454
1.54066666666667,-4.59955424432681,-4.836306987776,-4.12121463002704,-4.52893672637025
1.541,-4.65173905514091,-4.89098857560681,-4.163096929735,-4.57771178694028
1.54133333333333,-4.70469948644895,-4.94647110902047,-4.20552997515847,-4.62717130177863
1.54166666666667,-4.75844614300731,-5.00276565494196,-4.24852116281816,-4.67732497847499
1.542,-4.81298950953273,-5.05988320016064,-4.29207790127398,-4.72818252819159
1.54233333333333,-4.86833992251597,-5.1178346267917,-4.33620760234987,-4.77975365165345
1.54266666666667,-4.92450753979152,-5.17663068573439,-4.38091767158483,-4.83204802388723
1.543,-4.98150230774598,-5.23628196801657,-4.42621549786264,-4.88507527763018
1.54333333333333,-5.03933392604786,-5.29679887391413,-4.47210844217097,-4.93884498532812
1.54366666666667,-5.09801180978446,-5.35819157973535,-4.51860382544125,-4.99336663964117
1.544,-5.1575450488901,-5.42047000215735,-4.5657089154163,-5.0486496323701
1.54433333333333,-5.21794236475825,-5.48364376000759,-4.61343091249535,-5.10470323171904
1.54466666666667,-5.27921206393111,-5.5477221333822,-4.66177693450267,-5.16153655780541
1.545,-5.34136198877108,-5.61271402000096,-4.71075400032769,-5.21915855633003
1.54533333333333,-5.4043994650255,-5.67862788870155,-4.76036901238333,-5.27757797031856
1.54566666666667,-5.46833124621063,-5.74547172998743,-4.81062873783158,-5.33680330984877
1.546,-5.53316345475346,-5.81325300355091,-4.86153978852517,-5.39684281967757
1.54633333333333,-5.59890151984858,-5.88197858270633,-4.91310859961594,-5.457704444686
1.54666666666667,-5.66555011201111,-5.95165469568682,-4.96534140678602,-5.51939579306593
1.547,-5.73311307432721,-6.02228686377108,-5.0182442220565,-5.5819240971743
1.54733333333333,-5.80159335043845,-6.09387983623444,-5.07182280813789,-5.64529617199233
1.54766666666667,-5.87099290932789,-6.16643752214098,-5.12608265128915,-5.70951837113401
1.548,-5.94131266701327,-6.23996291902265,-5.1810289326588,-5.77459654035784
1.54833333333333,-6.0125524053007,-6.31445803852811,-5.23666649809131,-5.84053596855322
1.54866666666667,-6.08471068779977,-6.38992382916077,-5.29299982639015,-5.90734133618499
1.549,-6.15778477345693,-6.46636009626929,-5.35003299603999,-5.97501666119953
1.54933333333333,-6.23177052792651,-6.54376541950298,-5.40776965040281,-6.04356524241747
1.54966666666667,-6.30666233316834,-6.62213706800045,-5.4662129614195,-6.11298960046287
1.55,-6.38245299573152,-6.70147091363471,-5.52536559185983,-6.18329141630419
1.55033333333333,-6.45913365427009,-6.78176134270977,-5.58522965618797,-6.25447146751789
1.55066666666667,-6.53669368691912,-6.86300116656942,-5.64580668012653,-6.32652956241655
1.551,-6.61512061925362,-6.94518153165613,-5.70709755902594,-6.39946447222455
1.55133333333333,-6.69440003365159,-7.02829182964124,-5.7691025151715,-6.47327386152659
1.55166666666667,-6.77451548098273,-7.11231960832972,-5.83182105418562,-6.54795421726119
1.552,-6.85544839565005,-7.1972504841339,-5.89525192071222,-6.62350077658166
1.55233333333333,-6.93717801511812,-7.28306805700132,-5.95939305360019,-6.69990745396062
1.55266666666667,-7.0196813051697,-7.36975382877632,-6.02424154083676,-6.77716676797414
1.553,-7.10293289223321,-7.45728712606453,-6.08979357451232,-6.85526976825865
1.55333333333333,-7.18690500422831,-7.54564502876568,-6.15604440613687,-6.93420596320136
1.55366666666667,-7.27156742146421,-7.63480230552177,-6.22298830266123,-7.01396324898604
1.554,-7.35688743920795,-7.72473135740991,-6.29061850359238,-7.09452784068463
1.55433333333333,-7.44282984360582,-7.81540217127939,-6.35892717962827,-7.17588420614928
1.55466666666667,-7.52935690268904,-7.90678228418919,-6.42790539327161,-7.2580150035256
1.555,-7.61642837421575,-7.99883676044276,-6.49754306191289,-7.34090102326756
1.55533333333333,-7.70400153209895,-8.09152818273601,-6.56782892390196,-7.42452113559058
1.55566666666667,-7.79203121313406,-8.18481665893411,-6.63875050815428,-7.50885224435283
1.556,-7.88046988566018,-8.27865984595283,-6.7102941078527,-7.59386924838934
1.55633333333333,-7.96926774167834,-8.37301299216309,-6.78244475882313,-7.67954501136001
1.55666666666667,-8.05837281378123,-8.46782899962727,-6.85518622316236,-7.76585034118115
1.557,-8.14773111803822,-8.56305850733782,-6.92850097869333,-7.8527539801147
1.55733333333333,-8.23728682371239,-8.6586499964405,-7.00237021480656,-7.94022260656313
1.55766666666667,-8.32698245036653,-8.75454991819347,-7.07677383521765,-8.02822084958076
1.558,-8.41675909253761,-8.85070284513075,-7.15169046812721,-8.11671131703715
1.55833333333333,-8.50655667173436,-8.94705164557501,-7.22709748421453,-8.20565463827964
1.55866666666667,-8.59631421503191,-9.04353768126702,-7.30297102282161,-8.29500952201281
1.559,-8.68597015901666,-9.14010102746297,-7.37928602659442,-8.38473282995746
1.55933333333333,-8.77546267727773,-9.23668071439341,-7.45601628474293,-8.47477966666471
1.55966666666667,-8.86473002905637,-9.33321498848942,-7.53313448495771,-8.56510348564053
1.56,-8.95371092606705,-9.42964159126452,-7.61061227387984,-8.65565621168055
1.56033333333333,-9.0423449139105,-9.52589805322014,-7.68842032586867,-8.74638837903804
1.56066666666667,-9.1305727639209,-9.62192199961179,-7.7665284196433,-8.83724928473644
1.561,-9.21833687074654,-9.7176514644011,-7.84490552219268,-8.92818715600555
1.56133333333333,-9.30558165047784,-9.81302520823498,-7.92351987916478,-9.0191493304731
1.56166666666667,-9.39225393372777,-9.90798303585822,-8.00233911075407,-9.11008244738723
1.562,-9.47830334774234,-10.0024661079854,-8.08133031191134,-9.20093264777699
1.56233333333333,-9.56368268141712,-10.0964172423683,-8.16046015551919,-9.29164578111309
1.56266666666667,-9.6483482270041,-10.1897811985897,-8.23969499699556,-9.3821676156889
1.563,-9.73226009234289,-10.2825049410223,-8.31900097862699,-9.47244404963387
1.56333333333333,-9.81538247764391,-10.3745378744192,-8.39834413179556,-9.56242131920583
1.56366666666667,-9.8976839111868,-10.4658320467545,-8.47769047514958,-9.65204620078914
1.564,-9.97913743877435,-10.5563423142168,-8.55700610668384,-9.74126620286606
1.56433333333333,-10.0597207623999,-10.6460264636747,-8.63625728765675,-9.83002974414883
1.56466666666667,-10.1394163243215,-10.7348452884771,-8.71541051626539,-9.91828631405158
1.565,-10.2182113335702,-10.8227626141062,-8.79443258903977,-10.0059866117583
1.56533333333333,-10.2960977328513,-10.90974527097,-8.87329064801123,-10.0930826603213
1.56566666666667,-10.3730721047635,-10.9957630124684,-8.95195221183868,-10.1795278924789
1.566,-10.4491355172762,-11.0807883773867,-9.03038518926592,-10.2652772052424
1.56633333333333,-10.5242933094024,-11.1647964966309,-9.10855787350607,-10.3502869807375
1.56666666666667,-10.598554818987,-11.2477648453039,-9.18643891642414,-10.4345150713102
1.567,-10.6719330554452,-11.3296729421006,-9.2639972816939,-10.5179207474976
1.56733333333333,-10.7444443211261,-11.4105019989519,-9.34120217644704,-10.6004646081143
1.56766666666667,-10.8161077857171,-11.4902345247559,-9.41802296129947,-10.6821084524027
1.568,-10.8869450187193,-11.5688538878684,-9.49442903902136,-10.7628151149187
1.56833333333333,-10.9569794855218,-11.6463438427869,-9.57038972251552,-10.8425482645661
1.56866666666667,-11.0262360129582,-11.722688027119,-9.64587408316226,-10.9212721699273
1.569,-11.0947402304566,-11.7978694354961,-9.72085078098462,-10.998951433759
1.56933333333333,-11.162517992984,-11.8718698775416,-9.79528787846157,-11.0755507002016
1.56966666666667,-11.2295947919708,-11.9446694273666,-9.86915264018114,-11.1510343388946
1.57,-11.2959951602649,-12.0162458723131,-9.94241132085305,-11.2253661107623
1.57033333333333,-11.3617420769497,-12.0865741688302,-10.0150289445068,-11.298508820751
1.57066666666667,-11.4268563775692,-12.1556259134439,-10.0869690779658,-11.3704239632284
1.571,-11.4913561749612,-12.2233688367793,-10.158193601916,-11.4410713661118
1.57133333333333,-11.5552562955317,-12.2897663285313,-10.2286624830823,-11.5104088400629
1.57166666666667,-11.6185677354136,-12.3547770011529,-10.2983335511644,-11.5783918392645
1.572,-11.6812971405815,-12.4183542998554,-10.3671622843032,-11.6449731404011
1.57233333333333,-11.7434463146371,-12.4804461662895,-10.4351016069035,-11.7101025464684
1.57266666666667,-11.8050117576634,-12.5409947630072,-10.5021017036738,-11.7737266219709
1.573,-11.8659842392752,-12.5999362654813,-10.5681098537244,-11.8357884659086
1.57333333333333,-11.9263484087808,-12.6572007280811,-10.6330702885156,-11.8962275287167
1.57366666666667,-11.9860824452175,-12.7127120299646,-10.6969240773585,-11.9549794790026
1.574,-12.0451577499252,-12.7663879063138,-10.7596090440329,-12.0119761255153
1.57433333333333,-12.1035386843,-12.8181400697307,-10.821059717927,-12.0671453992998
1.57466666666667,-12.1611823553819,-12.86787442587,-10.8812073228832,-12.1204114004026
1.575,-12.2180384520044,-12.9154913865253,-10.9399798066816,-12.1716945128285
1.57533333333333,-12.2740491343291,-12.9608862823697,-10.9973019137902,-12.2209115906791
1.57566666666667,-12.3291489797149,-13.0039498763777,-11.0530953036561,-12.2679762175435
1.576,-12.3832649879836,-13.0445689776076,-11.1072787164054,-12.3127990402435
1.57633333333333,-12.4363166492531,-13.0826271535007,-11.1597681873565,-12.3552881769749
1.57666666666667,-12.488216077569,-13.1180055371627,-11.210477311228,-12.395349698732
1.577,-12.5388682135591,-13.1505837242481,-11.2593175563359,-12.432888181655
1.57733333333333,-12.5881710992517,-13.1802407520985,-11.3061986284337,-12.4678073266283
1.57766666666667,-12.6360162279846,-13.2068561517319,-11.3510288831414,-12.500010641085
1.578,-12.6822889719985,-13.2303110611932,-11.3937157851534,-12.529402176576
1.57833333333333,-12.726869089798,-13.2504893867266,-11.4341664116099,-12.555887314265
1.57866666666667,-12.7696313146883,-13.2672789962838,-11.4722879961782,-12.5793735891543
1.579,-12.8104460250187,-13.2805729281394,-11.5079885095278,-12.5997715425695
1.57933333333333,-12.8491799955861,-13.2902705959104,-11.5411772710208,-12.6169955912857
1.57966666666667,-12.8856972283788,-13.2962789701836,-11.5717655855937,-12.6309649007
1.58,-12.9198598593637,-13.2985137162986,-11.5996673990036,-12.6416042487111
1.58033333333333,-12.9515291363774,-13.2969002677039,-11.6247999638772,-12.6488448664741
1.58066666666667,-12.9805664613958,-13.291374814741,-11.6470845083628,-12.6526252420291
1.581,-13.0068344885662,-13.281885189747,-11.6664468986718,-12.6528918729529
1.58133333333333,-13.0301982674587,-13.2683916310063,-11.6828182864319,-12.6495999547014
1.58166666666667,-13.0505264190863,-13.2508674102955,-11.6961357315833,-12.6427139921825
1.582,-13.067692330436,-13.2292993115076,-11.7063427915582,-12.6322083233304
1.58233333333333,-13.0815753516263,-13.2036879510067,-11.7133900676893,-12.6180675450074
1.58266666666667,-13.092061978452,-13.1740479338801,-11.7172357002341,-12.6002868334107
1.583,-13.099047002067,-13.1404078439501,-11.7178458040363,-12.5788721532458
1.58333333333333,-13.1024346069812,-13.1028100691877,-11.7151948377124,-12.5538403521871
1.58366666666667,-13.1021393984581,-13.061310467854,-11.7092659002918,-12.525219139505
1.584,-13.0980873408589,-13.0159778841764,-11.7000509504578,-12.4930469501148
1.58433333333333,-13.0902165894978,-12.96689352549,-11.687550944888,-12.4573726976234
1.58466666666667,-13.0784782001614,-12.9141502154575,-11.6717758936417,-12.4182554221292
1.585,-13.0628367025746,-12.8578515401288,-11.6527448320466,-12.3757638405083
1.58533333333333,-13.0432705267039,-12.7981109051589,-11.6304857100509,-12.3299758086291
1.58566666666667,-13.0197722738085,-12.7350505234568,-11.605035201487,-12.280977706334
1.586,-12.9923488274639,-12.6688003528824,-11.5764384370885,-12.2288637570817
1.58633333333333,-12.9610213032767,-12.5994970033829,-11.5447486663857,-12.1737352948354
1.58666666666667,-12.925824839558,-12.5272826322153,-11.5100268547221,-12.1156999911171
1.587,-12.8868082346763,-12.4523038447093,-11.4723412225759,-12.0548710551312
1.58733333333333,-12.8440334400591,-12.374710616474,-11.431766735108,-11.9913664195302
1.58766666666667,-12.7975749207197,-12.2946552511212,-11.388384550371,-11.9253079237746
1.588,-12.747518897672,-12.2122913855759,-11.3422814349207,-11.8568205061846
1.58833333333333,-12.6939624885658,-12.1277730529385,-11.2935491556501,-11.7860314147336
1.58866666666667,-12.6370127643009,-12.0412538107462,-11.2422838565551,-11.7130694454449
1.589,-12.5767857402214,-11.9528859404225,-11.1885854288328,-11.6380642159811
1.58933333333333,-12.5134053207709,-11.8628197217457,-11.1325568822566,-11.5611454806927
1.58966666666667,-12.4470022162301,-11.7712027843783,-11.0743037251712,-11.4824424920801
1.59,-12.3777128494107,-11.6781795368847,-11.013933359747,-11.4020834123398
1.59033333333333,-12.3056782690217,-11.5838906722683,-10.9515544983566,-11.3201947774597
1.59066666666667,-12.2310430849177,-11.4884727478719,-10.8872766061032,-11.2369010152078
1.591,-12.1539544386915,-11.3920578365144,-10.8212093736842,-11.1523240173551
1.59133333333333,-12.0745610211446,-11.2947732449814,-10.7534622239248,-11.0665827655862
1.59166666666667,-11.9930121461608,-11.1967412954147,-10.6841438544937,-10.9797930097941
1.592,-11.9094568884923,-11.098079164764,-10.6133618185317,-10.8920669968245
1.59233333333333,-11.8240432909863,-10.9988987772291,-10.5412221441989,-10.8035132472296
1.59266666666667,-11.7369176449321,-10.8993067445315,-10.4678289934868,-10.7142363771995
1.593,-11.6482238454792,-10.7994043488713,-10.3932843600544,-10.624336962562
1.59333333333333,-11.5581028225505,-10.6992875635453,-10.3176878053395,-10.5339114415548
1.59366666666667,-11.4666920463255,-10.5990471063895,-10.2411362317618,-10.4430520529785
1.594,-11.3741251052383,-10.4987685214574,-10.1637236914831,-10.3518468063159
1.59433333333333,-11.2805313534997,-10.3985322846372,-10.0855412289035,-10.2603794804411
1.59466666666667,-11.1860356244208,-10.2984139292179,-10.0066767548619,-10.1687296476312
1.595,-11.0907580052678,-10.1984841877554,-9.92721495035632,-10.0769727197286
1.59533333333333,-10.9948136690018,-10.0988091469175,-9.84723719750762,-9.9851800134556
1.59566666666667,-10.8983127580221,-9.99945041232332,-9.76682153544132,-9.89341883207443
1.596,-10.8013603149458,-9.90046528071679,-9.68604263876431,-9.80175256077809
1.59633333333333,-10.7040562554591,-9.80190691712489,-9.60497181634477,-9.7102407734091
1.59666666666667,-10.6064953783881,-9.70382453494275,-9.52367702816573,-9.61893934830725
1.597,-10.5087674083075,-9.60626357716619,-9.44222291811366,-9.52790059130164
1.59733333333333,-10.4109570662448,-9.50926589724271,-9.36067086066529,-9.43717336406115
1.59766666666667,-10.3131441642997,-9.41286993824291,-9.27907901955396,-9.3468032162132
1.598,-10.215403720308,-9.31711090926889,-9.19750241662774,-9.25683251982938
1.59833333333333,-10.1178060889882,-9.22202095820277,-9.11599300924072,-9.16730060504765
1.59866666666667,-10.0204171063267,-9.12762934006666,-9.03459977465401,-9.07824389576427
1.599,-9.92329824428557,-9.03396258041847,-8.95336880005988,-8.98969604447965
1.59933333333333,-9.82650677321907,-8.94104463333828,-8.87234337697089,-8.90168806551885
1.59966666666667,-9.73009592968882,-8.84889703367292,-8.7915640988448,-8.81424846597035
1.6,-9.63411508764942,-8.75753904331062,-8.71106896093799,-8.72740337380228
1.60033333333333,-9.53860993124223,-8.66698779134004,-8.63089346149554,-8.64117666271424
1.60066666666667,-9.44362262767654,-8.57725840802101,-8.55107070349196,-8.55559007337097
1.601,-9.34919199890951,-8.48836415255865,-8.47163149624141,-8.47066333074724
1.60133333333333,-9.25535369103438,-8.40031653472321,-8.39260445628632,-8.3864142573801
1.60166666666667,-9.16214034047316,-8.31312543039697,-8.3140161070581,-8.30285888238428
1.602,-9.06958173623716,-8.22679919117089,-8.23589097688394,-8.22001154614301
1.60233333333333,-8.97770497766464,-8.14134474813771,-8.15825169498284,-8.1378850006289
1.60266666666667,-8.88653462717068,-8.056767710048,-8.08111908515572,-8.05649050534712
1.603,-8.7960928576645,-7.97307245601888,-8.00451225693448,-7.97583791892932
1.60333333333333,-8.70639959438231,-7.89026222299078,-7.92844869400277,-7.89593578643051
1.60366666666667,-8.61747265097084,-7.80833918813949,-7.85294433974609,-7.81679142240498
1.604,-8.52932785973038,-7.72730454645613,-7.77801367982995,-7.73841098985588
1.60433333333333,-8.4419791959864,-7.64715858370829,-7.7036698217368,-7.66079957516744
1.60466666666667,-8.35543889661094,-7.56790074499737,-7.62992457122343,-7.58396125913957
1.605,-8.26971757275838,-7.48952969912463,-7.55678850568552,-7.50789918425447
1.60533333333333,-8.18482431691649,-7.41204339897675,-7.48427104443951,-7.43261561831069
1.60566666666667,-8.10076680439941,-7.33543913813478,-7.41238051594789,-7.3581120145632
1.606,-8.0175513894353,-7.25971360390755,-7.34112422203189,-7.28438906851212
1.60633333333333,-7.93518319601667,-7.18486292698354,-7.27050849912777,-7.21144677148348
1.60666666666667,-7.85366620369487,-7.11088272788729,-7.20053877665233,-7.13928446114254
1.607,-7.77300332851098,-7.03776816042252,-7.13121963255431,-7.06790086908384
1.60733333333333,-7.69319649925907,-6.96551395227286,-7.06255484613225,-6.9972941656345
1.60766666666667,-7.61424672928353,-6.89411444292729,-6.99454744820618,-6.92746200200869
1.608,-7.53615418401106,-6.82356361908651,-6.92719976873367,-6.85840154994468
1.60833333333333,-7.45891824442047,-6.75385514770306,-6.86051348196351,-6.7901095389552
1.60866666666667,-7.38253756664558,-6.68498240679482,-6.79448964922083,-6.72258229131352
1.609,-7.30701013790997,-6.61693851417099,-6.72912875941991,-6.65581575489786
1.60933333333333,-7.23233332898168,-6.5497163541969,-6.66443076739876,-6.58980553400862
1.60966666666667,-7.15850394333316,-6.48330860271943,-6.60039513016975,-6.52454691826948
1.61,-7.08551826318683,-6.41770775026902,-6.53702084117964,-6.46003490971933
1.61033333333333,-7.01337209261779,-6.35290612364611,-6.47430646266985,-6.39626424819644
1.61066666666667,-6.94206079788018,-6.2888959059939,-6.41225015622636,-6.33322943511156
1.611,-6.87157934511578,-6.22566915545416,-6.35084971160521,-6.2709247557022
1.61133333333333,-6.80192233559795,-6.16321782249746,-6.29010257391912,-6.20934429985689
1.61166666666667,-6.73308403865444,-6.10153376601143,-6.2300058692654,-6.14848198159126
1.612,-6.66505842240852,-6.040608768229,-6.17055642887472,-6.08833155725641
1.61233333333333,-6.59783918246904,-5.98043454857094,-6.11175081185648,-6.0288866425541
1.61266666666667,-6.53141976869328,-5.9210027764732,-6.05358532661243,-5.97014072842899
1.613,-6.46579341014157,-5.86230508326588,-5.99605605098985,-5.91208719590643
1.61333333333333,-6.40095313833442,-5.80433307316628,-5.93915885124046,-5.85471932993822
1.61366666666667,-6.33689180891795,-5.7470783334433,-5.88288939984895,-5.79803033231677
1.614,-6.27360212183616,-5.69053244380834,-5.82724319229184,-5.74201333371339
1.61433333333333,-6.21107664010571,-5.63468698508466,-5.77221556278631,-5.68666140489591
1.61466666666667,-6.14930780727911,-5.57953354720148,-5.71780169908233,-5.63196756717337
1.615,-6.08828796368166,-5.52506373655907,-5.66399665635269,-5.57792480211732
1.61533333333333,-6.02800936149927,-5.47126918280655,-5.61079537023039,-5.52452606060355
1.61566666666667,-5.96846417879038,-5.41814154507048,-5.55819266904033,-5.47176427121529
1.616,-5.90964453249234,-5.36567251767304,-5.50618328527198,-5.4196323480495
1.61633333333333,-5.8515424904862,-5.31385383537243,-5.45476186633493,-5.36812319796168
1.61666666666667,-5.79415008278098,-5.26267727815862,-5.40392298463789,-5.31722972728465
1.617,-5.73745931187441,-5.21213467563363,-5.35366114702994,-5.26694484805436
1.61733333333333,-5.68146216234465,-5.16221791100607,-5.30397080364118,-5.21726148377395
1.61766666666667,-5.62615060972183,-5.11291892472389,-5.25484635615552,-5.168172574744
1.618,-5.57151662868763,-5.06422971777214,-5.20628216554987,-5.11967108298736
1.61833333333333,-5.51755220064655,-5.0161423546573,-5.15827255933007,-5.07174999679395
1.61866666666667,-5.46424932071,-4.96864896610007,-5.11081183829196,-5.02440233490871
1.619,-5.41160000413251,-4.92174175145676,-5.06389428283641,-4.97762115038674
1.61933333333333,-5.35959629223574,-4.87541298088814,-5.01751415886335,-4.93139953413568
1.61966666666667,-5.30823025785439,-4.82965499729263,-4.97166572326956,-4.88573061816586
1.62,-5.25749401033569,-4.78446021802088,-4.92634322907357,-4.84060757856631
1.62033333333333,-5.20737970012254,-4.73982113638692,-4.88154093018957,-4.79602363822539
1.62066666666667,-5.15787952294751,-4.69573032298987,-4.8372530858707,-4.75197206931106
1.621,-5.108985723664,-4.6521804268596,-4.793473964841,-4.70844619552691
1.62133333333333,-5.0606905997394,-4.60916417643952,-4.75019784913566,-4.66543939415914
1.62166666666667,-5.01298650443162,-4.56667438041674,-4.70741903766461,-4.62294509792648
1.622,-4.96586584967192,-4.52470392841222,-4.66513184951809,-4.58095679664753
1.62233333333333,-4.91932110867301,-4.48324579153954,-4.62333062702803,-4.53946803873637
1.62266666666667,-4.87334481828102,-4.44229302284298,-4.58200973860061,-4.49847243253822
1.623,-4.82792958108894,-4.40183875762278,-4.54116358133285,-4.45796364751525
1.62333333333333,-4.7830680673284,-4.36187621365695,-4.50078658342728,-4.41793541529326
1.62366666666667,-4.73875301655376,-4.32239869132634,-4.46087320641555,-4.37838153057752
1.624,-4.6949772391338,-4.28339957365085,-4.42141794720316,-4.33929585194701
1.62433333333333,-4.65173361756426,-4.2448723262438,-4.38241533994651,-4.30067230253564
1.62466666666667,-4.60901510761276,-4.20681049718941,-4.34385995777103,-4.26250487060701
1.625,-4.56681473930909,-4.16920771685134,-4.30574641434134,-4.22478761003098
1.62533333333333,-4.52512561779075,-4.13205769761597,-4.26806936529198,-4.18751464066832
1.62566666666667,-4.48394092401434,-4.09535423357677,-4.23082350952695,-4.15068014866984
1.626,-4.44325391534206,-4.05909120016358,-4.19400359039619,-4.11427838669555
1.62633333333333,-4.40305792601301,-4.02326255372259,-4.15760439675715,-4.07830367406066
1.62666666666667,-4.36334636750625,-3.98786233104972,-4.12162076392748,-4.04275039681175
1.627,-4.32411272880488,-3.95288464888251,-4.08604757453646,-4.00761300774001
1.62733333333333,-4.28535057656732,-3.91832370335363,-4.05087975928106,-3.97288602633452
1.62766666666667,-4.24705355521317,-3.88417376940929,-4.01611229759256,-3.93856403868086
1.628,-4.20921538692987,-3.85042920019625,-3.9817402182195,-3.90464169730878
1.62833333333333,-4.17182987160621,-3.81708442641999,-3.94775859973222,-3.87111372099282
1.62866666666667,-4.13489088669792,-3.78413395567691,-3.91416257095376,-3.83797489450912
1.629,-4.09839238703097,-3.75157237176298,-3.88094731132189,-3.80522006835213
1.62933333333333,-4.06232840454736,-3.71939433396203,-3.84810805118713,-3.77284415841448
1.62966666666667,-4.0266930479975,-3.68759457631457,-3.81564007204999,-3.74084214563218
1.63,-3.99148050258423,-3.65616790687053,-3.78353870674219,-3.7092090755988
1.63033333333333,-3.95668502956173,-3.62510920692724,-3.75179933955532,-3.67794005815078
1.63066666666667,-3.92230096579345,-3.59441343025451,-3.72041740632002,-3.64703026692615
1.631,-3.88832272327218,-3.56407560230844,-3.68938839443947,-3.61647493889912
1.63133333333333,-3.85474478860622,-3.53409081943609,-3.65870784288022,-3.58626937389299
1.63166666666667,-3.82156172247364,-3.50445424807163,-3.62837134212282,-3.55640893407251
1.632,-3.78876815904837,-3.47516112392599,-3.59837453407542,-3.52688904341844
1.63233333333333,-3.7563588054003,-3.44620675117097,-3.56871311195286,-3.49770518718559
1.63266666666667,-3.72432844087202,-3.41758650161917,-3.5393828201235,-3.46885291134593
1.633,-3.69267191643431,-3.3892958139006,-3.51037945392622,-3.44032782201866
1.63333333333333,-3.66138415402303,-3.36133019263737,-3.48169885945983,-3.41212558488836
1.63366666666667,-3.63046014585869,-3.33368520761683,-3.45333693334657,-3.38424192461256
1.634,-3.59989495375123,-3.30635649296464,-3.42528962247192,-3.35667262422019
1.63433333333333,-3.56968370839142,-3.27933974631827,-3.39755292370269,-3.32941352450198
1.63466666666667,-3.53982160863066,-3.25263072800164,-3.37012288358444,-3.3024605233939
1.635,-3.51030392075035,-3.22622526020162,-3.34299559802046,-3.27580957535435
1.63533333333333,-3.48112597772311,-3.20011922614728,-3.31616721193352,-3.24945669073701
1.63566666666667,-3.45228317846589,-3.17430856929209,-3.28963391891181,-3.22339793515883
1.636,-3.4237709870875,-3.14878929249998,-3.26339196084052,-3.19762942886548
1.63633333333333,-3.39558493213089,-3.12355745723541,-3.23743762752027,-3.1721473460938
1.63666666666667,-3.36772060581138,-3.0986091827582,-3.21176725627326,-3.14694791443274
1.637,-3.34017366325201,-3.07394064532341,-3.18637723153885,-3.12202741418316
1.63733333333333,-3.31293982171696,-3.04954807738667,-3.16126398445913,-3.09738217771719
1.63766666666667,-3.28601485984364,-3.02542776681532,-3.13642399245569,-3.0730085888378
1.638,-3.25939461687435,-3.00157605610564,-3.11185377879815,-3.04890308213882
1.63833333333333,-3.23307499188851,-2.97798934160658,-3.08754991216604,-3.02506214236646
1.63866666666667,-3.20705194303562,-2.95466407275009,-3.06350900620403,-3.00148230378221
1.639,-3.18132148677008,-2.93159675128838,-3.03972771907176,-2.97816014952797
1.63933333333333,-3.15587969708837,-2.90878393053853,-3.01620275298906,-2.95509231099378
1.63966666666667,-3.13072270476859,-2.88622221463405,-2.99293085377659,-2.93227546718807
1.64,-3.10584669661368,-2.86390825778427,-2.96990881039343,-2.90970634411147
1.64033333333333,-3.08124791469833,-2.84183876354128,-2.94713345447159,-2.88738171413401
1.64066666666667,-3.05692265561974,-2.82001048407456,-2.92460165984797,-2.86529839537601
1.641,-3.03286726975343,-2.79842021945379,-2.90231034209495,-2.84345325109343
1.64133333333333,-3.00907816051356,-2.77706481693939,-2.88025645804915,-2.82184318906707
1.64166666666667,-2.98555178361858,-2.75594117028125,-2.85843700533956,-2.8004651609967
1.642,-2.96228464636255,-2.7350462190257,-2.83684902191513,-2.77931616189976
1.64233333333333,-2.93927330689218,-2.71437694783072,-2.81548958557242,-2.75839322951523
1.64266666666667,-2.91651437348985,-2.69393038578929,-2.79435581348334,-2.73769344371235
1.643,-2.89400450386296,-2.67370360576115,-2.77344486172368,-2.71721392590475
1.64333333333333,-2.87174040443991,-2.65369372371305,-2.75275392480267,-2.69695183847022
1.64366666666667,-2.84971882967243,-2.63389789806695,-2.73228023519362,-2.67690438417548
1.644,-2.82793658134499,-2.61431332905713,-2.71202106286642,-2.65706880560732
1.64433333333333,-2.80639050789113,-2.59493725809525,-2.69197371482159,-2.63744238460891
1.64466666666667,-2.78507750371669,-2.57576696714384,-2.67213553462647,-2.61802244172216
1.645,-2.76399450853057,-2.55679977809836,-2.65250390195377,-2.59880633563617
1.64533333333333,-2.74313850668253,-2.53803305217738,-2.63307623212274,-2.57979146264144
1.64566666666667,-2.72250652650851,-2.51946418932106,-2.61384997564266,-2.56097525609022
1.646,-2.70209563968334,-2.50109062759792,-2.59482261775957,-2.54235518586294
1.64633333333333,-2.68190296058111,-2.48290984262001,-2.57599167800592,-2.52392875784088
1.64666666666667,-2.66192564564286,-2.46491934696585,-2.55735470975332,-2.50569351338478
1.647,-2.64216089275215,-2.44711668961195,-2.5389092997688,-2.48764702881991
1.64733333333333,-2.62260594061813,-2.42949945537211,-2.52065306777437,-2.46978691492708
1.64766666666667,-2.60325806816624,-2.41206526434481,-2.50258366601029,-2.4521108164402
1.648,-2.58411459393661,-2.3948117713686,-2.48469877880184,-2.43461641154961
1.64833333333333,-2.56517287549028,-2.37773666548545,-2.46699612213021,-2.41730141141219
1.64866666666667,-2.54643030882281,-2.36083766941167,-2.44947344320681,-2.40016355966713
1.649,-2.52788432778576,-2.34411253901695,-2.43212852005196,-2.38320063195839
1.64933333333333,-2.50953240351583,-2.32755906281082,-2.41495916107732,-2.36641043546297
1.64966666666667,-2.49137204387138,-2.31117506143681,-2.39796320467248,-2.34979080842559
1.65,-2.47340079287688,-2.2949583871742,-2.38113851879574,-2.33333961969944
1.65033333333333,-2.45561623017468,-2.27890692344723,-2.36448300056908,-2.31705476829308
1.65066666666667,-2.43801597048434,-2.26301858434157,-2.34799457587722,-2.3009341829233
1.651,-2.42059766306956,-2.24729131412829,-2.33167119897116,-2.28497582157426
1.65133333333333,-2.40335899121246,-2.23172308679497,-2.31551085207587,-2.26917767106246
1.65166666666667,-2.38629767169527,-2.21631190558389,-2.29951154500239,-2.25353774660778
1.652,-2.36941145428926,-2.20105580253739,-2.28367131476417,-2.23805409141041
1.65233333333333,-2.35269812125126,-2.18595283805024,-2.26798822519798,-2.22272477623381
1.65266666666667,-2.33615548682695,-2.17100110042869,-2.25246036658891,-2.20754789899324
1.653,-2.31978139676176,-2.15619870545663,-2.2370858553,-2.19252158435042
1.65333333333333,-2.30357372781862,-2.14154379596827,-2.22186283340621,-2.17764398331372
1.65366666666667,-2.28753038730275,-2.12703454142751,-2.20678946833258,-2.16291327284407
1.654,-2.27164931259352,-2.11266913751391,-2.19186395249707,-2.14832765546664
1.65433333333333,-2.25592847068326,-2.09844580571513,-2.17708450295758,-2.13388535888802
1.65466666666667,-2.24036585772271,-2.0843627929257,-2.16244936106339,-2.11958463561892
1.655,-2.2249594985734,-2.07041837105214,-2.14795679211096,-2.1054237626024
1.65533333333333,-2.20970744636672,-2.05661083662428,-2.13360508500413,-2.09140104084756
1.65566666666667,-2.19460778206944,-2.04293851041275,-2.11939255191848,-2.07751479506847
1.656,-2.17965861405608,-2.02939973705247,-2.10531752797022,-2.06376337332859
1.65633333333333,-2.16485807768745,-2.01599288467211,-2.09137837088916,-2.05014514669025
1.65666666666667,-2.15020433489569,-2.00271634452946,-2.07757346069608,-2.03665850886945
1.657,-2.13569557377578,-1.98956853065256,-2.06390119938425,-2.02330187589579
1.65733333333333,-2.12133000818306,-1.97654787948659,-2.05036001060521,-2.01007368577742
1.65766666666667,-2.10710587733707,-1.96365284954635,-2.03694833935874,-1.99697239817097
1.658,-2.0930214454314,-1.95088192107427,-2.02366465168686,-1.98399649405651
1.65833333333333,-2.07907500124963,-1.93823359570402,-2.01050743437218,-1.9711444754174
1.65866666666667,-2.06526485778713,-1.92570639612929,-1.99747519464008,-1.9584148649249
1.659,-2.05158935187881,-1.91329886577807,-1.9845664598651,-1.94580620562758
1.65933333333333,-2.03804684383256,-1.90100956849212,-1.97177977728139,-1.93331706064547
1.65966666666667,-2.02463571706839,-1.88883708821143,-1.9591137136969,-1.92094601286876
1.66,-2.0113543777633,-1.87678002866401,-1.94656685521183,-1.9086916646612
1.66033333333333,-1.99820125450167,-1.86483701306048,-1.9341378069408,-1.89655263756802
1.66066666666667,-1.98517479793099,-1.85300668379366,-1.92182519273892,-1.88452757202809
1.661,-1.97227348042323,-1.84128770214298,-1.90962765493173,-1.87261512709088
1.66133333333333,-1.95949579574129,-1.82967874798368,-1.8975438540489,-1.8608139801374
1.66166666666667,-1.94684025871087,-1.81817851950065,-1.88557246856172,-1.84912282660557
1.662,-1.93430540489745,-1.80678573290701,-1.87371219462432,-1.83754037971988
1.66233333333333,-1.9218897902884,-1.79549912216711,-1.86196174581851,-1.82606537022512
1.66266666666667,-1.90959199098,-1.78431743872405,-1.85031985290225,-1.81469654612421
1.663,-1.89741060286959,-1.77323945123164,-1.83878526356181,-1.80343267242013
1.66333333333333,-1.88534424135254,-1.76226394529069,-1.82735674216746,-1.79227253086186
1.66366666666667,-1.87339154102389,-1.75138972318956,-1.81603306953256,-1.78121491969418
1.664,-1.86155115538492,-1.74061560364884,-1.80481304267624,-1.77025865341137
1.66433333333333,-1.84982175655439,-1.7299404215704,-1.79369547458957,-1.75940256251486
1.66466666666667,-1.83820203498407,-1.71936302779012,-1.78267919400485,-1.74864549327435
1.665,-1.82669069917929,-1.70888228883504,-1.77176304516863,-1.73798630749302
1.66533333333333,-1.81528647542349,-1.69849708668417,-1.76094588761772,-1.72742388227607
1.66566666666667,-1.80398810750744,-1.68820631853325,-1.75022659595864,-1.71695710980306
1.666,-1.79279435646267,-1.67800889656337,-1.73960405965022,-1.70658489710366
1.66633333333333,-1.78170400029924,-1.66790374771329,-1.72907718278946,-1.69630616583709
1.66666666666667,-1.7707158337476,-1.65788981345551,-1.71864488390045,-1.68611985207479
1.667,-1.7598286680046,-1.64796604957585,-1.70830609572645,-1.67602490608656
1.66733333333333,-1.74904133048372,-1.63813142595673,-1.69805976502505,-1.66602029213016
1.66766666666667,-1.73835266456901,-1.62838492636389,-1.68790485236625,-1.65610498824392
1.668,-1.72776152937323,-1.61872554823663,-1.6778403319337,-1.64627798604299
1.66833333333333,-1.71726679949979,-1.60915230248138,-1.66786519132871,-1.63653829051835
1.66866666666667,-1.70686736480836,-1.59966421326858,-1.65797843137724,-1.62688491983925
1.669,-1.69656213018445,-1.59026031783296,-1.64817906593978,-1.61731690515865
1.66933333333333,-1.6863500153126,-1.58093966627708,-1.63846612172405,-1.60783329042176
1.66966666666667,-1.67622995445312,-1.5717013213778,-1.62883863810042,-1.59843313217741
1.67,-1.66620089622255,-1.56254435839617,-1.61929566692012,-1.58911549939259
1.67033333333333,-1.65626180337756,-1.55346786489024,-1.60983627233626,-1.57987947326979
1.67066666666667,-1.6464116526023,-1.54447094053094,-1.60045953062729,-1.57072414706715
1.671,-1.63664943429924,-1.53555269692091,-1.59116453002336,-1.56164862592155
1.67133333333333,-1.62697415238328,-1.52671225741625,-1.58195037053511,-1.55265202667436
1.67166666666667,-1.61738482407923,-1.51794875695125,-1.57281616378504,-1.54373347769998
1.672,-1.60788047972241,-1.50926134186573,-1.56376103284145,-1.53489211873702
1.67233333333333,-1.59846016256271,-1.50064916973546,-1.55478411205489,-1.52612710072223
1.67266666666667,-1.58912292857145,-1.49211140920503,-1.54588454689698,-1.51743758562686
1.673,-1.57986784625158,-1.48364723982357,-1.53706149380167,-1.50882274629569
1.67333333333333,-1.57069399645087,-1.47525585188312,-1.52831412000901,-1.50028176628864
1.67366666666667,-1.56160047217801,-1.46693644625951,-1.51964160341103,-1.49181383972468
1.674,-1.55258637842176,-1.45868823425586,-1.51104313240018,-1.48341817112836
1.67433333333333,-1.54365083197291,-1.45051043744864,-1.50251790571989,-1.47509397527861
1.67466666666667,-1.53479296124917,-1.44240228753605,-1.4940651323174,-1.46684047705998
1.675,-1.52601190612273,-1.43436302618898,-1.48568403119888,-1.45865691131617
1.67533333333333,-1.5173068177508,-1.42639190490436,-1.47737383128667,-1.4505425227059
1.67566666666667,-1.50867685840859,-1.4184881848607,-1.46913377127865,-1.44249656556093
1.676,-1.50012120132517,-1.41065113677615,-1.4609630995098,-1.4345183037464
1.67633333333333,-1.49163903052184,-1.4028800407687,-1.45286107381577,-1.4266070105233
1.67666666666667,-1.48322954065312,-1.39517418621862,-1.44482696139855,-1.41876196841309
1.677,-1.47489193685029,-1.38753287163317,-1.43686003869413,-1.41098246906444
1.67733333333333,-1.46662543456735,-1.37995540451341,-1.42895959124222,-1.40326781312201
1.67766666666667,-1.45842925942953,-1.37244110122317,-1.42112491355784,-1.39561731009736
1.678,-1.45030264708413,-1.36498928686001,-1.41335530900489,-1.38803027824173
1.67833333333333,-1.44224484305385,-1.35759929512847,-1.40565008967167,-1.38050604442101
1.67866666666667,-1.43425510259229,-1.350270468215,-1.39800857624818,-1.37304394399238
1.679,-1.42633269054187,-1.3430021566652,-1.39043009790533,-1.36564332068313
1.67933333333333,-1.41847688119398,-1.3357937192628,-1.38291399217597,-1.35830352647117
1.67966666666667,-1.41068695815133,-1.32864452291065,-1.37545960483769,-1.35102392146753
1.68,-1.40296221419247,-1.32155394251355,-1.36806628979739,-1.34380387380057
1.68033333333333,-1.39530195113856,-1.31452136086303,-1.36073340897758,-1.33664275950208
1.68066666666667,-1.38770547972205,-1.30754616852379,-1.35346033220442,-1.32953996239509
1.681,-1.38017211945766,-1.30062776372209,-1.34624643709738,-1.32249487398339
1.68133333333333,-1.3727011985153,-1.29376555223585,-1.33909110896066,-1.31550689334289
1.68166666666667,-1.36529205359492,-1.28695894728644,-1.33199374067615,-1.30857542701446
1.682,-1.35794402980347,-1.28020736943223,-1.324953732598,-1.30169988889857
1.68233333333333,-1.35065648053379,-1.27351024646381,-1.31797049244891,-1.29487970015158
1.68266666666667,-1.34342876734528,-1.26686701330082,-1.31104343521775,-1.28811428908348
1.683,-1.33626025984659,-1.26027711189046,-1.30417198305893,-1.28140309105734
1.68333333333333,-1.32915033558012,-1.25373999110755,-1.29735556519315,-1.27474554839025
1.68366666666667,-1.32209837990824,-1.24725510665612,-1.29059361780969,-1.26814111025579
1.684,-1.31510378590148,-1.24082192097268,-1.28388558397013,-1.261589232588
1.68433333333333,-1.3081659542283,-1.23443990313084,-1.27723091351358,-1.25508937798685
1.68466666666667,-1.30128429304668,-1.22810852874755,-1.27062906296325,-1.24864101562512
1.685,-1.29445821789742,-1.22182727989067,-1.26407949543446,-1.24224362115673
1.68533333333333,-1.28768715159904,-1.21559564498817,-1.25758168054404,-1.23589667662648
1.68566666666667,-1.2809705241444,-1.20941311873852,-1.25113509432101,-1.22959967038113
1.686,-1.27430777259886,-1.20327920202268,-1.24473921911871,-1.22335209698193
1.68633333333333,-1.26769834100012,-1.19719340181734,-1.23839354352815,-1.21715345711839
1.68666666666667,-1.26114168025953,-1.1911552311095,-1.23209756229268,-1.21100325752338
1.687,-1.25463724806498,-1.18516420881243,-1.22585077622394,-1.20490101088958
1.68733333333333,-1.24818450878535,-1.17921985968297,-1.21965269211905,-1.19884623578719
1.68766666666667,-1.24178293337634,-1.17332171423994,-1.21350282267907,-1.19283845658282
1.688,-1.23543199928784,-1.16746930868402,-1.2074006864286,-1.18687720335969
1.68833333333333,-1.22913119037273,-1.16166218481873,-1.20134580763664,-1.18096201183906
1.68866666666667,-1.22287999679706,-1.15589988997266,-1.19533771623864,-1.1750924233027
1.689,-1.21667791495165,-1.15018197692293,-1.18937594775961,-1.16926798451679
1.68933333333333,-1.21052444736505,-1.14450800381978,-1.18346004323848,-1.16348824765668
1.68966666666667,-1.20441910261783,-1.13887753411235,-1.17758954915352,-1.15775277023305
1.69,-1.19836139525822,-1.13329013647561,-1.17176401734889,-1.152061115019
1.69033333333333,-1.19235084571906,-1.12774538473836,-1.16598300496225,-1.14641284997833
1.69066666666667,-1.1863869802359,-1.12224285781239,-1.16024607435348,-1.1408075481949
1.691,-1.18046933076663,-1.11678213962266,-1.15455279303442,-1.135244787803
1.69133333333333,-1.17459743491204,-1.11136281903866,-1.14890273359966,-1.12972415191885
1.69166666666667,-1.1687708358378,-1.10598448980662,-1.14329547365837,-1.12424522857302
1.692,-1.16298908219757,-1.10064675048301,-1.13773059576707,-1.11880761064399
1.69233333333333,-1.15725172805729,-1.09534920436878,-1.13220768736349,-1.11341089579259
1.69266666666667,-1.15155833282062,-1.09009145944485,-1.12672634070135,-1.10805468639752
1.693,-1.14590846115555,-1.08487312830838,-1.12128615278602,-1.10273858949176
1.69333333333333,-1.1403016829221,-1.07969382811014,-1.1158867253113,-1.09746221669997
1.69366666666667,-1.13473757310113,-1.07455318049275,-1.11052766459698,-1.09222518417682
1.694,-1.12921571172423,-1.06945081152987,-1.10520858152739,-1.0870271125462
1.69433333333333,-1.12373568380468,-1.06438635166636,-1.09992909149081,-1.08186762684142
1.69466666666667,-1.1182970792695,-1.05935943565928,-1.09468881431977,-1.07674635644621
1.695,-1.11289949289245,-1.05436970251977,-1.0894873742323,-1.07166293503668
1.69533333333333,-1.10754252422806,-1.04941679545589,-1.0843243997739,-1.06661700052403
1.69566666666667,-1.10222577754677,-1.0445003618162,-1.07919952376049,-1.06160819499823
1.696,-1.0969488617709,-1.03962005303431,-1.07411238322208,-1.05663616467246
1.69633333333333,-1.09171139041167,-1.03477552457417,-1.06906261934739,-1.05170055982841
1.69666666666667,-1.08651298150713,-1.0299664358762,-1.06404987742911,-1.04680103476231
1.697,-1.08135325756109,-1.02519245030423,-1.05907380681012,-1.04193724773191
1.69733333333333,-1.0762318454829,-1.02045323509327,-1.05413406083037,-1.03710886090408
1.69766666666667,-1.07114837652814,-1.01574846129799,-1.04923029677461,-1.03231554030325
1.698,-1.06610248624026,-1.01107780374201,-1.04436217582082,-1.02755695576065
1.69833333333333,-1.06109381439301,-1.00644094096792,-1.03952936298942,-1.02283278086418
1.69866666666667,-1.0561220049338,-1.00183755518811,-1.03473152709321,-1.01814269290917
1.699,-1.0511867059279,-0.997267332236183,-1.02996834068802,-1.01348637284973
1.69933333333333,-1.0462875695034,-0.992729961519263,-1.02523948002409,-1.00886350525086
1.69966666666667,-1.0414242517971,-0.988225135970866,-1.02054462499813,-1.00427377824125
1.7,-1.03659641290112,-0.983752552004566,-1.01588345910611,-0.999716883466816
1.70033333333333,-1.03180371681033,-0.979311909468272,-1.01125566939664,-0.995192516044845
1.70066666666667,-1.02704583137058,-0.974902911599224,-1.00666094642516,-0.990700374518835
1.701,-1.02232242822769,-0.970525264979631,-1.00209898420864,-0.986240160814018
1.70133333333333,-1.01763318277717,-0.96617867949296,-0.997569480181033,-0.981811580193477
1.70166666666667,-1.0129777741147,-0.961862868280882,-0.993072135149327,-0.977414341214942
1.702,-1.00835588498735,-0.957577547700817,-0.988606653250211,-0.973048155688181
1.70233333333333,-1.00376720174553,-0.953322437284148,-0.984172741907403,-0.968712738633056
1.70266666666667,-0.999211414295613,-0.949097259694982,-0.979770111789539,-0.964407808238106
1.703,-0.994688216053253,-0.944901740689577,-0.975398476768692,-0.9601330858198
1.70333333333333,-0.990197303897456,-0.94073560907631,-0.971057553879485,-0.955888295782353
1.70366666666667,-0.985738378125233,-0.936598596676252,-0.966747063278755,-0.951673165578097
1.704,-0.981311142407004,-0.93249043828433,-0.962466728205834,-0.947487425668458
1.70433333333333,-0.976915303742572,-0.928410871630983,-0.958216274943345,-0.943330809485464
1.70466666666667,-0.972550572417814,-0.924359637344484,-0.953995432778594,-0.939203053393832
1.705,-0.968216661961948,-0.920336478913688,-0.949803933965476,-0.935103896653552
1.70533333333333,-0.963913289105464,-0.916341142651426,-0.945641513686968,-0.931033081383085
1.70566666666667,-0.959640173738642,-0.912373377658331,-0.941507910018082,-0.92699035252298
1.706,-0.955397038870685,-0.908432935787253,-0.937402863889391,-0.922975457800108
1.70633333333333,-0.951183610589432,-0.904519571608176,-0.933326119051074,-0.918988147692355
1.70666666666667,-0.946999618021673,-0.900633042373581,-0.929277422037412,-0.915028175393811
1.707,-0.94284479329403,-0.896773107984398,-0.92525652213187,-0.911095296780492
1.70733333333333,-0.938718871494393,-0.892939530956366,-0.92126317133256,-0.907189270376502
1.70766666666667,-0.934621590633948,-0.889132076386922,-0.9172971243183,-0.903309857320706
1.708,-0.930552691609685,-0.885350511922527,-0.913358138415047,-0.899456821333876
1.70833333333333,-0.926511918167542,-0.881594607726491,-0.909445973562893,-0.895629928686266
1.70866666666667,-0.922499016865968,-0.877864136447243,-0.905560392283448,-0.891828948165691
1.709,-0.918513737040106,-0.874158873187031,-0.90170115964771,-0.888053651046012
1.70933333333333,-0.914555830766458,-0.870478595471122,-0.897868043244393,-0.884303811056108
1.70966666666667,-0.910625052827994,-0.866823083217355,-0.894060813148653,-0.880579204349235
1.71,-0.906721160679875,-0.863192118706217,-0.890279241891317,-0.876879609472859
1.71033333333333,-0.902843914415565,-0.859585486551264,-0.886523104428462,-0.873204807338896
1.71066666666667,-0.898993076733485,-0.856002973670018,-0.882792178111486,-0.869554581194352
1.711,-0.895168412904097,-0.85244436925521,-0.879086242657524,-0.865928716592374
1.71133333333333,-0.891369690737528,-0.848909464746531,-0.875405080120352,-0.862327001363771
1.71166666666667,-0.887596680551551,-0.845398053802643,-0.871748474861617,-0.858749225588811
1.712,-0.883849155140108,-0.841909932273702,-0.868116213522508,-0.855195181569519
1.71233333333333,-0.880126889742249,-0.838444898174214,-0.864508084995815,-0.851664663802312
1.71266666666667,-0.876429662011486,-0.835002751656245,-0.860923880398352,-0.848157468951014
1.713,-0.87275725198562,-0.831583294983081,-0.857363393043781,-0.844673395820254
1.71333333333333,-0.869109442056971,-0.828186332503175,-0.853826418415794,-0.841212245329225
1.71366666666667,-0.865486016943022,-0.824811670624508,-0.850312754141667,-0.837773820485822
1.714,-0.861886763657485,-0.821459117789289,-0.846822199966171,-0.834357926361097
1.71433333333333,-0.85831147148179,-0.81812848444901,-0.843354557725863,-0.830964370064132
1.71466666666667,-0.854759931936933,-0.814819583039838,-0.839909631323689,-0.827592960717186
1.715,-0.851231938755744,-0.811532227958358,-0.836487226703968,-0.824243509431233
1.71533333333333,-0.847727287855571,-0.808266235537658,-0.833087151827709,-0.820915829281815
1.71566666666667,-0.844245777311264,-0.805021424023722,-0.829709216648225,-0.817609735285231
1.716,-0.840787207328629,-0.801797613552178,-0.826353233087158,-0.814325044375051
1.71633333333333,-0.837351380218177,-0.798594626125317,-0.823019015010737,-0.811061575378944
1.71666666666667,-0.833938100369299,-0.795412285589511,-0.819706378206445,-0.807819148995847
1.717,-0.830547174224734,-0.792250417612833,-0.81641514035992,-0.804597587773408
1.71733333333333,-0.827178410255456,-0.789108849663087,-0.813145121032234,-0.801396716085752
1.71766666666667,-0.823831618935877,-0.785987410986076,-0.809896141637439,-0.798216360111581
1.718,-0.820506612719358,-0.782885932584173,-0.806668025420431,-0.795056347812511
1.71833333333333,-0.817203206014145,-0.779804247195221,-0.803460597435127,-0.791916508911746
1.71866666666667,-0.813921215159558,-0.776742189271675,-0.80027368452288,-0.788796674873033
1.719,-0.810660458402524,-0.773699594960038,-0.797107115291247,-0.78569667887988
1.71933333333333,-0.807420755874486,-0.770676302080627,-0.793960720093024,-0.782616355815097
1.71966666666667,-0.804201929568536,-0.767672150107536,-0.79083433100554,-0.779555542240569
1.72,-0.801003803316948,-0.764686980148917,-0.787727781810226,-0.77651407637731
1.72033333333333,-0.797826202768973,-0.761720634927526,-0.784640907972506,-0.773491798085816
1.72066666666667,-0.794668955368939,-0.758772958761515,-0.781573546621902,-0.770488548846646
1.721,-0.791531890334657,-0.755843797545491,-0.778525536532418,-0.76750417174127
1.72133333333333,-0.788414838636134,-0.752932998731848,-0.775496718103211,-0.764538511433201
1.72166666666667,-0.785317632974561,-0.750040411312305,-0.77248693333948,-0.761591414149341
1.722,-0.782240107761563,-0.747165885799745,-0.769496025833631,-0.758662727661588
1.72233333333333,-0.779182099098805,-0.744309274210261,-0.766523840746698,-0.755752301268706
1.72266666666667,-0.776143444757769,-0.741470430045463,-0.763570224789996,-0.752859985778428
1.723,-0.773123984159906,-0.738649208274991,-0.760635026207002,-0.749985633489758
1.72333333333333,-0.770123558356981,-0.735845465319314,-0.757718094755512,-0.747129098175585
1.72366666666667,-0.767142010011729,-0.733059059032698,-0.75481928169001,-0.744290235065451
1.724,-0.764179183378734,-0.730289848686448,-0.751938439744251,-0.741468900828588
1.72433333333333,-0.761234924285623,-0.727537694952356,-0.749075423114142,-0.738664953557181
1.72466666666667,-0.758309080114439,-0.724802459886357,-0.746230087440738,-0.73587825274983
1.725,-0.755401499783308,-0.722084006912408,-0.74340228979357,-0.733108659295232
1.72533333333333,-0.752512033728364,-0.71938220080661,-0.740591888654125,-0.73035603545612
1.72566666666667,-0.749640533885872,-0.716696907681487,-0.737798743899565,-0.727620244853345
1.726,-0.746786853674615,-0.714027994970507,-0.735022716786638,-0.724901152450203
1.72633333333333,-0.743950847978536,-0.711375331412809,-0.732263669935842,-0.722198624537
1.72666666666667,-0.741132373129547,-0.708738787038116,-0.729521467315744,-0.719512528715737
1.727,-0.738331286890642,-0.706118233151837,-0.726795974227531,-0.716842733885078
1.72733333333333,-0.735547448439204,-0.703513542320414,-0.724087057289765,-0.714189110225466
1.72766666666667,-0.732780718350486,-0.700924588356781,-0.721394584423327,-0.711551529184437
1.728,-0.730030958581399,-0.698351246306096,-0.718718424836531,-0.708929863462141
1.72833333333333,-0.727298032454449,-0.695793392431606,-0.7160584490105,-0.706323986997055
1.72866666666667,-0.7245818046419,-0.693250904200703,-0.713414528684634,-0.703733774951839
1.729,-0.721882141150163,-0.690723660271189,-0.710786536842367,-0.701159103699425
1.72933333333333,-0.719198909304381,-0.688211540477691,-0.708174347697017,-0.698599850809286
1.72966666666667,-0.71653197773319,-0.685714425818251,-0.705577836677887,-0.696055895033807
1.73,-0.713881216353727,-0.683232198441125,-0.702996880416498,-0.693527116294937
1.73033333333333,-0.711246496356806,-0.680764741631715,-0.700431356733017,-0.691013395670949
1.73066666666667,-0.708627690192293,-0.678311939799678,-0.697881144622873,-0.688514615383368
1.731,-0.706024671554654,-0.675873678466218,-0.695346124243511,-0.686030658784107
1.73133333333333,-0.703437315368741,-0.673449844251521,-0.692826176901349,-0.683561410342726
1.73166666666667,-0.70086549777571,-0.67104032486238,-0.690321185038862,-0.681106755633879
1.732,-0.69830909611914,-0.668645009079934,-0.687831032221886,-0.678666581324914
1.73233333333333,-0.695767988931353,-0.666263786747614,-0.68535560312702,-0.67624077516363
1.73266666666667,-0.693242055919872,-0.663896548759206,-0.682894783529236,-0.673829225966187
1.733,-0.690731177954096,-0.661543187047081,-0.680448460289625,-0.671431823605176
1.73333333333333,-0.688235237052116,-0.659203594570591,-0.6780165213433,-0.669048458997861
1.73366666666667,-0.685754116367721,-0.65687766530458,-0.675598855687459,-0.66667902409451
1.734,-0.683287700177537,-0.654565294228057,-0.673195353369586,-0.664323411866929
1.73433333333333,-0.6808358738684,-0.652266377313025,-0.670805905475814,-0.661981516297136
1.73466666666667,-0.678398523924813,-0.649980811513454,-0.668430404119433,-0.659653232366152
1.735,-0.675975537916612,-0.647708494754346,-0.666068742429519,-0.657338456042952
1.73533333333333,-0.673566804486781,-0.645449325920998,-0.663720814539754,-0.655037084273542
1.73566666666667,-0.671172213339408,-0.643203204848371,-0.661386515577329,-0.6527490149702
1.736,-0.668791655227815,-0.640970032310605,-0.65906574165203,-0.650474147000816
1.73633333333333,-0.66642502194284,-0.638749710010648,-0.656758389845445,-0.648212380178393
1.73666666666667,-0.66407220630123,-0.636542140570029,-0.654464358200301,-0.645963615250676
1.737,-0.661733102134226,-0.634347227518769,-0.652183545709926,-0.643727753889887
1.73733333333333,-0.659407604276296,-0.63216487528539,-0.649915852307885,-0.641504698682621
1.73766666666667,-0.657095608553968,-0.629994989187092,-0.647661178857687,-0.639294353119865
1.738,-0.654797011774824,-0.627837475419995,-0.64541942714265,-0.637096621587084
1.73833333333333,-0.652511711716661,-0.625692241049565,-0.643190499855907,-0.634911409354549
1.73866666666667,-0.650239607116746,-0.623559194001104,-0.640974300590494,-0.632738622567623
1.739,-0.647980597661231,-0.621438243050404,-0.638770733829597,-0.63057816823734
1.73933333333333,-0.645734583974711,-0.619329297814496,-0.636579704936906,-0.628429954230959
1.73966666666667,-0.643501467609868,-0.6172322687425,-0.63440112014709,-0.626293889262729
1.74,-0.641281151037301,-0.615147067106615,-0.632234886556372,-0.624169882884704
1.74033333333333,-0.639073537635454,-0.613073604993216,-0.630080912113253,-0.62205784547773
1.74066666666667,-0.636878531680664,-0.611011795294044,-0.627939105609337,-0.619957688242483
1.741,-0.634696038337339,-0.608961551697507,-0.625809376670234,-0.617869323190659
1.74133333333333,-0.632525963648299,-0.606922788680126,-0.623691635746637,-0.615792663136266
1.74166666666667,-0.630368214525148,-0.604895421498031,-0.621585794105454,-0.613727621687005
1.742,-0.628222698738847,-0.602879366178582,-0.619491763821074,-0.611674113235774
1.74233333333333,-0.626089324910402,-0.600874539512142,-0.61740945776675,-0.609632052952275
1.74266666666667,-0.623968002501571,-0.598880859043844,-0.615338789606047,-0.607601356774703
1.743,-0.621858641805836,-0.596898243065572,-0.613279673784435,-0.60558194140156
1.74333333333333,-0.619761153939357,-0.59492661060798,-0.611232025520969,-0.603573724283571
1.74366666666667,-0.617675450832099,-0.592965881432592,-0.609195760800061,-0.601576623615672
1.744,-0.615601445219059,-0.591015976024056,-0.607170796363361,-0.599590558329111
1.74433333333333,-0.613539050631611,-0.58907681558245,-0.605157049701737,-0.597615448083663
1.74466666666667,-0.61148818138893,-0.587148322015683,-0.603154439047353,-0.595651213259888
1.745,-0.609448752589537,-0.585230417932013,-0.601162883365828,-0.593697774951551
1.74533333333333,-0.607420680102965,-0.583323026632634,-0.599182302348516,-0.591755054958076
1.74566666666667,-0.605403880561492,-0.58142607210435,-0.597212616404843,-0.589822975777115
1.746,-0.603398271352002,-0.579539479012363,-0.595253746654777,-0.587901460597209
1.74633333333333,-0.60140377060793,-0.577663172693119,-0.593305614921356,-0.585990433290533
1.74666666666667,-0.59942029720133,-0.575797079147258,-0.591368143723321,-0.584089818405723
1.747,-0.59744777073499,-0.573941125032644,-0.589441256267825,-0.582199541160794
1.74733333333333,-0.595486111534703,-0.572095237657476,-0.587524876443252,-0.58031952743615
1.74766666666667,-0.593535240641587,-0.570259344973481,-0.58561892881209,-0.578449703767652
1.748,-0.591595079804516,-0.568433375569198,-0.58372333860392,-0.576589997339804
1.74833333333333,-0.589665551472651,-0.566617258663333,-0.58183803170847,-0.574740335978999
1.74866666666667,-0.58774657878803,-0.564810924098194,-0.579962934668752,-0.572900648146837
1.749,-0.585838085578292,-0.563014302333207,-0.578097974674279,-0.571070862933551
1.74933333333333,-0.583939996349448,-0.561227324438507,-0.576243079554386,-0.569250910051478
1.74966666666667,-0.582052236278768,-0.559449922088623,-0.574398177771595,-0.567440719828649
1.75,-0.580174731207721,-0.557682027556187,-0.57256319841507,-0.565640223202389
1.75033333333333,-0.578307407635051,-0.55592357370579,-0.570738071194176,-0.56384935171308
1.75066666666667,-0.576450192709883,-0.554174493987844,-0.568922726432079,-0.56206803749791
1.751,-0.574603014224928,-0.552434722432569,-0.567117095059415,-0.560296213284763
1.75133333333333,-0.572765800609802,-0.550704193644005,-0.565321108608099,-0.558533812386141
1.75166666666667,-0.570938480924364,-0.548982842794142,-0.563534699205106,-0.556780768693175
1.752,-0.569120984852203,-0.547270605617064,-0.561757799566418,-0.555037016669707
1.75233333333333,-0.567313242694131,-0.54556741840322,-0.559990342990988,-0.553302491346423
1.75266666666667,-0.565515185361815,-0.543873217993725,-0.558232263354792,-0.551577128315079
1.753,-0.563726744371437,-0.542187941774727,-0.556483495104942,-0.549860863722786
1.75333333333333,-0.56194785183747,-0.540511527671868,-0.554743973253873,-0.548153634266346
1.75366666666667,-0.5601784404665,-0.538843914144773,-0.553013633373614,-0.546455377186675
1.754,-0.558418443551118,-0.537185040181636,-0.551292411590084,-0.544766030263277
1.75433333333333,-0.55666779496391,-0.535534845293855,-0.549580244577501,-0.543085531808806
1.75466666666667,-0.554926429151503,-0.533893269510712,-0.547877069552816,-0.541413820663655
1.755,-0.553194281128657,-0.532260253374162,-0.546182824270248,-0.53975083619062
1.75533333333333,-0.551471286472491,-0.530635737933621,-0.54449744701585,-0.538096518269655
1.75566666666667,-0.549757381316692,-0.529019664740882,-0.542820876602158,-0.536450807292656
1.756,-0.548052502345867,-0.527411975845013,-0.541153052362891,-0.534813644158286
1.75633333333333,-0.546356586789918,-0.525812613787388,-0.539493914147717,-0.533184970266937
1.75666666666667,-0.544669572418485,-0.524221521596733,-0.53784340231708,-0.531564727515657
1.757,-0.542991397535484,-0.522638642784222,-0.53620145773708,-0.529952858293195
1.75733333333333,-0.54132200097367,-0.521063921338685,-0.534568021774431,-0.528349305475089
1.75766666666667,-0.539661322089293,-0.519497301721781,-0.532943036291434,-0.526754012418803
1.758,-0.538009300756787,-0.517938728863319,-0.53132644364106,-0.525166922958919
1.75833333333333,-0.536365877363561,-0.516388148156573,-0.529718186662058,-0.523587981402397
1.75866666666667,-0.534730992804807,-0.514845505453671,-0.528118208674121,-0.522017132523881
1.759,-0.533104588478392,-0.513310747061033,-0.526526453473108,-0.520454321561047
1.75933333333333,-0.531486606279824,-0.511783819734863,-0.52494286532634,-0.518899494210035
1.75966666666667,-0.529876988597217,-0.510264670676702,-0.523367388967904,-0.517352596620889
1.76,-0.528275678306397,-0.508753247528998,-0.521799969594074,-0.515813575393088
1.76033333333333,-0.526682618765991,-0.507249498370771,-0.520240552858726,-0.514282377571115
1.76066666666667,-0.525097753812617,-0.505753371713296,-0.518689084868821,-0.512758950640071
1.761,-0.523521027756106,-0.504264816495848,-0.517145512179975,-0.511243242521322
1.76133333333333,-0.521952385374798,-0.50278378208149,-0.515609781792017,-0.509735201568247
1.76166666666667,-0.520391771910871,-0.501310218252916,-0.514081841144658,-0.508234776561986
1.762,-0.518839133065734,-0.49984407520832,-0.512561638113157,-0.506741916707232
1.76233333333333,-0.517294414995483,-0.498385303557345,-0.511049121004072,-0.505256571628131
1.76266666666667,-0.515757564306379,-0.496933854317045,-0.509544238551046,-0.503778691364144
1.763,-0.514228528050412,-0.495489678907921,-0.508046939910623,-0.502308226366022
1.76333333333333,-0.512707253720895,-0.494052729149973,-0.506557174658161,-0.5008451274918
1.76366666666667,-0.511193689248108,-0.492622957258819,-0.505074892783718,-0.499389346002826
1.764,-0.509687782994998,-0.491200315841845,-0.503600044688046,-0.497940833559861
1.76433333333333,-0.508189483752924,-0.489784757894402,-0.50213258117861,-0.496499542219192
1.76466666666667,-0.50669874073746,-0.488376236796052,-0.500672453465635,-0.495065424428815
1.765,-0.505215503584218,-0.486974706306838,-0.499219613158213,-0.493638433024644
1.76533333333333,-0.503739722344759,-0.485580120563613,-0.497774012260452,-0.492218521226766
1.76566666666667,-0.502271347482511,-0.484192434076406,-0.496335603167668,-0.490805642635739
1.766,-0.500810329868746,-0.482811601724811,-0.494904338662605,-0.489399751228928
1.76633333333333,-0.499356620778625,-0.481437578754461,-0.493480171911734,-0.488000801356899
1.76666666666667,-0.49791017188726,-0.480070320773468,-0.492063056461531,-0.48660874773981
1.767,-0.496470935265803,-0.478709783748988,-0.490652946234868,-0.485223545463897
1.76733333333333,-0.49503886337765,-0.477355924003745,-0.489249795527377,-0.483845149977952
1.76766666666667,-0.493613909074595,-0.476008698212656,-0.487853559003916,-0.482473517089867
1.768,-0.492196025593102,-0.474668063399447,-0.486464191695005,-0.481108602963208
1.76833333333333,-0.49078516655058,-0.473333976933347,-0.485081648993383,-0.479750364113827
1.76866666666667,-0.489381285941703,-0.472006396525764,-0.483705886650519,-0.478398757406501
1.769,-0.487984338134778,-0.470685280227062,-0.482336860773218,-0.477053740051625
1.76933333333333,-0.486594277868158,-0.469370586423324,-0.480974527820251,-0.475715269601942
1.76966666666667,-0.485211060246684,-0.468062273833183,-0.479618844599009,-0.474383303949277
1.77,-0.483834640738163,-0.466760301504641,-0.478269768262195,-0.47305780132135
1.77033333333333,-0.482464975169904,-0.465464628811992,-0.476927256304583,-0.471738720278595
1.77066666666667,-0.481102019725276,-0.464175215452716,-0.475591266559761,-0.470426019711013
1.771,-0.4797457309403,-0.462892021444438,-0.474261757196948,-0.469119658835087
1.77133333333333,-0.478396065700295,-0.461615007121922,-0.472938686717839,-0.467819597190704
1.77166666666667,-0.477052981236553,-0.460344133134061,-0.471622013953463,-0.466525794638095
1.772,-0.475716435123039,-0.459079360440962,-0.470311698061109,-0.465238211354865
1.77233333333333,-0.474386385273151,-0.45782065031101,-0.469007698521248,-0.463956807832998
1.77266666666667,-0.473062789936491,-0.456567964317976,-0.467709975134522,-0.462681544875928
1.773,-0.471745607695687,-0.455321264338173,-0.466418488018741,-0.461412383595612
1.77333333333333,-0.470434797463249,-0.454080512547632,-0.465133197605929,-0.460149285409682
1.77366666666667,-0.469130318478447,-0.452845671419293,-0.463854064639376,-0.458892212038579
1.774,-0.467832130304233,-0.451616703720263,-0.462581050170779,-0.457641125502722
1.77433333333333,-0.466540192824194,-0.450393572509054,-0.461314115557323,-0.456395988119759
1.77466666666667,-0.465254466239545,-0.449176241132901,-0.460053222458883,-0.455156762501786
1.775,-0.463974911066132,-0.447964673225075,-0.458798332835201,-0.453923411552615
1.77533333333333,-0.4627014881315,-0.446758832702235,-0.457549408943106,-0.452695898465101
1.77566666666667,-0.461434158571975,-0.445558683761811,-0.45630641333379,-0.451474186718442
1.776,-0.460172883829754,-0.444364190879404,-0.455069308850048,-0.450258240075568
1.77633333333333,-0.458917625650084,-0.443175318806247,-0.453838058623638,-0.449048022580502
1.77666666666667,-0.457668346078411,-0.441992032566624,-0.452612626072582,-0.447843498555793
1.777,-0.456425007457603,-0.440814297455399,-0.451392974898548,-0.446644632599951
1.77733333333333,-0.455187572425181,-0.439642079035515,-0.450179069084254,-0.445451389584915
1.77766666666667,-0.453956003910577,-0.438475343135543,-0.448970872890873,-0.444263734653557
1.778,-0.452730265132438,-0.437314055847241,-0.447768350855489,-0.443081633217183
1.77833333333333,-0.451510319595948,-0.436158183523158,-0.44657146778859,-0.441905050953111
1.77866666666667,-0.450296131090177,-0.435007692774249,-0.445380188771539,-0.440733953802229
1.779,-0.449087663685463,-0.433862550467517,-0.444194479154136,-0.439568307966584
1.77933333333333,-0.447884881730828,-0.432722723723694,-0.443014304552159,-0.438408079907031
1.77966666666667,-0.446687749851388,-0.431588179914913,-0.441839630844932,-0.437253236340869
1.78,-0.445496232945858,-0.430458886662446,-0.440670424172961,-0.436103744239511
1.78033333333333,-0.444310296183994,-0.429334811834445,-0.439506650935537,-0.434959570826194
1.78066666666667,-0.443129905004149,-0.428215923543687,-0.438348277788411,-0.433820683573683
1.781,-0.441955025110793,-0.427102190145389,-0.437195271641462,-0.432687050202043
1.78133333333333,-0.440785622472089,-0.425993580234994,-0.436047599656416,-0.431558638676392
1.78166666666667,-0.439621663317476,-0.42489006264603,-0.434905229244549,-0.430435417204692
1.782,-0.438463114135313,-0.423791606447949,-0.433768128064471,-0.429317354235573
1.78233333333333,-0.437309941670495,-0.422698180944016,-0.432636264019872,-0.428204418456167
1.78266666666667,-0.436162112922135,-0.4216097556692,-0.43150960525735,-0.427096578789964
1.783,-0.435019595141269,-0.420526300388108,-0.430388120164194,-0.42599380439471
1.78333333333333,-0.433882355828543,-0.419447785092927,-0.429271777366272,-0.424896064660298
1.78366666666667,-0.432750362731986,-0.418374180001381,-0.428160545725855,-0.42380332920669
1.784,-0.431623583844749,-0.417305455554721,-0.42705439433953,-0.422715567881878
1.78433333333333,-0.430501987402912,-0.416241582415746,-0.425953292536103,-0.421632750759851
1.78466666666667,-0.429385541883292,-0.415182531466806,-0.424857209874533,-0.420554848138575
1.785,-0.428274216001257,-0.414128273807871,-0.423766116141869,-0.419481830538002
1.78533333333333,-0.427167978708616,-0.413078780754593,-0.422679981351251,-0.418413668698118
1.78566666666667,-0.426066799191457,-0.412034023836381,-0.421598775739874,-0.417350333576978
1.786,-0.424970646868088,-0.410993974794526,-0.420522469767019,-0.416291796348776
1.78633333333333,-0.423879491386938,-0.409958605580325,-0.419451034112093,-0.415238028401947
1.78666666666667,-0.422793302624488,-0.408927888353206,-0.418384439672655,-0.414189001337259
1.787,-0.421712050683262,-0.407901795478923,-0.41732265756253,-0.413144686965964
1.78733333333333,-0.420635705889805,-0.406880299527723,-0.416265659109876,-0.412105057307921
1.78766666666667,-0.419564238792672,-0.405863373272542,-0.415213415855289,-0.411070084589787
1.788,-0.418497620160467,-0.404850989687238,-0.414165899549976,-0.41003974124318
1.78833333333333,-0.41743582097991,-0.403843121944823,-0.413123082153871,-0.4090139999029
1.78866666666667,-0.416378812453861,-0.402839743415715,-0.412084935833798,-0.407992833405133
1.789,-0.415326565999446,-0.401840827666018,-0.4110514329617,-0.406976214785718
1.78933333333333,-0.414279053246135,-0.400846348455813,-0.410022546112809,-0.405964117278373
1.78966666666667,-0.413236246033889,-0.399856279737458,-0.408998248063884,-0.404956514312985
1.79,-0.412198116411284,-0.398870595653915,-0.407978511791455,-0.403953379513907
1.79033333333333,-0.411164636633706,-0.397889270537106,-0.40696331047008,-0.402954686698259
1.79066666666667,-0.410135779161488,-0.396912278906251,-0.405952617470626,-0.401960409874257
1.791,-0.40911151665815,-0.395939595466252,-0.404946406358551,-0.400970523239553
1.79133333333333,-0.408091821988595,-0.394971195106101,-0.403944650892247,-0.399985001179596
1.79166666666667,-0.407076668217365,-0.394007052897244,-0.402947325021326,-0.399003818266019
1.792,-0.406066028606866,-0.393047144092052,-0.401954402885011,-0.398026949255008
1.79233333333333,-0.405059876615674,-0.392091444122228,-0.400965858810454,-0.397054369085736
1.79266666666667,-0.404058185896805,-0.391139928597285,-0.399981667311143,-0.396086052878767
1.793,-0.403060930296011,-0.390192573302989,-0.399001803085292,-0.395121975934506
1.79333333333333,-0.402068083850144,-0.38924935419987,-0.398026241014248,-0.394162113731644
1.79366666666667,-0.401079620785443,-0.388310247421702,-0.397054956160917,-0.393206441925647
1.794,-0.400095515515943,-0.387375229274026,-0.396087923768199,-0.392254936347225
1.79433333333333,-0.399115742641804,-0.386444276232697,-0.395125119257461,-0.391307573000837
1.79466666666667,-0.398140276947732,-0.38551736494239,-0.394166518226994,-0.39036432806321
1.795,-0.397169093401375,-0.384594472215189,-0.393212096450518,-0.389425177881861
1.79533333333333,-0.39620216715174,-0.383675575029161,-0.392261829875658,-0.388490098973652
1.79566666666667,-0.395239473527637,-0.382760650526908,-0.391315694622489,-0.387559068023338
1.796,-0.394280988036125,-0.381849676014218,-0.390373666982046,-0.38663206188215
1.79633333333333,-0.393326686360991,-0.380942628958637,-0.389435723414886,-0.385709057566375
1.79666666666667,-0.392376544361227,-0.380039486988119,-0.388501840549638,-0.384790032255963
1.797,-0.391430538069517,-0.379140227889663,-0.387571995181587,-0.383874963293125
1.79733333333333,-0.390488643690783,-0.378244829607964,-0.386646164271241,-0.382963828180993
1.79766666666667,-0.389550837600677,-0.377353270244091,-0.385724324942968,-0.382056604582219
1.798,-0.388617096344145,-0.376465528054148,-0.384806454483575,-0.381153270317668
1.79833333333333,-0.387687396633982,-0.375581581447995,-0.383892530340972,-0.380253803365068
1.79866666666667,-0.386761715349392,-0.374701408987926,-0.382982530122779,-0.379358181857686
1.799,-0.385840029534591,-0.373824989387412,-0.38207643159501,-0.378466384083033
1.79933333333333,-0.384922316397387,-0.372952301509818,-0.381174212680735,-0.377578388481564
1.79966666666667,-0.384008553307806,-0.372083324367146,-0.380275851458751,-0.376694173645392
1.8,-0.383098717796717,-0.371218037118809,-0.379381326162284,-0.375813718317035
1.80033333333333,-0.382192787554466,-0.370356419070376,-0.378490615177705,-0.374937001388143
1.80066666666667,-0.38129074042953,-0.369498449672355,-0.377603697043227,-0.374064001898256
1.801,-0.380392554427196,-0.368644108519011,-0.376720550447661,-0.373194699033589
1.80133333333333,-0.379498207708217,-0.367793375347132,-0.375841154229148,-0.372329072125774
1.80166666666667,-0.378607678587531,-0.36694623003487,-0.374965487373914,-0.371467100650698
1.802,-0.377720945532945,-0.366102652600551,-0.374093529015047,-0.370608764227261
1.80233333333333,-0.376837987163858,-0.365262623201527,-0.373225258431262,-0.369754042616225
1.80266666666667,-0.375958782249996,-0.364426122133021,-0.372360655045713,-0.36890291571902
1.803,-0.375083309710153,-0.363593129826966,-0.371499698424774,-0.368055363576585
1.80333333333333,-0.374211548610931,-0.362763626850906,-0.370642368276871,-0.367211366368216
1.80366666666667,-0.373343478165538,-0.361937593906863,-0.369788644451305,-0.36637090441042
1.804,-0.372479077732528,-0.361115011830222,-0.368938506937083,-0.36553395815581
1.80433333333333,-0.371618326814625,-0.360295861588645,-0.36809193586177,-0.364700508191946
1.80466666666667,-0.370761205057495,-0.359480124280984,-0.367248911490343,-0.363870535240245
1.805,-0.369907692248582,-0.358667781136196,-0.366409414224074,-0.363044020154891
1.80533333333333,-0.369057768315919,-0.357858813512274,-0.365573424599391,-0.362220943921741
1.80566666666667,-0.368211413326976,-0.357053202895211,-0.3647409232868,-0.361401287657238
1.806,-0.367368607487491,-0.356250930897925,-0.363911891089749,-0.360585032607346
1.80633333333333,-0.366529331140341,-0.355451979259247,-0.363086308943572,-0.359772160146514
1.80666666666667,-0.365693564764397,-0.354656329842881,-0.36226415791439,-0.35896265177659
1.807,-0.364861288973433,-0.353863964636388,-0.361445419198059,-0.358156489125822
1.80733333333333,-0.364032484514976,-0.353074865750186,-0.360630074119104,-0.357353653947812
1.80766666666667,-0.363207132269236,-0.352289015416538,-0.359818104129673,-0.356554128120484
1.808,-0.362385213248007,-0.35150639598858,-0.359009490808506,-0.355757893645097
1.80833333333333,-0.361566708593588,-0.350726989939329,-0.358204215859893,-0.35496493264525
1.80866666666667,-0.360751599577718,-0.349950779860719,-0.357402261112674,-0.354175227365871
1.809,-0.359939867600517,-0.349177748462636,-0.356603608519216,-0.353388760172242
1.80933333333333,-0.359131494189433,-0.34840787857197,-0.355808240154421,-0.352605513549044
1.80966666666667,-0.358326460998218,-0.347641153131664,-0.355016138214732,-0.351825470099375
1.81,-0.357524749805873,-0.346877555199799,-0.354227285017163,-0.351048612543801
1.81033333333333,-0.356726342515663,-0.34611706794864,-0.353441662998311,-0.350274923719422
1.81066666666667,-0.355931221154084,-0.34535967466374,-0.352659254713411,-0.349504386578925
1.811,-0.355139367869864,-0.34460535874302,-0.351880042835354,-0.348736984189662
1.81133333333333,-0.354350764932989,-0.343854103695878,-0.351104010153794,-0.347972699732732
1.81166666666667,-0.353565394733704,-0.343105893142291,-0.35033113957415,-0.347211516502065
1.812,-0.352783239781554,-0.34236071081193,-0.34956141411673,-0.34645341790353
1.81233333333333,-0.352004282704409,-0.341618540543293,-0.348794816915782,-0.345698387454029
1.81266666666667,-0.351228506247526,-0.340879366282826,-0.348031331218593,-0.344946408780628
1.813,-0.350455893272589,-0.340143172084076,-0.347270940384596,-0.344197465619667
1.81333333333333,-0.349686426756783,-0.339409942106824,-0.346513627884458,-0.343451541815897
1.81366666666667,-0.348920089791858,-0.33867966061626,-0.345759377299215,-0.342708621321615
1.814,-0.34815686558322,-0.337952311982135,-0.345008172319383,-0.341968688195821
1.81433333333333,-0.347396737449016,-0.337227880677933,-0.344259996744083,-0.34123172660336
1.81466666666667,-0.346639688819225,-0.336506351280046,-0.343514834480201,-0.340497720814097
1.815,-0.345885703234777,-0.335787708466987,-0.342772669541513,-0.33976665520207
1.81533333333333,-0.345134764346659,-0.335071937018548,-0.34203348604785,-0.339038514244693
1.81566666666667,-0.344386855915047,-0.33435902181502,-0.341297268224267,-0.338313282521917
1.816,-0.343641961808421,-0.333648947836412,-0.340564000400201,-0.337590944715444
1.81633333333333,-0.342900066002727,-0.332941700161644,-0.339833667008647,-0.336871485607899
1.81666666666667,-0.342161152580497,-0.332237263967786,-0.339106252585358,-0.336154890082071
1.817,-0.341425205730027,-0.331535624529289,-0.338381741768021,-0.335441143120109
1.81733333333333,-0.340692209744526,-0.330836767217207,-0.337660119295474,-0.334730229802739
1.81766666666667,-0.339962149021296,-0.330140677498465,-0.336941370006894,-0.334022135308508
1.818,-0.339235008060892,-0.329447340935085,-0.336225478841029,-0.333316844913008
1.81833333333333,-0.338510771466335,-0.328756743183467,-0.335512430835407,-0.332614343988119
1.81866666666667,-0.337789423942277,-0.328068869993635,-0.33480221112556,-0.331914618001273
1.819,-0.33707095029422,-0.327383707208515,-0.334094804944292,-0.331217652514694
1.81933333333333,-0.336355335427711,-0.32670124076322,-0.333390197620873,-0.330523433184661
1.81966666666667,-0.335642564347568,-0.32602145668432,-0.332688374580329,-0.329831945760788
1.82,-0.334932622157089,-0.325344341089149,-0.331989321342667,-0.329143176085298
1.82033333333333,-0.334225494057301,-0.324669880185085,-0.331293023522167,-0.3284571100923
1.82066666666667,-0.333521165346161,-0.323998060268867,-0.330599466826625,-0.327773733807083
1.821,-0.332819621417843,-0.3233288677259,-0.329908637056648,-0.327093033345403
1.82133333333333,-0.332120847761944,-0.322662289029562,-0.329220520104921,-0.3264149949128
1.82166666666667,-0.331424829962779,-0.321998310740546,-0.328535101955509,-0.325739604803895
1.822,-0.33073155369861,-0.321336919506169,-0.32785236868314,-0.325066849401704
1.82233333333333,-0.330041004740947,-0.320678102059713,-0.327172306452517,-0.324396715176963
1.82266666666667,-0.329353168953796,-0.320021845219771,-0.326494901517621,-0.323729188687453
1.823,-0.328668032292958,-0.319368135889572,-0.325820140221017,-0.323064256577327
1.82333333333333,-0.327985580805317,-0.318716961056366,-0.325148008993191,-0.322401905576459
1.82366666666667,-0.327305800628131,-0.318068307790753,-0.324478494351858,-0.32174212249978
1.824,-0.326628677988341,-0.317422163246048,-0.323811582901305,-0.321084894246626
1.82433333333333,-0.325954199201867,-0.31677851465767,-0.323147261331726,-0.320430207800102
1.82466666666667,-0.32528235067293,-0.316137349342498,-0.322485516418564,-0.319778050226436
1.825,-0.324613118893379,-0.315498654698257,-0.321826335021859,-0.319128408674354
1.82533333333333,-0.323946490441998,-0.314862418202897,-0.321169704085612,-0.318481270374438
1.82566666666667,-0.323282451983861,-0.314228627413996,-0.320515610637127,-0.317836622638523
1.826,-0.322620990269657,-0.313597269968144,-0.319864041786404,-0.317194452859067
1.82633333333333,-0.321962092135034,-0.312968333580349,-0.319214984725491,-0.316554748508546
1.82666666666667,-0.321305744499958,-0.312341806043447,-0.318568426727865,-0.315917497138841
1.827,-0.320651934368056,-0.311717675227509,-0.317924355147819,-0.315282686380651
1.82733333333333,-0.320000648825986,-0.311095929079256,-0.317282757419846,-0.314650303942887
1.82766666666667,-0.319351875042808,-0.310476555621487,-0.316643621058039,-0.314020337612083
1.828,-0.318705600269349,-0.309859542952508,-0.316006933655487,-0.31339277525181
1.82833333333333,-0.318061811837574,-0.309244879245546,-0.315372682883675,-0.312767604802117
1.82866666666667,-0.317420497159995,-0.308632552748212,-0.314740856491898,-0.312144814278914
1.829,-0.316781643729037,-0.308022551781926,-0.314111442306673,-0.311524391773452
1.82933333333333,-0.316145239116437,-0.307414864741362,-0.313484428231172,-0.310906325451714
1.82966666666667,-0.315511270972649,-0.306809480093918,-0.312859802244621,-0.310290603553889
1.83,-0.31487972702625,-0.306206386379149,-0.312237552401747,-0.309677214393796
1.83033333333333,-0.314250595083343,-0.30560557220824,-0.311617666832222,-0.309066146358346
1.83066666666667,-0.313623863026977,-0.305007026263473,-0.311000133740072,-0.308457387906989
1.831,-0.312999518816573,-0.304410737297697,-0.310384941403152,-0.307850927571172
1.83133333333333,-0.312377550487336,-0.303816694133793,-0.30977207817258,-0.30724675395382
1.83166666666667,-0.311757946149698,-0.303224885664172,-0.309161532472197,-0.30664485572878
1.832,-0.311140693988746,-0.302635300850232,-0.308553292798022,-0.306045221640311
1.83233333333333,-0.310525782263671,-0.302047928721878,-0.30794734771771,-0.305447840502557
1.83266666666667,-0.309913199307201,-0.301462758376992,-0.307343685870039,-0.304852701199032
1.833,-0.30930293352506,-0.300879778980934,-0.306742295964354,-0.304259792682097
1.83333333333333,-0.308694973395425,-0.300298979766052,-0.306143166780073,-0.303669103972469
1.83366666666667,-0.308089307468375,-0.299720350031175,-0.305546287166153,-0.303080624158695
1.834,-0.307485924365371,-0.29914387914114,-0.304951646040577,-0.302494342396666
1.83433333333333,-0.306884812778703,-0.298569556526286,-0.304359232389847,-0.301910247909121
1.83466666666667,-0.306285961470988,-0.297997371681988,-0.303769035268478,-0.301328329985148
1.835,-0.30568935927463,-0.297427314168169,-0.303181043798494,-0.300748577979703
1.83533333333333,-0.305094995091307,-0.296859373608833,-0.302595247168943,-0.30017098131312
1.83566666666667,-0.304502857891468,-0.296293539691598,-0.302011634635384,-0.299595529470641
1.836,-0.303912936713806,-0.295729802167214,-0.301430195519426,-0.299022212001928
1.83633333333333,-0.303325220664772,-0.295168150849122,-0.300850919208214,-0.298451018520608
1.83666666666667,-0.302739698918059,-0.29460857561299,-0.300273795153975,-0.297881938703789
1.837,-0.302156360714122,-0.294051066396246,-0.299698812873526,-0.297314962291609
1.83733333333333,-0.301575195359679,-0.293495613197645,-0.299125961947803,-0.296750079086777
1.83766666666667,-0.30099619222721,-0.292942206076815,-0.298555232021412,-0.296187278954106
1.838,-0.300419340754502,-0.292390835153816,-0.297986612802134,-0.295626551820065
1.83833333333333,-0.299844630444155,-0.291841490608701,-0.29742009406049,-0.295067887672351
1.83866666666667,-0.299272050863096,-0.291294162681078,-0.296855665629277,-0.294511276559412
1.839,-0.298701591642128,-0.290748841669684,-0.296293317403113,-0.293956708590033
1.83933333333333,-0.298133242475456,-0.290205517931956,-0.295733039337989,-0.293404173932885
1.83966666666667,-0.29756699312022,-0.289664181883605,-0.295174821450828,-0.292853662816097
1.84,-0.297002833396032,-0.289124823998192,-0.294618653819044,-0.29230516552683
1.84033333333333,-0.296440753184541,-0.288587434806722,-0.294064526580096,-0.291758672410847
1.84066666666667,-0.295880742428957,-0.288052004897215,-0.293512429931074,-0.291214173872094
1.841,-0.295322791133619,-0.287518524914311,-0.292962354128241,-0.290671660372273
1.84133333333333,-0.294766889363556,-0.286986985558854,-0.292414289486632,-0.290131122430438
1.84166666666667,-0.294213027244013,-0.286457377587488,-0.291868226379619,-0.289592550622576
1.842,-0.293661194960071,-0.285929691812263,-0.291324155238486,-0.289055935581202
1.84233333333333,-0.293111382756164,-0.28540391910024,-0.290782066552034,-0.288521267994958
1.84266666666667,-0.292563580935669,-0.284880050373081,-0.290241950866147,-0.287988538608196
1.843,-0.292017779860489,-0.284358076606683,-0.289703798783393,-0.287457738220601
1.84333333333333,-0.291473969950622,-0.283837988830773,-0.289167600962616,-0.286928857686781
1.84366666666667,-0.290932141683735,-0.283319778128531,-0.288633348118539,-0.286401887915882
1.844,-0.290392285594768,-0.282803435636211,-0.288101031021358,-0.285876819871191
1.84433333333333,-0.289854392275508,-0.282288952542758,-0.28757064049635,-0.285353644569774
1.84466666666667,-0.289318452374184,-0.281776320089441,-0.287042167423477,-0.284832353082056
1.845,-0.288784456595062,-0.281265529569471,-0.286515602737004,-0.284312936531486
1.84533333333333,-0.288252395698059,-0.280756572327652,-0.285990937425112,-0.28379538609412
1.84566666666667,-0.287722260498316,-0.280249439759992,-0.285468162529506,-0.283279692998277
1.846,-0.287194041865828,-0.279744123313361,-0.284947269145047,-0.282765848524164
1.84633333333333,-0.28666773072504,-0.279240614485117,-0.284428248419366,-0.282253844003492
1.84666666666667,-0.286143318054464,-0.278738904822763,-0.283911091552503,-0.281743670819143
1.847,-0.285620794886302,-0.278238985923584,-0.283395789796518,-0.281235320404773
1.84733333333333,-0.285100152306039,-0.2777408494343,-0.282882334455152,-0.280728784244496
1.84766666666667,-0.284581381452095,-0.277244487050718,-0.282370716883426,-0.280224053872487
1.848,-0.284064473515429,-0.276749890517389,-0.281860928487313,-0.279721120872661
1.84833333333333,-0.283549419739173,-0.276257051627262,-0.281352960723361,-0.279219976878307
1.84866666666667,-0.283036211418269,-0.275765962221351,-0.280846805098348,-0.278720613571754
1.849,-0.282524839899089,-0.275276614188396,-0.280342453168917,-0.278223022684023
1.84933333333333,-0.282015296579087,-0.27478899946452,-0.279839896541236,-0.277727195994477
1.84966666666667,-0.281507572906425,-0.274303110032923,-0.279339126870657,-0.2772331253305
1.85,-0.281001660379628,-0.273818937923522,-0.278840135861351,-0.276740802567149
1.85033333333333,-0.280497550547221,-0.273336475212648,-0.27834291526599,-0.276250219626822
1.85066666666667,-0.279995235007375,-0.272855714022719,-0.277847456885399,-0.275761368478951
1.851,-0.279494705407574,-0.272376646521911,-0.277353752568208,-0.275274241139631
1.85133333333333,-0.278995953444256,-0.271899264923847,-0.276861794210547,-0.274788829671344
1.85166666666667,-0.278498970862461,-0.271423561487288,-0.276371573755686,-0.274305126182601
1.852,-0.278003749455524,-0.270949528515803,-0.275883083193732,-0.273823122827644
1.85233333333333,-0.277510281064694,-0.270477158357476,-0.275396314561287,-0.273342811806115
1.85266666666667,-0.27701855757884,-0.270006443404589,-0.274911259941129,-0.272864185362758
1.853,-0.27652857093409,-0.269537376093321,-0.274427911461906,-0.272387235787092
1.85333333333333,-0.276040313113518,-0.26906994890344,-0.273946261297798,-0.271911955413112
1.85366666666667,-0.275553776146806,-0.268604154358014,-0.273466301668215,-0.271438336618978
1.854,-0.275068952109932,-0.268139985023095,-0.272988024837483,-0.27096637182671
1.85433333333333,-0.274585833124837,-0.26767743350744,-0.272511423114531,-0.270496053501897
1.85466666666667,-0.274104411359113,-0.267216492462219,-0.272036488852593,-0.27002737415338
1.855,-0.273624679025691,-0.266757154580698,-0.271563214448888,-0.269560326332964
1.85533333333333,-0.273146628382517,-0.266299412597986,-0.271091592344332,-0.269094902635133
1.85566666666667,-0.272670251732242,-0.265843259290725,-0.270621615023236,-0.26863109569674
1.856,-0.272195541421924,-0.265388687476815,-0.270153275012989,-0.268168898196732
1.85633333333333,-0.271722489842714,-0.264935690015135,-0.269686564883799,-0.267708302855854
1.85666666666667,-0.271251089429546,-0.264484259805247,-0.269221477248369,-0.26724930243637
1.857,-0.27078133266085,-0.264034389787145,-0.268758004761619,-0.266791889741761
1.85733333333333,-0.270313212058243,-0.263586072940958,-0.268296140120401,-0.266336057616485
1.85766666666667,-0.269846720186235,-0.263139302286683,-0.267835876063208,-0.265881798945652
1.858,-0.269381849651938,-0.262694070883923,-0.267377205369877,-0.265429106654779
1.85833333333333,-0.268918593104768,-0.262250371831606,-0.266920120861346,-0.264977973709499
1.85866666666667,-0.268456943236159,-0.26180819826773,-0.266464615399331,-0.264528393115304
1.859,-0.267996892779277,-0.26136754336908,-0.266010681886083,-0.26408035791726
1.85933333333333,-0.267538434508735,-0.260928400350997,-0.265558313264081,-0.26363386119975
1.85966666666667,-0.267081561240307,-0.260490762467085,-0.265107502515802,-0.2631888960862
1.86,-0.266626265830651,-0.260054623008976,-0.264658242663404,-0.262745455738827
1.86033333333333,-0.266172541177023,-0.259619975306054,-0.264210526768491,-0.262303533358359
1.86066666666667,-0.265720380217018,-0.259186812725223,-0.263764347931833,-0.2618631221838
1.861,-0.265269775928281,-0.258755128670637,-0.263319699293103,-0.261424215492151
1.86133333333333,-0.264820721328236,-0.25832491658346,-0.262876574030616,-0.260986806598166
1.86166666666667,-0.264373209473829,-0.25789616994161,-0.262434965361073,-0.260550888854098
1.862,-0.263927233461241,-0.257468882259516,-0.261994866539297,-0.260116455649442
1.86233333333333,-0.263482786425647,-0.257043047087881,-0.261556270857979,-0.259683500410685
1.86266666666667,-0.263039861540923,-0.256618658013426,-0.261119171647417,-0.259252016601074
1.863,-0.26259845201942,-0.256195708658659,-0.260683562275288,-0.258821997720348
1.86333333333333,-0.262158551111667,-0.255774192681635,-0.260249436146365,-0.258393437304509
1.86366666666667,-0.261720152106152,-0.255354103775712,-0.259816786702295,-0.257966328925579
1.864,-0.261283248329031,-0.25493543566933,-0.259385607421339,-0.257540666191352
1.86433333333333,-0.260847833143903,-0.254518182125751,-0.258955891818126,-0.257116442745164
1.86466666666667,-0.260413899951542,-0.254102336942872,-0.258527633443429,-0.256693652265657
1.865,-0.259981442189658,-0.253687893952947,-0.258100825883904,-0.256272288466535
1.86533333333333,-0.259550453332644,-0.253274847022392,-0.257675462761857,-0.25585234509634
1.86566666666667,-0.259120926891333,-0.252863190051543,-0.257251537735016,-0.255433815938226
1.866,-0.258692856412747,-0.252452916974439,-0.256829044496278,-0.255016694809712
1.86633333333333,-0.25826623547987,-0.252044021758597,-0.256407976773502,-0.254600975562474
1.86666666666667,-0.2578410577114,-0.251636498404787,-0.255988328329253,-0.254186652082108
1.867,-0.257417316761502,-0.251230340946819,-0.25557009296058,-0.253773718287908
1.86733333333333,-0.256995006319598,-0.250825543451326,-0.2551532644988,-0.25336216813265
1.86766666666667,-0.256574120110106,-0.250422100017539,-0.254737836809251,-0.252951995602366
1.868,-0.256154651892218,-0.250020004777084,-0.254323803791087,-0.252543194716119
1.86833333333333,-0.255736595459672,-0.249619251893756,-0.253911159377043,-0.252135759525803
1.86866666666667,-0.255319944640527,-0.249219835563327,-0.253499897533221,-0.251729684115908
1.869,-0.254904693296917,-0.248821750013318,-0.253090012258862,-0.251324962603325
1.86933333333333,-0.254490835324853,-0.248424989502797,-0.252681497586148,-0.250921589137125
1.86966666666667,-0.254078364653975,-0.248029548322181,-0.252274347579952,-0.250519557898337
1.87,-0.253667275247344,-0.247635420793023,-0.251868556337659,-0.250118863099762
1.87033333333333,-0.253257561101219,-0.247242601267804,-0.251464117988935,-0.249719498985749
1.87066666666667,-0.252849216244839,-0.246851084129749,-0.25106102669552,-0.249321459831997
1.871,-0.252442234740202,-0.246460863792605,-0.250659276651015,-0.24892473994535
1.87133333333333,-0.252036610681859,-0.246071934700462,-0.250258862080679,-0.248529333663582
1.87166666666667,-0.251632338196686,-0.245684291327543,-0.249859777241222,-0.24813523535522
1.872,-0.251229411443688,-0.245297928178012,-0.249462016420596,-0.247742439419325
1.87233333333333,-0.250827824613779,-0.244912839785785,-0.249065573937797,-0.247350940285293
1.87266666666667,-0.250427571929577,-0.244529020714325,-0.248670444142661,-0.246960732412681
1.873,-0.250028647645192,-0.244146465556472,-0.248276621415665,-0.246571810290976
1.87333333333333,-0.24963104604603,-0.24376516893422,-0.247884100167729,-0.246184168439444
1.87366666666667,-0.24923476144858,-0.243385125498577,-0.247492874840009,-0.245797801406898
1.874,-0.248839788200219,-0.243006329929321,-0.247102939903721,-0.245412703771527
1.87433333333333,-0.248446120679004,-0.242628776934865,-0.246714289859932,-0.24502887014071
1.87466666666667,-0.248053753293475,-0.242252461252036,-0.246326919239365,-0.244646295150819
1.875,-0.247662680482461,-0.241877377645917,-0.24594082260222,-0.244264973467035
1.87533333333333,-0.247272896714879,-0.241503520909651,-0.24555599453798,-0.243884899783162
1.87566666666667,-0.246884396489544,-0.241130885864275,-0.245172429665211,-0.243506068821457
1.876,-0.24649717433497,-0.24075946735852,-0.244790122631397,-0.243128475332414
1.87633333333333,-0.246111224809183,-0.240389260268655,-0.244409068112731,-0.242752114094622
1.87666666666667,-0.24572654249952,-0.240020259498297,-0.244029260813943,-0.24237697991456
1.877,-0.245343122022465,-0.239652459978246,-0.243650695468126,-0.242003067626432
1.87733333333333,-0.244960958023426,-0.239285856666303,-0.243273366836532,-0.241630372091976
1.87766666666667,-0.244580045176583,-0.238920444547105,-0.242897269708412,-0.24125888820031
1.878,-0.244200378184675,-0.238556218631947,-0.242522398900822,-0.240888610867726
1.87833333333333,-0.243821951778838,-0.238193173958619,-0.242148749258462,-0.24051953503755
1.87866666666667,-0.243444760718409,-0.237831305591235,-0.241776315653481,-0.240151655679957
1.879,-0.243068799790746,-0.237470608620071,-0.241405092985324,-0.239784967791785
1.87933333333333,-0.242694063811069,-0.237111078161381,-0.241035076180536,-0.239419466396392
1.87966666666667,-0.242320547622249,-0.236752709357256,-0.240666260192599,-0.239055146543471
1.88,-0.241948246094656,-0.236395497375446,-0.240298640001772,-0.23869200330889
1.88033333333333,-0.241577154125968,-0.236039437409207,-0.239932210614907,-0.238330031794522
1.88066666666667,-0.24120726664102,-0.235684524677124,-0.239566967065279,-0.237969227128082
1.881,-0.240838578591598,-0.235330754422976,-0.239202904412431,-0.237609584462967
1.88133333333333,-0.240471084956295,-0.23497812191555,-0.238840017742002,-0.237251098978098
1.88166666666667,-0.240104780740329,-0.234626622448502,-0.238478302165557,-0.236893765877738
1.882,-0.239739660975377,-0.234276251340201,-0.23811775282043,-0.236537580391364
1.88233333333333,-0.239375720719402,-0.233927003933558,-0.237758364869557,-0.236182537773479
1.88266666666667,-0.239012955056496,-0.233578875595885,-0.23740013350133,-0.235828633303475
1.883,-0.2386513590967,-0.233231861718746,-0.237043053929404,-0.235475862285471
1.88333333333333,-0.238290927975865,-0.23288595771779,-0.236687121392581,-0.23512422004815
1.88366666666667,-0.237931656855454,-0.232541159032612,-0.236332331154609,-0.23477370194462
1.884,-0.237573540922413,-0.232197461126597,-0.235978678504061,-0.234424303352245
1.88433333333333,-0.237216575388991,-0.231854859486774,-0.235626158754158,-0.234076019672507
1.88466666666667,-0.236860755492589,-0.23151334962368,-0.235274767242627,-0.233728846330854
1.885,-0.236506076495599,-0.231172927071181,-0.234924499331533,-0.233382778776531
1.88533333333333,-0.236152533685248,-0.230833587386371,-0.234575350407149,-0.233037812482466
1.88566666666667,-0.235800122373435,-0.230495326149389,-0.234227315879782,-0.232693942945094
1.886,-0.235448837896594,-0.230158138963294,-0.23388039118364,-0.232351165684222
1.88633333333333,-0.235098675615523,-0.229822021453926,-0.233534571776671,-0.232009476242886
1.88666666666667,-0.234749630915235,-0.229486969269754,-0.233189853140431,-0.231668870187197
1.887,-0.234401699204818,-0.229152978081744,-0.232846230779918,-0.231329343106214
1.88733333333333,-0.234054875917262,-0.228820043583209,-0.23250370022344,-0.23099089061178
1.88766666666667,-0.233709156509341,-0.228488161489693,-0.232162257022467,-0.230653508338411
1.888,-0.233364536461436,-0.228157327538803,-0.231821896751483,-0.230317191943119
1.88833333333333,-0.233021011277402,-0.227827537490102,-0.231482615007853,-0.229981937105303
1.88866666666667,-0.23267857648442,-0.227498787124951,-0.231144407411677,-0.229647739526606
1.889,-0.232337227632855,-0.227171072246391,-0.230807269605639,-0.229314594930765
1.88933333333333,-0.231996960296108,-0.226844388679003,-0.23047119725489,-0.228982499063478
1.88966666666667,-0.231657770070468,-0.226518732268777,-0.230136186046888,-0.228651447692283
1.89,-0.231319652574982,-0.226194098882972,-0.229802231691276,-0.228321436606413
1.89033333333333,-0.230982603451312,-0.225870484409997,-0.229469329919731,-0.227992461616656
1.89066666666667,-0.230646618363586,-0.22554788475929,-0.229137476485852,-0.227664518555243
1.891,-0.230311692998263,-0.225226295861156,-0.228806667164987,-0.227337603275697
1.89133333333333,-0.229977823064003,-0.224905713666675,-0.228476897754144,-0.227011711652711
1.89166666666667,-0.229645004291522,-0.224586134147556,-0.228148164071825,-0.226686839582024
1.892,-0.229313232433462,-0.224267553296019,-0.227820461957919,-0.226362982980281
1.89233333333333,-0.228982503264245,-0.223949967124658,-0.227493787273542,-0.226040137784913
1.89266666666667,-0.228652812579955,-0.223633371666337,-0.227168135900938,-0.225718299954009
1.893,-0.228324156198195,-0.223317762974049,-0.226843503743325,-0.225397465466188
1.89333333333333,-0.227996529957958,-0.2230031371208,-0.226519886724796,-0.225077630320485
1.89366666666667,-0.227669929719487,-0.222689490199495,-0.226197280790151,-0.224758790536205
1.894,-0.227344351364166,-0.222376818322796,-0.225875681904814,-0.224440942152817
1.89433333333333,-0.22701979079437,-0.222065117623033,-0.22555508605468,-0.224124081229835
1.89466666666667,-0.226696243933344,-0.221754384252053,-0.225235489245994,-0.223808203846681
1.895,-0.226373706725082,-0.221444614381131,-0.224916887505243,-0.22349330610258
1.89533333333333,-0.226052175134191,-0.22113580420083,-0.224599276879018,-0.223179384116426
1.89566666666667,-0.225731645145769,-0.220827949920893,-0.224282653433889,-0.222866434026675
1.896,-0.225412112765284,-0.220521047770134,-0.223967013256306,-0.222554451991222
1.89633333333333,-0.225093574018444,-0.220215093996317,-0.22365235245246,-0.222243434187284
1.89666666666667,-0.224776024951077,-0.219910084866037,-0.223338667148162,-0.221933376811283
1.897,-0.224459461629011,-0.219606016664616,-0.223025953488738,-0.221624276078734
1.89733333333333,-0.224143880137949,-0.219302885695982,-0.222714207638904,-0.221316128224124
1.89766666666667,-0.223829276583354,-0.219000688282569,-0.222403425782654,-0.221008929500805
1.898,-0.223515647090329,-0.218699420765196,-0.222093604123135,-0.22070267618088
1.89833333333333,-0.223202987803483,-0.218399079502956,-0.221784738882538,-0.22039736455508
1.89866666666667,-0.222891294886836,-0.218099660873115,-0.221476826301987,-0.220092990932672
1.899,-0.222580564523691,-0.217801161271003,-0.221169862641415,-0.219789551641323
1.89933333333333,-0.222270792916518,-0.217503577109895,-0.220863844179468,-0.219487043027023
1.89966666666667,-0.221961976286836,-0.217206904820914,-0.220558767213374,-0.219185461453941
1.9,-0.221654110875109,-0.216911140852923,-0.220254628058845,-0.218884803304334
1.90033333333333,-0.221347192940617,-0.216616281672416,-0.219951423049966,-0.218585064978447
1.90066666666667,-0.22104121876136,-0.216322323763423,-0.219649148539072,-0.21828624289439
1.901,-0.220736184633929,-0.216029263627387,-0.219347800896662,-0.217988333488042
1.90133333333333,-0.220432086873407,-0.215737097783085,-0.219047376511271,-0.217691333212937
1.90166666666667,-0.220128921813255,-0.215445822766501,-0.21874787178937,-0.217395238540171
1.902,-0.219826685805198,-0.215155435130745,-0.218449283155261,-0.217100045958281
1.90233333333333,-0.219525375219126,-0.214865931445933,-0.218151607050971,-0.216805751973165
1.90266666666667,-0.219224986442969,-0.214577308299107,-0.217854839936141,-0.216512353107958
1.903,-0.218925515882607,-0.214289562294111,-0.217558978287931,-0.216219845902939
1.90333333333333,-0.218626959961758,-0.214002690051517,-0.217264018600913,-0.215928226915429
1.90366666666667,-0.218329315121859,-0.213716688208508,-0.216969957386959,-0.215637492719695
1.904,-0.218032577821985,-0.213431553418781,-0.216676791175151,-0.21534763990684
1.90433333333333,-0.217736744538723,-0.213147282352468,-0.216384516511676,-0.215058665084713
1.90466666666667,-0.217441811766075,-0.212863871696019,-0.21609312995972,-0.21477056487781
1.905,-0.217147776015359,-0.21258131815211,-0.215802628099379,-0.214483335927163
1.90533333333333,-0.2168546338151,-0.212299618439561,-0.215513007527542,-0.214196974890267
1.90566666666667,-0.21656238171094,-0.212018769293226,-0.215224264857812,-0.21391147844096
1.906,-0.216271016265519,-0.211738767463906,-0.214936396720392,-0.213626843269342
1.90633333333333,-0.215980534058387,-0.211459609718257,-0.214649399762002,-0.21334306608167
1.90666666666667,-0.21569093168591,-0.211181292838695,-0.214363270645761,-0.213060143600275
1.907,-0.215402205761147,-0.210903813623301,-0.214078006051122,-0.212778072563456
1.90733333333333,-0.215114352913781,-0.210627168885742,-0.213793602673741,-0.212496849725392
1.90766666666667,-0.214827369790004,-0.210351355455156,-0.21351005722541,-0.21221647185606
1.908,-0.214541253052416,-0.210076370176094,-0.213227366433956,-0.211936935741116
1.90833333333333,-0.21425599937995,-0.209802209908402,-0.212945527043133,-0.211658238181837
1.90866666666667,-0.213971605467754,-0.20952887152715,-0.212664535812552,-0.211380375995002
1.909,-0.213688068027108,-0.209256351922534,-0.212384389517568,-0.211103346012819
1.90933333333333,-0.213405383785325,-0.208984647999796,-0.212105084949203,-0.210827145082828
1.90966666666667,-0.213123549485662,-0.208713756679125,-0.211826618914047,-0.210551770067816
1.91,-0.212842561887215,-0.208443674895588,-0.211548988234172,-0.210277217845728
1.91033333333333,-0.21256241776485,-0.208174399599029,-0.21127218974704,-0.210003485309574
1.91066666666667,-0.212283113909087,-0.207905927753986,-0.210996220305413,-0.209730569367349
1.911,-0.21200464712602,-0.207638256339613,-0.210721076777267,-0.209458466941943
1.91133333333333,-0.211727014237225,-0.207371382349593,-0.210446756045701,-0.209187174971062
1.91166666666667,-0.211450212079672,-0.20710530279205,-0.210173255008853,-0.208916690407124
1.912,-0.211174237505631,-0.206840014689472,-0.20990057057981,-0.20864701021719
1.91233333333333,-0.210899087382587,-0.20657551507862,-0.209628699686526,-0.208378131382891
1.91266666666667,-0.210624758593153,-0.206311801010456,-0.209357639271728,-0.208110050900307
1.913,-0.210351248034975,-0.20604886955006,-0.209087386292842,-0.207842765779927
1.91333333333333,-0.210078552620657,-0.205786717776541,-0.208817937721904,-0.207576273046531
1.91366666666667,-0.209806669277666,-0.205525342782963,-0.20854929054547,-0.207310569739129
1.914,-0.209535594948242,-0.205264741676266,-0.208281441764536,-0.207045652910876
1.91433333333333,-0.209265326589331,-0.205004911577178,-0.20801438839447,-0.206781519628989
1.91466666666667,-0.208995861172475,-0.204745849620156,-0.2077481274649,-0.206518166974658
1.915,-0.208727195683753,-0.204487552953283,-0.207482656019661,-0.206255592042986
1.91533333333333,-0.208459327123678,-0.204230018738209,-0.207217971116697,-0.205993791942888
1.91566666666667,-0.208192252507124,-0.203973244150056,-0.206954069827983,-0.205732763797027
1.916,-0.207925968863246,-0.203717226377371,-0.206690949239453,-0.205472504741736
1.91633333333333,-0.207660473235389,-0.203461962622012,-0.206428606450912,-0.205213011926929
1.91666666666667,-0.207395762681008,-0.203207450099103,-0.206167038575958,-0.204954282516034
1.917,-0.2071318342716,-0.202953686036939,-0.205906242741903,-0.204696313685909
1.91733333333333,-0.206868685092608,-0.202700667676932,-0.205646216089708,-0.204439102626769
1.91766666666667,-0.206606312243348,-0.202448392273509,-0.205386955773881,-0.204182646542117
1.918,-0.206344712836932,-0.202196857094063,-0.205128458962419,-0.203926942648659
1.91833333333333,-0.206083884000185,-0.201946059418868,-0.204870722836728,-0.20367198817623
1.91866666666667,-0.205823822873568,-0.201695996541008,-0.204613744591547,-0.20341778036773
1.919,-0.205564526611108,-0.201446665766304,-0.204357521434864,-0.203164316479032
1.91933333333333,-0.205305992380304,-0.20119806441325,-0.204102050587851,-0.20291159377893
1.91966666666667,-0.205048217362067,-0.200950189812926,-0.203847329284791,-0.202659609549051
1.92,-0.204791198750639,-0.200703039308943,-0.203593354772992,-0.202408361083787
1.92033333333333,-0.204534933753514,-0.200456610257364,-0.203340124312723,-0.202157845690226
1.92066666666667,-0.204279419591362,-0.200210900026637,-0.203087635177144,-0.20190806068808
1.921,-0.20402465349796,-0.199965905997521,-0.202835884652224,-0.201659003409607
1.92133333333333,-0.203770632720113,-0.199721625563025,-0.202584870036674,-0.201410671199555
1.92166666666667,-0.203517354517593,-0.199478056128335,-0.202334588641874,-0.201163061415071
1.922,-0.203264816163038,-0.199235195110744,-0.202085037791805,-0.200916171425655
1.92233333333333,-0.203013014941916,-0.198993039939586,-0.201836214822974,-0.20066999861308
1.92266666666667,-0.202761948152422,-0.198751588056169,-0.201588117084351,-0.200424540371313
1.923,-0.202511613105419,-0.19851083691371,-0.201340741937281,-0.200179794106463
1.92333333333333,-0.202262007124372,-0.198270783977265,-0.201094086755447,-0.199935757236711
1.92366666666667,-0.202013127545261,-0.198031426723669,-0.200848148924765,-0.199692427192236
1.924,-0.201764971716539,-0.197792762641465,-0.200602925843347,-0.199449801415147
1.92433333333333,-0.201517536999024,-0.197554789230834,-0.200358414921405,-0.199207877359428
1.92466666666667,-0.201270820765861,-0.197317504003546,-0.200114613581207,-0.198966652490862
1.925,-0.201024820402444,-0.19708090448288,-0.199871519257,-0.19872612428697
1.92533333333333,-0.200779533306337,-0.19684498820357,-0.199629129394936,-0.198486290236942
1.92566666666667,-0.200534956887222,-0.196609752711741,-0.199387441453026,-0.198247147841568
1.926,-0.200291088566822,-0.196375195564838,-0.199146452901047,-0.198008694613199
1.92633333333333,-0.20004792577883,-0.196141314331571,-0.198906161220506,-0.197770928075645
1.92666666666667,-0.199805465968861,-0.195908106591849,-0.198666563904547,-0.197533845764147
1.927,-0.19956370659436,-0.195675569936723,-0.198427658457915,-0.197297445225288
1.92733333333333,-0.199322645124556,-0.195443701968319,-0.19818944239686,-0.19706172401694
1.92766666666667,-0.199082279040389,-0.195212500299783,-0.197951913249105,-0.19682667970821
1.928,-0.198842605834444,-0.19498196255521,-0.197715068553763,-0.196592309879362
1.92833333333333,-0.198603623010891,-0.194752086369598,-0.197478905861274,-0.196358612121768
1.92866666666667,-0.198365328085411,-0.194522869388776,-0.197243422733359,-0.196125584037848
1.929,-0.198127718585147,-0.194294309269351,-0.197008616742933,-0.195893223240991
1.92933333333333,-0.197890792048634,-0.19406640367865,-0.19677448547407,-0.195661527355524
1.92966666666667,-0.197654546025726,-0.193839150294651,-0.196541026521922,-0.195430494016624
1.93,-0.197418978077552,-0.193612546805938,-0.196308237492664,-0.195200120870277
1.93033333333333,-0.197184085776439,-0.19338659091164,-0.196076116003442,-0.194970405573208
1.93066666666667,-0.196949866705855,-0.193161280321362,-0.195844659682295,-0.194741345792831
1.931,-0.196716318460352,-0.192936612755147,-0.195613866168117,-0.194512939207185
1.93133333333333,-0.196483438645503,-0.192712585943399,-0.195383733110577,-0.194285183504878
1.93166666666667,-0.196251224877831,-0.192489197626843,-0.195154258170074,-0.194058076385028
1.932,-0.196019674784772,-0.192266445556459,-0.19492543901768,-0.193831615557208
1.93233333333333,-0.195788786004586,-0.192044327493431,-0.194697273335063,-0.193605798741385
1.93266666666667,-0.195558556186324,-0.191822841209085,-0.194469758814452,-0.193380623667866
1.933,-0.195328982989749,-0.191601984484848,-0.194242893158565,-0.193156088077252
1.93333333333333,-0.195100064085294,-0.191381755112177,-0.194016674080554,-0.192932189720355
1.93366666666667,-0.194871797153995,-0.191162150892511,-0.193791099303963,-0.192708926358172
1.934,-0.194644179887421,-0.190943169637223,-0.193566166562647,-0.192486295761816
1.93433333333333,-0.194417209987652,-0.190724809167563,-0.19334187360073,-0.192264295712464
1.93466666666667,-0.19419088516718,-0.190507067314589,-0.193118218172555,-0.192042924001294
1.935,-0.193965203148881,-0.190289941919143,-0.192895198042614,-0.191822178429443
1.93533333333333,-0.193740161665948,-0.190073430831776,-0.192672810985504,-0.191602056807954
1.93566666666667,-0.193515758461833,-0.189857531912701,-0.192451054785867,-0.191382556957712
1.936,-0.193291991290196,-0.189642243031748,-0.19222992723834,-0.191163676709392
1.93633333333333,-0.193068857914848,-0.189427562068302,-0.1920094261475,-0.190945413903417
1.93666666666667,-0.192846356109698,-0.189213486911263,-0.191789549327801,-0.190727766389899
1.937,-0.192624483658694,-0.18900001545898,-0.191570294603538,-0.190510732028581
1.93733333333333,-0.19240323835577,-0.188787145619215,-0.191351659808782,-0.190294308688795
1.93766666666667,-0.192182618004795,-0.188574875309083,-0.191133642787331,-0.190078494249415
1.938,-0.191962620419521,-0.188363202455009,-0.19091624139265,-0.189863286598782
1.93833333333333,-0.191743243423518,-0.188152124992673,-0.190699453487842,-0.189648683634682
1.93866666666667,-0.191524484850134,-0.187941640866958,-0.190483276945563,-0.189434683264271
1.939,-0.191306342542435,-0.18773174803191,-0.190267709647999,-0.189221283404047
1.93933333333333,-0.191088814353164,-0.187522444450681,-0.190052749486801,-0.189008481979785
1.93966666666667,-0.190871898144665,-0.187313728095489,-0.189838394363039,-0.188796276926493
1.94,-0.190655591788861,-0.187105596947554,-0.189624642187152,-0.188584666188357
1.94033333333333,-0.190439893167179,-0.186898048997075,-0.189411490878893,-0.188373647718702
1.94066666666667,-0.190224800170514,-0.186691082243145,-0.189198938367281,-0.188163219479939
1.941,-0.190010310699168,-0.186484694693756,-0.18898698259056,-0.187953379443514
1.94133333333333,-0.189796422662808,-0.186278884365697,-0.188775621496138,-0.187744125589856
1.94166666666667,-0.189583133980409,-0.186073649284543,-0.188564853040551,-0.187535455908347
1.942,-0.189370442580211,-0.185868987484597,-0.188354675189393,-0.187327368397257
1.94233333333333,-0.189158346399661,-0.185664897008844,-0.188145085917289,-0.187119861063698
1.94266666666667,-0.188946843385375,-0.185461375908912,-0.187936083207845,-0.186912931923589
1.943,-0.18873593149308,-0.185258422245004,-0.187727665053594,-0.186706579001595
1.94333333333333,-0.188525608687566,-0.185056034085888,-0.187519829455942,-0.186500800331101
1.94366666666667,-0.188315872942651,-0.184854209508821,-0.187312574425135,-0.186295593954139
1.944,-0.188106722241102,-0.184652946599516,-0.18710589798021,-0.18609095792136
1.94433333333333,-0.187898154574631,-0.184452243452105,-0.186899798148935,-0.185886890291991
1.94466666666667,-0.187690167943807,-0.184252098169081,-0.186694272967784,-0.185683389133776
1.945,-0.18748276035804,-0.184052508861264,-0.186489320481869,-0.185480452522948
1.94533333333333,-0.187275929835507,-0.183853473647746,-0.186284938744915,-0.185278078544166
1.94566666666667,-0.187069674403129,-0.183654990655864,-0.186081125819199,-0.185076265290484
1.946,-0.186863992096516,-0.183457058021143,-0.185877879775512,-0.184875010863303
1.94633333333333,-0.18665888095991,-0.183259673887262,-0.185675198693116,-0.184674313372327
1.94666666666667,-0.186454339046163,-0.183062836406002,-0.185473080659694,-0.184474170935527
1.947,-0.186250364416664,-0.182866543737213,-0.185271523771314,-0.184274581679074
1.94733333333333,-0.186046955141326,-0.182670794048769,-0.185070526132371,-0.184075543737329
1.94766666666667,-0.185844109298504,-0.182475585516513,-0.184870085855559,-0.183877055252773
1.948,-0.18564182497498,-0.182280916324249,-0.184670201061815,-0.183679114375984
1.94833333333333,-0.185440100265914,-0.18208678466366,-0.184470869880293,-0.183481719265579
1.94866666666667,-0.185238933274789,-0.181893188734292,-0.184272090448295,-0.183284868088183
1.949,-0.185038322113364,-0.18170012674351,-0.184073860911255,-0.183088559018385
1.94933333333333,-0.18483826490166,-0.181507596906454,-0.183876179422679,-0.18289279023869
1.94966666666667,-0.184638759767878,-0.181315597445994,-0.183679044144106,-0.182697559939486
1.95,-0.184439804848387,-0.181124126592699,-0.183482453245078,-0.182502866319003
1.95033333333333,-0.184241398287659,-0.180933182584792,-0.183286404903081,-0.182308707583267
1.95066666666667,-0.184043538238247,-0.180742763668112,-0.183090897303519,-0.182115081946059
1.951,-0.183846222860725,-0.180552868096074,-0.182895928639661,-0.181921987628882
1.95133333333333,-0.183649450323656,-0.18036349412963,-0.182701497112605,-0.181729422860917
1.95166666666667,-0.183453218803551,-0.180174640037226,-0.182507600931236,-0.181537385878982
1.952,-0.183257526484823,-0.179986304094772,-0.182314238312199,-0.181345874927487
1.95233333333333,-0.183062371559745,-0.179798484585598,-0.182121407479833,-0.181154888258416
1.95266666666667,-0.182867752228413,-0.179611179800415,-0.18192910666615,-0.180964424131262
1.953,-0.182673666698711,-0.179424388037282,-0.181737334110799,-0.180774480813006
1.95333333333333,-0.182480113186253,-0.179238107601558,-0.181546088061002,-0.180585056578065
1.95366666666667,-0.182287089914359,-0.179052336805875,-0.181355366771542,-0.180396149708268
1.954,-0.182094595114017,-0.178867073970101,-0.181165168504719,-0.180207758492809
1.95433333333333,-0.181902627023824,-0.178682317421291,-0.180975491530292,-0.18001988122821
1.95466666666667,-0.181711183889964,-0.178498065493666,-0.180786334125462,-0.179832516218285
1.955,-0.181520263966169,-0.17831431652856,-0.180597694574829,-0.179645661774097
1.95533333333333,-0.181329865513666,-0.1781310688744,-0.18040957117034,-0.179459316213941
1.95566666666667,-0.181139986801156,-0.177948320886651,-0.180221962211274,-0.179273477863271
1.956,-0.180950626104757,-0.177766070927805,-0.180034866004187,-0.179088145054705
1.95633333333333,-0.18076178170799,-0.177584317367319,-0.179848280862884,-0.17890331612795
1.95666666666667,-0.18057345190171,-0.177403058581595,-0.179662205108376,-0.178718989429797
1.957,-0.180385634984096,-0.177222292953942,-0.179476637068841,-0.178535163314063
1.95733333333333,-0.180198329260596,-0.177042018874535,-0.179291575079602,-0.178351836141565
1.95766666666667,-0.1800115330439,-0.176862234740396,-0.179107017483076,-0.178169006280086
1.958,-0.179825244653903,-0.176682938955337,-0.178922962628743,-0.177986672104336
1.95833333333333,-0.179639462417652,-0.176504129929937,-0.178739408873104,-0.177804831995915
1.95866666666667,-0.179454184669329,-0.176325806081517,-0.178556354579659,-0.177623484343282
1.959,-0.179269409750211,-0.176147965834084,-0.178373798118861,-0.177442627541715
1.95933333333333,-0.179085136008624,-0.175970607618319,-0.178191737868078,-0.177262259993286
1.95966666666667,-0.17890136179991,-0.175793729871529,-0.178010172211571,-0.177082380106816
1.96,-0.178718085486403,-0.17561733103761,-0.177829099540439,-0.176902986297849
1.96033333333333,-0.178535305437372,-0.175441409567043,-0.177648518252606,-0.176724076988608
1.96066666666667,-0.178353020029014,-0.175265963916816,-0.177468426752776,-0.176545650607972
1.961,-0.178171227644387,-0.175090992550429,-0.177288823452394,-0.176367705591442
1.96133333333333,-0.177989926673407,-0.174916493937841,-0.177109706769621,-0.176190240381095
1.96166666666667,-0.177809115512781,-0.174742466555444,-0.176931075129296,-0.176013253425567
1.962,-0.177628792566001,-0.174568908886032,-0.176752926962899,-0.175836743180003
1.96233333333333,-0.177448956243292,-0.174395819418769,-0.176575260708525,-0.175660708106043
1.96266666666667,-0.17726960496158,-0.174223196649145,-0.176398074810848,-0.17548514667178
1.963,-0.177090737144474,-0.174051039078965,-0.17622136772108,-0.175310057351721
1.96333333333333,-0.176912351222201,-0.1738793452163,-0.176045137896951,-0.175135438626762
1.96366666666667,-0.176734445631611,-0.17370811357546,-0.175869383802665,-0.174961288984163
1.964,-0.176557018816109,-0.173537342676972,-0.17569410390888,-0.1747876069175
1.96433333333333,-0.176380069225644,-0.17336703104754,-0.175519296692658,-0.174614390926643
1.96466666666667,-0.176203595316664,-0.173197177220005,-0.175344960637452,-0.174441639517729
1.965,-0.176027595552096,-0.173027779733349,-0.175171094233061,-0.174269351203122
1.96533333333333,-0.175852068401298,-0.17285883713261,-0.174997695975598,-0.174097524501384
1.96566666666667,-0.175677012340035,-0.172690347968906,-0.174824764367471,-0.173926157937243
1.966,-0.175502425850451,-0.172522310799368,-0.174652297917337,-0.173755250041565
1.96633333333333,-0.175328307421026,-0.172354724187132,-0.174480295140082,-0.173584799351327
1.96666666666667,-0.175154655546552,-0.172187586701297,-0.174308754556777,-0.173414804409581
1.967,-0.174981468728106,-0.172020896916895,-0.174137674694664,-0.173245263765421
1.96733333333333,-0.174808745473,-0.171854653414869,-0.173967054087111,-0.17307617597396
1.96766666666667,-0.17463648429477,-0.171688854782037,-0.173796891273588,-0.172907539596295
1.968,-0.17446468371314,-0.171523499611072,-0.173627184799636,-0.172739353199486
1.96833333333333,-0.174293342253979,-0.17135858650046,-0.173457933216837,-0.172571615356511
1.96866666666667,-0.174122458449289,-0.171194114054481,-0.173289135082785,-0.172404324646246
1.969,-0.173952030837153,-0.171030080883179,-0.173120788961046,-0.172237479653443
1.96933333333333,-0.173782057961728,-0.170866485602328,-0.172952893421147,-0.17207107896869
1.96966666666667,-0.1736125383732,-0.170703326833409,-0.172785447038531,-0.171905121188382
1.97,-0.173443470627752,-0.170540603203586,-0.172618448394539,-0.171739604914702
1.97033333333333,-0.173274853287546,-0.170378313345662,-0.172451896076367,-0.171574528755579
1.97066666666667,-0.173106684920681,-0.170216455898072,-0.172285788677047,-0.171409891324668
1.971,-0.172938964101182,-0.170055029504839,-0.172120124795426,-0.17124569124133
1.97133333333333,-0.172771689408937,-0.169894032815557,-0.171954903036116,-0.171081927130581
1.97166666666667,-0.172604859429712,-0.16973346448535,-0.171790122009481,-0.170918597623093
1.972,-0.172438472755081,-0.169573323174873,-0.171625780331606,-0.170755701355136
1.97233333333333,-0.172272527982427,-0.169413607550243,-0.171461876624269,-0.170593236968573
1.97266666666667,-0.172107023714894,-0.169254316283051,-0.171298409514909,-0.170431203110828
1.973,-0.171941958561368,-0.169095448050314,-0.171135377636605,-0.170269598434852
1.97333333333333,-0.171777331136453,-0.168937001534458,-0.170972779628035,-0.170108421599096
1.97366666666667,-0.171613140060429,-0.168778975423279,-0.170810614133474,-0.169947671267502
1.974,-0.171449383959233,-0.168621368409934,-0.170648879802734,-0.16978734610944
1.97433333333333,-0.171286061464432,-0.168464179192904,-0.170487575291163,-0.169627444799723
1.97466666666667,-0.171123171213197,-0.168307406475965,-0.170326699259611,-0.169467966018558
1.975,-0.170960711848262,-0.168151048968176,-0.170166250374391,-0.169308908451511
1.97533333333333,-0.170798682017917,-0.167995105383837,-0.170006227307264,-0.169150270789506
1.97566666666667,-0.170637080375963,-0.167839574442478,-0.169846628735422,-0.168992051728777
1.976,-0.170475905581694,-0.167684454868827,-0.169687453341434,-0.168834249970853
1.97633333333333,-0.170315156299865,-0.167529745392771,-0.169528699813239,-0.168676864222532
1.97666666666667,-0.170154831200681,-0.167375444749362,-0.169370366844132,-0.168519893195855
1.977,-0.169994928959744,-0.167221551678767,-0.1692124531327,-0.168363335608073
1.97733333333333,-0.169835448258048,-0.167068064926251,-0.169054957382834,-0.168207190181634
1.97766666666667,-0.169676387781942,-0.166914983242148,-0.168897878303682,-0.168051455644143
1.978,-0.169517746223116,-0.166762305381856,-0.168741214609627,-0.167896130728355
1.97833333333333,-0.16935952227855,-0.166610030105775,-0.168584965020277,-0.167741214172134
1.97866666666667,-0.169201714650518,-0.166458156179321,-0.168429128260409,-0.16758670471844
1.979,-0.16904432204654,-0.166306682372883,-0.168273703059974,-0.167432601115293
1.97933333333333,-0.168887343179378,-0.166155607461798,-0.168118688154058,-0.167278902115763
1.97966666666667,-0.168730776766985,-0.166004930226335,-0.167964082282854,-0.167125606477932
1.98,-0.1685746215325,-0.165854649451664,-0.167809884191648,-0.166972712964875
1.98033333333333,-0.168418876204209,-0.16570476392784,-0.167656092630785,-0.16682022034464
1.98066666666667,-0.168263539515532,-0.165555272449771,-0.167502706355654,-0.166668127390217
1.981,-0.168108610204993,-0.165406173817203,-0.16734972412665,-0.166516432879522
1.98133333333333,-0.167954087016196,-0.165257466834686,-0.167197144709164,-0.166365135595364
1.98166666666667,-0.16779996869779,-0.165109150311567,-0.167044966873553,-0.166214234325428
1.982,-0.167646254003465,-0.164961223061949,-0.166893189395112,-0.166063727862253
1.98233333333333,-0.167492941691915,-0.16481368390469,-0.166741811054055,-0.165913615003204
1.98266666666667,-0.16734003052681,-0.164666531663355,-0.166590830635503,-0.165763894550452
1.983,-0.167187519276786,-0.164519765166206,-0.166440246929429,-0.165614565310949
1.98333333333333,-0.16703540671541,-0.164373383246188,-0.166290058730667,-0.165465626096405
1.98366666666667,-0.166883691621149,-0.164227384740894,-0.166140264838873,-0.165317075723265
1.984,-0.166732372777375,-0.164081768492545,-0.165990864058503,-0.165168913012695
1.98433333333333,-0.16658144897231,-0.163936533347971,-0.165841855198795,-0.165021136790544
1.98466666666667,-0.16643091899902,-0.163791678158591,-0.165693237073745,-0.164873745887339
1.985,-0.16628078165539,-0.163647201780387,-0.165545008502074,-0.164726739138236
1.98533333333333,-0.16613103574409,-0.163503103073881,-0.165397168307221,-0.16458011538304
1.98566666666667,-0.165981680072571,-0.163359380904117,-0.165249715317311,-0.164433873466138
1.986,-0.165832713453029,-0.163216034140643,-0.165102648365138,-0.164288012236511
1.98633333333333,-0.165684134702379,-0.163073061657478,-0.164955966288137,-0.164142530547691
1.98666666666667,-0.16553594264225,-0.162930462333105,-0.164809667928364,-0.163997427257752
1.987,-0.165388136098938,-0.162788235050435,-0.16466375213248,-0.163852701229284
1.98733333333333,-0.165240713903408,-0.162646378696809,-0.164518217751721,-0.163708351329363
1.98766666666667,-0.165093674891254,-0.162504892163943,-0.164373063641878,-0.163564376429551
1.988,-0.164947017902685,-0.162363774347939,-0.16422828866328,-0.163420775405855
1.98833333333333,-0.164800741782506,-0.16222302414925,-0.164083891680766,-0.163277547138716
1.98866666666667,-0.164654845380087,-0.162082640472654,-0.163939871563671,-0.163134690512976
1.989,-0.16450932754935,-0.161942622227256,-0.163796227185802,-0.162992204417888
1.98933333333333,-0.164364187148736,-0.161802968326437,-0.16365295742541,-0.162850087747044
1.98966666666667,-0.1642194230412,-0.161663677687856,-0.163510061165182,-0.162708339398411
1.99,-0.164075034094178,-0.161524749233429,-0.163367537292201,-0.16256695827427
1.99033333333333,-0.163931019179571,-0.161386181889295,-0.163225384697954,-0.162425943281212
1.99066666666667,-0.163787377173713,-0.161247974585806,-0.163083602278285,-0.162285293330113
1.991,-0.163644106957365,-0.161110126257511,-0.162942188933381,-0.16214500733612
1.99133333333333,-0.163501207415693,-0.160972635843124,-0.162801143567763,-0.162005084218623
1.99166666666667,-0.163358677438233,-0.160835502285516,-0.162660465090253,-0.161865522901247
1.992,-0.163216515918878,-0.160698724531696,-0.162520152413952,-0.161726322311813
1.99233333333333,-0.163074721755868,-0.160562301532779,-0.162380204456248,-0.161587481382342
1.99266666666667,-0.162933293851756,-0.160426232243979,-0.162240620138747,-0.161448999049009
1.993,-0.162792231113392,-0.160290515624582,-0.162101398387292,-0.161310874252152
1.99333333333333,-0.162651532451897,-0.160155150637936,-0.161962538131938,-0.161173105936226
1.99366666666667,-0.162511196782662,-0.160020136251428,-0.161824038306914,-0.161035693049808
1.994,-0.162371223025296,-0.159885471436452,-0.161685897850626,-0.160898634545555
1.99433333333333,-0.162231610103651,-0.159751155168419,-0.161548115705619,-0.160761929380199
1.99466666666667,-0.162092356945751,-0.159617186426712,-0.161410690818573,-0.160625576514531
1.995,-0.161953462483812,-0.159483564194679,-0.161273622140264,-0.160489574913368
1.99533333333333,-0.161814925654204,-0.159350287459608,-0.161136908625576,-0.160353923545547
1.99566666666667,-0.161676745397434,-0.159217355212727,-0.161000549233446,-0.160218621383899
1.996,-0.161538920658132,-0.159084766449161,-0.160864542926872,-0.160083667405236
1.99633333333333,-0.161401450385027,-0.158952520167931,-0.160728888672884,-0.159949060590329
1.99666666666667,-0.161264333530925,-0.158820615371927,-0.160593585442521,-0.159814799923887
1.997,-0.1611275690527,-0.158689051067892,-0.160458632210817,-0.159680884394545
1.99733333333333,-0.160991155911264,-0.158557826266415,-0.16032402795679,-0.159547312994843
1.99766666666667,-0.160855093071557,-0.158426939981895,-0.160189771663415,-0.159414084721209
1.998,-0.160719379502521,-0.158296391232534,-0.160055862317599,-0.159281198573939
1.99833333333333,-0.160584014177091,-0.158166179040322,-0.15992229891018,-0.159148653557176
1.99866666666667,-0.160448996072162,-0.158036302431012,-0.159789080435893,-0.159016448678907
1.999,-0.16031432416859,-0.157906760434109,-0.159656205893366,-0.15888458295092
1.99933333333333,-0.160179997451148,-0.157777552082846,-0.159523674285086,-0.158753055388817
1.99966666666667,-0.160046014908535,-0.157648676414173,-0.159391484617402,-0.158621865011967
2,-0.159912375533342,-0.157520132468741,-0.159259635900478,-0.158491010843511
