"Freq [GHz]","dB(S(1,1)) []","dB(S(2,2)) []","dB(S(3,3)) []","dB(S(4,4)) []"
1,-0.0477057276999186,-0.0476468919963585,-0.047553339980112,-0.0475894003160982
1.00033333333333,-0.0477340988708065,-0.0476751204852144,-0.0475815535855666,-0.0476176188172522
1.00066666666667,-0.0477625409060638,-0.0477034193996254,-0.0476098375673259,-0.0476459077721134
1.001,-0.047791053961341,-0.0477317888937728,-0.0476381920796665,-0.0476742673350299
1.00133333333333,-0.047819638192778,-0.0477602291223324,-0.0476666172773518,-0.0477026976608412
1.00166666666667,-0.0478482937569977,-0.0477887402404586,-0.0476951133156307,-0.0477311989048657
1.002,-0.047877020811128,-0.0478173224037994,-0.0477236803502477,-0.0477597712229172
1.00233333333333,-0.0479058195127875,-0.0478459757684887,-0.047752318537423,-0.0477884147713
1.00266666666667,-0.047934690020093,-0.0478747004911572,-0.0477810280338901,-0.047817129706809
1.003,-0.0479636324916619,-0.0479034967289259,-0.047809808996858,-0.0478459161867355
1.00333333333333,-0.0479926470866118,-0.0479323646394137,-0.0478386615840413,-0.0478747743688654
1.00366666666667,-0.0480217339645627,-0.0479613043807331,-0.0478675859536489,-0.0479037044114867
1.004,-0.0480508932856369,-0.0479903161114972,-0.0478965822643909,-0.0479327064733801
1.00433333333333,-0.0480801252104668,-0.0480193999908202,-0.0479256506754772,-0.0479617807138343
1.00466666666667,-0.0481094299001902,-0.0480485561783168,-0.0479547913466196,-0.0479909272926329
1.005,-0.048138807516458,-0.048077784834106,-0.0479840044380373,-0.0480201463700759
1.00533333333333,-0.0481682582214263,-0.048107086118812,-0.048013290110446,-0.0480494381069594
1.00566666666667,-0.0481977821777702,-0.0481364601935683,-0.0480426485250833,-0.0480788026645933
1.006,-0.0482273795486751,-0.0481659072200176,-0.04807207984369,-0.0481082402047917
1.00633333333333,-0.0482570504978482,-0.0481954273603088,-0.0481015842285134,-0.0481377508898908
1.00666666666667,-0.0482867951895129,-0.048225020777108,-0.0481311618423215,-0.0481673348827273
1.007,-0.0483166137884078,-0.0482546876335962,-0.0481608128483917,-0.0481969923466694
1.00733333333333,-0.048346506459802,-0.0482844280934629,-0.0481905374105204,-0.0482267234455839
1.00766666666667,-0.0483764733694848,-0.0483142423209262,-0.0482203356930258,-0.0482565283438674
1.008,-0.0484065146837724,-0.0483441304807156,-0.0482502078607395,-0.0482864072064383
1.00833333333333,-0.0484366305695057,-0.0483740927380863,-0.0482801540790226,-0.0483163601987332
1.00866666666667,-0.0484668211940566,-0.0484041292588184,-0.0483101745137495,-0.0483463874867156
1.009,-0.0484970867253278,-0.0484342402092114,-0.0483402693313324,-0.048376489236868
1.00933333333333,-0.0485274273317577,-0.0484644257560962,-0.0483704386987043,-0.0484066656162134
1.00966666666667,-0.0485578431823154,-0.0484946860668269,-0.048400682783329,-0.048436916792292
1.01,-0.0485883344465126,-0.0485250213093,-0.0484310017532012,-0.0484672429331876
1.01033333333333,-0.048618901294391,-0.0485554316519294,-0.0484613957768474,-0.0484976442075067
1.01066666666667,-0.0486495438965475,-0.0485859172636781,-0.0484918650233307,-0.0485281207843948
1.011,-0.048680262424101,-0.0486164783140313,-0.0485224096622519,-0.0485586728335378
1.01133333333333,-0.0487110570487298,-0.0486471149730218,-0.0485530298637486,-0.0485893005251594
1.01166666666667,-0.0487419279426565,-0.0486778274112208,-0.0485837257984969,-0.048620004030021
1.012,-0.0487728752786504,-0.0487086157997345,-0.0486144976377216,-0.0486507835194274
1.01233333333333,-0.0488038992300284,-0.0487394803102263,-0.0486453455531879,-0.0486816391652292
1.01266666666667,-0.0488349999706606,-0.0487704211148885,-0.0486762697172028,-0.0487125711398301
1.013,-0.0488661776749746,-0.0488014383864777,-0.0487072703026324,-0.0487435796161689
1.01333333333333,-0.0488974325179472,-0.0488325322982852,-0.0487383474828779,-0.0487746647677463
1.01366666666667,-0.0489287646751208,-0.0488637030241635,-0.0487695014319101,-0.0488058267686097
1.014,-0.0489601743225928,-0.0488949507385127,-0.0488007323242407,-0.048837065793361
1.01433333333333,-0.048991661637023,-0.0489262756162912,-0.0488320403349388,-0.048868382017164
1.01466666666667,-0.0490232267956353,-0.0489576778330138,-0.0488634256396366,-0.0488997756157333
1.015,-0.0490548699762171,-0.0489891575647565,-0.0488948884145227,-0.0489312467653466
1.01533333333333,-0.0490865913571325,-0.0490207149881508,-0.0489264288363498,-0.0489627956428458
1.01566666666667,-0.049118391117302,-0.0490523502803972,-0.0489580470824263,-0.0489944224256331
1.016,-0.0491502694362301,-0.0490840636192567,-0.048989743330636,-0.0490261272916797
1.01633333333333,-0.0491822264939853,-0.0491158551830631,-0.0490215177594295,-0.0490579104195252
1.01666666666667,-0.0492142624712201,-0.0491477251507098,-0.0490533705478184,-0.0490897719882762
1.017,-0.0492463775491572,-0.0491796737016709,-0.049085301875397,-0.0491217121776152
1.01733333333333,-0.0492785719096048,-0.0492117010159887,-0.049117311922326,-0.049153731167795
1.01766666666667,-0.0493108457349534,-0.0492438072742796,-0.0491494008693441,-0.0491858291396503
1.018,-0.0493431992081721,-0.049275992657743,-0.0491815688977708,-0.0492180062745858
1.01833333333333,-0.0493756325128209,-0.0493082573481502,-0.0492138161894977,-0.0492502627545911
1.01866666666667,-0.0494081458330468,-0.0493406015278565,-0.0492461429270051,-0.0492825987622425
1.019,-0.0494407393535851,-0.049373025379803,-0.0492785492933563,-0.0493150144806926
1.01933333333333,-0.0494734132597683,-0.0494055290875137,-0.0493110354722004,-0.0493475100936844
1.01966666666667,-0.0495061677375211,-0.0494381128350995,-0.0493436016477714,-0.0493800857855509
1.02,-0.0495390029733563,-0.04947077680726,-0.0493762480048968,-0.0494127417412109
1.02033333333333,-0.0495719191544021,-0.0495035211892925,-0.0494089747289951,-0.0494454781461846
1.02066666666667,-0.0496049164683721,-0.0495363461670771,-0.0494417820060803,-0.0494782951865754
1.021,-0.0496379951035938,-0.0495692519271026,-0.049474670022764,-0.0495111930490918
1.02133333333333,-0.0496711552489919,-0.0496022386564453,-0.0495076389662516,-0.0495441719210411
1.02166666666667,-0.0497043970941065,-0.0496353065427833,-0.049540689024354,-0.0495772319903284
1.022,-0.0497377208290766,-0.049668455774406,-0.0495738203854845,-0.049610373445466
1.02233333333333,-0.049771126644664,-0.0497016865401928,-0.0496070332386561,-0.049643596475564
1.02266666666667,-0.0498046147322352,-0.0497349990296419,-0.049640327773501,-0.0496769012703496
1.023,-0.0498381852837809,-0.0497683934328536,-0.049673704180249,-0.0497102880201558
1.02333333333333,-0.049871838491904,-0.0498018699405402,-0.0497071626497435,-0.0497437569159295
1.02366666666667,-0.0499055745498298,-0.0498354287440286,-0.0497407033734498,-0.0497773081492285
1.024,-0.0499393936514057,-0.0498690700352571,-0.0497743265434398,-0.0498109419122256
1.02433333333333,-0.0499732959911081,-0.049902794006788,-0.0498080323524056,-0.0498446583977217
1.02466666666667,-0.0500072817640339,-0.0499366008517961,-0.0498418209936664,-0.0498784577991254
1.025,-0.0500413511659138,-0.0499704907640843,-0.0498756926611549,-0.0499123403104802
1.02533333333333,-0.0500755043931095,-0.050004463938075,-0.0499096475494348,-0.0499463061264496
1.02566666666667,-0.0501097416426159,-0.0500385205688193,-0.0499436858536947,-0.0499803554423216
1.026,-0.0501440631120668,-0.0500726608519919,-0.0499778077697546,-0.0500144884540201
1.02633333333333,-0.0501784689997336,-0.0501068849839071,-0.0500120134940615,-0.0500487053580988
1.02666666666667,-0.0502129595045223,-0.0501411931615085,-0.0500463032237013,-0.0500830063517429
1.027,-0.050247534825993,-0.0501755855823717,-0.0500806771563929,-0.0501173916327801
1.02733333333333,-0.0502821951643421,-0.0502100624447162,-0.0501151354904971,-0.0501518613996714
1.02766666666667,-0.0503169407204206,-0.0502446239473916,-0.0501496784250116,-0.0501864158515233
1.028,-0.0503517716957261,-0.0502792702899031,-0.0501843061595791,-0.0502210551880824
1.02833333333333,-0.0503866882924102,-0.0503140016723908,-0.0502190188944927,-0.0502557796097433
1.02866666666667,-0.0504216907132749,-0.050348818295644,-0.0502538168306829,-0.0502905893175527
1.029,-0.0504567791617869,-0.0503837203611051,-0.0502887001697365,-0.050325484513194
1.02933333333333,-0.0504919538420694,-0.0504187080708598,-0.0503236691138939,-0.0503604653990242
1.02966666666667,-0.0505272149589043,-0.0504537816276583,-0.0503587238660495,-0.0503955321780369
1.03,-0.0505625627177459,-0.0504889412348974,-0.0503938646297561,-0.0504306850538958
1.03033333333333,-0.0505979973247078,-0.0505241870966396,-0.0504290916092182,-0.0504659242309182
1.03066666666667,-0.0506335189865743,-0.0505595194176068,-0.0504644050093136,-0.0505012499140833
1.031,-0.0506691279108078,-0.0505949384031836,-0.0504998050355779,-0.0505366623090422
1.03133333333333,-0.0507048243055373,-0.0506304442594162,-0.050535291894217,-0.0505721616221079
1.03166666666667,-0.0507406083795719,-0.0506660371930318,-0.0505708657921003,-0.0506077480602607
1.032,-0.0507764803424,-0.0507017174114156,-0.0506065269367773,-0.0506434218311632
1.03233333333333,-0.0508124404041903,-0.0507374851226288,-0.0506422755364661,-0.0506791831431385
1.03266666666667,-0.0508484887758013,-0.050773340535416,-0.0506781118000622,-0.0507150322051998
1.033,-0.0508846256687672,-0.0508092838591901,-0.050714035937143,-0.0507509692270326
1.03333333333333,-0.0509208512953189,-0.0508453153040532,-0.0507500481579605,-0.0507869944190028
1.03366666666667,-0.0509571658683844,-0.0508814350807808,-0.0507861486734605,-0.0508231079921702
1.034,-0.0509935696015719,-0.0509176434008445,-0.0508223376952681,-0.0508593101582728
1.03433333333333,-0.0510300627091973,-0.0509539404763958,-0.0508586154357036,-0.0508956011297437
1.03466666666667,-0.0510666454062716,-0.0509903265202845,-0.0508949821077702,-0.0509319811197004
1.035,-0.0511033179085105,-0.0510268017460446,-0.0509314379251742,-0.0509684503419628
1.03533333333333,-0.0511400804323338,-0.0510633663679137,-0.0509679831023157,-0.051005009011048
1.03566666666667,-0.0511769331948619,-0.0511000206008227,-0.0510046178542891,-0.0510416573421683
1.036,-0.0512138764139341,-0.0511367646604083,-0.0510413423969011,-0.0510783955512396
1.03633333333333,-0.0512509103080992,-0.0511735987630032,-0.0510781569466518,-0.0511152238548817
1.03666666666667,-0.0512880350966158,-0.0512105231256556,-0.0511150617207568,-0.051152142470431
1.037,-0.0513252509994692,-0.0512475379661159,-0.0511520569371355,-0.0511891516159181
1.03733333333333,-0.0513625582373553,-0.0512846435028479,-0.0511891428144231,-0.051226251510099
1.03766666666667,-0.0513999570317003,-0.0513218399550247,-0.0512263195719695,-0.0512634423724405
1.038,-0.051437447604655,-0.0513591275425443,-0.05126358742984,-0.0513007244231278
1.03833333333333,-0.051475030179092,-0.0513965064860169,-0.0513009466088217,-0.05133809788307
1.03866666666667,-0.0515127049786277,-0.0514339770067781,-0.0513383973304252,-0.0513755629738906
1.039,-0.0515504722275935,-0.051471539326888,-0.0513759398168865,-0.0514131199179467
1.03933333333333,-0.0515883321510777,-0.0515091936691303,-0.0514135742911644,-0.0514507689383246
1.03966666666667,-0.051626284974893,-0.051546940257023,-0.0514513009769616,-0.0514885102588353
1.04,-0.0516643309256005,-0.0515847793148118,-0.0514891200986977,-0.051526344104033
1.04033333333333,-0.0517024702305032,-0.0516227110674845,-0.0515270318815413,-0.0515642706992023
1.04066666666667,-0.0517407031176565,-0.0516607357407595,-0.0515650365513953,-0.0516022902703671
1.041,-0.0517790298158598,-0.0516988535611021,-0.0516031343349049,-0.0516404030442946
1.04133333333333,-0.0518174505546668,-0.0517370647557162,-0.0516413254594597,-0.0516786092485031
1.04166666666667,-0.0518559655643917,-0.0517753695525538,-0.0516796101531981,-0.051716909111248
1.042,-0.0518945750761022,-0.0518137681803171,-0.0517179886450088,-0.0517553028615421
1.04233333333333,-0.0519332793216279,-0.0518522608684603,-0.0517564611645278,-0.0517937907291529
1.04266666666667,-0.0519720785335668,-0.0518908478471887,-0.0517950279421536,-0.0518323729445972
1.043,-0.0520109729452794,-0.0519295293474667,-0.0518336892090432,-0.0518710497391566
1.04333333333333,-0.0520499627908985,-0.0519683056010217,-0.0518724451971073,-0.0519098213448749
1.04366666666667,-0.0520890483053309,-0.052007176840341,-0.0519112961390314,-0.0519486879945555
1.044,-0.0521282297242571,-0.0520461432986796,-0.0519502422682611,-0.0519876499217767
1.04433333333333,-0.0521675072841352,-0.0520852052100579,-0.0519892838190116,-0.0520267073608769
1.04466666666667,-0.0522068812222071,-0.0521243628092715,-0.052028421026276,-0.0520658605469789
1.045,-0.0522463517765048,-0.0521636163318949,-0.0520676541258219,-0.0521051097159754
1.04533333333333,-0.0522859191858345,-0.0522029660142677,-0.0521069833541908,-0.0521444551045407
1.04566666666667,-0.0523255836898035,-0.0522424120935178,-0.052146408948706,-0.0521838969501248
1.046,-0.0523653455288105,-0.0522819548075589,-0.0521859311474839,-0.0522234354909733
1.04633333333333,-0.0524052049440468,-0.0523215943950851,-0.0522255501894217,-0.0522630709661141
1.04666666666667,-0.0524451621775069,-0.0523613310955823,-0.0522652663142071,-0.0523028036153591
1.047,-0.0524852174719916,-0.0524011651493268,-0.0523050797623211,-0.0523426336793299
1.04733333333333,-0.0525253710710952,-0.0524410967973941,-0.0523449907750435,-0.0523825613994313
1.04766666666667,-0.052565623219231,-0.0524811262816515,-0.0523849995944499,-0.0524225870178738
1.048,-0.0526059741616213,-0.0525212538447773,-0.0524251064634226,-0.0524627107776678
1.04833333333333,-0.0526464241443019,-0.0525614797302386,-0.0524653116256461,-0.0525029329226334
1.04866666666667,-0.0526869734141275,-0.0526018041823271,-0.0525056153256168,-0.0525432536973991
1.049,-0.0527276222187699,-0.0526422274461303,-0.0525460178086359,-0.052583673347398
1.04933333333333,-0.0527683708067316,-0.0526827497675586,-0.0525865193208262,-0.0526241921188887
1.04966666666667,-0.0528092194273354,-0.0527233713933326,-0.0526271201091247,-0.0526648102589422
1.05,-0.0528501683307398,-0.0527640925709959,-0.0526678204212914,-0.0527055280154505
1.05033333333333,-0.0528912177679322,-0.0528049135489133,-0.0527086205059027,-0.0527463456371326
1.05066666666667,-0.0529323679907407,-0.0528458345762754,-0.0527495206123752,-0.0527872633735324
1.051,-0.0529736192518284,-0.0528868559030999,-0.0527905209909451,-0.0528282814750267
1.05133333333333,-0.0530149718047067,-0.0529279777802422,-0.0528316218926868,-0.0528694001928221
1.05166666666667,-0.053056425903728,-0.052969200459383,-0.0528728235695061,-0.0529106197789662
1.052,-0.0530979818040932,-0.0530105241930521,-0.0529141262741504,-0.052951940486348
1.05233333333333,-0.0531396397618666,-0.0530519492346107,-0.0529555302602183,-0.0529933625686935
1.05266666666667,-0.0531814000339543,-0.0530934758382713,-0.0529970357821427,-0.0530348862805774
1.053,-0.0532232628781286,-0.0531351042590914,-0.0530386430952088,-0.0530765118774257
1.05333333333333,-0.0532652285530243,-0.0531768347529837,-0.0530803524555574,-0.0531182396155212
1.05366666666667,-0.0533072973181378,-0.0532186675767059,-0.0531221641201839,-0.0531600697519941
1.054,-0.0533494694338424,-0.0532606029878829,-0.053164078346942,-0.0532020025448392
1.05433333333333,-0.0533917451613739,-0.0533026412449972,-0.053206095394548,-0.0532440382529156
1.05466666666667,-0.0534341247628502,-0.0533447826073917,-0.0532482155225824,-0.053286177135941
1.055,-0.0534766085012667,-0.0533870273352827,-0.0532904389914971,-0.0533284194545119
1.05533333333333,-0.0535191966405015,-0.0534293756897499,-0.0533327660626124,-0.0533707654700925
1.05566666666667,-0.053561889445314,-0.0534718279327571,-0.0533751969981285,-0.0534132154450214
1.056,-0.0536046871813625,-0.0535143843271354,-0.053417732061125,-0.0534557696425188
1.05633333333333,-0.0536475901151837,-0.0535570451366011,-0.0534603715155529,-0.0534984283266905
1.05666666666667,-0.0536905985142264,-0.0535998106257568,-0.0535031156262675,-0.0535411917625231
1.057,-0.053733712646827,-0.0536426810600888,-0.053545964658995,-0.0535840602158945
1.05733333333333,-0.0537769327822275,-0.0536856567059777,-0.0535889188803641,-0.0536270339535753
1.05766666666667,-0.0538202591905806,-0.0537287378306913,-0.0536319785579002,-0.0536701132432352
1.058,-0.0538636921429418,-0.0537719247024068,-0.0536751439600213,-0.0537132983534369
1.05833333333333,-0.0539072319112863,-0.0538152175901945,-0.0537184153560546,-0.0537565895536576
1.05866666666667,-0.0539508787685058,-0.053858616764026,-0.0537617930162263,-0.0537999871142705
1.059,-0.0539946329884057,-0.053902122494792,-0.0538052772116815,-0.0538434913065654
1.05933333333333,-0.0540384948457201,-0.0539457350542843,-0.0538488682144727,-0.0538871024027392
1.05966666666667,-0.0540824646161141,-0.0539894547152194,-0.0538925662975681,-0.0539308206759148
1.06,-0.0541265425761777,-0.0540332817512243,-0.0539363717348607,-0.0539746464001273
1.06033333333333,-0.0541707290034409,-0.0540772164368517,-0.0539802848011657,-0.0540185798503457
1.06066666666667,-0.0542150241763673,-0.0541212590475818,-0.054024305772223,-0.0540626213024561
1.061,-0.0542594283743628,-0.0541654098598222,-0.0540684349247108,-0.0541067710332846
1.06133333333333,-0.0543039418777881,-0.0542096691509093,-0.054112672536232,-0.054151029320587
1.06166666666667,-0.0543485649679406,-0.0542540371991254,-0.0541570188853324,-0.0541953964430641
1.062,-0.0543932979270755,-0.0542985142836865,-0.0542014742515022,-0.0542398726803522
1.06233333333333,-0.0544381410384082,-0.0543431006847547,-0.054246038915179,-0.0542844583130359
1.06266666666667,-0.0544830945861131,-0.0543877966834393,-0.0542907131577385,-0.0543291536226518
1.063,-0.0545281588553244,-0.054432602561797,-0.0543354972615214,-0.0543739588916877
1.06333333333333,-0.0545733341321486,-0.0544775186028476,-0.0543803915098196,-0.0544188744035895
1.06366666666667,-0.0546186207036656,-0.0545225450905617,-0.0544253961868841,-0.054463900442764
1.064,-0.0546640188579225,-0.0545676823098783,-0.0544705115779355,-0.0545090372945803
1.06433333333333,-0.0547095288839569,-0.0546129305466952,-0.0545157379691548,-0.0545542852453781
1.06466666666667,-0.0547551510717822,-0.0546582900878891,-0.0545610756477006,-0.0545996445824729
1.065,-0.0548008857124014,-0.0547037612213047,-0.0546065249017064,-0.0546451155941444
1.06533333333333,-0.0548467330978063,-0.0547493442357624,-0.0546520860202803,-0.0546906985696649
1.06566666666667,-0.054892693520987,-0.0547950394210694,-0.0546977592935184,-0.0547363937992833
1.066,-0.0549387672759263,-0.0548408470680119,-0.0547435450125032,-0.0547822015742382
1.06633333333333,-0.0549849546576172,-0.0548867674683733,-0.0547894434693039,-0.054828122186757
1.06666666666667,-0.0550312559620544,-0.0549328009149199,-0.0548354549569893,-0.0548741559300644
1.067,-0.0550776714862437,-0.0549789477014236,-0.0548815797696247,-0.0549203030983867
1.06733333333333,-0.0551242015282072,-0.0550252081226497,-0.0549278182022757,-0.0549665639869448
1.06766666666667,-0.0551708463869833,-0.0550715824743721,-0.0549741705510205,-0.0550129388919739
1.068,-0.0552176063626337,-0.0551180710533768,-0.0550206371129405,-0.0550594281107213
1.06833333333333,-0.055264481756249,-0.0551646741574505,-0.0550672181861346,-0.0551060319414382
1.06866666666667,-0.055311472869942,-0.0552113920854072,-0.0551139140697235,-0.0551527506834103
1.069,-0.0553585800068714,-0.0552582251370749,-0.0551607250638396,-0.0551995846369301
1.06933333333333,-0.0554058034712271,-0.0553051736133138,-0.05520765146966,-0.0552465341033289
1.06966666666667,-0.0554531435682446,-0.0553522378160046,-0.0552546935893683,-0.0552935993849672
1.07,-0.0555006006042046,-0.0553994180480619,-0.0553018517262028,-0.0553407807852286
1.07033333333333,-0.0555481748864392,-0.0554467146134381,-0.0553491261844327,-0.0553880786085535
1.07066666666667,-0.0555958667233367,-0.0554941278171309,-0.0553965172693694,-0.0554354931604133
1.071,-0.0556436764243467,-0.0555416579651718,-0.0554440252873682,-0.0554830247473293
1.07133333333333,-0.0556916042999785,-0.0555893053646504,-0.0554916505458409,-0.0555306736768775
1.07166666666667,-0.0557396506618084,-0.0556370703237086,-0.0555393933532542,-0.055578440257683
1.072,-0.0557878158224896,-0.0556849531515396,-0.0555872540191304,-0.055626324799439
1.07233333333333,-0.0558361000957492,-0.0557329541584041,-0.0556352328540577,-0.0556743276128931
1.07266666666667,-0.0558845037963917,-0.0557810736556273,-0.0556833301696878,-0.0557224490098678
1.073,-0.0559330272403127,-0.0558293119555985,-0.0557315462787526,-0.0557706893032556
1.07333333333333,-0.0559816707444914,-0.0558776693717871,-0.055779881495051,-0.0558190488070293
1.07366666666667,-0.056030434627004,-0.055926146218742,-0.0558283361334689,-0.0558675278362342
1.074,-0.0560793192070242,-0.0559747428120889,-0.0558769105099739,-0.0559161267070098
1.07433333333333,-0.0561283248048265,-0.0560234594685425,-0.0559256049416207,-0.0559648457365763
1.07466666666667,-0.0561774517417908,-0.056072296505912,-0.0559744197465633,-0.0560136852432588
1.075,-0.0562267003404099,-0.0561212542430961,-0.0560233552440499,-0.0560626455464697
1.07533333333333,-0.0562760709242954,-0.0561703330000984,-0.0560724117544279,-0.0561117269667278
1.07566666666667,-0.0563255638181721,-0.0562195330980257,-0.0561215895991577,-0.0561609298256626
1.076,-0.0563751793478935,-0.056268854859093,-0.056170889100805,-0.0562102544460109
1.07633333333333,-0.0564249178404411,-0.0563182986066294,-0.0562203105830521,-0.0562597011516255
1.07666666666667,-0.0564747796239318,-0.0563678646650759,-0.0562698543707045,-0.0563092702674801
1.077,-0.0565247650276175,-0.0564175533600047,-0.0563195207896874,-0.0563589621196742
1.07733333333333,-0.0565748743818936,-0.0564673650181074,-0.0563693101670579,-0.0564087770354342
1.07766666666667,-0.0566251080183031,-0.056517299967209,-0.0564192228310069,-0.0564587153431242
1.078,-0.0566754662695387,-0.0565673585362727,-0.0564692591108561,-0.0565087773722392
1.07833333333333,-0.0567259494694524,-0.056617541055396,-0.0565194193370804,-0.0565589634534276
1.07866666666667,-0.0567765579530603,-0.0566678478558277,-0.0565697038412938,-0.0566092739184755
1.079,-0.0568272920565355,-0.0567182792699603,-0.0566201129562646,-0.0566597091003226
1.07933333333333,-0.056878152117226,-0.0567688356313408,-0.0566706470159214,-0.056710269333075
1.07966666666667,-0.056929138473657,-0.0568195172746769,-0.0567213063553416,-0.0567609549519882
1.08,-0.0569802514655302,-0.0568703245358406,-0.0567720913107818,-0.0568117662934872
1.08033333333333,-0.057031491433734,-0.0569212577518681,-0.0568230022196627,-0.0568627036951713
1.08066666666667,-0.0570828587203472,-0.0569723172609693,-0.0568740394205785,-0.0569137674958149
1.081,-0.0571343536686374,-0.057023503402535,-0.0569252032533074,-0.0569649580353647
1.08133333333333,-0.0571859766230803,-0.0570748165171297,-0.0569764940588061,-0.0570162756549616
1.08166666666667,-0.0572377279293465,-0.0571262569465125,-0.0570279121792279,-0.0570677206969295
1.082,-0.0572896079343203,-0.0571778250336309,-0.0570794579579153,-0.0571192935047934
1.08233333333333,-0.0573416169860969,-0.0572295211226324,-0.0571311317394089,-0.0571709944232702
1.08266666666667,-0.057393755433997,-0.0572813455588585,-0.0571829338694571,-0.0572228237982886
1.083,-0.0574460236285542,-0.0573332986888588,-0.057234864695013,-0.0572747819769824
1.08333333333333,-0.0574984219215388,-0.0573853808604031,-0.0572869245642457,-0.0573268693076951
1.08366666666667,-0.0575509506659503,-0.057437592422463,-0.0573391138265448,-0.0573790861399959
1.084,-0.0576036102160308,-0.05748993372524,-0.057391432832512,-0.0574314328246796
1.08433333333333,-0.0576564009272591,-0.0575424051201589,-0.057443881933997,-0.0574839097137589
1.08466666666667,-0.0577093231563739,-0.0575950069598776,-0.0574964614840635,-0.0575365171604898
1.085,-0.0577623772613556,-0.057647739598283,-0.0575491718370285,-0.0575892555193638
1.08533333333333,-0.0578155636014506,-0.0577006033905104,-0.0576020133484366,-0.0576421251461161
1.08566666666667,-0.0578688825371677,-0.0577535986929345,-0.0576549863750995,-0.0576951263977339
1.086,-0.0579223344302837,-0.0578067258631865,-0.0577080912750656,-0.0577482596324522
1.08633333333333,-0.0579759196438495,-0.0578599852601479,-0.0577613284076521,-0.0578015252097718
1.08666666666667,-0.0580296385422008,-0.0579133772439663,-0.0578146981334377,-0.057854923490452
1.087,-0.0580834914909488,-0.0579669021760539,-0.0578682008142683,-0.0579084548365243
1.08733333333333,-0.058137478857005,-0.0580205604190928,-0.0579218368132656,-0.0579621196112969
1.08766666666667,-0.058191601008568,-0.0580743523370423,-0.0579756064948305,-0.0580159181793516
1.088,-0.0582458583151403,-0.0581282782951418,-0.0580295102246469,-0.0580698509065608
1.08833333333333,-0.0583002511475328,-0.0581823386599245,-0.0580835483696924,-0.0581239181600877
1.08866666666667,-0.0583547798778604,-0.0582365337992068,-0.0581377212982317,-0.0581781203083838
1.089,-0.0584094448795623,-0.0582908640821078,-0.0581920293798431,-0.058232457721211
1.08933333333333,-0.0584642465273994,-0.0583453298790533,-0.0582464729853976,-0.0582869307696272
1.08966666666667,-0.0585191851974549,-0.0583999315617653,-0.0583010524870831,-0.0583415398260127
1.09,-0.0585742612671506,-0.05845466950329,-0.0583557682584048,-0.0583962852640566
1.09033333333333,-0.0586294751152416,-0.0585095440779875,-0.0584106206741887,-0.0584511674587727
1.09066666666667,-0.0586848271218313,-0.0585645556615493,-0.058465610110588,-0.0585061867865079
1.091,-0.0587403176683712,-0.0586197046309868,-0.0585207369450886,-0.05856134362493
1.09133333333333,-0.0587959471376702,-0.0586749913646495,-0.0585760015565156,-0.0586166383530587
1.09166666666667,-0.0588517159138921,-0.0587304162422342,-0.0586314043250374,-0.0586720713512485
1.092,-0.0589076243825728,-0.0587859796447785,-0.0586869456321717,-0.0587276430012117
1.09233333333333,-0.0589636729306194,-0.0588416819546699,-0.0587426258607905,-0.0587833536860071
1.09266666666667,-0.0590198619463155,-0.0588975235556631,-0.0587984453951286,-0.0588392037900625
1.093,-0.059076191819326,-0.0589535048328622,-0.0588544046207841,-0.0588951936991668
1.09333333333333,-0.0591326629407103,-0.0590096261727493,-0.05891050392473,-0.058951323800486
1.09366666666667,-0.0591892757029197,-0.0590658879631814,-0.0589667436953133,-0.059007594482557
1.094,-0.0592460304998051,-0.0591222905933907,-0.0590231243222669,-0.0590640061353084
1.09433333333333,-0.0593029277266262,-0.0591788344539942,-0.0590796461967114,-0.0591205591500521
1.09466666666667,-0.059359967780055,-0.0592355199370076,-0.0591363097111672,-0.0591772539194991
1.095,-0.059417151058181,-0.0592923474358358,-0.0591931152595482,-0.0592340908377588
1.09533333333333,-0.0594744779605165,-0.059349317345296,-0.0592500632371745,-0.0592910703003468
1.09566666666667,-0.0595319488880087,-0.0594064300616043,-0.0593071540407812,-0.0593481927041954
1.096,-0.0595895642430365,-0.0594636859824003,-0.0593643880685261,-0.0594054584476505
1.09633333333333,-0.0596473244294218,-0.0595210855067353,-0.0594217657199806,-0.0594628679304853
1.09666666666667,-0.0597052298524348,-0.0595786290350969,-0.059479287396158,-0.0595204215539016
1.097,-0.0597632809188017,-0.0596363169693974,-0.0595369534994985,-0.0595781197205414
1.09733333333333,-0.059821478036706,-0.0596941497129931,-0.0595947644338814,-0.0596359628344801
1.09766666666667,-0.059879821615799,-0.0597521276706779,-0.0596527206046469,-0.0596939513012531
1.098,-0.0599383120672079,-0.0598102512487078,-0.0597108224185786,-0.0597520855278392
1.09833333333333,-0.0599969498035302,-0.0598685208547791,-0.0597690702839212,-0.0598103659226862
1.09866666666667,-0.0600557352388585,-0.0599269368980661,-0.0598274646103903,-0.0598687928957019
1.099,-0.0601146687887669,-0.059985499789205,-0.0598860058091714,-0.0599273668582712
1.09933333333333,-0.0601737508703336,-0.0600442099403046,-0.0599446942929241,-0.0599860882232565
1.09966666666667,-0.0602329819021407,-0.0601030677649599,-0.0600035304758006,-0.0600449574050017
1.1,-0.0602923623042739,-0.0601620736782483,-0.0600625147734341,-0.060103974819348
1.10033333333333,-0.0603518924983423,-0.0602212280967486,-0.0601216476029692,-0.0601631408836275
1.10066666666667,-0.0604115729074706,-0.0602805314385259,-0.0601809293830364,-0.0602224560166858
1.101,-0.0604714039563244,-0.0603399841231654,-0.0602403605337907,-0.0602819206388663
1.10133333333333,-0.0605313860710913,-0.0603995865717592,-0.0602999414768954,-0.0603415351720378
1.10166666666667,-0.0605915196795068,-0.060459339206916,-0.0603596726355368,-0.0604013000395877
1.102,-0.0606518052108595,-0.0605192424527699,-0.0604195544344329,-0.0604612156664357
1.10233333333333,-0.0607122430959862,-0.0605792967349916,-0.0604795872998365,-0.0605212824790301
1.10266666666667,-0.0607728337672889,-0.0606395024807811,-0.0605397716595394,-0.0605815009053748
1.103,-0.0608335776587355,-0.0606998601188925,-0.060600107942883,-0.0606418713750097
1.10333333333333,-0.0608944752058746,-0.0607603700796294,-0.0606605965807644,-0.0607023943190336
1.10366666666667,-0.0609555268458292,-0.0608210327948417,-0.0607212380056468,-0.0607630701701092
1.104,-0.0610167330173138,-0.060881848697957,-0.0607820326515507,-0.0608238993624665
1.10433333333333,-0.0610780941606385,-0.0609428182239704,-0.0608429809540783,-0.0608848823319073
1.10466666666667,-0.0611396107177173,-0.0610039418094497,-0.060904083350412,-0.0609460195158234
1.105,-0.0612012831320689,-0.0610652198925499,-0.0609653402793206,-0.0610073113531844
1.10533333333333,-0.0612631118488273,-0.0611266529130176,-0.061026752181172,-0.0610687582845608
1.10566666666667,-0.0613250973147541,-0.0611882413121946,-0.0610883194979334,-0.0611303607521275
1.106,-0.0613872399782354,-0.0612499855330319,-0.0611500426731792,-0.0611921191996625
1.10633333333333,-0.0614495402892947,-0.0613118860200838,-0.0612119221520959,-0.0612540340725592
1.10666666666667,-0.0615119986995986,-0.0613739432195298,-0.0612739583815017,-0.0613161058178403
1.107,-0.0615746156624662,-0.0614361575791702,-0.0613361518098342,-0.0613783348841553
1.10733333333333,-0.0616373916328715,-0.0614985295484376,-0.0613985028871705,-0.0614407217217801
1.10766666666667,-0.0617003270674519,-0.0615610595784062,-0.0614610120652308,-0.0615032667826467
1.108,-0.0617634224245187,-0.0616237481217907,-0.0615236797973858,-0.0615659705203315
1.10833333333333,-0.061826678164065,-0.0616865956329666,-0.0615865065386631,-0.0616288333900673
1.10866666666667,-0.0618900947477583,-0.0617496025679602,-0.0616494927457527,-0.0616918558487567
1.109,-0.0619536726389726,-0.0618127693844669,-0.0617126388770165,-0.0617550383549657
1.10933333333333,-0.0620174123027737,-0.0618760965418668,-0.0617759453924955,-0.0618183813689451
1.10966666666667,-0.0620813142059373,-0.0619395845011997,-0.0618394127539155,-0.0618818853526299
1.11,-0.0621453788169586,-0.062003233725217,-0.0619030414246973,-0.0619455507696468
1.11033333333333,-0.0622096066060466,-0.062067044678349,-0.0619668318699546,-0.0620093780853215
1.11066666666667,-0.0622739980451446,-0.0621310178267362,-0.0620307845565166,-0.0620733677666933
1.111,-0.0623385536079357,-0.0621951536382285,-0.0620948999529224,-0.0621375202825104
1.11133333333333,-0.062403273769841,-0.0622594525823929,-0.0621591785294355,-0.0622018361032435
1.11166666666667,-0.0624681590080414,-0.06232391513052,-0.0622236207580461,-0.0622663157010988
1.112,-0.0625332098014717,-0.0623885417556329,-0.062288227112485,-0.0623309595500085
1.11233333333333,-0.0625984266308362,-0.0624533329324954,-0.0623529980682222,-0.0623957681256646
1.11266666666667,-0.0626638099786142,-0.0625182891376206,-0.0624179341024852,-0.062460741905497
1.113,-0.0627293603290692,-0.0625834108492723,-0.0624830356942548,-0.0625258813686998
1.11333333333333,-0.0627950781682507,-0.0626486985474776,-0.062548303324283,-0.0625911869962402
1.11366666666667,-0.0628609639840111,-0.0627141527140338,-0.062613737475099,-0.0626566592708529
1.114,-0.0629270182660057,-0.0627797738325175,-0.0626793386310051,-0.0627222986770564
1.11433333333333,-0.062993241505704,-0.0628455623882905,-0.0627451072781016,-0.0627881057011645
1.11466666666667,-0.0630596341963977,-0.0629115188685027,-0.062811043904282,-0.0628540808312801
1.115,-0.0631261968332076,-0.0629776437621112,-0.0628771489992485,-0.0629202245573208
1.11533333333333,-0.0631929299130951,-0.063043937559873,-0.0629434230545161,-0.0629865373710114
1.11566666666667,-0.0632598339348621,-0.0631104007543758,-0.0630098665634207,-0.0630530197659012
1.116,-0.0633269093991641,-0.0631770338400136,-0.0630764800211222,-0.0631196722373704
1.11633333333333,-0.0633941568085221,-0.0632438373130269,-0.0631432639246278,-0.0631864952826272
1.11666666666667,-0.0634615766673274,-0.063310811671488,-0.0632102187727793,-0.0632534894007369
1.117,-0.0635291694818397,-0.0633779574153211,-0.0632773450662774,-0.0633206550926128
1.11733333333333,-0.0635969357602188,-0.0634452750463067,-0.0633446433076839,-0.0633879928610265
1.11766666666667,-0.0636648760125042,-0.0635127650680842,-0.0634121140014282,-0.0634555032106271
1.118,-0.0637329907506499,-0.0635804279861722,-0.0634797576538151,-0.0635231866479322
1.11833333333333,-0.0638012804885145,-0.0636482643079648,-0.0635475747730394,-0.0635910436813525
1.11866666666667,-0.0638697457418754,-0.0637162745427457,-0.0636155658691856,-0.0636590748211852
1.119,-0.0639383870284438,-0.0637844592016985,-0.063683731454245,-0.0637272805796365
1.11933333333333,-0.0640072048678582,-0.0638528187979085,-0.0637520720421121,-0.0637956614708171
1.11966666666667,-0.0640761997817066,-0.0639213538463739,-0.0638205881486084,-0.0638642180107662
1.12,-0.06414537229353,-0.06399006486402,-0.0638892802914765,-0.0639329507174386
1.12033333333333,-0.0642147229288299,-0.0640589523696934,-0.0639581489903968,-0.0640018601107306
1.12066666666667,-0.0642842522150805,-0.0641280168841885,-0.0640271947669917,-0.0640709467124865
1.121,-0.0643539606817268,-0.0641972589302418,-0.0640964181448401,-0.0641402110464947
1.12133333333333,-0.0644238488602158,-0.0642666790325444,-0.0641658196494789,-0.0642096536385111
1.12166666666667,-0.0644939172839767,-0.0643362777177556,-0.0642353998084155,-0.0642792750162584
1.122,-0.0645641664884525,-0.0644060555145071,-0.0643051591511341,-0.0643490757094408
1.12233333333333,-0.0646345970110938,-0.0644760129534084,-0.0643750982091112,-0.0644190562497473
1.12266666666667,-0.0647052093913813,-0.0645461505670609,-0.064445217515812,-0.0644892171708623
1.123,-0.064776004170825,-0.0646164688900662,-0.0645155176067128,-0.0645595590084766
1.12333333333333,-0.0648469818929712,-0.0646869684590346,-0.0645859990192986,-0.0646300823002994
1.12366666666667,-0.0649181431034202,-0.0647576498125916,-0.0646566622930795,-0.0647007875860484
1.124,-0.0649894883498301,-0.0648285134913866,-0.0647275079695969,-0.0647716754074875
1.12433333333333,-0.0650610181819292,-0.0648995600381039,-0.0647985365924293,-0.0648427463084127
1.12466666666667,-0.0651327331515206,-0.064970789997478,-0.0648697487072093,-0.0649140008346752
1.125,-0.0652046338124924,-0.0650422039162821,-0.0649411448616228,-0.0649854395341743
1.12533333333333,-0.0652767207208342,-0.0651138023433669,-0.0650127256054282,-0.0650570629568894
1.12566666666667,-0.0653489944346336,-0.0651855858296408,-0.0650844914904562,-0.0651288716548708
1.126,-0.0654214555140977,-0.0652575549280987,-0.0651564430706283,-0.0652008661822535
1.12633333333333,-0.0654941045215523,-0.0653297101938268,-0.0652285809019537,-0.0652730470952678
1.12666666666667,-0.0655669420214606,-0.065402052184002,-0.0653009055425544,-0.0653454149522515
1.127,-0.0656399685804312,-0.0654745814579114,-0.0653734175526571,-0.065417970313651
1.12733333333333,-0.0657131847672175,-0.0655472985769663,-0.0654461174946211,-0.0654907137420437
1.12766666666667,-0.0657865911527359,-0.0656202041046932,-0.065519005932933,-0.0655636458021352
1.128,-0.0658601883100812,-0.0656932986067611,-0.0655920834342224,-0.06563676706077
1.12833333333333,-0.0659339768145215,-0.0657665826509855,-0.0656653505672661,-0.0657100780869499
1.12866666666667,-0.0660079572435229,-0.0658400568073317,-0.065738807903012,-0.0657835794518313
1.129,-0.0660821301767439,-0.0659137216479342,-0.0658124560145707,-0.0658572717287536
1.12933333333333,-0.0661564961960626,-0.0659875777470982,-0.065886295477236,-0.0659311554932239
1.12966666666667,-0.0662310558855727,-0.066061625681314,-0.0659603268684936,-0.0660052313229443
1.13,-0.0663058098315963,-0.0661358660292684,-0.0660345507680267,-0.0660794997978173
1.13033333333333,-0.0663807586227007,-0.0662102993718474,-0.0661089677577294,-0.0661539614999592
1.13066666666667,-0.0664559028496999,-0.0662849262921511,-0.0661835784217138,-0.0662286170136967
1.131,-0.0665312431056716,-0.0663597473755059,-0.0662583833463261,-0.0663034669255992
1.13133333333333,-0.0666067799859624,-0.0664347632094671,-0.0663333831201521,-0.0663785118244643
1.13166666666667,-0.0666825140882013,-0.0665099743838352,-0.0664085783340228,-0.0664537523013446
1.132,-0.0667584460123091,-0.0665853814906645,-0.0664839695810288,-0.0665291889495521
1.13233333333333,-0.066834576360505,-0.0666609851242751,-0.0665595574565404,-0.0666048223646708
1.13266666666667,-0.0669109057373236,-0.0667367858812524,-0.0666353425581957,-0.0666806531445587
1.133,-0.0669874347496172,-0.0668127843604703,-0.0667113254859332,-0.066756681889374
1.13333333333333,-0.0670641640065801,-0.0668889811631041,-0.0667875068419862,-0.0668329092015658
1.13366666666667,-0.0671410941197392,-0.0669653768926194,-0.0668638872309043,-0.0669093356858997
1.134,-0.0672182257029845,-0.067041972154807,-0.0669404672595526,-0.0669859619494636
1.13433333333333,-0.0672955593725651,-0.0671187675577774,-0.0670172475371365,-0.0670627886016791
1.13466666666667,-0.0673730957471074,-0.0671957637119796,-0.067094228675195,-0.067139816254304
1.135,-0.0674508354476229,-0.0672729612302062,-0.0671714112876261,-0.0672170455214545
1.13533333333333,-0.0675287790975238,-0.0673503607276117,-0.067248795990695,-0.0672944770196091
1.13566666666667,-0.0676069273226257,-0.0674279628217155,-0.0673263834030341,-0.0673721113676195
1.136,-0.0676852807511677,-0.0675057681324091,-0.0674041741456622,-0.0674499491867274
1.13633333333333,-0.067763840013813,-0.0675837772819801,-0.0674821688420025,-0.0675279911005648
1.13666666666667,-0.0678426057436716,-0.0676619908951153,-0.0675603681178759,-0.0676062377351776
1.137,-0.0679215785763002,-0.0677404095989079,-0.0676387726015257,-0.0676846897190209
1.13733333333333,-0.0680007591497221,-0.0678190340228778,-0.0677173829236253,-0.0677633476829845
1.13766666666667,-0.0680801481044363,-0.0678978647989751,-0.0677961997172829,-0.0678422122603991
1.138,-0.0681597460834234,-0.0679769025615909,-0.0678752236180666,-0.0679212840870434
1.13833333333333,-0.0682395537321626,-0.0680561479475781,-0.0679544552640008,-0.0680005638011608
1.13866666666667,-0.0683195716986453,-0.0681356015962465,-0.0680338952955831,-0.0680800520434635
1.139,-0.0683998006333768,-0.0682152641493898,-0.0681135443557983,-0.0681597494571551
1.13933333333333,-0.0684802411894001,-0.0682951362512882,-0.068193403090127,-0.068239656687931
1.13966666666667,-0.0685608940222923,-0.0683752185487208,-0.0682734721465611,-0.0683197743839933
1.14,-0.0686417597901971,-0.0684555116909794,-0.0683537521756011,-0.0684001031960674
1.14033333333333,-0.0687228391538168,-0.0685360163298752,-0.0684342438302908,-0.0684806437774072
1.14066666666667,-0.0688041327764298,-0.0686167331197581,-0.0685149477662066,-0.0685613967838032
1.141,-0.0688856413239154,-0.0686976627175205,-0.0685958646414867,-0.0686423628736079
1.14133333333333,-0.0689673654647462,-0.068778805782618,-0.06867699511683,-0.0687235427077355
1.14166666666667,-0.0690493058700069,-0.068860162977061,-0.0687583398555094,-0.0688049369496771
1.142,-0.0691314632134128,-0.0689417349654618,-0.068839899523395,-0.0688865462655114
1.14233333333333,-0.0692138381713194,-0.0690235224150065,-0.0689216747889568,-0.068968371323918
1.14266666666667,-0.0692964314227309,-0.069105525995497,-0.0690036663232673,-0.0690504127962004
1.143,-0.0693792436493066,-0.0691877463793466,-0.0690858748000405,-0.0691326713562657
1.14333333333333,-0.0694622755353913,-0.0692701842416037,-0.0691683008956145,-0.0692151476806738
1.14366666666667,-0.0695455277680115,-0.0693528402599499,-0.0692509452889835,-0.0692978424486351
1.144,-0.0696290010368946,-0.0694357151147227,-0.0693338086618051,-0.0693807563420048
1.14433333333333,-0.0697126960344793,-0.0695188094889249,-0.0694168916984012,-0.0694638900453301
1.14466666666667,-0.0697966134559284,-0.0696021240682398,-0.0695001950857863,-0.0695472442458347
1.145,-0.0698807539991447,-0.0696856595410331,-0.0695837195136744,-0.0696308196334416
1.14533333333333,-0.0699651183647778,-0.069769416598383,-0.0696674656744913,-0.069714616900783
1.14566666666667,-0.0700497072562407,-0.0698533959340728,-0.0697514342633815,-0.0697986367432211
1.146,-0.0701345213797266,-0.0699375982446204,-0.0698356259782299,-0.0698828798588474
1.14633333333333,-0.0702195614442094,-0.0700220242292755,-0.0699200415196701,-0.0699673469485028
1.14666666666667,-0.0703048281614681,-0.0701066745900496,-0.0700046815910949,-0.0700520387157927
1.147,-0.0703903222460989,-0.0701915500317146,-0.0700895468986739,-0.0701369558670928
1.14733333333333,-0.0704760444155224,-0.0702766512618223,-0.0701746381513638,-0.0702220991115697
1.14766666666667,-0.0705619953899994,-0.0703619789907118,-0.0702599560609237,-0.0703074691611852
1.148,-0.0706481758926467,-0.0704475339315319,-0.0703455013419192,-0.0703930667307203
1.14833333333333,-0.0707345866494522,-0.0705333168002439,-0.0704312747117508,-0.0704788925377787
1.14866666666667,-0.0708212283892731,-0.0706193283156444,-0.0705172768906547,-0.0705649473028002
1.149,-0.0709081018438703,-0.0707055691993685,-0.0706035086017227,-0.0706512317490808
1.14933333333333,-0.0709952077479139,-0.0707920401759097,-0.0706899705709053,-0.0707377466027859
1.14966666666667,-0.0710825468389879,-0.0708787419726318,-0.0707766635270398,-0.0708244925929509
1.15,-0.0711701198576153,-0.0709656753197836,-0.0708635882018604,-0.0709114704515124
1.15033333333333,-0.0712579275472696,-0.0710528409505077,-0.0709507453299958,-0.0709986809133072
1.15066666666667,-0.0713459706543856,-0.0711402396008584,-0.0710381356490071,-0.0710861247160931
1.151,-0.0714342499283726,-0.0712278720098145,-0.0711257598993779,-0.0711738026005658
1.15133333333333,-0.0715227661216328,-0.0713157389192908,-0.0712136188245522,-0.0712617153103661
1.15166666666667,-0.071611519989575,-0.0714038410741611,-0.0713017131709272,-0.0713498635920879
1.152,-0.0717005122906208,-0.0714921792222524,-0.0713900436878759,-0.0714382481953126
1.15233333333333,-0.0717897437862315,-0.0715807541143769,-0.0714786111277639,-0.0715268698726019
1.15266666666667,-0.0718792152409146,-0.0716695665043424,-0.0715674162459597,-0.0716157293795251
1.153,-0.071968927422231,-0.0717586171489629,-0.0716564598008466,-0.0717048274746606
1.15333333333333,-0.0720588811008313,-0.0718479068080713,-0.0717457425538443,-0.0717941649196321
1.15366666666667,-0.0721490770504472,-0.0719374362445373,-0.0718352652694126,-0.0718837424790935
1.154,-0.0722395160479205,-0.0720272062242807,-0.0719250287150775,-0.0719735609207692
1.15433333333333,-0.0723301988732098,-0.0721172175162889,-0.0720150336614359,-0.0720636210154552
1.15466666666667,-0.0724211263094099,-0.0722074708926192,-0.072105280882181,-0.0721539235370305
1.155,-0.0725122991427671,-0.0722979671284346,-0.0721957711541036,-0.0722444692624892
1.15533333333333,-0.0726037181626892,-0.072388707001994,-0.0722865052571141,-0.0723352589719306
1.15566666666667,-0.072695384161764,-0.0724796912946898,-0.0723774839742565,-0.0724262934485931
1.156,-0.072787297935779,-0.0725709207910423,-0.0724687080917258,-0.0725175734788667
1.15633333333333,-0.0728794602837247,-0.0726623962787303,-0.0725601783988779,-0.0726090998522991
1.15666666666667,-0.072971872007824,-0.0727541185485974,-0.0726518956882488,-0.0727008733616114
1.157,-0.0730645339135332,-0.0728460883946696,-0.0727438607555688,-0.072792894802729
1.15733333333333,-0.0731574468095724,-0.0729383066141716,-0.0728360743997728,-0.0728851649747721
1.15766666666667,-0.0732506115079234,-0.0730307740075348,-0.0729285374230247,-0.0729776846800959
1.158,-0.0733440288238639,-0.0731234913784308,-0.073021250630723,-0.0730704547242832
1.15833333333333,-0.0734376995759746,-0.073216459533761,-0.0731142148315233,-0.0731634759161811
1.15866666666667,-0.0735316245861496,-0.0733096792836952,-0.0732074308373534,-0.073256749067899
1.159,-0.0736258046796192,-0.0734031514416688,-0.0733008994634223,-0.0733502749948299
1.15933333333333,-0.0737202406849617,-0.0734968768244143,-0.0733946215282425,-0.0734440545156728
1.15966666666667,-0.0738149334341331,-0.0735908562519641,-0.0734885978536453,-0.0735380884524419
1.16,-0.0739098837624609,-0.0736850905476777,-0.0735828292647961,-0.073632377630482
1.16033333333333,-0.0740050925086736,-0.0737795805382451,-0.073677316590205,-0.0737269228784849
1.16066666666667,-0.0741005605149167,-0.0738743270537136,-0.0737720606617515,-0.0738217250285096
1.161,-0.0741962886267696,-0.073969330927499,-0.0738670623146938,-0.0739167849159946
1.16133333333333,-0.0742922776932567,-0.0740645929963994,-0.0739623223876899,-0.0740121033797703
1.16166666666667,-0.0743885285668685,-0.0741601141006212,-0.0740578417228059,-0.0741076812620884
1.162,-0.0744850421035785,-0.0742558950837802,-0.0741536211655469,-0.0742035194086237
1.16233333333333,-0.0745818191628541,-0.0743519367929324,-0.0742496615648612,-0.0742996186684982
1.16266666666667,-0.0746788606076817,-0.0744482400785803,-0.074345963773156,-0.0743959798942962
1.163,-0.0747761673045795,-0.0745448057946955,-0.0744425286463247,-0.0744926039420798
1.16333333333333,-0.0748737401236129,-0.0746416347987388,-0.0745393570437525,-0.0745894916714076
1.16366666666667,-0.074971579938418,-0.0747387279516606,-0.0746364498283426,-0.0746866439453539
1.164,-0.0750696876262061,-0.0748360861179355,-0.0747338078665255,-0.0747840616305136
1.16433333333333,-0.0751680640678049,-0.074933710165575,-0.0748314320282813,-0.0748817455970402
1.16466666666667,-0.0752667101476398,-0.0750316009661343,-0.0749293231871553,-0.0749796967186377
1.165,-0.0753656267537953,-0.0751297593947486,-0.0750274822202718,-0.075077915872604
1.16533333333333,-0.0754648147779875,-0.0752281863301304,-0.075125910008356,-0.0751764039398241
1.16566666666667,-0.075564275115619,-0.0753268826545936,-0.075224607435754,-0.0752751618048041
1.166,-0.0756640086657756,-0.075425849254083,-0.07532357539044,-0.0753741903556814
1.16633333333333,-0.0757640163312547,-0.0755250870181731,-0.075422814764043,-0.075473490484248
1.16666666666667,-0.075864299018572,-0.0756245968400963,-0.0755223264518613,-0.0755730630859594
1.167,-0.0759648576379937,-0.0757243796167614,-0.0756221113528856,-0.0756729090599562
1.16733333333333,-0.0760656931035404,-0.0758244362487684,-0.0757221703698003,-0.0757730293090898
1.16766666666667,-0.0761668063330243,-0.0759247676404216,-0.0758225044090261,-0.0758734247399309
1.168,-0.0762681982480427,-0.0760253746997576,-0.075923114380719,-0.0759740962627844
1.16833333333333,-0.0763698697740217,-0.0761262583385612,-0.0760240011987961,-0.076075044791723
1.16866666666667,-0.0764718218402127,-0.0762274194723735,-0.0761251657809503,-0.0761762712445908
1.169,-0.0765740553797327,-0.0763288590205229,-0.0762266090486784,-0.076277776543027
1.16933333333333,-0.076676571329563,-0.0764305779061391,-0.0763283319272825,-0.0763795616124917
1.16966666666667,-0.0767793706305808,-0.0765325770561683,-0.0764303353459076,-0.0764816273822646
1.17,-0.0768824542275723,-0.0766348574013976,-0.0765326202375466,-0.0765839747854851
1.17033333333333,-0.0769858230692637,-0.0767374198764688,-0.0766351875390665,-0.076686604759166
1.17066666666667,-0.0770894781083223,-0.0768402654198981,-0.0767380381912207,-0.0767895182441993
1.171,-0.0771934203013876,-0.0769433949740987,-0.0768411731386781,-0.0768927161853903
1.17133333333333,-0.0772976506090881,-0.0770468094853967,-0.0769445933300321,-0.0769961995314762
1.17166666666667,-0.0774021699960575,-0.0771505099040531,-0.0770482997178272,-0.0770999692351298
1.172,-0.0775069794309655,-0.0772544971842768,-0.0771522932585699,-0.0772040262529992
1.17233333333333,-0.077612079886529,-0.0773587722842518,-0.0772565749127638,-0.0773083715457134
1.17266666666667,-0.0777174723395253,-0.0774633361661508,-0.077361145644909,-0.0774130060779071
1.173,-0.0778231577708288,-0.077568189796158,-0.0774660064235383,-0.0775179308182402
1.17333333333333,-0.0779291371654181,-0.077673334144492,-0.0775711582212283,-0.077623146739418
1.17366666666667,-0.0780354115124042,-0.0777787701854152,-0.0776766020146225,-0.0777286548182053
1.174,-0.0781419818050424,-0.0778844988972642,-0.0777823387844527,-0.0778344560354611
1.17433333333333,-0.0782488490407674,-0.0779905212624658,-0.0778883695155561,-0.077940551376142
1.17466666666667,-0.0783560142211941,-0.0780968382675579,-0.0779946951968933,-0.0780469418293291
1.175,-0.0784634783521581,-0.0782034509032055,-0.0781013168215801,-0.0781536283882502
1.17533333333333,-0.0785712424437155,-0.0783103601642341,-0.07820823538689,-0.0782606120503061
1.17566666666667,-0.0786793075101926,-0.0784175670496262,-0.0783154518942958,-0.0783678938170711
1.176,-0.0787876745701795,-0.0785250725625756,-0.0784229673494736,-0.0784754746943383
1.17633333333333,-0.0788963446465609,-0.0786328777104728,-0.0785307827623284,-0.078583355692124
1.17666666666667,-0.079005318766548,-0.0787409835049534,-0.0786388991470207,-0.078691537824694
1.177,-0.0791145979616839,-0.0788493909619033,-0.0787473175219852,-0.078800022110584
1.17733333333333,-0.0792241832678735,-0.0789581011014884,-0.0788560389099448,-0.0789088095726225
1.17766666666667,-0.0793340757254062,-0.0790671149481666,-0.07896506433794,-0.0790179012379548
1.178,-0.0794442763789734,-0.0791764335307209,-0.0790743948373468,-0.0791272981380531
1.17833333333333,-0.0795547862776995,-0.0792860578822763,-0.0791840314439042,-0.0792370013087498
1.17866666666667,-0.0796656064751489,-0.0793959890403141,-0.0792939751977242,-0.079347011790259
1.179,-0.0797767380293598,-0.0795062280466999,-0.0794042271433303,-0.0794573306271861
1.17933333333333,-0.0798881820028697,-0.0796167759477145,-0.0795147883296586,-0.0795679588685656
1.17966666666667,-0.0799999394627202,-0.0797276337940533,-0.0796256598101024,-0.0796788975678693
1.18,-0.080112011480506,-0.0798388026408756,-0.079736842642515,-0.0797901477830459
1.18033333333333,-0.0802243991323704,-0.0799502835478018,-0.0798483378892471,-0.0799017105765198
1.18066666666667,-0.0803371034990496,-0.0800620775789574,-0.079960146617161,-0.0800135870152356
1.181,-0.0804501256658847,-0.0801741858029767,-0.0800722698976504,-0.0801257781706674
1.18133333333333,-0.0805634667228459,-0.0802866092930379,-0.0801847088066739,-0.0802382851188458
1.18166666666667,-0.0806771277645612,-0.0803993491268824,-0.0802974644247719,-0.0803511089403822
1.182,-0.0807911098903332,-0.080512406386837,-0.0804105378370823,-0.0804642507204922
1.18233333333333,-0.0809054142041683,-0.080625782159838,-0.0805239301333832,-0.0805777115490106
1.18266666666667,-0.0810200418147945,-0.0807394775374549,-0.0806376424080937,-0.0806914925204308
1.183,-0.081134993835693,-0.0808534936159074,-0.0807516757603135,-0.0808055947339071
1.18333333333333,-0.0812502713851168,-0.0809678314961019,-0.0808660312938421,-0.0809200192933008
1.18366666666667,-0.0813658755861159,-0.0810824922836444,-0.0809807101171948,-0.0810347673071833
1.184,-0.0814818075665586,-0.081197477088862,-0.081095713343639,-0.0811498398888801
1.18433333333333,-0.0815980684591626,-0.0813127870268414,-0.0812110420912091,-0.0812652381564701
1.18466666666667,-0.0817146594015205,-0.0814284232174346,-0.0813266974827367,-0.0813809632328363
1.185,-0.0818315815361128,-0.0815443867853023,-0.0814426806458753,-0.0814970162456741
1.18533333333333,-0.0819488360103464,-0.0816606788599168,-0.0815589927131103,-0.0816133983275175
1.18566666666667,-0.0820664239765706,-0.0817773005756042,-0.081675634821808,-0.0817301106157673
1.186,-0.082184346592103,-0.0818942530715606,-0.0817926081142195,-0.0818471542527097
1.18633333333333,-0.0823026050192635,-0.0820115374918819,-0.0819099137375155,-0.081964530385551
1.18666666666667,-0.0824212004253904,-0.082129154985581,-0.0820275528438104,-0.0820822401664341
1.187,-0.0825401339828698,-0.0822471067066203,-0.0821455265901833,-0.0822002847524682
1.18733333333333,-0.0826594068691612,-0.0823653938139332,-0.0822638361387094,-0.0823186653057514
1.18766666666667,-0.0827790202668223,-0.0824840174714488,-0.0823824826564849,-0.0824373829933954
1.188,-0.0828989753635363,-0.0826029788481194,-0.0825014673156421,-0.0825564389875549
1.18833333333333,-0.083019273352136,-0.0827222791179471,-0.0826207912933917,-0.0826758344654531
1.18866666666667,-0.0831399154306388,-0.0828419194600048,-0.0827404557720367,-0.0827955706094051
1.189,-0.0832609028022619,-0.0829619010584702,-0.0828604619390016,-0.0829156486068404
1.18933333333333,-0.0833822366754526,-0.083082225102643,-0.0829808109868597,-0.0830360696503377
1.18966666666667,-0.0835039182639172,-0.0832028927869752,-0.0831015041133647,-0.0831568349376511
1.19,-0.0836259487866493,-0.0833239053110998,-0.0832225425214588,-0.0832779456717185
1.19033333333333,-0.0837483294679577,-0.0834452638798553,-0.0833439274193266,-0.0833994030607194
1.19066666666667,-0.0838710615374819,-0.0835669697033069,-0.0834656600203983,-0.0835212083180732
1.191,-0.0839941462302378,-0.0836890239967862,-0.0835877415433881,-0.0836433626624815
1.19133333333333,-0.0841175847866325,-0.0838114279809059,-0.083710173212322,-0.0837658673179527
1.19166666666667,-0.0842413784524976,-0.0839341828815884,-0.0838329562565611,-0.0838887235138248
1.192,-0.0843655284791162,-0.0840572899301063,-0.0839560919108297,-0.0840119324848
1.19233333333333,-0.0844900361232494,-0.0841807503630916,-0.0840795814152448,-0.0841354954709646
1.19266666666667,-0.0846149026471678,-0.0843045654225785,-0.0842034260153423,-0.0842594137178219
1.193,-0.0847401293186758,-0.0844287363560207,-0.0843276269621095,-0.0843836884763219
1.19333333333333,-0.0848657174111462,-0.0845532644163191,-0.0844521855120029,-0.0845083210028839
1.19366666666667,-0.0849916682035461,-0.084678150861863,-0.0845771029269915,-0.0846333125594302
1.194,-0.0851179829804624,-0.0848033969565459,-0.0847023804745683,-0.0847586644134039
1.19433333333333,-0.0852446630321365,-0.0849290039697986,-0.0848280194277947,-0.084884377837818
1.19466666666667,-0.0853717096544913,-0.0850549731766143,-0.0849540210653184,-0.0850104541112611
1.195,-0.0854991241491631,-0.0851813058575857,-0.0850803866714092,-0.085136894517941
1.19533333333333,-0.0856269078235272,-0.0853080032989223,-0.0852071175359872,-0.0852637003477151
1.19566666666667,-0.08575506199073,-0.0854350667924936,-0.0853342149546433,-0.0853908728961017
1.196,-0.0858835879697221,-0.085562497635844,-0.0854616802286839,-0.085518413464338
1.19633333333333,-0.0860124870852814,-0.0856902971322325,-0.0855895146651543,-0.0856463233593833
1.19666666666667,-0.0861417606680546,-0.0858184665906585,-0.0857177195768552,-0.0857746038939654
1.197,-0.0862714100545771,-0.085947007325897,-0.0858462962823963,-0.0859032563866016
1.19733333333333,-0.0864014365873046,-0.0860759206585121,-0.0859752461062101,-0.0860322821616311
1.19766666666667,-0.0865318416146567,-0.0862052079149159,-0.0861045703785915,-0.0861616825492557
1.198,-0.0866626264910366,-0.0863348704273698,-0.0862342704357187,-0.0862914588855538
1.19833333333333,-0.0867937925768585,-0.0864649095340317,-0.0863643476196957,-0.0864216125125179
1.19866666666667,-0.0869253412385951,-0.0865953265789855,-0.0864948032785712,-0.0865521447780923
1.199,-0.0870572738487936,-0.0867261229122677,-0.0866256387663849,-0.0866830570361968
1.19933333333333,-0.0871895917861184,-0.0868572998898963,-0.0867568554431781,-0.0868143506467578
1.19966666666667,-0.0873222964353805,-0.0869888588739194,-0.0868884546750513,-0.0869460269757444
1.2,-0.087455389187564,-0.0871208012324162,-0.0870204378341688,-0.0870780873951946
1.20033333333333,-0.0875888714398708,-0.0872531283395603,-0.0871528062988133,-0.0872105332832549
1.20066666666667,-0.0877227445957385,-0.0873858415756307,-0.087285561453405,-0.087343366024205
1.201,-0.0878570100648852,-0.0875189423270568,-0.0874187046885382,-0.0874765870084907
1.20133333333333,-0.0879916692633416,-0.0876524319864374,-0.0875522374010135,-0.0876101976327702
1.20166666666667,-0.088126723613477,-0.0877863119525904,-0.0876861609938689,-0.0877441992999187
1.202,-0.088262174544038,-0.0879205836305667,-0.0878204768764171,-0.0878785934190882
1.20233333333333,-0.0883980234901846,-0.0880552484317005,-0.0879551864642787,-0.08801338140573
1.20266666666667,-0.088534271893522,-0.0881903077736328,-0.0880902911794027,-0.0881485646816307
1.203,-0.0886709212021307,-0.0883257630803405,-0.0882257924501254,-0.0882841446749331
1.20333333333333,-0.0888079728706067,-0.0884616157821875,-0.0883616917111751,-0.0884201228201967
1.20366666666667,-0.0889454283600995,-0.0885978673159336,-0.0884979904037281,-0.0885565005583966
1.204,-0.0890832891383293,-0.0887345191247948,-0.088634689975432,-0.0886932793369934
1.20433333333333,-0.0892215566796472,-0.0888715726584576,-0.0887717918804451,-0.0888304606099435
1.20466666666667,-0.0893602324650544,-0.0890090293731216,-0.0889092975794685,-0.0889680458377408
1.205,-0.0894993179822339,-0.0891468907315369,-0.0890472085397827,-0.0891060364874466
1.20533333333333,-0.0896388147256052,-0.089285158203027,-0.0891855262352804,-0.0892444340327418
1.20566666666667,-0.0897787241963423,-0.0894238332635412,-0.0893242521464997,-0.0893832399539406
1.206,-0.0899190479024202,-0.0895629173956735,-0.0894633877606721,-0.0895224557380347
1.20633333333333,-0.0900597873586425,-0.0897024120887118,-0.0896029345717362,-0.0896620828787384
1.20666666666667,-0.0902009440866853,-0.089842318838663,-0.0897428940804009,-0.0898021228765061
1.207,-0.0903425196151338,-0.0899826391482929,-0.0898832677941547,-0.0899425772385828
1.20733333333333,-0.0904845154795221,-0.0901233745271619,-0.0900240572273259,-0.0900834474790339
1.20766666666667,-0.0906269332223507,-0.0902645264916685,-0.0901652639010981,-0.0902247351187851
1.208,-0.0907697743931577,-0.0904060965650728,-0.0903068893435609,-0.0903664416856566
1.20833333333333,-0.0909130405485269,-0.0905480862775418,-0.0904489350897452,-0.0905085687144001
1.20866666666667,-0.0910567332521464,-0.0906904971661839,-0.0905914026816548,-0.0906511177467386
1.209,-0.0912008540748273,-0.0908333307750899,-0.0907342936683116,-0.0907940903314026
1.20933333333333,-0.0913454045945595,-0.0909765886553635,-0.0908776096057842,-0.0909374880241653
1.20966666666667,-0.0914903863965471,-0.0911202723651658,-0.091021352057236,-0.0910813123878863
1.21,-0.0916358010732347,-0.0912643834697527,-0.0911655225929558,-0.0912255649925418
1.21033333333333,-0.0917816502243665,-0.091408923541504,-0.0913101227903987,-0.0913702474152708
1.21066666666667,-0.0919279354570107,-0.0915538941599791,-0.0914551542342283,-0.0915153612404089
1.211,-0.0920746583856042,-0.0916992969119363,-0.0916006185163485,-0.0916609080595312
1.21133333333333,-0.09222182063199,-0.0918451333913879,-0.0917465172359488,-0.0918068894714844
1.21166666666667,-0.0923694238254682,-0.0919914051996253,-0.0918928519995433,-0.0919533070824372
1.212,-0.0925174696028228,-0.0921381139452735,-0.0920396244210055,-0.0921001625059077
1.21233333333333,-0.0926659596083692,-0.0922852612443194,-0.0921868361216151,-0.0922474573628125
1.21266666666667,-0.0928148954939904,-0.0924328487201546,-0.0923344887300934,-0.0923951932814998
1.213,-0.0929642789191895,-0.0925808780036161,-0.0924825838826443,-0.0925433718977999
1.21333333333333,-0.0931141115511202,-0.0927293507330278,-0.0926311232230004,-0.0926919948550533
1.21366666666667,-0.0932643950646333,-0.0928782685542446,-0.092780108402448,-0.0928410638041614
1.214,-0.0934151311423134,-0.0930276331206822,-0.0929295410798966,-0.0929905804036239
1.21433333333333,-0.0935663214745355,-0.0931774460933696,-0.0930794229218876,-0.0931405463195753
1.21466666666667,-0.0937179677594876,-0.0933277091409842,-0.0932297556026662,-0.093290963225838
1.215,-0.0938700717032286,-0.0934784239398976,-0.0933805408042007,-0.0934418328039557
1.21533333333333,-0.0940226350197258,-0.0936295921742138,-0.0935317802162323,-0.0935931567432373
1.21566666666667,-0.0941756594309044,-0.0937812155358149,-0.0936834755363267,-0.0937449367408011
1.216,-0.0943291466666754,-0.0939332957244016,-0.0938356284699031,-0.0938971745016126
1.21633333333333,-0.0944830984650014,-0.0940858344475336,-0.093988240730282,-0.0940498717385364
1.21666666666667,-0.0946375165719219,-0.0942388334206791,-0.0941413140387408,-0.0942030301723693
1.217,-0.0947924027416134,-0.0943922943672554,-0.0942948501245321,-0.0943566515318964
1.21733333333333,-0.0949477587364169,-0.0945462190186672,-0.0944488507249541,-0.0945107375539162
1.21766666666667,-0.0951035863269018,-0.0947006091143595,-0.094603317585374,-0.0946652899833072
1.218,-0.0952598872918989,-0.0948554664018548,-0.0947582524592851,-0.0948203105730556
1.21833333333333,-0.0954166634185487,-0.0950107926367989,-0.0949136571083534,-0.0949758010843017
1.21866666666667,-0.0955739165023463,-0.0951665895830101,-0.0950695333024464,-0.0951317632863983
1.219,-0.0957316483471992,-0.0953228590125212,-0.0952258828196962,-0.0952881989569397
1.21933333333333,-0.0958898607654504,-0.0954796027056177,-0.0953827074465404,-0.095445109881814
1.21966666666667,-0.0960485555779549,-0.0956368224508987,-0.0955400089777587,-0.0956024978552514
1.22,-0.0962077346140966,-0.0957945200453151,-0.0956977892165313,-0.0957603646798653
1.22033333333333,-0.0963673997118598,-0.0959526972942015,-0.0958560499744777,-0.0959187121667009
1.22066666666667,-0.0965275527178656,-0.0961113560113537,-0.096014793071712,-0.096077542135288
1.221,-0.0966881954874219,-0.0962704980190472,-0.0961740203368738,-0.0962368564136748
1.22133333333333,-0.0968493298845708,-0.0964301251480972,-0.0963337336071987,-0.0963966568384855
1.22166666666667,-0.0970109577821406,-0.0965902392379076,-0.096493934728545,-0.0965569452549674
1.222,-0.0971730810617926,-0.0967508421365112,-0.0966546255554519,-0.0967177235170327
1.22233333333333,-0.09733570161407,-0.0969119357006211,-0.0968158079511881,-0.0968789934873127
1.22266666666667,-0.0974988213384544,-0.0970735217956813,-0.0969774837877983,-0.0970407570372027
1.223,-0.0976624421433987,-0.0972356022959183,-0.0971396549461518,-0.0972030160469177
1.22333333333333,-0.0978265659463992,-0.0973981790843734,-0.0973023233159907,-0.0973657724055299
1.22366666666667,-0.0979911946740281,-0.0975612540529754,-0.0974654907959845,-0.0975290280110248
1.224,-0.0981563302619949,-0.0977248291025719,-0.0976291592937801,-0.0976927847703552
1.22433333333333,-0.0983219746551988,-0.0978889061429889,-0.0977933307260366,-0.0978570445994865
1.22466666666667,-0.0984881298077719,-0.0980534870930766,-0.0979580070185042,-0.0980218094234433
1.225,-0.0986547976831368,-0.0982185738807628,-0.098123190106048,-0.0981870811763687
1.22533333333333,-0.0988219802540601,-0.098384168443099,-0.098288881932711,-0.0983528618015716
1.22566666666667,-0.0989896795027016,-0.0985502727263178,-0.0984550844517732,-0.0985191532515752
1.226,-0.0991578974206679,-0.0987168886858829,-0.098621799625786,-0.0986859574881717
1.22633333333333,-0.099326636009066,-0.0988840182865377,-0.0987890294266413,-0.0988532764824752
1.22666666666667,-0.0994958972785644,-0.0990516635023583,-0.098956775835613,-0.099021112214977
1.227,-0.0996656832494308,-0.0992198263168079,-0.0991250408434093,-0.0991894666755873
1.22733333333333,-0.0998359959516018,-0.0993885087227919,-0.0992938264502425,-0.0993583418636991
1.22766666666667,-0.100006837424735,-0.0995577127227018,-0.0994631346658599,-0.0995277397882416
1.228,-0.10017820971825,-0.0997274403284833,-0.099632967509609,-0.0996976624677245
1.22833333333333,-0.10035011489141,-0.0998976935616772,-0.0998033270104993,-0.0998681119303034
1.22866666666667,-0.100522555013353,-0.100068474453478,-0.0999742152072414,-0.100039090213827
1.229,-0.100695532163159,-0.100239785044792,-0.100145634148314,-0.100210599365898
1.22933333333333,-0.100869048429912,-0.10041162738629,-0.10031758589201,-0.100382641443922
1.22966666666667,-0.101043105912743,-0.100584003538454,-0.100490072506505,-0.100555218515164
1.23,-0.101217706720899,-0.100756915571655,-0.100663096069897,-0.100728332656806
1.23033333333333,-0.101392852973792,-0.100930365566185,-0.100836658670276,-0.100901985956013
1.23066666666667,-0.101568546801072,-0.101104355612325,-0.101010762405784,-0.101076180509971
1.231,-0.101744790342664,-0.101278887810403,-0.101185409384649,-0.101250918425957
1.23133333333333,-0.101921585748844,-0.101453964270846,-0.101360601725271,-0.101426201821393
1.23166666666667,-0.102098935180294,-0.101629587114243,-0.101536341556261,-0.101602032823905
1.232,-0.102276840808159,-0.101805758471401,-0.101712631016515,-0.101778413571379
1.23233333333333,-0.102455304814105,-0.101982480483392,-0.101889472255253,-0.101955346212024
1.23266666666667,-0.102634329390386,-0.102159755301643,-0.102066867432098,-0.10213283290442
1.233,-0.102813916739903,-0.102337585087951,-0.102244818717113,-0.102310875817597
1.23333333333333,-0.102994069076262,-0.102515972014583,-0.102423328290892,-0.102489477131075
1.23366666666667,-0.103174788623837,-0.102694918264312,-0.102602398344596,-0.102668639034936
1.234,-0.103356077617835,-0.102874426030485,-0.102782031080016,-0.102848363729881
1.23433333333333,-0.103537938304362,-0.103054497517083,-0.102962228709644,-0.103028653427289
1.23466666666667,-0.103720372940464,-0.103235134938782,-0.103142993456728,-0.103209510349283
1.235,-0.103903383794224,-0.103416340521013,-0.103324327555338,-0.103390936728789
1.23533333333333,-0.104086973144799,-0.10359811650003,-0.103506233250423,-0.1035729348096
1.23566666666667,-0.104271143282496,-0.10378046512296,-0.10368871279788,-0.103755506846432
1.236,-0.104455896508837,-0.103963388647882,-0.103871768464612,-0.103938655104997
1.23633333333333,-0.104641235136622,-0.104146889343878,-0.104055402528592,-0.104122381862067
1.23666666666667,-0.104827161489986,-0.104330969491096,-0.104239617278934,-0.104306689405522
1.237,-0.105013677904482,-0.104515631380827,-0.10442441501595,-0.104491580034429
1.23733333333333,-0.105200786727137,-0.104700877315553,-0.104609798051216,-0.104677056059114
1.23766666666667,-0.105388490316519,-0.104886709609024,-0.104795768707643,-0.104863119801198
1.238,-0.105576791042803,-0.105073130586318,-0.104982329319531,-0.105049773593691
1.23833333333333,-0.105765691287845,-0.105260142583907,-0.105169482232654,-0.105237019781053
1.23866666666667,-0.105955193445248,-0.105447747949726,-0.105357229804307,-0.105424860719246
1.239,-0.106145299920424,-0.105635949043232,-0.105545574403387,-0.105613298775815
1.23933333333333,-0.106336013130675,-0.105824748235481,-0.105734518410456,-0.10580233632995
1.23966666666667,-0.106527335505254,-0.106014147909196,-0.105924064217803,-0.10599197577256
1.24,-0.106719269485433,-0.106204150458819,-0.106114214229522,-0.106182219506325
1.24033333333333,-0.106911817524583,-0.106394758290603,-0.106304970861583,-0.106373069945789
1.24066666666667,-0.10710498208824,-0.106585973822654,-0.106496336541886,-0.106564529517409
1.241,-0.107298765654173,-0.106777799485033,-0.106688313710348,-0.106756600659635
1.24133333333333,-0.10749317071246,-0.10697023771979,-0.106880904818962,-0.106949285822977
1.24166666666667,-0.107688199765564,-0.107163290981062,-0.107074112331875,-0.107142587470072
1.242,-0.1078838553284,-0.107356961735136,-0.107267938725457,-0.10733650807577
1.24233333333333,-0.108080139928408,-0.10755125246051,-0.107462386488369,-0.107531050127183
1.24266666666667,-0.108277056105631,-0.107746165647978,-0.107657458121643,-0.107726216123776
1.243,-0.108474606412792,-0.107941703800701,-0.107853156138752,-0.107922008577434
1.24333333333333,-0.108672793415358,-0.108137869434265,-0.108049483065677,-0.108118430012529
1.24366666666667,-0.108871619691631,-0.108334665076778,-0.108246441440988,-0.108315482966001
1.244,-0.109071087832806,-0.108532093268921,-0.108444033815918,-0.108513169987432
1.24433333333333,-0.109271200443068,-0.108730156564041,-0.108642262754434,-0.108711493639116
1.24466666666667,-0.10947196013965,-0.108928857528209,-0.10884113083332,-0.10891045649614
1.245,-0.109673369552922,-0.109128198740308,-0.109040640642241,-0.109110061146447
1.24533333333333,-0.109875431326469,-0.109328182792098,-0.10924079478383,-0.109310310190934
1.24566666666667,-0.11007814811716,-0.109528812288312,-0.109441595873761,-0.109511206243509
1.246,-0.11028152259524,-0.109730089846707,-0.109643046540822,-0.109712751931174
1.24633333333333,-0.110485557444408,-0.109932018098156,-0.109845149427008,-0.109914949894114
1.24666666666667,-0.110690255361881,-0.110134599686724,-0.11004790718758,-0.110117802785754
1.247,-0.1108956190585,-0.11033783726975,-0.110251322491151,-0.110321313272856
1.24733333333333,-0.111101651258787,-0.110541733517915,-0.110455398019779,-0.110525484035588
1.24766666666667,-0.111308354701051,-0.110746291115335,-0.110660136469029,-0.110730317767613
1.248,-0.111515732137452,-0.110951512759629,-0.110865540548059,-0.110935817176159
1.24833333333333,-0.111723786334087,-0.111157401162006,-0.111071612979711,-0.111141984982112
1.24866666666667,-0.111932520071084,-0.111363959047351,-0.111278356500574,-0.11134882392008
1.249,-0.112141936142678,-0.11157118915429,-0.111485773861092,-0.111556336738495
1.24933333333333,-0.112352037357298,-0.111779094235298,-0.11169386782562,-0.111764526199688
1.24966666666667,-0.112562826537648,-0.111987677056752,-0.111902641172521,-0.111973395079968
1.25,-0.112774306520804,-0.112196940399037,-0.112112096694258,-0.112182946169702
1.25033333333333,-0.112986480158289,-0.112406887056627,-0.112322237197465,-0.112393182273422
1.25066666666667,-0.113199350316167,-0.112617519838154,-0.112533065503036,-0.11260410620988
1.251,-0.113412919875127,-0.112828841566512,-0.112744584446214,-0.112815720812155
1.25133333333333,-0.113627191730579,-0.113040855078936,-0.112956796876676,-0.113028028927736
1.25166666666667,-0.113842168792736,-0.113253563227083,-0.11316970565862,-0.113241033418597
1.252,-0.114057853986705,-0.11346696887712,-0.113383313670853,-0.113454737161298
1.25233333333333,-0.114274250252577,-0.113681074909827,-0.113597623806881,-0.113669143047071
1.25266666666667,-0.114491360545519,-0.113895884220664,-0.113812638974994,-0.113884253981894
1.253,-0.114709187835871,-0.114111399719872,-0.114028362098355,-0.114100072886604
1.25333333333333,-0.114927735109231,-0.114327624332557,-0.114244796115098,-0.114316602696973
1.25366666666667,-0.115147005366546,-0.114544560998788,-0.114461943978415,-0.114533846363794
1.254,-0.115367001624216,-0.114762212673674,-0.114679808656641,-0.114751806852983
1.25433333333333,-0.11558772691418,-0.11498058232747,-0.114898393133355,-0.114970487145668
1.25466666666667,-0.115809184284014,-0.115199672945664,-0.115117700407472,-0.115189890238274
1.255,-0.116031376797025,-0.115419487529058,-0.115337733493327,-0.115410019142631
1.25533333333333,-0.116254307532348,-0.115640029093885,-0.115558495420783,-0.115630876886049
1.25566666666667,-0.116477979585047,-0.115861300671878,-0.115779989235315,-0.115852466511432
1.256,-0.116702396066208,-0.116083305310382,-0.116002217998109,-0.116074791077351
1.25633333333333,-0.116927560103034,-0.116306046072441,-0.116225184786162,-0.116297853658166
1.25666666666667,-0.117153474838953,-0.116529526036897,-0.116448892692374,-0.116521657344102
1.257,-0.117380143433714,-0.116753748298488,-0.116673344825644,-0.116746205241353
1.25733333333333,-0.117607569063482,-0.116978715967935,-0.116898544310973,-0.116971500472177
1.25766666666667,-0.117835754920953,-0.11720443217206,-0.117124494289559,-0.117197546175004
1.258,-0.118064704215436,-0.117430900053857,-0.117351197918905,-0.117424345504522
1.25833333333333,-0.118294420172982,-0.117658122772623,-0.117578658372906,-0.117651901631789
1.25866666666667,-0.118524906036452,-0.117886103504034,-0.117806878841958,-0.117880217744322
1.259,-0.118756165065664,-0.118114845440254,-0.118035862533063,-0.118109297046211
1.25933333333333,-0.118988200537454,-0.118344351790038,-0.118265612669917,-0.118339142758207
1.25966666666667,-0.119221015745821,-0.118574625778829,-0.118496132493036,-0.11856975811784
1.26,-0.119454614002006,-0.118805670648874,-0.11872742525984,-0.118801146379509
1.26033333333333,-0.11968899863461,-0.119037489659305,-0.118959494244765,-0.119033310814595
1.26066666666667,-0.1199241729897,-0.119270086086267,-0.119192342739367,-0.119266254711561
1.261,-0.120160140430922,-0.119503463223008,-0.119425974052434,-0.119499981376067
1.26133333333333,-0.120396904339603,-0.119737624379994,-0.119660391510089,-0.119734494131057
1.26166666666667,-0.120634468114868,-0.119972572885009,-0.119895598455887,-0.11996979631689
1.262,-0.12087283517375,-0.120208312083262,-0.120131598250949,-0.120205891291432
1.26233333333333,-0.121112008951292,-0.120444845337501,-0.120368394274042,-0.120442782430169
1.26266666666667,-0.121351992900678,-0.120682176028126,-0.120605989921711,-0.120680473126322
1.263,-0.121592790493331,-0.120920307553276,-0.120844388608379,-0.120918966790946
1.26333333333333,-0.121834405219035,-0.121159243328974,-0.121083593766466,-0.121158266853055
1.26366666666667,-0.122076840586042,-0.121398986789206,-0.121323608846488,-0.121398376759721
1.264,-0.122320100121206,-0.12163954138605,-0.121564437317187,-0.121639299976196
1.26433333333333,-0.122564187370081,-0.121880910589795,-0.121806082665634,-0.121881039986026
1.26466666666667,-0.122809105897043,-0.122123097889037,-0.12204854839735,-0.122123600291153
1.265,-0.123054859285416,-0.122366106790804,-0.122291838036412,-0.122366984412048
1.26533333333333,-0.123301451137586,-0.122609940820674,-0.12253595512559,-0.122611195887814
1.26566666666667,-0.123548885075118,-0.122854603522883,-0.122780903226435,-0.122856238276308
1.266,-0.123797164738885,-0.12310009846045,-0.123026685919427,-0.123102115154258
1.26633333333333,-0.124046293789191,-0.123346429215285,-0.123273306804072,-0.123348830117386
1.26666666666667,-0.124296275905879,-0.123593599388327,-0.123520769499034,-0.123596386780517
1.267,-0.124547114788473,-0.123841612599642,-0.12376907764225,-0.123844788777708
1.26733333333333,-0.124798814156292,-0.12409047248855,-0.124018234891061,-0.124094039762371
1.26766666666667,-0.125051377748581,-0.124340182713758,-0.124268244922318,-0.124344143407388
1.268,-0.12530480932463,-0.124590746953466,-0.124519111432526,-0.124595103405235
1.26833333333333,-0.12555911266391,-0.124842168905504,-0.124770838137949,-0.124846923468115
1.26866666666667,-0.125814291566203,-0.125094452287447,-0.125023428774752,-0.125099607328072
1.269,-0.12607034985172,-0.125347600836741,-0.125276887099111,-0.125353158737123
1.26933333333333,-0.126327291361242,-0.125601618310834,-0.125531216887358,-0.125607581467375
1.26966666666667,-0.126585119956247,-0.125856508487302,-0.125786421936096,-0.125862879311178
1.27,-0.126843839519038,-0.126112275163968,-0.126042506062331,-0.126119056081217
1.27033333333333,-0.127103453952894,-0.126368922159043,-0.126299473103608,-0.126376115610671
1.27066666666667,-0.127363967182177,-0.12662645331125,-0.126557326918133,-0.126634061753328
1.271,-0.12762538315249,-0.126884872479953,-0.126816071384911,-0.126892898383732
1.27133333333333,-0.127887705830801,-0.127144183545291,-0.127075710403881,-0.127152629397289
1.27166666666667,-0.128150939205591,-0.127404390408314,-0.127336247896035,-0.12741325871043
1.272,-0.128415087286981,-0.127665496991105,-0.127597687803582,-0.127674790260723
1.27233333333333,-0.128680154106874,-0.12792750723693,-0.127860034090052,-0.127937228007021
1.27266666666667,-0.128946143719104,-0.12819042511036,-0.128123290740454,-0.128200575929597
1.273,-0.129213060199564,-0.128454254597419,-0.128387461761402,-0.12846483803027
1.27333333333333,-0.129480907646362,-0.128718999705712,-0.128652551181267,-0.128730018332564
1.27366666666667,-0.129749690179952,-0.128984664464573,-0.128918563050304,-0.128996120881825
1.274,-0.130019411943293,-0.129251252925192,-0.1291855014408,-0.129263149745379
1.27433333333333,-0.130290077101978,-0.129518769160769,-0.129453370447214,-0.129531109012662
1.27466666666667,-0.130561689844391,-0.129787217266648,-0.129722174186324,-0.129800002795373
1.275,-0.130834254381862,-0.130056601360457,-0.129991916797362,-0.130069835227609
1.27533333333333,-0.131107774948793,-0.130326925582266,-0.130262602442171,-0.130340610466008
1.27566666666667,-0.131382255802835,-0.130598194094715,-0.130534235305343,-0.130612332689906
1.276,-0.131657701225019,-0.13087041108317,-0.130806819594372,-0.130885006101472
1.27633333333333,-0.13193411551992,-0.131143580755866,-0.131080359539798,-0.13115863492587
1.27666666666667,-0.13221150301581,-0.131417707344063,-0.131354859395356,-0.131433223411386
1.277,-0.132489868064797,-0.131692795102175,-0.131630323438139,-0.131708775829603
1.27733333333333,-0.132769215043008,-0.131968848307951,-0.131906755968733,-0.131985296475537
1.27766666666667,-0.133049548350722,-0.132245871262599,-0.132184161311379,-0.132262789667789
1.278,-0.133330872412542,-0.132523868290952,-0.13246254381413,-0.132541259748712
1.27833333333333,-0.13361319167755,-0.132802843741624,-0.132741907848996,-0.132820711084547
1.27866666666667,-0.133896510619468,-0.133082801987154,-0.133022257812115,-0.133101148065596
1.279,-0.134180833736818,-0.133363747424173,-0.133303598123903,-0.133382575106367
1.27933333333333,-0.134466165553089,-0.133645684473557,-0.133585933229205,-0.133664996645741
1.27966666666667,-0.134752510616898,-0.133928617580581,-0.133869267597472,-0.133948417147125
1.28,-0.135039873502158,-0.134212551215092,-0.134153605722916,-0.134232841098616
1.28033333333333,-0.135328258808244,-0.134497489871652,-0.134438952124657,-0.134518273013158
1.28066666666667,-0.135617671160161,-0.134783438069717,-0.134725311346919,-0.134804717428717
1.281,-0.135908115208712,-0.135070400353789,-0.135012687959165,-0.135092178908437
1.28133333333333,-0.136199595630673,-0.135358381293584,-0.135301086556277,-0.135380662040797
1.28166666666667,-0.136492117128963,-0.135647385484202,-0.135590511758722,-0.1356701714398
1.282,-0.136785684432812,-0.13593741754629,-0.135880968212729,-0.135960711745119
1.28233333333333,-0.137080302297945,-0.136228482126203,-0.136172460590443,-0.136252287622278
1.28266666666667,-0.137375975506749,-0.136520583896194,-0.136464993590105,-0.136544903762823
1.283,-0.137672708868467,-0.13681372755457,-0.13675857193623,-0.136838564884492
1.28333333333333,-0.137970507219345,-0.137107917825857,-0.137053200379771,-0.137133275731386
1.28366666666667,-0.13826937542285,-0.137403159460997,-0.137348883698304,-0.137429041074148
1.284,-0.138569318369823,-0.137699457237502,-0.137645626696199,-0.13772586571013
1.28433333333333,-0.138870340978679,-0.137996815959638,-0.137943434204798,-0.138023754463587
1.28466666666667,-0.139172448195575,-0.138295240458611,-0.138242311082599,-0.13832271218584
1.285,-0.13947564499462,-0.138594735592724,-0.138542262215435,-0.138622743755465
1.28533333333333,-0.139779936378038,-0.138895306247585,-0.138843292516651,-0.138923854078466
1.28566666666667,-0.140085327376361,-0.139196957336264,-0.1391454069273,-0.139226048088472
1.286,-0.14039182304864,-0.139499693799494,-0.139448610416316,-0.139529330746905
1.28633333333333,-0.14069942848261,-0.139803520605849,-0.13975290798071,-0.139833707043182
1.28666666666667,-0.141008148794898,-0.14010844275192,-0.140058304645745,-0.140139181994885
1.287,-0.141317989131217,-0.140414465262527,-0.14036480546515,-0.140445760647959
1.28733333333333,-0.141628954666548,-0.140721593190885,-0.140672415521278,-0.140753448076909
1.28766666666667,-0.141941050605362,-0.141029831618796,-0.140981139925329,-0.141062249384977
1.288,-0.142254282181801,-0.141339185656865,-0.141290983817526,-0.141372169704344
1.28833333333333,-0.142568654659882,-0.141649660444656,-0.141601952367316,-0.141683214196324
1.28866666666667,-0.142884173333702,-0.141961261150925,-0.141914050773567,-0.141995388051556
1.289,-0.143200843527636,-0.142273992973783,-0.142227284264766,-0.142308696490208
1.28933333333333,-0.143518670596563,-0.142587861140915,-0.142541658099221,-0.142623144762165
1.28966666666667,-0.143837659926038,-0.142902870909776,-0.14285717756526,-0.142938738147244
1.29,-0.14415781693254,-0.143219027567782,-0.143173847981438,-0.14325548195539
1.29033333333333,-0.144479147063643,-0.143536336432531,-0.143491674696736,-0.14357338152687
1.29066666666667,-0.144801655798262,-0.14385480285198,-0.143810663090771,-0.143892442232495
1.291,-0.14512534864685,-0.144174432204684,-0.144130818574009,-0.144212669473818
1.29133333333333,-0.145450231151609,-0.144495229899975,-0.144452146587966,-0.144534068683344
1.29166666666667,-0.145776308886726,-0.144817201378185,-0.144774652605423,-0.144856645324737
1.292,-0.14610358745857,-0.145140352110851,-0.145098342130643,-0.14518040489304
1.29233333333333,-0.146432072505928,-0.145464687600936,-0.145423220699577,-0.145505352914881
1.29266666666667,-0.146761769700218,-0.145790213383033,-0.145749293880091,-0.145831494948691
1.293,-0.147092684745723,-0.146116935023583,-0.146076567272174,-0.146158836584921
1.29333333333333,-0.147424823379803,-0.146444858121096,-0.146405046508169,-0.146487383446265
1.29366666666667,-0.147758191373136,-0.146773988306369,-0.14673473725298,-0.146817141187868
1.294,-0.148092794529946,-0.147104331242702,-0.147065645204314,-0.147148115497564
1.29433333333333,-0.14842863868822,-0.147435892626125,-0.147397776092882,-0.147480312096084
1.29466666666667,-0.148765729719954,-0.147768678185624,-0.147731135682655,-0.147813736737298
1.295,-0.149104073531395,-0.148102693683362,-0.148065729771071,-0.148148395208431
1.29533333333333,-0.149443676063262,-0.148437944914913,-0.148401564189271,-0.148484293330294
1.29566666666667,-0.149784543290982,-0.14877443770948,-0.148738644802331,-0.14882143695752
1.296,-0.15012668122496,-0.149112177930143,-0.149076977509506,-0.14915983197879
1.29633333333333,-0.150470095910786,-0.149451171474079,-0.149416568244445,-0.14949948431707
1.29666666666667,-0.150814793429498,-0.149791424272802,-0.149757422975455,-0.149840399929858
1.297,-0.15116077989783,-0.150132942292405,-0.150099547705723,-0.150182584809404
1.29733333333333,-0.151508061468452,-0.150475731533781,-0.15044294847356,-0.150526044982962
1.29766666666667,-0.151856644330231,-0.150819798032892,-0.150787631352655,-0.150870786513034
1.298,-0.152206534708465,-0.15116514786099,-0.151133602452302,-0.151216815497607
1.29833333333333,-0.152557738865167,-0.151511787124866,-0.151480867917672,-0.151564138070406
1.29866666666667,-0.152910263099289,-0.151859721967101,-0.151829433930039,-0.151912760401136
1.299,-0.153264113747001,-0.152208958566313,-0.152179306707049,-0.152262688695737
1.29933333333333,-0.153619297181957,-0.152559503137406,-0.152530492502969,-0.152613929196634
1.29966666666667,-0.153975819815533,-0.152911361931825,-0.152882997608929,-0.152966488182993
1.3,-0.154333688097118,-0.15326454123781,-0.153236828353208,-0.153320371970976
1.30033333333333,-0.154692908514364,-0.153619047380651,-0.153591991101469,-0.153675586913999
1.30066666666667,-0.155053487593465,-0.15397488672295,-0.153948492257029,-0.154032139402994
1.301,-0.155415431899426,-0.154332065664876,-0.154306338261129,-0.154390035866667
1.30133333333333,-0.155778748036334,-0.154690590644437,-0.154665535593191,-0.154749282771774
1.30166666666667,-0.156143442647636,-0.15505046813774,-0.155026090771098,-0.155109886623373
1.302,-0.156509522416421,-0.155411704659252,-0.155388010351448,-0.155471853965104
1.30233333333333,-0.156876994065694,-0.155774306762086,-0.155751300929843,-0.155835191379453
1.30266666666667,-0.157245864358659,-0.156138281038254,-0.156115969141155,-0.156199905488036
1.303,-0.157616140099018,-0.156503634118957,-0.156482021659811,-0.156566002951857
1.30333333333333,-0.157987828131234,-0.156870372674846,-0.156849465200056,-0.156933490471602
1.30366666666667,-0.158360935340847,-0.157238503416317,-0.157218306516261,-0.15730237478792
1.304,-0.158735468654743,-0.157608033093772,-0.157588552403184,-0.157672662681684
1.30433333333333,-0.159111435041467,-0.157978968497922,-0.157960209696262,-0.158044360974304
1.30466666666667,-0.159488841511511,-0.158351316460061,-0.158333285271915,-0.158417476527997
1.305,-0.159867695117612,-0.158725083852348,-0.158707786047814,-0.158792016246072
1.30533333333333,-0.160248002955063,-0.159100277588114,-0.159083718983191,-0.15916798707324
1.30566666666667,-0.160629772162001,-0.159476904622143,-0.159461091079132,-0.159545395995896
1.306,-0.16101300991974,-0.159854971950958,-0.159839909378866,-0.159924250042411
1.30633333333333,-0.161397723453056,-0.160234486613141,-0.160220180968083,-0.160304556283444
1.30666666666667,-0.161783920030509,-0.160615455689615,-0.16060191297522,-0.160686321832236
1.307,-0.162171606964762,-0.160997886303947,-0.160985112571778,-0.161069553844915
1.30733333333333,-0.162560791612885,-0.161381785622666,-0.161369786972631,-0.161454259520798
1.30766666666667,-0.162951481376692,-0.161767160855547,-0.161755943436326,-0.161840446102715
1.308,-0.163343683703051,-0.162154019255948,-0.16214358926541,-0.162228120877292
1.30833333333333,-0.163737406084216,-0.162542368121101,-0.162532731806737,-0.162617291175304
1.30866666666667,-0.164132656058154,-0.162932214792429,-0.162923378451793,-0.163007964371956
1.309,-0.164529441208872,-0.163323566655878,-0.163315536637013,-0.163400147887221
1.30933333333333,-0.164927769166752,-0.163716431142222,-0.163709213844102,-0.163793849186164
1.30966666666667,-0.165327647608895,-0.164110815727388,-0.164104417600376,-0.164189075779253
1.31,-0.165729084259445,-0.164506727932793,-0.164501155479077,-0.164585835222696
1.31033333333333,-0.166132086889947,-0.164904175325649,-0.164899435099708,-0.164984135118773
1.31066666666667,-0.166536663319682,-0.165303165519319,-0.165299264128379,-0.165383983116164
1.311,-0.166942821416023,-0.165703706173634,-0.165700650278125,-0.165785386910282
1.31133333333333,-0.167350569094769,-0.166105804995239,-0.166103601309268,-0.166188354243618
1.31166666666667,-0.167759914320525,-0.166509469737919,-0.166508125029753,-0.166592892906081
1.312,-0.168170865107029,-0.166914708202958,-0.166914229295483,-0.166999010735339
1.31233333333333,-0.16858342951754,-0.167321528239468,-0.167321922010682,-0.167406715617169
1.31266666666667,-0.168997615665178,-0.16772993774475,-0.167731211128244,-0.167816015485805
1.313,-0.169413431713308,-0.168139944664632,-0.168142104650095,-0.168226918324292
1.31333333333333,-0.16983088587589,-0.168551556993836,-0.168554610627533,-0.168639432164836
1.31366666666667,-0.170249986417872,-0.168964782776316,-0.168968737161603,-0.169053565089175
1.314,-0.170670741655546,-0.169379630105644,-0.169384492403466,-0.169469325228937
1.31433333333333,-0.17109315995694,-0.169796107125345,-0.16980188455475,-0.169886720765991
1.31466666666667,-0.171517249742193,-0.17021422202928,-0.170220921867939,-0.170305759932836
1.315,-0.171943019483949,-0.17063398306201,-0.170641612646735,-0.170726451012955
1.31533333333333,-0.172370477707725,-0.171055398519165,-0.17106396524643,-0.171148802341202
1.31566666666667,-0.172799632992323,-0.171478476747825,-0.171487988074312,-0.171572822304168
1.316,-0.173230493970217,-0.171903226146891,-0.171913689590011,-0.171998519340573
1.31633333333333,-0.173663069327953,-0.172329655167472,-0.172341078305918,-0.172425901941642
1.31666666666667,-0.174097367806546,-0.172757772313263,-0.172770162787557,-0.172854978651496
1.317,-0.174533398201891,-0.17318758614095,-0.173200951653985,-0.173285758067535
1.31733333333333,-0.174971169365171,-0.173619105260572,-0.173633453578189,-0.173718248840845
1.31766666666667,-0.17541069020326,-0.174052338335948,-0.174067677287479,-0.174152459676582
1.318,-0.175851969679153,-0.174487294085038,-0.174503631563906,-0.174588399334386
1.31833333333333,-0.176295016812377,-0.174923981280391,-0.174941325244648,-0.175026076628761
1.31866666666667,-0.176739840679412,-0.175362408749505,-0.17538076722244,-0.17546550042952
1.319,-0.177186450414126,-0.175802585375263,-0.17582196644598,-0.175906679662159
1.31933333333333,-0.177634855208194,-0.176244520096332,-0.176264931920342,-0.176349623308293
1.31966666666667,-0.178085064311546,-0.176688221907581,-0.176709672707413,-0.176794340406062
1.32,-0.178537087032786,-0.177133699860506,-0.177156197926289,-0.17724084005057
1.32033333333333,-0.178990932739655,-0.177580963063644,-0.177604516753737,-0.177689131394282
1.32066666666667,-0.179446610859456,-0.178030020682999,-0.178054638424606,-0.178139223647487
1.321,-0.179904130879519,-0.178480881942483,-0.178506572232267,-0.1785911260787
1.32133333333333,-0.180363502347649,-0.178933556124336,-0.178960327529053,-0.179044848015114
1.32166666666667,-0.180824734872579,-0.179388052569564,-0.17941591372671,-0.179500398843042
1.322,-0.181287838124437,-0.179844380678401,-0.179873340296832,-0.179957788008351
1.32233333333333,-0.181752821835205,-0.180302549910714,-0.180332616771315,-0.180417025016921
1.32266666666667,-0.182219695799194,-0.180762569786492,-0.180793752742824,-0.180878119435083
1.323,-0.182688469873518,-0.181224449886279,-0.181256757865246,-0.181341080890085
1.32333333333333,-0.183159153978564,-0.181688199851629,-0.181721641854131,-0.181805919070551
1.32366666666667,-0.183631758098479,-0.182153829385571,-0.182188414487207,-0.18227264372694
1.324,-0.184106292281657,-0.182621348253071,-0.182657085604797,-0.182741264672019
1.32433333333333,-0.184582766641232,-0.183090766281507,-0.183127665110337,-0.183211791781318
1.32466666666667,-0.185061191355556,-0.183562093361135,-0.183600162970838,-0.18368423499364
1.325,-0.185541576668724,-0.184035339445565,-0.184074589217364,-0.184158604311504
1.32533333333333,-0.186023932891053,-0.184510514552249,-0.184550953945533,-0.184634909801652
1.32566666666667,-0.186508270399604,-0.184987628762958,-0.185029267316001,-0.185113161595528
1.326,-0.186994599638696,-0.185466692224277,-0.185509539554965,-0.185593369889772
1.32633333333333,-0.187482931120405,-0.185947715148092,-0.185991780954655,-0.186075544946722
1.32666666666667,-0.18797327542511,-0.186430707812101,-0.186476001873849,-0.186559697094907
1.327,-0.188465643201998,-0.186915680560301,-0.186962212738378,-0.187045836729562
1.32733333333333,-0.188960045169611,-0.187402643803505,-0.187450424041641,-0.187533974313123
1.32766666666667,-0.189456492116367,-0.187891608019847,-0.187940646345124,-0.188024120375769
1.328,-0.189954994901109,-0.188382583755307,-0.188432890278927,-0.18851628551591
1.32833333333333,-0.190455564453654,-0.188875581624219,-0.188927166542288,-0.189010480400729
1.32866666666667,-0.190958211775329,-0.189370612309803,-0.189423485904118,-0.189506715766709
1.329,-0.191462947939541,-0.189867686564701,-0.189921859203536,-0.190005002420166
1.32933333333333,-0.191969784092325,-0.190366815211494,-0.190422297350417,-0.190505351237778
1.32966666666667,-0.192478731452918,-0.190868009143261,-0.190924811325936,-0.191007773167138
1.33,-0.192989801314322,-0.191371279324106,-0.191429412183121,-0.191512279227301
1.33033333333333,-0.193503005043882,-0.191876636789714,-0.191936111047407,-0.192018880509331
1.33066666666667,-0.194018354083865,-0.192384092647916,-0.192444919117204,-0.19252758817686
1.331,-0.194535859952056,-0.19289365807922,-0.192955847664465,-0.193038413466653
1.33133333333333,-0.195055534242326,-0.193405344337401,-0.193468908035248,-0.193551367689175
1.33166666666667,-0.195577388625248,-0.193919162750057,-0.193984111650301,-0.194066462229159
1.332,-0.196101434848694,-0.194435124719187,-0.19450147000565,-0.194583708546189
1.33233333333333,-0.196627684738435,-0.194953241721761,-0.195020994673178,-0.19510311817528
1.33266666666667,-0.197156150198765,-0.19547352531032,-0.195542697301222,-0.195624702727463
1.333,-0.197686843213109,-0.19599598711355,-0.196066589615168,-0.196148473890389
1.33333333333333,-0.198219775844646,-0.196520638836887,-0.196592683418066,-0.196674443428921
1.33366666666667,-0.198754960236951,-0.197047492263108,-0.19712099059122,-0.197202623185725
1.334,-0.199292408614617,-0.197576559252946,-0.197651523094826,-0.197733025081903
1.33433333333333,-0.1998321332839,-0.198107851745694,-0.198184292968573,-0.198265661117593
1.33466666666667,-0.200374146633369,-0.198641381759824,-0.198719312332287,-0.198800543372597
1.335,-0.200918461134551,-0.199177161393607,-0.199256593386543,-0.199337684007004
1.33533333333333,-0.201465089342601,-0.199715202825743,-0.19979614841332,-0.199877095261814
1.33566666666667,-0.202014043896956,-0.200255518315994,-0.20033798977664,-0.200418789459588
1.336,-0.202565337522013,-0.200798120205822,-0.200882129923206,-0.20096277900509
1.33633333333333,-0.203118983027797,-0.201343020919032,-0.201428581383077,-0.201509076385932
1.33666666666667,-0.203674993310658,-0.201890232962429,-0.201977356770313,-0.202057694173221
1.337,-0.20423338135395,-0.202439768926469,-0.202528468783652,-0.202608645022242
1.33733333333333,-0.204794160228721,-0.202991641485917,-0.203081930207176,-0.203161941673103
1.33766666666667,-0.205357343094436,-0.203545863400533,-0.203637753911002,-0.203717596951418
1.338,-0.205922943199669,-0.204102447515727,-0.204195952851949,-0.204275623768998
1.33833333333333,-0.206490973882817,-0.204661406763257,-0.204756540074256,-0.204836035124506
1.33866666666667,-0.207061448572841,-0.205222754161898,-0.205319528710252,-0.205398844104182
1.339,-0.207634380789964,-0.205786502818153,-0.205884931981091,-0.205964063882518
1.33933333333333,-0.208209784146437,-0.206352665926944,-0.206452763197438,-0.206531707722984
1.33966666666667,-0.208787672347263,-0.206921256772318,-0.207023035760203,-0.207101788978713
1.34,-0.209368059190952,-0.207492288728166,-0.207595763161255,-0.207674321093241
1.34033333333333,-0.209950958570275,-0.208065775258935,-0.208170958984166,-0.208249317601222
1.34066666666667,-0.210536384473031,-0.20864172992036,-0.20874863690494,-0.208826792129157
1.341,-0.211124350982816,-0.209220166360191,-0.209328810692758,-0.209406758396143
1.34133333333333,-0.21171487227979,-0.20980109831894,-0.209911494210734,-0.209989230214598
1.34166666666667,-0.212307962641487,-0.210384539630623,-0.210496701416683,-0.210574221491038
1.342,-0.212903636443577,-0.21097050422351,-0.211084446363864,-0.211161746226813
1.34233333333333,-0.213501908160691,-0.211559006120901,-0.21167474320177,-0.211751818518886
1.34266666666667,-0.214102792367211,-0.212150059441864,-0.212267606176913,-0.212344452560598
1.343,-0.214706303738096,-0.212743678402045,-0.212863049633595,-0.212939662642459
1.34333333333333,-0.215312457049692,-0.213339877314422,-0.213461088014726,-0.213537463152919
1.34366666666667,-0.215921267180583,-0.213938670590113,-0.214061735862602,-0.214137868579178
1.344,-0.216532749112407,-0.214540072739155,-0.214665007819731,-0.214740893507981
1.34433333333333,-0.217146917930713,-0.215144098371326,-0.215270918629648,-0.215346552626426
1.34466666666667,-0.217763788825812,-0.215750762196944,-0.215879483137746,-0.215954860722787
1.345,-0.218383377093644,-0.216360079027693,-0.21649071629209,-0.21656583268733
1.34533333333333,-0.219005698136645,-0.216972063777446,-0.217104633144284,-0.217179483513155
1.34566666666667,-0.219630767464622,-0.217586731463097,-0.217721248850307,-0.217795828297036
1.346,-0.220258600695649,-0.218204097205415,-0.218340578671369,-0.218414882240254
1.34633333333333,-0.220889213556952,-0.218824176229884,-0.218962637974776,-0.21903666064948
1.34666666666667,-0.22152262188582,-0.219446983867564,-0.219587442234815,-0.219661178937612
1.347,-0.222158841630518,-0.220072535555959,-0.220215007033625,-0.220288452624673
1.34733333333333,-0.222797888851203,-0.220700846839889,-0.220845348062089,-0.220918497338661
1.34766666666667,-0.223439779720863,-0.221331933372381,-0.221478481120739,-0.221551328816476
1.348,-0.224084530526246,-0.221965810915546,-0.22211442212065,-0.222186962904789
1.34833333333333,-0.224732157668814,-0.222602495341498,-0.222753187084377,-0.222825415560958
1.34866666666667,-0.225382677665699,-0.223242002633246,-0.223394792146862,-0.223466702853938
1.349,-0.226036107150674,-0.223884348885618,-0.224039253556374,-0.224110840965216
1.34933333333333,-0.22669246287512,-0.224529550306192,-0.224686587675455,-0.224757846189733
1.34966666666667,-0.227351761709017,-0.225177623216218,-0.225336810981865,-0.225407734936828
1.35,-0.228014020641942,-0.225828584051575,-0.225989940069546,-0.226060523731193
1.35033333333333,-0.228679256784071,-0.226482449363716,-0.226645991649599,-0.22671622921382
1.35066666666667,-0.229347487367177,-0.227139235820632,-0.227304982551252,-0.227374868142988
1.351,-0.23001872974569,-0.227798960207823,-0.227966929722857,-0.228036457395218
1.35133333333333,-0.230693001397695,-0.228461639429283,-0.228631850232884,-0.228701013966287
1.35166666666667,-0.231370319925997,-0.229127290508477,-0.229299761270931,-0.229368554972198
1.352,-0.23205070305917,-0.229795930589356,-0.229970680148747,-0.230039097650207
1.35233333333333,-0.232734168652615,-0.230467576937359,-0.230644624301249,-0.230712659359832
1.35266666666667,-0.23342073468965,-0.231142246940429,-0.231321611287567,-0.231389257583871
1.353,-0.23411041928258,-0.231819958110045,-0.232001658792094,-0.232068909929452
1.35333333333333,-0.234803240673797,-0.232500728082263,-0.232684784625538,-0.232751634129065
1.35366666666667,-0.2354992172369,-0.233184574618762,-0.233371006725997,-0.233437448041633
1.354,-0.236198367477793,-0.233871515607902,-0.234060343160029,-0.234126369653562
1.35433333333333,-0.236900710035824,-0.234561569065793,-0.234752812123752,-0.234818417079834
1.35466666666667,-0.237606263684924,-0.235254753137377,-0.235448431943934,-0.235513608565073
1.355,-0.238315047334763,-0.23595108609752,-0.23614722107911,-0.236211962484671
1.35533333333333,-0.239027080031901,-0.236650586352104,-0.236849198120705,-0.236913497345868
1.35566666666667,-0.23974238096097,-0.237353272439149,-0.237554381794163,-0.237618231788893
1.356,-0.24046096944586,-0.238059163029929,-0.238262790960089,-0.238326184588076
1.35633333333333,-0.241182864950909,-0.238768276930108,-0.238974444615411,-0.239037374653011
1.35666666666667,-0.241908087082119,-0.239480633080881,-0.239689361894541,-0.23975182102968
1.357,-0.242636655588382,-0.240196250560139,-0.240407562070551,-0.240469542901645
1.35733333333333,-0.243368590362697,-0.240915148583617,-0.241129064556378,-0.241190559591207
1.35766666666667,-0.244103911443431,-0.241637346506095,-0.241853888905997,-0.241914890560594
1.358,-0.244842639015571,-0.242362863822579,-0.242582054815668,-0.242642555413165
1.35833333333333,-0.245584793411993,-0.243091720169495,-0.243313582125133,-0.243373573894615
1.35866666666667,-0.246330395114751,-0.243823935325909,-0.244048490818871,-0.244107965894202
1.359,-0.247079464756369,-0.244559529214766,-0.244786801027341,-0.244845751445971
1.35933333333333,-0.24783202312114,-0.245298521904099,-0.245528533028244,-0.245586950730016
1.35966666666667,-0.248588091146477,-0.246040933608307,-0.246273707247806,-0.246331584073734
1.36,-0.24934768992422,-0.246786784689404,-0.247022344262049,-0.24707967195308
1.36033333333333,-0.250110840701995,-0.247536095658292,-0.247774464798111,-0.247831234993876
1.36066666666667,-0.250877564884584,-0.248288887176057,-0.248530089735541,-0.248586293973091
1.361,-0.251647884035288,-0.24904518005527,-0.249289240107649,-0.249344869820157
1.36133333333333,-0.252421819877327,-0.249804995261288,-0.250051937102819,-0.250106983618288
1.36166666666667,-0.253199394295242,-0.250568353913592,-0.250818202065883,-0.250872656605826
1.362,-0.253980629336313,-0.251335277287133,-0.251588056499476,-0.251641910177575
1.36233333333333,-0.254765547211994,-0.252105786813662,-0.252361522065428,-0.252414765886175
1.36266666666667,-0.255554170299351,-0.252879904083127,-0.253138620586149,-0.253191245443478
1.363,-0.256346521142542,-0.253657650845026,-0.253919374046042,-0.253971370721931
1.36333333333333,-0.257142622454282,-0.254439049009829,-0.254703804592926,-0.254755163755989
1.36366666666667,-0.257942497117329,-0.255224120650358,-0.255491934539474,-0.255542646743523
1.364,-0.258746168186009,-0.256012888003237,-0.256283786364667,-0.256333842047271
1.36433333333333,-0.259553658887727,-0.256805373470304,-0.257079382715253,-0.257128772196263
1.36466666666667,-0.26036499262451,-0.257601599620084,-0.257878746407243,-0.257927459887302
1.365,-0.261180192974555,-0.25840158918925,-0.258681900427391,-0.258729927986425
1.36533333333333,-0.26199928369381,-0.259205365084088,-0.259488867934718,-0.259536199530407
1.36566666666667,-0.262822288717549,-0.260012950382024,-0.260299672262042,-0.260346297728264
1.366,-0.263649232161981,-0.260824368333106,-0.261114336917509,-0.261160245962765
1.36633333333333,-0.26448013832587,-0.261639642361549,-0.261932885586163,-0.261978067791989
1.36666666666667,-0.265315031692171,-0.262458796067268,-0.262755342131515,-0.262799786950862
1.367,-0.266153936929675,-0.263281853227449,-0.263581730597137,-0.263625427352736
1.36733333333333,-0.26699687889469,-0.264108837798104,-0.264412075208269,-0.264455013090964
1.36766666666667,-0.267843882632719,-0.26493977391568,-0.265246400373445,-0.265288568440515
1.368,-0.268694973380178,-0.265774685898655,-0.266084730686132,-0.266126117859579
1.36833333333333,-0.269550176566095,-0.266613598249164,-0.266927090926384,-0.266967685991204
1.36866666666667,-0.270409517813876,-0.267456535654635,-0.267773506062524,-0.267813297664956
1.369,-0.271273022943051,-0.268303522989457,-0.268624001252831,-0.268662977898576
1.36933333333333,-0.272140717971049,-0.269154585316641,-0.269478601847261,-0.269516751899672
1.36966666666667,-0.273012629114999,-0.270009747889512,-0.270337333389149,-0.270374645067417
1.37,-0.273888782793543,-0.270869036153432,-0.271200221616986,-0.271236682994279
1.37033333333333,-0.274769205628665,-0.271732475747505,-0.272067292466163,-0.27210289146774
1.37066666666667,-0.275653924447549,-0.272600092506335,-0.272938572070754,-0.272973296472072
1.371,-0.276542966284453,-0.273471912461786,-0.273814086765325,-0.2738479241901
1.37133333333333,-0.277436358382587,-0.27434796184476,-0.274693863086749,-0.274726801004997
1.37166666666667,-0.278334128196039,-0.275228267086991,-0.275577927776042,-0.275609953502093
1.372,-0.279236303391708,-0.276112854822873,-0.27646630778022,-0.276497408470715
1.37233333333333,-0.280142911851237,-0.277001751891294,-0.277359030254191,-0.277389192906017
1.37266666666667,-0.281053981673009,-0.277894985337479,-0.278256122562625,-0.278285334010872
1.373,-0.281969541174129,-0.278792582414885,-0.279157612281897,-0.279185859197736
1.37333333333333,-0.282889618892433,-0.279694570587075,-0.280063527202011,-0.280090796090581
1.37366666666667,-0.28381424358854,-0.280600977529652,-0.280973895328555,-0.281000172526789
1.374,-0.284743444247896,-0.281511831132184,-0.281888744884688,-0.281914016559137
1.37433333333333,-0.285677250082861,-0.282427159500148,-0.282808104313131,-0.282832356457742
1.37466666666667,-0.286615690534811,-0.283346990956929,-0.283732002278202,-0.283755220712055
1.375,-0.287558795276254,-0.284271354045796,-0.284660467667825,-0.284682638032867
1.37533333333333,-0.288506594212991,-0.285200277531929,-0.285593529595638,-0.285614637354354
1.37566666666667,-0.289459117486275,-0.286133790404455,-0.286531217403038,-0.286551247836114
1.376,-0.290416395475009,-0.287071921878509,-0.287473560661316,-0.287492498865249
1.37633333333333,-0.291378458797956,-0.288014701397315,-0.288420589173772,-0.288438420058452
1.37666666666667,-0.292345338316002,-0.288962158634288,-0.289372332977869,-0.289389041264144
1.377,-0.293317065134383,-0.289914323495167,-0.290328822347419,-0.290344392564599
1.37733333333333,-0.294293670605015,-0.290871226120155,-0.291290087794768,-0.291304504278107
1.37766666666667,-0.295275186328777,-0.291832896886096,-0.292256160073024,-0.292269406961171
1.378,-0.296261644157868,-0.29279936640867,-0.293227070178315,-0.293239131410709
1.37833333333333,-0.297253076198161,-0.293770665544609,-0.294202849352034,-0.294213708666291
1.37866666666667,-0.298249514811607,-0.294746825393939,-0.295183529083156,-0.29519317001239
1.379,-0.299250992618627,-0.295727877302253,-0.296169141110558,-0.29617754698068
1.37933333333333,-0.300257542500584,-0.29671385286299,-0.297159717425336,-0.297166871352311
1.37966666666667,-0.301269197602222,-0.297704783919753,-0.298155290273215,-0.298161175160282
1.38,-0.302285991334196,-0.298700702568662,-0.299155892156907,-0.299160490691757
1.38033333333333,-0.303307957375549,-0.299701641160696,-0.300161555838569,-0.300164850490461
1.38066666666667,-0.304335129676312,-0.3007076323041,-0.301172314342211,-0.3011742873591
1.381,-0.305367542460056,-0.3017187088668,-0.30218820095621,-0.302188834361773
1.38133333333333,-0.306405230226487,-0.30273490397884,-0.303209249235785,-0.303208524826445
1.38166666666667,-0.307448227754114,-0.303756251034848,-0.304235493005528,-0.304233392347416
1.382,-0.308496570102889,-0.304782783696544,-0.305266966361973,-0.305263470787854
1.38233333333333,-0.309550292616907,-0.305814535895249,-0.306303703676171,-0.306298794282325
1.38266666666667,-0.310609430927135,-0.306851541834438,-0.307345739596305,-0.30733939723935
1.383,-0.311674020954159,-0.307893835992333,-0.308393109050328,-0.308385314344019
1.38333333333333,-0.312744098910968,-0.308941453124478,-0.309445847248636,-0.309436580560599
1.38366666666667,-0.31381970130577,-0.309994428266406,-0.310503989686769,-0.310493231135196
1.384,-0.314900864944847,-0.311052796736284,-0.311567572148132,-0.311555301598425
1.38433333333333,-0.315987626935417,-0.312116594137597,-0.312636630706772,-0.312622827768133
1.38466666666667,-0.317080024688548,-0.313185856361895,-0.313711201730141,-0.313695845752127
1.385,-0.318178095922114,-0.314260619591523,-0.314791321881945,-0.314774391950956
1.38533333333333,-0.319281878663752,-0.315340920302415,-0.315877028124967,-0.315858503060696
1.38566666666667,-0.320391411253875,-0.316426795266887,-0.316968357723978,-0.316948216075797
1.386,-0.321506732348726,-0.317518281556515,-0.31806534824863,-0.318043568291933
1.38633333333333,-0.322627880923429,-0.318615416544968,-0.319168037576423,-0.319144597308892
1.38666666666667,-0.323754896275129,-0.31971823791095,-0.320276463895662,-0.320251341033526
1.387,-0.32488781802611,-0.320826783641113,-0.321390665708495,-0.321363837682685
1.38733333333333,-0.326026686126999,-0.32194109203305,-0.322510681833946,-0.322482125786207
1.38766666666667,-0.32717154085996,-0.323061201698269,-0.323636551410995,-0.32360624418996
1.388,-0.328322422841965,-0.32418715156527,-0.324768313901707,-0.324736232058892
1.38833333333333,-0.32947937302808,-0.325318980882576,-0.325906009094365,-0.325872128880104
1.38866666666667,-0.330642432714778,-0.326456729221865,-0.327049677106668,-0.32701397446601
1.389,-0.331811643543322,-0.327600436481104,-0.328199358388958,-0.328161808957465
1.38933333333333,-0.33298704750316,-0.328750142887716,-0.32935509372746,-0.329315672826979
1.38966666666667,-0.334168686935361,-0.329905889001796,-0.330516924247588,-0.330475606881947
1.39,-0.335356604536103,-0.331067715719362,-0.331684891417286,-0.331641652267908
1.39033333333333,-0.336550843360186,-0.332235664275633,-0.332859037050374,-0.332813850471861
1.39066666666667,-0.337751446824603,-0.33340977624834,-0.334039403309983,-0.333992243325598
1.391,-0.338958458712134,-0.334590093561104,-0.335226032711978,-0.335176873009083
1.39133333333333,-0.340171923174983,-0.335776658486804,-0.336418968128462,-0.336367782053873
1.39166666666667,-0.341391884738472,-0.336969513651043,-0.337618252791292,-0.337565013346571
1.392,-0.342618388304764,-0.338168702035583,-0.338823930295638,-0.338768610132328
1.39233333333333,-0.343851479156627,-0.33937426698189,-0.340036044603609,-0.339978616018357
1.39266666666667,-0.345091202961258,-0.340586252194656,-0.341254640047878,-0.341195074977526
1.393,-0.346337605774121,-0.341804701745418,-0.342479761335387,-0.342418031351974
1.39333333333333,-0.34759073404287,-0.343029660076163,-0.343711453551073,-0.343647529856745
1.39366666666667,-0.348850634611277,-0.344261172003021,-0.344949762161636,-0.344883615583509
1.394,-0.350117354723239,-0.345499282719972,-0.346194733019368,-0.346126334004286
1.39433333333333,-0.351390942026797,-0.346744037802603,-0.347446412366006,-0.34737573097523
1.39466666666667,-0.352671444578241,-0.347995483211908,-0.348704846836633,-0.34863185274046
1.395,-0.353958910846235,-0.349253665298142,-0.349970083463647,-0.349894745935926
1.39533333333333,-0.355253389715989,-0.350518630804688,-0.351242169680737,-0.351164457593307
1.39566666666667,-0.356554930493505,-0.351790426872017,-0.352521153326937,-0.352441035143999
1.396,-0.357863582909833,-0.353069101041638,-0.35380708265072,-0.353724526423091
1.39633333333333,-0.359179397125435,-0.35435470126014,-0.355100006314117,-0.355014979673422
1.39666666666667,-0.360502423734527,-0.355647275883258,-0.356399973396916,-0.356312443549684
1.397,-0.361832713769536,-0.356946873679987,-0.357707033400901,-0.35761696712255
1.39733333333333,-0.363170318705565,-0.358253543836739,-0.359021236254115,-0.358928599882878
1.39766666666667,-0.36451529046495,-0.359567335961579,-0.360342632315212,-0.360247391745951
1.398,-0.36586768142183,-0.360888300088457,-0.361671272377833,-0.361573393055749
1.39833333333333,-0.367227544406803,-0.362216486681542,-0.363007207675041,-0.362906654589299
1.39866666666667,-0.368594932711618,-0.363551946639563,-0.364350489883806,-0.364247227561065
1.399,-0.369969900093936,-0.364894731300247,-0.365701171129547,-0.365595163627381
1.39933333333333,-0.371352500782125,-0.366244892444754,-0.367059303990733,-0.366950514890944
1.39966666666667,-0.372742789480152,-0.367602482302205,-0.36842494150351,-0.368313333905352
1.4,-0.374140821372495,-0.368967553554252,-0.369798137166429,-0.369683673679712
1.40033333333333,-0.375546652129117,-0.370340159339698,-0.371178944945175,-0.371061587683275
1.40066666666667,-0.376960337910536,-0.371720353259168,-0.372567419277409,-0.372447129850156
1.401,-0.378381935372907,-0.373108189379846,-0.37396361507762,-0.373840354584082
1.40133333333333,-0.379811501673195,-0.374503722240253,-0.375367587742051,-0.375241316763202
1.40166666666667,-0.381249094474401,-0.375907006855094,-0.376779393153707,-0.376650071744982
1.402,-0.382694771950864,-0.377318098720164,-0.378199087687383,-0.37806667537111
1.40233333333333,-0.384148592793594,-0.378737053817286,-0.379626728214768,-0.379491183972495
1.40266666666667,-0.3856106162157,-0.380163928619351,-0.381062372109635,-0.380923654374307
1.403,-0.387080901957884,-0.381598780095379,-0.382506077253044,-0.3823641439011
1.40333333333333,-0.388559510293966,-0.383041665715648,-0.383957902038651,-0.383812710381947
1.40366666666667,-0.390046502036527,-0.384492643456912,-0.385417905378053,-0.385269412155699
1.404,-0.391541938542583,-0.385951771807642,-0.38688614670622,-0.386734308076261
1.40433333333333,-0.393045881719329,-0.387419109773351,-0.388362685986962,-0.388207457517937
1.40466666666667,-0.394558394029979,-0.388894716881974,-0.3898475837185,-0.389688920380861
1.405,-0.396079538499654,-0.390378653189335,-0.391340900939068,-0.391178757096473
1.40533333333333,-0.397609378721349,-0.391870979284638,-0.392842699232604,-0.392677028633059
1.40566666666667,-0.399147978861966,-0.393371756296058,-0.394353040734504,-0.39418379650137
1.406,-0.400695403668443,-0.394881045896385,-0.395871988137455,-0.395699122760302
1.40633333333333,-0.402251718473929,-0.396398910308747,-0.397399604697311,-0.397223070022643
1.40666666666667,-0.403816989204054,-0.397925412312383,-0.398935954239075,-0.398755701460888
1.407,-0.405391282383258,-0.399460615248494,-0.400481101162934,-0.400297080813131
1.40733333333333,-0.406974665141239,-0.401004583026189,-0.402035110450365,-0.401847272389017
1.40766666666667,-0.40856720521942,-0.402557380128447,-0.403598047670336,-0.403406341075778
1.408,-0.410168970977543,-0.404119071618218,-0.405169978985556,-0.404974352344335
1.40833333333333,-0.411780031400324,-0.405689723144538,-0.406750971158819,-0.406551372255467
1.40866666666667,-0.413400456104204,-0.407269400948759,-0.408341091559422,-0.408137467466072
1.409,-0.415030315344166,-0.408858171870848,-0.409940408169669,-0.409732705235495
1.40933333333333,-0.416669680020642,-0.410456103355734,-0.411548989591426,-0.411337153431922
1.40966666666667,-0.418318621686526,-0.412063263459771,-0.413166905052796,-0.41295088053887
1.41,-0.419977212554243,-0.413679720857262,-0.414794224414861,-0.414573955661757
1.41033333333333,-0.421645525502928,-0.415305544847052,-0.416431018178489,-0.416206448534518
1.41066666666667,-0.423323634085684,-0.416940805359228,-0.418077357491254,-0.41784842952635
1.411,-0.425011612536941,-0.418585572961884,-0.419733314154416,-0.419499969648523
1.41133333333333,-0.426709535779891,-0.420239918867953,-0.421398960630021,-0.421161140561235
1.41166666666667,-0.42841747943404,-0.421903914942168,-0.423074370048044,-0.422832014580623
1.412,-0.430135519822834,-0.423577633708076,-0.424759616213663,-0.424512664685795
1.41233333333333,-0.431863733981381,-0.425261148355132,-0.426454773614601,-0.426203164525989
1.41266666666667,-0.433602199664303,-0.426954532745907,-0.428159917428566,-0.42790358842781
1.413,-0.435350995353625,-0.428657861423366,-0.429875123530778,-0.429614011402535
1.41333333333333,-0.437110200266834,-0.43037120961825,-0.431600468501608,-0.431334509153553
1.41366666666667,-0.438879894364996,-0.432094653256538,-0.433336029634281,-0.433065158083846
1.414,-0.440660158360983,-0.433828268966998,-0.435081884942715,-0.434806035303607
1.41433333333333,-0.442451073727811,-0.435572134088852,-0.436838113169431,-0.43655721863792
1.41466666666667,-0.444252722707091,-0.437326326679516,-0.438604793793566,-0.438318786634555
1.415,-0.446065188317565,-0.439090925522464,-0.440382007039,-0.440090818571862
1.41533333333333,-0.447888554363777,-0.440866010135135,-0.442169833882567,-0.441873394466735
1.41566666666667,-0.449722905444839,-0.442651660777023,-0.4439683560624,-0.443666595082723
1.416,-0.451568326963314,-0.444447958457777,-0.445777656086338,-0.445470501938194
1.41633333333333,-0.453424905134208,-0.446254984945472,-0.447597817240491,-0.447285197314629
1.41666666666667,-0.455292726994093,-0.448072822774961,-0.449428923597861,-0.449110764265023
1.417,-0.45717188041033,-0.449901555256321,-0.45127106002712,-0.450947286622385
1.41733333333333,-0.459062454090417,-0.451741266483415,-0.45312431220147,-0.452794849008315
1.41766666666667,-0.460964537591459,-0.453592041342574,-0.454988766607625,-0.454653536841756
1.418,-0.462878221329773,-0.455453965521362,-0.456864510554923,-0.456523436347796
1.41833333333333,-0.464803596590587,-0.45732712551748,-0.458751632184521,-0.458404634566602
1.41866666666667,-0.466740755537886,-0.459211608647771,-0.460650220478743,-0.460297219362485
1.419,-0.468689791224402,-0.461107503057329,-0.46256036527052,-0.46220127943304
1.41933333333333,-0.470650797601688,-0.463014897728744,-0.464482157252984,-0.464116904318452
1.41966666666667,-0.472623869530375,-0.464933882491452,-0.466415687989153,-0.466044184410875
1.42,-0.474609102790524,-0.466864548031214,-0.468361049921756,-0.467983210963959
1.42033333333333,-0.476606594092133,-0.4688069858997,-0.470318336383197,-0.469934076102481
1.42066666666667,-0.478616441085777,-0.470761288524214,-0.472287641605612,-0.471896872832124
1.421,-0.48063874237339,-0.47272754921754,-0.474269060731119,-0.473871695049347
1.42133333333333,-0.482673597519192,-0.4747058621879,-0.476262689822118,-0.475858637551418
1.42166666666667,-0.48472110706074,-0.476696322549062,-0.478268625871806,-0.477857796046531
1.422,-0.486781372520156,-0.478699026330566,-0.480286966814775,-0.479869267164109
1.42233333333333,-0.488854496415477,-0.480714070488071,-0.48231781153778,-0.481893148465199
1.42266666666667,-0.490940582272173,-0.482741552913868,-0.484361259890622,-0.483929538453
1.423,-0.493039734634813,-0.484781572447508,-0.486417412697201,-0.485978536583567
1.42333333333333,-0.495152059078866,-0.486834228886549,-0.488486371766692,-0.488040243276592
1.42366666666667,-0.497277662222707,-0.48889962299749,-0.490568239904884,-0.490114759926393
1.424,-0.499416651739728,-0.490977856526808,-0.49266312092565,-0.49220218891299
1.42433333333333,-0.501569136370635,-0.493069032212157,-0.494771119662593,-0.494302633613355
1.42466666666667,-0.503735225935945,-0.495173253793706,-0.496892341980824,-0.496416198412795
1.425,-0.505915031348572,-0.497290626025634,-0.499026894788914,-0.498542988716505
1.42533333333333,-0.508108664626648,-0.499421254687755,-0.501174886050988,-0.500683110961224
1.42566666666667,-0.510316238906496,-0.501565246597331,-0.503336424798993,-0.502836672627111
1.426,-0.51253786845578,-0.503722709621011,-0.505511621145116,-0.505003782249723
1.42633333333333,-0.514773668686809,-0.505893752686919,-0.507700586294389,-0.507184549432162
1.42666666666667,-0.517023756170054,-0.508078485796957,-0.509903432557446,-0.509379084857407
1.427,-0.519288248647848,-0.510277020039195,-0.512120273363434,-0.51158750030077
1.42733333333333,-0.521567265048225,-0.512489467600482,-0.51435122327315,-0.513809908642549
1.42766666666667,-0.523860925499016,-0.5147159417792,-0.516596397992302,-0.516046423880828
1.428,-0.526169351342075,-0.516956556998189,-0.518855914384964,-0.518297161144461
1.42833333333333,-0.528492665147742,-0.519211428817843,-0.521129890487232,-0.520562236706201
1.42866666666667,-0.530830990729474,-0.521480673949397,-0.52341844552104,-0.522841767996049
1.429,-0.533184453158705,-0.523764410268373,-0.525721699908168,-0.525135873614738
1.42933333333333,-0.535553178779872,-0.526062756828189,-0.528039775284447,-0.527444673347404
1.42966666666667,-0.537937295225696,-0.528375833874015,-0.530372794514158,-0.529768288177464
1.43,-0.540336931432616,-0.530703762856732,-0.532720881704608,-0.532106840300665
1.43033333333333,-0.542752217656489,-0.533046666447131,-0.535084162220939,-0.534460453139296
1.43066666666667,-0.545183285488472,-0.535404668550301,-0.537462762701093,-0.536829251356635
1.431,-0.547630267871141,-0.537777894320185,-0.539856811071026,-0.539213360871554
1.43133333333333,-0.550093299114815,-0.540166470174355,-0.542266436560096,-0.541612908873347
1.43166666666667,-0.552572514914138,-0.542570523808966,-0.544691769716687,-0.544028023836731
1.432,-0.55506805236485,-0.544990184213951,-0.547132942424037,-0.546458835537078
1.43233333333333,-0.557580049980827,-0.547425581688368,-0.549590087916263,-0.548905475065808
1.43266666666667,-0.560108647711343,-0.549876847855993,-0.55206334079466,-0.551368074846067
1.433,-0.562653986958569,-0.552344115681128,-0.554552837044161,-0.553846768648521
1.43333333333333,-0.565216210595324,-0.55482751948459,-0.557058714050075,-0.556341691607442
1.43366666666667,-0.567795462983083,-0.557327194959953,-0.559581110615029,-0.558852980236978
1.434,-0.570391889990211,-0.559843279190002,-0.562120166976147,-0.561380772447647
1.43433333333333,-0.573005639010486,-0.562375910663392,-0.564676024822489,-0.563925207563054
1.43466666666667,-0.575636858981854,-0.56492522929157,-0.567248827312699,-0.566486426336849
1.435,-0.578285700405482,-0.567491376425909,-0.569838719092942,-0.569064570969915
1.43533333333333,-0.580952315365031,-0.570074494875059,-0.572445846315029,-0.571659785127759
1.43566666666667,-0.583636857546259,-0.572674728922595,-0.575070356654865,-0.574272213958196
1.436,-0.586339482256866,-0.575292224344841,-0.577712399331121,-0.576902004109239
1.43633333333333,-0.589060346446614,-0.577927128428983,-0.580372125124142,-0.579549303747224
1.43666666666667,-0.591799608727772,-0.580579589991421,-0.583049686395186,-0.582214262575235
1.437,-0.594557429395828,-0.583249759396377,-0.585745237105873,-0.584897031851735
1.43733333333333,-0.597333970450472,-0.585937788574754,-0.588458932837941,-0.587597764409473
1.43766666666667,-0.600129395616933,-0.588643831043263,-0.591190930813268,-0.590316614674653
1.438,-0.602943870367596,-0.59136804192383,-0.593941389914187,-0.593053738686373
1.43833333333333,-0.605777561943908,-0.59411057796324,-0.596710470704084,-0.595809294116315
1.43866666666667,-0.608630639378625,-0.596871597553101,-0.599498335448285,-0.598583440288747
1.439,-0.611503273518404,-0.599651260750036,-0.602305148135241,-0.601376338200752
1.43933333333333,-0.614395637046647,-0.602449729296201,-0.60513107449803,-0.604188150542781
1.43966666666667,-0.61730790450675,-0.60526716664008,-0.607976282036141,-0.607019041719482
1.44,-0.620240252325653,-0.608103737957555,-0.610840940037595,-0.609869177870813
1.44033333333333,-0.623192858837728,-0.610959610173295,-0.613725219601349,-0.612738726893448
1.44066666666667,-0.626165904309045,-0.613834951982433,-0.616629293660069,-0.615627858462501
1.441,-0.62915957096195,-0.616729933872558,-0.619553337003192,-0.618536744053558
1.44133333333333,-0.63217404300004,-0.619644728146017,-0.622497526300325,-0.621465556964968
1.44166666666667,-0.635209506633476,-0.62257950894253,-0.62546204012501,-0.624414472340537
1.442,-0.638266150104685,-0.625534452262124,-0.628447058978795,-0.627383667192461
1.44233333333333,-0.641344163714424,-0.628509735988409,-0.631452765315663,-0.63037332042462
1.44266666666667,-0.644443739848246,-0.63150553991216,-0.634479343566857,-0.633383612856219
1.443,-0.647565073003336,-0.63452204575527,-0.637526980165998,-0.636414727245722
1.44333333333333,-0.650708359815755,-0.637559437195011,-0.640595863574618,-0.639466848315162
1.44366666666667,-0.653873799088084,-0.640617899888657,-0.64368618430804,-0.642540162774785
1.444,-0.657061591817484,-0.643697621498492,-0.646798134961672,-0.645634859348042
1.44433333333333,-0.660271941224154,-0.64679879171709,-0.649931910237617,-0.648751128796942
1.44466666666667,-0.663505052780244,-0.64992160229309,-0.653087706971758,-0.651889163947765
1.445,-0.666761134239154,-0.653066247057206,-0.656265724161178,-0.655049159717165
1.44533333333333,-0.670040395665315,-0.656232921948713,-0.659466162992002,-0.658231313138599
1.44566666666667,-0.673343049464395,-0.659421825042275,-0.662689226867664,-0.661435823389205
1.446,-0.676669310413955,-0.662633156575168,-0.665935121437585,-0.664662891817005
1.44633333333333,-0.680019395694558,-0.665867118974882,-0.669204054626238,-0.667912721968527
1.44666666666667,-0.683393524921368,-0.669123916887168,-0.672496236662713,-0.671185519616832
1.447,-0.686791920176233,-0.672403757204451,-0.675811880110677,-0.674481492789951
1.44733333333333,-0.690214806040185,-0.675706849094676,-0.679151199898752,-0.677800851799694
1.44766666666667,-0.693662409626526,-0.67903340403058,-0.682514413351438,-0.681143809270941
1.448,-0.697134960614349,-0.68238363581939,-0.685901740220399,-0.684510580171312
1.44833333333333,-0.700632691282578,-0.685757760632929,-0.689313402716261,-0.687901381841272
1.44866666666667,-0.70415583654456,-0.689155997038237,-0.692749625540911,-0.691316434024714
1.449,-0.707704633983149,-0.692578566028555,-0.696210635920233,-0.69475595889995
1.44933333333333,-0.711279323886322,-0.696025691054821,-0.699696663637356,-0.698220181111154
1.44966666666667,-0.714880149283371,-0.699497598057627,-0.703207941066415,-0.701709327800311
1.45,-0.71850735598164,-0.702994515499633,-0.706744703206811,-0.705223628639596
1.45033333333333,-0.722161192603794,-0.70651667439847,-0.710307187717984,-0.708763315864221
1.45066666666667,-0.725841910625711,-0.710064308360133,-0.713895634954726,-0.712328624305822
1.451,-0.729549764414922,-0.713637653612871,-0.717510288003017,-0.715919791426285
1.45133333333333,-0.733285011269644,-0.717236949041568,-0.721151392716411,-0.719537057352071
1.45166666666667,-0.737047911458471,-0.720862436222675,-0.724819197752995,-0.723180664909117
1.452,-0.740838728260584,-0.72451435945963,-0.728513954612878,-0.726850859658174
1.45233333333333,-0.744657728006686,-0.7281929658188,-0.732235917676267,-0.730547889930713
1.45266666666667,-0.748505180120499,-0.731898505166008,-0.735985344242148,-0.734272006865362
1.453,-0.75238135716096,-0.735631230203584,-0.739762494567542,-0.738023464444888
1.45333333333333,-0.756286534865026,-0.739391396507947,-0.743567631907345,-0.741802519533716
1.45366666666667,-0.760220992191222,-0.743179262567815,-0.747401022554834,-0.745609431916029
1.454,-0.764185011363781,-0.746995089822938,-0.751262935882746,-0.749444464334437
1.45433333333333,-0.768178877917539,-0.750839142703439,-0.75515364438502,-0.753307882529202
1.45466666666667,-0.772202880743547,-0.754711688669764,-0.759073423719193,-0.7571999552781
1.455,-0.77625731213535,-0.758612998253232,-0.763022552749427,-0.76112095443685
1.45533333333333,-0.780342467836031,-0.762543345097166,-0.76700131359023,-0.765071154980137
1.45566666666667,-0.784458647086,-0.766503005998719,-0.771009991650846,-0.769050835043313
1.456,-0.788606152671548,-0.770492260951308,-0.775048875680354,-0.773060275964689
1.45633333333333,-0.792785290974133,-0.774511393187641,-0.779118257813439,-0.777099762328452
1.45666666666667,-0.796996372020513,-0.778560689223526,-0.783218433616937,-0.781169582008304
1.457,-0.801239709533634,-0.782640438902242,-0.78734970213704,-0.785270026211677
1.45733333333333,-0.805515620984325,-0.786750935439633,-0.791512365947303,-0.789401389524689
1.45766666666667,-0.809824427643892,-0.790892475469938,-0.7957067311974,-0.793563969957774
1.458,-0.814166454637469,-0.79506535909225,-0.799933107662608,-0.797758068991988
1.45833333333333,-0.818542030998266,-0.799269889917754,-0.804191808794125,-0.801983991626025
1.45866666666667,-0.822951489722717,-0.803506375117678,-0.808483151770155,-0.806242046424003
1.459,-0.827395167826488,-0.807775125471993,-0.812807457547845,-0.810532545563936
1.45933333333333,-0.831873406401372,-0.81207645541885,-0.817165050915963,-0.814855804886949
1.45966666666667,-0.836386550673189,-0.816410683104836,-0.821556260548551,-0.819212143947316
1.46,-0.840934950060518,-0.820778130435959,-0.825981419059281,-0.823601886063185
1.46033333333333,-0.845518958234479,-0.82517912312946,-0.830440863056821,-0.828025358368158
1.46066666666667,-0.850138933179446,-0.829613990766443,-0.834934933201007,-0.832482891863642
1.461,-0.854795237254759,-0.834083066845333,-0.839463974259941,-0.836974821472027
1.46133333333333,-0.859488237257441,-0.83858668883612,-0.844028335168008,-0.841501486090655
1.46166666666667,-0.864218304485979,-0.843125198235555,-0.848628369084835,-0.846063228646694
1.462,-0.868985814805122,-0.847698940623141,-0.853264433455215,-0.850660396152822
1.46233333333333,-0.873791148711742,-0.852308265718018,-0.857936890069964,-0.855293339763786
1.46266666666667,-0.878634691401832,-0.856953527436807,-0.862646105127818,-0.859962414833882
1.463,-0.883516832838562,-0.861635083952297,-0.867392449298298,-0.864667980975292
1.46333333333333,-0.888437967821482,-0.86635329775311,-0.872176297785612,-0.869410402117373
1.46366666666667,-0.893398496056891,-0.871108535704309,-0.876998030393623,-0.874190046566869
1.464,-0.898398822229385,-0.875901169108987,-0.881858031591848,-0.879007287069089
1.46433333333333,-0.903439356074544,-0.880731573770791,-0.886756690582559,-0.883862500870001
1.46466666666667,-0.908520512452909,-0.885600130057518,-0.89169440136899,-0.888756069779385
1.465,-0.913642711425169,-0.890507222965683,-0.896671562824662,-0.893688380234941
1.46533333333333,-0.918806378328579,-0.895453242186137,-0.901688578763846,-0.898659823367416
1.46566666666667,-0.924011943854746,-0.900438582170764,-0.906745858013222,-0.903670795066794
1.466,-0.929259844128647,-0.90546364220022,-0.911843814484684,-0.908721696049529
1.46633333333333,-0.93455052078903,-0.910528826452787,-0.916982867249377,-0.913812931926833
1.46666666666667,-0.939884421070165,-0.915634544074366,-0.922163440612997,-0.918944913274105
1.467,-0.945261997885007,-0.920781209249555,-0.927385964192276,-0.924118055701437
1.46733333333333,-0.950683709909712,-0.925969241273915,-0.932650872992812,-0.929332779925243
1.46766666666667,-0.956150021669695,-0.931199064627431,-0.937958607488176,-0.93458951184109
1.468,-0.961661403627068,-0.936471109049136,-0.943309613700362,-0.939888682597668
1.46833333333333,-0.967218332269621,-0.941785809612975,-0.94870434328154,-0.945230728671952
1.46866666666667,-0.972821290201338,-0.947143606804917,-0.954143253597287,-0.950616091945592
1.469,-0.978470766234459,-0.952544946601328,-0.95962680781111,-0.95604521978257
1.46933333333333,-0.984167255483114,-0.957990280548619,-0.965155474970492,-0.961518565108049
1.46966666666667,-0.989911259458607,-0.963480065844252,-0.970729730094353,-0.96703658648857
1.47,-0.995703286166362,-0.969014765419033,-0.976350054262005,-0.972599748213549
1.47033333333333,-1.00154385020447,-0.974594848020786,-0.982016934703622,-0.978208520378043
1.47066666666667,-1.00743347286409,-0.980220788299439,-0.98773086489227,-0.983863378966957
1.471,-1.01337268223147,-0.985893066893499,-0.993492344637509,-0.989564805940602
1.47133333333333,-1.0193620132918,-0.991612170517946,-0.999301880180561,-0.995313289321586
1.47166666666667,-1.02540200803496,-0.99737859205366,-1.0051599842912,-1.00110932328327
1.472,-1.03149321556298,-1.00319283063828,-1.01106717636621,-1.00695340823956
1.47233333333333,-1.03763619219954,-1.00905539175859,-1.01702398252961,-1.01284605093625
1.47266666666667,-1.04383150160124,-1.01496678734452,-1.02303093573461,-1.01878776454384
1.473,-1.05007971487107,-1.02092753586466,-1.0290885758673,-1.02477906875195
1.47333333333333,-1.05638141067359,-1.02693816242335,-1.03519744985217,-1.03082048986521
1.47366666666667,-1.06273717535246,-1.03299919885956,-1.04135811175944,-1.0369125609008
1.474,-1.06914760304985,-1.03911118384729,-1.04757112291432,-1.04305582168765
1.47433333333333,-1.07561329582802,-1.04527466299771,-1.05383705200812,-1.04925081896723
1.47466666666667,-1.08213486379321,-1.05149018896309,-1.06015647521133,-1.05549810649603
1.475,-1.08871292522157,-1.05775832154248,-1.0665299762887,-1.06179824514985
1.47533333333333,-1.09534810668744,-1.06407962778907,-1.0729581467163,-1.06815180302965
1.47566666666667,-1.10204104319397,-1.07045468211963,-1.07944158580076,-1.07455935556944
1.476,-1.10879237830601,-1.07688406642557,-1.08598090080045,-1.08102148564574
1.47633333333333,-1.11560276428547,-1.08336837018603,-1.09257670704894,-1.08753878368903
1.47666666666667,-1.12247286222916,-1.08990819058297,-1.09922962808061,-1.09411184779705
1.477,-1.12940334220905,-1.09650413261809,-1.10594029575851,-1.10074128385004
1.47733333333333,-1.13639488341511,-1.10315680923188,-1.11270935040444,-1.10742770562785
1.47766666666667,-1.14344817430085,-1.1098668414247,-1.11953744093148,-1.11417173492917
1.478,-1.15056391273138,-1.11663485837994,-1.12642522497873,-1.12097400169269
1.47833333333333,-1.15774280613428,-1.12346149758935,-1.13337336904864,-1.12783514412036
1.47866666666667,-1.16498557165324,-1.13034740498051,-1.1403825486467,-1.13475580880278
1.479,-1.17229293630453,-1.13729323504657,-1.14745344842367,-1.1417366508467
1.47933333333333,-1.17966563713624,-1.14429965097821,-1.15458676232041,-1.14877833400474
1.47966666666667,-1.18710442139069,-1.1513673247979,-1.16178319371534,-1.15588153080727
1.48,-1.1946100466697,-1.15849693749664,-1.16904345557452,-1.16304692269671
1.48033333333333,-1.20218328110292,-1.16568917917286,-1.17636827060452,-1.17027520016396
1.48066666666667,-1.2098249035194,-1.17294474917407,-1.18375837140809,-1.17756706288734
1.481,-1.21753570362231,-1.18026435624072,-1.19121450064257,-1.18492321987383
1.48133333333333,-1.22531648216692,-1.1876487186528,-1.19873741118137,-1.19234438960285
1.48166666666667,-1.23316805114193,-1.19509856437893,-1.20632786627827,-1.19983130017244
1.482,-1.24109123395425,-1.2026146312282,-1.21398663973483,-1.20738468944812
1.48233333333333,-1.24908686561721,-1.21019766700456,-1.22171451607083,-1.21500530521416
1.48266666666667,-1.25715579294235,-1.2178484296641,-1.22951229069792,-1.22269390532769
1.483,-1.2652988747349,-1.22556768747511,-1.23738077009648,-1.23045125787536
1.48333333333333,-1.27351698199285,-1.23335621918089,-1.24532077199568,-1.23827814133283
1.48366666666667,-1.28181099810991,-1.24121481416565,-1.25333312555704,-1.24617534472704
1.484,-1.29018181908235,-1.24914427262328,-1.26141867156126,-1.25414366780132
1.48433333333333,-1.2986303537197,-1.25714540572919,-1.26957826259869,-1.26218392118339
1.48466666666667,-1.30715752385957,-1.2652190358152,-1.27781276326325,-1.27029692655645
1.485,-1.31576426458661,-1.27336599654776,-1.28612305035005,-1.2784835168331
1.48533333333333,-1.32445152445559,-1.28158713310909,-1.29451001305672,-1.28674453633254
1.48566666666667,-1.33322026571891,-1.28988330238198,-1.30297455318859,-1.29508084096079
1.486,-1.34207146455845,-1.29825537313763,-1.31151758536761,-1.30349329839415
1.48633333333333,-1.35100611132182,-1.30670422622708,-1.3201400372454,-1.31198278826593
1.48666666666667,-1.36002521076345,-1.31523075477611,-1.32884284972021,-1.32055020235656
1.487,-1.3691297822901,-1.3238358643837,-1.33762697715813,-1.32919644478701
1.48733333333333,-1.37832086021136,-1.33252047332408,-1.34649338761839,-1.33792243221576
1.48766666666667,-1.38759949399492,-1.34128551275253,-1.35544306308306,-1.34672909403921
1.488,-1.396966748527,-1.35013192691504,-1.36447699969115,-1.35561737259587
1.48833333333333,-1.40642370437766,-1.35906067336164,-1.37359620797712,-1.36458822337394
1.48866666666667,-1.41597145807165,-1.3680727231639,-1.3828017131141,-1.37364261522298
1.489,-1.4256111223643,-1.37716906113628,-1.39209455516171,-1.38278153056909
1.48933333333333,-1.43534382652305,-1.38635068606161,-1.40147578931866,-1.39200596563419
1.48966666666667,-1.44517071661455,-1.39561861092092,-1.41094648618033,-1.4013169306592
1.49,-1.4550929557974,-1.40497386312731,-1.42050773200129,-1.41071545013129
1.49033333333333,-1.46511172462075,-1.41441748476432,-1.43016062896289,-1.42020256301523
1.49066666666667,-1.47522822132884,-1.42395053282875,-1.43990629544611,-1.42977932298896
1.491,-1.48544366217172,-1.43357407947798,-1.44974586630978,-1.43944679868356
1.49133333333333,-1.49575928172204,-1.44328921228193,-1.45968049317407,-1.44920607392741
1.49166666666667,-1.50617633319833,-1.4530970344798,-1.4697113447098,-1.45905824799506
1.492,-1.51669608879474,-1.46299866524157,-1.47983960693319,-1.4690044358604
1.49233333333333,-1.52731984001737,-1.47299523993447,-1.49006648350647,-1.47904576845469
1.49266666666667,-1.53804889802755,-1.4830879103945,-1.50039319604457,-1.48918339292926
1.493,-1.54888459399186,-1.49327784520304,-1.51082098442763,-1.49941847292298
1.49333333333333,-1.55982827943942,-1.50356622996871,-1.52135110711984,-1.50975218883478
1.49366666666667,-1.57088132662631,-1.51395426761456,-1.53198484149457,-1.5201857381011
1.494,-1.58204512890755,-1.52444317867084,-1.54272348416596,-1.53072033547856
1.49433333333333,-1.59332110111645,-1.53503420157309,-1.553568351327,-1.54135721333172
1.49466666666667,-1.60471067995197,-1.54572859296622,-1.56452077909455,-1.55209762192636
1.495,-1.61621532437376,-1.55652762801411,-1.57558212386106,-1.56294282972807
1.49533333333333,-1.62783651600543,-1.56743260071535,-1.58675376265333,-1.57389412370636
1.49566666666667,-1.6395757595461,-1.57844482422485,-1.59803709349861,-1.58495280964461
1.496,-1.65143458319031,-1.58956563118178,-1.60943353579783,-1.59612021245552
1.49633333333333,-1.6634145390567,-1.60079637404364,-1.62094453070643,-1.60739767650271
1.49666666666667,-1.67551720362537,-1.61213842542688,-1.63257154152284,-1.61878656592808
1.497,-1.68774417818448,-1.62359317845398,-1.64431605408473,-1.63028826498548
1.49733333333333,-1.70009708928581,-1.6351620471073,-1.65617957717327,-1.64190417838042
1.49766666666667,-1.71257758921,-1.64684646658969,-1.66816364292554,-1.65363573161635
1.498,-1.7251873564413,-1.65864789369205,-1.68026980725524,-1.66548437134718
1.49833333333333,-1.73792809615209,-1.67056780716803,-1.6924996502819,-1.67745156573659
1.49866666666667,-1.75080154069766,-1.68260770811599,-1.70485477676884,-1.68953880482397
1.499,-1.76380945012111,-1.69476912036834,-1.71733681656985,-1.70174760089725
1.49933333333333,-1.77695361266873,-1.70705359088828,-1.72994742508502,-1.71407948887266
1.49966666666667,-1.79023584531623,-1.71946269017446,-1.74268828372578,-1.72653602668167
1.5,-1.80365799430587,-1.73199801267337,-1.75556110038936,-1.73911879566524
1.50033333333333,-1.81722193569464,-1.74466117719962,-1.76856760994282,-1.75182940097522
1.50066666666667,-1.83092957591407,-1.75745382736455,-1.78170957471697,-1.76466947198357
1.501,-1.84478285234162,-1.77037763201311,-1.79498878501029,-1.77764066269907
1.50133333333333,-1.85878373388385,-1.78343428566905,-1.80840705960294,-1.79074465219185
1.50166666666667,-1.87293422157191,-1.79662550898894,-1.82196624628136,-1.80398314502583
1.502,-1.88723634916943,-1.809953049225,-1.83566822237343,-1.81735787169948
1.50233333333333,-1.90169218379285,-1.82341868069669,-1.84951489529436,-1.83087058909442
1.50266666666667,-1.91630382654496,-1.83702420527162,-1.86350820310383,-1.8445230809328
1.503,-1.93107341316137,-1.85077145285575,-1.87765011507419,-1.8583171582429
1.50333333333333,-1.9460031146705,-1.86466228189295,-1.89194263227021,-1.87225465983351
1.50366666666667,-1.96109513806724,-1.87869857987435,-1.90638778814051,-1.88633745277721
1.504,-1.97635172700067,-1.89288226385743,-1.92098764912096,-1.90056743290251
1.50433333333333,-1.99177516247577,-1.90721528099511,-1.93574431524999,-1.91494652529502
1.50466666666667,-2.00736776356981,-1.92169960907506,-1.95065992079645,-1.92947668480811
1.505,-2.02313188816352,-1.93633725706933,-1.96573663489995,-1.94415989658278
1.50533333333333,-2.03906993368701,-1.9511302656944,-1.98097666222385,-1.95899817657708
1.50566666666667,-2.05518433788137,-1.96608070798218,-1.99638224362142,-1.97399357210541
1.506,-2.07147757957549,-1.98119068986158,-2.01195565681502,-1.9891481623874
1.50633333333333,-2.08795217947878,-1.99646235075127,-2.02769921708874,-2.00446405910684
1.50666666666667,-2.10461070099013,-2.01189786416368,-2.0436152779947,-2.01994340698089
1.507,-2.12145575102301,-2.02749943832031,-2.0597062320731,-2.03558838433928
1.50733333333333,-2.13848998084716,-2.04326931677848,-2.07597451158618,-2.05140120371402
1.50766666666667,-2.15571608694722,-2.05920977907002,-2.09242258926658,-2.06738411243954
1.508,-2.17313681189843,-2.07532314135164,-2.10905297907999,-2.08353939326357
1.50833333333333,-2.19075494525947,-2.09161175706724,-2.1258682370022,-2.09986936496853
1.50866666666667,-2.20857332448304,-2.10807801762267,-2.14287096181121,-2.116376383004
1.509,-2.22659483584399,-2.12472435307237,-2.16006379589391,-2.13306284012994
1.50933333333333,-2.24482241538555,-2.14155323281873,-2.17744942606793,-2.149931167071
1.50966666666667,-2.2632590498835,-2.15856716632391,-2.19503058441867,-2.16698383318197
1.51,-2.28190777782894,-2.17576870383428,-2.21281004915163,-2.1842233471244
1.51033333333333,-2.30077169042907,-2.19316043711755,-2.23079064545989,-2.20165225755436
1.51066666666667,-2.31985393262699,-2.21074500021287,-2.2489752464075,-2.21927315382162
1.511,-2.33915770413993,-2.22852507019382,-2.26736677382792,-2.23708866668008
1.51133333333333,-2.35868626051631,-2.24650336794421,-2.28596819923834,-2.25510146900948
1.51166666666667,-2.37844291421168,-2.26468265894708,-2.30478254476947,-2.27331427654852
1.512,-2.39843103568353,-2.28306575408667,-2.32381288411089,-2.29172984863924
1.51233333333333,-2.41865405450474,-2.30165551046318,-2.34306234347184,-2.31035098898253
1.51266666666667,-2.43911546049622,-2.32045483222104,-2.36253410255758,-2.32918054640506
1.513,-2.4598188048779,-2.33946667138956,-2.38223139556098,-2.34822141563709
1.51333333333333,-2.48076770143844,-2.35869402873677,-2.40215751216914,-2.36747653810124
1.51366666666667,-2.50196582772328,-2.37813995463591,-2.42231579858506,-2.38694890271211
1.514,-2.52341692624103,-2.39780754994461,-2.44270965856402,-2.40664154668661
1.51433333333333,-2.54512480568725,-2.41769996689622,-2.46334255446403,-2.42655755636427
1.51466666666667,-2.56709334218618,-2.43782041000365,-2.48421800831057,-2.4467000680381
1.515,-2.58932648054911,-2.45817213697488,-2.50533960287457,-2.46707226879485
1.51533333333333,-2.61182823554934,-2.47875845964004,-2.52671098276342,-2.48767739736482
1.51566666666667,-2.63460269321298,-2.49958274488979,-2.54833585552446,-2.50851874498054
1.516,-2.65765401212495,-2.52064841562446,-2.57021799276008,-2.52959965624414
1.51633333333333,-2.68098642474899,-2.54195895171305,-2.5923612312536,-2.5509235300022
1.51666666666667,-2.70460423876141,-2.56351789096251,-2.61476947410535,-2.57249382022839
1.517,-2.72851183839674,-2.58532883009536,-2.63744669187761,-2.59431403691234
1.51733333333333,-2.75271368580462,-2.6073954257359,-2.66039692374733,-2.61638774695445
1.51766666666667,-2.77721432241645,-2.62972139540387,-2.68362427866575,-2.63871857506579
1.518,-2.80201837032005,-2.65231051851423,-2.70713293652283,-2.66131020467166
1.51833333333333,-2.82713053364077,-2.67516663738265,-2.73092714931552,-2.68416637881821
1.51866666666667,-2.85255559992735,-2.698293658235,-2.75501124231789,-2.70729090108083
1.519,-2.87829844154018,-2.72169555222008,-2.7793896152512,-2.73068763647285
1.51933333333333,-2.90436401703941,-2.74537635642341,-2.80406674345165,-2.75436051235301
1.51966666666667,-2.93075737257122,-2.76934017488141,-2.82904717903404,-2.77831351933069
1.52,-2.95748364324799,-2.79359117959324,-2.85433555204773,-2.80255071216616
1.52033333333333,-2.98454805452077,-2.8181336115292,-2.87993657162318,-2.82707621066496
1.52066666666667,-3.01195592353947,-2.8429717816333,-2.90585502710538,-2.85189420056372
1.521,-3.03971266049749,-2.86811007181718,-2.93209578917055,-2.87700893440498
1.52133333333333,-3.06782376995647,-2.89355293594354,-2.95866381092298,-2.90242473239897
1.52166666666667,-3.0962948521469,-2.9193049007961,-2.9855641289676,-2.92814598326942
1.522,-3.12513160423915,-2.94537056703265,-3.01280186445375,-2.95417714508014
1.52233333333333,-3.15433982157991,-2.97175461011822,-3.04038222408554,-2.98052274603934
1.52266666666667,-3.18392539888797,-2.99846178123476,-3.06831050109337,-3.00718738527831
1.523,-3.2138943314028,-3.02549690816299,-3.09659207616093,-3.03417573360005
1.52333333333333,-3.24425271597909,-3.0528648961326,-3.12523241830135,-3.06149253419422
1.52366666666667,-3.27500675211954,-3.08057072863574,-3.15423708567595,-3.08914260331357
1.524,-3.30616274293748,-3.10861946819874,-3.18361172634793,-3.11713083090688
1.52433333333333,-3.33772709604032,-3.1370162571065,-3.2133620789629,-3.14546218120293
1.52466666666667,-3.36970632432442,-3.16576631807395,-3.24349397334844,-3.17414169324027
1.525,-3.40210704667028,-3.1948749548573,-3.27401333102224,-3.20317448133568
1.52533333333333,-3.43493598852667,-3.22434755279857,-3.30492616559924,-3.23256573548512
1.52566666666667,-3.46819998237174,-3.25418957929575,-3.33623858308703,-3.26232072168964
1.526,-3.50190596803688,-3.28440658418984,-3.36795678205706,-3.29244478219818
1.52633333333333,-3.53606099287953,-3.31500420006039,-3.40008705367949,-3.32294333565882
1.52666666666667,-3.57067221178904,-3.34598814241967,-3.43263578160774,-3.35382187716942
1.527,-3.60574688700841,-3.37736420979483,-3.46560944169772,-3.38508597821729
1.52733333333333,-3.64129238775394,-3.40913828368704,-3.49901460154589,-3.41674128649736
1.52766666666667,-3.6773161896133,-3.44131632839557,-3.53285791982926,-3.44879352559748
1.528,-3.71382587370073,-3.47390439069365,-3.56714614542861,-3.48124849453833
1.52833333333333,-3.75082912554633,-3.50690859934179,-3.6018861163149,-3.5141120671542
1.52866666666667,-3.78833373369612,-3.54033516442433,-3.63708475817856,-3.54739019130129
1.529,-3.82634758799517,-3.57419037649178,-3.67274908277737,-3.58108888787695
1.52933333333333,-3.86487867752741,-3.60848060549285,-3.70888618598039,-3.61521424963458
1.52966666666667,-3.9039350881807,-3.64321229947663,-3.74550324548028,-3.64977243977573
1.53,-3.94352499980588,-3.67839198304527,-3.78260751814716,-3.68476969030093
1.53033333333333,-3.98365668293489,-3.7140262555357,-3.82020633699363,-3.72021230009892
1.53066666666667,-4.02433849502179,-3.75012178890771,-3.85830710771996,-3.75610663275292
1.531,-4.06557887616724,-3.78668532531396,-3.89691730480515,-3.79245911404109
1.53133333333333,-4.10738634428441,-3.82372367432525,-3.93604446710796,-3.82927622910597
1.53166666666667,-4.14976948966312,-3.86124370978447,-3.97569619294057,-3.86656451926812
1.532,-4.19273696888363,-3.89925236625851,-4.01588013457337,-3.90433057845501
1.53233333333333,-4.23629749803143,-3.93775663505729,-4.0566039921291,-3.94258104921661
1.53266666666667,-4.2804598451592,-3.97676355978658,-4.09787550682064,-3.98132261829625
1.533,-4.32523282194071,-4.01628023139908,-4.13970245348508,-4.02056201172378
1.53333333333333,-4.37062527445678,-4.05631378270592,-4.18209263236331,-4.06030598939581
1.53366666666667,-4.41664607305216,-4.09687138231005,-4.22505386007349,-4.1005613391073
1.534,-4.46330410119695,-4.13796022791855,-4.26859395972195,-4.14133486999443
1.53433333333333,-4.51060824328464,-4.17958753899083,-4.31272075009457,-4.18263340534903
1.53466666666667,-4.55856737129493,-4.22176054867595,-4.35744203386824,-4.22446377476164
1.535,-4.60719033024605,-4.26448649499073,-4.40276558477924,-4.26683280554809
1.53533333333333,-4.65648592235948,-4.30777261118829,-4.44869913368455,-4.3097473134137
1.53566666666667,-4.70646288985592,-4.35162611526397,-4.49525035344846,-4.35321409230628
1.536,-4.75712989629877,-4.39605419854317,-4.54242684258562,-4.39723990340731
1.53633333333333,-4.80849550640021,-4.44106401329507,-4.5902361075903,-4.44183146320975
1.53666666666667,-4.86056816420141,-4.48666265931256,-4.63868554388024,-4.48699543062894
1.537,-4.91335616953746,-4.53285716939835,-4.68778241528189,-4.53273839309119
1.53733333333333,-4.96686765269616,-4.57965449369426,-4.73753383198442,-4.57906685154418
1.53766666666667,-5.02111054718067,-4.62706148279221,-4.78794672689038,-4.62598720433316
1.538,-5.07609256048269,-4.67508486956042,-4.83902783028952,-4.67350572988365
1.53833333333333,-5.13182114277889,-4.72373124962244,-4.89078364278754,-4.72162856813534
1.53866666666667,-5.18830345346086,-4.77300706042334,-4.94322040642109,-4.77036170066868
1.539,-5.24554632541467,-4.82291855881935,-4.99634407389564,-4.81971092946893
1.53933333333333,-5.30355622696923,-4.87347179712873,-5.05016027588719,-4.86968185427252
1.53966666666667,-5.36233922144067,-4.92467259758336,-5.10467428635565,-4.92027984844489
1.54,-5.42190092420497,-4.97652652512361,-5.15989098582499,-4.97151003334018
1.54033333333333,-5.48224645724278,-5.02903885848291,-5.21581482259428,-5.02337725109863
1.54066666666667,-5.54338040111239,-5.08221455951465,-5.27244977185751,-5.07588603584329
1.541,-5.6053067443184,-5.13605824071817,-5.32979929271973,-5.12904058324225
1.54133333333333,-5.66802883006514,-5.19057413093215,-5.38786628311724,-5.18284471841382
1.54166666666667,-5.7315493003984,-5.2457660391694,-5.44665303266414,-5.23730186215796
1.542,-5.79587003776644,-5.3016373165811,-5.50616117347093,-5.29241499551117
1.54233333333333,-5.86099210405465,-5.35819081655052,-5.5663916290031,-5.34818662263339
1.54266666666667,-5.92691567718,-5.41542885293248,-5.62734456107633,-5.40461873205129
1.543,-5.99363998536471,-5.47335315647136,-5.68901931511278,-5.46171275629865
1.54333333333333,-6.06116323924543,-5.53196482945099,-5.75141436381768,-5.51946953001294
1.54366666666667,-6.12948256201928,-5.59126429865369,-5.81452724947261,-5.57788924657135
1.544,-6.19859391787105,-5.65125126672807,-5.8783545250797,-5.63697141336904
1.54433333333333,-6.26849203898034,-5.71192466209686,-5.94289169463793,-5.69671480587316
1.54466666666667,-6.33917035146012,-5.77328258756407,-6.00813315287582,-5.75711742061128
1.545,-6.41062090063938,-5.83532226781682,-6.07407212481765,-5.81817642728633
1.54533333333333,-6.4828342761654,-5.89803999605168,-6.14070060561074,-5.87988812024198
1.54566666666667,-6.55579953746973,-5.96143107999816,-6.20800930109836,-5.94224786954053
1.546,-6.6295041402114,-6.02548978765058,-6.27598756967796,-6.00525007195056
1.54633333333333,-6.70393386438282,-6.09020929306566,-6.34462336604181,-6.06888810218256
1.54666666666667,-6.77907274484257,-6.15558162263143,-6.41390318745884,-6.13315426475293
1.547,-6.85490300510765,-6.22159760225629,-6.4838120233074,-6.19803974689497
1.54733333333333,-6.93140499531785,-6.28824680598174,-6.5543333086301,-6.26353457298176
1.54766666666667,-7.00855713535313,-6.35551750656767,-6.62544888252955,-6.32962756096513
1.548,-7.08633586415087,-6.42339662864725,-6.69713895227009,-6.39630628137383
1.54833333333333,-7.16471559633287,-6.49186970509868,-6.769382063992,-6.46355701945565
1.54866666666667,-7.24366868730153,-6.56092083732061,-6.84215508097342,-6.53136474107878
1.549,-7.32316540800444,-6.63053266014084,-6.91543317039395,-6.59971306303918
1.54933333333333,-7.40317393059086,-6.70068631211806,-6.9891897995599,-6.66858422844313
1.54966666666667,-7.48366032619488,-6.77136141202721,-7.06339674254217,-6.7379590878512
1.55,-7.56458857605975,-6.84253604232921,-7.13802409814583,-6.80781708687255
1.55033333333333,-7.64592059719007,-6.91418674043807,-7.21304032008567,-6.87813626089853
1.55066666666667,-7.72761628364693,-6.98628849858579,-7.28841226016789,-6.94889323764317
1.551,-7.80963356451197,-7.05881477306423,-7.3641052251823,-7.02006324812803
1.55133333333333,-7.89192847941978,-7.13173750358388,-7.44008304808889,-7.09162014670202
1.55166666666667,-7.9744552723974,-7.20502714343005,-7.51630817393228,-7.16353644062118
1.552,-8.05716650455441,-7.27865270101737,-7.59274176074174,-7.23578332963159
1.55233333333333,-8.14001318593491,-7.35258179334356,-7.66934379547027,-7.30833075589576
1.55266666666667,-8.22294492657554,-7.42678071172078,-7.74607322479843,-7.38114746448396
1.553,-8.30591010650907,-7.50121450001365,-7.82288810037132,-7.4542010745078
1.55333333333333,-8.38885606412285,-7.57584704544889,-7.89974573776747,-7.52745816081966
1.55366666666667,-8.47172930191783,-7.65064118186675,-7.97660288820329,-7.60088434602075
1.554,-8.5544757083311,-7.72555880507556,-8.05341592167566,-7.67444440233195
1.55433333333333,-8.63704079389042,-7.80056099974294,-8.13014101993792,-7.74810236267715
1.55466666666667,-8.71936993956506,-7.8756081770148,-8.20673437739865,-7.82182164011683
1.555,-8.80140865477946,-7.95066022180037,-8.28315240773711,-7.89556515455242
1.55533333333333,-8.88310284217328,-8.02567664840599,-8.35935195375215,-7.96929546540331
1.55566666666667,-8.96439906583815,-8.10061676294639,-8.43529049771578,-8.04297490875216
1.556,-9.04524481944184,-8.17543983071189,-8.51092636928664,-8.11656573724922
1.55633333333333,-9.12558879039188,-8.25010524644344,-8.5862189478792,-8.19003026089183
1.55666666666667,-9.20538111598631,-8.3245727052536,-8.66112885626799,-8.26333098663395
1.557,-9.28457362737733,-8.39880237175731,-8.73561814215995,-8.33643075465947
1.55733333333333,-9.36312007713145,-8.47275504483375,-8.80965044448392,-8.40929286906298
1.55766666666667,-9.44097634622155,-8.54639231534674,-8.88319114123545,-8.4818812206375
1.558,-9.51810062643038,-8.61967671410427,-8.95620747587525,-8.55416039946703
1.55833333333333,-9.59445357439314,-8.6925718473516,-9.02866865951442,-8.626095795077
1.55866666666667,-9.66999843384471,-8.76504251716082,-9.10054594642461,-8.69765368199437
1.559,-9.74470112307243,-8.83705482421223,-9.17181268077772,-8.76880128872784
1.55933333333333,-9.81853028509153,-8.90857625065596,-9.24244431294927,-8.83950684838456
1.55966666666667,-9.89145729865113,-8.97957572099663,-9.31241838419379,-8.90973962939625
1.56,-9.9634562488267,-9.05002363924733,-9.3817144790101,-8.97946994512555
1.56033333333333,-10.03450385665,-9.119891900964,-9.45031414505599,-9.04866914146513
1.56066666666667,-10.1045793679448,-9.18915387916675,-9.51820078101638,-9.11730956191014
1.561,-10.1736644022617,-9.25778438359177,-9.58535949337601,-9.18536448997647
1.56133333333333,-10.2417427635216,-9.32575959317323,-9.65177692357803,-9.25280806924597
1.56166666666667,-10.3088002146629,-9.39305696212827,-9.71744104755366,-9.31961520173013
1.562,-10.3748242192229,-9.45965510048311,-9.78234095006546,-9.38576142564719
1.56233333333333,-10.4398036533687,-9.52553363034655,-9.84646657672599,-9.45122277410314
1.56266666666667,-10.5037284923933,-9.59067301967173,-9.90980846690269,-9.51597561653076
1.563,-10.5665894761189,-9.6550543956574,-9.97235747101583,-9.5799964850786
1.56333333333333,-10.6283777579852,-9.71865934031049,-10.0341044559603,-9.64326188844123
1.56366666666667,-10.6890845428434,-9.78146967101359,-10.0950400025416,-9.70574811587644
1.564,-10.7487007186292,-9.84346720920837,-10.1551540989049,-9.76743103436159
1.56433333333333,-10.8072164871546,-9.90463354052406,-10.2144358339694,-9.82828588200127
1.56466666666667,-10.8646209992367,-9.96494976983319,-10.2728730948443,-9.88828706090613
1.565,-10.9209019992859,-10.0243962748143,-10.330452272121,-9.94740793281587
1.56533333333333,-10.9760454843155,-10.0829524616448,-10.3871579768078,-10.0056206207537
1.56566666666667,-11.0300353821074,-10.14059652643,-10.4429727724995,-10.0628958199546
1.566,-11.0828532530038,-10.1973052259183,-10.4978769261795,-10.1192026212352
1.56633333333333,-11.134478019476,-10.2530536609363,-10.5518481808193,-10.1745083498455
1.56666666666667,-11.1848857272881,-10.307815075836,-10.6048615527031,-10.2287784226947
1.567,-11.2340493417014,-10.361560677061,-10.6568891561444,-10.2819762266489
1.56733333333333,-11.2819385817859,-10.4142594737252,-10.7079000579991,-10.3340630203892
1.56766666666667,-11.3285197955134,-10.4658781428647,-10.7578601641086,-10.3849978620781
1.568,-11.373755877897,-10.5163809217614,-10.8067321395383,-10.4347375648232
1.56833333333333,-11.4176062340418,-10.5657295294693,-10.8544753642003,-10.4832366816504
1.56866666666667,-11.4600267885441,-10.6138831193832,-10.9010459251766,-10.5304475214026
1.569,-11.5009700422632,-10.6607982643946,-10.946396646782,-10.5763201966747
1.56933333333333,-11.5403851770483,-10.7064289758678,-10.9904771591201,-10.6208027045683
1.56966666666667,-11.5782182085661,-10.7507267573552,-11.0332340056018,-10.6638410407156
1.57,-11.6144121869115,-10.7936406936385,-11.0746107895872,-10.7053793466731
1.57033333333333,-11.648907444216,-10.8351175753498,-11.1145483600049,-10.7453600904217
1.57066666666667,-11.6816418879738,-10.875102059075,-11.1529850354669,-10.7837242793402
1.571,-11.7125513382988,-10.9135368624857,-11.18985686605,-10.8204117046323
1.57133333333333,-11.7415699068045,-10.950362993675,-11.2250979315445,-10.8553612158004
1.57166666666667,-11.7686304142539,-10.9855200134942,-11.2586406745814,-10.8885110233556
1.572,-11.7936648435878,-11.0189463292971,-11.2904162666403,-10.9197990275617
1.57233333333333,-11.8166048243831,-11.0505795181033,-11.3203550045152,-10.9491631706078
1.57266666666667,-11.8373821442559,-11.0803566767934,-11.3483867343777,-10.9765418092193
1.573,-11.855929282199,-11.1082147965469,-11.3744413001349,-11.0018741043415
1.57333333333333,-11.8721799583508,-11.134091158345,-11.3984490123391,-11.025100424181
1.57366666666667,-11.886069694249,-11.1579237459802,-11.4203411334787,-11.0461627565686
1.574,-11.8975363772358,-11.1796516726561,-11.4400503750741,-11.0650051263284
1.57433333333333,-11.9065208223765,-11.1992156169375,-11.4575114016357,-11.0815740131091
1.57466666666667,-11.9129673250411,-11.216558263522,-11.4726613362199,-11.0958187649587
1.575,-11.9168241971899,-11.2316247440692,-11.4854402620616,-11.1076920028226
1.57533333333333,-11.9180442804225,-11.2443630731488,-11.495791714581,-11.1171500111109
1.57566666666667,-11.9165854289907,-11.2547245742622,-11.5036631579643,-11.1241531095347
1.576,-11.9124109562573,-11.262664290861,-11.509006440523,-11.128666001544
1.57633333333333,-11.9054900384973,-11.2681413773454,-11.5117782231421,-11.1306580949222
1.57666666666667,-11.8957980704941,-11.2711194651689,-11.5119403753454,-11.1301037904022
1.577,-11.8833169680553,-11.2715669994089,-11.5094603338397,-11.1269827345595
1.57733333333333,-11.8680354133718,-11.2694575414973,-11.5043114188361,-11.1212800337112
1.57766666666667,-11.8499490400294,-11.2647700342142,-11.4964731039999,-11.112986426085
1.578,-11.8290605554494,-11.2574890255521,-11.4859312365154,-11.1020984101247
1.57833333333333,-11.8053797995559,-11.2476048486256,-11.4726782044855,-11.0886183274406
1.57866666666667,-11.7789237395046,-11.2351137554373,-11.4567130496688,-11.0725543995877
1.579,-11.7497164013553,-11.2200180029905,-11.438041524403,-11.0539207185441
1.57933333333333,-11.7177887405748,-11.2023258909516,-11.4166760924235,-11.03273719145
1.57966666666667,-11.6831784542136,-11.1820517507949,-11.3926358741553,-11.0090294408347
1.58,-11.6459297384687,-11.1592158870833,-11.3659465379091,-10.9828286621957
1.58033333333333,-11.6060929961132,-11.1338444722457,-11.3366401392177,-10.9541714413759
1.58066666666667,-11.5637244989224,-11.1059693968746,-11.3047549113018,-10.9230995347125
1.581,-11.518886010741,-11.075628078182,-11.2703350103208,-10.8896596153745
1.58133333333333,-11.4716443772101,-11.0428632297943,-11.2334302196436,-10.8539029896824
1.58166666666667,-11.422071088406,-11.0077225965364,-11.194095617843,-10.8158852874778
1.582,-11.3702418207362,-10.9702586582312,-11.1523912154785,-10.7756661308112
1.58233333333333,-11.3162359643904,-10.9305283068321,-11.1083815659706,-10.7333087853149
1.58266666666667,-11.2601361424839,-10.8885925013945,-11.0621353559988,-10.6888797986474
1.583,-11.2020277277503,-10.8445159054917,-11.0137249808662,-10.642448630335
1.58333333333333,-11.1419983622709,-10.7983665116863,-10.9632261101795,-10.5940872771914
1.58366666666667,-11.0801374852815,-10.7502152575914,-10.9107172490086,-10.543869898303
1.584,-11.0165358735853,-10.7001356378945,-10.8562792994108,-10.4918724432972
1.58433333333333,-10.9512851985613,-10.6482033164955,-10.7999951268652,-10.4381722873163
1.58466666666667,-10.8844776031734,-10.5944957426269,-10.74194913576,-10.3828478757735
1.585,-10.8162053018165,-10.5390917744921,-10.6822268576333,-10.3259783816068
1.58533333333333,-10.7465602052554,-10.4820713135971,-10.6209145553958,-10.2676433773701
1.58566666666667,-10.6756335723594,-10.4235149525598,-10.5580988462803,-10.2079225241169
1.586,-10.6035156898107,-10.3635036387805,-10.4938663457745,-10.1468952786552
1.58633333333333,-10.5302955804762,-10.3021183559562,-10.4283033343161,-10.0846406203875
1.58666666666667,-10.4560607406881,-10.2394398250186,-10.3614954480686,-10.0212367985986
1.587,-10.3808969062805,-10.1755482256954,-10.2935273946639,-9.9567611007295
1.58733333333333,-10.3048878468858,-10.1105229395293,-10.2244826943965,-9.89128964187745
1.58766666666667,-10.2281151876908,-10.0444423148486,-10.1544434469888,-9.82489717548982
1.588,-10.1506582576152,-9.97738345387534,-10.0834901237253,-9.75765692498229
1.58833333333333,-10.0725939626661,-9.90942202187869,-10.0117013844665,-9.68964043580325
1.58866666666667,-9.99399668307375,-9.84063207803373,-9.93915391881418,-9.62091744728886
1.589,-9.91493819269861,-9.77108592743735,-9.86592231049756,-9.55155578351009
1.58933333333333,-9.83548759912323,-9.70085399355086,-9.79207892388717,-9.48162126219123
1.58966666666667,-9.75571130280377,-9.63000471019734,-9.71769381141878,-9.41117762069628
1.59,-9.67567297363779,-9.55860443211912,-9.64283464061449,-9.34028645800584
1.59033333333333,-9.59543354332288,-9.4867173630205,-9.56756663933301,-9.26900719157477
1.59066666666667,-9.51505121190919,-9.41440549995242,-9.49195255783927,-9.19739702792891
1.591,-9.43458146700135,-9.34172859286218,-9.41605264628034,-9.12551094586309
1.59133333333333,-9.35407711412942,-9.26874411811114,-9.33992464616168,-9.05340169110761
1.59166666666667,-9.27358831688073,-9.19550726476305,-9.26362379444478,-8.98111978135498
1.592,-9.19316264546917,-9.1220709324645,-9.18720283893253,-8.90871352057536
1.59233333333333,-9.112845132502,-9.04848573976219,-9.1107120636578,-8.83622902158608
1.59266666666667,-9.03267833479805,-8.9748000417461,-9.03419932305662,-8.76371023589609
1.593,-8.95270240019681,-8.9010599559499,-8.95771008377229,-8.69119898989241
1.59333333333333,-8.87295513839375,-8.82730939549784,-8.8812874730131,-8.61873502650032
1.59366666666667,-8.79347209491993,-8.75359010854124,-8.80497233245791,-8.54635605150089
1.594,-8.71428662747408,-8.67994172309176,-8.72880327678353,-8.47409778375439
1.59433333333333,-8.63542998389545,-8.60640179642133,-8.65281675596291,-8.40199400863557
1.59466666666667,-8.5569313811412,-8.5330058682582,-8.57704712055592,-8.33007663404478
1.595,-8.47881808471087,-8.45978751707702,-8.50152668929122,-8.25837574841868
1.59533333333333,-8.40111548802425,-8.38677841883866,-8.42628581830532,-8.18691968021819
1.59566666666667,-8.32384719132306,-8.31400840759458,-8.35135297146968,-8.11573505842165
1.596,-8.24703507972841,-8.241505537432,-8.27675479130438,-8.04484687360639
1.59633333333333,-8.17069940013698,-8.1692961452869,-8.20251617003247,-7.97427853924485
1.59666666666667,-8.09485883668741,-8.09740491420409,-8.12866032038341,-7.9040519528858
1.597,-8.01953058457605,-8.02585493667479,-8.05520884580904,-7.83418755693499
1.59733333333333,-7.94473042203783,-7.95466777772448,-7.9821818098187,-7.76470439878431
1.59766666666667,-7.87047278034475,-7.88386353746547,-7.90959780418319,-7.69562019007433
1.598,-7.796770811708,-7.81346091287071,-7.83747401579955,-7.62695136490851
1.59833333333333,-7.72363645499684,-7.74347725855687,-7.76582629204044,-7.558713136864
1.59866666666667,-7.65108049921077,-7.67392864639911,-7.69466920444536,-7.4909195546717
1.599,-7.57911264466766,-7.60482992382893,-7.6240161106397,-7.4235835564616
1.59933333333333,-7.50774156188581,-7.53619477069362,-7.55387921439312,-7.35671702249109
1.59966666666667,-7.43697494815523,-7.46803575457718,-7.48426962375019,-7.29033082629145
1.6,-7.36681958180996,-7.40036438450807,-7.41519740718789,-7.22443488418699
1.60033333333333,-7.29728137422246,-7.33319116299416,-7.34667164777169,-7.15903820315435
1.60066666666667,-7.22836541955216,-7.26652563634384,-7.27870049529503,-7.09414892700265
1.601,-7.16007604229021,-7.20037644324742,-7.21129121640399,-7.02977438086776
1.60133333333333,-7.09241684264873,-7.13475136160564,-7.14445024271824,-6.96592111402408
1.60166666666667,-7.0253907398463,-7.06965735360183,-7.07818321696772,-6.90259494102304
1.602,-6.95900001334991,-7.0051006090266,-7.01249503717555,-6.83980098117852
1.60233333333333,-6.89324634213534,-6.94108658687094,-6.94738989892413,-6.77754369642409
1.60266666666667,-6.82813084202805,-6.87762005520993,-6.88287133574348,-6.71582692757069
1.603,-6.76365410119325,-6.81470512940725,-6.81894225767109,-6.65465392900033
1.60333333333333,-6.69981621384147,-6.75234530867421,-6.75560498803171,-6.59402740183378
1.60366666666667,-6.63661681221667,-6.69054351102123,-6.6928612984901,-6.53394952561182
1.604,-6.57405509693608,-6.62930210664349,-6.63071244243229,-6.47442198853414
1.60433333333333,-6.51212986574862,-6.56862294978537,-6.56915918673156,-6.41544601630001
1.60466666666667,-6.45083954077804,-6.50850740912885,-6.50820184195602,-6.35702239959611
1.605,-6.39018219431727,-6.44895639675382,-6.44784029107625,-6.29915152027824
1.60533333333333,-6.3301555732381,-6.38997039571916,-6.3880740167307,-6.2418333762943
1.60566666666667,-6.27075712207838,-6.33154948631282,-6.32890212710599,-6.18506760539395
1.606,-6.21198400486873,-6.27369337102051,-6.27032338048916,-6.12885350767289
1.60633333333333,-6.15383312575783,-6.21640139826238,-6.21233620854844,-6.07319006699782
1.60666666666667,-6.096301148493,-6.15967258494504,-6.15493873839632,-6.0180759713563
1.607,-6.03938451481337,-6.10350563787918,-6.09812881348993,-5.96350963217844
1.60733333333333,-5.98307946180705,-6.04789897410758,-6.04190401342025,-5.90948920267203
1.60766666666667,-5.92738203828574,-5.99285074019201,-5.98626167264125,-5.85601259521554
1.608,-5.87228812022453,-5.93835883050232,-5.93119889818827,-5.80307749784945
1.60833333333333,-5.81779342531652,-5.88442090455389,-5.87671258643385,-5.75068138990722
1.60866666666667,-5.76389352668504,-5.83103440343407,-5.82279943892576,-5.69882155682412
1.609,-5.7105838657998,-5.77819656536107,-5.76945597735339,-5.64749510416297
1.60933333333333,-5.65785976463662,-5.72590444041436,-5.71667855768398,-5.5966989708924
1.60966666666667,-5.60571643712104,-5.67415490447557,-5.66446338350976,-5.54642994195323
1.61,-5.55414899989407,-5.62294467241761,-5.61280651864612,-5.49668466014692
1.61033333333333,-5.50315248243587,-5.57227031057795,-5.56170389901802,-5.44745963737912
1.61066666666667,-5.45272183658168,-5.52212824855048,-5.51115134387071,-5.39875126528878
1.611,-5.40285194546254,-5.47251479032925,-5.46114456633926,-5.3505558252934
1.61133333333333,-5.35353763190287,-5.4234261248364,-5.41167918341048,-5.30286949807967
1.61166666666667,-5.30477366630279,-5.37485833586407,-5.36275072530776,-5.25568837256589
1.612,-5.25655477403515,-5.32680741146042,-5.31435464432963,-5.20900845436347
1.61233333333333,-5.20887564238268,-5.2792692527872,-5.2664863231705,-5.16282567376291
1.61266666666667,-5.16173092704055,-5.23223968247535,-5.21914108275018,-5.11713589326677
1.613,-5.11511525820897,-5.1857144525048,-5.17231418957924,-5.07193491469456
1.61333333333333,-5.06902324629846,-5.13968925163256,-5.12600086268383,-5.02721848588007
1.61366666666667,-5.02344948726864,-5.09415971239202,-5.08019628011427,-4.98298230698279
1.614,-4.97838856762147,-5.04912141768565,-5.03489558505862,-4.93922203643215
1.61433333333333,-4.9338350690688,-5.00456990699298,-4.99009389158403,-4.89593329652571
1.61466666666667,-4.88978357289118,-4.96050068221253,-4.94578629002405,-4.8531116786965
1.615,-4.84622866400648,-4.91690921315775,-4.90196785203263,-4.81075274846894
1.61533333333333,-4.80316493476439,-4.87379094272531,-4.85863363532205,-4.76885205011877
1.61566666666667,-4.76058698848155,-4.83114129175165,-4.81577868810188,-4.72740511105194
1.616,-4.71848944273327,-4.78895566357596,-4.77339805323585,-4.68640744591834
1.61633333333333,-4.67686693241484,-4.7472294483239,-4.73148677213163,-4.64585456047373
1.61666666666667,-4.63571411258547,-4.70595802692735,-4.69003988837833,-4.60574195520287
1.617,-4.59502566110781,-4.66513677489392,-4.64905245114509,-4.56606512871713
1.61733333333333,-4.55479628109476,-4.62476106584059,-4.60851951835518,-4.52681958093841
1.61766666666667,-4.51502070317369,-4.58482627480223,-4.56843615964629,-4.48800081608025
1.618,-4.47569368758012,-4.54532778132915,-4.52879745913021,-4.44960434543765
1.61833333333333,-4.43681002608918,-4.50626097238361,-4.48959851796262,-4.4116256899954
1.61866666666667,-4.39836454379533,-4.46762124504661,-4.45083445673314,-4.3740603828647
1.619,-4.36035210074866,-4.42940400904524,-4.41250041768632,-4.33690397155749
1.61933333333333,-4.3227675934563,-4.39160468911045,-4.37459156678261,-4.30015202010711
1.61966666666667,-4.28560595625664,-4.35421872717392,-4.33710309560845,-4.26380011104352
1.62,-4.24886216257387,-4.31724158441335,-4.30003022314356,-4.22784384723098
1.62033333333333,-4.2125312260603,-4.28066874315425,-4.26336819739451,-4.19227885357608
1.62066666666667,-4.17660820163237,-4.24449570863609,-4.22711229690074,-4.15710077861229
1.621,-4.14108818640706,-4.20871801064996,-4.19125783212124,-4.12230529596869
1.62133333333333,-4.10596632054503,-4.17333120505569,-4.15580014670868,-4.08788810572884
1.62166666666667,-4.07123778800487,-4.13833087518363,-4.12073461867648,-4.05384493568549
1.622,-4.03689781721531,-4.10371263312926,-4.08605666146624,-4.02017154249755
1.62233333333333,-4.0029416816691,-4.0694721209448,-4.05176172492016,-3.98686371275409
1.62266666666667,-3.96936470044402,-4.03560501173512,-4.01784529616458,-3.9539172639511
1.623,-3.93616223865514,-4.00210701066188,-3.98430290040947,-3.92132804538507
1.62333333333333,-3.90332970784271,-3.96897385586245,-3.95113010166898,-3.88909193896913
1.62366666666667,-3.87086256629968,-3.93620131928711,-3.9183225034074,-3.85720485997497
1.624,-3.83875631934214,-3.90378520746002,-3.88587574911496,-3.82566275770536
1.62433333333333,-3.80700651952728,-3.87172136216805,-3.85378552281811,-3.79446161610132
1.62466666666667,-3.77560876682082,-3.84000566108125,-3.82204754952707,-3.76359745428691
1.625,-3.7445587087182,-3.80863401830942,-3.79065759562549,-3.73306632705596
1.62533333333333,-3.71385204032209,-3.77760238489798,-3.7596114692052,-3.70286432530379
1.62566666666667,-3.68348450437901,-3.74690674926706,-3.7289050203492,-3.67298757640689
1.626,-3.65345189127745,-3.71654313759638,-3.69853414136616,-3.64343224455367
1.62633333333333,-3.62375003901104,-3.68650761416035,-3.66849476697985,-3.61419453102958
1.62666666666667,-3.59437483310758,-3.65679628161478,-3.63878287447533,-3.58527067445841
1.627,-3.56532220652763,-3.62740528123938,-3.60939448380546,-3.55665695100314
1.62733333333333,-3.5365881395339,-3.59833079313774,-3.58032565765972,-3.52834967452835
1.62766666666667,-3.50816865953358,-3.56956903639797,-3.55157250149781,-3.50034519672643
1.628,-3.48005984089585,-3.54111626921588,-3.52313116355033,-3.47263990721011
1.62833333333333,-3.4522578047459,-3.51296878898352,-3.49499783478868,-3.44523023357294
1.62866666666667,-3.42475871873743,-3.48512293234453,-3.46716874886599,-3.4181126414201
1.629,-3.39755879680488,-3.45757507521884,-3.43964018203112,-3.39128363437078
1.62933333333333,-3.37065429889763,-3.43032163279872,-3.41240845301764,-3.36473975403482
1.62966666666667,-3.34404153069638,-3.40335905951738,-3.38546992290908,-3.33847757996416
1.63,-3.31771684331422,-3.37668384899244,-3.35882099498245,-3.31249372958152
1.63033333333333,-3.29167663298308,-3.3502925339458,-3.33245811453145,-3.28678485808739
1.63066666666667,-3.26591734072646,-3.32418168610103,-3.30637776867057,-3.26134765834693
1.631,-3.24043545202026,-3.2983479160603,-3.28057648612148,-3.23617886075775
1.63133333333333,-3.21522749644235,-3.27278787316196,-3.25505083698361,-3.21127523310051
1.63166666666667,-3.19029004731166,-3.24749824531997,-3.22979743248899,-3.1866335803728
1.632,-3.16561972131823,-3.22247575884664,-3.20481292474341,-3.16225074460776
1.63233333333333,-3.1412131781448,-3.19771717825973,-3.18009400645468,-3.13812360467875
1.63266666666667,-3.11706712008067,-3.17321930607506,-3.1556374106489,-3.11424907609052
1.633,-3.0931782916289,-3.14897898258561,-3.13143991037575,-3.09062411075838
1.63333333333333,-3.06954347910744,-3.1249930856283,-3.10749831840396,-3.06724569677607
1.63366666666667,-3.04615951024471,-3.10125853033898,-3.08380948690728,-3.04411085817291
1.634,-3.02302325377059,-3.07777226889699,-3.06037030714228,-3.02121665466151
1.63433333333333,-3.00013161900335,-3.05453129025998,-3.03717770911862,-2.99856018137669
1.63466666666667,-2.97748155543281,-3.03153261988948,-3.01422866126211,-2.97613856860603
1.635,-2.95507005230063,-3.00877331946825,-2.99152017007184,-2.95394898151293
1.63533333333333,-2.93289413817813,-2.98625048661041,-2.96904927977158,-2.93198861985321
1.63566666666667,-2.91095088054196,-2.96396125456412,-2.94681307195621,-2.91025471768504
1.636,-2.88923738534835,-2.94190279190857,-2.92480866523381,-2.88874454307359
1.63633333333333,-2.8677507966061,-2.92007230224501,-2.90303321486388,-2.86745539779054
1.63666666666667,-2.84648829594874,-2.89846702388269,-2.88148391239196,-2.8463846170088
1.637,-2.82544710220643,-2.87708422952033,-2.86015798528166,-2.82552956899352
1.63733333333333,-2.80462447097781,-2.85592122592357,-2.83905269654406,-2.80488765478926
1.63766666666667,-2.78401769420199,-2.83497535359878,-2.81816534436516,-2.78445630790411
1.638,-2.76362409973124,-2.81424398646365,-2.79749326173151,-2.76423299399086
1.63833333333333,-2.74344105090446,-2.79372453151527,-2.7770338160549,-2.74421521052615
1.63866666666667,-2.72346594612184,-2.77341442849575,-2.75678440879575,-2.72440048648718
1.639,-2.70369621842077,-2.75331114955593,-2.73674247508619,-2.70478638202712
1.63933333333333,-2.68412933505361,-2.73341219891763,-2.71690548335287,-2.6853704881491
1.63966666666667,-2.66476279706689,-2.71371511253436,-2.69727093493948,-2.66615042637899
1.64,-2.64559413888284,-2.69421745775141,-2.67783636372985,-2.64712384843759
1.64033333333333,-2.626620927883,-2.67491683296518,-2.65859933577152,-2.62828843591247
1.64066666666667,-2.6078407639941,-2.65581086728193,-2.63955744889988,-2.60964189992925
1.641,-2.58925127927671,-2.63689722017686,-2.62070833236362,-2.59118198082328
1.64133333333333,-2.5708501375163,-2.61817358115288,-2.60204964645111,-2.57290644781131
1.64166666666667,-2.55263503381724,-2.59963766940004,-2.58357908211826,-2.55481309866367
1.642,-2.53460369419972,-2.58128723345537,-2.56529436061798,-2.53689975937717
1.64233333333333,-2.51675387519975,-2.56312005086362,-2.54719323313141,-2.51916428384887
1.64266666666667,-2.49908336347221,-2.54513392783889,-2.5292734804009,-2.50160455355067
1.643,-2.48158997539719,-2.52732669892737,-2.51153291236513,-2.48421847720526
1.64333333333333,-2.46427155668983,-2.50969622667157,-2.49396936779656,-2.46700399046341
1.64366666666667,-2.4471259820132,-2.49224040127571,-2.47658071394073,-2.44995905558249
1.644,-2.43015115459514,-2.47495714027305,-2.45936484615857,-2.43308166110696
1.64433333333333,-2.41334500584825,-2.45784438819473,-2.44231968757075,-2.4163698215502
1.64466666666667,-2.39670549499367,-2.44090011624044,-2.42544318870485,-2.39982157707842
1.645,-2.38023060868851,-2.42412232195127,-2.40873332714525,-2.38343499319645
1.64533333333333,-2.36391836065708,-2.40750902888455,-2.39218810718581,-2.36720816043562
1.64566666666667,-2.34776679132563,-2.39105828629076,-2.37580555948538,-2.35113919404358
1.646,-2.33177396746105,-2.37476816879285,-2.35958374072623,-2.33522623367657
1.64633333333333,-2.31593798181346,-2.35863677606792,-2.3435207332756,-2.31946744309389
1.64666666666667,-2.30025695276233,-2.3426622325312,-2.32761464485015,-2.30386100985466
1.647,-2.28472902396685,-2.32684268702269,-2.31186360818367,-2.28840514501713
1.64733333333333,-2.26935236401986,-2.31117631249631,-2.29626578069782,-2.27309808284039
1.64766666666667,-2.25412516610587,-2.29566130571162,-2.28081934417619,-2.25793808048869
1.648,-2.23904564766277,-2.28029588692829,-2.26552250444138,-2.24292341773824
1.64833333333333,-2.22411205004778,-2.26507829960338,-2.25037349103573,-2.22805239668687
1.64866666666667,-2.20932263820691,-2.25000681009117,-2.23537055690485,-2.21332334146602
1.649,-2.19467570034863,-2.23507970734606,-2.22051197808486,-2.19873459795581
1.64933333333333,-2.18016954762128,-2.22029530262817,-2.20579605339282,-2.18428453350263
1.64966666666667,-2.16580251379443,-2.2056519292118,-2.19122110412036,-2.16997153663952
1.65,-2.15157295494416,-2.19114794209696,-2.17678547373102,-2.15579401680944
1.65033333333333,-2.13747924914212,-2.17678171772366,-2.1624875275606,-2.14175040409129
1.65066666666667,-2.1235197961485,-2.16255165368924,-2.14832565252107,-2.12783914892872
1.651,-2.10969301710896,-2.14845616846864,-2.13429825680787,-2.11405872186193
1.65133333333333,-2.09599735425515,-2.1344937011377,-2.12040376961056,-2.10040761326225
1.65166666666667,-2.08243127060928,-2.12066271109941,-2.10664064082676,-2.08688433306948
1.652,-2.06899324969231,-2.10696167781308,-2.09300734077961,-2.07348741053238
1.65233333333333,-2.05568179523605,-2.09338910052681,-2.07950235993855,-2.0602153939518
1.65266666666667,-2.04249543089882,-2.07994349801255,-2.06612420864336,-2.04706685042674
1.653,-2.02943269998509,-2.06662340830452,-2.0528714168317,-2.03404036560344
1.65333333333333,-2.01649216516851,-2.0534273884405,-2.03974253376995,-2.0211345434272
1.65366666666667,-2.00367240821888,-2.04035401420609,-2.02673612778722,-2.00834800589709
1.654,-1.99097202973251,-2.02740187988203,-2.01385078601295,-1.99567939282365
1.65433333333333,-1.97838964886649,-2.01456959799457,-2.00108511411753,-1.98312736158933
1.65466666666667,-1.96592390307621,-2.00185579906865,-1.9884377360564,-1.97069058691187
1.655,-1.95357344785665,-1.98925913138425,-1.97590729381726,-1.95836776061047
1.65533333333333,-1.94133695648714,-1.97677826073563,-1.96349244717064,-1.94615759137486
1.65566666666667,-1.9292131197795,-1.9644118701934,-1.95119187342353,-1.93405880453714
1.656,-1.91720064582986,-1.95215865986977,-1.93900426717642,-1.92207014184644
1.65633333333333,-1.90529825977359,-1.94001734668651,-1.92692834008327,-1.91019036124644
1.65666666666667,-1.89350470354389,-1.92798666414593,-1.9149628206148,-1.89841823665553
1.657,-1.88181873563355,-1.91606536210465,-1.9031064538248,-1.88675255774989
1.65733333333333,-1.87023913086015,-1.90425220655042,-1.89135800111964,-1.87519212974922
1.65766666666667,-1.85876468013446,-1.89254597938154,-1.87971624003073,-1.86373577320522
1.658,-1.84739419023205,-1.88094547818929,-1.86817996399001,-1.85238232379271
1.65833333333333,-1.83612648356828,-1.86944951604318,-1.85674798210868,-1.84113063210366
1.65866666666667,-1.82496039797624,-1.8580569212788,-1.8454191189586,-1.82997956344352
1.659,-1.81389478648803,-1.84676653728865,-1.83419221435686,-1.81892799763057
1.65933333333333,-1.80292851711901,-1.83557722231563,-1.82306612315325,-1.80797482879766
1.65966666666667,-1.79206047265511,-1.82448784924913,-1.81203971502051,-1.79711896519654
1.66,-1.78128955044332,-1.81349730542402,-1.80111187424759,-1.78635932900494
1.66033333333333,-1.770614662185,-1.80260449242221,-1.79028149953574,-1.77569485613608
1.66066666666667,-1.76003473373225,-1.79180832587677,-1.77954750379727,-1.76512449605066
1.661,-1.74954870488717,-1.78110773527886,-1.76890881395725,-1.75464721157151
1.66133333333333,-1.73915552920399,-1.77050166378709,-1.75836437075793,-1.74426197870059
1.66166666666667,-1.7288541737941,-1.7599890680395,-1.74791312856572,-1.73396778643849
1.662,-1.71864361913387,-1.74956891796814,-1.73755405518116,-1.7237636366064
1.66233333333333,-1.70852285887522,-1.73924019661608,-1.72728613165126,-1.71364854367043
1.66266666666667,-1.69849089965895,-1.72900189995698,-1.7171083520846,-1.70362153456831
1.663,-1.68854676093082,-1.718853036717,-1.70701972346899,-1.69368164853848
1.66333333333333,-1.67868947476026,-1.7087926281994,-1.69701926549184,-1.68382793695156
1.66366666666667,-1.66891808566172,-1.69881970811125,-1.68710601036278,-1.67405946314398
1.664,-1.65923165041863,-1.6889333223927,-1.67727900263905,-1.66437530225402
1.66433333333333,-1.64962923790994,-1.67913252904864,-1.66753729905325,-1.65477454106006
1.66466666666667,-1.64010992893919,-1.66941639798248,-1.65787996834352,-1.64525627782103
1.665,-1.63067281606606,-1.65978401083252,-1.64830609108619,-1.63581962211916
1.66533333333333,-1.62131700344043,-1.65023446081037,-1.63881475953079,-1.62646369470475
1.66566666666667,-1.6120416066388,-1.64076685254168,-1.6294050774374,-1.61718762734322
1.666,-1.60284575250319,-1.63138030190915,-1.62007615991629,-1.60799056266425
1.66633333333333,-1.59372857898241,-1.6220739358977,-1.61082713327001,-1.59887165401305
1.66666666666667,-1.58468923497553,-1.61284689244177,-1.60165713483754,-1.58983006530359
1.667,-1.57572688017782,-1.6036983202748,-1.59256531284079,-1.58086497087403
1.66733333333333,-1.56684068492889,-1.59462737878088,-1.5835508262333,-1.57197555534406
1.66766666666667,-1.55802983006302,-1.58563323784832,-1.57461284455108,-1.56316101347433
1.668,-1.54929350676181,-1.5767150777255,-1.56575054776564,-1.55442055002777
1.66833333333333,-1.54063091640886,-1.56787208887862,-1.55696312613915,-1.54575337963293
1.66866666666667,-1.53204127044674,-1.55910347185143,-1.54824978008153,-1.53715872664917
1.669,-1.52352379023595,-1.55040843712708,-1.53960972000989,-1.52863582503382
1.66933333333333,-1.51507770691608,-1.54178620499184,-1.53104216620976,-1.5201839182112
1.66966666666667,-1.5067022612689,-1.53323600540073,-1.52254634869839,-1.51180225894346
1.67,-1.49839670358358,-1.52475707784514,-1.51412150709014,-1.50349010920324
1.67033333333333,-1.49016029352384,-1.5163486712223,-1.50576689046366,-1.49524674004821
1.67066666666667,-1.48199229999709,-1.50801004370653,-1.49748175723108,-1.48707143149731
1.671,-1.47389200102552,-1.49974046262246,-1.48926537500911,-1.47896347240876
1.67133333333333,-1.46585868361907,-1.49153920431998,-1.48111702049199,-1.47092216035985
1.67166666666667,-1.4578916436503,-1.48340555405095,-1.47303597932625,-1.46294680152834
1.672,-1.44999018573105,-1.47533880584775,-1.46502154598734,-1.4550367105757
1.67233333333333,-1.44215362309114,-1.46733826240349,-1.45707302365809,-1.44719121053183
1.67266666666667,-1.4343812774585,-1.45940323495401,-1.4491897241088,-1.43940963268159
1.673,-1.42667247894147,-1.45153304316145,-1.44137096757921,-1.43169131645279
1.67333333333333,-1.41902656591256,-1.44372701499967,-1.43361608266217,-1.42403560930597
1.67366666666667,-1.41144288489404,-1.4359844866411,-1.4259244061889,-1.41644186662551
1.674,-1.40392079044529,-1.42830480234539,-1.41829528311606,-1.40890945161251
1.67433333333333,-1.39645964505167,-1.42068731434956,-1.41072806641438,-1.40143773517912
1.67466666666667,-1.38905881901512,-1.41313138275972,-1.40322211695892,-1.39402609584429
1.675,-1.38171769034641,-1.40563637544443,-1.39577680342093,-1.38667391963119
1.67533333333333,-1.37443564465895,-1.3982016679295,-1.38839150216137,-1.37938059996595
1.67566666666667,-1.3672120750641,-1.39082664329435,-1.38106559712584,-1.37214553757788
1.676,-1.3600463820682,-1.38351069206984,-1.37379847974112,-1.36496814040119
1.67633333333333,-1.35293797347095,-1.37625321213757,-1.36658954881325,-1.35784782347803
1.67666666666667,-1.34588626426542,-1.36905360863064,-1.35943821042702,-1.35078400886293
1.677,-1.33889067653941,-1.36191129383584,-1.35234387784698,-1.34377612552865
1.67733333333333,-1.33195063937844,-1.35482568709718,-1.34530597141987,-1.33682360927337
1.67766666666667,-1.32506558877002,-1.34779621472094,-1.33832391847847,-1.32992590262914
1.678,-1.31823496750937,-1.34082230988193,-1.33139715324685,-1.32308245477172
1.67833333333333,-1.31145822510663,-1.33390341253121,-1.32452511674703,-1.31629272143172
1.67866666666667,-1.30473481769531,-1.32703896930512,-1.31770725670695,-1.3095561648069
1.679,-1.29806420794214,-1.32022843343554,-1.31094302746984,-1.30287225347585
1.67933333333333,-1.29144586495829,-1.31347126466155,-1.30423188990484,-1.29624046231286
1.67966666666667,-1.28487926421186,-1.30676692914228,-1.29757331131898,-1.28966027240396
1.68,-1.27836388744161,-1.30011489937106,-1.29096676537042,-1.28313117096424
1.68033333333333,-1.2718992225721,-1.29351465409075,-1.28441173198293,-1.27665265125632
1.68066666666667,-1.26548476362992,-1.28696567821036,-1.27790769726165,-1.27022421250996
1.681,-1.25912001066124,-1.28046746272278,-1.27145415341003,-1.26384535984285
1.68133333333333,-1.25280446965061,-1.2740195046238,-1.2650505986481,-1.25751560418256
1.68166666666667,-1.24653765244084,-1.26762130683219,-1.25869653713167,-1.25123446218951
1.682,-1.24031907665411,-1.26127237811094,-1.25239147887301,-1.24500145618113
1.68233333333333,-1.23414826561434,-1.25497223298976,-1.24613493966247,-1.23881611405713
1.68266666666667,-1.22802474827046,-1.24872039168845,-1.23992644099132,-1.23267796922569
1.683,-1.22194805912109,-1.24251638004165,-1.23376550997567,-1.22658656053085
1.68333333333333,-1.21591773814011,-1.23635972942443,-1.22765167928155,-1.22054143218089
1.68366666666667,-1.20993333070335,-1.23024997667908,-1.22158448705103,-1.21454213367769
1.684,-1.2039943875165,-1.2241866640429,-1.21556347682936,-1.20858821974715
1.68433333333333,-1.19810046454389,-1.21816933907706,-1.20958819749334,-1.2026792502706
1.68466666666667,-1.1922511229384,-1.21219755459641,-1.2036582031805,-1.19681479021713
1.685,-1.18644592897242,-1.2062708686004,-1.19777305321945,-1.19099440957697
1.68533333333333,-1.18068445396972,-1.20038884420487,-1.19193231206123,-1.18521768329575
1.68566666666667,-1.17496627423841,-1.19455104957488,-1.18613554921158,-1.1794841912097
1.686,-1.16929097100482,-1.18875705785851,-1.18038233916422,-1.17379351798182
1.68633333333333,-1.16365813034839,-1.18300644712159,-1.17467226133515,-1.16814525303893
1.68666666666667,-1.15806734313742,-1.17729880028331,-1.16900489999778,-1.16253899050958
1.687,-1.15251820496586,-1.17163370505282,-1.16337984421909,-1.15697432916287
1.68733333333333,-1.14701031609094,-1.16601075386674,-1.15779668779669,-1.15145087234819
1.68766666666667,-1.14154328137176,-1.16042954382745,-1.15225502919674,-1.14596822793572
1.688,-1.13611671020868,-1.1548896766424,-1.14675447149279,-1.1405260082578
1.68833333333333,-1.13073021648373,-1.14939075856419,-1.14129462230557,-1.13512383005122
1.68866666666667,-1.12538341850172,-1.14393240033155,-1.13587509374346,-1.12976131440018
1.689,-1.12007593893235,-1.13851421711109,-1.13049550234403,-1.12443808668017
1.68933333333333,-1.11480740475306,-1.13313582843997,-1.12515546901624,-1.11915377650259
1.68966666666667,-1.10957744719271,-1.12779685816933,-1.11985461898362,-1.11390801766017
1.69,-1.10438570167613,-1.12249693440849,-1.11459258172808,-1.10870044807315
1.69033333333333,-1.09923180776941,-1.11723568947005,-1.10936899093474,-1.10353070973625
1.69066666666667,-1.09411540912601,-1.11201275981561,-1.10418348443733,-1.09839844866632
1.691,-1.08903615343362,-1.10682778600244,-1.09903570416456,-1.0933033148508
1.69133333333333,-1.08399369236182,-1.1016804126307,-1.09392529608711,-1.08824496219687
1.69166666666667,-1.07898768151044,-1.0965702882916,-1.08885191016544,-1.08322304848131
1.692,-1.0740177803587,-1.09149706551617,-1.08381520029837,-1.0782372353011
1.69233333333333,-1.06908365221508,-1.08646040072478,-1.07881482427231,-1.07328718802464
1.69266666666667,-1.06418496416788,-1.0814599541774,-1.07385044371128,-1.06837257574374
1.693,-1.05932138703649,-1.07649538992449,-1.06892172402761,-1.06349307122623
1.69333333333333,-1.05449259532336,-1.07156637575869,-1.06402833437335,-1.05864835086928
1.69366666666667,-1.04969826716669,-1.06667258316709,-1.05916994759233,-1.05383809465326
1.694,-1.04493808429374,-1.06181368728418,-1.054346240173,-1.04906198609642
1.69433333333333,-1.04021173197485,-1.05698936684556,-1.04955689220178,-1.04431971221005
1.69466666666667,-1.03551889897803,-1.05219930414216,-1.04480158731721,-1.03961096345435
1.695,-1.03085927752434,-1.0474431849752,-1.04008001266469,-1.03493543369488
1.69533333333333,-1.02623256324375,-1.04272069861172,-1.03539185885184,-1.03029282015962
1.69566666666667,-1.02163845513176,-1.0380315377408,-1.03073681990453,-1.02568282339666
1.696,-1.01707665550648,-1.03337539843028,-1.02611459322348,-1.02110514723242
1.69633333333333,-1.01254686996649,-1.02875198008424,-1.02152487954152,-1.01655949873051
1.69666666666667,-1.00804880734918,-1.02416098540092,-1.01696738288141,-1.01204558815111
1.697,-1.00358217968967,-1.01960212033129,-1.01244181051429,-1.00756312891096
1.69733333333333,-0.999146702180417,-1.01507509403826,-1.00794787291867,-1.00311183754388
1.69766666666667,-0.99474209313125,-1.01057961885632,-1.00348528374003,-0.998691433661803
1.698,-0.990368073930105,-1.00611541025186,-0.999053759750947,-0.994301639916436
1.69833333333333,-0.98602436900417,-1.00168218678398,-0.994653020811832,-0.989942181961351
1.69866666666667,-0.981710705781721,-0.997279670065874,-0.99028278983216,-0.985612788414665
1.699,-0.977426814654367,-0.992907584726707,-0.985942792732269,-0.981313190822211
1.69933333333333,-0.973172428939916,-0.988565658374062,-0.981632758405699,-0.977043123621224
1.69966666666667,-0.968947284845679,-0.984253621556883,-0.977352418682018,-0.972802324104509
1.7,-0.964751121432376,-0.979971207728937,-0.973101508290208,-0.968590532385118
1.70033333333333,-0.960583680578454,-0.975718153212785,-0.96887976482254,-0.964407491361518
1.70066666666667,-0.956444706944975,-0.971494197164229,-0.964686928698914,-0.960252946683215
1.701,-0.952333947940964,-0.967299081537272,-0.960522743131806,-0.956126646716872
1.70133333333333,-0.948251153689221,-0.963132551049541,-0.956386954091519,-0.952028342512864
1.70166666666667,-0.944196076992638,-0.958994353148201,-0.9522793102721,-0.947957787772325
1.702,-0.940168473300954,-0.954884237976321,-0.948199563057605,-0.943914738814603
1.70233333333333,-0.936168100678025,-0.950801958339717,-0.944147466488875,-0.939898954545211
1.70266666666667,-0.932194719769462,-0.946747269674222,-0.940122777230763,-0.935910196424163
1.703,-0.928248093770788,-0.942719930013441,-0.936125254539816,-0.931948228434763
1.70333333333333,-0.924327988396016,-0.938719699956918,-0.932154660232383,-0.928012817052843
1.70366666666667,-0.920434171846628,-0.934746342638745,-0.928210758653194,-0.924103731216363
1.704,-0.91656641478103,-0.930799623696608,-0.92429331664434,-0.920220742295494
1.70433333333333,-0.912724490284401,-0.926879311241225,-0.920402103514672,-0.916363624063021
1.70466666666667,-0.908908173838941,-0.922985175826252,-0.916536891009665,-0.912532152665247
1.705,-0.905117243294555,-0.919116990418529,-0.912697453281634,-0.908726106593191
1.70533333333333,-0.901351478839941,-0.915274530368807,-0.908883566860404,-0.90494526665426
1.70566666666667,-0.897610662974046,-0.911457573382803,-0.905095010624349,-0.901189415944238
1.706,-0.893894580477925,-0.907665899492669,-0.901331565771839,-0.897458339819681
1.70633333333333,-0.890203018387003,-0.903899291028901,-0.89759301579308,-0.893751825870718
1.70666666666667,-0.886535765963675,-0.900157532592505,-0.893879146442317,-0.890069663894127
1.707,-0.882892614670331,-0.896440411027692,-0.890189745710445,-0.886411645866886
1.70733333333333,-0.87927335814269,-0.892747715394797,-0.886524603797953,-0.882777565919961
1.70766666666667,-0.875677792163559,-0.889079236943667,-0.88288351308827,-0.879167220312572
1.708,-0.872105714636871,-0.885434769087352,-0.879266268121419,-0.875580407406667
1.70833333333333,-0.868556925562157,-0.881814107376166,-0.875672665568131,-0.872016927641874
1.70866666666667,-0.86503122700932,-0.878217049472093,-0.872102504204167,-0.868476583510674
1.709,-0.861528423093723,-0.874643395123537,-0.868555584885092,-0.864959179533968
1.70933333333333,-0.858048319951688,-0.871092946140418,-0.865031710521381,-0.861464522236961
1.70966666666667,-0.854590725716248,-0.867565506369582,-0.861530686053758,-0.857992420125343
1.71,-0.851155450493286,-0.864060881670557,-0.858052318429019,-0.85454268366183
1.71033333333333,-0.847742306337945,-0.860578879891615,-0.854596416576054,-0.851115125242961
1.71066666666667,-0.844351107231401,-0.857119310846184,-0.851162791382262,-0.847709559176253
1.711,-0.840981669057898,-0.853681986289519,-0.84775125567022,-0.844325801657612
1.71133333333333,-0.83763380958215,-0.850266719895763,-0.844361624174756,-0.840963670749125
1.71166666666667,-0.834307348426986,-0.846873327235223,-0.84099371352021,-0.837622986357009
1.712,-0.831002107051322,-0.843501625752002,-0.8376473421981,-0.83430357020999
1.71233333333333,-0.827717908728452,-0.840151434741937,-0.834322330545039,-0.831005245837896
1.71266666666667,-0.824454578524569,-0.836822575330777,-0.831018500720918,-0.827727838550534
1.713,-0.821211943277626,-0.833514870452702,-0.827735676687458,-0.82447117541686
1.71333333333333,-0.817989831576441,-0.830228144829087,-0.824473684186965,-0.821235085244414
1.71366666666667,-0.814788073740111,-0.826962224947574,-0.82123235072142,-0.818019398559042
1.714,-0.811606501797656,-0.823716939041389,-0.8180115055318,-0.814823947584844
1.71433333333333,-0.808444949468004,-0.820492117068974,-0.814810979577732,-0.811648566224452
1.71466666666667,-0.805303252140148,-0.817287590693832,-0.811630605517354,-0.808493090039477
1.715,-0.802181246853637,-0.814103193264683,-0.808470217687468,-0.805357356231285
1.71533333333333,-0.799078772279301,-0.810938759795867,-0.805329652083983,-0.802241203622015
1.71566666666667,-0.795995668700216,-0.807794126947974,-0.802208746342542,-0.799144472635773
1.716,-0.79293177799295,-0.804669133008778,-0.799107339719488,-0.796067005280185
1.71633333333333,-0.789886943609019,-0.801563617874368,-0.796025273073008,-0.793008645128084
1.71666666666667,-0.78686101055662,-0.798477423030572,-0.792962388844574,-0.789969237299512
1.717,-0.783853825382572,-0.79541039153458,-0.789918531040588,-0.786948628443892
1.71733333333333,-0.780865236154527,-0.792362367996856,-0.786893545214311,-0.783946666722493
1.71766666666667,-0.777895092443384,-0.789333198563193,-0.78388727844797,-0.780963201791066
1.718,-0.774943245305945,-0.786322730897146,-0.780899579335149,-0.77799808478274
1.71833333333333,-0.772009547267804,-0.783330814162539,-0.777930297963391,-0.775051168291131
1.71866666666667,-0.769093852306436,-0.780357299006307,-0.774979285897009,-0.772122306353654
1.719,-0.766196015834538,-0.777402037541496,-0.772046396160153,-0.769211354435062
1.71933333333333,-0.763315894683554,-0.774464883330534,-0.769131483220061,-0.766318169411207
1.71966666666667,-0.760453347087445,-0.771545691368666,-0.766234402970565,-0.763442609552988
1.72,-0.757608232666624,-0.768644318067629,-0.763355012715758,-0.760584534510508
1.72033333333333,-0.754780412412172,-0.765760621239552,-0.760493171153942,-0.757743805297459
1.72066666666667,-0.751969748670161,-0.76289446008102,-0.757648738361699,-0.754920284275663
1.721,-0.749176105126263,-0.760045695157378,-0.75482157577825,-0.752113835139846
1.72133333333333,-0.746399346790529,-0.757214188387247,-0.752011546189961,-0.749324322902615
1.72166666666667,-0.743639339982338,-0.754399803027162,-0.749218513715057,-0.746551613879565
1.722,-0.74089595231557,-0.751602403656505,-0.746442343788531,-0.743795575674642
1.72233333333333,-0.738169052683969,-0.748821856162581,-0.743682903147291,-0.741056077165678
1.72266666666667,-0.73545851124668,-0.746058027725864,-0.740940059815426,-0.73833298849007
1.723,-0.732764199413965,-0.743310786805465,-0.73821368308968,-0.735626181030678
1.72333333333333,-0.730085989833126,-0.740580003124793,-0.735503643525172,-0.732935527401909
1.72366666666667,-0.727423756374586,-0.737865547657344,-0.732809812921202,-0.730260901435934
1.724,-0.724777374118155,-0.735167292612734,-0.730132064307315,-0.727602178169109
1.72433333333333,-0.722146719339478,-0.73248511142286,-0.727470271929503,-0.724959233828599
1.72466666666667,-0.719531669496629,-0.729818878728271,-0.724824311236583,-0.722331945819074
1.725,-0.716932103216923,-0.727168470364679,-0.722194058866771,-0.719720192709666
1.72533333333333,-0.714347900283837,-0.724533763349674,-0.719579392634406,-0.717123854221073
1.72566666666667,-0.711778941624149,-0.721914635869579,-0.716980191516834,-0.714542811212777
1.726,-0.709225109295188,-0.719310967266463,-0.714396335641485,-0.711976945670453
1.72633333333333,-0.706686286472306,-0.716722638025374,-0.711827706273091,-0.709426140693563
1.72666666666667,-0.704162357436447,-0.714149529761652,-0.709274185801071,-0.706890280483047
1.727,-0.701653207561906,-0.711591525208456,-0.706735657727069,-0.704369250329214
1.72733333333333,-0.699158723304251,-0.709048508204443,-0.704212006652673,-0.701862936599767
1.72766666666667,-0.696678792188364,-0.706520363681567,-0.701703118267249,-0.699371226727972
1.728,-0.694213302796653,-0.704006977653061,-0.699208879335947,-0.696894009200976
1.72833333333333,-0.691762144757412,-0.701508237201576,-0.696729177687875,-0.694431173548295
1.72866666666667,-0.689325208733323,-0.699024030467429,-0.694263902204389,-0.691982610330391
1.729,-0.686902386410084,-0.696554246637022,-0.691812942807541,-0.689548211127441
1.72933333333333,-0.684493570485232,-0.694098775931426,-0.689376190448686,-0.68712786852824
1.72966666666667,-0.682098654657012,-0.691657509595053,-0.686953537097193,-0.684721476119195
1.73,-0.679717533613494,-0.689230339884503,-0.684544875729342,-0.682328928473506
1.73033333333333,-0.677350103021753,-0.686817160057572,-0.682150100317332,-0.679950121140465
1.73066666666667,-0.674996259517197,-0.684417864362331,-0.679769105818424,-0.677584950634867
1.731,-0.672655900693014,-0.682032348026386,-0.677401788164218,-0.67523331442658
1.73133333333333,-0.670328925089819,-0.679660507246281,-0.67504804425009,-0.67289511093023
1.73166666666667,-0.668015232185339,-0.677302239176986,-0.672707771924719,-0.670570239495004
1.732,-0.665714722384248,-0.674957441921542,-0.670380869979765,-0.668258600394586
1.73233333333333,-0.663427297008193,-0.672626014520843,-0.668067238139668,-0.665960094817219
1.73266666666667,-0.661152858285849,-0.67030785694351,-0.66576677705159,-0.663674624855889
1.733,-0.65889130934316,-0.668002870075922,-0.663479388275446,-0.661402093498612
1.73333333333333,-0.656642554193672,-0.665710955712357,-0.661204974274084,-0.659142404618869
1.73366666666667,-0.654406497728993,-0.663432016545237,-0.658943438403577,-0.656895462966123
1.734,-0.652183045709367,-0.661165956155512,-0.656694684903637,-0.654661174156474
1.73433333333333,-0.649972104754366,-0.658912679003166,-0.654458618888139,-0.652439444663425
1.73466666666667,-0.647773582333688,-0.656672090417813,-0.652235146335766,-0.650230181808747
1.735,-0.645587386758084,-0.654444096589423,-0.650024174080752,-0.64803329375348
1.73533333333333,-0.643413427170374,-0.652228604559168,-0.647825609803783,-0.645848689489011
1.73566666666667,-0.64125161353657,-0.650025522210354,-0.645639362022942,-0.643676278828268
1.736,-0.63910185663716,-0.64783475825949,-0.643465340084829,-0.641515972397041
1.73633333333333,-0.636964068058404,-0.64565622224746,-0.641303454155731,-0.639367681625394
1.73666666666667,-0.634838160183827,-0.643489824530762,-0.639153615212941,-0.637231318739167
1.737,-0.63272404618575,-0.641335476272918,-0.637015735036162,-0.6351067967516
1.73733333333333,-0.630621640016969,-0.639193089435939,-0.634889726199029,-0.632994029455047
1.73766666666667,-0.628530856402506,-0.637062576771919,-0.632775502060701,-0.630892931412787
1.738,-0.626451610831439,-0.634943851814683,-0.630672976757595,-0.628803417950947
1.73833333333333,-0.624383819548921,-0.632836828871617,-0.628582065195206,-0.626725405150497
1.73866666666667,-0.622327399548161,-0.630741423015512,-0.626502683039982,-0.624658809839369
1.739,-0.620282268562617,-0.628657550076559,-0.624434746711379,-0.622603549584644
1.73933333333333,-0.618248345058227,-0.626585126634427,-0.622378173373938,-0.620559542684856
1.73966666666667,-0.616225548225735,-0.624524070010408,-0.620332880929502,-0.61852670816235
1.74,-0.614213797973116,-0.622474298259698,-0.618298788009476,-0.616504965755784
1.74033333333333,-0.61221301491811,-0.620435730163745,-0.616275813967256,-0.614494235912682
1.74066666666667,-0.610223120380804,-0.618408285222689,-0.614263878870668,-0.612494439782069
1.741,-0.608244036376336,-0.616391883647895,-0.612262903494543,-0.61050549920722
1.74133333333333,-0.606275685607669,-0.614386446354577,-0.610272809313371,-0.608527336718487
1.74166666666667,-0.604317991458466,-0.612391894954503,-0.608293518494035,-0.606559875526192
1.742,-0.602370877986018,-0.610408151748789,-0.606324953888648,-0.604603039513629
1.74233333333333,-0.600434269914302,-0.608435139720785,-0.604367039027442,-0.602656753230128
1.74266666666667,-0.598508092627085,-0.606472782529026,-0.602419698111781,-0.60072094188421
1.743,-0.596592272161103,-0.604521004500288,-0.600482856007215,-0.598795531336828
1.74333333333333,-0.594686735199374,-0.602579730622714,-0.598556438236662,-0.596880448094667
1.74366666666667,-0.59279140906451,-0.600648886539013,-0.596640370973633,-0.594975619303549
1.744,-0.590906221712179,-0.598728398539758,-0.594734581035538,-0.593080972741884
1.74433333333333,-0.589031101724616,-0.596818193556739,-0.592838995877102,-0.591196436814239
1.74466666666667,-0.587165978304182,-0.594918199156427,-0.590953543583823,-0.589321940544924
1.745,-0.585310781267053,-0.593028343533462,-0.589078152865519,-0.587457413571709
1.74533333333333,-0.583465441036944,-0.591148555504281,-0.587212753049969,-0.585602786139591
1.74566666666667,-0.581629888638912,-0.589278764500764,-0.585357274076589,-0.583757989094619
1.746,-0.579804055693235,-0.587418900563989,-0.583511646490218,-0.581922953877805
1.74633333333333,-0.577987874409379,-0.585568894338037,-0.581675801434954,-0.580097612519117
1.74666666666667,-0.576181277580003,-0.583728677063895,-0.579849670648081,-0.578281897631522
1.747,-0.574384198575055,-0.581898180573391,-0.57803318645403,-0.576475742405098
1.74733333333333,-0.572596571335929,-0.580077337283244,-0.576226281758468,-0.574679080601227
1.74766666666667,-0.570818330369694,-0.578266080189146,-0.574428890042395,-0.572891846546843
1.748,-0.569049410743382,-0.576464342859928,-0.572640945356344,-0.571113975128759
1.74833333333333,-0.567289748078355,-0.574672059431796,-0.570862382314645,-0.569345401788035
1.74866666666667,-0.565539278544726,-0.572889164602622,-0.569093136089746,-0.567586062514448
1.749,-0.563797938855833,-0.571115593626318,-0.567333142406594,-0.565835893840976
1.74933333333333,-0.562065666262817,-0.569351282307253,-0.565582337537111,-0.564094832838402
1.74966666666667,-0.560342398549218,-0.567596166994747,-0.563840658294699,-0.562362817109925
1.75,-0.558628074025642,-0.565850184577622,-0.562108042028808,-0.560639784785873
1.75033333333333,-0.556922631524518,-0.564113272478831,-0.560384426619598,-0.558925674518453
1.75066666666667,-0.555226010394885,-0.56238536865012,-0.558669750472649,-0.557220425476567
1.751,-0.553538150497243,-0.560666411566769,-0.556963952513685,-0.555523977340691
1.75133333333333,-0.551858992198469,-0.558956340222404,-0.555266972183459,-0.553836270297814
1.75166666666667,-0.550188476366802,-0.557255094123843,-0.553578749432579,-0.552157245036408
1.752,-0.548526544366849,-0.555562613285999,-0.551899224716477,-0.550486842741502
1.75233333333333,-0.546873138054695,-0.55387883822688,-0.550228338990409,-0.548825005089774
1.75266666666667,-0.54522819977302,-0.552203709962599,-0.548566033704508,-0.547171674244705
1.753,-0.543591672346319,-0.550537170002469,-0.546912250798872,-0.545526792851791
1.75333333333333,-0.54196349907614,-0.548879160344138,-0.54526693269877,-0.543890304033832
1.75366666666667,-0.540343623736375,-0.547229623468779,-0.54363002230982,-0.542262151386212
1.754,-0.53873199056865,-0.54558850233636,-0.542001463013307,-0.54064227897231
1.75433333333333,-0.537128544277701,-0.543955740380936,-0.540381198661472,-0.539030631318909
1.75466666666667,-0.535533230026859,-0.542331281505999,-0.538769173572911,-0.537427153411662
1.755,-0.533945993433543,-0.540715070079887,-0.537165332528014,-0.535831790690625
1.75533333333333,-0.532366780564834,-0.539107050931254,-0.535569620764424,-0.534244489045847
1.75566666666667,-0.530795537933086,-0.537507169344573,-0.5339819839726,-0.532665194812978
1.756,-0.529232212491579,-0.535915371055697,-0.532402368291375,-0.531093854768935
1.75633333333333,-0.527676751630239,-0.534331602247466,-0.530830720303601,-0.529530416127642
1.75666666666667,-0.526129103171378,-0.532755809545362,-0.529266987031836,-0.527974826535803
1.757,-0.52458921536552,-0.531187940013228,-0.527711115934052,-0.526427034068693
1.75733333333333,-0.523057036887237,-0.529627941149014,-0.52616305489945,-0.524886987226038
1.75766666666667,-0.52153251683105,-0.528075760880581,-0.524622752244233,-0.523354634927921
1.758,-0.520015604707366,-0.526531347561529,-0.523090156707528,-0.521829926510733
1.75833333333333,-0.518506250438471,-0.524994649967139,-0.521565217447268,-0.520312811723169
1.75866666666667,-0.517004404354569,-0.523465617290257,-0.520047884036159,-0.518803240722273
1.759,-0.515510017189844,-0.521944199137308,-0.518538106457696,-0.517301164069521
1.75933333333333,-0.514023040078578,-0.520430345524324,-0.517035835102208,-0.51580653272695
1.75966666666667,-0.512543424551328,-0.518924006873,-0.515541020762941,-0.514319298053327
1.76,-0.511071122531107,-0.517425134006822,-0.514053614632214,-0.512839411800354
1.76033333333333,-0.509606086329664,-0.515933678147227,-0.512573568297582,-0.511366826108949
1.76066666666667,-0.508148268643719,-0.514449590909776,-0.511100833738058,-0.50990149350551
1.761,-0.506697622551341,-0.512972824300435,-0.509635363320376,-0.508443366898247
1.76133333333333,-0.505254101508292,-0.511503330711826,-0.508177109795314,-0.506992399573604
1.76166666666667,-0.503817659344424,-0.510041062919564,-0.506726026293999,-0.505548545192618
1.762,-0.502388250260149,-0.50858597407861,-0.505282066324317,-0.5041117577874
1.76233333333333,-0.500965828822909,-0.50713801771968,-0.503845183767339,-0.502681991757625
1.76266666666667,-0.499550349963698,-0.50569714774569,-0.502415332873762,-0.501259201867051
1.763,-0.498141768973632,-0.504263318428216,-0.50099246826042,-0.499843343240105
1.76333333333333,-0.496740041500543,-0.502836484404048,-0.499576544906825,-0.498434371358469
1.76366666666667,-0.495345123545607,-0.501416600671705,-0.49816751815174,-0.497032242057725
1.764,-0.493956971460026,-0.500003622588057,-0.496765343689788,-0.495636911524042
1.76433333333333,-0.492575541941734,-0.498597505864931,-0.495369977568107,-0.494248336290883
1.76466666666667,-0.491200792032132,-0.497198206565811,-0.493981376183032,-0.492866473235748
1.765,-0.489832679112881,-0.495805681102501,-0.492599496276809,-0.49149127957696
1.76533333333333,-0.488471160902688,-0.494419886231889,-0.491224294934372,-0.49012271287049
1.76566666666667,-0.48711619545419,-0.493040779052705,-0.489855729580107,-0.488760731006796
1.766,-0.4857677411508,-0.491668317002338,-0.4884937579747,-0.487405292207721
1.76633333333333,-0.484425756703649,-0.490302457853676,-0.487138338211984,-0.486056355023398
1.76666666666667,-0.483090201148509,-0.488943159711964,-0.485789428715848,-0.484713878329218
1.767,-0.481761033842796,-0.487590381011736,-0.484446988237132,-0.483377821322793
1.76733333333333,-0.480438214462563,-0.486244080513749,-0.483110975850626,-0.482048143520997
1.76766666666667,-0.479121702999556,-0.484904217301946,-0.481781350952032,-0.480724804756989
1.768,-0.477811459758285,-0.483570750780467,-0.480458073255002,-0.479407765177314
1.76833333333333,-0.476507445353138,-0.482243640670702,-0.479141102788194,-0.478096985238983
1.76866666666667,-0.475209620705502,-0.48092284700833,-0.477830399892349,-0.476792425706657
1.769,-0.47391794704094,-0.479608330140458,-0.476525925217419,-0.47549404764977
1.76933333333333,-0.472632385886406,-0.478300050722716,-0.475227639719707,-0.474201812439768
1.76966666666667,-0.471352899067443,-0.476997969716436,-0.473935504659056,-0.472915681747313
1.77,-0.470079448705453,-0.47570204838584,-0.472649481596049,-0.471635617539556
1.77033333333333,-0.468811997214987,-0.474412248295263,-0.471369532389246,-0.470361582077429
1.77066666666667,-0.46755050730105,-0.473128531306408,-0.470095619192457,-0.469093537912937
1.771,-0.466294941956457,-0.471850859575603,-0.468827704452039,-0.467831447886536
1.77133333333333,-0.46504526445919,-0.470579195551138,-0.467565750904208,-0.466575275124481
1.77166666666667,-0.463801438369804,-0.469313501970582,-0.466309721572406,-0.465324983036229
1.772,-0.462563427528842,-0.468053741858151,-0.465059579764669,-0.464080535311873
1.77233333333333,-0.461331196054303,-0.466799878522101,-0.463815289071049,-0.462841895919603
1.77266666666667,-0.460104708339115,-0.465551875552149,-0.462576813361024,-0.461609029103156
1.773,-0.458883929048627,-0.464309696816906,-0.461344116780993,-0.460381899379366
1.77333333333333,-0.457668823118165,-0.463073306461369,-0.460117163751734,-0.45916047153565
1.77366666666667,-0.456459355750562,-0.461842668904401,-0.458895918965932,-0.457944710627608
1.774,-0.455255492413767,-0.460617748836269,-0.457680347385722,-0.456734581976577
1.77433333333333,-0.454057198838437,-0.459398511216184,-0.456470414240251,-0.455530051167258
1.77466666666667,-0.452864441015567,-0.458184921269881,-0.455266085023254,-0.454331084045324
1.775,-0.45167718519415,-0.456976944487223,-0.454067325490697,-0.453137646715117
1.77533333333333,-0.450495397878871,-0.455774546619821,-0.452874101658399,-0.451949705537289
1.77566666666667,-0.449319045827793,-0.454577693678685,-0.451686379799702,-0.450767227126535
1.776,-0.448148096050096,-0.453386351931894,-0.450504126443156,-0.449590178349302
1.77633333333333,-0.446982515803827,-0.452200487902318,-0.449327308370241,-0.448418526321568
1.77666666666667,-0.445822272593681,-0.451020068365298,-0.448155892613092,-0.447252238406586
1.777,-0.44466733416878,-0.449845060346427,-0.44698984645227,-0.446091282212701
1.77733333333333,-0.44351766852053,-0.448675431119304,-0.445829137414541,-0.444935625591176
1.77766666666667,-0.44237324388042,-0.447511148203322,-0.444673733270671,-0.443785236634016
1.778,-0.441234028717922,-0.44635217936149,-0.443523602033264,-0.442640083671847
1.77833333333333,-0.440099991738362,-0.445198492598277,-0.442378711954619,-0.441500135271801
1.77866666666667,-0.438971101880827,-0.444050056157437,-0.441239031524588,-0.440365360235414
1.779,-0.437847328316113,-0.442906838519926,-0.440104529468469,-0.439235727596572
1.77933333333333,-0.43672864044465,-0.441768808401786,-0.438975174744941,-0.438111206619453
1.77966666666667,-0.435615007894498,-0.440635934752071,-0.437850936543979,-0.436991766796495
1.78,-0.43450640051931,-0.439508186750791,-0.436731784284821,-0.43587737784639
1.78033333333333,-0.433402788396394,-0.438385533806872,-0.435617687613951,-0.434768009712108
1.78066666666667,-0.432304141824683,-0.43726794555616,-0.434508616403082,-0.433663632558908
1.781,-0.431210431322848,-0.436155391859395,-0.433404540747194,-0.432564216772406
1.78133333333333,-0.430121627627322,-0.435047842800271,-0.432305430962559,-0.431469732956642
1.78166666666667,-0.42903770169043,-0.433945268683464,-0.431211257584808,-0.430380151932165
1.782,-0.427958624678472,-0.43284764003269,-0.430121991367002,-0.429295444734161
1.78233333333333,-0.426884367969872,-0.431754927588814,-0.429037603277746,-0.428215582610559
1.78266666666667,-0.425814903153316,-0.430667102307932,-0.427958064499276,-0.427140537020199
1.783,-0.424750202025931,-0.429584135359509,-0.426883346425627,-0.426070279630987
1.78333333333333,-0.423690236591452,-0.428505998124516,-0.425813420660771,-0.425004782318082
1.78366666666667,-0.422634979058458,-0.427432662193586,-0.424748259016795,-0.423944017162103
1.784,-0.421584401838556,-0.426364099365197,-0.423687833512083,-0.422887956447346
1.78433333333333,-0.420538477544649,-0.425300281643878,-0.422632116369543,-0.421836572660023
1.78466666666667,-0.419497178989181,-0.424241181238417,-0.421581080014814,-0.42078983848652
1.785,-0.418460479182421,-0.423186770560084,-0.420534697074533,-0.419747726811673
1.78533333333333,-0.41742835133075,-0.422137022220898,-0.419492940374577,-0.418710210717046
1.78566666666667,-0.416400768834961,-0.421091909031894,-0.418455782938357,-0.417677263479258
1.786,-0.415377705288604,-0.420051404001396,-0.417423197985108,-0.416648858568292
1.78633333333333,-0.414359134476312,-0.419015480333336,-0.416395158928203,-0.415624969645846
1.78666666666667,-0.413345030372174,-0.417984111425556,-0.415371639373494,-0.414605570563682
1.787,-0.412335367138094,-0.41695727086815,-0.414352613117638,-0.413590635361996
1.78733333333333,-0.411330119122197,-0.415934932441832,-0.413338054146478,-0.412580138267829
1.78766666666667,-0.410329260857229,-0.41491707011628,-0.412327936633428,-0.411574053693453
1.788,-0.409332767058978,-0.413903658048533,-0.411322234937841,-0.410572356234789
1.78833333333333,-0.408340612624718,-0.41289467058139,-0.410320923603452,-0.409575020669859
1.78866666666667,-0.407352772631662,-0.41189008224183,-0.409323977356777,-0.408582021957231
1.789,-0.406369222335424,-0.410889867739441,-0.408331371105585,-0.407593335234478
1.78933333333333,-0.405389937168515,-0.409894001964853,-0.407343079937332,-0.406608935816681
1.78966666666667,-0.404414892738824,-0.408902459988237,-0.406359079117634,-0.4056287991949
1.79,-0.403444064828154,-0.407915217057739,-0.405379344088775,-0.404652901034702
1.79033333333333,-0.402477429390728,-0.406932248597995,-0.404403850468195,-0.403681217174681
1.79066666666667,-0.401514962551746,-0.405953530208649,-0.403432574047002,-0.402713723625003
1.791,-0.400556640605943,-0.404979037662842,-0.402465490788525,-0.401750396565958
1.79133333333333,-0.399602440016136,-0.404008746905783,-0.401502576826829,-0.400791212346523
1.79166666666667,-0.398652337411845,-0.403042634053269,-0.400543808465311,-0.399836147482949
1.792,-0.397706309587866,-0.402080675390276,-0.399589162175236,-0.398885178657366
1.79233333333333,-0.396764333502876,-0.401122847369514,-0.398638614594363,-0.39793828271638
1.79266666666667,-0.395826386278091,-0.400169126610031,-0.397692142525517,-0.396995436669694
1.793,-0.394892445195877,-0.399219489895821,-0.39674972293522,-0.39605661768876
1.79333333333333,-0.393962487698402,-0.398273914174441,-0.395811332952312,-0.395121803105416
1.79366666666667,-0.39303649138632,-0.397332376555623,-0.394876949866598,-0.394190970410547
1.794,-0.392114434017426,-0.396394854309958,-0.393946551127503,-0.393264097252771
1.79433333333333,-0.391196293505366,-0.39546132486752,-0.393020114342734,-0.392341161437117
1.79466666666667,-0.390282047918322,-0.394531765816559,-0.392097617276962,-0.391422140923736
1.795,-0.389371675477749,-0.393606154902178,-0.391179037850529,-0.3905070138266
1.79533333333333,-0.388465154557073,-0.392684470025026,-0.390264354138133,-0.389595758412239
1.79566666666667,-0.387562463680461,-0.391766689240007,-0.389353544367559,-0.388688353098477
1.796,-0.386663581521556,-0.390852790755008,-0.388446586918405,-0.38778477645318
1.79633333333333,-0.385768486902238,-0.389942752929629,-0.387543460320827,-0.386885007193005
1.79666666666667,-0.384877158791419,-0.389036554273932,-0.386644143254296,-0.385989024182202
1.797,-0.383989576303803,-0.388134173447195,-0.385748614546366,-0.385096806431372
1.79733333333333,-0.383105718698703,-0.387235589256685,-0.384856853171429,-0.384208333096274
1.79766666666667,-0.382225565378861,-0.386340780656434,-0.383968838249546,-0.383323583476635
1.798,-0.381349095889232,-0.385449726746033,-0.383084549045217,-0.382442537014973
1.79833333333333,-0.38047628991586,-0.384562406769445,-0.382203964966201,-0.381565173295407
1.79866666666667,-0.379607127284695,-0.383678800113815,-0.38132706556235,-0.380691472042524
1.799,-0.378741587960448,-0.382798886308289,-0.380453830524432,-0.379821413120212
1.79933333333333,-0.377879652045478,-0.381922645022863,-0.379584239682986,-0.378954976530537
1.79966666666667,-0.377021299778644,-0.381050056067236,-0.378718273007165,-0.37809214241261
1.8,-0.376166511534197,-0.380181099389643,-0.377855910603628,-0.377232891041467
1.80033333333333,-0.375315267820697,-0.37931575507577,-0.376997132715393,-0.376377202826974
1.80066666666667,-0.374467549279891,-0.378454003347581,-0.376141919720747,-0.375525058312729
1.801,-0.373623336685648,-0.377595824562266,-0.375290252132133,-0.374676438174964
1.80133333333333,-0.372782610942891,-0.376741199211094,-0.37444211059506,-0.373831323221499
1.80166666666667,-0.37194535308652,-0.375890107918362,-0.373597475887037,-0.372989694390652
1.802,-0.371111544280377,-0.375042531440291,-0.372756328916476,-0.372151532750189
1.80233333333333,-0.370281165816184,-0.374198450663972,-0.371918650721669,-0.371316819496297
1.80266666666667,-0.369454199112533,-0.373357846606315,-0.371084422469702,-0.370485535952524
1.803,-0.368630625713843,-0.37252070041298,-0.370253625455435,-0.369657663568778
1.80333333333333,-0.36781042728936,-0.371686993357362,-0.369426241100479,-0.368833183920287
1.80366666666667,-0.366993585632152,-0.370856706839544,-0.368602250952147,-0.368012078706612
1.804,-0.366180082658104,-0.370029822385295,-0.367781636682476,-0.367194329750644
1.80433333333333,-0.365369900404942,-0.369206321645048,-0.366964380087196,-0.366379918997614
1.80466666666667,-0.36456302103126,-0.368386186392907,-0.366150463084759,-0.365568828514112
1.805,-0.36375942681554,-0.367569398525647,-0.365339867715335,-0.364761040487128
1.80533333333333,-0.362959100155208,-0.366755940061758,-0.364532576139872,-0.363956537223079
1.80566666666667,-0.362162023565669,-0.365945793140433,-0.363728570639089,-0.363155301146866
1.806,-0.361368179679391,-0.365138940020636,-0.362927833612538,-0.36235731480093
1.80633333333333,-0.360577551244943,-0.36433536308014,-0.362130347577672,-0.36156256084431
1.80666666666667,-0.359790121126085,-0.363535044814575,-0.361336095168876,-0.360771022051723
1.807,-0.359005872300869,-0.362737967836496,-0.360545059136572,-0.359982681312652
1.80733333333333,-0.358224787860701,-0.361944114874455,-0.359757222346254,-0.359197521630428
1.80766666666667,-0.357446851009469,-0.361153468772071,-0.358972567777615,-0.358415526121332
1.808,-0.356672045062642,-0.360366012487137,-0.358191078523615,-0.357636678013705
1.80833333333333,-0.355900353446388,-0.359581729090703,-0.35741273778961,-0.356860960647057
1.80866666666667,-0.355131759696703,-0.358800601766178,-0.356637528892431,-0.356088357471209
1.809,-0.354366247458538,-0.358022613808461,-0.355865435259531,-0.355318852045396
1.80933333333333,-0.353603800484961,-0.357247748623046,-0.355096440428101,-0.354552428037431
1.80966666666667,-0.352844402636276,-0.35647598972515,-0.354330528044211,-0.353789069222848
1.81,-0.352088037879209,-0.355707320738868,-0.353567681861945,-0.353028759484039
1.81033333333333,-0.351334690286057,-0.354941725396299,-0.352807885742562,-0.352271482809453
1.81066666666667,-0.350584344033871,-0.354179187536706,-0.352051123653648,-0.351517223292716
1.811,-0.349836983403616,-0.353419691105687,-0.351297379668285,-0.350765965131865
1.81133333333333,-0.349092592779393,-0.352663220154318,-0.350546637964232,-0.35001769262849
1.81166666666667,-0.348351156647602,-0.351909758838354,-0.349798882823087,-0.349272390186945
1.812,-0.347612659596155,-0.351159291417395,-0.349054098629506,-0.348530042313545
1.81233333333333,-0.346877086313701,-0.350411802254091,-0.348312269870371,-0.347790633615781
1.81266666666667,-0.346144421588814,-0.349667275813324,-0.347573381134009,-0.347054148801516
1.813,-0.345414650309236,-0.348925696661427,-0.3468374171094,-0.346320572678224
1.81333333333333,-0.344687757461115,-0.348187049465379,-0.346104362585394,-0.345589890152209
1.81366666666667,-0.343963728128211,-0.347451318992049,-0.345374202449938,-0.344862086227844
1.814,-0.343242547491173,-0.346718490107398,-0.344646921689296,-0.344137146006812
1.81433333333333,-0.34252420082677,-0.345988547775724,-0.343922505387314,-0.343415054687354
1.81466666666667,-0.341808673507166,-0.345261477058892,-0.343200938724635,-0.342695797563523
1.815,-0.341095950999165,-0.34453726311561,-0.342482206977971,-0.341979360024448
1.81533333333333,-0.340386018863495,-0.34381589120064,-0.341766295519364,-0.341265727553613
1.81566666666667,-0.339678862754084,-0.343097346664086,-0.341053189815425,-0.340554885728105
1.816,-0.338974468417333,-0.342381614950652,-0.340342875426649,-0.339846820217928
1.81633333333333,-0.338272821691429,-0.341668681598918,-0.339635338006646,-0.339141516785266
1.81666666666667,-0.337573908505616,-0.340958532240624,-0.338930563301471,-0.338438961283791
1.817,-0.336877714879513,-0.340251152599938,-0.338228537148884,-0.337739139657964
1.81733333333333,-0.336184226922425,-0.33954652849277,-0.337529245477654,-0.337042037942331
1.81766666666667,-0.335493430832641,-0.338844645826057,-0.336832674306879,-0.336347642260837
1.818,-0.334805312896781,-0.338145490597073,-0.336138809745268,-0.335655938826167
1.81833333333333,-0.334119859489094,-0.337449048892744,-0.335447637990487,-0.334966913939038
1.81866666666667,-0.333437057070819,-0.336755306888944,-0.33475914532846,-0.334280553987556
1.819,-0.332756892189505,-0.336064250849853,-0.334073318132703,-0.333596845446539
1.81933333333333,-0.332079351478355,-0.335375867127257,-0.333390142863667,-0.332915774876862
1.81966666666667,-0.331404421655601,-0.334690142159895,-0.33270960606806,-0.332237328924807
1.82,-0.330732089523821,-0.334007062472793,-0.332031694378206,-0.331561494321418
1.82033333333333,-0.330062341969338,-0.333326614676623,-0.331356394511398,-0.330888257881861
1.82066666666667,-0.329395165961566,-0.332648785467039,-0.330683693269246,-0.330217606504784
1.821,-0.328730548552383,-0.331973561624047,-0.330013577537043,-0.32954952717169
1.82133333333333,-0.328068476875524,-0.331300930011369,-0.329346034283138,-0.328884006946319
1.82166666666667,-0.327408938145954,-0.330630877575793,-0.328681050558299,-0.328221032974023
1.822,-0.326751919659253,-0.329963391346582,-0.32801861349511,-0.327560592481154
1.82233333333333,-0.326097408791024,-0.329298458434815,-0.327358710307336,-0.326902672774464
1.82266666666667,-0.32544539299628,-0.328636066032802,-0.326701328289328,-0.326247261240487
1.823,-0.324795859808855,-0.327976201413467,-0.326046454815405,-0.325594345344954
1.82333333333333,-0.324148796840817,-0.327318851929729,-0.325394077339271,-0.32494391263221
1.82366666666667,-0.323504191781877,-0.326664005013929,-0.324744183393405,-0.324295950724594
1.824,-0.322862032398809,-0.326011648177209,-0.324096760588482,-0.3236504473219
1.82433333333333,-0.322222306534888,-0.325361769008946,-0.323451796612782,-0.323007390200767
1.82466666666667,-0.321585002109298,-0.324714355176162,-0.322809279231622,-0.322366767214118
1.825,-0.320950107116591,-0.324069394422934,-0.322169196286772,-0.321728566290606
1.82533333333333,-0.320317609626106,-0.323426874569838,-0.321531535695879,-0.321092775434024
1.82566666666667,-0.319687497781436,-0.322786783513369,-0.320896285451928,-0.320459382722785
1.826,-0.319059759799854,-0.322149109225386,-0.320263433622659,-0.319828376309324
1.82633333333333,-0.318434383971779,-0.321513839752542,-0.319632968350021,-0.319199744419601
1.82666666666667,-0.317811358660253,-0.32088096321574,-0.319004877849627,-0.318573475352509
1.827,-0.31719067230036,-0.320250467809582,-0.318379150410201,-0.317949557479377
1.82733333333333,-0.316572313398737,-0.319622341801816,-0.31775577439304,-0.317327979243409
1.82766666666667,-0.31595627053303,-0.318996573532811,-0.317134738231482,-0.316708729159166
1.828,-0.315342532351365,-0.318373151415012,-0.316516030430374,-0.31609179581204
1.82833333333333,-0.314731087571847,-0.317752063932408,-0.315899639565541,-0.315477167857731
1.82866666666667,-0.314121924982025,-0.317133299640013,-0.315285554283264,-0.314864834021741
1.829,-0.313515033438398,-0.316516847163337,-0.314673763299774,-0.314254783098842
1.82933333333333,-0.31291040186591,-0.315902695197874,-0.314064255400722,-0.313647003952596
1.82966666666667,-0.312308019257436,-0.315290832508592,-0.31345701944068,-0.313041485514826
1.83,-0.311707874673301,-0.314681247929414,-0.312852044342637,-0.312438216785142
1.83033333333333,-0.311109957240776,-0.314073930362715,-0.312249319097493,-0.311837186830425
1.83066666666667,-0.310514256153594,-0.313468868778844,-0.311648832763569,-0.311238384784345
1.831,-0.309920760671472,-0.312866052215596,-0.311050574466109,-0.310641799846884
1.83133333333333,-0.309329460119615,-0.312265469777738,-0.3104545333968,-0.310047421283843
1.83166666666667,-0.308740343888263,-0.311667110636527,-0.30986069881328,-0.309455238426368
1.832,-0.308153401432194,-0.311070964029211,-0.309269060038667,-0.308865240670476
1.83233333333333,-0.307568622270276,-0.310477019258568,-0.30867960646107,-0.308277417476578
1.83266666666667,-0.306985995984992,-0.309885265692407,-0.308092327533141,-0.307691758369034
1.833,-0.306405512221985,-0.30929569276312,-0.307507212771578,-0.307108252935658
1.83333333333333,-0.305827160689594,-0.308708289967211,-0.306924251756691,-0.306526890827299
1.83366666666667,-0.305250931158412,-0.308123046864811,-0.306343434131915,-0.305947661757352
1.834,-0.304676813460835,-0.307539953079249,-0.305764749603372,-0.305370555501329
1.83433333333333,-0.304104797490606,-0.306958998296581,-0.305188187939419,-0.304795561896397
1.83466666666667,-0.303534873202389,-0.30638017226513,-0.304613738970186,-0.304222670840957
1.835,-0.302967030611322,-0.305803464795059,-0.304041392587151,-0.303651872294177
1.83533333333333,-0.302401259792585,-0.305228865757904,-0.303471138742675,-0.303083156275578
1.83566666666667,-0.301837550880973,-0.304656365086154,-0.302902967449583,-0.302516512864586
1.836,-0.30127589407046,-0.304085952772809,-0.302336868780736,-0.301951932200122
1.83633333333333,-0.300716279613793,-0.303517618870923,-0.301772832868575,-0.30138940448016
1.83666666666667,-0.300158697822051,-0.30295135349321,-0.301210849904722,-0.300828919961308
1.837,-0.299603139064242,-0.302387146811602,-0.30065091013954,-0.300270468958405
1.83733333333333,-0.29904959376689,-0.301824989056818,-0.300093003881721,-0.299714041844086
1.83766666666667,-0.298498052413623,-0.301264870517959,-0.299537121497864,-0.29915962904838
1.838,-0.297948505544768,-0.300706781542084,-0.298983253412079,-0.298607221058314
1.83833333333333,-0.297400943756944,-0.3001507125338,-0.29843139010555,-0.298056808417484
1.83866666666667,-0.296855357702661,-0.299596653954848,-0.297881522116157,-0.297508381725671
1.839,-0.296311738089943,-0.299044596323716,-0.297333640038061,-0.296961931638442
1.83933333333333,-0.295770075681912,-0.298494530215216,-0.296787734521298,-0.296417448866755
1.83966666666667,-0.295230361296407,-0.297946446260089,-0.2962437962714,-0.295874924176558
1.84,-0.294692585805599,-0.297400335144621,-0.295701816048992,-0.295334348388413
1.84033333333333,-0.29415674013561,-0.296856187610234,-0.295161784669399,-0.294795712377111
1.84066666666667,-0.293622815266129,-0.296313994453115,-0.294623693002276,-0.294259007071277
1.841,-0.293090802230028,-0.295773746523819,-0.294087531971203,-0.29372422345301
1.84133333333333,-0.292560692113012,-0.29523543472688,-0.293553292553325,-0.293191352557488
1.84166666666667,-0.292032476053213,-0.294699050020452,-0.293020965778966,-0.292660385472616
1.842,-0.291506145240855,-0.29416458341591,-0.292490542731251,-0.292131313338638
1.84233333333333,-0.290981690917868,-0.293632025977494,-0.291962014545746,-0.291604127347777
1.84266666666667,-0.29045910437754,-0.293101368821921,-0.29143537241009,-0.291078818743884
1.843,-0.289938376964142,-0.292572603118037,-0.290910607563617,-0.290555378822051
1.84333333333333,-0.289419500072586,-0.292045720086442,-0.290387711297005,-0.290033798928284
1.84366666666667,-0.288902465148074,-0.291520710999129,-0.289866674951921,-0.289514070459125
1.844,-0.28838726368573,-0.290997567179117,-0.289347489920657,-0.288996184861308
1.84433333333333,-0.287873887230266,-0.290476280000115,-0.288830147645775,-0.28848013363141
1.84466666666667,-0.287362327375641,-0.289956840886162,-0.28831463961977,-0.287965908315511
1.845,-0.286852575764698,-0.289439241311256,-0.287800957384708,-0.287453500508833
1.84533333333333,-0.286344624088863,-0.288923472799042,-0.287289092531891,-0.286942901855426
1.84566666666667,-0.285838464087764,-0.288409526922441,-0.286779036701516,-0.286434104047807
1.846,-0.285334087548923,-0.287897395303322,-0.286270781582328,-0.285927098826627
1.84633333333333,-0.284831486307425,-0.287387069612152,-0.285764318911289,-0.285421877980355
1.84666666666667,-0.284330652245586,-0.286878541567672,-0.285259640473245,-0.284918433344925
1.847,-0.283831577292625,-0.286371802936556,-0.284756738100595,-0.284416756803439
1.84733333333333,-0.283334253424333,-0.285866845533087,-0.284255603672962,-0.283916840285806
1.84766666666667,-0.282838672662776,-0.285363661218814,-0.283756229116865,-0.283418675768451
1.848,-0.282344827075952,-0.284862241902248,-0.283258606405405,-0.282922255273976
1.84833333333333,-0.281852708777484,-0.284362579538519,-0.282762727557929,-0.282427570870856
1.84866666666667,-0.281362309926322,-0.28386466612907,-0.282268584639728,-0.281934614673114
1.849,-0.280873622726412,-0.283368493721328,-0.281776169761717,-0.281443378840014
1.84933333333333,-0.280386639426389,-0.282874054408404,-0.281285475080113,-0.280953855575754
1.84966666666667,-0.279901352319287,-0.282381340328761,-0.280796492796141,-0.280466037129154
1.85,-0.279417753742224,-0.281890343665921,-0.280309215155711,-0.279979915793353
1.85033333333333,-0.278935836076103,-0.281401056648142,-0.279823634449118,-0.279495483905517
1.85066666666667,-0.27845559174532,-0.280913471548125,-0.27933974301075,-0.27901273384652
1.851,-0.277977013217449,-0.280427580682709,-0.278857533218764,-0.278531658040654
1.85133333333333,-0.277500093002981,-0.27994337641256,-0.278376997494815,-0.278052248955353
1.85166666666667,-0.277024823655,-0.279460851141891,-0.277898128303738,-0.277574499100863
1.852,-0.276551197768913,-0.278979997318141,-0.277420918153263,-0.277098401029987
1.85233333333333,-0.276079207982153,-0.278500807431715,-0.276945359593731,-0.27662394733778
1.85266666666667,-0.275608846973908,-0.278023274015664,-0.276471445217791,-0.276151130661265
1.853,-0.275140107464821,-0.277547389645404,-0.27599916766012,-0.275679943679147
1.85333333333333,-0.274672982216726,-0.277073146938435,-0.275528519597149,-0.275210379111534
1.85366666666667,-0.274207464032359,-0.276600538554056,-0.275059493746758,-0.274742429719667
1.854,-0.273743545755086,-0.276129557193075,-0.274592082868023,-0.274276088305625
1.85433333333333,-0.273281220268639,-0.275660195597538,-0.274126279760915,-0.273811347712064
1.85466666666667,-0.272820480496818,-0.275192446550443,-0.273662077266036,-0.27334820082194
1.855,-0.272361319403254,-0.27472630287548,-0.273199468264339,-0.272886640558236
1.85533333333333,-0.271903729991124,-0.274261757436735,-0.272738445676874,-0.2724266598837
1.85566666666667,-0.271447705302884,-0.273798803138432,-0.272279002464498,-0.27196825180057
1.856,-0.270993238420018,-0.27333743292467,-0.27182113162761,-0.271511409350318
1.85633333333333,-0.270540322462761,-0.272877639779136,-0.271364826205907,-0.271056125613381
1.85666666666667,-0.270088950589862,-0.272419416724865,-0.270910079278098,-0.270602393708905
1.857,-0.269639115998295,-0.27196275682395,-0.270456883961643,-0.270150206794489
1.85733333333333,-0.269190811923043,-0.271507653177311,-0.270005233412521,-0.269699558065921
1.85766666666667,-0.268744031636813,-0.271054098924409,-0.269555120824943,-0.269250440756927
1.858,-0.268298768449797,-0.270602087242999,-0.269106539431113,-0.268802848138921
1.85833333333333,-0.267855015709431,-0.270151611348887,-0.268659482500966,-0.268356773520761
1.85866666666667,-0.267412766800131,-0.269702664495658,-0.268213943341929,-0.267912210248484
1.859,-0.266972015143059,-0.269255239974439,-0.267769915298659,-0.267469151705073
1.85933333333333,-0.266532754195879,-0.26880933111364,-0.26732739175281,-0.267027591310208
1.85966666666667,-0.266094977452515,-0.268364931278714,-0.266886366122773,-0.266587522520019
1.86,-0.265658678442903,-0.267922033871906,-0.266446831863443,-0.266148938826859
1.86033333333333,-0.265223850732766,-0.267480632332017,-0.266008782465973,-0.265711833759045
1.86066666666667,-0.264790487923371,-0.267040720134161,-0.265572211457541,-0.265276200880643
1.861,-0.264358583651291,-0.266602290789512,-0.265137112401094,-0.264842033791212
1.86133333333333,-0.263928131588188,-0.266165337845092,-0.26470347889514,-0.264409326125581
1.86166666666667,-0.263499125440559,-0.265729854883501,-0.264271304573497,-0.263978071553621
1.862,-0.263071558949528,-0.265295835522724,-0.26384058310505,-0.263548263780003
1.86233333333333,-0.262645425890611,-0.264863273415861,-0.263411308193549,-0.263119896543984
1.86266666666667,-0.262220720073489,-0.264432162250914,-0.262983473577356,-0.262692963619172
1.863,-0.261797435341778,-0.264002495750558,-0.262557073029229,-0.262267458813291
1.86333333333333,-0.261375565572827,-0.26357426767192,-0.262132100356093,-0.261843375967991
1.86366666666667,-0.260955104677485,-0.263147471806327,-0.261708549398822,-0.26142070895858
1.864,-0.260536046599869,-0.262722101979119,-0.261286414032004,-0.260999451693848
1.86433333333333,-0.260118385317178,-0.262298152049404,-0.260865688163745,-0.260579598115826
1.86466666666667,-0.259702114839451,-0.261875615909834,-0.260446365735415,-0.260161142199568
1.865,-0.259287229209361,-0.261454487486407,-0.260028440721469,-0.259744077952948
1.86533333333333,-0.258873722502012,-0.261034760738231,-0.259611907129204,-0.259328399416438
1.86566666666667,-0.258461588824719,-0.260616429657316,-0.259196758998559,-0.2589141006629
1.866,-0.258050822316795,-0.260199488268364,-0.258782990401901,-0.258501175797379
1.86633333333333,-0.257641417149369,-0.259783930628551,-0.258370595443808,-0.258089618956886
1.86666666666667,-0.257233367525136,-0.259369750827317,-0.257959568260869,-0.257679424310198
1.867,-0.256826667678195,-0.258956942986163,-0.257549903021472,-0.257270586057654
1.86733333333333,-0.256421311873825,-0.258545501258431,-0.257141593925604,-0.256863098430944
1.86766666666667,-0.256017294408288,-0.258135419829116,-0.256734635204636,-0.256456955692915
1.868,-0.255614609608634,-0.25772669291465,-0.256329021121124,-0.256052152137363
1.86833333333333,-0.255213251832495,-0.257319314762698,-0.255924745968624,-0.255648682088843
1.86866666666667,-0.254813215467886,-0.256913279651957,-0.255521804071467,-0.255246539902458
1.869,-0.254414494933031,-0.256508581891974,-0.255120189784574,-0.254845719963682
1.86933333333333,-0.254017084676141,-0.256105215822919,-0.254719897493263,-0.25444621668814
1.86966666666667,-0.253620979175237,-0.255703175815407,-0.254320921613051,-0.254048024521439
1.87,-0.253226172937965,-0.255302456270306,-0.253923256589449,-0.253651137938968
1.87033333333333,-0.252832660501387,-0.254903051618524,-0.253526896897786,-0.253255551445689
1.87066666666667,-0.252440436431816,-0.25450495632084,-0.253131837043017,-0.252861259575983
1.871,-0.252049495324604,-0.25410816486769,-0.252738071559515,-0.252468256893435
1.87133333333333,-0.251659831803986,-0.253712671778998,-0.252345595010906,-0.25207653799066
1.87166666666667,-0.251271440522871,-0.253318471603979,-0.251954401989872,-0.251686097489106
1.872,-0.25088431616267,-0.252925558920946,-0.251564487117959,-0.251296930038896
1.87233333333333,-0.250498453433114,-0.252533928337133,-0.251175845045411,-0.25090903031861
1.87266666666667,-0.25011384707208,-0.25214357448851,-0.25078847045097,-0.25052239303514
1.873,-0.2497304918454,-0.251754492039604,-0.250402358041704,-0.250137012923481
1.87333333333333,-0.249348382546692,-0.251366675683308,-0.250017502552829,-0.249752884746574
1.87366666666667,-0.248967513997188,-0.250980120140706,-0.249633898747517,-0.249370003295124
1.874,-0.248587881045547,-0.250594820160896,-0.249251541416741,-0.248988363387407
1.87433333333333,-0.24820947856769,-0.25021077052081,-0.248870425379078,-0.248607959869129
1.87466666666667,-0.247832301466632,-0.249827966025049,-0.248490545480545,-0.248228787613221
1.875,-0.247456344672298,-0.249446401505681,-0.248111896594428,-0.247850841519688
1.87533333333333,-0.247081603141364,-0.249066071822104,-0.247734473621101,-0.247474116515429
1.87566666666667,-0.246708071857095,-0.248686971860838,-0.247358271487869,-0.247098607554066
1.876,-0.246335745829157,-0.248309096535391,-0.246983285148774,-0.246724309615791
1.87633333333333,-0.24596462009347,-0.247932440786055,-0.246609509584459,-0.246351217707182
1.87666666666667,-0.24559468971203,-0.247556999579752,-0.246236939801977,-0.245979326861039
1.877,-0.245225949772765,-0.247182767909881,-0.24586557083463,-0.245608632136236
1.87733333333333,-0.244858395389351,-0.246809740796125,-0.245495397741816,-0.245239128617542
1.87766666666667,-0.244492021701055,-0.246437913284306,-0.245126415608851,-0.24487081141546
1.878,-0.244126823872593,-0.246067280446213,-0.244758619546814,-0.244503675666077
1.87833333333333,-0.243762797093948,-0.245697837379449,-0.244392004692382,-0.244137716530895
1.87866666666667,-0.243399936580228,-0.245329579207252,-0.244026566207679,-0.243772929196673
1.879,-0.243038237571504,-0.244962501078352,-0.243662299280106,-0.243409308875278
1.87933333333333,-0.242677695332652,-0.244596598166803,-0.243299199122186,-0.243046850803515
1.87966666666667,-0.242318305153208,-0.244231865671837,-0.242937260971423,-0.242685550242987
1.88,-0.241960062347208,-0.243868298817688,-0.242576480090119,-0.242325402479932
1.88033333333333,-0.241602962253028,-0.243505892853453,-0.242216851765247,-0.241966402825068
1.88066666666667,-0.241247000233252,-0.243144643052932,-0.241858371308279,-0.241608546613455
1.881,-0.240892171674507,-0.242784544714477,-0.241501034055038,-0.241251829204326
1.88133333333333,-0.240538471987329,-0.24242559316083,-0.241144835365562,-0.240896245980953
1.88166666666667,-0.24018589660599,-0.242067783738991,-0.240789770623929,-0.24054179235049
1.882,-0.239834440988384,-0.241711111820053,-0.240435835238132,-0.240188463743825
1.88233333333333,-0.239484100615853,-0.24135557279905,-0.240083024639919,-0.239836255615445
1.88266666666667,-0.239134870993063,-0.241001162094832,-0.239731334284641,-0.239485163443276
1.883,-0.238786747647846,-0.240647875149887,-0.239380759651124,-0.239135182728543
1.88333333333333,-0.238439726131071,-0.240295707430225,-0.239031296241513,-0.238786308995639
1.88366666666667,-0.238093802016489,-0.239944654425211,-0.238682939581125,-0.23843853779196
1.884,-0.237748970900601,-0.239594711647436,-0.238335685218314,-0.238091864687789
1.88433333333333,-0.237405228402514,-0.239245874632566,-0.237989528724336,-0.237746285276136
1.88466666666667,-0.237062570163819,-0.238898138939202,-0.237644465693186,-0.237401795172614
1.885,-0.236720991848415,-0.238551500148743,-0.237300491741485,-0.237058390015283
1.88533333333333,-0.236380489142423,-0.238205953865246,-0.236957602508323,-0.236716065464531
1.88566666666667,-0.236041057754011,-0.237861495715284,-0.236615793655133,-0.236374817202931
1.886,-0.235702693413277,-0.237518121347809,-0.23627506086554,-0.236034640935101
1.88633333333333,-0.235365391872113,-0.23717582643402,-0.235935399845253,-0.235695532387579
1.88666666666667,-0.23502914890407,-0.236834606667222,-0.235596806321894,-0.235357487308675
1.887,-0.234693960304226,-0.236494457762697,-0.235259276044897,-0.235020501468357
1.88733333333333,-0.234359821889066,-0.236155375457566,-0.234922804785356,-0.234684570658109
1.88766666666667,-0.234026729496333,-0.235817355510651,-0.2345873883359,-0.234349690690796
1.888,-0.23369467898491,-0.235480393702357,-0.234253022510559,-0.234015857400552
1.88833333333333,-0.233363666234706,-0.235144485834533,-0.233919703144645,-0.233683066642631
1.88866666666667,-0.233033687146498,-0.234809627730345,-0.233587426094604,-0.233351314293293
1.889,-0.23270473764183,-0.234475815234137,-0.23325618723791,-0.233020596249669
1.88933333333333,-0.232376813662872,-0.234143044211317,-0.232925982472918,-0.232690908429638
1.88966666666667,-0.232049911172311,-0.233811310548222,-0.232596807718753,-0.23236224677171
1.89,-0.231724026153217,-0.233480610152,-0.232268658915171,-0.232034607234879
1.89033333333333,-0.231399154608919,-0.233150938950459,-0.231941532022452,-0.231707985798536
1.89066666666667,-0.231075292562891,-0.232822292891986,-0.231615423021265,-0.231382378462303
1.891,-0.230752436058624,-0.232494667945381,-0.231290327912534,-0.231057781245954
1.89133333333333,-0.230430581159509,-0.232168060099761,-0.230966242717348,-0.230734190189257
1.89166666666667,-0.230109723948718,-0.23184246536442,-0.230643163476809,-0.230411601351881
1.892,-0.229789860529088,-0.231517879768731,-0.230321086251928,-0.230090010813264
1.89233333333333,-0.229470987022992,-0.231194299362001,-0.230000007123496,-0.2297694146725
1.89266666666667,-0.229153099572245,-0.230871720213364,-0.229679922191988,-0.229449809048219
1.893,-0.228836194337955,-0.230550138411659,-0.229360827577411,-0.229131190078466
1.89333333333333,-0.228520267500446,-0.230229550065328,-0.22904271941921,-0.228813553920595
1.89366666666667,-0.22820531525911,-0.229909951302266,-0.228725593876152,-0.22849689675115
1.894,-0.227891333832306,-0.229591338269734,-0.228409447126203,-0.228181214765742
1.89433333333333,-0.227578319457267,-0.229273707134231,-0.228094275366419,-0.227866504178949
1.89466666666667,-0.227266268389951,-0.228957054081386,-0.227780074812824,-0.2275527612242
1.895,-0.226955176904958,-0.228641375315839,-0.227466841700309,-0.227239982153657
1.89533333333333,-0.226645041295405,-0.228326667061125,-0.227154572282516,-0.226928163238109
1.89566666666667,-0.226335857872826,-0.228012925559574,-0.226843262831713,-0.226617300766858
1.896,-0.226027622967057,-0.227700147072192,-0.226532909638712,-0.226307391047616
1.89633333333333,-0.225720332926129,-0.227388327878538,-0.22622350901273,-0.225998430406389
1.89666666666667,-0.225413984116156,-0.227077464276638,-0.225915057281302,-0.225690415187374
1.897,-0.22510857292124,-0.226767552582868,-0.225607550790155,-0.225383341752846
1.89733333333333,-0.224804095743361,-0.226458589131834,-0.225300985903116,-0.225077206483062
1.89766666666667,-0.224500549002258,-0.226150570276275,-0.224995359001999,-0.224772005776142
1.898,-0.224197929135342,-0.225843492386955,-0.224690666486491,-0.224467736047974
1.89833333333333,-0.223896232597586,-0.225537351852553,-0.224386904774066,-0.224164393732106
1.89866666666667,-0.223595455861423,-0.225232145079569,-0.224084070299858,-0.223861975279637
1.899,-0.223295595416635,-0.224927868492197,-0.223782159516573,-0.223560477159127
1.89933333333333,-0.222996647770262,-0.224624518532246,-0.223481168894384,-0.223259895856483
1.89966666666667,-0.222698609446503,-0.22432209165902,-0.223181094920818,-0.222960227874855
1.9,-0.222401476986601,-0.224020584349226,-0.222881934100668,-0.222661469734556
1.90033333333333,-0.22210524694876,-0.223719993096862,-0.222583682955884,-0.222363617972936
1.90066666666667,-0.221809915908033,-0.223420314413124,-0.222286338025472,-0.222066669144296
1.901,-0.22151548045623,-0.2231215448263,-0.221989895865399,-0.221770619819786
1.90133333333333,-0.221221937201829,-0.222823680881676,-0.221694353048495,-0.221475466587319
1.90166666666667,-0.220929282769855,-0.222526719141435,-0.221399706164351,-0.221181206051445
1.902,-0.220637513801804,-0.222230656184551,-0.221105951819212,-0.220887834833282
1.90233333333333,-0.220346626955549,-0.221935488606702,-0.220813086635906,-0.22059534957041
1.90266666666667,-0.220056618905228,-0.22164121302017,-0.22052110725372,-0.220303746916768
1.903,-0.219767486341166,-0.221347826053738,-0.220230010328318,-0.220013023542571
1.90333333333333,-0.219479225969766,-0.221055324352603,-0.21993979253165,-0.21972317613421
1.90366666666667,-0.21919183451344,-0.220763704578281,-0.21965045055185,-0.219434201394162
1.904,-0.218905308710485,-0.220472963408499,-0.219361981093137,-0.219146096040887
1.90433333333333,-0.218619645315018,-0.22018309753712,-0.219074380875738,-0.218858856808747
1.90466666666667,-0.21833484109687,-0.219894103674036,-0.218787646635778,-0.218572480447912
1.905,-0.218050892841497,-0.219605978545078,-0.218501775125206,-0.218286963724262
1.90533333333333,-0.217767797349901,-0.219318718891934,-0.218216763111692,-0.218002303419305
1.90566666666667,-0.217485551438529,-0.219032321472045,-0.217932607378531,-0.217718496330085
1.906,-0.217204151939175,-0.218746783058513,-0.217649304724573,-0.217435539269086
1.90633333333333,-0.216923595698922,-0.218462100440027,-0.21736685196411,-0.217153429064153
1.90666666666667,-0.216643879580031,-0.218178270420757,-0.21708524592681,-0.216872162558399
1.907,-0.216365000459854,-0.217895289820282,-0.216804483457607,-0.216591736610116
1.90733333333333,-0.21608695523076,-0.217613155473472,-0.216524561416631,-0.216312148092693
1.90766666666667,-0.21580974080004,-0.217331864230437,-0.216245476679112,-0.21603339389452
1.908,-0.215533354089825,-0.217051412956414,-0.215967226135297,-0.215755470918919
1.90833333333333,-0.215257792036993,-0.21677179853169,-0.215689806690358,-0.21547837608404
1.90866666666667,-0.214983051593106,-0.216493017851516,-0.215413215264314,-0.215202106322794
1.909,-0.214709129724302,-0.216215067826018,-0.215137448791948,-0.214926658582749
1.90933333333333,-0.214436023411224,-0.215937945380118,-0.214862504222711,-0.214652029826066
1.90966666666667,-0.214163729648945,-0.215661647453443,-0.214588378520648,-0.214378217029403
1.91,-0.213892245446861,-0.215386171000247,-0.21431506866432,-0.214105217183842
1.91033333333333,-0.213621567828641,-0.215111512989319,-0.214042571646705,-0.213833027294801
1.91066666666667,-0.213351693832126,-0.21483767040392,-0.213770884475128,-0.213561644381946
1.911,-0.213082620509249,-0.214564640241669,-0.213500004171177,-0.21329106547913
1.91133333333333,-0.212814344925964,-0.214292419514498,-0.213229927770626,-0.213021287634295
1.91166666666667,-0.212546864162166,-0.214021005248541,-0.212960652323349,-0.212752307909397
1.912,-0.212280175311602,-0.213750394484072,-0.212692174893237,-0.212484123380331
1.91233333333333,-0.212014275481802,-0.213480584275418,-0.212424492558131,-0.212216731136851
1.91266666666667,-0.211749161794004,-0.213211571690872,-0.212157602409725,-0.211950128282483
1.913,-0.211484831383064,-0.212943353812638,-0.211891501553515,-0.211684311934464
1.91333333333333,-0.211221281397389,-0.212675927736725,-0.211626187108696,-0.211419279223646
1.91366666666667,-0.210958508998865,-0.212409290572882,-0.21136165620809,-0.211155027294439
1.914,-0.210696511362768,-0.212143439444524,-0.211097905998078,-0.210891553304718
1.91433333333333,-0.210435285677702,-0.211878371488655,-0.210834933638521,-0.210628854425751
1.91466666666667,-0.210174829145511,-0.21161408385577,-0.210572736302677,-0.210366927842139
1.915,-0.209915138981217,-0.211350573709823,-0.210311311177134,-0.210105770751717
1.91533333333333,-0.209656212412942,-0.211087838228104,-0.210050655461731,-0.209845380365497
1.91566666666667,-0.209398046681835,-0.210825874601195,-0.20979076636949,-0.209585753907594
1.916,-0.209140639041992,-0.210564680032884,-0.209531641126529,-0.209326888615139
1.91633333333333,-0.208883986760399,-0.210304251740101,-0.209273276972002,-0.209068781738225
1.91666666666667,-0.208628087116843,-0.210044586952821,-0.209015671158024,-0.20881143053982
1.917,-0.208372937403854,-0.209785682914026,-0.208758820949588,-0.208554832295699
1.91733333333333,-0.208118534926627,-0.209527536879606,-0.208502723624512,-0.208298984294381
1.91766666666667,-0.207864877002959,-0.209270146118283,-0.208247376473347,-0.208043883837046
1.918,-0.207611960963164,-0.209013507911575,-0.207992776799325,-0.207789528237474
1.91833333333333,-0.20735978415002,-0.208757619553684,-0.207738921918265,-0.207535914821967
1.91866666666667,-0.207108343918694,-0.208502478351448,-0.207485809158536,-0.207283040929287
1.919,-0.206857637636667,-0.208248081624269,-0.207233435860956,-0.207030903910581
1.91933333333333,-0.206607662683678,-0.207994426704036,-0.206981799378743,-0.206779501129317
1.91966666666667,-0.206358416451641,-0.207741510935058,-0.206730897077431,-0.206528829961218
1.92,-0.206109896344592,-0.207489331674004,-0.206480726334824,-0.206278887794186
1.92033333333333,-0.205862099778623,-0.207237886289821,-0.206231284540896,-0.206029672028234
1.92066666666667,-0.205615024181795,-0.206987172163681,-0.205982569097763,-0.205781180075435
1.921,-0.205368666994095,-0.206737186688897,-0.205734577419573,-0.205533409359836
1.92133333333333,-0.20512302566736,-0.206487927270869,-0.205487306932479,-0.205286357317408
1.92166666666667,-0.204878097665211,-0.206239391327015,-0.205240755074548,-0.205040021395971
1.922,-0.204633880462994,-0.205991576286702,-0.204994919295709,-0.204794399055125
1.92233333333333,-0.204390371547712,-0.205744479591178,-0.204749797057673,-0.2045494877662
1.92266666666667,-0.204147568417957,-0.205498098693506,-0.204505385833884,-0.204305285012179
1.923,-0.203905468583852,-0.205252431058519,-0.204261683109442,-0.204061788287642
1.92333333333333,-0.20366406956699,-0.205007474162725,-0.204018686381056,-0.203818995098699
1.92366666666667,-0.203423368900372,-0.204763225494262,-0.203776393156956,-0.203576902962919
1.924,-0.203183364128326,-0.204519682552831,-0.203534800956853,-0.203335509409283
1.92433333333333,-0.202944052806476,-0.204276842849632,-0.203293907311861,-0.203094811978111
1.92466666666667,-0.202705432501652,-0.204034703907298,-0.203053709764443,-0.202854808221007
1.925,-0.202467500791853,-0.203793263259835,-0.202814205868347,-0.202615495700788
1.92533333333333,-0.202230255266165,-0.203552518452575,-0.202575393188543,-0.202376871991431
1.92566666666667,-0.20199369352471,-0.203312467042071,-0.202337269301162,-0.202138934678008
1.926,-0.201757813178595,-0.203073106596092,-0.202099831793437,-0.201901681356634
1.92633333333333,-0.201522611849836,-0.202834434693521,-0.201863078263641,-0.201665109634395
1.92666666666667,-0.201288087171307,-0.20259644892431,-0.201627006321024,-0.201429217129296
1.927,-0.201054236786685,-0.202359146889426,-0.201391613585768,-0.201194001470196
1.92733333333333,-0.200821058350386,-0.20212252620077,-0.201156897688906,-0.200959460296758
1.92766666666667,-0.200588549527504,-0.201886584481143,-0.200922856272277,-0.200725591259387
1.928,-0.200356707993761,-0.201651319364167,-0.200689486988471,-0.200492392019162
1.92833333333333,-0.200125531435447,-0.201416728494242,-0.20045678750075,-0.200259860247798
1.92866666666667,-0.199895017549358,-0.201182809526479,-0.200224755483024,-0.200027993627574
1.929,-0.199665164042749,-0.200949560126634,-0.199993388619759,-0.199796789851273
1.92933333333333,-0.199435968633265,-0.200716977971074,-0.199762684605941,-0.19956624662214
1.92966666666667,-0.199207429048901,-0.200485060746698,-0.199532641147014,-0.199336361653817
1.93,-0.198979543027935,-0.200253806150894,-0.199303255958824,-0.199107132670283
1.93033333333333,-0.198752308318868,-0.200023211891468,-0.199074526767562,-0.198878557405808
1.93066666666667,-0.198525722680385,-0.199793275686606,-0.19884645130971,-0.198650633604893
1.931,-0.198299783881292,-0.199563995264803,-0.198619027331982,-0.198423359022215
1.93133333333333,-0.198074489700457,-0.19933536836482,-0.198392252591271,-0.198196731422571
1.93166666666667,-0.197849837926767,-0.199107392735615,-0.198166124854603,-0.197970748580828
1.932,-0.197625826359063,-0.198880066136307,-0.197940641899068,-0.197745408281864
1.93233333333333,-0.197402452806094,-0.198653386336096,-0.197715801511771,-0.197520708320519
1.93266666666667,-0.197179715086469,-0.198427351114238,-0.197491601489794,-0.197296646501549
1.933,-0.196957611028587,-0.198201958259975,-0.197268039640112,-0.197073220639547
1.93333333333333,-0.196736138470607,-0.197977205572478,-0.197045113779574,-0.196850428558917
1.93366666666667,-0.196515295260378,-0.197753090860801,-0.196822821734821,-0.196628268093819
1.934,-0.196295079255394,-0.197529611943835,-0.196601161342254,-0.196406737088099
1.93433333333333,-0.196075488322748,-0.197306766650244,-0.196380130447979,-0.196185833395263
1.93466666666667,-0.195856520339078,-0.197084552818408,-0.196159726907741,-0.195965554878396
1.935,-0.195638173190504,-0.196862968296396,-0.19593994858689,-0.195745899410143
1.93533333333333,-0.195420444772601,-0.196642010941895,-0.195720793360323,-0.195526864872633
1.93566666666667,-0.195203332990329,-0.196421678622152,-0.195502259112432,-0.195308449157437
1.936,-0.194986835757995,-0.196201969213952,-0.19528434373706,-0.195090650165532
1.93633333333333,-0.194770950999199,-0.195982880603538,-0.195067045137439,-0.194873465807222
1.93666666666667,-0.19455567664678,-0.195764410686573,-0.194850361226158,-0.194656894002121
1.937,-0.194341010642783,-0.195546557368099,-0.194634289925095,-0.19444093267908
1.93733333333333,-0.194126950938395,-0.19532931856247,-0.194418829165381,-0.194225579776151
1.93766666666667,-0.193913495493902,-0.195112692193316,-0.194203976887337,-0.194010833240529
1.938,-0.19370064227864,-0.194896676193493,-0.193989731040457,-0.193796691028514
1.93833333333333,-0.19348838927095,-0.194681268505026,-0.193776089583314,-0.193583151105456
1.93866666666667,-0.193276734458136,-0.194466467079065,-0.193563050483555,-0.193370211445713
1.939,-0.193065675836402,-0.194252269875843,-0.193350611717823,-0.193157870032599
1.93933333333333,-0.192855211410824,-0.194038674864625,-0.193138771271725,-0.192946124858342
1.93966666666667,-0.192645339195287,-0.193825680023645,-0.192927527139784,-0.192734973924021
1.94,-0.192436057212451,-0.193613283340097,-0.192716877325385,-0.19252441523955
1.94033333333333,-0.192227363493702,-0.193401482810045,-0.192506819840743,-0.192314446823604
1.94066666666667,-0.192019256079097,-0.193190276438399,-0.192297352706833,-0.192105066703589
1.941,-0.191811733017341,-0.192979662238875,-0.192088473953372,-0.191896272915591
1.94133333333333,-0.191604792365711,-0.192769638233925,-0.191880181618748,-0.191688063504327
1.94166666666667,-0.191398432190047,-0.192560202454718,-0.191672473749996,-0.191480436523103
1.942,-0.191192650564674,-0.192351352941079,-0.191465348402743,-0.19127339003378
1.94233333333333,-0.190987445572379,-0.192143087741447,-0.191258803641159,-0.191066922106709
1.94266666666667,-0.190782815304359,-0.19193540491283,-0.191052837537922,-0.190861030820705
1.943,-0.190578757860182,-0.191728302520763,-0.190847448174162,-0.190655714262991
1.94333333333333,-0.190375271347737,-0.191521778639258,-0.190642633639433,-0.190450970529163
1.94366666666667,-0.190172353883197,-0.19131583135077,-0.190438392031659,-0.190246797723138
1.944,-0.189970003590971,-0.19111045874614,-0.190234721457089,-0.190043193957127
1.94433333333333,-0.189768218603674,-0.190905658924566,-0.190031620030259,-0.189840157351563
1.94466666666667,-0.189566997062061,-0.190701429993548,-0.189829085873948,-0.189637686035092
1.945,-0.189366337115005,-0.190497770068851,-0.189627117119132,-0.189435778144509
1.94533333333333,-0.189166236919455,-0.190294677274457,-0.189425711904949,-0.18923443182472
1.94566666666667,-0.188966694640377,-0.190092149742533,-0.189224868378644,-0.189033645228707
1.946,-0.188767708450737,-0.189890185613372,-0.189024584695551,-0.188833416517479
1.94633333333333,-0.188569276531435,-0.189688783035379,-0.188824859019019,-0.188633743860029
1.94666666666667,-0.188371397071283,-0.189487940164992,-0.188625689520399,-0.188434625433303
1.947,-0.188174068266959,-0.189287655166674,-0.188427074378985,-0.188236059422153
1.94733333333333,-0.187977288322962,-0.189087926212849,-0.188229011781983,-0.188038044019297
1.94766666666667,-0.187781055451578,-0.188888751483873,-0.188031499924464,-0.187840577425274
1.948,-0.187585367872829,-0.188690129167993,-0.187834537009334,-0.187643657848412
1.94833333333333,-0.187390223814459,-0.188492057461305,-0.187638121247276,-0.187447283504787
1.94866666666667,-0.187195621511861,-0.188294534567705,-0.187442250856732,-0.187251452618171
1.949,-0.187001559208062,-0.188097558698864,-0.187246924063844,-0.187056163420017
1.94933333333333,-0.186808035153677,-0.187901128074181,-0.187052139102425,-0.186861414149393
1.94966666666667,-0.186615047606867,-0.187705240920741,-0.186857894213918,-0.186667203052962
1.95,-0.186422594833302,-0.187509895473278,-0.186664187647359,-0.186473528384933
1.95033333333333,-0.186230675106133,-0.187315089974137,-0.186471017659336,-0.186280388407033
1.95066666666667,-0.186039286705938,-0.187120822673239,-0.186278382513944,-0.186087781388456
1.951,-0.185848427920687,-0.186927091828028,-0.186086280482762,-0.18589570560583
1.95133333333333,-0.185658097045721,-0.186733895703455,-0.185894709844799,-0.18570415934319
1.95166666666667,-0.185468292383694,-0.186541232571922,-0.185703668886469,-0.185513140891915
1.952,-0.185279012244548,-0.186349100713248,-0.185513155901546,-0.185322648550726
1.95233333333333,-0.185090254945471,-0.186157498414635,-0.185323169191131,-0.185132680625614
1.95266666666667,-0.184902018810864,-0.185966423970628,-0.185133707063608,-0.184943235429831
1.953,-0.184714302172301,-0.185775875683081,-0.184944767834616,-0.184754311283826
1.95333333333333,-0.184527103368496,-0.185585851861123,-0.184756349827008,-0.184565906515236
1.95366666666667,-0.18434042074526,-0.1853963508211,-0.18456845137081,-0.184378019458832
1.954,-0.184154252655483,-0.185207370886564,-0.184381070803198,-0.184190648456494
1.95433333333333,-0.183968597459073,-0.185018910388241,-0.184194206468444,-0.184003791857161
1.95466666666667,-0.183783453522942,-0.184830967663953,-0.184007856717897,-0.183817448016814
1.955,-0.183598819220962,-0.18464354105863,-0.183822019909938,-0.18363161529842
1.95533333333333,-0.183414692933922,-0.184456628924249,-0.183636694409943,-0.183446292071912
1.95566666666667,-0.183231073049511,-0.184270229619804,-0.183451878590258,-0.183261476714157
1.956,-0.183047957962275,-0.184084341511271,-0.183267570830152,-0.183077167608901
1.95633333333333,-0.182865346073582,-0.183898962971574,-0.18308376951579,-0.18289336314676
1.95666666666667,-0.182683235791575,-0.183714092380548,-0.1829004730402,-0.182710061725158
1.957,-0.182501625531169,-0.183529728124903,-0.182717679803226,-0.18252726174832
1.95733333333333,-0.182320513713991,-0.183345868598193,-0.182535388211512,-0.182344961627226
1.95766666666667,-0.182139898768354,-0.183162512200787,-0.182353596678454,-0.182163159779569
1.958,-0.181959779129226,-0.182979657339823,-0.182172303624175,-0.181981854629732
1.95833333333333,-0.181780153238194,-0.182797302429174,-0.181991507475482,-0.181801044608761
1.95866666666667,-0.181601019543434,-0.182615445889433,-0.181811206665841,-0.18162072815431
1.959,-0.181422376499677,-0.182434086147858,-0.181631399635338,-0.181440903710629
1.95933333333333,-0.181244222568176,-0.182253221638352,-0.181452084830662,-0.181261569728521
1.95966666666667,-0.181066556216673,-0.18207285080142,-0.181273260705043,-0.181082724665315
1.96,-0.180889375919364,-0.181892972084147,-0.181094925718243,-0.180904366984824
1.96033333333333,-0.180712680156879,-0.181713583940159,-0.180917078336517,-0.180726495157328
1.96066666666667,-0.180536467416231,-0.18153468482959,-0.180739717032575,-0.180549107659524
1.961,-0.180360736190804,-0.181356273219052,-0.180562840285566,-0.180372202974509
1.96133333333333,-0.180185484980312,-0.181178347581601,-0.180386446581024,-0.180195779591746
1.96166666666667,-0.180010712290761,-0.181000906396708,-0.180210534410856,-0.180019836007019
1.962,-0.179836416634433,-0.180823948150226,-0.180035102273293,-0.179844370722418
1.96233333333333,-0.179662596529844,-0.180647471334358,-0.17986014867288,-0.179669382246305
1.96266666666667,-0.179489250501713,-0.180471474447621,-0.179685672120424,-0.179494869093272
1.963,-0.179316377080947,-0.180295955994829,-0.179511671132971,-0.179320829784131
1.96333333333333,-0.17914397480459,-0.180120914487042,-0.179338144233781,-0.179147262845854
1.96366666666667,-0.178972042215799,-0.179946348441552,-0.179165089952297,-0.178974166811578
1.964,-0.178800577863819,-0.179772256381846,-0.178992506824099,-0.178801540220536
1.96433333333333,-0.178629580303959,-0.179598636837572,-0.178820393390891,-0.178629381618067
1.96466666666667,-0.17845904809754,-0.179425488344516,-0.178648748200469,-0.178457689555545
1.965,-0.178288979811894,-0.179252809444568,-0.178477569806681,-0.178286462590399
1.96533333333333,-0.178119374020306,-0.179080598685692,-0.178306856769402,-0.178115699286022
1.96566666666667,-0.177950229302014,-0.178908854621894,-0.178136607654517,-0.177945398211806
1.966,-0.177781544242149,-0.178737575813194,-0.177966821033868,-0.177775557943058
1.96633333333333,-0.17761331743174,-0.178566760825609,-0.177797495485242,-0.177606177061003
1.96666666666667,-0.177445547467651,-0.178396408231095,-0.177628629592342,-0.177437254152752
1.967,-0.177278232952579,-0.178226516607549,-0.177460221944751,-0.17726878781126
1.96733333333333,-0.177111372495014,-0.178057084538763,-0.1772922711379,-0.177100776635312
1.96766666666667,-0.176944964709211,-0.17788811061439,-0.177124775773055,-0.176933219229483
1.968,-0.176779008215166,-0.177719593429936,-0.176957734457273,-0.176766114204119
1.96833333333333,-0.176613501638581,-0.177551531586716,-0.176791145803382,-0.176599460175303
1.96866666666667,-0.17644844361085,-0.177383923691827,-0.176625008429951,-0.176433255764827
1.969,-0.176283832769012,-0.177216768358117,-0.176459320961262,-0.176267499600168
1.96933333333333,-0.176119667755742,-0.177050064204183,-0.176294082027278,-0.176102190314461
1.96966666666667,-0.175955947219312,-0.17688380985429,-0.176129290263629,-0.175937326546474
1.97,-0.175792669813571,-0.176718003938412,-0.175964944311568,-0.175772906940561
1.97033333333333,-0.175629834197913,-0.176552645092136,-0.175801042817952,-0.175608930146664
1.97066666666667,-0.175467439037247,-0.176387731956688,-0.175637584435217,-0.175445394820267
1.971,-0.175305483001986,-0.176223263178877,-0.175474567821346,-0.175282299622379
1.97133333333333,-0.175143964768007,-0.176059237411082,-0.175311991639847,-0.175119643219494
1.97166666666667,-0.174982883016622,-0.175895653311211,-0.17514985455972,-0.17495742428358
1.972,-0.174822236434565,-0.175732509542688,-0.174988155255438,-0.174795641492045
1.97233333333333,-0.174662023713953,-0.175569804774417,-0.174826892406912,-0.174634293527713
1.97266666666667,-0.17450224355227,-0.175407537680764,-0.174666064699476,-0.174473379078792
1.973,-0.174342894652335,-0.175245706941522,-0.17450567082385,-0.174312896838861
1.97333333333333,-0.174183975722277,-0.175084311241896,-0.174345709476121,-0.174152845506825
1.97366666666667,-0.174025485475518,-0.174923349272461,-0.174186179357718,-0.173993223786917
1.974,-0.173867422630733,-0.174762819729152,-0.174027079175372,-0.173834030388638
1.97433333333333,-0.173709785911834,-0.174602721313233,-0.173868407641121,-0.173675264026762
1.97466666666667,-0.173552574047951,-0.174443052731266,-0.173710163472251,-0.173516923421293
1.975,-0.173395785773391,-0.174283812695085,-0.173552345391288,-0.173359007297451
1.97533333333333,-0.173239419827627,-0.174124999921791,-0.173394952125975,-0.173201514385634
1.97566666666667,-0.173083474955268,-0.1739666131337,-0.173237982409245,-0.173044443421415
1.976,-0.17292794990603,-0.173808651058331,-0.173081434979184,-0.172887793145487
1.97633333333333,-0.172772843434726,-0.173651112428384,-0.172925308579023,-0.172731562303662
1.97666666666667,-0.172618154301225,-0.17349399598171,-0.172769601957111,-0.172575749646846
1.977,-0.172463881270442,-0.173337300461281,-0.172614313866878,-0.172420353931
1.97733333333333,-0.172310023112304,-0.173181024615186,-0.172459443066828,-0.172265373917128
1.97766666666667,-0.172156578601724,-0.173025167196579,-0.172304988320499,-0.172110808371247
1.978,-0.172003546518598,-0.172869726963678,-0.172150948396449,-0.171956656064374
1.97833333333333,-0.171850925647754,-0.172714702679728,-0.171997322068234,-0.171802915772483
1.97866666666667,-0.17169871477895,-0.172560093112988,-0.171844108114375,-0.171649586276497
1.979,-0.171546912706831,-0.172405897036686,-0.171691305318345,-0.171496666362266
1.97933333333333,-0.171395518230929,-0.172252113229026,-0.171538912468534,-0.171344154820529
1.97966666666667,-0.171244530155627,-0.172098740473141,-0.171386928358233,-0.171192050446909
1.98,-0.171093947290131,-0.171945777557078,-0.171235351785616,-0.171040352041874
1.98033333333333,-0.170943768448454,-0.171793223273769,-0.171084181553705,-0.170889058410718
1.98066666666667,-0.170793992449399,-0.171641076421021,-0.170933416470356,-0.170738168363551
1.981,-0.170644618116529,-0.171489335801487,-0.170783055348231,-0.170587680715265
1.98133333333333,-0.170495644278136,-0.171338000222628,-0.170633097004779,-0.170437594285506
1.98166666666667,-0.170347069767246,-0.171187068496714,-0.170483540262214,-0.170287907898664
1.982,-0.170198893421567,-0.171036539440789,-0.170334383947485,-0.170138620383844
1.98233333333333,-0.170051114083484,-0.170886411876651,-0.170185626892269,-0.169989730574848
1.98266666666667,-0.169903730600032,-0.17073668463083,-0.170037267932929,-0.169841237310148
1.983,-0.16975674182288,-0.170587356534564,-0.169889305910513,-0.169693139432867
1.98333333333333,-0.169610146608298,-0.170438426423771,-0.16974173967071,-0.169545435790755
1.98366666666667,-0.169463943817145,-0.170289893139046,-0.16959456806385,-0.169398125236173
1.984,-0.169318132314846,-0.17014175552562,-0.169447789944869,-0.169251206626064
1.98433333333333,-0.169172710971368,-0.169994012433351,-0.169301404173289,-0.169104678821942
1.98466666666667,-0.169027678661204,-0.169846662716692,-0.169155409613199,-0.168958540689856
1.985,-0.168883034263337,-0.169699705234674,-0.169009805133236,-0.168812791100377
1.98533333333333,-0.168738776661246,-0.169553138850888,-0.168864589606553,-0.168667428928586
1.98566666666667,-0.16859490474286,-0.169406962433464,-0.16871976191082,-0.168522453054028
1.986,-0.168451417400549,-0.169261174855046,-0.168575320928168,-0.168377862360728
1.98633333333333,-0.1683083135311,-0.169115774992758,-0.168431265545214,-0.168233655737126
1.98666666666667,-0.168165592035703,-0.168970761728222,-0.168287594652996,-0.168089832076102
1.987,-0.168023251819919,-0.168826133947491,-0.168144307146978,-0.167946390274916
1.98733333333333,-0.16788129179367,-0.168681890541056,-0.16800140192703,-0.167803329235215
1.98766666666667,-0.167739710871216,-0.168538030403827,-0.167858877897388,-0.167660647863
1.988,-0.167598507971132,-0.168394552435099,-0.167716733966658,-0.167518345068602
1.98833333333333,-0.16745768201629,-0.168251455538531,-0.167574969047783,-0.16737641976668
1.98866666666667,-0.167317231933842,-0.168108738622141,-0.167433582058014,-0.167234870876183
1.989,-0.167177156655198,-0.167966400598272,-0.167292571918918,-0.167093697320335
1.98933333333333,-0.167037455116,-0.167824440383587,-0.167151937556326,-0.166952898026617
1.98966666666667,-0.166898126256118,-0.167682856899027,-0.167011677900336,-0.16681247192676
1.99,-0.166759169019616,-0.167541649069807,-0.16687179188528,-0.166672417956692
1.99033333333333,-0.16662058235474,-0.167400815825399,-0.166732278449721,-0.166532735056553
1.99066666666667,-0.166482365213891,-0.167260356099499,-0.166593136536406,-0.166393422170661
1.991,-0.166344516553623,-0.167120268830016,-0.16645436509228,-0.166254478247495
1.99133333333333,-0.166207035334603,-0.166980552959056,-0.16631596306844,-0.166115902239664
1.99166666666667,-0.166069920521607,-0.166841207432897,-0.166177929420128,-0.165977693103915
1.992,-0.165933171083498,-0.166702231201968,-0.166040263106713,-0.165839849801087
1.99233333333333,-0.165796785993201,-0.166563623220836,-0.165902963091667,-0.165702371296107
1.99266666666667,-0.16566076422769,-0.166425382448183,-0.165766028342553,-0.165565256557967
1.993,-0.165525104767973,-0.166287507846789,-0.165629457830993,-0.16542850455971
1.99333333333333,-0.165389806599064,-0.166149998383515,-0.165493250532666,-0.165292114278398
1.99366666666667,-0.165254868709972,-0.166012853029277,-0.165357405427279,-0.165156084695121
1.994,-0.165120290093685,-0.165876070759037,-0.165221921498551,-0.165020414794936
1.99433333333333,-0.164986069747144,-0.16573965055178,-0.165086797734203,-0.164885103566894
1.99466666666667,-0.164852206671229,-0.165603591390495,-0.164952033125918,-0.164750150003993
1.995,-0.16471869987074,-0.165467892262157,-0.164817626669346,-0.164615553103174
1.99533333333333,-0.164585548354383,-0.165332552157712,-0.164683577364078,-0.164481311865292
1.99566666666667,-0.164452751134746,-0.16519757007205,-0.164549884213625,-0.164347425295107
1.996,-0.164320307228296,-0.165062945004004,-0.164416546225403,-0.164213892401266
1.99633333333333,-0.164188215655337,-0.164928675956317,-0.164283562410715,-0.164080712196278
1.99666666666667,-0.164056475440011,-0.164794761935624,-0.164150931784729,-0.163947883696504
1.997,-0.163925085610279,-0.164661201952447,-0.164018653366469,-0.163815405922139
1.99733333333333,-0.163794045197902,-0.164527995021166,-0.163886726178799,-0.163683277897184
1.99766666666667,-0.163663353238412,-0.164395140160008,-0.163755149248385,-0.163551498649449
1.998,-0.16353300877112,-0.164262636391027,-0.163623921605706,-0.163420067210518
1.99833333333333,-0.163403010839073,-0.164130482740082,-0.163493042285018,-0.16328898261574
1.99866666666667,-0.163273358489057,-0.163998678236829,-0.163362510324346,-0.163158243904206
1.999,-0.163144050771568,-0.163867221914703,-0.163232324765463,-0.163027850118743
1.99933333333333,-0.163015086740801,-0.163736112810889,-0.163102484653868,-0.162897800305887
1.99966666666667,-0.162886465454634,-0.163605349966322,-0.16297298903878,-0.162768093515871
2,-0.162758185974598,-0.163474932425655,-0.16284383697312,-0.162638728802605
