"Freq [GHz]","dB(S(1,1)) []","dB(S(2,2)) []","dB(S(3,3)) []","dB(S(4,4)) []"
1,-0.0473218595982326,-0.0471085578085133,-0.0469818654210114,-0.0471109656441598
1.00033333333333,-0.0473497605144977,-0.0471359801164254,-0.0470092262910312,-0.047138341202917
1.00066666666667,-0.0473777313622543,-0.0471634712976706,-0.0470366558903791,-0.0471657854007006
1.001,-0.0474057722993536,-0.0471910315054429,-0.0470641543719979,-0.0471932983904968
1.00133333333333,-0.047433883484148,-0.0472186608934381,-0.0470917218893058,-0.0472208803257664
1.00166666666667,-0.047462065075488,-0.0472463596158125,-0.0471193585962117,-0.0472485313604481
1.002,-0.0474903172327205,-0.0472741278272234,-0.0471470646471001,-0.0472762516489728
1.00233333333333,-0.0475186401156935,-0.0473019656828086,-0.0471748401968468,-0.0473040413462491
1.00266666666667,-0.0475470338847633,-0.0473298733381936,-0.047202685400817,-0.0473319006076731
1.003,-0.0475754987007852,-0.047357850949499,-0.0472306004148595,-0.0473598295891303
1.00333333333333,-0.0476040347251265,-0.0473858986733339,-0.0472585853953176,-0.0473878284469976
1.00366666666667,-0.0476326421196559,-0.0474140166668,-0.0472866404990267,-0.0474158973381424
1.004,-0.0476613210467588,-0.0474422050874979,-0.0473147658833185,-0.0474440364199216
1.00433333333333,-0.0476900716693298,-0.0474704640935209,-0.0473429617060193,-0.047472245850193
1.00466666666667,-0.0477188941507782,-0.0474987938434643,-0.0473712281254534,-0.0475005257873063
1.005,-0.0477477886550285,-0.0475271944964257,-0.0473995653004416,-0.0475288763901139
1.00533333333333,-0.047776755346524,-0.0475556662119959,-0.0474279733903163,-0.0475572978179638
1.00566666666667,-0.0478057943902199,-0.0475842091502828,-0.0474564525549009,-0.0475857902307082
1.006,-0.047834905951605,-0.0476128234718877,-0.0474850029545293,-0.0476143537887063
1.00633333333333,-0.0478640901966812,-0.0476415093379294,-0.0475136247500437,-0.0476429886528135
1.00666666666667,-0.0478933472919771,-0.0476702669100295,-0.0475423181027933,-0.0476716949843995
1.007,-0.0479226774045527,-0.0476990963503222,-0.0475710831746356,-0.0477004729453457
1.00733333333333,-0.0479520807019891,-0.0477279978214537,-0.0475999201279427,-0.0477293226980349
1.00766666666667,-0.047981557352401,-0.0477569714865911,-0.0476288291256009,-0.0477582444053688
1.008,-0.0480111075244374,-0.0477860175094088,-0.0476578103310055,-0.0477872382307629
1.00833333333333,-0.0480407313872791,-0.0478151360541038,-0.0476868639080804,-0.047816304338146
1.00866666666667,-0.0480704291106426,-0.0478443272853968,-0.0477159900212587,-0.0478454428919684
1.009,-0.0481002008647845,-0.0478735913685199,-0.0477451888355011,-0.0478746540571947
1.00933333333333,-0.0481300468204954,-0.0479029284692433,-0.0477744605162842,-0.0479039379993179
1.00966666666667,-0.0481599671491139,-0.0479323387538475,-0.0478038052296193,-0.0479332948843482
1.01,-0.0481899620225183,-0.0479618223891514,-0.0478332231420345,-0.0479627248788272
1.01033333333333,-0.0482200316131341,-0.0479913795425028,-0.0478627144205905,-0.0479922281498147
1.01066666666667,-0.0482501760939351,-0.048021010381771,-0.0478922792328807,-0.0480218048649078
1.011,-0.0482803956384445,-0.0480507150753709,-0.0479219177470271,-0.0480514551922284
1.01133333333333,-0.04831069042073,-0.0480804937922393,-0.0479516301316826,-0.0480811793004381
1.01166666666667,-0.0483410606154211,-0.0481103467018632,-0.047981416556044,-0.0481109773587232
1.012,-0.0483715063977016,-0.0481402739742581,-0.0480112771898431,-0.0481408495368142
1.01233333333333,-0.0484020279433077,-0.0481702757799815,-0.0480412122033462,-0.0481707960049755
1.01266666666667,-0.0484326254285366,-0.0482003522901386,-0.0480712217673639,-0.0482008169340149
1.013,-0.0484632990302484,-0.0482305036763745,-0.0481013060532561,-0.0482309124952824
1.01333333333333,-0.0484940489258674,-0.0482607301108845,-0.0481314652329203,-0.0482610828606639
1.01366666666667,-0.048524875293378,-0.0482910317664025,-0.0481616994788024,-0.0482913282026023
1.014,-0.0485557783113375,-0.0483214088162234,-0.0481920089639052,-0.0483216486940831
1.01433333333333,-0.048586758158869,-0.0483518614341895,-0.0482223938617703,-0.048352044508638
1.01466666666667,-0.0486178150156648,-0.0483823897947002,-0.0482528543465061,-0.0483825158203589
1.015,-0.0486489490619988,-0.0484129940727053,-0.0482833905927615,-0.0484130628038843
1.01533333333333,-0.0486801604787118,-0.0484436744437158,-0.0483140027757553,-0.0484436856344114
1.01566666666667,-0.0487114494472244,-0.0484744310838054,-0.0483446910712587,-0.0484743844876921
1.016,-0.048742816149541,-0.0485052641696036,-0.0483754556556029,-0.0485051595400411
1.01633333333333,-0.0487742607682407,-0.0485361738783092,-0.04840629670569,-0.0485360109683372
1.01666666666667,-0.0488057834864893,-0.0485671603876855,-0.0484372143989763,-0.0485669389500135
1.017,-0.0488373844880421,-0.0485982238760626,-0.0484682089134912,-0.0485979436630742
1.01733333333333,-0.0488690639572381,-0.0486293645223417,-0.0484992804278395,-0.048629025286095
1.01766666666667,-0.0489008220790031,-0.0486605825059958,-0.0485304291211825,-0.048660183998217
1.018,-0.0489326590388648,-0.0486918780070717,-0.0485616551732643,-0.0486914199791511
1.01833333333333,-0.0489645750229362,-0.0487232512061922,-0.0485929587644054,-0.0487227334091831
1.01866666666667,-0.048996570217931,-0.0487547022845606,-0.0486243400754966,-0.0487541244691797
1.019,-0.049028644811156,-0.0487862314239555,-0.0486557992880123,-0.0487855933405763
1.01933333333333,-0.0490607989905307,-0.0488178388067427,-0.0486873365840123,-0.0488171402053951
1.01966666666667,-0.0490930329445664,-0.0488495246158719,-0.0487189521461317,-0.0488487652462373
1.02,-0.0491253468623806,-0.0488812890348764,-0.0487506461575947,-0.0488804686462922
1.02033333333333,-0.0491577409337059,-0.0489131322478832,-0.0487824188022164,-0.0489122505893255
1.02066666666667,-0.0491902153488725,-0.0489450544395999,-0.0488142702643955,-0.0489441112597021
1.021,-0.0492227702988342,-0.0489770557953423,-0.048846200729129,-0.0489760508423704
1.02133333333333,-0.0492554059751485,-0.0490091365010044,-0.0488782103820008,-0.0490080695228748
1.02166666666667,-0.0492881225699976,-0.0490412967430947,-0.0489102994092016,-0.0490401674873547
1.022,-0.049320920276176,-0.049073536708703,-0.0489424679975073,-0.0490723449225422
1.02233333333333,-0.0493537992871021,-0.049105856585536,-0.0489747163343017,-0.0491046020157672
1.02266666666667,-0.0493867597968164,-0.0491382565618978,-0.049007044607576,-0.0491369389549703
1.023,-0.0494198019999814,-0.049170736826695,-0.0490394530059129,-0.049169355928685
1.02333333333333,-0.0494529260918931,-0.0492032975694443,-0.0490719417185172,-0.049201853126053
1.02366666666667,-0.0494861322684738,-0.0492359389802767,-0.0491045109351899,-0.04923443073683
1.024,-0.0495194207262765,-0.0492686612499342,-0.0491371608463523,-0.0492670889513685
1.02433333333333,-0.0495527916624899,-0.0493014645697693,-0.0491698916430358,-0.0492998279606457
1.02466666666667,-0.0495862452749395,-0.0493343491317524,-0.0492027035168861,-0.0493326479562452
1.025,-0.0496197817620915,-0.049367315128479,-0.0492355966601687,-0.0493655491303737
1.02533333333333,-0.0496534013230478,-0.0494003627531566,-0.0492685712657722,-0.049398531675846
1.02566666666667,-0.0496871041575618,-0.0494334921996248,-0.0493016275272042,-0.049431595786109
1.026,-0.0497208904660248,-0.049466703662346,-0.0493347656385965,-0.0494647416552264
1.02633333333333,-0.0497547604494842,-0.0494999973364048,-0.0493679857947105,-0.0494979694778892
1.02666666666667,-0.0497887143096292,-0.0495333734175282,-0.0494012881909375,-0.0495312794494141
1.027,-0.0498227522488151,-0.0495668321020664,-0.0494346730232969,-0.0495646717657507
1.02733333333333,-0.0498568744700374,-0.0496003735870056,-0.0494681404884447,-0.0495981466234758
1.02766666666667,-0.0498910811769591,-0.0496339980699722,-0.0495016907836716,-0.0496317042198113
1.028,-0.0499253725739029,-0.0496677057492336,-0.0495353241069102,-0.0496653447526017
1.02833333333333,-0.0499597488658529,-0.049701496823696,-0.0495690406567297,-0.0496990684203426
1.02866666666667,-0.0499942102584574,-0.04973537149291,-0.0496028406323448,-0.0497328754221647
1.029,-0.0500287569580356,-0.049769329957076,-0.049636724233618,-0.0497667659578431
1.02933333333333,-0.0500633891715703,-0.0498033724170367,-0.0496706916610562,-0.0498007402278017
1.02966666666667,-0.0500981071067253,-0.0498374990742947,-0.049704743115818,-0.0498347984331108
1.03,-0.0501329109718332,-0.0498717101310006,-0.0497388787997114,-0.0498689407754914
1.03033333333333,-0.0501678009759071,-0.0499060057899639,-0.0497730989152067,-0.0499031674573219
1.03066666666667,-0.0502027773286407,-0.049940386254653,-0.0498074036654276,-0.0499374786816311
1.031,-0.0502378402404069,-0.0499748517291922,-0.0498417932541573,-0.0499718746521083
1.03133333333333,-0.0502729899222693,-0.0500094024183777,-0.0498762678858413,-0.0500063555731023
1.03166666666667,-0.0503082265859717,-0.050044038527666,-0.0499108277655923,-0.0500409216496259
1.032,-0.0503435504439574,-0.0500787602631802,-0.0499454730991843,-0.0500755730873564
1.03233333333333,-0.0503789617093517,-0.0501135678317219,-0.0499802040930722,-0.0501103100926413
1.03266666666667,-0.0504144605959863,-0.0501484614407586,-0.0500150209543695,-0.0501451328724964
1.033,-0.0504500473183841,-0.0501834412984344,-0.0500499238908745,-0.0501800416346056
1.03333333333333,-0.0504857220917655,-0.0502185076135785,-0.0500849131110595,-0.0502150365873417
1.03366666666667,-0.050521485132066,-0.0502536605956924,-0.0501199888240741,-0.050250117939737
1.034,-0.0505573366559164,-0.0502889004549652,-0.0501551512397517,-0.0502852859015224
1.03433333333333,-0.0505932768806566,-0.0503242274022694,-0.0501904005686145,-0.0503205406830962
1.03466666666667,-0.0506293060243441,-0.0503596416491707,-0.0502257370218648,-0.0503558824955493
1.035,-0.0506654243057438,-0.0503951434079195,-0.0502611608113987,-0.0503913115506637
1.03533333333333,-0.0507016319443389,-0.0504307328914642,-0.050296672149804,-0.0504268280609013
1.03566666666667,-0.0507379291603332,-0.0504664103134455,-0.0503322712503625,-0.0504624322394277
1.036,-0.0507743161746477,-0.0505021758882065,-0.0503679583270534,-0.0504981243000964
1.03633333333333,-0.0508107932089364,-0.0505380298307893,-0.0504037335945588,-0.0505339044574636
1.03666666666667,-0.0508473604855699,-0.0505739723569393,-0.0504395972682584,-0.0505697729267849
1.037,-0.0508840182276586,-0.0506100036831097,-0.0504755495642442,-0.0506057299240181
1.03733333333333,-0.0509207666590373,-0.050646124026464,-0.0505115906993093,-0.0506417756658252
1.03766666666667,-0.0509576060042809,-0.0506823336048725,-0.0505477208909578,-0.05067791036958
1.038,-0.050994536488702,-0.0507186326369257,-0.0505839403574124,-0.0507141342533686
1.03833333333333,-0.0510315583383526,-0.0507550213419249,-0.0506202493176055,-0.0507504475359868
1.03866666666667,-0.0510686717800293,-0.0507914999399001,-0.0506566479911923,-0.0507868504369466
1.039,-0.0511058770412767,-0.0508280686515924,-0.0506931365985488,-0.0508233431764846
1.03933333333333,-0.0511431743503834,-0.0508647276984785,-0.0507297153607683,-0.0508599259755516
1.03966666666667,-0.0511805639363967,-0.0509014773027518,-0.0507663844996817,-0.0508965990558318
1.04,-0.0512180460291126,-0.0509383176873477,-0.0508031442378399,-0.0509333626397276
1.04033333333333,-0.0512556208590919,-0.0509752490759267,-0.0508399947985285,-0.0509702169503756
1.04066666666667,-0.05129328865765,-0.0510122716928876,-0.0508769364057713,-0.0510071622116447
1.041,-0.0513310496568679,-0.0510493857633728,-0.050913969284324,-0.0510441986481407
1.04133333333333,-0.0513689040895962,-0.0510865915132535,-0.0509510936596886,-0.0510813264852037
1.04166666666667,-0.0514068521894482,-0.0511238891691591,-0.0509883097581029,-0.0511185459489168
1.042,-0.0514448941908173,-0.0511612789584603,-0.0510256178065565,-0.0511558572661088
1.04233333333333,-0.0514830303288656,-0.0511987611092755,-0.0510630180327823,-0.0511932606643527
1.04266666666667,-0.0515212608395318,-0.0512363358504791,-0.0511005106652744,-0.0512307563719696
1.043,-0.0515595859595453,-0.0512740034117002,-0.0511380959332672,-0.0512683446180359
1.04333333333333,-0.0515980059264124,-0.0513117640233236,-0.0511757740667675,-0.0513060256323812
1.04366666666667,-0.0516365209784224,-0.0513496179164989,-0.0512135452965252,-0.0513437996455861
1.044,-0.0516751313546667,-0.0513875653231373,-0.0512514098540683,-0.0513816668890091
1.04433333333333,-0.0517138372950229,-0.0514256064759184,-0.0512893679716829,-0.0514196275947513
1.04466666666667,-0.051752639040158,-0.0514637416082966,-0.0513274198824223,-0.0514576819956957
1.045,-0.0517915368315505,-0.0515019709544868,-0.0513655658201155,-0.0514958303254902
1.04533333333333,-0.0518305309114714,-0.0515402947494883,-0.051403806019362,-0.0515340728185493
1.04566666666667,-0.0518696215230044,-0.0515787132290778,-0.0514421407155463,-0.0515724097100698
1.046,-0.0519088089100303,-0.0516172266298153,-0.0514805701448229,-0.0516108412360202
1.04633333333333,-0.0519480933172583,-0.0516558351890421,-0.0515190945441351,-0.0516493676331608
1.04666666666667,-0.051987474990195,-0.051694539144885,-0.0515577141512118,-0.0516879891390191
1.047,-0.0520269541751744,-0.0517333387362679,-0.0515964292045708,-0.0517267059919222
1.04733333333333,-0.0520665311193454,-0.0517722342029038,-0.0516352399435253,-0.0517655184309857
1.04766666666667,-0.0521062060706873,-0.0518112257853019,-0.0516741466081719,-0.0518044266961115
1.048,-0.0521459792780004,-0.0518503137247715,-0.0517131494394225,-0.0518434310280074
1.04833333333333,-0.0521858509909192,-0.0518894982634289,-0.0517522486789788,-0.0518825316681667
1.04866666666667,-0.0522258214599099,-0.0519287796441893,-0.05179144456935,-0.0519217288588983
1.049,-0.0522658909362702,-0.051968158110778,-0.0518307373538486,-0.0519610228433084
1.04933333333333,-0.052306059672151,-0.0520076339077381,-0.0518701272766077,-0.052000413865311
1.04966666666667,-0.0523463279205298,-0.0520472072804196,-0.0519096145825604,-0.0520399021696324
1.05,-0.0523866959352394,-0.0520868784749932,-0.0519491995174685,-0.0520794880018171
1.05033333333333,-0.0524271639709656,-0.0521266477384544,-0.0519888823279075,-0.0521191716082191
1.05066666666667,-0.0524677322832368,-0.0521665153186194,-0.0520286632612759,-0.0521589532360169
1.051,-0.0525084011284443,-0.0522064814641302,-0.0520685425657974,-0.0521988331332183
1.05133333333333,-0.0525491707638375,-0.0522465464244639,-0.0521085204905296,-0.0522388115486465
1.05166666666667,-0.0525900414475252,-0.0522867104499278,-0.0521485972853595,-0.052278888731962
1.052,-0.0526310134384907,-0.0523269737916692,-0.0521887732010058,-0.0523190649336567
1.05233333333333,-0.0526720869965766,-0.052367336701672,-0.0522290484890305,-0.0523593404050602
1.05266666666667,-0.0527132623825006,-0.0524077994327657,-0.0522694234018398,-0.0523997153983328
1.053,-0.0527545398578626,-0.0524483622386259,-0.0523098981926796,-0.0524401901664957
1.05333333333333,-0.052795919685134,-0.0524890253737777,-0.052350473115647,-0.0524807649633959
1.05366666666667,-0.0528374021276775,-0.0525297890936002,-0.0523911484256902,-0.0525214400437388
1.054,-0.0528789874497318,-0.0525706536543308,-0.0524319243786118,-0.0525622156630885
1.05433333333333,-0.0529206759164321,-0.0526116193130602,-0.0524728012310754,-0.0526030920778501
1.05466666666667,-0.0529624677938091,-0.0526526863277491,-0.0525137792406007,-0.0526440695453003
1.055,-0.0530043633487823,-0.0526938549572202,-0.0525548586655777,-0.0526851483235711
1.05533333333333,-0.0530463628491786,-0.0527351254611682,-0.0525960397652649,-0.0527263286716647
1.05566666666667,-0.0530884665637213,-0.0527764981001609,-0.0526373227997863,-0.0527676108494481
1.056,-0.0531306747620511,-0.0528179731356399,-0.0526787080301493,-0.0528089951176597
1.05633333333333,-0.053172987714709,-0.0528595508299324,-0.0527201957182315,-0.0528504817379222
1.05666666666667,-0.0532154056931545,-0.052901231446238,-0.0527617861267953,-0.0528920709727278
1.057,-0.0532579289697681,-0.0529430152486555,-0.0528034795194915,-0.052933763085456
1.05733333333333,-0.0533005578178455,-0.0529849025021684,-0.052845276160855,-0.0529755583403675
1.05766666666667,-0.0533432925116137,-0.0530268934726503,-0.0528871763163151,-0.0530174570026185
1.058,-0.0533861333262236,-0.053068988426878,-0.0529291802521946,-0.0530594593382567
1.05833333333333,-0.0534290805377583,-0.0531111876325239,-0.0529712882357201,-0.0531015656142181
1.05866666666667,-0.0534721344232406,-0.053153491358166,-0.0530135005350116,-0.0531437760983514
1.059,-0.0535152952606305,-0.0531958998732887,-0.0530558174191054,-0.0531860910593984
1.05933333333333,-0.0535585633288327,-0.0532384134482936,-0.0530982391579392,-0.0532285107670091
1.05966666666667,-0.0536019389076957,-0.053281032354489,-0.0531407660223712,-0.0532710354917501
1.06,-0.05364542227802,-0.053323756864105,-0.0531833982841678,-0.0533136655050942
1.06033333333333,-0.0536890137215653,-0.0533665872502944,-0.0532261362160206,-0.0533564010794326
1.06066666666667,-0.0537327135210424,-0.053409523787129,-0.0532689800915433,-0.0533992424880817
1.061,-0.0537765219601257,-0.0534525667496194,-0.0533119301852827,-0.0534421900052763
1.06133333333333,-0.0538204393234607,-0.0534957164137028,-0.053354986772705,-0.0534852439061889
1.06166666666667,-0.0538644658966548,-0.0535389730562511,-0.0533981501302199,-0.0535284044669116
1.062,-0.0539086019662947,-0.0535823369550802,-0.0534414205351734,-0.0535716719644802
1.06233333333333,-0.0539528478199433,-0.053625808388947,-0.0534847982658543,-0.0536150466768658
1.06266666666667,-0.0539972037461382,-0.05366938763756,-0.0535282836014924,-0.0536585288829832
1.063,-0.0540416700344119,-0.0537130749815689,-0.0535718768222759,-0.0537021188626971
1.06333333333333,-0.0540862469752802,-0.0537568707025898,-0.0536155782093332,-0.0537458168968141
1.06366666666667,-0.0541309348602521,-0.0538007750831887,-0.0536593880447621,-0.0537896232671006
1.064,-0.0541757339818289,-0.0538447884068981,-0.0537033066116123,-0.0538335382562826
1.06433333333333,-0.0542206446335254,-0.0538889109582142,-0.0537473341939026,-0.0538775621480381
1.06466666666667,-0.0542656671098499,-0.0539331430226037,-0.0537914710766179,-0.0539216952270212
1.065,-0.0543108017063164,-0.0539774848865086,-0.0538357175457162,-0.053965937778848
1.06533333333333,-0.0543560487194658,-0.0540219368373496,-0.053880073888129,-0.054010290090108
1.06566666666667,-0.0544014084468428,-0.0540664991635178,-0.0539245403917683,-0.0540547524483699
1.066,-0.0544468811870178,-0.0541111721544081,-0.0539691173455322,-0.0540993251421754
1.06633333333333,-0.0544924672395851,-0.0541559561003852,-0.0540138050393031,-0.0541440084610657
1.06666666666667,-0.0545381669051675,-0.0542008512928199,-0.0540586037639567,-0.0541888026955512
1.067,-0.0545839804854204,-0.0542458580240749,-0.0541035138113589,-0.0542337081371477
1.06733333333333,-0.0546299082830396,-0.0542909765875123,-0.0541485354743853,-0.0542787250783618
1.06766666666667,-0.0546759506017558,-0.054336207277506,-0.0541936690469,-0.0543238538127
1.068,-0.0547221077463525,-0.0543815503894289,-0.0542389148237888,-0.0543690946346757
1.06833333333333,-0.0547683800226561,-0.054427006219673,-0.0542842731009365,-0.0544144478398047
1.06866666666667,-0.054814767737551,-0.054472575065647,-0.0543297441752498,-0.0544599137246184
1.069,-0.0548612711989751,-0.0545182572257784,-0.0543753283446542,-0.0545054925866623
1.06933333333333,-0.054907890715934,-0.0545640529995158,-0.0544210259080957,-0.0545511847245047
1.06966666666667,-0.0549546265984969,-0.0546099626873469,-0.0544668371655484,-0.0545969904377356
1.07,-0.055001479157803,-0.0546559865907836,-0.0545127624180187,-0.054642910026969
1.07033333333333,-0.0550484487060662,-0.0547021250123809,-0.054558801967545,-0.0546889437938573
1.07066666666667,-0.0550955355565809,-0.054748378255726,-0.0546049561172086,-0.0547350920410856
1.071,-0.0551427400237276,-0.0547947466254627,-0.0546512251711329,-0.0547813550723817
1.07133333333333,-0.0551900624229666,-0.0548412304272761,-0.0546976094344923,-0.0548277331925147
1.07166666666667,-0.0552375030708592,-0.0548878299679089,-0.0547441092135076,-0.0548742267073004
1.072,-0.0552850622850597,-0.0549345455551656,-0.0547907248154582,-0.0549208359236147
1.07233333333333,-0.055332740384327,-0.0549813774979027,-0.0548374565486854,-0.0549675611493852
1.07266666666667,-0.0553805376885179,-0.0550283261060501,-0.0548843047225927,-0.0550144026935994
1.073,-0.0554284545186062,-0.0550753916906114,-0.0549312696476569,-0.0550613608663134
1.07333333333333,-0.0554764911966777,-0.055122574563654,-0.0549783516354208,-0.055108435978653
1.07366666666667,-0.0555246480459392,-0.0551698750383356,-0.0550255509985102,-0.0551556283428156
1.074,-0.0555729253907142,-0.0552172934288941,-0.0550728680506279,-0.0552029382720774
1.07433333333333,-0.0556213235564672,-0.0552648300506555,-0.0551203031065704,-0.0552503660807967
1.07466666666667,-0.0556698428697793,-0.0553124852200324,-0.0551678564822162,-0.0552979120844226
1.075,-0.0557184836583864,-0.0553602592545443,-0.0552155284945485,-0.0553455765994901
1.07533333333333,-0.0557672462511498,-0.0554081524728023,-0.0552633194616373,-0.0553933599436292
1.07566666666667,-0.0558161309780886,-0.0554561651945323,-0.0553112297026653,-0.0554412624355766
1.076,-0.0558651381703643,-0.0555042977405628,-0.0553592595379196,-0.0554892843951684
1.07633333333333,-0.055914268160303,-0.0555525504328407,-0.055407409288802,-0.0555374261433508
1.07666666666667,-0.0559635212813876,-0.0556009235944304,-0.0554556792778287,-0.0555856880021842
1.077,-0.0560128978682681,-0.0556494175495209,-0.0555040698286413,-0.0556340702948438
1.07733333333333,-0.0560623982567552,-0.0556980326234256,-0.0555525812660048,-0.0556825733456293
1.07766666666667,-0.0561120227838472,-0.0557467691425959,-0.0556012139158156,-0.0557311974799665
1.078,-0.0561617717877132,-0.0557956274346167,-0.0556499681051022,-0.0557799430244158
1.07833333333333,-0.0562116456077125,-0.0558446078282179,-0.0556988441620383,-0.0558288103066678
1.07866666666667,-0.0562616445843902,-0.055893710653269,-0.0557478424159388,-0.0558777996555574
1.079,-0.056311769059484,-0.0559429362408008,-0.0557969631972666,-0.0559269114010647
1.07933333333333,-0.0563620193759326,-0.0559922849229937,-0.0558462068376406,-0.0559761458743187
1.07966666666667,-0.0564123958778823,-0.056041757033186,-0.0558955736698396,-0.0560255034076027
1.08,-0.0564628989106805,-0.0560913529058856,-0.0559450640277995,-0.0560749843343589
1.08033333333333,-0.0565135288208949,-0.0561410728767685,-0.0559946782466307,-0.0561245889891963
1.08066666666667,-0.0565642859563055,-0.0561909172826892,-0.0560444166626116,-0.056174317707886
1.081,-0.0566151706659229,-0.0562408864616732,-0.056094279613203,-0.0562241708273798
1.08133333333333,-0.0566661832999812,-0.0562909807529385,-0.0561442674370369,-0.0562741486858033
1.08166666666667,-0.0567173242099513,-0.0563412004968877,-0.0561943804739453,-0.0563242516224647
1.082,-0.0567685937485427,-0.056391546035117,-0.056244619064945,-0.0563744799778619
1.08233333333333,-0.0568199922697051,-0.0564420177104258,-0.0562949835522501,-0.0564248340936862
1.08266666666667,-0.0568715201286409,-0.0564926158668093,-0.0563454742792773,-0.0564753143128209
1.083,-0.0569231776818041,-0.0565433408494806,-0.0563960915906466,-0.0565259209793571
1.08333333333333,-0.0569749652869143,-0.0565941930048584,-0.0564468358321969,-0.0565766544385917
1.08366666666667,-0.0570268833029487,-0.0566451726805847,-0.0564977073509739,-0.0566275150370348
1.084,-0.0570789320901542,-0.0566962802255212,-0.0565487064952499,-0.056678503122406
1.08433333333333,-0.0571311120100569,-0.0567475159897631,-0.0565998336145246,-0.0567296190436595
1.08466666666667,-0.0571834234254613,-0.0567988803246326,-0.0566510890595257,-0.0567808631509653
1.085,-0.0572358667004593,-0.0568503735826985,-0.0567024731822167,-0.0568322357957321
1.08533333333333,-0.0572884422004271,-0.0569019961177639,-0.0567539863358072,-0.0568837373306028
1.08566666666667,-0.0573411502920431,-0.0569537482848877,-0.0568056288747504,-0.0569353681094651
1.086,-0.0573939913432895,-0.0570056304403785,-0.0568574011547495,-0.0569871284874497
1.08633333333333,-0.05744696572345,-0.0570576429418075,-0.0569093035327652,-0.0570390188209411
1.08666666666667,-0.057500073803122,-0.0571097861480087,-0.0569613363670212,-0.0570910394675885
1.087,-0.05755331595422,-0.0571620604190808,-0.0570135000170112,-0.0571431907862929
1.08733333333333,-0.0576066925499872,-0.0572144661164066,-0.057065794843495,-0.0571954731372281
1.08766666666667,-0.0576602039649897,-0.0572670036026429,-0.0571182212085164,-0.057247886881841
1.088,-0.0577138505751275,-0.0573196732417296,-0.0571707794753969,-0.0573004323828594
1.08833333333333,-0.0577676327576469,-0.0573724753989019,-0.0572234700087492,-0.0573531100042877
1.08866666666667,-0.0578215508911322,-0.0574254104406885,-0.0572762931744754,-0.0574059201114291
1.089,-0.0578756053555229,-0.0574784787349182,-0.0573292493397855,-0.0574588630708716
1.08933333333333,-0.0579297965321171,-0.0575316806507307,-0.057382338873183,-0.0575119392505085
1.08966666666667,-0.0579841248035714,-0.0575850165585704,-0.0574355621444881,-0.0575651490195369
1.09,-0.0580385905539126,-0.057638486830208,-0.0574889195248334,-0.0576184927484634
1.09033333333333,-0.0580931941685389,-0.0576920918387286,-0.0575424113866711,-0.0576719708091096
1.09066666666667,-0.0581479360342316,-0.0577458319585512,-0.0575960381037835,-0.0577255835746211
1.091,-0.0582028165391552,-0.0577997075654273,-0.0576498000512777,-0.0577793314194721
1.09133333333333,-0.0582578360728644,-0.0578537190364466,-0.0577036976056063,-0.0578332147194565
1.09166666666667,-0.0583129950263166,-0.0579078667500451,-0.0577577311445551,-0.057887233851725
1.092,-0.0583682937918606,-0.0579621510860097,-0.0578119010472669,-0.0579413891947588
1.09233333333333,-0.0584237327632666,-0.0580165724254827,-0.0578662076942325,-0.0579956811283857
1.09266666666667,-0.0584793123357119,-0.0580711311509671,-0.057920651467303,-0.0580501100338016
1.093,-0.0585350329057974,-0.0581258276463351,-0.057975232749697,-0.0581046762935506
1.09333333333333,-0.0585908948715488,-0.0581806622968335,-0.0580299519260015,-0.058159380291547
1.09366666666667,-0.0586468986324274,-0.0582356354890842,-0.0580848093821835,-0.0582142224130736
1.094,-0.058703044589325,-0.0582907476110965,-0.0581398055055828,-0.0582692030447954
1.09433333333333,-0.0587593331445909,-0.0583459990522708,-0.0581949406849428,-0.0583243225747607
1.09466666666667,-0.0588157647020157,-0.0584013902034017,-0.0582502153103853,-0.0583795813923985
1.095,-0.0588723396668446,-0.0584569214566877,-0.058305629773441,-0.0584349798885414
1.09533333333333,-0.0589290584457959,-0.0585125932057374,-0.0583611844670446,-0.0584905184554165
1.09566666666667,-0.058985921447053,-0.0585684058455634,-0.0584168797855399,-0.0585461974866606
1.096,-0.0590429290802697,-0.0586243597726128,-0.0584727161246902,-0.0586020173773227
1.09633333333333,-0.0591000817565897,-0.0586804553847469,-0.0585286938816759,-0.0586579785238677
1.09666666666667,-0.0591573798886358,-0.0587366930812713,-0.0585848134551227,-0.0587140813241833
1.097,-0.0592148238905326,-0.0587930732629108,-0.0586410752450733,-0.058770326177594
1.09733333333333,-0.0592724141779037,-0.0588495963318513,-0.0586974796530218,-0.0588267134848519
1.09766666666667,-0.0593301511678765,-0.0589062626917204,-0.0587540270819078,-0.0588832436481589
1.098,-0.059388035279096,-0.0589630727476061,-0.0588107179361216,-0.0589399170711613
1.09833333333333,-0.0594460669317211,-0.0590200269060548,-0.0588675526215184,-0.0589967341589552
1.09866666666667,-0.059504246547445,-0.0590771255750823,-0.0589245315454151,-0.0590536953181068
1.099,-0.0595625745494858,-0.0591343691641826,-0.0589816551166006,-0.05911080095664
1.09933333333333,-0.0596210513626086,-0.0591917580843239,-0.059038923745346,-0.0591680514840569
1.09966666666667,-0.0596796774131164,-0.0592492927479674,-0.0590963378434008,-0.0592254473113346
1.1,-0.0597384531288721,-0.0593069735690655,-0.0591538978240091,-0.0592829888509418
1.10033333333333,-0.059797378939294,-0.0593648009630706,-0.0592116041019141,-0.059340676516827
1.10066666666667,-0.0598564552753657,-0.0594227753469427,-0.0592694570933581,-0.0593985107244529
1.101,-0.0599156825696428,-0.0594808971391512,-0.0593274572160941,-0.0594564918907692
1.10133333333333,-0.0599750612562649,-0.0595391667596858,-0.0593856048893918,-0.0595146204342473
1.10166666666667,-0.0600345917709517,-0.0595975846300632,-0.0594439005340417,-0.0595728967748757
1.102,-0.0600942745510208,-0.0596561511733295,-0.0595023445723727,-0.0596313213341575
1.10233333333333,-0.0601541100353825,-0.0597148668140726,-0.0595609374282327,-0.0596898945351337
1.10266666666667,-0.060214098664563,-0.0597737319784207,-0.0596196795270286,-0.0597486168023749
1.103,-0.0602742408806923,-0.0598327470940568,-0.0596785712957022,-0.059807488562005
1.10333333333333,-0.0603345371275258,-0.0598919125902199,-0.0597376131627593,-0.0598665102416858
1.10366666666667,-0.0603949878504504,-0.0599512288977155,-0.059796805558265,-0.0599256822706393
1.104,-0.060455593496476,-0.0600106964489233,-0.059856148913852,-0.059985005079655
1.10433333333333,-0.0605163545142633,-0.060070315677794,-0.0599156436627296,-0.0600444791010855
1.10466666666667,-0.0605772713541208,-0.0601300870198688,-0.0599752902396897,-0.0601041047688629
1.105,-0.060638344468005,-0.0601900109122766,-0.0600350890811108,-0.0601638825184964
1.10533333333333,-0.0606995743095399,-0.0602500877937504,-0.0600950406249657,-0.0602238127870912
1.10566666666667,-0.0607609613340233,-0.060310318104624,-0.0601551453108367,-0.0602838960133476
1.106,-0.0608225059984254,-0.0603707022868441,-0.0602154035799074,-0.060344132637564
1.10633333333333,-0.0608842087614011,-0.0604312407839792,-0.0602758158749816,-0.0604045231016545
1.10666666666667,-0.0609460700832955,-0.0604919340412194,-0.0603363826404851,-0.0604650678491501
1.107,-0.0610080904261564,-0.0605527825053906,-0.0603971043224734,-0.0605257673251986
1.10733333333333,-0.0610702702537326,-0.0606137866249571,-0.0604579813686393,-0.0605866219765894
1.10766666666667,-0.0611326100314953,-0.0606749468500356,-0.060519014228323,-0.0606476322517387
1.108,-0.0611951102266247,-0.0607362636323904,-0.0605802033525093,-0.0607087986007131
1.10833333333333,-0.0612577713080412,-0.0607977374254501,-0.0606415491938484,-0.0607701214752317
1.10866666666667,-0.0613205937463921,-0.0608593686843106,-0.0607030522066475,-0.0608316013286712
1.109,-0.0613835780140779,-0.0609211578657488,-0.0607647128468951,-0.0608932386160744
1.10933333333333,-0.0614467245852376,-0.0609831054282162,-0.0608265315722569,-0.0609550337941557
1.10966666666667,-0.0615100339357823,-0.0610452118318579,-0.0608885088420816,-0.0610169873213134
1.11,-0.0615735065433807,-0.0611074775385231,-0.0609506451174177,-0.061079099657632
1.11033333333333,-0.0616371428874763,-0.0611699030117532,-0.0610129408610091,-0.0611413712648913
1.11066666666667,-0.0617009434493028,-0.0612324887168113,-0.0610753965373149,-0.0612038026065729
1.111,-0.0617649087118759,-0.0612952351206792,-0.0611380126125085,-0.0612663941478656
1.11133333333333,-0.0618290391600075,-0.0613581426920616,-0.0612007895544867,-0.0613291463556816
1.11166666666667,-0.0618933352803191,-0.0614212119014018,-0.0612637278328791,-0.0613920596986514
1.112,-0.061957797561247,-0.0614844432208835,-0.0613268279190518,-0.061455134647142
1.11233333333333,-0.0620224264930453,-0.0615478371244392,-0.0613900902861193,-0.061518371673257
1.11266666666667,-0.0620872225677969,-0.0616113940877636,-0.0614535154089477,-0.0615817712508488
1.113,-0.0621521862794231,-0.0616751145883082,-0.0615171037641713,-0.0616453338555252
1.11333333333333,-0.0622173181236939,-0.0617389991053023,-0.0615808558301848,-0.0617090599646515
1.11366666666667,-0.0622826185982286,-0.0618030481197586,-0.0616447720871642,-0.0617729500573704
1.114,-0.0623480882025079,-0.0618672621144722,-0.0617088530170734,-0.0618370046145978
1.11433333333333,-0.062413727437884,-0.061931641574035,-0.0617730991036605,-0.0619012241190312
1.11466666666667,-0.062479536807588,-0.0619961869848423,-0.0618375108324846,-0.0619656090551717
1.115,-0.0625455168167375,-0.0620608988351069,-0.0619020886909039,-0.0620301599093121
1.11533333333333,-0.0626116679723381,-0.0621257776148567,-0.0619668331680952,-0.062094877169558
1.11566666666667,-0.0626779907833093,-0.0621908238159437,-0.0620317447550672,-0.0621597613258308
1.116,-0.0627444857604737,-0.0622560379320621,-0.0620968239446512,-0.0622248128698772
1.11633333333333,-0.0628111534165758,-0.0623214204587453,-0.0621620712315176,-0.0622900322952755
1.11666666666667,-0.0628779942662889,-0.0623869718933809,-0.0622274871121938,-0.0623554200974447
1.117,-0.0629450088262258,-0.0624526927352134,-0.0622930720850562,-0.0624209767736557
1.11733333333333,-0.0630121976149364,-0.0625185834853586,-0.0623588266503475,-0.0624867028230328
1.11766666666667,-0.0630795611529379,-0.0625846446468048,-0.0624247513101893,-0.0625525987465681
1.118,-0.0631470999626971,-0.0626508767244284,-0.0624908465685676,-0.0626186650471251
1.11833333333333,-0.0632148145686594,-0.0627172802249982,-0.0625571129313793,-0.0626849022294447
1.11866666666667,-0.0632827054972494,-0.0627838556571794,-0.0626235509064006,-0.0627513108001651
1.119,-0.0633507732768781,-0.06285060353155,-0.0626901610033242,-0.0628178912678189
1.11933333333333,-0.0634190184379587,-0.0629175243606074,-0.0627569437337519,-0.0628846441428459
1.11966666666667,-0.0634874415129068,-0.0629846186587774,-0.0628238996112087,-0.062951569937598
1.12,-0.0635560430361558,-0.0630518869424095,-0.0628910291511531,-0.0630186691663542
1.12033333333333,-0.0636248235441615,-0.0631193297298095,-0.0629583328709837,-0.0630859423453225
1.12066666666667,-0.0636937835754192,-0.0631869475412242,-0.0630258112900409,-0.0631533899926518
1.121,-0.0637629236704624,-0.0632547408988729,-0.0630934649296315,-0.0632210126284391
1.12133333333333,-0.0638322443718706,-0.0633227103269348,-0.0631612943130201,-0.0632888107747418
1.12166666666667,-0.0639017462242995,-0.0633908563515676,-0.0632292999654479,-0.0633567849555794
1.122,-0.0639714297744611,-0.0634591795009204,-0.0632974824141414,-0.063424935696948
1.12233333333333,-0.0640412955711517,-0.0635276803051377,-0.0633658421883147,-0.063493263526827
1.12266666666667,-0.0641113441652592,-0.0635963592963606,-0.0634343798191889,-0.0635617689751916
1.123,-0.0641815761097689,-0.0636652170087563,-0.0635030958399847,-0.0636304525740096
1.12333333333333,-0.0642519919597676,-0.0637342539785022,-0.0635719907859518,-0.0636993148572648
1.12366666666667,-0.0643225922724654,-0.0638034707438159,-0.0636410651943621,-0.0637683563609645
1.124,-0.0643933776071978,-0.0638728678449501,-0.0637103196045216,-0.0638375776231315
1.12433333333333,-0.0644643485254343,-0.0639424458242067,-0.0637797545577892,-0.0639069791838383
1.12466666666667,-0.0645355055907946,-0.0640122052259493,-0.0638493705975706,-0.0639765615851939
1.125,-0.0646068493690475,-0.0640821465966122,-0.0639191682693376,-0.0640463253713682
1.12533333333333,-0.0646783804281318,-0.064152270484698,-0.0639891481206416,-0.0641162710885912
1.12566666666667,-0.0647500993381621,-0.0642225774408008,-0.0640593107011077,-0.0641863992851715
1.126,-0.064822006671432,-0.0642930680176122,-0.0641296565624529,-0.0642567105114968
1.12633333333333,-0.0648941030024318,-0.0643637427699228,-0.0642001862585043,-0.0643272053200505
1.12666666666667,-0.0649663889078624,-0.0644346022546491,-0.0642709003451909,-0.064397884265408
1.127,-0.0650388649666286,-0.064505647030812,-0.0643417993805619,-0.0644687479042648
1.12733333333333,-0.0651115317598687,-0.0645768776595888,-0.0644128839248009,-0.0645397967954383
1.12766666666667,-0.0651843898709522,-0.0646482947042828,-0.064484154540224,-0.0646110314998683
1.128,-0.0652574398854925,-0.0647198987303604,-0.0645556117913014,-0.0646824525806382
1.12833333333333,-0.0653306823913561,-0.0647916903054419,-0.0646272562446621,-0.0647540606029765
1.12866666666667,-0.0654041179786788,-0.0648636699993262,-0.0646990884690947,-0.0648258561342762
1.129,-0.0654777472398707,-0.064935838383992,-0.0647711090355766,-0.0648978397440945
1.12933333333333,-0.065551570769627,-0.065008196033605,-0.0648433185172632,-0.0649700120041676
1.12966666666667,-0.0656255891649371,-0.0650807435245446,-0.0649157174895118,-0.0650423734884172
1.13,-0.0656998030250994,-0.0651534814353905,-0.0649883065298863,-0.0651149247729715
1.13033333333333,-0.065774212951732,-0.0652264103469479,-0.0650610862181726,-0.0651876664361541
1.13066666666667,-0.0658488195487684,-0.0652995308422529,-0.0651340571363731,-0.0652605990585152
1.131,-0.0659236234224984,-0.0653728435065849,-0.0652072198687369,-0.0653337232228241
1.13133333333333,-0.0659986251815489,-0.0654463489274713,-0.0652805750017539,-0.0654070395141015
1.13166666666667,-0.0660738254369064,-0.0655200476947097,-0.0653541231241769,-0.0654805485196012
1.132,-0.0661492248019329,-0.0655939404003584,-0.0654278648270265,-0.0655542508288434
1.13233333333333,-0.0662248238923701,-0.0656680276387689,-0.0655018007035975,-0.0656281470336129
1.13266666666667,-0.0663006233263463,-0.0657423100065762,-0.0655759313494752,-0.065702237727976
1.133,-0.0663766237244057,-0.0658167881027311,-0.0656502573625419,-0.0657765235082844
1.13333333333333,-0.0664528257094916,-0.0658914625284823,-0.0657247793429949,-0.0658510049731932
1.13366666666667,-0.066529229906986,-0.0659663338874198,-0.065799497893345,-0.0659256827236599
1.134,-0.0666058369446954,-0.0660414027854535,-0.0658744136184366,-0.0660005573629701
1.13433333333333,-0.0666826474528815,-0.0661166698308486,-0.0659495271254513,-0.0660756294967384
1.13466666666667,-0.0667596620642638,-0.0661921356342245,-0.0660248390239303,-0.0661508997329131
1.135,-0.0668368814140301,-0.0662678008085645,-0.066100349925769,-0.0662263686818078
1.13533333333333,-0.0669143061398511,-0.0663436659692326,-0.0661760604452411,-0.0663020369560826
1.13566666666667,-0.0669919368818913,-0.0664197317339805,-0.0662519711990014,-0.0663779051707844
1.136,-0.0670697742828192,-0.0664959987229617,-0.0663280828060972,-0.0664539739433378
1.13633333333333,-0.067147818987813,-0.066572467558738,-0.0664043958879929,-0.0665302438935662
1.13666666666667,-0.0672260716445904,-0.0666491388662951,-0.066480911068555,-0.0666067156436949
1.137,-0.0673045329033982,-0.0667260132730449,-0.0665576289740892,-0.0666833898183687
1.13733333333333,-0.0673832034170422,-0.0668030914088519,-0.0666345502333324,-0.066760267044661
1.13766666666667,-0.0674620838408823,-0.0668803739060307,-0.0667116754774779,-0.0668373479520837
1.138,-0.0675411748328625,-0.0669578613993663,-0.0667890053401774,-0.0669146331725955
1.13833333333333,-0.06762047705351,-0.067035554526114,-0.0668665404575573,-0.066992123340626
1.13866666666667,-0.0676999911659459,-0.067113453926029,-0.0669442814682257,-0.0670698190930664
1.139,-0.0677797178359072,-0.067191560241357,-0.0670222290132862,-0.0671477210693061
1.13933333333333,-0.067859657731756,-0.0672698741168622,-0.0671003837363528,-0.0672258299112119
1.13966666666667,-0.0679398115244818,-0.0673483961998301,-0.0671787462835561,-0.0673041462631764
1.14,-0.06802017988773,-0.0674271271400791,-0.0672573173035585,-0.0673826707720978
1.14033333333333,-0.0681007634977993,-0.0675060675899823,-0.0673360974475625,-0.0674614040874118
1.14066666666667,-0.0681815630336648,-0.0675852182044655,-0.0674150873693242,-0.0675403468610943
1.141,-0.0682625791769851,-0.0676645796410265,-0.0674942877251652,-0.0676194997476713
1.14133333333333,-0.0683438126121113,-0.0677441525597426,-0.0675736991739898,-0.0676988634042432
1.14166666666667,-0.0684252640261134,-0.0678239376232944,-0.0676533223772838,-0.0677784384904797
1.142,-0.068506934108775,-0.0679039354969597,-0.0677331579991358,-0.0678582256686408
1.14233333333333,-0.0685888235526214,-0.0679841468486382,-0.0678132067062562,-0.0679382256035924
1.14266666666667,-0.0686709330529226,-0.0680645723488679,-0.0678934691679693,-0.068018438962811
1.143,-0.0687532633077071,-0.0681452126708149,-0.0679739460562424,-0.0680988664163975
1.14333333333333,-0.0688358150177818,-0.0682260684903119,-0.0680546380456991,-0.0681795086370914
1.14366666666667,-0.0689185888867401,-0.0683071404858589,-0.0681355458136113,-0.0682603663002837
1.144,-0.0690015856209708,-0.0683884293386305,-0.0682166700399368,-0.0683414400840247
1.14433333333333,-0.0690848059296819,-0.0684699357324941,-0.0682980114073176,-0.068422730669044
1.14466666666667,-0.0691682505248998,-0.0685516603540301,-0.0683795706010946,-0.0685042387387514
1.145,-0.0692519201215019,-0.0686336038925309,-0.0684613483093189,-0.068585964979264
1.14533333333333,-0.0693358154372079,-0.0687157670400161,-0.0685433452227721,-0.0686679100794051
1.14566666666667,-0.0694199371926067,-0.0687981504912551,-0.0686255620349698,-0.0687500747307259
1.146,-0.0695042861111708,-0.0688807549437689,-0.0687079994421766,-0.0688324596275148
1.14633333333333,-0.0695888629192613,-0.0689635810978543,-0.0687906581434253,-0.0689150654668092
1.14666666666667,-0.0696736683461517,-0.0690466296565802,-0.0688735388405179,-0.0689978929484092
1.147,-0.0697587031240336,-0.0691299013258149,-0.0689566422380536,-0.069080942774895
1.14733333333333,-0.0698439679880333,-0.0692133968142381,-0.0690399690434274,-0.0691642156516334
1.14766666666667,-0.0699294636762232,-0.0692971168333463,-0.0691235199668575,-0.0692477122867893
1.148,-0.0700151909296429,-0.0693810620974736,-0.0692072957213789,-0.0693314333913499
1.14833333333333,-0.0701011504923101,-0.0694652333237964,-0.0692912970228817,-0.0694153796791273
1.14866666666667,-0.0701873431112278,-0.0695496312323613,-0.0693755245901005,-0.0694995518667753
1.149,-0.0702737695364059,-0.0696342565460816,-0.0694599791446471,-0.0695839506738009
1.14933333333333,-0.0703604305208755,-0.0697191099907636,-0.0695446614110114,-0.0696685768225878
1.14966666666667,-0.0704473268207013,-0.0698041922951121,-0.0696295721165796,-0.0697534310383941
1.15,-0.0705344591949905,-0.0698895041907499,-0.06971471199165,-0.0698385140493705
1.15033333333333,-0.0706218284059224,-0.0699750464122298,-0.0698000817694352,-0.0699238265865887
1.15066666666667,-0.0707094352187469,-0.0700608196970461,-0.0698856821861003,-0.0700093693840329
1.151,-0.070797280401806,-0.0701468247856506,-0.0699715139807487,-0.0700951431786295
1.15133333333333,-0.070885364726554,-0.0702330624214646,-0.0700575778954527,-0.0701811487102542
1.15166666666667,-0.0709736889675613,-0.070319533350899,-0.0701438746752653,-0.0702673867217446
1.152,-0.0710622539025346,-0.0704062383233596,-0.0702304050682326,-0.0703538579589197
1.15233333333333,-0.0711510603123374,-0.0704931780912692,-0.0703171698254061,-0.0704405631705923
1.15266666666667,-0.0712401089809936,-0.0705803534100753,-0.0704041697008564,-0.0705275031085832
1.153,-0.0713294006957129,-0.0706677650382682,-0.0704914054516964,-0.0706146785277264
1.15333333333333,-0.0714189362469018,-0.0707554137374006,-0.070578877838087,-0.0707020901858977
1.15366666666667,-0.0715087164281761,-0.0708433002720874,-0.0706665876232523,-0.0707897388440276
1.154,-0.0715987420363841,-0.0709314254100346,-0.0707545355734951,-0.0708776252660996
1.15433333333333,-0.0716890138716152,-0.071019789922052,-0.0708427224582159,-0.070965750219183
1.15466666666667,-0.0717795327372144,-0.0711083945820549,-0.0709311490499233,-0.0710541144734407
1.155,-0.0718702994398067,-0.071197240167099,-0.0710198161242463,-0.0711427188021452
1.15533333333333,-0.0719613147893083,-0.0712863274573815,-0.0711087244599576,-0.0712315639816842
1.15566666666667,-0.0720525795989358,-0.0713756572362599,-0.0711978748389828,-0.0713206507915953
1.156,-0.0721440946852347,-0.0714652302902652,-0.0712872680464082,-0.0714099800145552
1.15633333333333,-0.0722358608680837,-0.0715550474091197,-0.0713769048705178,-0.0714995524364246
1.15666666666667,-0.0723278789707158,-0.0716451093857576,-0.0714667861027823,-0.0715893688462372
1.157,-0.0724201498197414,-0.0717354170163229,-0.0715569125378942,-0.071679430036225
1.15733333333333,-0.0725126742451486,-0.0718259711002092,-0.0716472849737712,-0.0717697368018382
1.15766666666667,-0.0726054530803399,-0.0719167724400528,-0.0717379042115841,-0.0718602899417526
1.158,-0.0726984871621272,-0.0720078218417607,-0.0718287710557538,-0.0719510902578913
1.15833333333333,-0.0727917773307648,-0.0720991201145252,-0.0719198863139851,-0.0720421385554384
1.15866666666667,-0.0728853244299593,-0.0721906680708355,-0.0720112507972767,-0.0721334356428498
1.159,-0.0729791293068859,-0.0722824665265,-0.0721028653199313,-0.0722249823318752
1.15933333333333,-0.0730731928122097,-0.0723745163006547,-0.0721947306995773,-0.0723167794375746
1.15966666666667,-0.0731675158000994,-0.072466818215784,-0.0722868477571834,-0.0724088277783262
1.16,-0.0732620991282416,-0.0725593730977369,-0.0723792173170736,-0.0725011281758504
1.16033333333333,-0.0733569436578626,-0.0726521817757403,-0.07247184020695,-0.0725936814552265
1.16066666666667,-0.0734520502537455,-0.07274524508242,-0.0725647172578933,-0.072686488444901
1.161,-0.0735474197842436,-0.0728385638538155,-0.0726578493044029,-0.0727795499767055
1.16133333333333,-0.0736430531213026,-0.0729321389293853,-0.0727512371843871,-0.0728728668858843
1.16166666666667,-0.073738951140479,-0.0730259711520485,-0.0728448817392017,-0.072966440011096
1.162,-0.0738351147209505,-0.0731200613681739,-0.0729387838136529,-0.073060270194441
1.16233333333333,-0.073931544745534,-0.0732144104276209,-0.07303294425602,-0.0731543582814706
1.16266666666667,-0.0740282421007173,-0.0733090191837358,-0.0731273639180715,-0.0732487051212061
1.163,-0.0741252076766623,-0.0734038884933804,-0.0732220436550825,-0.0733433115661596
1.16333333333333,-0.074222442367225,-0.0734990192169531,-0.0733169843258478,-0.0734381784723489
1.16366666666667,-0.0743199470699822,-0.073594412218391,-0.0734121867927054,-0.073533306699306
1.164,-0.0744177226862466,-0.0736900683651977,-0.073507651921545,-0.0736286971101103
1.16433333333333,-0.0745157701210704,-0.0737859885284663,-0.0736033805818426,-0.0737243505713931
1.16466666666667,-0.074614090283291,-0.0738821735828834,-0.0736993736466498,-0.0738202679533566
1.165,-0.0747126840855253,-0.0739786244067493,-0.0737956319926386,-0.0739164501298005
1.16533333333333,-0.074811552444201,-0.0740753418820076,-0.073892156500111,-0.0740128979781205
1.16566666666667,-0.0749106962795745,-0.0741723268942514,-0.0739889480529999,-0.0741096123793566
1.166,-0.0750101165157462,-0.0742695803327423,-0.0740860075389162,-0.0742065942181749
1.16633333333333,-0.0751098140806766,-0.0743671030904322,-0.0741833358491422,-0.0743038443829119
1.16666666666667,-0.0752097899062178,-0.0744648960639758,-0.0742809338786576,-0.0744013637655808
1.167,-0.075310044928118,-0.0745629601537646,-0.0743788025261674,-0.0744991532618886
1.16733333333333,-0.075410580086052,-0.07466129626392,-0.0744769426941037,-0.0745972137712685
1.16766666666667,-0.0755113963236337,-0.0747599053023286,-0.0745753552886571,-0.0746955461968759
1.168,-0.0756124945884369,-0.0748587881806623,-0.0746740412197892,-0.0747941514456223
1.16833333333333,-0.0757138758320269,-0.0749579458143855,-0.0747730014012482,-0.0748930304281891
1.16866666666667,-0.0758155410099553,-0.0750573791227838,-0.0748722367505942,-0.074992184059048
1.169,-0.0759174910817994,-0.0751570890289773,-0.0749717481892148,-0.0750916132564806
1.16933333333333,-0.0760197270111842,-0.0752570764599413,-0.0750715366423476,-0.0751913189425849
1.16966666666667,-0.0761222497657857,-0.0753573423465274,-0.0751716030390885,-0.0752913020433164
1.17,-0.0762250603173649,-0.0754578876234788,-0.0752719483124257,-0.0753915634884862
1.17033333333333,-0.0763281596417884,-0.0755587132294497,-0.0753725733992485,-0.075492104211791
1.17066666666667,-0.0764315487190389,-0.0756598201070318,-0.0754734792403685,-0.0755929251508311
1.171,-0.0765352285332399,-0.0757612092027581,-0.0755746667805413,-0.0756940272471224
1.17133333333333,-0.0766392000726908,-0.0758628814671479,-0.0756761369684831,-0.075795411446137
1.17166666666667,-0.076743464329859,-0.0759648378546968,-0.0757778907568958,-0.0758970786972889
1.172,-0.0768480223014268,-0.0760670793239206,-0.0758799291024808,-0.0759990299539817
1.17233333333333,-0.0769528749883013,-0.076169606837358,-0.0759822529659598,-0.0761012661736194
1.17266666666667,-0.0770580233956396,-0.0762724213616082,-0.0760848633120985,-0.0762037883176215
1.173,-0.07716346853286,-0.0763755238673275,-0.0761877611097259,-0.0763065973514542
1.17333333333333,-0.0772692114136746,-0.076478915329279,-0.0762909473317454,-0.0764096942446354
1.17366666666667,-0.0773752530561154,-0.0765825967263255,-0.0763944229551712,-0.0765130799707664
1.174,-0.0774815944825308,-0.076686569041468,-0.0764981889611363,-0.0766167555075502
1.17433333333333,-0.0775882367196439,-0.0767908332618542,-0.0766022463349185,-0.0767207218368085
1.17466666666667,-0.077695180798542,-0.0768953903788097,-0.0767065960659562,-0.0768249799445034
1.175,-0.0778024277547206,-0.0770002413878569,-0.0768112391478798,-0.0769295308207659
1.17533333333333,-0.0779099786280843,-0.0771053872887276,-0.0769161765785184,-0.0770343754598967
1.17566666666667,-0.0780178344629998,-0.0772108290853929,-0.07702140935993,-0.0771395148604108
1.176,-0.0781259963082851,-0.0773165677860815,-0.0771269384984251,-0.0772449500250445
1.17633333333333,-0.0782344652172553,-0.0774226044033015,-0.0772327650045738,-0.0773506819607774
1.17666666666667,-0.0783432422477321,-0.0775289399538616,-0.0773388898932491,-0.0774567116788628
1.177,-0.0784523284620829,-0.0776355754588853,-0.0774453141836289,-0.0775630401948381
1.17733333333333,-0.0785617249272172,-0.0777425119438551,-0.0775520388992234,-0.0776696685285445
1.17766666666667,-0.0786714327146402,-0.0778497504386045,-0.077659065067904,-0.0777765977041668
1.178,-0.078781452900455,-0.0779572919773656,-0.0777663937219197,-0.0778838287502356
1.17833333333333,-0.078891786565391,-0.0780651375987711,-0.0778740258979164,-0.0779913626996597
1.17866666666667,-0.0790024347948322,-0.0781732883458895,-0.0779819626369611,-0.0780992005897379
1.179,-0.0791133986788351,-0.0782817452662499,-0.0780902049845704,-0.0782073434622015
1.17933333333333,-0.0792246793121607,-0.0783905094118491,-0.078198753990722,-0.0783157923632121
1.17966666666667,-0.0793362777942859,-0.0784995818391861,-0.0783076107098857,-0.0784245483434005
1.18,-0.0794481952294403,-0.0786089636092912,-0.0784167762010443,-0.0785336124578832
1.18033333333333,-0.0795604327266193,-0.0787186557877221,-0.0785262515277142,-0.0786429857662871
1.18066666666667,-0.0796729913996228,-0.0788286594446232,-0.0786360377579707,-0.0787526693327692
1.181,-0.079785872367065,-0.0789389756547198,-0.078746135964468,-0.0788626642260427
1.18133333333333,-0.0798990767524011,-0.0790496054973534,-0.0788565472244698,-0.078972971519397
1.18166666666667,-0.080012605683967,-0.0791605500565065,-0.0789672726198593,-0.079083592290726
1.182,-0.080126460294987,-0.0792718104208228,-0.0790783132371781,-0.0791945276225457
1.18233333333333,-0.0802406417236053,-0.0793833876836331,-0.0791896701676393,-0.0793057786020228
1.18266666666667,-0.0803551511129146,-0.0794952829429744,-0.0793013445071587,-0.0794173463209952
1.183,-0.0804699896109778,-0.0796074973016201,-0.0794133373563675,-0.0795292318759935
1.18333333333333,-0.0805851583708531,-0.0797200318671,-0.0795256498206519,-0.0796414363682689
1.18366666666667,-0.0807006585506232,-0.0798328877517214,-0.0796382830101625,-0.07975396090382
1.184,-0.0808164913134146,-0.0799460660726077,-0.0797512380398502,-0.0798668065934066
1.18433333333333,-0.0809326578274332,-0.0800595679517082,-0.0798645160294792,-0.0799799745525848
1.18466666666667,-0.0810491592659845,-0.0801733945158278,-0.0799781181036673,-0.0800934659017316
1.185,-0.0811659968075001,-0.0802875468966519,-0.0800920453918947,-0.0802072817660504
1.18533333333333,-0.0812831716355643,-0.0804020262307738,-0.0802062990285402,-0.0803214232756269
1.18566666666667,-0.0814006849389434,-0.0805168336597156,-0.0803208801529001,-0.0804358915654274
1.186,-0.0815185379116088,-0.0806319703299574,-0.0804357899092109,-0.080550687775337
1.18633333333333,-0.0816367317527731,-0.0807474373929612,-0.0805510294466915,-0.0806658130501852
1.18666666666667,-0.0817552676668935,-0.0808632360051921,-0.0806665999195428,-0.0807812685397608
1.187,-0.0818741468637378,-0.0809793673281562,-0.0807825024869947,-0.0808970553988509
1.18733333333333,-0.081993370558376,-0.0810958325284084,-0.0808987383133223,-0.0810131747872551
1.18766666666667,-0.0821129399712244,-0.0812126327775992,-0.0810153085678784,-0.0811296278698216
1.188,-0.0822328563280721,-0.081329769252484,-0.0811322144251029,-0.0812464158164612
1.18833333333333,-0.08235312086011,-0.0814472431349596,-0.0812494570645809,-0.0813635398021894
1.18866666666667,-0.0824737348039529,-0.0815650556120834,-0.081367037671031,-0.0814810010071326
1.189,-0.0825946994016777,-0.0816832078761096,-0.0814849574343595,-0.0815988006165771
1.18933333333333,-0.0827160159008385,-0.0818017011245041,-0.081603217549679,-0.0817169398209704
1.18966666666667,-0.0828376855545127,-0.0819205365599847,-0.0817218192173322,-0.0818354198159728
1.19,-0.082959709621309,-0.0820397153905326,-0.0818407636429242,-0.0819542418024721
1.19033333333333,-0.083082089365419,-0.0821592388294395,-0.0819600520373426,-0.0820734069865986
1.19066666666667,-0.0832048260566276,-0.082279108095314,-0.0820796856167972,-0.0821929165797875
1.191,-0.0833279209703508,-0.0823993244121276,-0.0821996656028312,-0.0823127717987632
1.19133333333333,-0.0834513753876677,-0.0825198890092315,-0.0823199932223666,-0.0824329738655984
1.19166666666667,-0.083575190595347,-0.0826408031213875,-0.0824406697077144,-0.0825535240077289
1.192,-0.0836993678858733,-0.0827620679887942,-0.0825616962966194,-0.0826744234579852
1.19233333333333,-0.0838239085574822,-0.0828836848571247,-0.0826830742322768,-0.0827956734546189
1.19266666666667,-0.0839488139141931,-0.0830056549775386,-0.082804804763364,-0.0829172752413269
1.193,-0.0840740852658271,-0.0831279796067321,-0.0829268891440717,-0.0830392300672903
1.19333333333333,-0.084199723928059,-0.0832506600069412,-0.0830493286341332,-0.0831615391871919
1.19366666666667,-0.0843257312224269,-0.0833736974459968,-0.0831721244988415,-0.0832842038612508
1.194,-0.0844521084763739,-0.0834970931973347,-0.0832952780091034,-0.0834072253552569
1.19433333333333,-0.0845788570232788,-0.083620848540035,-0.0834187904414414,-0.0835306049405811
1.19466666666667,-0.0847059782024848,-0.0837449647588471,-0.0835426630780389,-0.0836543438942292
1.195,-0.0848334733593366,-0.083869443144222,-0.0836668972067664,-0.0837784434988484
1.19533333333333,-0.0849613438452033,-0.0839942849923429,-0.0837914941212108,-0.0839029050427768
1.19566666666667,-0.0850895910175158,-0.0841194916051515,-0.0839164551207099,-0.0840277298200564
1.196,-0.0852182162398054,-0.0842450642903827,-0.0840417815103678,-0.0841529191304777
1.19633333333333,-0.0853472208817198,-0.0843710043615931,-0.0841674746011108,-0.0842784742795979
1.19666666666667,-0.0854766063190726,-0.0844973131381892,-0.0842935357096938,-0.0844043965787773
1.197,-0.0856063739338701,-0.0846239919454633,-0.0844199661587436,-0.0845306873452063
1.19733333333333,-0.0857365251143357,-0.0847510421146209,-0.0845467672767866,-0.0846573479019466
1.19766666666667,-0.0858670612549573,-0.0848784649828186,-0.0846739403982776,-0.0847843795779445
1.198,-0.0859979837565129,-0.0850062618931829,-0.0848014868636414,-0.0849117837080787
1.19833333333333,-0.0861292940261019,-0.0851344341948517,-0.084929408019293,-0.08503956163318
1.19866666666667,-0.0862609934771899,-0.0852629832430018,-0.0850577052176667,-0.0851677147000703
1.199,-0.0863930835296282,-0.0853919103988891,-0.0851863798172679,-0.0852962442615865
1.19933333333333,-0.0865255656096983,-0.0855212170298716,-0.0853154331826794,-0.085425151676626
1.19966666666667,-0.0866584411501454,-0.0856509045094391,-0.0854448666846151,-0.0855544383101619
1.2,-0.0867917115902056,-0.0857809742172597,-0.0855746816999363,-0.0856841055332832
1.20033333333333,-0.0869253783756569,-0.0859114275391985,-0.0857048796117018,-0.0858141547232326
1.20066666666667,-0.0870594429588329,-0.0860422658673608,-0.0858354618091833,-0.0859445872634325
1.201,-0.0871939067986757,-0.0861734906001219,-0.0859664296879055,-0.0860754045435134
1.20133333333333,-0.0873287713607605,-0.086305103142153,-0.0860977846496855,-0.0862066079593626
1.20166666666667,-0.0874640381173411,-0.0864371049044677,-0.0862295281026567,-0.0863381989131384
1.202,-0.0875997085473754,-0.0865694973044517,-0.0863616614613121,-0.086470178813319
1.20233333333333,-0.0877357841365732,-0.086702281765891,-0.0864941861465269,-0.0866025490747263
1.20266666666667,-0.0878722663774198,-0.0868354597190079,-0.0866271035856002,-0.0867353111185675
1.203,-0.0880091567692255,-0.0869690326005045,-0.0867604152122956,-0.0868684663724616
1.20333333333333,-0.0881464568181493,-0.0871030018535876,-0.0868941224668545,-0.0870020162704799
1.20366666666667,-0.0882841680372525,-0.0872373689280075,-0.0870282267960598,-0.0871359622531729
1.204,-0.0884222919465199,-0.0873721352800907,-0.0871627296532449,-0.0872703057676187
1.20433333333333,-0.0885608300729067,-0.0875073023727805,-0.0872976324983425,-0.0874050482674423
1.20466666666667,-0.0886997839503744,-0.0876428716756621,-0.0874329367979219,-0.0875401912128586
1.205,-0.0888391551199288,-0.087778844665018,-0.0875686440252172,-0.087675736070711
1.20533333333333,-0.0889789451296569,-0.08791522282384,-0.0877047556601631,-0.0878116843145025
1.20566666666667,-0.0891191555347665,-0.0880520076418859,-0.0878412731894413,-0.0879480374244242
1.206,-0.089259787897631,-0.0881892006156965,-0.0879781981065017,-0.0880847968874109
1.20633333333333,-0.0894008437878144,-0.0883268032486519,-0.0881155319116157,-0.0882219641971545
1.20666666666667,-0.0895423247821251,-0.0884648170509989,-0.0882532761119005,-0.088359540854164
1.207,-0.0896842324646466,-0.0886032435398832,-0.0883914322213578,-0.088497528365778
1.20733333333333,-0.0898265684267856,-0.0887420842393997,-0.088530001760917,-0.0886359282462211
1.20766666666667,-0.0899693342672974,-0.088881340680617,-0.0886689862584669,-0.0887747420166308
1.208,-0.0901125315923455,-0.0890210144016264,-0.0888083872489,-0.0889139712050966
1.20833333333333,-0.0902561620155276,-0.0891611069475694,-0.0889482062741423,-0.0890536173467039
1.20866666666667,-0.0904002271579221,-0.0893016198706831,-0.0890884448831952,-0.0891936819835591
1.209,-0.090544728648124,-0.0894425547303424,-0.0892291046321776,-0.0893341666648424
1.20933333333333,-0.0906896681222992,-0.0895839130930844,-0.0893701870843581,-0.0894750729468362
1.20966666666667,-0.0908350472242127,-0.0897256965326676,-0.0895116938101977,-0.0896164023929647
1.21,-0.0909808676052769,-0.0898679066300895,-0.0896536263873935,-0.0897581565738398
1.21033333333333,-0.0911271309245898,-0.0900105449736467,-0.0897959864009039,-0.0899003370672919
1.21066666666667,-0.0912738388489815,-0.0901536131589594,-0.0899387754430073,-0.0900429454584128
1.211,-0.0914209930530597,-0.0902971127890187,-0.0900819951133276,-0.0901859833395955
1.21133333333333,-0.0915685952192419,-0.0904410454742261,-0.0902256470188759,-0.0903294523105704
1.21166666666667,-0.0917166470378099,-0.0905854128324327,-0.0903697327741072,-0.0904733539784565
1.212,-0.0918651502069466,-0.0907302164889827,-0.0905142540009297,-0.0906176899577851
1.21233333333333,-0.0920141064327839,-0.0908754580767487,-0.0906592123287743,-0.0907624618705586
1.21266666666667,-0.0921635174294414,-0.0910211392361821,-0.0908046093946344,-0.0909076713462718
1.213,-0.0923133849190798,-0.0911672616153486,-0.0909504468430805,-0.0910533200219657
1.21333333333333,-0.0924637106319327,-0.0913138268699696,-0.0910967263263321,-0.0911994095422745
1.21366666666667,-0.0926144963063682,-0.0914608366634655,-0.0912434495042874,-0.091345941559451
1.214,-0.0927657436889195,-0.091608292667002,-0.0913906180445649,-0.0914929177334183
1.21433333333333,-0.0929174545343365,-0.0917561965595271,-0.0915382336225452,-0.0916403397318107
1.21466666666667,-0.0930696306056318,-0.0919045500278187,-0.0916862979214184,-0.0917882092300154
1.215,-0.0932222736741249,-0.0920533547665209,-0.0918348126322225,-0.0919365279112187
1.21533333333333,-0.0933753855194899,-0.0922026124782005,-0.0919837794538945,-0.0920852974664412
1.21566666666667,-0.0935289679298098,-0.0923523248733765,-0.0921332000933035,-0.0922345195945889
1.216,-0.0936830227016024,-0.0925024936705697,-0.0922830762652977,-0.0923841960024903
1.21633333333333,-0.0938375516398944,-0.0926531205963565,-0.0924334096927581,-0.092534328404949
1.21666666666667,-0.0939925565582482,-0.0928042073853947,-0.0925842021066286,-0.0926849185247773
1.217,-0.0941480392788203,-0.0929557557804823,-0.0927354552459769,-0.0928359680928505
1.21733333333333,-0.0943040016324089,-0.0931077675326053,-0.0928871708580188,-0.0929874788481421
1.21766666666667,-0.0944604454584958,-0.0932602444009657,-0.0930393506981867,-0.0931394525377762
1.218,-0.0946173726053062,-0.0934131881530481,-0.0931919965301559,-0.0932918909170679
1.21833333333333,-0.094774784929847,-0.0935666005646528,-0.0933451101259009,-0.0934447957495728
1.21866666666667,-0.0949326842979641,-0.0937204834199481,-0.0934986932657425,-0.0935981688071324
1.219,-0.095091072584389,-0.0938748385115141,-0.0936527477383889,-0.093752011869912
1.21933333333333,-0.0952499516727894,-0.0940296676403878,-0.0938072753409859,-0.0939063267264599
1.21966666666667,-0.0954093234558209,-0.0941849726161151,-0.0939622778791635,-0.0940611151737508
1.22,-0.0955691898351735,-0.0943407552567998,-0.0941177571670785,-0.0942163790172218
1.22033333333333,-0.0957295527216265,-0.094497017389143,-0.094273715027476,-0.0943721200708357
1.22066666666667,-0.0958904140351094,-0.0946537608485025,-0.094430153291717,-0.0945283401571146
1.221,-0.0960517757047335,-0.0948109874789277,-0.0945870737998498,-0.0946850411072012
1.22133333333333,-0.0962136396688534,-0.0949686991332289,-0.0947444784006401,-0.0948422247608929
1.22166666666667,-0.0963760078751328,-0.095126897672999,-0.0949023689516287,-0.094999892966702
1.222,-0.0965388822805732,-0.0952855849686894,-0.0950607473191781,-0.0951580475819025
1.22233333333333,-0.096702264851588,-0.0954447628996427,-0.0952196153785254,-0.0953166904725694
1.22266666666667,-0.0968661575640445,-0.0956044333541576,-0.0953789750138301,-0.0954758235136446
1.223,-0.0970305624033185,-0.0957645982295153,-0.0955388281182267,-0.0956354485889716
1.22333333333333,-0.097195481364357,-0.0959252594320573,-0.0956991765938646,-0.0957955675913577
1.22366666666667,-0.0973609164517227,-0.0960864188772249,-0.0958600223519795,-0.0959561824226111
1.224,-0.0975268696796543,-0.0962480784896047,-0.0960213673129248,-0.0961172949936064
1.22433333333333,-0.0976933430721219,-0.0964102402029918,-0.096183213406235,-0.096278907224327
1.22466666666667,-0.0978603386628855,-0.096572905960435,-0.0963455625706725,-0.0964410210439172
1.225,-0.0980278584955394,-0.0967360777142885,-0.0965084167542858,-0.0966036383907375
1.22533333333333,-0.0981959046235874,-0.0968997574262749,-0.0966717779144513,-0.0967667612124095
1.22566666666667,-0.0983644791104772,-0.0970639470675217,-0.0968356480179414,-0.0969303914658824
1.226,-0.0985335840296823,-0.0972286486186289,-0.0970000290409599,-0.0970945311174682
1.22633333333333,-0.0987032214647369,-0.0973938640697192,-0.0971649229692134,-0.0972591821429097
1.22666666666667,-0.0988733935093099,-0.0975595954204889,-0.0973303317979548,-0.0974243465274267
1.227,-0.09904410226726,-0.0977258446802637,-0.0974962575320376,-0.0975900262657667
1.22733333333333,-0.0992153498526857,-0.0978926138680615,-0.0976627021859828,-0.0977562233622695
1.22766666666667,-0.0993871383899969,-0.0980599050126337,-0.0978296677840128,-0.097922939830915
1.228,-0.0995594700139614,-0.0982277201525348,-0.0979971563601262,-0.0980901776953761
1.22833333333333,-0.0997323468697855,-0.0983960613361674,-0.098165169958146,-0.0982579389890803
1.22866666666667,-0.0999057711131436,-0.0985649306218427,-0.0983337106317754,-0.0984262257552634
1.229,-0.100079744910272,-0.0987343300778453,-0.0985027804446534,-0.0985950400470199
1.22933333333333,-0.100254270438008,-0.0989042617824775,-0.098672381470418,-0.0987643839273668
1.22966666666667,-0.10042934988386,-0.0990747278241216,-0.0988425157927556,-0.0989342594692985
1.23,-0.100604985446063,-0.099245730301307,-0.099013185505463,-0.0991046687558448
1.23033333333333,-0.100781179333656,-0.0994172713227508,-0.0991843927125122,-0.0992756138801183
1.23066666666667,-0.100957933766528,-0.0995893530074343,-0.0993561395280937,-0.0994470969453939
1.231,-0.101135250975486,-0.0997619774846451,-0.0995284280766846,-0.0996191200651438
1.23133333333333,-0.101313133202327,-0.0999351468940633,-0.0997012604931101,-0.0997916853631066
1.23166666666667,-0.101491582699897,-0.100108863385781,-0.0998746389226012,-0.0999647949733547
1.232,-0.101670601732147,-0.100283129120405,-0.100048565520851,-0.100138451040344
1.23233333333333,-0.101850192574214,-0.100457946269089,-0.100223042454079,-0.100312655718966
1.23266666666667,-0.102030357512477,-0.100633317013605,-0.100398071899091,-0.100487411174623
1.233,-0.102211098844618,-0.100809243546409,-0.100573656043343,-0.10066271958329
1.23333333333333,-0.102392418879706,-0.10098572807069,-0.100749797085,-0.100838583131563
1.23366666666667,-0.102574319938244,-0.101162772800448,-0.100926497232992,-0.101015004016725
1.234,-0.102756804352249,-0.101340379960548,-0.101103758707094,-0.101191984446812
1.23433333333333,-0.102939874465313,-0.101518551786778,-0.101281583737974,-0.101369526640677
1.23466666666667,-0.10312353263268,-0.101697290525929,-0.10145997456726,-0.10154763282804
1.235,-0.103307781221303,-0.101876598435848,-0.101638933447605,-0.101726305249567
1.23533333333333,-0.10349262260992,-0.102056477785495,-0.101818462642753,-0.101905546156927
1.23566666666667,-0.103678059189123,-0.102236930855022,-0.1019985644276,-0.102085357812852
1.236,-0.103864093361429,-0.102417959935841,-0.102179241088262,-0.102265742491207
1.23633333333333,-0.104050727541353,-0.102599567330673,-0.102360494922141,-0.102446702477054
1.23666666666667,-0.104237964155465,-0.102781755353629,-0.102542328237985,-0.102628240066717
1.237,-0.104425805642481,-0.102964526330266,-0.102724743355967,-0.102810357567846
1.23733333333333,-0.104614254453329,-0.103147882597668,-0.102907742607738,-0.102993057299483
1.23766666666667,-0.104803313051205,-0.103331826504498,-0.103091328336503,-0.103176341592135
1.238,-0.104992983911672,-0.103516360411077,-0.103275502897088,-0.103360212787834
1.23833333333333,-0.105183269522719,-0.103701486689452,-0.103460268656004,-0.10354467324021
1.23866666666667,-0.105374172384834,-0.103887207723453,-0.103645627991522,-0.103729725314551
1.239,-0.105565695011083,-0.104073525908784,-0.103831583293735,-0.103915371387879
1.23933333333333,-0.105757839927188,-0.104260443653075,-0.104018136964637,-0.104101613849018
1.23966666666667,-0.105950609671597,-0.104447963375954,-0.104205291418186,-0.104288455098661
1.24,-0.106144006795558,-0.104636087509131,-0.104393049080371,-0.104475897549447
1.24033333333333,-0.106338033863203,-0.104824818496456,-0.1045814123893,-0.104663943626015
1.24066666666667,-0.106532693451623,-0.105014158793999,-0.104770383795253,-0.104852595765094
1.241,-0.106727988150945,-0.105204110870117,-0.104959965760764,-0.105041856415564
1.24133333333333,-0.106923920564403,-0.105394677205529,-0.105150160760687,-0.105231728038526
1.24166666666667,-0.107120493308433,-0.105585860293388,-0.105340971282288,-0.105422213107385
1.242,-0.107317709012737,-0.105777662639365,-0.105532399825285,-0.10561331410791
1.24233333333333,-0.107515570320372,-0.10597008676171,-0.105724448901955,-0.10580503353832
1.24266666666667,-0.107714079887825,-0.106163135191329,-0.10591712103719,-0.105997373909346
1.243,-0.107913240385099,-0.10635681047187,-0.106110418768579,-0.10619033774431
1.24333333333333,-0.108113054495794,-0.106551115159786,-0.106304344646483,-0.106383927579205
1.24366666666667,-0.108313524917179,-0.10674605182442,-0.106498901234107,-0.106578145962762
1.244,-0.108514654360291,-0.106941623048081,-0.106694091107583,-0.106772995456535
1.24433333333333,-0.108716445550011,-0.107137831426115,-0.106889916856048,-0.106968478634966
1.24466666666667,-0.108918901225142,-0.107334679566996,-0.107086381081711,-0.107164598085476
1.245,-0.109122024138505,-0.107532170092393,-0.10728348639994,-0.107361356408526
1.24533333333333,-0.109325817057013,-0.107730305637251,-0.107481235439346,-0.107558756217712
1.24566666666667,-0.109530282761764,-0.107929088849876,-0.107679630841852,-0.107756800139832
1.246,-0.109735424048125,-0.108128522392015,-0.107878675262772,-0.107955490814968
1.24633333333333,-0.109941243725821,-0.108328608938926,-0.108078371370908,-0.108154830896567
1.24666666666667,-0.110147744619016,-0.108529351179479,-0.108278721848612,-0.108354823051522
1.247,-0.11035492956641,-0.108730751816221,-0.108479729391875,-0.108555469960248
1.24733333333333,-0.110562801421322,-0.108932813565461,-0.108681396710415,-0.108756774316774
1.24766666666667,-0.110771363051782,-0.109135539157367,-0.108883726527752,-0.108958738828809
1.248,-0.110980617340622,-0.109338931336028,-0.109086721581294,-0.109161366217838
1.24833333333333,-0.111190567185558,-0.109542992859559,-0.109290384622423,-0.109364659219196
1.24866666666667,-0.111401215499292,-0.109747726500173,-0.109494718416572,-0.109568620582163
1.249,-0.111612565209604,-0.109953135044274,-0.109699725743323,-0.109773253070036
1.24933333333333,-0.111824619259436,-0.110159221292534,-0.109905409396487,-0.109978559460222
1.24966666666667,-0.112037380606991,-0.110365988059988,-0.11011177218418,-0.110184542544312
1.25,-0.112250852225824,-0.110573438176123,-0.110318816928927,-0.110391205128191
1.25033333333333,-0.112465037104944,-0.110781574484958,-0.110526546467741,-0.110598550032091
1.25066666666667,-0.1126799382489,-0.110990399845134,-0.110734963652211,-0.110806580090711
1.251,-0.112895558677881,-0.111199917130008,-0.110944071348588,-0.111015298153281
1.25133333333333,-0.11311190142781,-0.111410129227747,-0.111153872437882,-0.111224707083665
1.25166666666667,-0.113328969550456,-0.111621039041403,-0.111364369815955,-0.111434809760441
1.252,-0.113546766113499,-0.11183264948902,-0.111575566393595,-0.111645609076991
1.25233333333333,-0.113765294200674,-0.112044963503714,-0.11178746509662,-0.111857107941605
1.25266666666667,-0.113984556911825,-0.112257984033776,-0.112000068865974,-0.11206930927755
1.253,-0.114204557363047,-0.112471714042748,-0.112213380657806,-0.112282216023186
1.25333333333333,-0.114425298686742,-0.112686156509549,-0.112427403443578,-0.112495831132031
1.25366666666667,-0.114646784031767,-0.112901314428531,-0.11264214021014,-0.112710157572878
1.254,-0.114869016563503,-0.113117190809595,-0.11285759395985,-0.112925198329878
1.25433333333333,-0.115091999463973,-0.113333788678294,-0.113073767710651,-0.11314095640263
1.25466666666667,-0.11531573593194,-0.113551111075908,-0.113290664496171,-0.113357434806293
1.255,-0.115540229183017,-0.113769161059561,-0.113508287365819,-0.11357463657165
1.25533333333333,-0.115765482449768,-0.113987941702302,-0.113726639384885,-0.113792564745244
1.25566666666667,-0.115991498981814,-0.114207456093221,-0.113945723634646,-0.114011222389445
1.256,-0.116218282045948,-0.114427707337529,-0.114165543212437,-0.114230612582555
1.25633333333333,-0.116445834926223,-0.114648698556678,-0.11438610123179,-0.114450738418917
1.25666666666667,-0.116674160924088,-0.114870432888448,-0.1146074008225,-0.114671603009003
1.257,-0.116903263358472,-0.115092913487045,-0.114829445130751,-0.11489320947951
1.25733333333333,-0.117133145565913,-0.11531614352323,-0.115052237319193,-0.115115560973478
1.25766666666667,-0.117363810900655,-0.115540126184376,-0.115275780567069,-0.115338660650371
1.258,-0.117595262734768,-0.115764864674622,-0.115500078070302,-0.115562511686196
1.25833333333333,-0.117827504458255,-0.115990362214941,-0.115725133041602,-0.115787117273593
1.25866666666667,-0.118060539479174,-0.116216622043253,-0.115950948710582,-0.116012480621944
1.259,-0.118294371223735,-0.11644364741455,-0.116177528323841,-0.116238604957475
1.25933333333333,-0.118529003136444,-0.116671441600976,-0.116404875145095,-0.116465493523368
1.25966666666667,-0.118764438680183,-0.116900007891953,-0.116632992455262,-0.116693149579855
1.26,-0.119000681336357,-0.117129349594276,-0.116861883552586,-0.116921576404334
1.26033333333333,-0.119237734604988,-0.117359470032235,-0.117091551752742,-0.117150777291468
1.26066666666667,-0.119475602004858,-0.117590372547717,-0.117322000388933,-0.117380755553301
1.261,-0.119714287073603,-0.117822060500317,-0.117553232812014,-0.117611514519364
1.26133333333333,-0.119953793367849,-0.11805453726745,-0.117785252390604,-0.117843057536779
1.26166666666667,-0.120194124463335,-0.118287806244463,-0.118018062511184,-0.11807538797038
1.262,-0.120435283955019,-0.118521870844752,-0.118251666578221,-0.118308509202808
1.26233333333333,-0.120677275457216,-0.11875673449987,-0.118486068014277,-0.118542424634649
1.26266666666667,-0.120920102603715,-0.118992400659641,-0.118721270260125,-0.118777137684512
1.263,-0.121163769047905,-0.119228872792284,-0.118957276774865,-0.119012651789175
1.26333333333333,-0.121408278462903,-0.119466154384521,-0.119194091036033,-0.11924897040368
1.26366666666667,-0.121653634541671,-0.119704248941699,-0.119431716539725,-0.119486097001452
1.264,-0.121899840997159,-0.119943159987906,-0.119670156800711,-0.11972403507442
1.26433333333333,-0.122146901562418,-0.12018289106609,-0.119909415352554,-0.119962788133128
1.26466666666667,-0.122394819990743,-0.120423445738176,-0.120149495747733,-0.120202359706859
1.265,-0.122643600055788,-0.120664827585192,-0.120390401557755,-0.120442753343742
1.26533333333333,-0.122893245551714,-0.120907040207388,-0.120632136373283,-0.12068397261089
1.26566666666667,-0.123143760293309,-0.121150087224364,-0.120874703804253,-0.120926021094502
1.266,-0.123395148116121,-0.121393972275178,-0.121118107480003,-0.121168902399995
1.26633333333333,-0.123647412876603,-0.121638699018486,-0.121362351049388,-0.121412620152118
1.26666666666667,-0.123900558452237,-0.121884271132662,-0.121607438180914,-0.121657177995091
1.267,-0.124154588741678,-0.122130692315925,-0.121853372562861,-0.121902579592703
1.26733333333333,-0.124409507664889,-0.122377966286456,-0.122100157903397,-0.122148828628466
1.26766666666667,-0.124665319163277,-0.122626096782552,-0.122347797930726,-0.122395928805716
1.268,-0.124922027199828,-0.122875087562716,-0.122596296393203,-0.122643883847755
1.26833333333333,-0.125179635759259,-0.123124942405824,-0.122845657059461,-0.122892697497973
1.26866666666667,-0.125438148848159,-0.123375665111239,-0.123095883718558,-0.123142373519977
1.269,-0.125697570495111,-0.12362725949894,-0.123346980180086,-0.123392915697719
1.26933333333333,-0.125957904750866,-0.123879729409659,-0.123598950274319,-0.123644327835632
1.26966666666667,-0.126219155688464,-0.124133078705019,-0.123851797852343,-0.123896613758758
1.27,-0.126481327403388,-0.124387311267662,-0.124105526786182,-0.124149777312873
1.27033333333333,-0.126744424013714,-0.124642431001392,-0.124360140968944,-0.124403822364635
1.27066666666667,-0.127008449660258,-0.124898441831299,-0.124615644314952,-0.124658752801708
1.271,-0.127273408506715,-0.125155347703914,-0.124872040759883,-0.124914572532897
1.27133333333333,-0.127539304739827,-0.125413152587333,-0.125129334260901,-0.125171285488296
1.27166666666667,-0.127806142569512,-0.125671860471371,-0.125387528796804,-0.125428895619409
1.272,-0.128073926229041,-0.12593147536769,-0.125646628368159,-0.1256874068993
1.27233333333333,-0.128342659975181,-0.126192001309942,-0.125906636997442,-0.12594682332273
1.27266666666667,-0.128612348088336,-0.126453442353927,-0.126167558729192,-0.126207148906293
1.273,-0.12888299487273,-0.126715802577721,-0.126429397630136,-0.126468387688561
1.27333333333333,-0.129154604656537,-0.126979086081825,-0.126692157789344,-0.126730543730233
1.27366666666667,-0.129427181792064,-0.127243296989316,-0.126955843318381,-0.126993621114265
1.274,-0.129700730655892,-0.127508439445996,-0.127220458351442,-0.127257623946024
1.27433333333333,-0.129975255649045,-0.12777451762053,-0.127486007045503,-0.127522556353436
1.27466666666667,-0.130250761197155,-0.128041535704605,-0.127752493580476,-0.127788422487124
1.275,-0.130527251750617,-0.128309497913074,-0.128019922159352,-0.128055226520565
1.27533333333333,-0.130804731784761,-0.128578408484122,-0.128288297008351,-0.128322972650232
1.27566666666667,-0.131083205800014,-0.128848271679403,-0.128557622377085,-0.128591665095749
1.276,-0.131362678322065,-0.1291190917842,-0.128827902538699,-0.128861308100039
1.27633333333333,-0.131643153902043,-0.129390873107583,-0.129099141790035,-0.129131905929484
1.27666666666667,-0.131924637116679,-0.129663619982563,-0.129371344451783,-0.129403462874067
1.277,-0.132207132568471,-0.129937336766253,-0.129644514868638,-0.129675983247537
1.27733333333333,-0.132490644885874,-0.130212027840023,-0.129918657409462,-0.129949471387559
1.27766666666667,-0.132775178723456,-0.13048769760966,-0.130193776467438,-0.13022393165588
1.278,-0.133060738762085,-0.130764350505537,-0.130469876460233,-0.130499368438471
1.27833333333333,-0.133347329709102,-0.131041990982772,-0.130746961830168,-0.130775786145704
1.27866666666667,-0.13363495629849,-0.131320623521382,-0.131025037044367,-0.131053189212506
1.279,-0.133923623291073,-0.131600252626463,-0.131304106594925,-0.131331582098517
1.27933333333333,-0.134213335474672,-0.13188088282835,-0.131584174999085,-0.131610969288257
1.27966666666667,-0.134504097664308,-0.132162518682786,-0.131865246799394,-0.131891355291294
1.28,-0.134795914702378,-0.132445164771088,-0.13214732656387,-0.132172744642409
1.28033333333333,-0.13508879145883,-0.132728825700321,-0.132430418886177,-0.132455141901755
1.28066666666667,-0.135382732831371,-0.133013506103471,-0.132714528385797,-0.132738551655033
1.281,-0.135677743745627,-0.133299210639609,-0.132999659708199,-0.133022978513662
1.28133333333333,-0.135973829155358,-0.133585943994083,-0.133285817525011,-0.133308427114948
1.28166666666667,-0.136270994042638,-0.133873710878673,-0.133573006534197,-0.133594902122251
1.282,-0.136569243418036,-0.134162516031785,-0.133861231460228,-0.133882408225172
1.28233333333333,-0.136868582320835,-0.134452364218615,-0.134150497054276,-0.134170950139715
1.28266666666667,-0.137169015819206,-0.134743260231343,-0.134440808094367,-0.134460532608471
1.283,-0.137470549010408,-0.135035208889309,-0.134732169385587,-0.134751160400792
1.28333333333333,-0.137773187020997,-0.135328215039185,-0.135024585760247,-0.135042838312972
1.28366666666667,-0.138076935007012,-0.13562228355518,-0.135318062078066,-0.135335571168424
1.284,-0.138381798154191,-0.135917419339207,-0.135612603226373,-0.135629363817866
1.28433333333333,-0.138687781678161,-0.136213627321077,-0.135908214120268,-0.135924221139507
1.28466666666667,-0.138994890824651,-0.136510912458693,-0.136204899702831,-0.13622014803922
1.285,-0.13930313086969,-0.136809279738227,-0.136502664945296,-0.136517149450744
1.28533333333333,-0.139612507119829,-0.137108734174326,-0.13680151484725,-0.136815230335854
1.28566666666667,-0.139923024912336,-0.137409280810294,-0.137101454436819,-0.137114395684567
1.286,-0.140234689615415,-0.137710924718289,-0.137402488770869,-0.137414650515323
1.28633333333333,-0.140547506628416,-0.138013670999526,-0.137704622935191,-0.137715999875177
1.28666666666667,-0.140861481382047,-0.138317524784462,-0.138007862044708,-0.138018448839998
1.287,-0.141176619338604,-0.138622491233004,-0.13831221124366,-0.138322002514656
1.28733333333333,-0.141492925992171,-0.138928575534712,-0.138617675705816,-0.138626666033223
1.28766666666667,-0.14181040686885,-0.139235782908989,-0.138924260634668,-0.138932444559179
1.288,-0.142129067526981,-0.139544118605298,-0.13923197126364,-0.139239343285592
1.28833333333333,-0.142448913557366,-0.139853587903359,-0.139540812856277,-0.13954736743534
1.28866666666667,-0.142769950583488,-0.14016419611336,-0.139850790706472,-0.139856522261298
1.289,-0.14309218426175,-0.140475948576165,-0.140161910138658,-0.140166813046558
1.28933333333333,-0.143415620281687,-0.140788850663522,-0.14047417650802,-0.140478245104617
1.28966666666667,-0.143740264366217,-0.141102907778277,-0.140787595200715,-0.140790823779599
1.29,-0.144066122271854,-0.141418125354591,-0.141102171634065,-0.141104554446455
1.29033333333333,-0.144393199788965,-0.141734508858148,-0.141417911256797,-0.141419442511184
1.29066666666667,-0.144721502741971,-0.142052063786375,-0.141734819549236,-0.141735493411032
1.291,-0.145051036989624,-0.14237079566867,-0.142052902023535,-0.142052712614723
1.29133333333333,-0.145381808425218,-0.142690710066603,-0.142372164223886,-0.142371105622651
1.29166666666667,-0.145713822976849,-0.14301181257416,-0.142692611726751,-0.142690677967133
1.292,-0.146047086607655,-0.143334108817947,-0.143014250141078,-0.143011435212587
1.29233333333333,-0.146381605316053,-0.143657604457435,-0.143337085108527,-0.143333382955789
1.29266666666667,-0.146717385135996,-0.14398230518517,-0.143661122303695,-0.143656526826073
1.293,-0.147054432137223,-0.144308216727019,-0.143986367434346,-0.143980872485566
1.29333333333333,-0.147392752425501,-0.14463534484239,-0.144312826241639,-0.14430642562941
1.29366666666667,-0.147732352142896,-0.144963695324464,-0.144640504500368,-0.144633191985996
1.294,-0.148073237468012,-0.145293274000442,-0.144969408019177,-0.144961177317188
1.29433333333333,-0.14841541461626,-0.145624086731771,-0.145299542640815,-0.145290387418558
1.29466666666667,-0.148758889840116,-0.14595613941439,-0.145630914242369,-0.14562082811962
1.295,-0.149103669429383,-0.146289437978958,-0.145963528735493,-0.145952505284056
1.29533333333333,-0.14944975971145,-0.146623988391117,-0.146297392066657,-0.146285424809981
1.29566666666667,-0.14979716705157,-0.146959796651725,-0.146632510217396,-0.146619592630146
1.296,-0.15014589785312,-0.147296868797096,-0.146968889204544,-0.146955014712205
1.29633333333333,-0.150495958557879,-0.147635210899264,-0.147306535080486,-0.147291697058951
1.29666666666667,-0.150847355646291,-0.147974829066219,-0.14764545393341,-0.147629645708561
1.297,-0.151200095637755,-0.148315729442182,-0.147985651887548,-0.147968866734838
1.29733333333333,-0.151554185090886,-0.148657918207823,-0.14832713510345,-0.14830936624747
1.29766666666667,-0.151909630603815,-0.149001401580561,-0.148669909778212,-0.148651150392281
1.298,-0.152266438814456,-0.149346185814786,-0.149013982145756,-0.148994225351471
1.29833333333333,-0.152624616400797,-0.149692277202144,-0.149359358477078,-0.149338597343885
1.29866666666667,-0.152984170081181,-0.150039682071796,-0.149706045080514,-0.149684272625267
1.299,-0.153345106614614,-0.150388406790669,-0.150054048302,-0.150031257488517
1.29933333333333,-0.153707432801029,-0.150738457763741,-0.150403374525336,-0.150379558263956
1.29966666666667,-0.154071155481607,-0.151089841434302,-0.150754030172469,-0.150729181319585
1.3,-0.154436281539058,-0.151442564284233,-0.151106021703744,-0.151080133061356
1.30033333333333,-0.154802817897921,-0.151796632834267,-0.151459355618184,-0.151432419933438
1.30066666666667,-0.155170771524878,-0.152152053644282,-0.15181403845377,-0.151786048418486
1.301,-0.155540149429051,-0.152508833313568,-0.152170076787709,-0.152141025037922
1.30133333333333,-0.155910958662295,-0.15286697848111,-0.152527477236722,-0.152497356352188
1.30166666666667,-0.156283206319536,-0.153226495825872,-0.152886246457313,-0.15285504896105
1.302,-0.15665689953906,-0.153587392067093,-0.153246391146075,-0.153214109503861
1.30233333333333,-0.157032045502839,-0.153949673964557,-0.153607918039945,-0.153574544659846
1.30266666666667,-0.157408651436845,-0.154313348318893,-0.153970833916522,-0.153936361148387
1.303,-0.157786724611369,-0.154678421971869,-0.154335145594341,-0.15429956572931
1.30333333333333,-0.158166272341346,-0.155044901806691,-0.154700859933167,-0.154664165203167
1.30366666666667,-0.15854730198668,-0.155412794748282,-0.155067983834303,-0.155030166411535
1.304,-0.158929820952571,-0.155782107763613,-0.155436524240872,-0.155397576237311
1.30433333333333,-0.159313836689848,-0.156152847861969,-0.155806488138131,-0.155766401604994
1.30466666666667,-0.159699356695305,-0.156525022095288,-0.156177882553766,-0.156136649480999
1.305,-0.160086388512025,-0.15689863755845,-0.156550714558195,-0.156508326873948
1.30533333333333,-0.160474939729739,-0.157273701389593,-0.156924991264893,-0.156881440834976
1.30566666666667,-0.160865017985155,-0.157650220770418,-0.157300719830684,-0.157255998458041
1.306,-0.161256630962307,-0.158028202926519,-0.157677907456061,-0.15763200688022
1.30633333333333,-0.161649786392899,-0.158407655127695,-0.158056561385507,-0.158009473282035
1.30666666666667,-0.162044492056666,-0.158788584688257,-0.158436688907805,-0.158388404887757
1.307,-0.162440755781718,-0.15917099896738,-0.158818297356365,-0.158768808965725
1.30733333333333,-0.162838585444905,-0.1595549053694,-0.159201394109553,-0.15915069282866
1.30766666666667,-0.163237988972173,-0.159940311344166,-0.159585986591003,-0.159534063833992
1.308,-0.163638974338926,-0.160327224387353,-0.159972082269958,-0.159918929384186
1.30833333333333,-0.164041549570396,-0.160715652040818,-0.1603596886616,-0.16030529692706
1.30866666666667,-0.164445722742014,-0.161105601892912,-0.160748813327389,-0.16069317395612
1.309,-0.164851501979777,-0.161497081578847,-0.161139463875387,-0.161082568010892
1.30933333333333,-0.165258895460624,-0.161890098781013,-0.161531647960615,-0.161473486677258
1.30966666666667,-0.165667911412828,-0.162284661229342,-0.161925373285389,-0.161865937587787
1.31,-0.166078558116361,-0.162680776701658,-0.162320647599662,-0.162259928422085
1.31033333333333,-0.166490843903288,-0.163078453024014,-0.162717478701387,-0.162655466907136
1.31066666666667,-0.166904777158159,-0.163477698071061,-0.163115874436854,-0.163052560817641
1.311,-0.167320366318397,-0.163878519766398,-0.163515842701061,-0.163451217976379
1.31133333333333,-0.167737619874693,-0.164280926082939,-0.163917391438052,-0.163851446254544
1.31166666666667,-0.168156546371411,-0.164684925043272,-0.164320528641303,-0.164253253572123
1.312,-0.168577154406984,-0.165090524720028,-0.164725262354068,-0.164656647898226
1.31233333333333,-0.168999452634325,-0.165497733236258,-0.16513160066975,-0.165061637251478
1.31266666666667,-0.169423449761236,-0.165906558765793,-0.165539551732283,-0.165468229700349
1.313,-0.169849154550819,-0.16631700953363,-0.16594912373649,-0.165876433363559
1.31333333333333,-0.170276575821898,-0.166729093816309,-0.166360324928471,-0.166286256410414
1.31366666666667,-0.170705722449433,-0.1671428199423,-0.166773163605981,-0.166697707061203
1.314,-0.171136603364945,-0.167558196292391,-0.167187648118813,-0.167110793587569
1.31433333333333,-0.171569227556951,-0.167975231300062,-0.167603786869183,-0.16752552431288
1.31466666666667,-0.172003604071391,-0.168393933451903,-0.168021588312121,-0.167941907612623
1.315,-0.172439742012069,-0.168814311287992,-0.168441060955873,-0.168359951914798
1.31533333333333,-0.172877650541072,-0.169236373402297,-0.168862213362284,-0.168779665700278
1.31566666666667,-0.17331733887924,-0.169660128443091,-0.169285054147207,-0.169201057503238
1.316,-0.173758816306605,-0.170085585113346,-0.169709591980908,-0.169624135911528
1.31633333333333,-0.174202092162825,-0.170512752171152,-0.170135835588469,-0.170048909567083
1.31666666666667,-0.174647175847665,-0.170941638430124,-0.170563793750199,-0.170475387166326
1.317,-0.175094076821436,-0.171372252759832,-0.170993475302054,-0.170903577460569
1.31733333333333,-0.175542804605472,-0.171804604086204,-0.17142488913605,-0.17133348925643
1.31766666666667,-0.175993368782585,-0.172238701391966,-0.171858044200681,-0.171765131416246
1.318,-0.176445778997543,-0.172674553717067,-0.172292949501364,-0.172198512858494
1.31833333333333,-0.176900044957552,-0.173112170159109,-0.172729614100834,-0.172633642558199
1.31866666666667,-0.177356176432719,-0.173551559873786,-0.173168047119608,-0.173070529547378
1.319,-0.177814183256552,-0.173992732075322,-0.173608257736414,-0.17350918291545
1.31933333333333,-0.178274075326438,-0.174435696036913,-0.174050255188619,-0.173949611809688
1.31966666666667,-0.178735862604144,-0.174880461091172,-0.174494048772683,-0.17439182543563
1.32,-0.179199555116302,-0.175327036630605,-0.17493964784461,-0.174835833057546
1.32033333333333,-0.179665162954925,-0.175775432108032,-0.175387061820395,-0.175281643998864
1.32066666666667,-0.180132696277906,-0.176225657037061,-0.175836300176478,-0.175729267642625
1.321,-0.180602165309527,-0.176677720992566,-0.176287372450211,-0.176178713431928
1.32133333333333,-0.181073580340971,-0.17713163361113,-0.176740288240315,-0.176629990870392
1.32166666666667,-0.18154695173085,-0.177587404591538,-0.177195057207354,-0.177083109522619
1.322,-0.182022289905731,-0.178045043695238,-0.177651689074204,-0.17753807901464
1.32233333333333,-0.182499605360652,-0.178504560746828,-0.178110193626532,-0.177994909034408
1.32266666666667,-0.182978908659667,-0.178965965634548,-0.178570580713272,-0.178453609332248
1.323,-0.183460210436382,-0.179429268310747,-0.179032860247112,-0.17891418972134
1.32333333333333,-0.183943521394497,-0.179894478792406,-0.179497042204993,-0.179376660078208
1.32366666666667,-0.184428852308357,-0.180361607161609,-0.179963136628583,-0.179841030343187
1.324,-0.184916214023501,-0.180830663566061,-0.180431153624793,-0.180307310520928
1.32433333333333,-0.185405617457225,-0.181301658219591,-0.180901103366266,-0.18077551068088
1.32466666666667,-0.185897073599145,-0.181774601402658,-0.181372996091899,-0.181245640957791
1.325,-0.186390593511762,-0.182249503462873,-0.181846842107338,-0.181717711552217
1.32533333333333,-0.186886188331039,-0.182726374815516,-0.182322651785501,-0.182191732731007
1.32566666666667,-0.187383869266983,-0.183205225944061,-0.182800435567106,-0.182667714827839
1.326,-0.187883647604218,-0.183686067400714,-0.18328020396118,-0.18314566824372
1.32633333333333,-0.18838553470259,-0.184168909806923,-0.183761967545608,-0.183625603447506
1.32666666666667,-0.188889541997748,-0.184653763853954,-0.184245736967649,-0.184107530976437
1.327,-0.189395681001756,-0.1851406403034,-0.184731522944486,-0.184591461436648
1.32733333333333,-0.189903963303689,-0.185629549987749,-0.185219336263774,-0.185077405503722
1.32766666666667,-0.190414400570252,-0.186120503810941,-0.185709187784175,-0.185565373923216
1.328,-0.190927004546394,-0.186613512748907,-0.186201088435929,-0.186055377511207
1.32833333333333,-0.191441787055929,-0.187108587850158,-0.186695049221397,-0.186547427154846
1.32866666666667,-0.191958760002172,-0.187605740236339,-0.18719108121564,-0.187041533812898
1.329,-0.192477935368562,-0.188104981102793,-0.187689195566975,-0.187537708516314
1.32933333333333,-0.192999325219312,-0.188606321719174,-0.188189403497557,-0.188035962368789
1.32966666666667,-0.193522941700048,-0.189109773429997,-0.188691716303965,-0.188536306547331
1.33,-0.194048797038471,-0.189615347655246,-0.189196145357766,-0.189038752302821
1.33033333333333,-0.194576903544999,-0.190123055890969,-0.189702702106128,-0.189543310960624
1.33066666666667,-0.195107273613449,-0.190632909709869,-0.190211398072399,-0.190049993921129
1.331,-0.195639919721697,-0.19114492076192,-0.190722244856721,-0.190558812660377
1.33133333333333,-0.196174854432354,-0.191659100774975,-0.191235254136623,-0.191069778730631
1.33166666666667,-0.196712090393455,-0.192175461555388,-0.191750437667648,-0.191582903760993
1.332,-0.197251640339144,-0.192694014988628,-0.192267807283957,-0.192098199457988
1.33233333333333,-0.197793517090373,-0.193214773039911,-0.192787374898959,-0.192615677606194
1.33266666666667,-0.198337733555597,-0.193737747754843,-0.19330915250594,-0.193135350068845
1.333,-0.198884302731494,-0.19426295126005,-0.193833152178691,-0.193657228788471
1.33333333333333,-0.199433237703667,-0.194790395763827,-0.19435938607216,-0.194181325787495
1.33366666666667,-0.199984551647378,-0.195320093556793,-0.194887866423089,-0.194707653168898
1.334,-0.200538257828277,-0.195852057012552,-0.195418605550667,-0.195236223116838
1.33433333333333,-0.201094369603123,-0.196386298588347,-0.195951615857198,-0.195767047897306
1.33466666666667,-0.201652900420547,-0.196922830825734,-0.196486909828749,-0.196300139858763
1.335,-0.202213863821781,-0.197461666351274,-0.197024500035837,-0.196835511432811
1.33533333333333,-0.202777273441435,-0.19800281787719,-0.197564399134091,-0.197373175134846
1.33566666666667,-0.203343143008245,-0.198546298202076,-0.198106619864946,-0.197913143564741
1.336,-0.203911486345853,-0.19909212021159,-0.198651175056335,-0.198455429407497
1.33633333333333,-0.204482317373588,-0.199640296879143,-0.199198077623358,-0.199000045433948
1.33666666666667,-0.205055650107232,-0.200190841266627,-0.199747340569031,-0.199547004501431
1.337,-0.205631498659846,-0.200743766525116,-0.200298976984944,-0.200096319554493
1.33733333333333,-0.206209877242537,-0.201299085895595,-0.200853000052016,-0.200648003625583
1.33766666666667,-0.206790800165297,-0.201856812709686,-0.201409423041191,-0.201202069835763
1.338,-0.207374281837792,-0.202416960390384,-0.201968259314184,-0.201758531395417
1.33833333333333,-0.207960336770208,-0.202979542452801,-0.202529522324201,-0.202317401604972
1.33866666666667,-0.20854897957407,-0.203544572504915,-0.203093225616697,-0.202878693855631
1.339,-0.209140224963078,-0.204112064248326,-0.203659382830116,-0.203442421630098
1.33933333333333,-0.209734087753976,-0.204682031479019,-0.204228007696643,-0.20400859850332
1.33966666666667,-0.210330582867381,-0.205254488088137,-0.20479911404298,-0.204577238143242
1.34,-0.210929725328671,-0.205829448062755,-0.205372715791112,-0.205148354311548
1.34033333333333,-0.211531530268838,-0.206406925486676,-0.205948826959073,-0.205721960864431
1.34066666666667,-0.212136012925383,-0.206986934541211,-0.206527461661749,-0.206298071753358
1.341,-0.2127431886432,-0.207569489505982,-0.20710863411166,-0.20687670102585
1.34133333333333,-0.21335307287547,-0.208154604759736,-0.207692358619762,-0.207457862826256
1.34166666666667,-0.213965681184575,-0.208742294781161,-0.208278649596257,-0.208041571396552
1.342,-0.214581029243009,-0.209332574149703,-0.208867521551409,-0.208627841077137
1.34233333333333,-0.215199132834304,-0.209925457546401,-0.209458989096354,-0.209216686307631
1.34266666666667,-0.215820007853964,-0.210520959754726,-0.210053066943954,-0.209808121627694
1.343,-0.216443670310404,-0.211119095661425,-0.210649769909617,-0.21040216167784
1.34333333333333,-0.217070136325905,-0.211719880257389,-0.211249112912149,-0.210998821200285
1.34366666666667,-0.217699422137571,-0.212323328638492,-0.211851110974608,-0.211598115039749
1.344,-0.218331544098307,-0.212929456006488,-0.212455779225179,-0.212200058144328
1.34433333333333,-0.218966518677785,-0.213538277669881,-0.21306313289802,-0.212804665566339
1.34466666666667,-0.219604362463452,-0.21414980904481,-0.21367318733416,-0.213411952463168
1.345,-0.22024509216151,-0.21476406565595,-0.214285957982395,-0.214021934098155
1.34533333333333,-0.220888724597936,-0.215381063137416,-0.214901460400154,-0.214634625841461
1.34566666666667,-0.221535276719497,-0.216000817233684,-0.215519710254438,-0.21525004317095
1.346,-0.222184765594781,-0.216623343800503,-0.216140723322707,-0.215868201673091
1.34633333333333,-0.22283720841523,-0.217248658805841,-0.21676451549382,-0.216489117043852
1.34666666666667,-0.223492622496199,-0.217876778330811,-0.217391102768952,-0.21711280508962
1.347,-0.224151025278003,-0.21850771857063,-0.218020501262561,-0.217739281728105
1.34733333333333,-0.224812434326998,-0.219141495835584,-0.218652727203291,-0.218368562989278
1.34766666666667,-0.225476867336651,-0.219778126551988,-0.219287796934981,-0.219000665016311
1.348,-0.226144342128645,-0.22041762726316,-0.219925726917603,-0.21963560406651
1.34833333333333,-0.226814876653965,-0.221060014630429,-0.220566533728245,-0.220273396512286
1.34866666666667,-0.227488488994014,-0.221705305434108,-0.221210234062103,-0.220914058842105
1.349,-0.228165197361757,-0.222353516574517,-0.221856844733467,-0.221557607661472
1.34933333333333,-0.228845020102822,-0.223004665072999,-0.222506382676742,-0.222204059693905
1.34966666666667,-0.22952797569668,-0.223658768072939,-0.22315886494745,-0.222853431781927
1.35,-0.230214082757774,-0.224315842840808,-0.223814308723267,-0.223505740888086
1.35033333333333,-0.230903360036711,-0.224975906767207,-0.224472731305047,-0.224161004095937
1.35066666666667,-0.231595826421433,-0.225638977367931,-0.225134150117881,-0.224819238611088
1.351,-0.232291500938407,-0.226305072285025,-0.225798582712139,-0.225480461762222
1.35133333333333,-0.232990402753836,-0.226974209287874,-0.226466046764552,-0.226144691002138
1.35166666666667,-0.233692551174869,-0.227646406274282,-0.227136560079274,-0.226811943908801
1.352,-0.23439796565085,-0.228321681271583,-0.227810140588985,-0.227482238186414
1.35233333333333,-0.235106665774528,-0.229000052437746,-0.228486806355971,-0.228155591666476
1.35266666666667,-0.235818671283336,-0.229681538062493,-0.229166575573248,-0.228832022308869
1.353,-0.236534002060648,-0.230366156568443,-0.229849466565682,-0.229511548202963
1.35333333333333,-0.237252678137061,-0.231053926512238,-0.230535497791105,-0.230194187568703
1.35366666666667,-0.237974719691691,-0.231744866585717,-0.23122468784148,-0.230879958757739
1.354,-0.23870014705347,-0.232438995617075,-0.231917055444029,-0.231568880254537
1.35433333333333,-0.239428980702474,-0.233136332572043,-0.232612619462423,-0.23226097067753
1.35466666666667,-0.240161241271245,-0.23383689655507,-0.23331139889794,-0.232956248780249
1.355,-0.240896949546152,-0.234540706810544,-0.23401341289066,-0.233654733452509
1.35533333333333,-0.241636126468741,-0.235247782723984,-0.234718680720674,-0.234356443721553
1.35566666666667,-0.242378793137104,-0.235958143823288,-0.235427221809278,-0.235061398753249
1.356,-0.243124970807277,-0.236671809779953,-0.236139055720213,-0.235769617853281
1.35633333333333,-0.243874680894636,-0.237388800410338,-0.236854202160892,-0.236481120468356
1.35666666666667,-0.244627944975318,-0.238109135676927,-0.237572680983656,-0.237195926187417
1.357,-0.245384784787649,-0.238832835689595,-0.238294512187028,-0.237914054742886
1.35733333333333,-0.246145222233582,-0.23955992070691,-0.23901971591699,-0.23863552601189
1.35766666666667,-0.246909279380171,-0.240290411137436,-0.239748312468283,-0.239360360017523
1.358,-0.247676978461041,-0.241024327541034,-0.240480322285675,-0.240088576930121
1.35833333333333,-0.248448341877869,-0.241761690630204,-0.241215765965308,-0.240820197068532
1.35866666666667,-0.24922339220191,-0.242502521271422,-0.241954664256001,-0.241555240901409
1.359,-0.250002152175501,-0.243246840486505,-0.242697038060607,-0.242293729048525
1.35933333333333,-0.250784644713606,-0.243994669453961,-0.243442908437348,-0.243035682282082
1.35966666666667,-0.251570892905369,-0.244746029510394,-0.244192296601191,-0.243781121528044
1.36,-0.25236092001568,-0.245500942151889,-0.244945223925243,-0.244530067867491
1.36033333333333,-0.253154749486768,-0.24625942903543,-0.245701711942108,-0.245282542537973
1.36066666666667,-0.253952404939794,-0.247021511980321,-0.246461782345339,-0.24603856693488
1.361,-0.254753910176483,-0.247787212969634,-0.247225456990829,-0.24679816261283
1.36133333333333,-0.255559289180746,-0.248556554151659,-0.247992757898264,-0.247561351287074
1.36166666666667,-0.25636856612034,-0.249329557841377,-0.248763707252573,-0.248328154834907
1.362,-0.257181765348537,-0.250106246521948,-0.249538327405394,-0.249098595297094
1.36233333333333,-0.257998911405817,-0.250886642846205,-0.250316640876556,-0.24987269487933
1.36266666666667,-0.25882002902157,-0.251670769638183,-0.251098670355578,-0.250650475953671
1.363,-0.259645143115811,-0.252458649894639,-0.251884438703176,-0.251431961060041
1.36333333333333,-0.260474278800938,-0.253250306786608,-0.252673968952798,-0.252217172907682
1.36366666666667,-0.261307461383484,-0.254045763660957,-0.253467284312169,-0.253006134376689
1.364,-0.262144716365895,-0.254845044041983,-0.254264408164842,-0.253798868519518
1.36433333333333,-0.262986069448324,-0.255648171632992,-0.255065364071783,-0.254595398562522
1.36466666666667,-0.263831546530464,-0.256455170317921,-0.255870175772958,-0.255395747907486
1.365,-0.26468117371336,-0.257266064162966,-0.256678867188946,-0.256199940133223
1.36533333333333,-0.265534977301283,-0.258080877418235,-0.257491462422559,-0.25700799899713
1.36566666666667,-0.266392983803597,-0.258899634519393,-0.258307985760484,-0.257819948436794
1.366,-0.267255219936668,-0.259722360089373,-0.259128461674951,-0.258635812571614
1.36633333333333,-0.268121712625745,-0.260549078940047,-0.259952914825404,-0.259455615704426
1.36666666666667,-0.268992489006935,-0.261379816073963,-0.260781370060187,-0.260279382323147
1.367,-0.269867576429145,-0.262214596686066,-0.261613852418274,-0.261107137102452
1.36733333333333,-0.270747002456048,-0.263053446165459,-0.262450387130978,-0.261938904905448
1.36766666666667,-0.271630794868095,-0.263896390097177,-0.263290999623715,-0.262774710785376
1.368,-0.27251898166453,-0.264743454263965,-0.264135715517757,-0.263614579987331
1.36833333333333,-0.273411591065443,-0.265594664648102,-0.264984560632027,-0.264458537949988
1.36866666666667,-0.27430865151381,-0.266450047433214,-0.265837560984898,-0.265306610307378
1.369,-0.275210191677602,-0.267309629006137,-0.26669474279601,-0.266158822890629
1.36933333333333,-0.276116240451889,-0.268173435958769,-0.267556132488121,-0.267015201729782
1.36966666666667,-0.277026826960954,-0.26904149508997,-0.268421756688957,-0.267875773055588
1.37,-0.277941980560477,-0.269913833407458,-0.2692916422331,-0.268740563301344
1.37033333333333,-0.278861730839691,-0.270790478129743,-0.270165816163886,-0.269609599104723
1.37066666666667,-0.279786107623591,-0.271671456688072,-0.271044305735323,-0.27048290730966
1.371,-0.280715140975154,-0.272556796728398,-0.271927138414036,-0.271360514968232
1.37133333333333,-0.281648861197601,-0.273446526113365,-0.272814341881219,-0.27224244934256
1.37166666666667,-0.282587298836658,-0.274340672924327,-0.27370594403463,-0.273128737906729
1.372,-0.283530484682871,-0.275239265463373,-0.274601972990578,-0.274019408348758
1.37233333333333,-0.28447844977391,-0.276142332255382,-0.275502457085971,-0.274914488572543
1.37266666666667,-0.285431225396932,-0.277049902050101,-0.276407424880329,-0.275814006699851
1.373,-0.286388843090961,-0.277962003824244,-0.277316905157889,-0.276717991072334
1.37333333333333,-0.287351334649275,-0.278878666783606,-0.278230926929656,-0.27762647025356
1.37366666666667,-0.288318732121848,-0.279799920365214,-0.279149519435546,-0.278539473031052
1.374,-0.289291067817799,-0.280725794239493,-0.280072712146514,-0.279457028418375
1.37433333333333,-0.290268374307868,-0.281656318312446,-0.281000534766696,-0.280379165657222
1.37466666666667,-0.29125068442694,-0.282591522727884,-0.281933017235608,-0.281305914219541
1.375,-0.292238031276575,-0.283531437869653,-0.282870189730341,-0.282237303809668
1.37533333333333,-0.293230448227561,-0.284476094363894,-0.283812082667798,-0.283173364366491
1.37566666666667,-0.294227968922526,-0.28542552308134,-0.284758726706934,-0.284114126065643
1.376,-0.295230627278563,-0.286379755139615,-0.285710152751041,-0.285059619321696
1.37633333333333,-0.296238457489856,-0.287338821905584,-0.286666391950047,-0.286009874790414
1.37666666666667,-0.297251494030392,-0.288302754997699,-0.287627475702843,-0.286964923371
1.377,-0.298269771656651,-0.289271586288408,-0.288593435659635,-0.287924796208373
1.37733333333333,-0.299293325410361,-0.290245347906544,-0.289564303724314,-0.288889524695491
1.37766666666667,-0.300322190621255,-0.291224072239787,-0.290540112056868,-0.289859140475663
1.378,-0.301356402909896,-0.292207791937119,-0.291520893075817,-0.290833675444916
1.37833333333333,-0.302395998190495,-0.29319653991132,-0.292506679460645,-0.291813161754374
1.37866666666667,-0.303441012673781,-0.294190349341496,-0.293497504154302,-0.292797631812671
1.379,-0.304491482869902,-0.295189253675626,-0.294493400365709,-0.293787118288377
1.37933333333333,-0.305547445591363,-0.296193286633127,-0.295494401572294,-0.294781654112456
1.37966666666667,-0.306608937955974,-0.297202482207482,-0.296500541522554,-0.295781272480767
1.38,-0.307675997389872,-0.298216874668863,-0.297511854238659,-0.296786006856567
1.38033333333333,-0.308748661630526,-0.299236498566788,-0.298528374019059,-0.297795890973047
1.38066666666667,-0.309826968729827,-0.300261388732832,-0.299550135441144,-0.298810958835918
1.381,-0.310910957057181,-0.301291580283335,-0.300577173363917,-0.299831244726
1.38133333333333,-0.312000665302644,-0.302327108622162,-0.301609522930716,-0.300856783201834
1.38166666666667,-0.313096132480096,-0.303368009443496,-0.302647219571937,-0.301887609102361
1.382,-0.314197397930448,-0.304414318734638,-0.303690299007814,-0.302923757549588
1.38233333333333,-0.315304501324895,-0.305466072778866,-0.30473879725122,-0.303965263951307
1.38266666666667,-0.316417482668187,-0.306523308158308,-0.305792750610488,-0.305012164003843
1.383,-0.317536382301962,-0.307586061756855,-0.30685219569229,-0.306064493694808
1.38333333333333,-0.318661240908089,-0.308654370763105,-0.30791716940452,-0.307122289305933
1.38366666666667,-0.319792099512083,-0.30972827267334,-0.308987708959224,-0.308185587415878
1.384,-0.320928999486531,-0.31080780529454,-0.310063851875563,-0.309254424903116
1.38433333333333,-0.322071982554561,-0.311893006747422,-0.3111456359828,-0.310328838948812
1.38466666666667,-0.323221090793369,-0.312983915469516,-0.31223309942334,-0.311408867039775
1.385,-0.324376366637779,-0.314080570218292,-0.313326280655769,-0.312494546971404
1.38533333333333,-0.325537852883825,-0.315183010074297,-0.314425218457969,-0.313585916850686
1.38566666666667,-0.326705592692397,-0.316291274444338,-0.315529951930235,-0.314683015099235
1.386,-0.327879629592939,-0.317405403064713,-0.316640520498454,-0.315785880456343
1.38633333333333,-0.329060007487138,-0.318525436004466,-0.317756963917285,-0.316894551982082
1.38666666666667,-0.330246770652729,-0.319651413668669,-0.318879322273416,-0.318009069060428
1.387,-0.331439963747289,-0.32078337680177,-0.320007635988835,-0.31912947140245
1.38733333333333,-0.332639631812089,-0.321921366490955,-0.321141945824117,-0.320255799049484
1.38766666666667,-0.333845820276006,-0.323065424169558,-0.322282292881808,-0.321388092376385
1.388,-0.335058574959461,-0.324215591620507,-0.323428718609791,-0.322526392094803
1.38833333333333,-0.336277942078423,-0.325371910979809,-0.324581264804703,-0.323670739256492
1.38866666666667,-0.33750396824844,-0.326534424740088,-0.325739973615423,-0.324821175256656
1.389,-0.338736700488736,-0.327703175754143,-0.326904887546556,-0.325977741837343
1.38933333333333,-0.339976186226338,-0.328878207238554,-0.328076049461982,-0.327140481090853
1.38966666666667,-0.34122247330026,-0.330059562777342,-0.329253502588447,-0.32830943546323
1.39,-0.342475609965757,-0.331247286325657,-0.330437290519177,-0.329484647757735
1.39033333333333,-0.343735644898581,-0.33244142221351,-0.331627457217542,-0.330666161138408
1.39066666666667,-0.345002627199339,-0.333642015149558,-0.332824047020791,-0.331854019133647
1.391,-0.346276606397877,-0.334849110224921,-0.334027104643778,-0.333048265639827
1.39133333333333,-0.3475576324577,-0.336062752917055,-0.335236675182752,-0.334248944924967
1.39166666666667,-0.34884575578049,-0.337282989093654,-0.336452804119223,-0.335456101632447
1.392,-0.350141027210647,-0.338509865016615,-0.337675537323825,-0.336669780784739
1.39233333333333,-0.35144349803986,-0.339743427346043,-0.338904921060254,-0.337890027787212
1.39266666666667,-0.352753220011805,-0.340983723144295,-0.34014100198922,-0.33911688843197
1.393,-0.354070245326836,-0.342230799880085,-0.341383827172505,-0.340350408901725
1.39333333333333,-0.355394626646737,-0.343484705432624,-0.342633444076993,-0.341590635773723
1.39366666666667,-0.356726417099579,-0.344745488095808,-0.343889900578801,-0.34283761602371
1.394,-0.35806567028458,-0.346013196582491,-0.345153244967446,-0.344091397029966
1.39433333333333,-0.359412440277047,-0.34728788002873,-0.346423525950036,-0.345352026577342
1.39466666666667,-0.360766781633399,-0.348569587998183,-0.347700792655548,-0.34661955286138
1.395,-0.362128749396208,-0.349858370486467,-0.348985094639135,-0.347894024492479
1.39533333333333,-0.363498399099322,-0.351154277925616,-0.350276481886469,-0.349175490500077
1.39566666666667,-0.364875786773069,-0.352457361188593,-0.351575004818174,-0.350464000336934
1.396,-0.366260968949488,-0.353767671593828,-0.352880714294285,-0.351759603883414
1.39633333333333,-0.367654002667651,-0.35508526090983,-0.354193661618746,-0.353062351451832
1.39666666666667,-0.369054945479038,-0.356410181359862,-0.355513898544001,-0.354372293790882
1.397,-0.370463855452988,-0.357742485626637,-0.356841477275607,-0.355689482090081
1.39733333333333,-0.37188079118218,-0.359082226857112,-0.358176450476912,-0.357013967984263
1.39766666666667,-0.373305811788251,-0.360429458667316,-0.359518871273787,-0.358345803558169
1.398,-0.374738976927423,-0.36178423514723,-0.360868793259422,-0.359685041351031
1.39833333333333,-0.376180346796201,-0.363146610865745,-0.362226270499157,-0.361031734361254
1.39866666666667,-0.37762998213719,-0.364516640875667,-0.363591357535406,-0.362385936051144
1.399,-0.379087944244933,-0.365894380718782,-0.364964109392609,-0.363747700351674
1.39933333333333,-0.380554294971837,-0.367279886430989,-0.366344581582249,-0.365117081667328
1.39966666666667,-0.382029096734191,-0.368673214547489,-0.367732830107946,-0.36649413488099
1.4,-0.383512412518234,-0.370074422108034,-0.369128911470586,-0.367878915358894
1.40033333333333,-0.385004305886302,-0.371483566662254,-0.370532882673529,-0.369271478955628
1.40066666666667,-0.386504840983065,-0.372900706275032,-0.371944801227889,-0.370671882019221
1.401,-0.388014082541837,-0.374325899531952,-0.373364725157842,-0.372080181396241
1.40133333333333,-0.38953209589094,-0.37575920554481,-0.374792713006037,-0.373496434437005
1.40166666666667,-0.391058946960196,-0.377200683957189,-0.376228823839045,-0.374920699000834
1.402,-0.39259470228746,-0.378650394950127,-0.377673117252895,-0.376353033461348
1.40233333333333,-0.394139429025232,-0.380108399247815,-0.379125653378651,-0.377793496711851
1.40266666666667,-0.395693194947403,-0.381574758123387,-0.380586492888079,-0.379242148170785
1.403,-0.397256068456016,-0.383049533404786,-0.382055696999393,-0.380699047787221
1.40333333333333,-0.398828118588163,-0.384532787480684,-0.383533327483011,-0.38216425604644
1.40366666666667,-0.400409415022949,-0.386024583306491,-0.385019446667468,-0.383637833975562
1.404,-0.402000028088553,-0.387524984410435,-0.386514117445325,-0.385119843149277
1.40433333333333,-0.403600028769354,-0.389034054899699,-0.388017403279202,-0.386610345695588
1.40466666666667,-0.405209488713192,-0.390551859466658,-0.389529368207853,-0.388109404301694
1.405,-0.406828480238675,-0.392078463395193,-0.39105007685232,-0.389617082219873
1.40533333333333,-0.408457076342606,-0.393613932567053,-0.392579594422185,-0.391133443273496
1.40566666666667,-0.410095350707491,-0.395158333468327,-0.394117986721874,-0.392658551863076
1.406,-0.411743377709166,-0.39671173319599,-0.39566532015705,-0.394192472972396
1.40633333333333,-0.413401232424476,-0.398274199464513,-0.397221661741075,-0.395735272174742
1.40666666666667,-0.415068990639121,-0.399845800612588,-0.39878707910157,-0.397287015639159
1.407,-0.416746728855508,-0.401426605609898,-0.400361640487032,-0.398847770136835
1.40733333333333,-0.418434524300813,-0.403016684063999,-0.401945414773557,-0.400417603047524
1.40766666666667,-0.420132454935051,-0.404616106227284,-0.40353847147162,-0.401996582366079
1.408,-0.421840599459316,-0.406224943004026,-0.405140880732982,-0.403584776709034
1.40833333333333,-0.423559037324084,-0.407843265957508,-0.406752713357616,-0.405182255321293
1.40866666666667,-0.425287848737649,-0.409471147317265,-0.408374040800785,-0.406789088082886
1.409,-0.427027114674665,-0.411108659986382,-0.41000493518018,-0.408405345515821
1.40933333333333,-0.428776916884778,-0.412755877548918,-0.411645469283134,-0.410031098790997
1.40966666666667,-0.430537337901402,-0.414412874277399,-0.413295716573954,-0.411666419735227
1.41,-0.432308461050583,-0.416079725140424,-0.41495575120132,-0.413311380838342
1.41033333333333,-0.434090370459994,-0.417756505810341,-0.416625648005797,-0.414966055260366
1.41066666666667,-0.435883151068037,-0.419443292671061,-0.418305482527432,-0.416630516838802
1.411,-0.437686888633067,-0.421140162825948,-0.419995331013438,-0.418304840096004
1.41133333333333,-0.439501669742741,-0.422847194105774,-0.421695270425986,-0.419989100246624
1.41166666666667,-0.441327581823492,-0.424564465076858,-0.42340537845011,-0.421683373205161
1.412,-0.443164713150113,-0.426292055049245,-0.425125733501668,-0.423387735593623
1.41233333333333,-0.445013152855482,-0.42803004408499,-0.426856414735445,-0.425102264749263
1.41266666666667,-0.446872990940402,-0.429778513006592,-0.428597502053348,-0.426827038732406
1.413,-0.448744318283585,-0.431537543405496,-0.43034907611269,-0.428562136334387
1.41333333333333,-0.450627226651759,-0.433307217650723,-0.432111218334601,-0.430307637085595
1.41366666666667,-0.452521808709913,-0.435087618897595,-0.433884010912528,-0.432063621263604
1.414,-0.454428158031665,-0.4368788310966,-0.435667536820855,-0.43383016990142
1.41433333333333,-0.456346369109798,-0.438680939002339,-0.437461879823622,-0.435607364795794
1.41466666666667,-0.458276537366893,-0.440494028182623,-0.439267124483379,-0.437395288515711
1.415,-0.460218759166145,-0.442318185027657,-0.441083356170113,-0.439194024410913
1.41533333333333,-0.462173131822295,-0.444153496759352,-0.44291066107034,-0.441003656620567
1.41566666666667,-0.46413975361273,-0.446000051440781,-0.444749126196266,-0.442824270082047
1.416,-0.466118723788703,-0.447857937985715,-0.446598839395097,-0.444655950539807
1.41633333333333,-0.468110142586743,-0.449727246168332,-0.448459889358454,-0.446498784554378
1.41666666666667,-0.470114111240173,-0.451608066633008,-0.450332365631922,-0.448352859511477
1.417,-0.472130731990826,-0.453500490904272,-0.452216358624716,-0.450218263631244
1.41733333333333,-0.474160108100887,-0.455404611396862,-0.454111959619452,-0.452095085977568
1.41766666666667,-0.476202343864912,-0.457320521425943,-0.45601926078209,-0.453983416467558
1.418,-0.478257544622002,-0.459248315217429,-0.457938355171967,-0.455883345881137
1.41833333333333,-0.480325816768148,-0.461188087918465,-0.459869336751969,-0.457794965870731
1.41866666666667,-0.482407267768743,-0.463139935608035,-0.461812300398853,-0.459718368971113
1.419,-0.484502006171249,-0.465103955307714,-0.463767341913683,-0.461653648609359
1.41933333333333,-0.486610141618065,-0.467080244992551,-0.465734558032405,-0.463600899114924
1.41966666666667,-0.488731784859543,-0.469068903602123,-0.467714046436578,-0.465560215729872
1.42,-0.490867047767207,-0.471070031051715,-0.469705905764232,-0.467531694619212
1.42033333333333,-0.493016043347112,-0.47308372824364,-0.47171023562085,-0.469515432881387
1.42066666666667,-0.49517888575345,-0.475110097078738,-0.473727136590542,-0.471511528558886
1.421,-0.497355690302281,-0.477149240468011,-0.475756710247325,-0.473520080649005
1.42133333333333,-0.499546573485486,-0.479201262344401,-0.477799059166556,-0.475541189114731
1.42166666666667,-0.501751652984907,-0.481266267674763,-0.47985428693655,-0.477574954895787
1.422,-0.503971047686683,-0.483344362471963,-0.481922498170302,-0.479621479919812
1.42233333333333,-0.50620487769577,-0.485435653807151,-0.484003798517404,-0.481680867113671
1.42266666666667,-0.508453264350681,-0.487540249822201,-0.486098294676092,-0.483753220414952
1.423,-0.510716330238434,-0.489658259742326,-0.488206094405496,-0.48583864478357
1.42333333333333,-0.512994199209672,-0.491789793888835,-0.490327306537981,-0.487937246213551
1.42366666666667,-0.515286996394048,-0.493934963692108,-0.492462040991734,-0.490049131744961
1.424,-0.51759484821577,-0.496093881704696,-0.494610408783457,-0.492174409475995
1.42433333333333,-0.519917882409405,-0.498266661614641,-0.496772522041267,-0.494313188575212
1.42466666666667,-0.522256228035879,-0.500453418258951,-0.498948494017739,-0.496465579293955
1.425,-0.52461001549872,-0.502654267637265,-0.501138439103161,-0.49863169297892
1.42533333333333,-0.526979376560509,-0.504869326925718,-0.503342472838936,-0.500811642084878
1.42566666666667,-0.529364444359579,-0.507098714490975,-0.505560711931161,-0.503005540187599
1.426,-0.531765353426949,-0.509342549904461,-0.507793274264434,-0.505213501996928
1.42633333333333,-0.534182239703472,-0.511600953956799,-0.510040278915785,-0.50743564337001
1.42666666666667,-0.536615240557273,-0.513874048672439,-0.512301846168849,-0.509672081324754
1.427,-0.539064494801387,-0.516161957324472,-0.514578097528196,-0.511922934053401
1.42733333333333,-0.541530142711667,-0.518464804449687,-0.516869155733875,-0.514188320936336
1.42766666666667,-0.544012326044968,-0.520782715863792,-0.519175144776148,-0.51646836255605
1.428,-0.546511188057534,-0.523115818676865,-0.521496189910418,-0.518763180711293
1.42833333333333,-0.549026873523712,-0.525464241309038,-0.523832417672385,-0.521072898431426
1.42866666666667,-0.551559528754897,-0.527828113506356,-0.526183955893363,-0.523397639990957
1.429,-0.554109301618741,-0.530207566356899,-0.528550933715877,-0.525737530924282
1.42933333333333,-0.556676341558675,-0.532602732307083,-0.530933481609389,-0.528092698040609
1.42966666666667,-0.559260799613661,-0.535013745178253,-0.533331731386317,-0.530463269439092
1.43,-0.561862828438288,-0.537440740183429,-0.535745816218212,-0.532849374524186
1.43033333333333,-0.564482582323096,-0.539883853944344,-0.53817587065221,-0.535251144021157
1.43066666666667,-0.567120217215239,-0.542343224508711,-0.540622030627668,-0.537668709991882
1.431,-0.569775890739435,-0.544818991367707,-0.543084433493068,-0.540102205850782
1.43133333333333,-0.5724497622192,-0.547311295473722,-0.54556321802311,-0.54255176638103
1.43166666666667,-0.575141992698429,-0.549820279258367,-0.548058524436083,-0.54501752775094
1.432,-0.577852744963251,-0.55234608665071,-0.550570494411465,-0.547499627530617
1.43233333333333,-0.580582183564229,-0.554888863095795,-0.553099271107751,-0.549998204708789
1.43266666666667,-0.583330474838877,-0.557448755573402,-0.555644999180545,-0.552513399709914
1.433,-0.586097786934501,-0.560025912617093,-0.558207824800905,-0.555045354411493
1.43333333333333,-0.58888428983138,-0.5626204843335,-0.560787895673941,-0.557594212161618
1.43366666666667,-0.591690155366294,-0.565232622421935,-0.563385361057665,-0.560160117796783
1.434,-0.594515557256386,-0.567862480194221,-0.566000371782114,-0.562743217659918
1.43433333333333,-0.597360671123374,-0.570510212594849,-0.568633080268744,-0.565343659618689
1.43466666666667,-0.600225674518143,-0.573175976221412,-0.571283640550089,-0.567961593084027
1.435,-0.603110746945674,-0.575859929345314,-0.573952208289703,-0.570597169028939
1.43533333333333,-0.606016069890349,-0.57856223193281,-0.576638940802373,-0.573250540007552
1.43566666666667,-0.608941826841655,-0.581283045666312,-0.579343997074634,-0.575921860174461
1.436,-0.611888203320231,-0.58402253396603,-0.582067537785552,-0.57861128530429
1.43633333333333,-0.614855386904336,-0.586780862011911,-0.584809725327826,-0.581318972811564
1.43666666666667,-0.617843567256695,-0.589558196765896,-0.587570723829172,-0.584045081770853
1.437,-0.620852936151761,-0.592354706994501,-0.59035069917402,-0.586789772937194
1.43733333333333,-0.623883687503358,-0.595170563291732,-0.593149819025509,-0.589553208766769
1.43766666666667,-0.626936017392769,-0.598005938102314,-0.595968252847812,-0.592335553437922
1.438,-0.63001012409724,-0.600861005745286,-0.598806171928762,-0.595136972872444
1.43833333333333,-0.633106208118889,-0.603735942437903,-0.601663749402817,-0.597957634757136
1.43866666666667,-0.636224472214089,-0.606630926319937,-0.604541160274348,-0.600797708565721
1.439,-0.639365121423262,-0.609546137478274,-0.607438581441257,-0.603657365581019
1.43933333333333,-0.64252836310115,-0.612481757971916,-0.610356191718935,-0.606536778917458
1.43966666666667,-0.645714406947521,-0.61543797185734,-0.61329417186458,-0.609436123543903
1.44,-0.648923465038379,-0.618414965214219,-0.616252704601852,-0.612355576306804
1.44033333333333,-0.652155751857588,-0.621412926171526,-0.619231974645865,-0.615295315953651
1.44066666666667,-0.655411484329057,-0.624432044934031,-0.622232168728587,-0.618255523156795
1.441,-0.658690881849344,-0.627472513809184,-0.625253475624588,-0.621236380537591
1.44133333333333,-0.661994166320805,-0.630534527234381,-0.628296086177116,-0.624238072690865
1.44166666666667,-0.665321562185246,-0.633618281804684,-0.631360193324648,-0.627260786209774
1.442,-0.668673296458074,-0.636723976300876,-0.634445992127725,-0.630304709710967
1.44233333333333,-0.672049598762984,-0.639851811718004,-0.637553679796252,-0.633370033860143
1.44266666666667,-0.675450701367187,-0.643001991294308,-0.640683455717172,-0.636456951397963
1.443,-0.678876839217184,-0.64617472054061,-0.64383552148253,-0.639565657166328
1.44333333333333,-0.682328249975078,-0.649370207270096,-0.647010080917968,-0.64269634813504
1.44366666666667,-0.685805174055453,-0.6525886616286,-0.65020734011164,-0.645849223428826
1.444,-0.689307854662869,-0.655830296125311,-0.653427507443543,-0.649024484354798
1.44433333333333,-0.692836537829855,-0.659095325663948,-0.656670793615264,-0.652222334430237
1.44466666666667,-0.696391472455587,-0.662383967574401,-0.659937411680217,-0.655442979410857
1.445,-0.69997291034511,-0.665696441644873,-0.663227577074272,-0.658686627319404
1.44533333333333,-0.703581106249192,-0.669032970154446,-0.666541507646851,-0.661953488474712
1.44566666666667,-0.707216317904824,-0.672393777906247,-0.669879423692528,-0.665243775521179
1.446,-0.710878806076324,-0.67577909226101,-0.673241547983033,-0.668557703458653
1.44633333333333,-0.714568834597097,-0.679189143171191,-0.676628105799773,-0.671895489672743
1.44666666666667,-0.71828667041207,-0.682624163215625,-0.680039324966826,-0.675257353965605
1.447,-0.72203258362081,-0.686084387634702,-0.683475435884445,-0.67864351858716
1.44733333333333,-0.725806847521256,-0.68957005436603,-0.686936671563018,-0.682054208266746
1.44766666666667,-0.729609738654236,-0.693081404080715,-0.690423267657597,-0.68548965024527
1.448,-0.733441536848641,-0.696618680220175,-0.693935462502893,-0.688950074307798
1.44833333333333,-0.737302525267305,-0.700182129033479,-0.697473497148826,-0.692435712816639
1.44866666666667,-0.741192990453675,-0.70377199961533,-0.701037615396597,-0.69594680074492
1.449,-0.745113222379176,-0.707388543944585,-0.704628063835331,-0.699483575710637
1.44933333333333,-0.749063514491338,-0.711032016923371,-0.708245091879206,-0.703046278011196
1.44966666666667,-0.753044163762752,-0.714702676416847,-0.711888951805229,-0.70663515065853
1.45,-0.757055470740734,-0.718400783293546,-0.71555989879154,-0.710250439414642
1.45033333333333,-0.761097739597846,-0.722126601466337,-0.719258190956271,-0.713892392827731
1.45066666666667,-0.765171278183224,-0.725880397934069,-0.722984089397067,-0.717561262268851
1.451,-0.769276398074709,-0.729662442823831,-0.726737858231139,-0.721257301969082
1.45133333333333,-0.773413414631858,-0.733473009433862,-0.730519764635963,-0.724980769057286
1.45166666666667,-0.777582647049805,-0.737312374277178,-0.734330078890602,-0.728731923598403
1.452,-0.781784418413992,-0.741180817125845,-0.738169074417652,-0.732511028632337
1.45233333333333,-0.786019055755786,-0.745078621055946,-0.742037027825819,-0.736318350213388
1.45266666666667,-0.790286890109034,-0.749006072493285,-0.745934218953179,-0.740154157450311
1.453,-0.794588256567533,-0.752963461259809,-0.749860930911077,-0.744018722546953
1.45333333333333,-0.798923494343406,-0.756951080620707,-0.753817450128711,-0.747912320843495
1.45366666666667,-0.803292946826494,-0.760969227332357,-0.75780406639842,-0.751835230858333
1.454,-0.807696961644712,-0.765018201690928,-0.761821072921629,-0.755787734330574
1.45433333333333,-0.81213589072535,-0.769098307581821,-0.765868766355564,-0.759770116263152
1.45466666666667,-0.816610090357477,-0.773209852529885,-0.769947446860634,-0.763782664966637
1.455,-0.821119921255309,-0.777353147750427,-0.77405741814861,-0.767825672103681
1.45533333333333,-0.825665748622642,-0.78152850820102,-0.778198987531468,-0.771899432734112
1.45566666666667,-0.830247942218382,-0.785736252634177,-0.782372465971094,-0.77600424536076
1.456,-0.834866876423165,-0.789976703650855,-0.786578168129697,-0.780140411975948
1.45633333333333,-0.839522930307041,-0.794250187754791,-0.790816412421014,-0.784308238108668
1.45666666666667,-0.844216487698378,-0.798557035407775,-0.795087521062362,-0.788508032872541
1.457,-0.848947937253823,-0.802897581085753,-0.799391820127451,-0.792740109014424
1.45733333333333,-0.853717672529514,-0.807272163335851,-0.803729639600058,-0.797004782963805
1.45766666666667,-0.858526092053479,-0.811681124834385,-0.808101313428557,-0.801302374882969
1.458,-0.863373599399209,-0.816124812445704,-0.812507179581281,-0.805633208717888
1.45833333333333,-0.868260603260524,-0.820603577282074,-0.816947580102755,-0.809997612249894
1.45866666666667,-0.87318751752771,-0.825117774764514,-0.821422861170856,-0.814395917148188
1.459,-0.878154761364919,-0.829667764684619,-0.825933373154861,-0.818828459023107
1.45933333333333,-0.883162759288867,-0.834253911267375,-0.830479470674375,-0.823295577480224
1.45966666666667,-0.888211941248968,-0.838876583235065,-0.835061512659288,-0.827797616175304
1.46,-0.893302742708725,-0.843536153872147,-0.839679862410583,-0.832334922870065
1.46033333333333,-0.898435604728572,-0.848233001091256,-0.844334887662179,-0.836907849488844
1.46066666666667,-0.903610974050138,-0.852967507500265,-0.849026960643768,-0.841516752176098
1.461,-0.908829303181957,-0.857740060470473,-0.853756458144615,-0.846161991354843
1.46133333333333,-0.914091050486604,-0.862551052205889,-0.858523761578398,-0.85084393178593
1.46166666666667,-0.91939668026943,-0.867400879813702,-0.863329257049107,-0.855562942628325
1.462,-0.924746662868741,-0.87228994537591,-0.868173335417995,-0.860319397500262
1.46233333333333,-0.930141474747588,-0.877218656022106,-0.873056392371588,-0.865113674541366
1.46266666666667,-0.935581598587143,-0.882187424003539,-0.877978828490817,-0.869946156475773
1.463,-0.941067523381689,-0.887196666768358,-0.88294104932127,-0.874817230676188
1.46333333333333,-0.946599744535274,-0.892246807038147,-0.887943465444537,-0.879727289228969
1.46366666666667,-0.952178763960053,-0.897338272885733,-0.892986492550792,-0.884676729000243
1.464,-0.957805090176363,-0.902471497814298,-0.898070551512479,-0.889665951703052
1.46433333333333,-0.963479238414505,-0.907646920837821,-0.903196068459239,-0.894695363965513
1.46466666666667,-0.969201730718401,-0.912864986562896,-0.90836347485404,-0.899765377400127
1.465,-0.974973096050999,-0.918126145271905,-0.913573207570581,-0.904876408674102
1.46533333333333,-0.980793870401556,-0.923430853007615,-0.918825708971903,-0.910028879580828
1.46566666666667,-0.986664596894867,-0.928779571659225,-0.924121426990362,-0.915223217112491
1.466,-0.992585825902362,-0.934172769049842,-0.929460815208857,-0.920459853533793
1.46633333333333,-0.998558115155205,-0.939610919025459,-0.934844332943424,-0.925739226456866
1.46666666666667,-1.00458202985945,-0.945094501545476,-0.940272445327186,-0.931061778917381
1.467,-1.01065814281316,-0.950624002774744,-0.94574562339567,-0.936427959451861
1.46733333333333,-1.01678703452569,-0.956199915177179,-0.951264344173555,-0.941838222176184
1.46766666666667,-1.0229692933391,-0.961822737611006,-0.956829090762855,-0.947293026865401
1.468,-1.02920551555171,-0.967492975425651,-0.962440352432563,-0.952792839034798
1.46833333333333,-1.03549630554392,-0.973211140560235,-0.968098624709765,-0.958338130022219
1.46866666666667,-1.04184227590626,-0.978977751643874,-0.973804409472292,-0.963929377071771
1.469,-1.04824404756979,-0.98479333409762,-0.979558215042916,-0.969567063418806
1.46933333333333,-1.05470224993881,-0.990658420238226,-0.985360556285107,-0.975251678376312
1.46966666666667,-1.06121752102607,-0.996573549383691,-0.991211954700392,-0.980983717422654
1.47,-1.06779050759031,-1.00253926796066,-0.997112938527376,-0.986763682290777
1.47033333333333,-1.07442186527643,-1.00855612961365,-1.00306404284235,-0.992592081058763
1.47066666666667,-1.0811122587581,-1.01462469531627,-1.00906580966168,-0.998469428241933
1.471,-1.08786236188313,-1.02074553348432,-1.01511878804589,-1.0043962448864
1.47133333333333,-1.0946728578213,-1.02691922009087,-1.02122353420543,-1.0103730586641
1.47166666666667,-1.10154443921514,-1.03314633878345,-1.02738061160834,-1.01640040396942
1.472,-1.10847780833329,-1.03942748100315,-1.03359059108969,-1.02247882201738
1.47233333333333,-1.1154736772268,-1.04576324610602,-1.03985405096283,-1.02860886094333
1.47266666666667,-1.12253276788826,-1.05215424148644,-1.04617157713259,-1.03479107590441
1.473,-1.12965581241397,-1.05860108270278,-1.05254376321044,-1.04102602918254
1.47333333333333,-1.13684355316897,-1.06510439360527,-1.05897121063143,-1.0473142902891
1.47366666666667,-1.1440967429553,-1.07166480646609,-1.06545452877339,-1.05365643607139
1.474,-1.15141614518333,-1.07828296211194,-1.07199433507796,-1.0600530508208
1.47433333333333,-1.15880253404621,-1.08495951005874,-1.07859125517376,-1.06650472638265
1.47466666666667,-1.16625669469775,-1.09169510864895,-1.0852459230017,-1.073012062268
1.475,-1.17377942343356,-1.09849042519128,-1.09195898094241,-1.07957566576716
1.47533333333333,-1.1813715278755,-1.10534613610286,-1.09873107994585,-1.08619615206509
1.47566666666667,-1.18903382715981,-1.11226292705406,-1.10556287966324,-1.09287414435876
1.476,-1.19676715212862,-1.11924149311591,-1.11245504858112,-1.09961027397639
1.47633333333333,-1.20457234552518,-1.12628253891006,-1.11940826415786,-1.10640518049859
1.47666666666667,-1.21245026219275,-1.1333867787617,-1.12642321296248,-1.11325951188166
1.477,-1.2204017692773,-1.14055493685503,-1.1335005908159,-1.12017392458278
1.47733333333333,-1.22842774643404,-1.14778774739166,-1.14064110293458,-1.12714908368733
1.47766666666667,-1.23652908603795,-1.15508595475194,-1.1478454640768,-1.13418566303832
1.478,-1.24470669339827,-1.16245031365912,-1.15511439869129,-1.14128434536799
1.47833333333333,-1.25296148697713,-1.16988158934665,-1.16244864106867,-1.14844582243147
1.47866666666667,-1.26129439861245,-1.17738055772846,-1.16984893549538,-1.15567079514286
1.479,-1.26970637374499,-1.1849480055724,-1.17731603641041,-1.16295997371342
1.47933333333333,-1.27819837164996,-1.19258473067687,-1.18485070856469,-1.17031407779206
1.47966666666667,-1.28677136567291,-1.20029154205074,-1.19245372718333,-1.17773383660831
1.48,-1.29542634347042,-1.20806926009657,-1.20012587813082,-1.18521998911756
1.48033333333333,-1.30416430725521,-1.21591871679722,-1.20786795807889,-1.19277328414868
1.48066666666667,-1.31298627404632,-1.22384075590599,-1.2156807746776,-1.20039448055431
1.481,-1.32189327592389,-1.23183623314018,-1.22356514672931,-1.20808434736346
1.48133333333333,-1.33088636028909,-1.23990601637843,-1.23152190436578,-1.21584366393675
1.48166666666667,-1.33996659012909,-1.24805098586158,-1.23955188922839,-1.2236732201243
1.482,-1.34913504428728,-1.25627203439741,-1.24765595465159,-1.23157381642624
1.48233333333333,-1.3583928177387,-1.26457006756917,-1.25583496584964,-1.23954626415585
1.48266666666667,-1.36774102187108,-1.27294600394805,-1.26408980010658,-1.24759138560555
1.483,-1.37718078477122,-1.28140077530969,-1.27242134696976,-1.25571001421567
1.48333333333333,-1.38671325151724,-1.28993532685466,-1.28083050844666,-1.26390299474601
1.48366666666667,-1.3963395844765,-1.29855061743329,-1.28931819920537,-1.27217118345037
1.484,-1.40606096360953,-1.30724761977461,-1.29788534677862,-1.28051544825396
1.48433333333333,-1.41587858677994,-1.31602732071972,-1.30653289177144,-1.28893666893392
1.48466666666667,-1.4257936700706,-1.32489072145962,-1.31526178807265,-1.29743573730274
1.485,-1.43580744810613,-1.33383883777748,-1.3240730030701,-1.30601355739499
1.48533333333333,-1.44592117438179,-1.34287270029567,-1.33296751786978,-1.31467104565701
1.48566666666667,-1.45613612159909,-1.35199335472746,-1.34194632751902,-1.32340913114004
1.486,-1.46645358200813,-1.3612018621335,-1.35101044123357,-1.33222875569643
1.48633333333333,-1.47687486775675,-1.37049929918336,-1.36016088262891,-1.34113087417934
1.48666666666667,-1.48740131124691,-1.37988675842201,-1.36939868995576,-1.3501164546458
1.487,-1.49803426549822,-1.38936534854147,-1.37872491633983,-1.35918647856319
1.48733333333333,-1.50877510451879,-1.39893619465775,-1.38814063002597,-1.36834194101931
1.48766666666667,-1.51962522368372,-1.40860043859312,-1.39764691462679,-1.37758385093598
1.488,-1.53058604012134,-1.41835923916393,-1.40724486937584,-1.38691323128642
1.48833333333333,-1.54165899310718,-1.42821377247389,-1.41693560938538,-1.39633111931611
1.48866666666667,-1.55284554446625,-1.43816523221328,-1.42672026590891,-1.40583856676772
1.489,-1.56414717898334,-1.44821482996383,-1.43659998660853,-1.41543664010966
1.48933333333333,-1.5755654048219,-1.45836379550965,-1.44657593582719,-1.42512642076871
1.48966666666667,-1.58710175395157,-1.46861337715425,-1.45664929486603,-1.43490900536657
1.49,-1.59875778258445,-1.47896484204382,-1.46682126226672,-1.44478550596047
1.49033333333333,-1.61053507162039,-1.48941947649679,-1.47709305409915,-1.45475705028798
1.49066666666667,-1.62243522710162,-1.49997858633999,-1.4874659042543,-1.46482478201592
1.491,-1.63445988067674,-1.51064349725144,-1.4979410647427,-1.47498986099372
1.49133333333333,-1.64661069007437,-1.52141555510983,-1.50851980599827,-1.48525346351093
1.49166666666667,-1.65888933958669,-1.53229612635111,-1.51920341718795,-1.49561678255941
1.492,-1.6712975405631,-1.54328659833198,-1.52999320652696,-1.50608102809988
1.49233333333333,-1.68383703191412,-1.55438837970074,-1.54089050159999,-1.51664742733301
1.49266666666667,-1.69650958062603,-1.56560290077557,-1.55189664968847,-1.52731722497547
1.493,-1.70931698228608,-1.5769316139302,-1.56301301810375,-1.53809168354044
1.49333333333333,-1.72226106161899,-1.58837599398748,-1.57424099452672,-1.54897208362311
1.49366666666667,-1.73534367303457,-1.59993753862072,-1.58558198735362,-1.55995972419116
1.494,-1.74856670118702,-1.61161776876325,-1.59703742604851,-1.57105592288014
1.49433333333333,-1.76193206154595,-1.62341822902592,-1.6086087615021,-1.58226201629404
1.49466666666667,-1.77544170097966,-1.6353404881234,-1.62029746639763,-1.59357936031107
1.495,-1.78909759835058,-1.64738613930877,-1.63210503558337,-1.60500933039466
1.49533333333333,-1.80290176512352,-1.65955680081707,-1.64403298645227,-1.61655332190991
1.49566666666667,-1.81685624598685,-1.67185411631773,-1.65608285932871,-1.62821275044549
1.496,-1.8309631194868,-1.68427975537627,-1.66825621786263,-1.6399890521411
1.49633333333333,-1.84522449867547,-1.69683541392528,-1.68055464943095,-1.65188368402064
1.49666666666667,-1.85964253177253,-1.70952281474504,-1.69297976554671,-1.66389812433105
1.497,-1.87421940284122,-1.72234370795389,-1.70553320227592,-1.67603387288721
1.49733333333333,-1.88895733247869,-1.73529987150862,-1.71821662066221,-1.68829245142253
1.49766666666667,-1.9038585785213,-1.74839311171508,-1.7310317071597,-1.70067540394588
1.498,-1.91892543676497,-1.76162526374917,-1.7439801740739,-1.71318429710447
1.49833333333333,-1.93416024170103,-1.77499819218857,-1.75706376001105,-1.72582072055316
1.49866666666667,-1.949565367268,-1.78851379155529,-1.77028423033604,-1.73858628733009
1.499,-1.96514322761945,-1.80217398686941,-1.78364337763894,-1.75148263423878
1.49933333333333,-1.98089627790846,-1.81598073421408,-1.79714302221039,-1.76451142223682
1.49966666666667,-1.99682701508909,-1.82993602131224,-1.81078501252613,-1.77767433683134
1.5,-2.01293797873509,-1.84404186811518,-1.82457122574066,-1.79097308848124
1.50033333333333,-2.02923175187626,-1.85830032740307,-1.83850356819027,-1.80440941300626
1.50066666666667,-2.04571096185308,-1.87271348539803,-1.85258397590572,-1.81798507200329
1.501,-2.06237828118966,-1.88728346238979,-1.86681441513465,-1.83170185326969
1.50133333333333,-2.07923642848564,-1.90201241337409,-1.88119688287385,-1.84556157123383
1.50166666666667,-2.09628816932741,-1.91690252870438,-1.8957334074117,-1.85956606739312
1.502,-2.1135363172192,-1.93195603475703,-1.91042604888109,-1.87371721075955
1.50233333333333,-2.13098373453405,-1.94717519461,-1.92527689982252,-1.88801689831271
1.50266666666667,-2.14863333348571,-1.96256230873579,-1.94028808575826,-1.90246705546068
1.503,-2.16648807712135,-1.97811971570849,-1.95546176577717,-1.91706963650867
1.50333333333333,-2.1845509803358,-1.99384979292538,-1.97080013313066,-1.93182662513562
1.50366666666667,-2.20282511090789,-2.00975495734362,-1.98630541584013,-1.94674003487897
1.504,-2.22131359055912,-2.02583766623191,-2.00197987731575,-1.96181190962758
1.50433333333333,-2.240019596035,-2.04210041793765,-2.01782581698693,-1.97704432412285
1.50466666666667,-2.25894636021012,-2.05854575266989,-2.0338455709449,-1.99243938446849
1.505,-2.27809717321684,-2.07517625329853,-2.05004151259733,-2.00799922864871
1.50533333333333,-2.29747538359819,-2.09199454616953,-2.06641605333516,-2.02372602705497
1.50566666666667,-2.31708439948583,-2.1090033019373,-2.08297164321228,-2.03962198302179
1.506,-2.33692768980306,-2.12620523641372,-2.09971077163774,-2.05568933337117
1.50633333333333,-2.35700878549367,-2.14360311143467,-2.11663596808096,-2.07193034896612
1.50666666666667,-2.37733128077721,-2.16119973574428,-2.13374980279032,-2.08834733527339
1.507,-2.39789883443078,-2.17899796589701,-2.15105488752498,-2.10494263293527
1.50733333333333,-2.4187151710982,-2.19700070717807,-2.16855387630031,-2.12171861835076
1.50766666666667,-2.43978408262697,-2.21521091454246,-2.18624946614727,-2.13867770426622
1.508,-2.46110942943341,-2.23363159357303,-2.20414439788582,-2.15582234037557
1.50833333333333,-2.48269514189652,-2.25226580145752,-2.22224145691239,-2.17315501392989
1.50866666666667,-2.50454522178116,-2.27111664798542,-2.24054347400208,-2.19067825035707
1.509,-2.52666374369072,-2.2901872965645,-2.25905332612525,-2.20839461389096
1.50933333333333,-2.54905485655014,-2.30948096525756,-2.27777393727909,-2.22630670821053
1.50966666666667,-2.57172278511953,-2.32900092783961,-2.29670827933426,-2.24441717708903
1.51,-2.59467183153876,-2.34875051487583,-2.31585937289667,-2.26272870505309
1.51033333333333,-2.61790637690354,-2.36873311482034,-2.33523028818461,-2.28124401805181
1.51066666666667,-2.64143088287362,-2.38895217513654,-2.35482414592164,-2.29996588413621
1.511,-2.66524989331317,-2.40941120343881,-2.37464411824515,-2.31889711414876
1.51133333333333,-2.68936803596375,-2.43011376865586,-2.39469342963058,-2.33804056242299
1.51166666666667,-2.71379002415063,-2.45106350221637,-2.41497535783212,-2.35739912749351
1.512,-2.73852065852227,-2.47226409925661,-2.43549323483918,-2.37697575281626
1.51233333333333,-2.76356482882333,-2.49371931985036,-2.45625044784925,-2.39677342749876
1.51266666666667,-2.78892751570211,-2.51543299026174,-2.47725044025737,-2.41679518704104
1.513,-2.81461379255163,-2.53740900422033,-2.49849671266173,-2.4370441140863
1.51333333333333,-2.84062882738522,-2.55965132421929,-2.51999282388597,-2.45752333918197
1.51366666666667,-2.86697788474652,-2.58216398283622,-2.54174239201802,-2.47823604155075
1.514,-2.89366632765416,-2.60495108407722,-2.56374909546574,-2.49918544987184
1.51433333333333,-2.92069961958054,-2.62801680474336,-2.58601667402866,-2.52037484307164
1.51466666666667,-2.94808332646544,-2.65136539582052,-2.60854892998684,-2.54180755112463
1.515,-2.97582311876369,-2.67500118389165,-2.63134972920584,-2.56348695586359
1.51533333333333,-3.00392477352692,-2.69892857257177,-2.65442300225819,-2.58541649179919
1.51566666666667,-3.03239417651911,-2.72315204396542,-2.67777274556114,-2.60759964694893
1.516,-3.06123732436546,-2.74767616014635,-2.70140302253054,-2.63003996367492
1.51633333333333,-3.09046032673383,-2.77250556465866,-2.72531796475027,-2.65274103953013
1.51666666666667,-3.12006940854865,-2.79764498403983,-2.74952177315777,-2.67570652811328
1.517,-3.15007091223571,-2.82309922936426,-2.77401871924425,-2.69894013993136
1.51733333333333,-3.18047129999768,-2.84887319780724,-2.79881314627004,-2.72244564326977
1.51766666666667,-3.21127715611876,-2.87497187422867,-2.82390947049455,-2.74622686506967
1.518,-3.24249518929725,-2.90140033277528,-2.84931218241965,-2.77028769181162
1.51833333333333,-3.27413223500463,-2.92816373850091,-2.87502584804664,-2.79463207040522
1.51866666666667,-3.30619525786952,-2.95526734900356,-2.9010551101458,-2.81926400908423
1.519,-3.33869135408464,-2.98271651607812,-2.92740468953779,-2.84418757830618
1.51933333333333,-3.37162775383403,-3.01051668738298,-2.95407938638578,-2.86940691165563
1.51966666666667,-3.40501182373937,-3.03867340812006,-2.98108408149806,-2.89492620675086
1.52,-3.43885106932085,-3.06719232272491,-3.00842373763898,-2.92074972615193
1.52033333333333,-3.47315313747139,-3.0960791765667,-3.03610340084799,-2.9468817982703
1.52066666666667,-3.50792581893958,-3.12533981765476,-3.06412820176498,-2.97332681827799
1.521,-3.54317705081794,-3.15498019834975,-3.09250335696026,-3.00008924901535
1.52133333333333,-3.57891491903209,-3.18500637707667,-3.12123417026778,-3.02717362189599
1.52166666666667,-3.61514766082695,-3.21542452003724,-3.15032603411995,-3.0545845378077
1.522,-3.6518836672437,-3.24624090291788,-3.17978443088156,-3.08232666800728
1.52233333333333,-3.68913148558264,-3.27746191258988,-3.20961493418079,-3.11040475500768
1.52266666666667,-3.72689982184569,-3.30909404879841,-3.23982321023517,-3.13882361345577
1.523,-3.76519754315117,-3.34114392583528,-3.27041501916929,-3.16758813099826
1.52333333333333,-3.8040336801141,-3.37361827419145,-3.30139621632179,-3.19670326913381
1.52366666666667,-3.84341742918332,-3.40652394218398,-3.33277275353829,-3.22617406404872
1.524,-3.88335815492651,-3.43986789755156,-3.36455068044656,-3.25600562743359
1.52433333333333,-3.92386539225332,-3.47365722901274,-3.39673614571029,-3.28620314727773
1.52466666666667,-3.96494884856631,-3.50789914778049,-3.42933539825761,-3.31677188863899
1.525,-4.00661840582733,-3.54260098902517,-3.46235478847924,-3.34771719438468
1.52533333333333,-4.04888412252687,-3.57777021327842,-3.49580076939159,-3.37904448590027
1.52566666666667,-4.09175623554323,-3.6134144077695,-3.52967989775991,-3.41075926376239
1.526,-4.13524516187488,-3.64954128768411,-3.56399883517463,-3.44286710837066
1.52633333333333,-4.17936150023142,-3.68615869733627,-3.59876434907574,-3.47537368053506
1.52666666666667,-4.22411603246424,-3.72327461124184,-3.63398331371766,-3.50828472201284
1.527,-4.26951972481782,-3.76089713508154,-3.66966271106721,-3.54160605598989
1.52733333333333,-4.31558372898095,-3.79903450654094,-3.7058096316268,-3.57534358750074
1.52766666666667,-4.36231938291528,-3.83769509601317,-3.74243127517412,-3.60950330378097
1.528,-4.4097382114366,-3.87688740714941,-3.77953495140898,-3.64409127454503
1.52833333333333,-4.45785192652201,-3.91662007724011,-3.81712808049655,-3.67911365218214
1.52866666666667,-4.50667242731559,-3.95690187741031,-3.8552181934971,-3.71457667186294
1.529,-4.55621179979972,-3.99774171260884,-3.89381293266892,-3.75048665154733
1.52933333333333,-4.60648231610103,-4.03914862137187,-3.93292005163308,-3.78684999188569
1.52966666666667,-4.65749643339301,-4.0811317753376,-3.97254741538496,-3.82367317600258
1.53,-4.709266792358,-4.1237004784891,-4.01270300013838,-3.86096276915303
1.53033333333333,-4.76180621516585,-4.1668641660987,-4.05339489298589,-3.8987254182396
1.53066666666667,-4.8151277029255,-4.21063240334734,-4.09463129135821,-3.9369678511787
1.531,-4.86924443256062,-4.25501488358839,-4.13642050226425,-3.97569687610258
1.53133333333333,-4.92416975305732,-4.30002142622405,-4.17877094129095,-4.01491938038289
1.53166666666667,-4.97991718102988,-4.3456619741613,-4.22169113134309,-4.05464232946156
1.532,-5.03650039554319,-4.39194659080917,-4.26518970109804,-4.09487276547209
1.53233333333333,-5.09393323212982,-4.43888545657965,-4.30927538315235,-4.13561780563444
1.53266666666667,-5.1522296759328,-4.48648886484966,-4.35395701183295,-4.17688464040515
1.533,-5.21140385390167,-4.53476721733975,-4.39924352064466,-4.21868053136283
1.53333333333333,-5.27147002596353,-4.58373101886107,-4.44514393932331,-4.26101280880768
1.53366666666667,-5.33244257508786,-4.63339087138154,-4.49166739046318,-4.30388886905352
1.534,-5.39433599615469,-4.68375746735518,-4.53882308568247,-4.34731617138701
1.53433333333333,-5.45716488353431,-4.73484158225861,-4.58662032129097,-4.39130223466954
1.53466666666667,-5.52094391727798,-4.78665406627333,-4.6350684734201,-4.43585463355409
1.535,-5.58568784781367,-4.83920583504876,-4.68417699257284,-4.48098099428772
1.53533333333333,-5.65141147903618,-4.89250785947851,-4.73395539754966,-4.52668899006954
1.53566666666667,-5.71812964967236,-4.94657115441735,-4.78441326870235,-4.57298633593086
1.536,-5.78585721279679,-5.00140676626218,-4.83556024046504,-4.61988078310258
1.53633333333333,-5.85460901336714,-5.05702575931805,-4.88740599310971,-4.66738011283331
1.53666666666667,-5.92439986364068,-5.11343920086429,-4.93996024366894,-4.71549212961903
1.537,-5.99524451632728,-5.17065814483304,-4.99323273596644,-4.76422465380275
1.53733333333333,-6.06715763532737,-5.22869361400766,-5.04723322969142,-4.81358551350034
1.53766666666667,-6.14015376389814,-5.28755658064641,-5.1019714884522,-4.86358253580774
1.538,-6.21424729008191,-5.34725794542955,-5.15745726673636,-4.91422353723897
1.53833333333333,-6.28945240922854,-5.40780851462903,-5.21370029570663,-4.96551631334599
1.53866666666667,-6.36578308343588,-5.46921897539295,-5.2707102677545,-5.01746862746617
1.539,-6.44325299772744,-5.53149986903563,-5.32849681973127,-5.07008819854111
1.53933333333333,-6.52187551278304,-5.59466156222194,-5.38706951477345,-5.12338268794905
1.53966666666667,-6.60166361403576,-5.65871421593203,-5.44643782263575,-5.17735968528979
1.54,-6.68262985694468,-5.72366775209183,-5.50661109844183,-5.23202669305886
1.54033333333333,-6.76478630825275,-5.78953181775322,-5.56759855975984,-5.28739111014512
1.54066666666667,-6.84814448304265,-5.85631574671078,-5.62940926190849,-5.3434602140852
1.541,-6.93271527740134,-5.92402851843997,-5.69205207139519,-5.40024114200332
1.54133333333333,-7.01850889651507,-5.99267871424876,-5.75553563738849,-5.45774087016728
1.54166666666667,-7.10553477801997,-6.06227447053561,-5.81986836112388,-5.51596619208613
1.542,-7.19380151044595,-6.132823429055,-5.88505836314229,-5.57492369507638
1.54233333333333,-7.28331674660596,-6.20433268409896,-5.95111344826103,-5.63461973522177
1.54266666666667,-7.37408711180089,-6.27680872651405,-6.01804106817815,-5.69506041065238
1.543,-7.46611810673215,-6.35025738448553,-6.08584828161285,-5.75625153306819
1.54333333333333,-7.55941400504073,-6.42468376103483,-6.15454171188779,-5.81819859743315
1.54366666666667,-7.6539777454285,-6.50009216819884,-6.22412750186591,-5.88090674976985
1.544,-7.74981081834881,-6.57648605787572,-6.29461126615693,-5.94438075298373
1.54433333333333,-7.84691314730743,-6.65386794935314,-6.36599804052149,-6.0086249506538
1.54466666666667,-7.94528296486016,-6.7322393535598,-6.43829222840611,-6.07364322872749
1.545,-8.04491668345833,-6.81160069411799,-6.51149754455836,-6.13943897506684
1.54533333333333,-8.14580876135801,-6.8919512253095,-6.58561695568241,-6.20601503679755
1.54566666666667,-8.24795156389044,-6.97328894711504,-6.6606526181163,-6.27337367542428
1.546,-8.35133522047214,-7.05561051752977,-6.73660581252824,-6.341516519684
1.54633333333333,-8.45594747783088,-7.13891116241253,-6.81347687565392,-6.41044451612149
1.54666666666667,-8.56177355003105,-7.22318458318675,-6.8912651291245,-6.48015787738827
1.547,-8.66879596598903,-7.3084228627677,-6.96996880545974,-6.55065602827783
1.54733333333333,-8.77699441530096,-7.39461637016513,-7.04958497133934,-6.62193754953319
1.54766666666667,-8.88634559333166,-7.48175366427968,-7.13010944829889,-6.69400011948094
1.548,-8.99682304665272,-7.56982139748624,-7.21153673103598,-6.7668404535688
1.54833333333333,-9.10839702006759,-7.65880421968248,-7.29385990356057,-6.8404542419112
1.54866666666667,-9.22103430660872,-7.74868468355957,-7.37707055346693,-6.91483608497319
1.549,-9.33469810204533,-7.83944315193877,-7.46115868465819,-6.98997942755456
1.54933333333333,-9.44934786559286,-7.93105770810146,-7.54611262890736,-7.06587649126673
1.54966666666667,-9.56493918866709,-8.02350407012621,-7.63191895669868,-7.14251820573326
1.55,-9.68142367365892,-8.11675551032169,-7.71856238784725,-7.21989413877452
1.55033333333333,-9.79874882484423,-8.21078278092622,-7.80602570246282,-7.29799242588292
1.55066666666667,-9.91685795364605,-8.30555404730543,-7.89428965287999,-7.37679969932801
1.551,-10.0356901005541,-8.40103482993814,-7.98333287724036,-7.45630101727239
1.55133333333333,-10.1551799760661,-8.49718795652315,-8.07313181547309,-7.53647979332016
1.55166666666667,-10.2752579230278,-8.59397352556252,-8.16366062847628,-7.61731772695667
1.552,-10.3958499027254,-8.69134888278091,-8.25489112135333,-7.69879473537682
1.55233333333333,-10.516877507001,-8.78926861171938,-8.3467926716054,-7.78088888723278
1.55266666666667,-10.6382579985257,-8.88768453979367,-8.43933216321825,-7.86357633886532
1.553,-10.7599043811496,-8.98654576102223,-8.53247392760683,-7.94683127360571
1.55333333333333,-10.8817255019783,-9.08579867651678,-8.6261796923974,-8.03062584476033
1.55366666666667,-11.0036261864583,-9.18538705367065,-8.72040853902314,-8.11493012289913
1.554,-11.1255074073176,-9.28525210478523,-8.8151168700899,-8.19971204807521
1.55433333333333,-11.2472664876884,-9.38533258563985,-8.91025838743097,-8.28493738759788
1.55466666666667,-11.3687973381389,-9.4855649142313,-9.0057840817078,-8.37056969996466
1.555,-11.4899907266669,-9.58588330958985,-9.10164223432858,-8.45657030552847
1.55533333333333,-11.6107345799709,-9.68621995021926,-9.1977784323443,-8.54289826443333
1.55566666666667,-11.7309143135316,-9.78650515132157,-9.29413559685124,-8.62951036229967
1.556,-11.850413187207,-9.88666755953926,-9.39065402525853,-8.71636110406377
1.55633333333333,-11.9691126822273,-9.98663436351457,-9.48727144759955,-8.80340271629858
1.55666666666667,-12.086892894646,-10.0863315181072,-9.5839230968467,-8.89058515823824
1.557,-12.2036329395465,-10.1856839796644,-9.6805417929617,-8.97785614162186
1.55733333333333,-12.3192113596047,-10.2846159492971,-9.77705804015891,-9.06516115934786
1.55766666666667,-12.4335065310322,-10.3830511207073,-9.87340013659964,-9.15244352280057
1.558,-12.5463970594889,-10.4809129287427,-9.96949429546209,-9.23964440757106
1.55833333333333,-12.6577621583035,-10.5781247945489,-10.0652647760679,-9.32670290715809
1.55866666666667,-12.7674820012966,-10.6746103629538,-10.1606340234845,-9.41355609409493
1.559,-12.8754380426941,-10.770293727575,-10.2555228147845,-9.50013908781734
1.55933333333333,-12.9815132970657,-10.8650996390997,-10.3498504099331,-9.58638512846885
1.55966666666667,-13.0855925729429,-10.9589536922601,-10.4435347051026,-9.67222565573818
1.56,-13.1875626547444,-11.0517824872158,-10.5364923860915,-9.75759039174141
1.56033333333333,-13.2873124288853,-11.1435137613872,-10.6286390794631,-9.84240742691383
1.56066666666667,-13.3847329514245,-11.2340764882236,-10.7198894990257,-9.92660330785867
1.561,-13.4797174562908,-11.3234009399718,-10.8101575853571,-10.010103126118
1.56133333333333,-13.5721613049847,-11.4114187122021,-10.8993566362363,-10.0928306068973
1.56166666666667,-13.6619618806318,-11.4980627086522,-10.9873994261008,-10.174708196883
1.562,-13.7490184312832,-11.5832670858332,-11.074198312968,-10.2556571504404
1.56233333333333,-13.8332318693968,-11.6669671578123,-11.1596653316859,-10.3355976136874
1.56266666666667,-13.914504536378,-11.7490992625924,-11.2437122728614,-10.4144487061718
1.563,-13.9927399428703,-11.829600592543,-11.3262507473763,-10.4921286001676
1.56333333333333,-14.0678424970895,-11.9084089923752,-11.4071922370132,-10.5685545979183
1.56366666666667,-14.1397172348139,-11.9854627291562,-11.486448132369,-10.6436432074937
1.564,-14.2082695656297,-12.0607002398039,-11.5639297598992,-10.71731021828
1.56433333333333,-14.2734050506323,-12.134059862384,-11.6395484006176,-10.7894707774833
1.56466666666667,-14.3350292269416,-12.2054795582884,-11.7132153036195,-10.860039469373
1.565,-14.3930474940826,-12.2748966330215,-11.7848416982,-10.9289303993158
1.56533333333333,-14.4473650764886,-12.3422474638181,-11.8543388088739,-10.9960572849393
1.56566666666667,-14.4978870750683,-12.4074672426578,-11.9216178780362,-11.0613335569967
1.566,-14.5445186189858,-12.4704897434072,-11.986590201326,-11.1246724726751
1.56633333333333,-14.5871651264994,-12.5312471218089,-12.049167180937,-11.1859872441712
1.56666666666667,-14.6257326809709,-12.5896697568328,-12.1092604021448,-11.2451911853617
1.567,-14.6601285250135,-12.6456861415135,-12.1667817381807,-11.3021978792857
1.56733333333333,-14.6902616722708,-12.6992228308038,-12.2216434882598,-11.3569213689437
1.56766666666667,-14.7160436326035,-12.7502044532006,-12.2737585530677,-11.4092763735967
1.568,-14.7373892426011,-12.7985537919237,-12.3230406513229,-11.4591785323073
1.56833333333333,-14.7542175894622,-12.8441919402815,-12.3694045801707,-11.5065446759247
1.56866666666667,-14.7664530125312,-12.887038534539,-12.4127665211369,-11.5512931280634
1.569,-14.774026163286,-12.9270120661263,-12.4530443922024,-11.593344034899
1.56933333333333,-14.7768751014984,-12.9640302734189,-12.4901582452719,-11.6326197227874
1.56966666666667,-14.7749464027742,-12.9980106115989,-12.5240307069361,-11.6690450818611
1.57,-14.768196250869,-13.028870797307,-12.5545874590065,-11.70254797286
1.57033333333333,-14.7565914871778,-13.0565294229504,-12.5817577538725,-11.7330596535639
1.57066666666667,-14.740110589709,-13.0809066336835,-12.6054749583413,-11.7605152203223
1.571,-14.7187445547171,-13.1019248582783,-12.6256771183204,-11.7848540593665
1.57133333333333,-14.6924976559985,-13.119509583397,-12.6423075355375,-11.8060203018609
1.57166666666667,-14.6613880596112,-13.1335901592284,-12.6553153465101,-11.8239632760332
1.572,-14.6254482753704,-13.1441006231108,-12.6646560932246,-11.8386379492608
1.57233333333333,-14.5847254307703,-13.150980526688,-12.670292274498,-11.8500053526749
1.57266666666667,-14.5392813578078,-13.154175751391,-12.6721938668021,-11.8580329807325
1.573,-14.4891924883462,-13.1536392966448,-12.6703388034561,-11.8626951582754
1.57333333333333,-14.4345495589224,-13.1493320252071,-12.6647134015459,-11.8639733678801
1.57366666666667,-14.3754571310552,-13.1412233504743,-12.6553127267,-11.8618565307842
1.574,-14.312032937936,-13.129291851444,-12.642140886931,-11.8563412353516
1.57433333333333,-14.2444070726885,-13.1135258023031,-12.6252112481048,-11.8474319078927
1.57466666666667,-14.1727210370027,-13.0939236052735,-12.6045465651887,-11.8351409216662
1.575,-14.0971266717815,-13.0704941173589,-12.5801790251965,-11.8194886410177
1.57533333333333,-14.0177849933985,-13.0432568639335,-12.552150199643,-11.8005033988379
1.57566666666667,-13.9348649602397,-13.0122421346158,-12.5205109062647,-11.7782214067891
1.576,-13.8485421944188,-12.9774909594985,-12.4853209817048,-11.7526865990377
1.57633333333333,-13.7589976829664,-12.939054966463,-12.4466489687194,-11.7239504114827
1.57666666666667,-13.6664164815013,-12.8969961229079,-12.4045717231895,-11.6920714996556
1.577,-13.570986441524,-12.8513863676655,-12.3591739477561,-11.6571153995527
1.57733333333333,-13.4728969801383,-12.8023071411028,-12.3105476601982,-11.6191541366128
1.57766666666667,-13.372337908377,-12.7498488233192,-12.2587916057065,-11.5782657888474
1.578,-13.2694983314821,-12.694110091924,-12.2040106229529,-11.5345340107538
1.57833333333333,-13.1645656316221,-12.6351972120552,-12.1463149743121,-11.4880475250819
1.57866666666667,-13.0577245407079,-12.5732232720767,-12.0858196507521,-11.4388995897763
1.579,-12.9491563082914,-12.5083073787614,-12.0226436618068,-11.3871874474931
1.57933333333333,-12.8390379670746,-12.4405738257481,-11.9569093206824,-11.3330117649877
1.57966666666667,-12.727541696351,-12.3701512486853,-11.8887415339755,-11.2764760694191
1.58,-12.614834281807,-12.2971717797887,-11.8182671047304,-11.2176861882267
1.58033333333333,-12.5010766685105,-12.2217702135786,-11.7456140566632,-11.1567496987295
1.58066666666667,-12.3864236026338,-12.144083194414,-11.670910986392,-11.0937753930101
1.581,-12.2710233564649,-12.0642484351189,-11.5942864494581,-11.0288727629804
1.58133333333333,-12.1550175305529,-11.9824039746063,-11.5158683848444,-10.9621515098358
1.58166666666667,-12.0385409263675,-11.8986874809497,-11.4357835816348,-10.893721081377
1.582,-11.9217214826089,-11.8132356049314,-11.3541571904265,-10.8236902399692
1.58233333333333,-11.8046802682469,-11.7261833877007,-11.2711122811421,-10.7521666632095
1.58266666666667,-11.6875315254621,-11.6376637248767,-11.1867694479977,-10.6792565787056
1.583,-11.5703827558878,-11.5478068882394,-11.1012464615902,-10.6050644337636
1.58333333333333,-11.453334843859,-11.4567401050728,-11.0146579673626,-10.5296926002059
1.58366666666667,-11.3364822107708,-11.3645871943055,-10.9271152291215,-10.453241114057
1.584,-11.2199129950694,-11.2714682577921,-10.8387259157773,-10.375807449382
1.58433333333333,-11.1037092528713,-11.1774994244388,-10.7495939290948,-10.2974863252079
1.58466666666667,-10.9879471746686,-11.0827926443571,-10.6598192699363,-10.2183695441399
1.585,-10.8726973140586,-10.9874555298487,-10.5694979402713,-10.1385458610494
1.58533333333333,-10.7580248248884,-10.8915912397525,-10.4787218780873,-10.0581008800213
1.58566666666667,-10.6439897036539,-10.7952984035238,-10.3875789222747,-9.9771169776186
1.586,-10.530647034402,-10.6986710813393,-10.2961528045471,-9.89567325043799
1.58633333333333,-10.4180472337778,-10.6017987565269,-10.2045231655023,-9.81384548489076
1.58666666666667,-10.306236294216,-10.50476635669,-10.1127655920131,-9.73170614714147
1.587,-10.1952560235956,-10.4076543000123,-10.0209516732482,-9.64932439115969
1.58733333333333,-10.0851442799804,-10.3105385633944,-9.92914907276851,-9.56676608290324
1.58766666666667,-9.97593520032017,-10.2134907692616,-9.83742161429447,-9.48409383871575
1.588,-9.86765942223022,-10.1165782880954,-9.74582937891661,-9.40136707612192
1.58833333333333,-9.76034429816368,-10.0198643539654,-9.65442881169012,-9.31864207530026
1.58866666666667,-9.65401410147477,-9.92340819056955,-9.56327283573688,-9.23597204962788
1.589,-9.54869022402397,-9.8272651455219,-9.47241097215212,-9.15340722380787
1.58933333333333,-9.44439136510677,-9.73148683085368,-9.38188946418624,-9.07099491820643
1.58966666666667,-9.34113371160452,-9.63612126791751,-9.29175140433947,-8.98877963814932
1.59,-9.23893110934271,-9.54121303508781,-9.20203686316032,-8.90680316703836
1.59033333333333,-9.13779522573068,-9.44680341685799,-9.1127830186946,-8.82510466226887
1.59066666666667,-9.03773570381006,-9.35293055311041,-9.02402428566292,-8.74372075302964
1.591,-8.93876030790104,-9.25962958751516,-8.93579244357823,-8.66268563917779
1.59133333333333,-8.84087506107048,-9.16693281416393,-8.84811676313008,-8.58203119047225
1.59166666666667,-8.74408437467954,-9.07486982169181,-8.76102413026845,-8.50178704554197
1.592,-8.64839117029503,-8.98346763426799,-8.67453916752078,-8.42198071005147
1.59233333333333,-8.55379699426021,-8.89275084894996,-8.58868435215655,-8.34263765359763
1.59266666666667,-8.46030212523882,-8.80274176900224,-8.50348013089872,-8.26378140494893
1.593,-8.36790567504551,-8.71346053286732,-8.41894503094294,-8.18543364529659
1.59333333333333,-8.27660568308492,-8.62492523856007,-8.3350957671123,-8.10761429924918
1.59366666666667,-8.18639920471457,-8.53715206332371,-8.25194734502361,-8.03034162335101
1.594,-8.09728239384708,-8.45015537844618,-8.16951316018986,-7.95363229195265
1.59433333333333,-8.00925058010062,-8.36394785919005,-8.08780509302381,-7.87750148030388
1.59466666666667,-7.92229834079509,-8.27854058982673,-8.00683359973759,-7.80196294477077
1.595,-7.83641956808884,-8.19394316381103,-7.92660779916819,-7.72702910011809
1.59533333333333,-7.75160753153534,-8.11016377915666,-7.84713555557758,-7.65271109381886
1.59566666666667,-7.66785493633008,-8.02720932910032,-7.76842355749809,-7.57901887737946
1.596,-7.58515397750747,-7.94508548816494,-7.6904773927115,-7.50596127469018
1.59633333333333,-7.50349639033626,-7.86379679374705,-7.61330161946173,-7.43354604742759
1.59666666666667,-7.42287349714685,-7.78334672336464,-7.53689983401072,-7.36177995754755
1.597,-7.34327625081729,-7.70373776771567,-7.46127473465791,-7.29066882692495
1.59733333333333,-7.26469527512982,-7.62497149970072,-7.38642818234711,-7.22021759420134
1.59766666666667,-7.18712090219818,-7.54704863956799,-7.31236125798779,-7.15043036891176
1.598,-7.11054320715743,-7.46996911634368,-7.23907431662353,-7.08131048296932
1.59833333333333,-7.03495204029538,-7.3937321257098,-7.16656703857814,-7.01286053958976
1.59866666666667,-6.96033705679387,-7.31833618449003,-7.09483847771077,-6.94508245974116
1.599,-6.88668774424016,-7.24377918190563,-7.02388710691109,-6.87797752620884
1.59933333333333,-6.81399344805774,-7.17005842775746,-6.95371086096359,-6.81154642536486
1.59966666666667,-6.74224339499631,-7.097170697688,-6.88430717690556,-6.74578928673232
1.6,-6.67142671481376,-7.02511227567418,-6.81567303200365,-6.68070572043641
1.60033333333333,-6.60153246027312,-6.95387899389563,-6.74780497946832,-6.6162948526318
1.60066666666667,-6.53254962556971,-6.88346627011809,-6.68069918202086,-6.55255535899454
1.601,-6.46446716329752,-6.8138691427284,-6.6143514434271,-6.48948549636691
1.60133333333333,-6.39727400005627,-6.74508230355075,-6.54875723810485,-6.42708313264097
1.60166666666667,-6.33095905079234,-6.67710012856732,-6.48391173890806,-6.36534577496301
1.602,-6.2655112319635,-6.60991670666382,-6.41980984318832,-6.30427059634021
1.60233333333333,-6.20091947361003,-6.54352586651323,-6.35644619722902,-6.24385446072962
1.60266666666667,-6.1371727304077,-6.47792120170489,-6.29381521914147,-6.18409394668268
1.603,-6.07425999177659,-6.41309609422287,-6.23191112031174,-6.12498536962025
1.60333333333333,-6.01217029111178,-6.34904373637125,-6.17072792547951,-6.06652480280813
1.60366666666667,-5.95089271419813,-6.2857571512381,-6.11025949152759,-6.00870809709981
1.604,-5.89041640686859,-6.22322921178679,-6.0504995250573,-5.95153089951207
1.60433333333333,-5.83073058195953,-6.16145265865785,-5.99144159882006,-5.89498867069515
1.60466666666667,-5.77182452561409,-6.10042011675877,-5.93307916707214,-5.83907670135615
1.605,-5.71368760298025,-6.04012411071708,-5.87540557991634,-5.78379012769274
1.60533333333333,-5.6563092633487,-5.98055707926638,-5.81841409669124,-5.729123945891
1.60566666666667,-5.59967904476991,-5.9217113886311,-5.76209789846359,-5.67507302573828
1.606,-5.54378657818972,-5.86357934497229,-5.70645009967886,-5.62163212340038
1.60633333333333,-5.48862159113837,-5.80615320595363,-5.65146375902003,-5.56879589340903
1.60666666666667,-5.43417391100561,-5.74942519148158,-5.59713188952241,-5.51655889990389
1.607,-5.38043346793368,-5.69338749367334,-5.5434474679901,-5.46491562717114
1.60733333333333,-5.32739029735555,-5.63803228609954,-5.49040344375632,-5.41386048951774
1.60766666666667,-5.27503454220581,-5.58335173234932,-5.4379927468279,-5.36338784051969
1.608,-5.22335645482823,-5.52933799395936,-5.38620829545127,-5.31349198167906
1.60833333333333,-5.17234639860427,-5.47598323774887,-5.33504300313668,-5.26416717052454
1.60866666666667,-5.12199484932188,-5.42327964259716,-5.28448978517236,-5.21540762818619
1.609,-5.07229239630667,-5.37121940570068,-5.23454156466228,-5.16720754647591
1.60933333333333,-5.02322974333271,-5.31979474834254,-5.18519127811527,-5.11956109450109
1.60966666666667,-4.97479770932995,-5.26899792120558,-5.13643188061452,-5.07246242483893
1.61,-4.92698722890525,-5.2188212092595,-5.08825635059317,-5.02590567929689
1.61033333333333,-4.87978935269132,-5.16925693624881,-5.04065769424126,-4.97988499428333
1.61066666666667,-4.8331952475372,-5.12029746880821,-4.99362894956649,-4.93439450581121
1.611,-4.78719619655327,-5.07193522022884,-4.94716319013079,-4.88942835415562
1.61133333333333,-4.74178359902336,-5.02416265389974,-4.90125352848375,-4.84498068818681
1.61166666666667,-4.69694897019374,-4.97697228644423,-4.85589311931116,-4.8010456693963
1.612,-4.65268394095082,-4.93035669057238,-4.81107516231763,-4.75761747563514
1.61233333333333,-4.60898025739597,-4.88430849766826,-4.76679290485992,-4.71469030458138
1.61266666666667,-4.56582978032679,-4.83882040012878,-4.72303964434654,-4.67225837695166
1.613,-4.52322448463311,-4.79388515347167,-4.6798087304192,-4.63031593947361
1.61333333333333,-4.48115645861561,-4.74949557822745,-4.63709356692997,-4.5888572676324
1.61366666666667,-4.43961790323366,-4.70564456163016,-4.59488761372733,-4.54787666820518
1.614,-4.39860113128911,-4.6623250591197,-4.55318438826295,-4.50736848159567
1.61433333333333,-4.35809856655298,-4.61953009567021,-4.51197746703237,-4.46732708398207
1.61466666666667,-4.31810274283941,-4.57725276695396,-4.47126048685843,-4.42774688928788
1.615,-4.27860630303316,-4.53548624035431,-4.43102714602952,-4.38862235098771
1.61533333333333,-4.23960199807546,-4.49422375583671,-4.39127120530149,-4.34994796375769
1.61566666666667,-4.20108268591192,-4.45345862668761,-4.35198648877177,-4.311718264979
1.616,-4.163041330408,-4.4131842401313,-4.31316688463537,-4.27392783610507
1.61633333333333,-4.12547100023493,-4.37339405783267,-4.27480634582984,-4.23657130389962
1.61666666666667,-4.08836486773018,-4.33408161629363,-4.23689889057691,-4.19964334155371
1.617,-4.05171620773532,-4.2952405271515,-4.19943860282764,-4.16313866968942
1.61733333333333,-4.0155183964155,-4.25686447738598,-4.16241963261843,-4.12705205725739
1.61766666666667,-3.97976491006192,-4.21894722944112,-4.12583619634287,-4.09137832233414
1.618,-3.94444932388097,-4.18148262126896,-4.08968257694619,-4.05611233282595
1.61833333333333,-3.90956531077244,-4.14446456630043,-4.05395312404754,-4.02124900708537
1.61866666666667,-3.87510664009835,-4.10788705334861,-4.01864225399472,-3.986783314445
1.619,-3.84106717644533,-4.07174414644996,-3.98374444985686,-3.95271027567474
1.61933333333333,-3.80744087838201,-4.03602998464804,-3.94925426135923,-3.91902496336697
1.61966666666667,-3.77422179721332,-4.0007387817241,-3.91516630476411,-3.88572250225405
1.62,-3.74140407573308,-3.96586482587849,-3.88147526270213,-3.85279806946305
1.62033333333333,-3.70898194697705,-3.93140247936774,-3.84817588395778,-3.82024689471146
1.62066666666667,-3.67694973297713,-3.89734617809959,-3.81526298321216,-3.78806426044766
1.621,-3.64530184351811,-3.86369043119041,-3.78273144074658,-3.7562455019402
1.62133333333333,-3.61403277489866,-3.83042982048809,-3.75057620211021,-3.72478600731907
1.62166666666667,-3.58313710869683,-3.79755900006253,-3.71879227775403,-3.69368121757184
1.622,-3.55260951054171,-3.76507269566802,-3.68737474263461,-3.66292662649872
1.62233333333333,-3.5224447288918,-3.73296570417845,-3.65631873578952,-3.6325177806281
1.62266666666667,-3.49263759382091,-3.70123289299938,-3.62561945988732,-3.60245027909656
1.623,-3.46318301581236,-3.66986919945773,-3.59527218075366,-3.57271977349464
1.62333333333333,-3.43407598456238,-3.63886963017284,-3.56527222687655,-3.54332196768216
1.62366666666667,-3.40531156779291,-3.60822926040931,-3.53561498889174,-3.51425261757387
1.624,-3.37688491007457,-3.57794323341463,-3.50629591905058,-3.48550753089871
1.62433333333333,-3.34879123166053,-3.54800675974301,-3.47731053067228,-3.45708256693431
1.62466666666667,-3.32102582733101,-3.51841511656663,-3.44865439758146,-3.42897363621818
1.625,-3.29358406524966,-3.48916364697645,-3.42032315353308,-3.40117670023804
1.62533333333333,-3.26646138583162,-3.46024775927368,-3.39231249162613,-3.37368777110263
1.62566666666667,-3.23965330062374,-3.4316629262533,-3.36461816370704,-3.34650291119461
1.626,-3.21315539119706,-3.40340468448046,-3.3372359797642,-3.31961823280669
1.62633333333333,-3.18696330805231,-3.37546863356204,-3.31016180731513,-3.2930298977634
1.62666666666667,-3.16107276953773,-3.34785043541285,-3.28339157078659,-3.26673411702833
1.627,-3.13547956078047,-3.320545813519,-3.25692125088937,-3.24072715029949
1.62733333333333,-3.11017953263074,-3.29355055219816,-3.23074688398837,-3.21500530559296
1.62766666666667,-3.08516860061942,-3.26686049585836,-3.2048645614687,-3.18956493881641
1.628,-3.06044274392905,-3.24047154825578,-3.17927042909903,-3.16440245333328
1.62833333333333,-3.0359980043783,-3.2143796717524,-3.15396068639262,-3.13951429951896
1.62866666666667,-3.01183048541989,-3.18858088657403,-3.12893158596673,-3.11489697430913
1.629,-2.98793635115194,-3.16307127006952,-3.10417943290132,-3.09054702074194
1.62933333333333,-2.96431182534324,-3.13784695597186,-3.07970058409761,-3.06646102749442
1.62966666666667,-2.94095319047166,-3.11290413366131,-3.05549144763667,-3.04263562841369
1.63,-2.91785678677635,-3.08823904743151,-3.03154848213912,-3.01906750204407
1.63033333333333,-2.89501901132347,-3.06384799575877,-3.00786819612624,-2.99575337115057
1.63066666666667,-2.87243631708522,-3.03972733057508,-2.98444714738265,-2.97269000223927
1.631,-2.85010521203239,-3.01587345654507,-2.96128194232147,-2.94987420507527
1.63133333333333,-2.82802225824036,-2.99228283034776,-2.93836923535212,-2.9273028321989
1.63166666666667,-2.80618407100825,-2.96895195996274,-2.91570572825097,-2.90497277844038
1.632,-2.78458731799129,-2.94587740396156,-2.89328816953544,-2.88288098043361
1.63233333333333,-2.76322871834637,-2.92305577080462,-2.87111335384176,-2.86102441612954
1.63266666666667,-2.74210504189056,-2.90048371814354,-2.84917812130663,-2.83940010430949
1.633,-2.72121310827252,-2.87815795212942,-2.82747935695312,-2.81800510409872
1.63333333333333,-2.70054978615687,-2.85607522672733,-2.80601399008102,-2.79683651448083
1.63366666666667,-2.68011199242093,-2.83423234303682,-2.78477899366174,-2.77589147381302
1.634,-2.65989669136435,-2.81262614861896,-2.76377138373818,-2.75516715934289
1.63433333333333,-2.63990089393112,-2.7912535368302,-2.74298821882974,-2.73466078672676
1.63466666666667,-2.62012165694369,-2.77011144616257,-2.72242659934225,-2.7143696095499
1.635,-2.60055608234943,-2.74919685959093,-2.7020836669835,-2.69429091884896
1.63533333333333,-2.58120131647925,-2.72850680392724,-2.68195660418427,-2.67442204263679
1.63566666666667,-2.56205454931786,-2.70803834918172,-2.66204263352472,-2.65476034542986
1.636,-2.54311301378598,-2.68778860793125,-2.64233901716685,-2.63530322777849
1.63633333333333,-2.52437398503427,-2.66775473469494,-2.62284305629259,-2.61604812580017
1.63666666666667,-2.50583477974844,-2.64793392531683,-2.6035520905477,-2.59699251071585
1.637,-2.48749275546593,-2.62832341635608,-2.58446349749185,-2.57813388838975
1.63733333333333,-2.46934530990383,-2.60892048448435,-2.56557469205467,-2.55946979887254
1.63766666666667,-2.45138988029763,-2.58972244589069,-2.54688312599779,-2.54099781594821
1.638,-2.43362394275105,-2.57072665569348,-2.52838628738317,-2.52271554668449
1.63833333333333,-2.41604501159657,-2.5519305073602,-2.51008170004749,-2.50462063098732
1.63866666666667,-2.39865063876647,-2.53333143213424,-2.49196692308279,-2.48671074115908
1.639,-2.38143841317448,-2.51492689846923,-2.47403955032326,-2.46898358146091
1.63933333333333,-2.3644059601077,-2.49671441147082,-2.45629720983851,-2.45143688767923
1.63966666666667,-2.34755094062856,-2.47869151234566,-2.4387375634327,-2.4340684266962
1.64,-2.33087105098686,-2.46085577785779,-2.42135830615024,-2.41687599606464
1.64033333333333,-2.31436402204181,-2.44320481979247,-2.40415716578762,-2.3998574235872
1.64066666666667,-2.29802761869346,-2.42573628442696,-2.38713190241136,-2.38301056689972
1.641,-2.2818596393241,-2.40844785200898,-2.37028030788248,-2.36633331305927
1.64133333333333,-2.26585791524878,-2.39133723624208,-2.35360020538688,-2.34982357813637
1.64166666666667,-2.25002031017519,-2.37440218377807,-2.33708944897201,-2.33347930681174
1.642,-2.23434471967277,-2.35764047371701,-2.3207459230897,-2.31729847197757
1.64233333333333,-2.2188290706507,-2.34104991711382,-2.3045675421452,-2.30127907434335
1.64266666666667,-2.20347132084486,-2.32462835649218,-2.28855225005221,-2.28541914204609
1.643,-2.1882694583133,-2.3083736653651,-2.27269801979393,-2.26971673026507
1.64333333333333,-2.1732215009406,-2.29228374776289,-2.2570028529903,-2.25416992084138
1.64366666666667,-2.15832549595033,-2.27635653776733,-2.2414647794711,-2.23877682190163
1.644,-2.14357951942612,-2.26058999905315,-2.22608185685499,-2.22353556748657
1.64433333333333,-2.12898167584069,-2.24498212443596,-2.21085217013456,-2.20844431718397
1.64466666666667,-2.11453009759293,-2.22953093542682,-2.19577383126699,-2.19350125576612
1.645,-2.10022294455302,-2.21423448179354,-2.18084497877079,-2.17870459283191
1.64533333333333,-2.08605840361523,-2.1990908411284,-2.16606377732813,-2.16405256245344
1.64566666666667,-2.07203468825838,-2.1840981184223,-2.15142841739287,-2.14954342282694
1.646,-2.05815003811377,-2.16925444564528,-2.13693711480421,-2.13517545592831
1.64633333333333,-2.04440271854068,-2.15455798133349,-2.12258811040612,-2.12094696717318
1.64666666666667,-2.03079102020889,-2.14000691018211,-2.10837966967195,-2.10685628508117
1.647,-2.01731325868858,-2.12559944264474,-2.09431008233491,-2.09290176094477
1.64733333333333,-2.0039677740471,-2.11133381453867,-2.08037766202363,-2.07908176850248
1.64766666666667,-1.99075293045275,-2.0972082866562,-2.0665807459033,-2.06539470361635
1.648,-1.97766711578529,-2.08322114438198,-2.05291769432199,-2.0518389839538
1.64833333333333,-1.96470874125321,-2.06937069731611,-2.03938689046229,-2.03841304867381
1.64866666666667,-1.95187624101743,-2.05565527890314,-2.02598673999807,-2.0251153581172
1.649,-1.93916807182161,-2.04207324606664,-2.01271567075635,-2.01194439350132
1.64933333333333,-1.9265827126287,-2.02862297884961,-1.99957213238432,-1.99889865661885
1.64966666666667,-1.91411866426373,-2.01530288006025,-1.98655459602125,-1.98597666954066
1.65,-1.9017744490628,-2.00211137492342,-1.9736615539754,-1.97317697432291
1.65033333333333,-1.889548610528,-1.98904691073736,-1.96089151940577,-1.96049813271825
1.65066666666667,-1.87743971298828,-1.97610795653582,-1.94824302600869,-1.94793872589078
1.651,-1.86544634126615,-1.96329300275555,-1.93571462770915,-1.93549735413543
1.65133333333333,-1.85356710035012,-1.95060056090883,-1.92330489835683,-1.92317263660095
1.65166666666667,-1.84180061507265,-1.93802916326126,-1.91101243142675,-1.91096321101698
1.652,-1.83014552979373,-1.9255773625145,-1.89883583972444,-1.89886773342489
1.65233333333333,-1.81860050808986,-1.91324373149418,-1.88677375509578,-1.88688487791266
1.65266666666667,-1.80716423244822,-1.90102686284243,-1.87482482814105,-1.87501333635321
1.653,-1.79583540396631,-1.88892536871555,-1.86298772793356,-1.86325181814689
1.65333333333333,-1.78461274205656,-1.87693788048629,-1.85126114174256,-1.85159904996731
1.65366666666667,-1.77349498415596,-1.8650630484508,-1.8396437747603,-1.84005377551101
1.654,-1.76248088544084,-1.85329954154038,-1.82813434983349,-1.82861475525082
1.65433333333333,-1.75156921854632,-1.84164604703764,-1.81673160719874,-1.81728076619263
1.65466666666667,-1.7407587732907,-1.83010127029724,-1.80543430422224,-1.8060506016358
1.655,-1.73004835640445,-1.81866393447099,-1.79424121514329,-1.79492307093701
1.65533333333333,-1.71943679126392,-1.80733278023745,-1.78315113082199,-1.7838969992777
1.65566666666667,-1.70892291762946,-1.7961065655356,-1.7721628584907,-1.77297122743463
1.656,-1.69850559138815,-1.78498406530302,-1.7612752215095,-1.76214461155417
1.65633333333333,-1.68818368430082,-1.77396407121802,-1.75048705912528,-1.7514160229296
1.65666666666667,-1.67795608375333,-1.76304539144598,-1.73979722623476,-1.74078434778184
1.657,-1.66782169251222,-1.75222685038965,-1.72920459315103,-1.73024848704346
1.65733333333333,-1.65777942848441,-1.74150728844357,-1.71870804537393,-1.71980735614573
1.65766666666667,-1.64782822448097,-1.7308855617523,-1.7083064833638,-1.70945988480897
1.658,-1.63796702798498,-1.72036054197244,-1.69799882231887,-1.69920501683592
1.65833333333333,-1.62819480092325,-1.70993111603867,-1.6877839919562,-1.68904170990825
1.65866666666667,-1.6185105194419,-1.69959618593327,-1.67766093629587,-1.678968935386
1.659,-1.60891317368585,-1.68935466845955,-1.66762861344866,-1.66898567811017
1.65933333333333,-1.59940176758192,-1.6792054950187,-1.65768599540709,-1.65909093620807
1.65966666666667,-1.5899753186256,-1.66914761139032,-1.64783206783958,-1.64928372090167
1.66,-1.58063285767149,-1.65917997751647,-1.63806582988798,-1.63956305631883
1.66033333333333,-1.5713734287273,-1.6493015672891,-1.6283862939682,-1.62992797930735
1.66066666666667,-1.56219608875114,-1.63951136834088,-1.61879248557397,-1.62037753925178
1.661,-1.55309990745243,-1.62980838183948,-1.60928344308369,-1.61091079789296
1.66133333333333,-1.54408396709611,-1.62019162228497,-1.59985821757034,-1.60152682915032
1.66166666666667,-1.53514736230999,-1.6106601173106,-1.59051587261423,-1.59222471894684
1.662,-1.52628919989555,-1.60121290748671,-1.58125548411891,-1.58300356503661
1.66233333333333,-1.51750859864183,-1.59184904612777,-1.57207614012976,-1.57386247683504
1.66266666666667,-1.50880468914231,-1.58256759910247,-1.56297694065554,-1.56480057525152
1.663,-1.50017661361507,-1.5733676446469,-1.55395699749269,-1.55581699252472
1.66333333333333,-1.49162352572588,-1.56424827318073,-1.54501543405244,-1.54691087206036
1.66366666666667,-1.48314459041412,-1.5552085871262,-1.53615138519055,-1.53808136827131
1.664,-1.47473898372181,-1.54624770073017,-1.52736399703978,-1.52932764642024
1.66433333333333,-1.46640589262535,-1.53736473988888,-1.518652426845,-1.52064888246459
1.66466666666667,-1.45814451487009,-1.52855884197555,-1.51001584280077,-1.51204426290383
1.665,-1.44995405880771,-1.51982915567075,-1.50145342389168,-1.50351298462916
1.66533333333333,-1.44183374323626,-1.51117484079544,-1.49296435973492,-1.49505425477532
1.66566666666667,-1.43378279724278,-1.50259506814664,-1.48454785042556,-1.48666729057478
1.666,-1.4258004600487,-1.49408901933584,-1.47620310638409,-1.478351319214
1.66633333333333,-1.41788598085768,-1.48565588662984,-1.46792934820646,-1.47010557769204
1.66666666666667,-1.41003861870597,-1.4772948727942,-1.45972580651635,-1.4619293126811
1.667,-1.40225764231526,-1.46900519093917,-1.45159172181987,-1.45382178038935
1.66733333333333,-1.39454232994806,-1.46078606436806,-1.44352634436246,-1.44578224642572
1.66766666666667,-1.38689196926525,-1.452636726428,-1.43552893398804,-1.43780998566678
1.668,-1.3793058571862,-1.44455642036312,-1.42759876000035,-1.42990428212562
1.66833333333333,-1.37178329975104,-1.43654439917003,-1.41973510102652,-1.42206442882277
1.66866666666667,-1.36432361198523,-1.42859992545555,-1.41193724488267,-1.41428972765895
1.669,-1.35692611776642,-1.42072227129678,-1.40420448844167,-1.40657948928981
1.66933333333333,-1.34959014969344,-1.41291071810333,-1.39653613750299,-1.39893303300272
1.66966666666667,-1.34231504895735,-1.40516455648173,-1.38893150666449,-1.39134968659505
1.67,-1.33510016521479,-1.39748308610201,-1.38138991919627,-1.38382878625468
1.67033333333333,-1.32794485646325,-1.38986561556641,-1.3739107069165,-1.37636967644209
1.67066666666667,-1.32084848891839,-1.38231146228004,-1.36649321006913,-1.36897170977429
1.671,-1.31381043689344,-1.37481995232375,-1.35913677720351,-1.36163424691048
1.67133333333333,-1.30683008268049,-1.36739042032895,-1.35184076505593,-1.35435665643954
1.67166666666667,-1.2999068164337,-1.36002220935427,-1.34460453843296,-1.34713831476903
1.672,-1.29304003605448,-1.35271467076435,-1.33742747009655,-1.33997860601606
1.67233333333333,-1.28622914707846,-1.34546716411049,-1.33030894065108,-1.33287692189968
1.67266666666667,-1.27947356256433,-1.33827905701303,-1.32324833843196,-1.32583266163493
1.673,-1.27277270298443,-1.33114972504582,-1.31624505939604,-1.31884523182847
1.67333333333333,-1.26612599611723,-1.3240785516223,-1.3092985070138,-1.31191404637588
1.67366666666667,-1.25953287694133,-1.31706492788346,-1.30240809216305,-1.30503852636034
1.674,-1.2529927875314,-1.31010825258754,-1.2955732330244,-1.29821809995295
1.67433333333333,-1.24650517695563,-1.30320793200146,-1.28879335497827,-1.29145220231454
1.67466666666667,-1.24006950117489,-1.29636337979395,-1.28206789050352,-1.28474027549894
1.675,-1.23368522294352,-1.28957401693028,-1.27539627907763,-1.27808176835763
1.67533333333333,-1.2273518117117,-1.28283927156883,-1.26877796707844,-1.27147613644602
1.67566666666667,-1.22106874352931,-1.27615857895897,-1.26221240768738,-1.26492284193089
1.676,-1.21483550095149,-1.26953138134086,-1.25569906079419,-1.25842135349942
1.67633333333333,-1.20865157294552,-1.26295712784652,-1.24923739290313,-1.25197114626947
1.67666666666667,-1.20251645479931,-1.25643527440267,-1.24282687704054,-1.24557170170122
1.677,-1.19642964803132,-1.24996528363491,-1.236466992664,-1.23922250751021
1.67733333333333,-1.19039066030187,-1.2435466247735,-1.23015722557267,-1.23292305758155
1.67766666666667,-1.18439900532589,-1.23717877356053,-1.22389706781913,-1.22667285188555
1.678,-1.17845420278708,-1.23086121215855,-1.21768601762255,-1.22047139639447
1.67833333333333,-1.17255577825338,-1.22459342906065,-1.21152357928318,-1.2143182030007
1.67866666666667,-1.16670326309376,-1.21837491900187,-1.20540926309812,-1.20821278943593
1.679,-1.16089619439642,-1.21220518287203,-1.19934258527839,-1.20215467919171
1.67933333333333,-1.15513411488819,-1.20608372762986,-1.19332306786732,-1.19614340144114
1.67966666666667,-1.14941657285522,-1.20001006621848,-1.18735023866007,-1.19017849096167
1.68,-1.14374312206491,-1.19398371748218,-1.18142363112444,-1.18425948805913
1.68033333333333,-1.13811332168913,-1.1880042060845,-1.17554278432296,-1.17838593849284
1.68066666666667,-1.13252673622853,-1.18207106242746,-1.16970724283595,-1.17255739340182
1.681,-1.12698293543813,-1.17618382257224,-1.16391655668597,-1.16677340923217
1.68133333333333,-1.12148149425405,-1.17034202816082,-1.15817028126332,-1.16103354766543
1.68166666666667,-1.11602199272133,-1.16454522633903,-1.15246797725259,-1.15533737554809
1.682,-1.11060401592296,-1.15879296968067,-1.14680921056049,-1.14968446482205
1.68233333333333,-1.10522715390995,-1.15308481611282,-1.14119355224461,-1.14407439245621
1.68266666666667,-1.09989100163251,-1.14742032884225,-1.13562057844336,-1.13850674037899
1.683,-1.09459515887233,-1.14179907628304,-1.13008987030691,-1.1329810954119
1.68333333333333,-1.08933923017583,-1.13622063198519,-1.12460101392918,-1.12749704920404
1.68366666666667,-1.08412282478848,-1.13068457456443,-1.11915360028087,-1.12205419816762
1.684,-1.07894555659023,-1.12519048763296,-1.11374722514347,-1.11665214341436
1.68433333333333,-1.07380704403173,-1.11973795973139,-1.1083814890443,-1.11129049069293
1.68466666666667,-1.06870691007177,-1.11432658426161,-1.10305599719246,-1.1059688503272
1.685,-1.06364478211548,-1.10895595942068,-1.09777035941578,-1.10068683715543
1.68533333333333,-1.05862029195361,-1.1036256881358,-1.09252419009873,-1.09544407047044
1.68566666666667,-1.05363307570266,-1.09833537800014,-1.08731710812123,-1.09024017396047
1.686,-1.04868277374602,-1.09308464120976,-1.08214873679833,-1.08507477565112
1.68633333333333,-1.04376903067589,-1.08787309450138,-1.07701870382091,-1.07994750784799
1.68666666666667,-1.03889149523618,-1.08270035909115,-1.07192664119712,-1.07485800708021
1.687,-1.03404982026627,-1.07756606061432,-1.06687218519479,-1.06980591404475
1.68733333333333,-1.02924366264556,-1.0724698290658,-1.06185497628464,-1.06479087355168
1.68766666666667,-1.02447268323897,-1.06741129874161,-1.05687465908438,-1.05981253447
1.688,-1.01973654684315,-1.06239010818128,-1.05193088230358,-1.0548705496745
1.68833333333333,-1.01503492213359,-1.05740590011097,-1.04702329868942,-1.0499645759932
1.68866666666667,-1.01036748161252,-1.05245832138758,-1.04215156497319,-1.04509427415567
1.689,-1.00573390155757,-1.04754702294362,-1.03731534181758,-1.04025930874206
1.68933333333333,-1.00113386197116,-1.04267165973287,-1.03251429376478,-1.03545934813282
1.68966666666667,-0.996567046530831,-1.03783189067698,-1.02774808918534,-1.03069406445928
1.69,-0.992033142540077,-1.03302737861269,-1.02301640022774,-1.0259631335548
1.69033333333333,-0.987531840880122,-1.02825779023995,-1.01831890276876,-1.02126623490668
1.69066666666667,-0.98306283596229,-1.0235227960708,-1.01365527636452,-1.01660305160883
1.691,-0.978625825681158,-1.01882207037893,-1.00902520420227,-1.01197327031498
1.69133333333333,-0.974220511368412,-1.0141552911501,-1.00442837305289,-1.00737658119273
1.69166666666667,-0.969846597747305,-1.00952214003317,-0.999864473224077,-1.0028126778781
1.692,-0.965503792887933,-1.00492230229196,-0.995333198514182,-0.998281257430878
1.69233333333333,-0.961191808163033,-1.00035546675775,-0.990834246166774,-0.993782020290461
1.69266666666667,-0.95691035820456,-0.995821325782471,-0.986367316825835,-0.989314670232493
1.693,-0.952659160860824,-0.991319575192662,-0.9819321144916,-0.984878914325959
1.69333333333333,-0.948437937154311,-0.986849914244011,-0.977528346477073,-0.98047446289102
1.69366666666667,-0.944246411240095,-0.98241204557661,-0.973155723365118,-0.97610102945738
1.694,-0.940084310364893,-0.978005675170863,-0.968813958966221,-0.971758330723273
1.69433333333333,-0.935951364826717,-0.973630512304025,-0.964502770276856,-0.967446086515026
1.69466666666667,-0.93184730793508,-0.969286269507361,-0.960221877438393,-0.963164019747186
1.695,-0.927771875971886,-0.96497266252399,-0.955971003696722,-0.958911856383272
1.69533333333333,-0.923724808152756,-0.960689410267239,-0.951749875362295,-0.954689325396976
1.69566666666667,-0.919705846589064,-0.956436234779721,-0.947558221770917,-0.950496158734032
1.696,-0.915714736250408,-0.952212861192898,-0.943395775244938,-0.946332091274514
1.69633333333333,-0.911751224927723,-0.948019017687321,-0.939262271055133,-0.942196860795803
1.69666666666667,-0.907815063196857,-0.943854435453364,-0.935157447383046,-0.938090207935913
1.697,-0.903906004382737,-0.939718848652586,-0.931081045283891,-0.934011876157458
1.69733333333333,-0.900023804524038,-0.935611994379632,-0.927032808650029,-0.929961611712111
1.69766666666667,-0.896168222338332,-0.931533612624655,-0.923012484174887,-0.925939163605482
1.698,-0.89233901918779,-0.927483446236336,-0.919019821317464,-0.921944283562601
1.69833333333333,-0.888535959045361,-0.923461240885361,-0.915054572267282,-0.917976725993794
1.69866666666667,-0.884758808461448,-0.919466745028505,-0.911116491909904,-0.914036247961099
1.699,-0.881007336531024,-0.915499709873149,-0.90720533779286,-0.910122609145122
1.69933333333333,-0.877281314861299,-0.911559889342381,-0.903320870092133,-0.906235571812354
1.69966666666667,-0.87358051753979,-0.907647040040518,-0.899462851579058,-0.902374900782971
1.7,-0.869904721102867,-0.903760921219194,-0.895631047587728,-0.898540363399042
1.70033333333333,-0.866253704504752,-0.89990129474388,-0.891825225982861,-0.894731729493229
1.70066666666667,-0.862627249086981,-0.896067925060892,-0.888045157128068,-0.890948771357884
1.701,-0.859025138548273,-0.892260579164896,-0.884290613854654,-0.88719126371459
1.70133333333333,-0.855447158914834,-0.888479026566822,-0.880561371430776,-0.883458983684125
1.70166666666667,-0.851893098511116,-0.884723039262287,-0.876857207531082,-0.879751710756848
1.702,-0.848362747930941,-0.880992391700412,-0.873177902206753,-0.876069226763469
1.70233333333333,-0.844855900009089,-0.877286860753134,-0.869523237856003,-0.872411315846269
1.70266666666667,-0.841372349793258,-0.87360622568491,-0.865892999194911,-0.868777764430676
1.703,-0.837911894516405,-0.86995026812285,-0.862286973228757,-0.865168361197234
1.70333333333333,-0.834474333569553,-0.866318772027304,-0.858704949223703,-0.861582897054011
1.70366666666667,-0.831059468474874,-0.862711523662829,-0.855146718678849,-0.858021165109304
1.704,-0.827667102859245,-0.859128311569566,-0.851612075298752,-0.8544829606448
1.70433333333333,-0.82429704242813,-0.855568926535041,-0.848100814966244,-0.850968081089037
1.70466666666667,-0.820949094939854,-0.852033161566331,-0.844612735715681,-0.847476325991286
1.705,-0.817623070180179,-0.848520811862631,-0.841147637706539,-0.844007496995745
1.70533333333333,-0.814318779937347,-0.84503167478823,-0.837705323197393,-0.840561397816123
1.70566666666667,-0.811036037977365,-0.841565549845813,-0.834285596520236,-0.837137834210525
1.706,-0.807774660019682,-0.83812223865016,-0.830888264055155,-0.833736613956738
1.70633333333333,-0.804534463713223,-0.834701544902231,-0.82751313420537,-0.830357546827802
1.70666666666667,-0.8013152686127,-0.831303274363571,-0.824160017372602,-0.82700044456795
1.707,-0.798116896155335,-0.827927234831101,-0.820828725932806,-0.823665120868846
1.70733333333333,-0.794939169637825,-0.824573236112225,-0.817519074212171,-0.820351391346153
1.70766666666667,-0.791781914193677,-0.82124109000033,-0.814230878463546,-0.817059073516451
1.708,-0.788644956770828,-0.817930610250564,-0.810963956843088,-0.813787986774396
1.70833333333333,-0.785528126109612,-0.814641612556008,-0.807718129387321,-0.810537952370278
1.70866666666667,-0.782431252720991,-0.811373914524111,-0.804493217990426,-0.807308793387794
1.709,-0.779354168865087,-0.808127335653511,-0.801289046381905,-0.804100334722188
1.70933333333333,-0.776296708530082,-0.804901697311142,-0.798105440104512,-0.800912403058651
1.70966666666667,-0.773258707411286,-0.801696822709631,-0.794942226492487,-0.797744826851007
1.71,-0.770240002890595,-0.798512536885081,-0.791799234650101,-0.794597436300711
1.71033333333333,-0.767240434016184,-0.795348666675055,-0.788676295430485,-0.791470063336113
1.71066666666667,-0.7642598414825,-0.792205040696953,-0.785573241414741,-0.788362541591979
1.711,-0.761298067610486,-0.789081489326609,-0.782489906891316,-0.785274706389339
1.71133333333333,-0.758354956328142,-0.785977844677253,-0.779426127835717,-0.78220639471555
1.71166666666667,-0.755430353151287,-0.782893940578675,-0.776381741890418,-0.779157445204651
1.712,-0.752524105164603,-0.779829612556744,-0.773356588345093,-0.776127698117971
1.71233333333333,-0.749636061002993,-0.776784697813163,-0.770350508117109,-0.773116995325021
1.71266666666667,-0.746766070833059,-0.773759035205515,-0.767363343732253,-0.770125180284572
1.713,-0.743913986335003,-0.770752465227569,-0.764394939305731,-0.767152098026085
1.71333333333333,-0.74107966068461,-0.767764829989856,-0.761445140523439,-0.764197595131282
1.71366666666667,-0.738262948535582,-0.764795973200504,-0.75851379462347,-0.761261519716044
1.714,-0.735463706002075,-0.761845740146335,-0.755600750377838,-0.758343721412488
1.71433333333333,-0.732681790641452,-0.758913977674215,-0.752705858074516,-0.75544405135133
1.71466666666667,-0.72991706143731,-0.756000534172636,-0.749828969499636,-0.752562362144432
1.715,-0.727169378782694,-0.753105259553579,-0.746969937919974,-0.749698507867613
1.71533333333333,-0.724438604463563,-0.750228005234594,-0.744128618065661,-0.746852344043693
1.71566666666667,-0.721724601642458,-0.747368624121115,-0.741304866113095,-0.744023727625701
1.716,-0.719027234842408,-0.744526970589034,-0.738498539668121,-0.741212516980384
1.71633333333333,-0.716346369931018,-0.741702900467485,-0.735709497749395,-0.738418571871857
1.71666666666667,-0.713681874104831,-0.738896271021874,-0.732937600771997,-0.735641753445536
1.717,-0.711033615873812,-0.736106940937106,-0.730182710531226,-0.732881924212213
1.71733333333333,-0.708401465046116,-0.733334770301076,-0.727444690186658,-0.730138948032387
1.71766666666667,-0.705785292712998,-0.73057962058834,-0.724723404246348,-0.727412690100776
1.718,-0.703184971233979,-0.727841354644024,-0.722018718551309,-0.724703016931033
1.71833333333333,-0.700600374222156,-0.725119836667933,-0.719330500260139,-0.722009796340684
1.71866666666667,-0.698031376529741,-0.722414932198884,-0.716658617833875,-0.719332897436207
1.719,-0.69547785423376,-0.719726508099215,-0.714002941021032,-0.716672190598369
1.71933333333333,-0.692939684621989,-0.717054432539544,-0.711363340842861,-0.714027547467694
1.71966666666667,-0.690416746179011,-0.714398574983684,-0.708739689578776,-0.711398840930176
1.72,-0.687908918572502,-0.711758806173768,-0.706131860751964,-0.708785945103114
1.72033333333333,-0.685416082639691,-0.709134998115602,-0.703539729115204,-0.706188735321177
1.72066666666667,-0.682938120373969,-0.706527024064137,-0.700963170636869,-0.703607088122628
1.721,-0.680474914911712,-0.703934758509208,-0.69840206248708,-0.701040881235729
1.72133333333333,-0.67802635051924,-0.701358077161414,-0.695856283024088,-0.698489993565322
1.72166666666667,-0.675592312579976,-0.698796856938196,-0.693325711780766,-0.695954305179565
1.722,-0.673172687581737,-0.696250975950066,-0.690810229451342,-0.693433697296876
1.72233333333333,-0.670767363104236,-0.693720313487072,-0.688309717878262,-0.690928052272994
1.72266666666667,-0.668376227806704,-0.691204750005403,-0.685824060039231,-0.688437253588248
1.723,-0.66599917141568,-0.688704167114141,-0.683353140034424,-0.685961185834951
1.72333333333333,-0.663636084712992,-0.686218447562246,-0.680896843073857,-0.683499734704996
1.72366666666667,-0.661286859523841,-0.683747475225649,-0.678455055464927,-0.68105278697756
1.724,-0.658951388705079,-0.681291135094553,-0.676027664600094,-0.678620230507012
1.72433333333333,-0.656629566133632,-0.678849313260883,-0.673614558944738,-0.676201954210941
1.72466666666667,-0.654321286695034,-0.676421896905881,-0.671215628025174,-0.673797848058352
1.725,-0.652026446272163,-0.67400877428789,-0.668830762416779,-0.671407803057986
1.72533333333333,-0.649744941734088,-0.671609834730262,-0.66645985373234,-0.66903171124683
1.72566666666667,-0.647476670925065,-0.669224968609455,-0.664102794610494,-0.666669465678751
1.726,-0.645221532653669,-0.666854067343248,-0.661759478704307,-0.664320960413235
1.72633333333333,-0.642979426682073,-0.664497023379133,-0.659429800670054,-0.661986090504334
1.72666666666667,-0.640750253715465,-0.66215373018283,-0.657113656156098,-0.659664751989705
1.727,-0.638533915391574,-0.65982408222697,-0.654810941791899,-0.657356841879801
1.72733333333333,-0.63633031427038,-0.657507974979916,-0.652521555177228,-0.655062258147205
1.72766666666667,-0.634139353823895,-0.655205304894712,-0.650245394871411,-0.652780899716078
1.728,-0.631960938426107,-0.652915969398183,-0.647982360382807,-0.650512666451747
1.72833333333333,-0.629794973343059,-0.65063986688018,-0.645732352158372,-0.648257459150436
1.72866666666667,-0.627641364723026,-0.648376896682943,-0.64349527157335,-0.64601517952911
1.729,-0.625500019586822,-0.6461269590906,-0.6412710209211,-0.643785730215431
1.72933333333333,-0.623370845818258,-0.643889955318827,-0.639059503403077,-0.641569014737881
1.72966666666667,-0.621253752154668,-0.64166578750459,-0.636860623118881,-0.639364937515962
1.73,-0.619148648177609,-0.639454358696056,-0.634674285056473,-0.637173403850545
1.73033333333333,-0.617055444303629,-0.637255572842606,-0.63250039508252,-0.634994319914324
1.73066666666667,-0.614974051775183,-0.635069334784987,-0.630338859932823,-0.632827592742403
1.731,-0.612904382651655,-0.632895550245577,-0.628189587202876,-0.630673130222974
1.73133333333333,-0.610846349800482,-0.630734125818789,-0.626052485338578,-0.628530841088147
1.73166666666667,-0.608799866888392,-0.628584968961551,-0.623927463626997,-0.626400634904845
1.732,-0.606764848372747,-0.626447987983967,-0.621814432187293,-0.624282422065843
1.73233333333333,-0.604741209493024,-0.624323092040053,-0.619713301961756,-0.622176113780928
1.73266666666667,-0.602728866262353,-0.622210191118571,-0.617623984706917,-0.62008162206812
1.733,-0.600727735459185,-0.620109196034027,-0.615546392984794,-0.617998859745044
1.73333333333333,-0.598737734619078,-0.618020018417755,-0.613480440154263,-0.615927740420392
1.73366666666667,-0.596758782026541,-0.615942570709093,-0.611426040362481,-0.61386817848548
1.734,-0.594790796707034,-0.613876766146692,-0.609383108536467,-0.611820089105925
1.73433333333333,-0.592833698419009,-0.611822518759936,-0.607351560374779,-0.609783388213406
1.73466666666667,-0.590887407646105,-0.609779743360445,-0.605331312339235,-0.607757992497541
1.735,-0.588951845589374,-0.607748355533679,-0.603322281646818,-0.605743819397837
1.73533333333333,-0.587026934159669,-0.605728271630692,-0.601324386261638,-0.603740787095785
1.73566666666667,-0.585112595970088,-0.603719408759929,-0.599337544886961,-0.60174881450698
1.736,-0.583208754328495,-0.601721684779153,-0.597361676957407,-0.599767821273411
1.73633333333333,-0.581315333230178,-0.599735018287469,-0.595396702631183,-0.597797727755783
1.73666666666667,-0.579432257350565,-0.597759328617434,-0.593442542782428,-0.595838455025978
1.737,-0.577559452038018,-0.595794535827278,-0.591499118993661,-0.59388992485956
1.73733333333333,-0.575696843306752,-0.59384056069321,-0.589566353548309,-0.591952059728419
1.73766666666667,-0.573844357829818,-0.59189732470182,-0.587644169423334,-0.590024782793465
1.738,-0.572001922932146,-0.589964750042559,-0.585732490281928,-0.588108017897423
1.73833333333333,-0.570169466583728,-0.588042759600342,-0.583831240466318,-0.586201689557722
1.73866666666667,-0.568346917392835,-0.586131276948207,-0.581940344990655,-0.584305722959452
1.739,-0.56653420459933,-0.584230226340073,-0.580059729533971,-0.582420043948414
1.73933333333333,-0.564731258068091,-0.582339532703608,-0.578189320433243,-0.580544579024268
1.73966666666667,-0.562938008282439,-0.58045912163315,-0.576329044676522,-0.578679255333724
1.74,-0.56115438633774,-0.57858891938271,-0.574478829896152,-0.57682400066384
1.74033333333333,-0.559380323935001,-0.576728852859107,-0.572638604362071,-0.574978743435415
1.74066666666667,-0.557615753374602,-0.574878849615142,-0.570808296975185,-0.573143412696427
1.741,-0.555860607550053,-0.573038837842843,-0.568987837260829,-0.571317938115548
1.74133333333333,-0.554114819941873,-0.571208746366841,-0.567177155362296,-0.569502249975772
1.74166666666667,-0.552378324611499,-0.569388504637771,-0.565376182034454,-0.567696279168086
1.742,-0.550651056195299,-0.567578042725799,-0.563584848637429,-0.565899957185224
1.74233333333333,-0.54893294989864,-0.5657772913142,-0.561803087130367,-0.564113216115498
1.74266666666667,-0.547223941490025,-0.563986181692983,-0.560030830065267,-0.562335988636692
1.743,-0.545523967295316,-0.562204645752678,-0.558268010580888,-0.560568208010041
1.74333333333333,-0.543832964192002,-0.560432615978092,-0.556514562396737,-0.558809808074264
1.74366666666667,-0.542150869603554,-0.558670025442227,-0.554770419807108,-0.557060723239697
1.744,-0.540477621493831,-0.556916807800204,-0.553035517675193,-0.555320888482441
1.74433333333333,-0.538813158361567,-0.555172897283306,-0.5513097914273,-0.55359023933864
1.74466666666667,-0.537157419234903,-0.553438228693049,-0.549593177047076,-0.551868711898769
1.745,-0.535510343666002,-0.551712737395376,-0.547885611069856,-0.550156242802041
1.74533333333333,-0.533871871725732,-0.549996359314864,-0.546187030577032,-0.548452769230833
1.74566666666667,-0.532241943998376,-0.548289030929032,-0.544497373190524,-0.546758228905207
1.746,-0.530620501576438,-0.546590689262702,-0.54281657706729,-0.545072560077479
1.74633333333333,-0.529007486055495,-0.544901271882432,-0.54114458089391,-0.543395701526857
1.74666666666667,-0.527402839529123,-0.543220716891018,-0.539481323881237,-0.541727592554144
1.747,-0.525806504583852,-0.541548962922041,-0.537826745759091,-0.540068172976481
1.74733333333333,-0.52421842429421,-0.539885949134518,-0.536180786771055,-0.538417383122192
1.74766666666667,-0.522638542217816,-0.538231615207541,-0.534543387669272,-0.536775163825631
1.748,-0.521066802390507,-0.536585901335072,-0.532914489709348,-0.535141456422149
1.74833333333333,-0.519503149321577,-0.534948748220726,-0.531294034645311,-0.533516202743075
1.74866666666667,-0.517947527988987,-0.533320097072639,-0.529681964724603,-0.531899345110767
1.749,-0.516399883834714,-0.531699889598414,-0.528078222683135,-0.530290826333732
1.74933333333333,-0.51486016276011,-0.530088068000084,-0.526482751740434,-0.528690589701777
1.74966666666667,-0.513328311121306,-0.528484574969171,-0.524895495594793,-0.527098578981241
1.75,-0.5118042757247,-0.526889353681779,-0.523316398418518,-0.525514738410263
1.75033333333333,-0.510288003822484,-0.525302347793746,-0.5217454048532,-0.523939012694116
1.75066666666667,-0.508779443108193,-0.52372350143589,-0.520182460005062,-0.52237134700057
1.751,-0.507278541712359,-0.522152759209217,-0.518627509440357,-0.520811686955351
1.75133333333333,-0.505785248198171,-0.520590066180299,-0.517080499180794,-0.519259978637617
1.75166666666667,-0.5042995115572,-0.519035367876616,-0.515541375699062,-0.517716168575476
1.752,-0.502821281205184,-0.517488610281992,-0.514010085914338,-0.516180203741596
1.75233333333333,-0.501350506977834,-0.515949739832083,-0.512486577187927,-0.514652031548833
1.75266666666667,-0.499887139126705,-0.514418703409893,-0.51097079731888,-0.513131599845906
1.753,-0.498431128315125,-0.512895448341365,-0.509462694539704,-0.511618856913151
1.75333333333333,-0.496982425614134,-0.51137992239101,-0.507962217512105,-0.510113751458283
1.75366666666667,-0.495540982498505,-0.509872073757585,-0.506469315322772,-0.508616232612229
1.754,-0.494106750842795,-0.508371851069834,-0.504983937479234,-0.507126249925012
1.75433333333333,-0.492679682917447,-0.506879203382254,-0.503506033905727,-0.505643753361663
1.75466666666667,-0.491259731384898,-0.505394080170923,-0.502035554939156,-0.504168693298196
1.755,-0.489846849295813,-0.503916431329382,-0.500572451325032,-0.502701020517605
1.75533333333333,-0.488440990085271,-0.502446207164535,-0.499116674213538,-0.501240686205936
1.75566666666667,-0.487042107569046,-0.500983358392639,-0.497668175155574,-0.499787641948389
1.756,-0.485650155939921,-0.499527836135292,-0.496226906098868,-0.498341839725433
1.75633333333333,-0.484265089764033,-0.498079591915497,-0.49479281938414,-0.496903231909029
1.75666666666667,-0.482886863977272,-0.496638577653767,-0.493365867741298,-0.495471771258836
1.757,-0.481515433881697,-0.495204745664252,-0.49194600428567,-0.494047410918472
1.75733333333333,-0.480150755142037,-0.493778048650941,-0.490533182514305,-0.492630104411858
1.75766666666667,-0.47879278378216,-0.492358439703874,-0.489127356302266,-0.491219805639546
1.758,-0.477441476181662,-0.490945872295424,-0.487728479899026,-0.489816468875099
1.75833333333333,-0.476096789072433,-0.489540300276606,-0.486336507924855,-0.48842004876155
1.75866666666667,-0.474758679535286,-0.488141677873417,-0.484951395367256,-0.487030500307864
1.759,-0.47342710499662,-0.486749959683248,-0.483573097577466,-0.485647778885433
1.75933333333333,-0.47210202322512,-0.485365100671313,-0.482201570266967,-0.48427184022464
1.75966666666667,-0.470783392328493,-0.483987056167086,-0.480836769504047,-0.482902640411437
1.76,-0.469471170750235,-0.482615781860871,-0.479478651710392,-0.48154013588396
1.76033333333333,-0.468165317266436,-0.481251233800303,-0.478127173657732,-0.480184283429208
1.76066666666667,-0.466865790982637,-0.479893368386954,-0.476782292464513,-0.478835040179725
1.761,-0.465572551330687,-0.478542142372953,-0.475443965592581,-0.477492363610323
1.76133333333333,-0.464285558065662,-0.477197512857653,-0.47411215084396,-0.476156211534869
1.76166666666667,-0.463004771262807,-0.47585943728433,-0.472786806357605,-0.474826542103075
1.762,-0.461730151314522,-0.474527873436897,-0.471467890606223,-0.473503313797337
1.76233333333333,-0.46046165892736,-0.473202779436702,-0.470155362393136,-0.472186485429605
1.76266666666667,-0.459199255119066,-0.471884113739309,-0.468849180849142,-0.470876016138284
1.763,-0.457942901215667,-0.470571835131361,-0.467549305429439,-0.469571865385183
1.76333333333333,-0.45669255884858,-0.469265902727433,-0.466255695910588,-0.468273992952476
1.76366666666667,-0.45544818995172,-0.467966275966946,-0.464968312387486,-0.466982358939706
1.764,-0.454209756758701,-0.46667291461111,-0.463687115270369,-0.465696923760834
1.76433333333333,-0.452977221800025,-0.465385778739909,-0.462412065281887,-0.464417648141283
1.76466666666667,-0.451750547900306,-0.464104828749094,-0.461143123454166,-0.463144493115058
1.765,-0.450529698175527,-0.46283002534722,-0.459880251125918,-0.461877420021861
1.76533333333333,-0.449314636030346,-0.461561329552733,-0.458623409939584,-0.460616390504271
1.76566666666667,-0.448105325155386,-0.460298702691061,-0.457372561838516,-0.45936136650491
1.766,-0.446901729524602,-0.459042106391753,-0.456127669064176,-0.458112310263678
1.76633333333333,-0.445703813392657,-0.457791502585645,-0.454888694153361,-0.456869184315007
1.76666666666667,-0.44451154129231,-0.456546853502046,-0.45365559993547,-0.455631951485135
1.767,-0.443324878031854,-0.455308121665975,-0.4524283495298,-0.454400574889407
1.76733333333333,-0.442143788692573,-0.45407526989542,-0.451206906342861,-0.453175017929633
1.76766666666667,-0.440968238626234,-0.452848261298597,-0.449991234065729,-0.451955244291427
1.768,-0.439798193452585,-0.451627059271293,-0.448781296671409,-0.45074121794162
1.76833333333333,-0.438633619056901,-0.450411627494202,-0.447577058412267,-0.449532903125677
1.76866666666667,-0.437474481587548,-0.449201929930272,-0.446378483817438,-0.448330264365131
1.769,-0.436320747453568,-0.447997930822124,-0.445185537690292,-0.447133266455077
1.76933333333333,-0.435172383322298,-0.446799594689488,-0.443998185105922,-0.445941874461664
1.76966666666667,-0.434029356117018,-0.445606886326624,-0.442816391408659,-0.444756053719625
1.77,-0.432891633014593,-0.444419770799835,-0.441640122209619,-0.443575769829812
1.77033333333333,-0.431759181443194,-0.443238213444946,-0.440469343384231,-0.442400988656812
1.77066666666667,-0.43063196907998,-0.442062179864856,-0.439304021069882,-0.441231676326521
1.771,-0.429509963848865,-0.440891635927099,-0.438144121663484,-0.440067799223782
1.77133333333333,-0.428393133918255,-0.439726547761401,-0.436989611819149,-0.438909323990042
1.77166666666667,-0.427281447698852,-0.438566881757328,-0.435840458445836,-0.437756217521031
1.772,-0.426174873841455,-0.43741260456189,-0.43469662870504,-0.43660844696446
1.77233333333333,-0.425073381234783,-0.436263683077221,-0.433558090008519,-0.435465979717747
1.77266666666667,-0.423976939003343,-0.43512008445825,-0.432424810016015,-0.434328783425773
1.773,-0.422885516505303,-0.433981776110424,-0.431296756633033,-0.43319682597865
1.77333333333333,-0.421799083330376,-0.432848725687422,-0.430173898008616,-0.432070075509524
1.77366666666667,-0.420717609297757,-0.431720901088925,-0.429056202533143,-0.430948500392388
1.774,-0.419641064454062,-0.430598270458394,-0.427943638836181,-0.429832069239921
1.77433333333333,-0.418569419071277,-0.429480802180874,-0.426836175784325,-0.428720750901364
1.77466666666667,-0.41750264364476,-0.4283684648808,-0.425733782479062,-0.427614514460396
1.775,-0.416440708891238,-0.42726122741988,-0.424636428254691,-0.426513329233042
1.77533333333333,-0.41538358574682,-0.426159058894931,-0.423544082676226,-0.425417164765611
1.77566666666667,-0.414331245365069,-0.425061928635796,-0.422456715537337,-0.424325990832634
1.776,-0.413283659115045,-0.423969806203241,-0.421374296858325,-0.423239777434842
1.77633333333333,-0.412240798579403,-0.422882661386906,-0.420296796884081,-0.422158494797169
1.77666666666667,-0.411202635552478,-0.421800464203243,-0.419224186082106,-0.421082113366736
1.777,-0.410169142038451,-0.420723184893513,-0.418156435140529,-0.420010603810913
1.77733333333333,-0.409140290249449,-0.419650793921779,-0.417093514966154,-0.418943937015366
1.77766666666667,-0.408116052603728,-0.418583261972911,-0.416035396682511,-0.41788208408211
1.778,-0.407096401723854,-0.417520559950641,-0.414982051627956,-0.416825016327625
1.77833333333333,-0.406081310434904,-0.416462658975629,-0.413933451353767,-0.41577270528096
1.77866666666667,-0.405070751762669,-0.415409530383515,-0.412889567622258,-0.414725122681859
1.779,-0.404064698931921,-0.414361145723048,-0.411850372404928,-0.41368224047891
1.77933333333333,-0.403063125364633,-0.413317476754183,-0.410815837880626,-0.412644030827737
1.77966666666667,-0.402066004678272,-0.412278495446227,-0.409785936433721,-0.411610466089145
1.78,-0.401073310684088,-0.411244173976002,-0.408760640652297,-0.410581518827363
1.78033333333333,-0.400085017385401,-0.410214484726005,-0.407739923326381,-0.409557161808251
1.78066666666667,-0.399101098975961,-0.409189400282616,-0.406723757446164,-0.408537367997542
1.781,-0.398121529838247,-0.408168893434297,-0.405712116200251,-0.407522110559098
1.78133333333333,-0.397146284541858,-0.407152937169835,-0.404704972973947,-0.406511362853201
1.78166666666667,-0.396175337841863,-0.406141504676577,-0.403702301347524,-0.405505098434824
1.782,-0.39520866467721,-0.405134569338708,-0.402704075094527,-0.404503291051968
1.78233333333333,-0.39424624016912,-0.40413210473553,-0.401710268180112,-0.403505914643967
1.78266666666667,-0.393288039619514,-0.403134084639747,-0.40072085475936,-0.402512943339838
1.783,-0.392334038509448,-0.402140483015809,-0.399735809175643,-0.401524351456657
1.78333333333333,-0.391384212497572,-0.401151274018236,-0.398755105958996,-0.400540113497915
1.78366666666667,-0.390438537418594,-0.400166431989954,-0.397778719824496,-0.399560204151925
1.784,-0.389496989281771,-0.399185931460681,-0.396806625670671,-0.398584598290221
1.78433333333333,-0.388559544269391,-0.3982097471453,-0.395838798577915,-0.397613270966
1.78466666666667,-0.387626178735313,-0.397237853942271,-0.394875213806924,-0.396646197412536
1.785,-0.38669686920348,-0.396270226932031,-0.393915846797145,-0.395683353041669
1.78533333333333,-0.385771592366462,-0.395306841375437,-0.392960673165248,-0.394724713442243
1.78566666666667,-0.384850325084015,-0.394347672712215,-0.392009668703583,-0.393770254378614
1.786,-0.383933044381663,-0.393392696559407,-0.391062809378708,-0.392819951789153
1.78633333333333,-0.383019727449279,-0.39244188870987,-0.390120071329884,-0.391873781784751
1.78666666666667,-0.38211035163967,-0.391495225130751,-0.389181430867581,-0.390931720647347
1.787,-0.381204894467221,-0.390552681962005,-0.38824686447206,-0.389993744828479
1.78733333333333,-0.380303333606491,-0.389614235514915,-0.387316348791886,-0.389059830947859
1.78766666666667,-0.379405646890886,-0.388679862270632,-0.386389860642525,-0.388129955791912
1.788,-0.378511812311272,-0.387749538878719,-0.3854673770049,-0.387204096312396
1.78833333333333,-0.377621808014694,-0.386823242155721,-0.384548875024012,-0.386282229624984
1.78866666666667,-0.376735612303016,-0.385900949083756,-0.383634332007541,-0.385364333007886
1.789,-0.375853203631631,-0.384982636809079,-0.382723725424456,-0.384450383900475
1.78933333333333,-0.374974560608162,-0.384068282640727,-0.381817032903677,-0.383540359901935
1.78966666666667,-0.374099661991193,-0.383157864049121,-0.380914232232694,-0.382634238769901
1.79,-0.373228486688977,-0.382251358664689,-0.380015301356265,-0.381731998419144
1.79033333333333,-0.372361013758205,-0.381348744276541,-0.379120218375064,-0.380833616920248
1.79066666666667,-0.371497222402751,-0.380449998831108,-0.378228961544388,-0.379939072498288
1.791,-0.370637091972429,-0.379555100430832,-0.37734150927284,-0.379048343531555
1.79133333333333,-0.369780601961798,-0.378664027332843,-0.37645784012107,-0.378161408550272
1.79166666666667,-0.36892773200892,-0.377776757947656,-0.375577932800476,-0.377278246235319
1.792,-0.368078461894207,-0.376893270837904,-0.374701766171962,-0.376398835416975
1.79233333333333,-0.36723277153919,-0.376013544717039,-0.373829319244674,-0.375523155073677
1.79266666666667,-0.366390641005376,-0.375137558448078,-0.37296057117478,-0.374651184330792
1.793,-0.365552050493077,-0.374265291042363,-0.372095501264224,-0.37378290245939
1.79333333333333,-0.364716980340252,-0.373396721658304,-0.371234088959542,-0.372918288875039
1.79366666666667,-0.363885411021378,-0.372531829600169,-0.370376313850623,-0.372057323136596
1.794,-0.363057323146312,-0.371670594316859,-0.369522155669556,-0.37119998494504
1.79433333333333,-0.362232697459174,-0.370812995400715,-0.368671594289439,-0.370346254142285
1.79466666666667,-0.361411514837248,-0.369959012586311,-0.367824609723188,-0.369496110710017
1.795,-0.360593756289872,-0.369108625749292,-0.366981182122426,-0.36864953476854
1.79533333333333,-0.359779402957357,-0.368261814905199,-0.366141291776302,-0.367806506575648
1.79566666666667,-0.358968436109908,-0.367418560208299,-0.365304919110361,-0.366967006525481
1.796,-0.358160837146568,-0.366578841950457,-0.364472044685452,-0.366131015147396
1.79633333333333,-0.357356587594147,-0.365742640559996,-0.363642649196571,-0.365298513104887
1.79666666666667,-0.356555669106182,-0.364909936600561,-0.362816713471791,-0.364469481194466
1.797,-0.35575806346191,-0.364080710770023,-0.361994218471151,-0.363643900344567
1.79733333333333,-0.354963752565226,-0.363254943899359,-0.361175145285595,-0.362821751614491
1.79766666666667,-0.354172718443672,-0.362432616951573,-0.360359475135886,-0.362003016193328
1.798,-0.353384943247437,-0.3616137110206,-0.359547189371543,-0.361187675398882
1.79833333333333,-0.352600409248353,-0.360798207330255,-0.358738269469811,-0.360375710676654
1.79866666666667,-0.351819098838904,-0.359986087233137,-0.357932697034585,-0.359567103598778
1.799,-0.351040994531252,-0.359177332209611,-0.357130453795416,-0.358761835863007
1.79933333333333,-0.350266078956274,-0.358371923866748,-0.356331521606466,-0.357959889291691
1.79966666666667,-0.349494334862578,-0.357569843937301,-0.355535882445509,-0.357161245830769
1.8,-0.348725745115583,-0.356771074278674,-0.354743518412911,-0.356365887548763
1.80033333333333,-0.347960292696545,-0.355975596871911,-0.353954411730663,-0.355573796635794
1.80066666666667,-0.347197960701654,-0.355183393820701,-0.353168544741374,-0.354784955402596
1.801,-0.346438732341074,-0.354394447350374,-0.352385899907316,-0.353999346279553
1.80133333333333,-0.345682590938063,-0.353608739806927,-0.35160645980943,-0.353216951815726
1.80166666666667,-0.344929519928035,-0.352826253656035,-0.350830207146413,-0.352437754677903
1.802,-0.344179502857678,-0.352046971482088,-0.350057124733723,-0.351661737649655
1.80233333333333,-0.343432523384057,-0.351270875987248,-0.349287195502685,-0.350888883630398
1.80266666666667,-0.342688565273729,-0.35049794999049,-0.348520402499528,-0.350119175634466
1.803,-0.341947612401875,-0.349728176426648,-0.347756728884466,-0.349352596790194
1.80333333333333,-0.341209648751419,-0.348961538345514,-0.346996157930814,-0.348589130338998
1.80366666666667,-0.340474658412187,-0.348198018910897,-0.346238673024048,-0.34782875963449
1.804,-0.33974262558005,-0.347437601399702,-0.345484257660939,-0.347071468141565
1.80433333333333,-0.339013534556068,-0.346680269201054,-0.344732895448645,-0.346317239435528
1.80466666666667,-0.338287369745676,-0.345926005815368,-0.343984570103834,-0.345566057201217
1.805,-0.337564115657843,-0.345174794853477,-0.343239265451825,-0.344817905232122
1.80533333333333,-0.336843756904256,-0.344426620035761,-0.342496965425714,-0.344072767429534
1.80566666666667,-0.336126278198504,-0.343681465191251,-0.341757654065518,-0.343330627801687
1.806,-0.335411664355278,-0.342939314256784,-0.341021315517333,-0.342591470462919
1.80633333333333,-0.334699900289567,-0.342200151276147,-0.340287934032494,-0.341855279632816
1.80666666666667,-0.33399097101588,-0.341463960399208,-0.339557493966737,-0.34112203963541
1.807,-0.333284861647446,-0.340730725881097,-0.338829979779381,-0.340391734898326
1.80733333333333,-0.332581557395459,-0.34000043208137,-0.338105376032511,-0.33966434995199
1.80766666666667,-0.331881043568278,-0.339273063463172,-0.337383667390154,-0.33893986942881
1.808,-0.331183305570698,-0.338548604592433,-0.3366648386175,-0.338218278062365
1.80833333333333,-0.330488328903178,-0.337827040137051,-0.335948874580095,-0.33749956068665
1.80866666666667,-0.329796099161096,-0.337108354866084,-0.335235760243051,-0.336783702235238
1.809,-0.329106602034,-0.336392533648964,-0.334525480670264,-0.336070687740537
1.80933333333333,-0.328419823304891,-0.335679561454715,-0.333818021023658,-0.335360502333007
1.80966666666667,-0.327735748849475,-0.334969423351142,-0.333113366562394,-0.334653131240404
1.81,-0.327054364635457,-0.334262104504098,-0.332411502642125,-0.333948559786993
1.81033333333333,-0.32637565672182,-0.333557590176681,-0.331712414714248,-0.333246773392839
1.81066666666667,-0.325699611258109,-0.33285586572849,-0.331016088325143,-0.332547757573028
1.811,-0.325026214483749,-0.332156916614886,-0.330322509115444,-0.331851497936946
1.81133333333333,-0.324355452727323,-0.331460728386209,-0.329631662819304,-0.331157980187541
1.81166666666667,-0.323687312405901,-0.330767286687079,-0.328943535263675,-0.330467190120607
1.812,-0.323021780024353,-0.330076577255629,-0.328258112367576,-0.329779113624054
1.81233333333333,-0.322358842174668,-0.329388585922801,-0.32757538014139,-0.329093736677201
1.81266666666667,-0.321698485535283,-0.328703298611615,-0.326895324686153,-0.328411045350079
1.813,-0.321040696870419,-0.328020701336467,-0.326217932192863,-0.32773102580272
1.81333333333333,-0.320385463029428,-0.327340780202402,-0.325543188941771,-0.327053664284461
1.81366666666667,-0.319732770946128,-0.326663521404432,-0.324871081301705,-0.326378947133285
1.814,-0.319082607638161,-0.325988911226839,-0.324201595729378,-0.3257068607751
1.81433333333333,-0.318434960206348,-0.325316936042473,-0.323534718768731,-0.325037391723096
1.81466666666667,-0.317789815834064,-0.324647582312089,-0.322870437050243,-0.324370526577063
1.815,-0.31714716178659,-0.323980836583652,-0.322208737290273,-0.323706252022729
1.81533333333333,-0.316506985410502,-0.32331668549169,-0.321549606290417,-0.323044554831111
1.81566666666667,-0.315869274133042,-0.322655115756604,-0.320893030936827,-0.322385421857843
1.816,-0.315234015461518,-0.321996114184031,-0.320238998199599,-0.321728840042569
1.81633333333333,-0.314601196982671,-0.321339667664179,-0.319587495132108,-0.321074796408258
1.81666666666667,-0.313970806362099,-0.320685763171187,-0.318938508870378,-0.320423278060607
1.817,-0.31334283134364,-0.32003438776248,-0.318292026632466,-0.319774272187387
1.81733333333333,-0.312717259748793,-0.319385528578138,-0.317648035717818,-0.319127766057842
1.81766666666667,-0.312094079476112,-0.318739172840263,-0.317006523506664,-0.318483747022052
1.818,-0.311473278500643,-0.31809530785236,-0.31636747745941,-0.317842202510339
1.81833333333333,-0.310854844873341,-0.317453920998712,-0.315730885116015,-0.31720312003264
1.81866666666667,-0.310238766720487,-0.316814999743767,-0.315096734095397,-0.316566487177927
1.819,-0.309625032243139,-0.316178531631541,-0.314465012094844,-0.315932291613593
1.81933333333333,-0.309013629716555,-0.315544504285004,-0.313835706889408,-0.315300521084877
1.81966666666667,-0.30840454748964,-0.314912905405485,-0.313208806331328,-0.314671163414267
1.82,-0.3077977739844,-0.314283722772089,-0.312584298349452,-0.314044206500924
1.82033333333333,-0.307193297695384,-0.313656944241096,-0.311962170948651,-0.313419638320102
1.82066666666667,-0.306591107189146,-0.313032557745393,-0.31134241220925,-0.312797446922589
1.821,-0.305991191103708,-0.312410551293887,-0.31072501028647,-0.312177620434124
1.82133333333333,-0.305393538148026,-0.311790912970942,-0.310109953409859,-0.311560147054854
1.82166666666667,-0.304798137101463,-0.31117363093581,-0.30949722988273,-0.310945015058764
1.822,-0.30420497681325,-0.310558693422065,-0.308886828081638,-0.310332212793135
1.82233333333333,-0.303614046201992,-0.309946088737054,-0.308278736455792,-0.309721728677996
1.82266666666667,-0.303025334255135,-0.309335805261334,-0.307672943526544,-0.309113551205578
1.823,-0.302438830028453,-0.308727831448143,-0.307069437886836,-0.308507668939787
1.82333333333333,-0.301854522645552,-0.308122155822834,-0.306468208200676,-0.307904070515653
1.82366666666667,-0.301272401297365,-0.307518766982365,-0.305869243202608,-0.307302744638829
1.824,-0.300692455241646,-0.306917653594736,-0.305272531697186,-0.306703680085044
1.82433333333333,-0.300114673802491,-0.306318804398487,-0.304678062558451,-0.306106865699595
1.82466666666667,-0.299539046369834,-0.305722208202157,-0.304085824729426,-0.305512290396835
1.825,-0.298965562398967,-0.305127853883779,-0.303495807221601,-0.304919943159656
1.82533333333333,-0.298394211410068,-0.30453573039035,-0.302907999114426,-0.30432981303899
1.82566666666667,-0.297824982987712,-0.303945826737324,-0.302322389554809,-0.303741889153304
1.826,-0.2972578667804,-0.303358132008121,-0.301738967756625,-0.303156160688106
1.82633333333333,-0.296692852500098,-0.302772635353601,-0.301157723000214,-0.302572616895445
1.82666666666667,-0.29612992992176,-0.302189325991595,-0.3005786446319,-0.301991247093439
1.827,-0.295569088882878,-0.30160819320638,-0.300001722063504,-0.301412040665767
1.82733333333333,-0.295010319283027,-0.30102922634822,-0.29942694477186,-0.300834987061212
1.82766666666667,-0.294453611083393,-0.300452414832859,-0.298854302298342,-0.300260075793171
1.828,-0.293898954306344,-0.29987774814105,-0.298283784248393,-0.299687296439183
1.82833333333333,-0.293346339034979,-0.299305215818081,-0.297715380291048,-0.299116638640471
1.82866666666667,-0.292795755412682,-0.298734807473299,-0.297149080158487,-0.298548092101471
1.829,-0.292247193642683,-0.298166512779638,-0.296584873645557,-0.297981646589364
1.82933333333333,-0.291700643987635,-0.29760032147316,-0.296022750609323,-0.297417291933636
1.82966666666667,-0.291156096769166,-0.297036223352593,-0.295462700968617,-0.296855018025617
1.83,-0.290613542367475,-0.296474208278868,-0.294904714703582,-0.29629481481803
1.83033333333333,-0.290072971220876,-0.295914266174679,-0.294348781855237,-0.295736672324549
1.83066666666667,-0.289534373825415,-0.295356387024025,-0.293794892525029,-0.295180580619359
1.831,-0.288997740734427,-0.294800560871762,-0.293243036874396,-0.294626529836714
1.83133333333333,-0.288463062558132,-0.294246777823172,-0.292693205124329,-0.294074510170511
1.83166666666667,-0.287930329963234,-0.293695028043519,-0.292145387554957,-0.293524511873855
1.832,-0.287399533672494,-0.293145301757607,-0.291599574505098,-0.292976525258627
1.83233333333333,-0.286870664464349,-0.292597589249367,-0.291055756371855,-0.292430540695076
1.83266666666667,-0.2863437131725,-0.292051880861414,-0.290513923610191,-0.291886548611377
1.833,-0.285818670685519,-0.291508166994636,-0.289974066732499,-0.291344539493243
1.83333333333333,-0.285295527946462,-0.290966438107767,-0.289436176308213,-0.290804503883485
1.83366666666667,-0.284774275952468,-0.290426684716967,-0.288900242963378,-0.290266432381621
1.834,-0.284254905754389,-0.289888897395424,-0.288366257380263,-0.289730315643467
1.83433333333333,-0.283737408456386,-0.289353066772928,-0.287834210296938,-0.289196144380726
1.83466666666667,-0.28322177521557,-0.28881918353548,-0.287304092506894,-0.288663909360604
1.835,-0.282707997241608,-0.28828723842487,-0.286775894858632,-0.288133601405396
1.83533333333333,-0.282196065796369,-0.287757222238304,-0.28624960825528,-0.28760521139211
1.83566666666667,-0.281685972193535,-0.287229125827984,-0.285725223654201,-0.287078730252069
1.836,-0.281177707798236,-0.286702940100732,-0.285202732066609,-0.286554148970526
1.83633333333333,-0.280671264026701,-0.286178656017581,-0.284682124557177,-0.286031458586281
1.83666666666667,-0.28016663234588,-0.28565626459342,-0.28416339224367,-0.285510650191307
1.837,-0.27966380427309,-0.28513575689658,-0.283646526296564,-0.284991714930361
1.83733333333333,-0.279162771375668,-0.284617124048471,-0.283131517938667,-0.284474644000631
1.83766666666667,-0.278663525270604,-0.284100357223204,-0.282618358444754,-0.283959428651339
1.838,-0.278166057624204,-0.283585447647205,-0.282107039141196,-0.283446060183396
1.83833333333333,-0.277670360151735,-0.283072386598867,-0.281597551405602,-0.28293452994903
1.83866666666667,-0.277176424617086,-0.282561165408164,-0.28108988666645,-0.282424829351415
1.839,-0.276684242832419,-0.282051775456289,-0.28058403640274,-0.281916949844332
1.83933333333333,-0.27619380665785,-0.281544208175299,-0.280079992143616,-0.281410882931796
1.83966666666667,-0.275705108001084,-0.281038455047761,-0.279577745468043,-0.280906620167715
1.84,-0.275218138817108,-0.280534507606374,-0.279077288004431,-0.280404153155531
1.84033333333333,-0.274732891107846,-0.280032357433642,-0.278578611430308,-0.279903473547878
1.84066666666667,-0.27424935692184,-0.27953199616151,-0.278081707471961,-0.279404573046245
1.841,-0.273767528353914,-0.279033415471022,-0.277586567904101,-0.278907443400612
1.84133333333333,-0.273287397544865,-0.278536607091977,-0.277093184549533,-0.278412076409144
1.84166666666667,-0.272808956681138,-0.278041562802576,-0.276601549278801,-0.277918463917826
1.842,-0.272332197994504,-0.277548274429106,-0.276111654009872,-0.277426597820147
1.84233333333333,-0.271857113761751,-0.277056733845589,-0.275623490707798,-0.276936470056762
1.84266666666667,-0.271383696304372,-0.276566932973446,-0.275137051384393,-0.276448072615167
1.843,-0.270911937988249,-0.276078863781175,-0.274652328097893,-0.275961397529373
1.84333333333333,-0.27044183122336,-0.275592518284027,-0.274169312952659,-0.275476436879587
1.84366666666667,-0.26997336846346,-0.275107888543666,-0.273687998098843,-0.274993182791886
1.844,-0.269506542205779,-0.274624966667858,-0.273208375732061,-0.274511627437903
1.84433333333333,-0.269041344990739,-0.274143744810149,-0.272730438093094,-0.274031763034516
1.84466666666667,-0.268577769401641,-0.273664215169547,-0.272254177467571,-0.273553581843525
1.845,-0.26811580806437,-0.273186369990209,-0.271779586185661,-0.273077076171354
1.84533333333333,-0.267655453647115,-0.272710201561126,-0.271306656621758,-0.272602238368738
1.84566666666667,-0.26719669886006,-0.272235702215807,-0.270835381194187,-0.272129060830419
1.846,-0.266739536455121,-0.271762864331993,-0.270365752364894,-0.27165753599484
1.84633333333333,-0.266283959225639,-0.271291680331332,-0.26989776263915,-0.271187656343856
1.84666666666667,-0.265829960006099,-0.27082214267908,-0.26943140456525,-0.270719414402418
1.847,-0.265377531671863,-0.270354243883806,-0.268966670734224,-0.270252802738301
1.84733333333333,-0.264926667138877,-0.269887976497099,-0.268503553779538,-0.26978781396179
1.84766666666667,-0.2644773593634,-0.269423333113261,-0.268042046376802,-0.269324440725406
1.848,-0.264029601341729,-0.26896030636902,-0.267582141243498,-0.268862675723597
1.84833333333333,-0.263583386109931,-0.268498888943237,-0.267123831138667,-0.268402511692483
1.84866666666667,-0.263138706743563,-0.268039073556632,-0.26666710886265,-0.267943941409537
1.849,-0.262695556357409,-0.267580852971474,-0.266211967256793,-0.267486957693333
1.84933333333333,-0.262253928105222,-0.26712421999131,-0.265758399203178,-0.267031553403245
1.84966666666667,-0.261813815179442,-0.266669167460701,-0.265306397624332,-0.266577721439193
1.85,-0.261375210810956,-0.266215688264904,-0.264855955482965,-0.266125454741341
1.85033333333333,-0.260938108268819,-0.26576377532963,-0.264407065781694,-0.265674746289846
1.85066666666667,-0.260502500860015,-0.265313421620748,-0.263959721562761,-0.265225589104574
1.851,-0.260068381929181,-0.264864620144025,-0.263513915907796,-0.264777976244842
1.85133333333333,-0.259635744858364,-0.26441736394485,-0.263069641937509,-0.264331900809148
1.85166666666667,-0.259204583066774,-0.26397164610797,-0.262626892811459,-0.263887355934894
1.852,-0.258774890010533,-0.263527459757213,-0.262185661727773,-0.263444334798149
1.85233333333333,-0.258346659182414,-0.263084798055241,-0.261745941922898,-0.263002830613369
1.85266666666667,-0.257919884111607,-0.262643654203267,-0.261307726671336,-0.262562836633143
1.853,-0.257494558363481,-0.262204021440821,-0.26087100928539,-0.262124346147946
1.85333333333333,-0.257070675539326,-0.261765893045462,-0.260435783114909,-0.261687352485867
1.85366666666667,-0.25664822927612,-0.26132926233255,-0.26000204154704,-0.261251849012378
1.854,-0.256227213246299,-0.260894122654973,-0.259569778005976,-0.26081782913007
1.85433333333333,-0.255807621157508,-0.260460467402904,-0.2591389859527,-0.260385286278406
1.85466666666667,-0.255389446752374,-0.26002829000355,-0.258709658884755,-0.259954213933479
1.855,-0.254972683808267,-0.259597583920899,-0.258281790335985,-0.259524605607764
1.85533333333333,-0.25455732613708,-0.259168342655486,-0.257855373876301,-0.259096454849882
1.85566666666667,-0.254143367584989,-0.258740559744131,-0.257430403111438,-0.25866975524435
1.856,-0.253730802032225,-0.258314228759712,-0.257006871682716,-0.258244500411348
1.85633333333333,-0.253319623392864,-0.257889343310915,-0.256584773266805,-0.257820684006482
1.85666666666667,-0.252909825614579,-0.257465897042009,-0.256164101575489,-0.257398299720546
1.857,-0.252501402678443,-0.257043883632585,-0.255744850355428,-0.25697734127929
1.85733333333333,-0.25209434859869,-0.256623296797346,-0.255327013387943,-0.256557802443193
1.85766666666667,-0.251688657422503,-0.256204130285863,-0.254910584488761,-0.256139677007226
1.858,-0.251284323229798,-0.255786377882344,-0.254495557507818,-0.255722958800631
1.85833333333333,-0.250881340133004,-0.255370033405398,-0.254081926328995,-0.255307641686684
1.85866666666667,-0.250479702276858,-0.25495509070783,-0.253669684869937,-0.254893719562488
1.859,-0.250079403838182,-0.25454154367638,-0.253258827081795,-0.25448118635873
1.85933333333333,-0.249680439025679,-0.254129386231538,-0.252849346949023,-0.254070036039478
1.85966666666667,-0.249282802079726,-0.253718612327281,-0.252441238489156,-0.253660262601951
1.86,-0.248886487272161,-0.253309215950894,-0.252034495752588,-0.2532518600763
1.86033333333333,-0.248491488906077,-0.252901191122712,-0.251629112822366,-0.252844822525402
1.86066666666667,-0.248097801315621,-0.25249453189593,-0.251225083813956,-0.252439144044639
1.861,-0.247705418865796,-0.252089232356377,-0.250822402875059,-0.252034818761679
1.86133333333333,-0.247314335952248,-0.251685286622297,-0.250421064185378,-0.25163184083628
1.86166666666667,-0.246924547001079,-0.251282688844151,-0.250021061956415,-0.251230204460071
1.862,-0.246536046468638,-0.250881433204389,-0.249622390431261,-0.250829903856341
1.86233333333333,-0.246148828841333,-0.250481513917251,-0.249225043884403,-0.250430933279839
1.86266666666667,-0.245762888635433,-0.250082925228557,-0.248829016621496,-0.250033287016573
1.863,-0.245378220396867,-0.249685661415504,-0.248434302979185,-0.24963695938359
1.86333333333333,-0.244994818701044,-0.249289716786457,-0.248040897324885,-0.249241944728795
1.86366666666667,-0.244612678152659,-0.248895085680742,-0.247648794056586,-0.248848237430732
1.864,-0.244231793385496,-0.24850176246846,-0.247257987602659,-0.248455831898402
1.86433333333333,-0.243852159062248,-0.248109741550267,-0.24686847242166,-0.248064722571058
1.86466666666667,-0.243473769874331,-0.247719017357196,-0.246480243002125,-0.247674903918003
1.865,-0.243096620541692,-0.247329584350437,-0.246093293862385,-0.24728637043841
1.86533333333333,-0.242720705812632,-0.246941437021165,-0.245707619550369,-0.246899116661116
1.86566666666667,-0.242346020463615,-0.246554569890334,-0.245323214643409,-0.246513137144437
1.866,-0.241972559299105,-0.246168977508478,-0.244940073748066,-0.246128426475981
1.86633333333333,-0.241600317151367,-0.245784654455537,-0.244558191499924,-0.245744979272448
1.86666666666667,-0.2412292888803,-0.245401595340652,-0.244177562563409,-0.245362790179462
1.867,-0.240859469373247,-0.245019794801988,-0.24379818163161,-0.244981853871358
1.86733333333333,-0.240490853544843,-0.244639247506535,-0.243420043426087,-0.244602165051033
1.86766666666667,-0.240123436336818,-0.244259948149935,-0.243043142696693,-0.244223718449726
1.868,-0.239757212717833,-0.243881891456293,-0.242667474221386,-0.243846508826869
1.86833333333333,-0.23939217768331,-0.243505072177992,-0.242293032806061,-0.243470530969883
1.86866666666667,-0.239028326255262,-0.243129485095512,-0.241919813284357,-0.243095779694009
1.869,-0.238665653482118,-0.242755125017251,-0.241547810517489,-0.242722249842131
1.86933333333333,-0.238304154438555,-0.242381986779358,-0.241177019394074,-0.242349936284597
1.86966666666667,-0.237943824225345,-0.242010065245526,-0.240807434829948,-0.241978833919052
1.87,-0.237584657969168,-0.241639355306854,-0.240439051767996,-0.241608937670249
1.87033333333333,-0.237226650822468,-0.241269851881641,-0.240071865177984,-0.24124024248989
1.87066666666667,-0.23686979796327,-0.240901549915231,-0.239705870056383,-0.24087274335645
1.871,-0.236514094595044,-0.240534444379826,-0.239341061426201,-0.240506435275008
1.87133333333333,-0.23615953594652,-0.240168530274338,-0.238977434336816,-0.240141313277074
1.87166666666667,-0.235806117271537,-0.239803802624194,-0.238614983863804,-0.239777372420433
1.872,-0.235453833848894,-0.239440256481187,-0.238253705108789,-0.239414607788966
1.87233333333333,-0.235102680982176,-0.239077886923292,-0.237893593199246,-0.239053014492492
1.87266666666667,-0.234752653999612,-0.238716689054519,-0.237534643288378,-0.238692587666605
1.873,-0.234403748253913,-0.238356658004729,-0.237176850554921,-0.238333322472511
1.87333333333333,-0.23405595912212,-0.237997788929491,-0.236820210202999,-0.237975214096857
1.87366666666667,-0.233709282005455,-0.237640077009904,-0.236464717461964,-0.23761825775159
1.874,-0.233363712329159,-0.23728351745244,-0.23611036758623,-0.237262448673777
1.87433333333333,-0.233019245542357,-0.236928105488783,-0.235757155855121,-0.236907782125473
1.87466666666667,-0.232675877117895,-0.23657383637568,-0.235405077572716,-0.23655425339353
1.875,-0.2323336025522,-0.236220705394775,-0.235054128067686,-0.236201857789472
1.87533333333333,-0.231992417365127,-0.235868707852445,-0.234704302693146,-0.235850590649332
1.87566666666667,-0.231652317099822,-0.235517839079668,-0.234355596826503,-0.235500447333486
1.876,-0.231313297322569,-0.235168094431841,-0.234008005869307,-0.235151423226514
1.87633333333333,-0.230975353622644,-0.234819469288648,-0.233661525247081,-0.234803513737052
1.87666666666667,-0.230638481612181,-0.234471959053903,-0.233316150409197,-0.234456714297634
1.877,-0.230302676926025,-0.234125559155385,-0.232971876828714,-0.234111020364537
1.87733333333333,-0.229967935221588,-0.233780265044721,-0.232628700002229,-0.233766427417655
1.87766666666667,-0.229634252178719,-0.233436072197199,-0.23228661544974,-0.233422930960325
1.878,-0.229301623499556,-0.233092976111645,-0.231945618714488,-0.233080526519203
1.87833333333333,-0.22897004490839,-0.232750972310272,-0.231605705362824,-0.232739209644113
1.87866666666667,-0.228639512151531,-0.232410056338531,-0.231266870984061,-0.232398975907898
1.879,-0.228310020997172,-0.232070223764966,-0.230929111190328,-0.232059820906284
1.87933333333333,-0.227981567235249,-0.231731470181078,-0.230592421616437,-0.231721740257728
1.87966666666667,-0.227654146677316,-0.231393791201175,-0.230256797919736,-0.231384729603301
1.88,-0.2273277551564,-0.231057182462235,-0.229922235779973,-0.231048784606525
1.88033333333333,-0.227002388526886,-0.230721639623767,-0.229588730899153,-0.230713900953237
1.88066666666667,-0.226678042664364,-0.230387158367663,-0.22925627900141,-0.230380074351467
1.881,-0.226354713465519,-0.230053734398072,-0.228924875832865,-0.230047300531288
1.88133333333333,-0.226032396847994,-0.229721363441259,-0.228594517161489,-0.229715575244684
1.88166666666667,-0.22571108875026,-0.229390041245458,-0.228265198776973,-0.229384894265412
1.882,-0.22539078513148,-0.229059763580756,-0.227936916490589,-0.229055253388888
1.88233333333333,-0.22507148197141,-0.228730526238948,-0.227609666135065,-0.228726648432018
1.88266666666667,-0.224753175270245,-0.228402325033391,-0.22728344356445,-0.228399075233098
1.883,-0.224435861048504,-0.2280751557989,-0.22695824465398,-0.228072529651672
1.88333333333333,-0.224119535346923,-0.227749014391598,-0.226634065299953,-0.227747007568406
1.88366666666667,-0.223804194226294,-0.227423896688784,-0.226310901419599,-0.227422504884942
1.884,-0.223489833767381,-0.227099798588812,-0.225988748950958,-0.227099017523801
1.88433333333333,-0.223176450070781,-0.226776716010962,-0.225667603852735,-0.226776541428225
1.88466666666667,-0.222864039256806,-0.226454644895301,-0.225347462104202,-0.226455072562071
1.885,-0.222552597465358,-0.226133581202571,-0.225028319705043,-0.226134606909679
1.88533333333333,-0.222242120855827,-0.225813520914062,-0.224710172675256,-0.22581514047575
1.88566666666667,-0.221932605606949,-0.225494460031467,-0.224393017055008,-0.225496669285209
1.886,-0.221624047916719,-0.225176394576784,-0.224076848904533,-0.225179189383114
1.88633333333333,-0.221316444002244,-0.22485932059218,-0.223761664303991,-0.224862696834495
1.88666666666667,-0.22100979009965,-0.224543234139863,-0.223447459353366,-0.22454718772426
1.887,-0.220704082463957,-0.224228131301976,-0.223134230172322,-0.22423265815706
1.88733333333333,-0.220399317368963,-0.223914008180461,-0.222821972900118,-0.223919104257195
1.88766666666667,-0.220095491107149,-0.223600860896953,-0.222510683695457,-0.223606522168456
1.888,-0.219792599989539,-0.223288685592645,-0.222200358736379,-0.223294908054041
1.88833333333333,-0.219490640345613,-0.222977478428188,-0.221890994220167,-0.222984258096424
1.88866666666667,-0.219189608523188,-0.222667235583562,-0.22158258636319,-0.22267456849724
1.889,-0.218889500888298,-0.222357953257958,-0.22127513140082,-0.222365835477169
1.88933333333333,-0.218590313825101,-0.222049627669671,-0.220968625587312,-0.222058055275832
1.88966666666667,-0.218292043735766,-0.221742255055978,-0.22066306519568,-0.221751224151658
1.89,-0.217994687040356,-0.221435831673029,-0.220358446517591,-0.221445338381789
1.89033333333333,-0.217698240176736,-0.221130353795732,-0.220054765863258,-0.221140394261964
1.89066666666667,-0.217402699600456,-0.220825817717637,-0.219752019561326,-0.220836388106399
1.891,-0.217108061784648,-0.220522219750829,-0.219450203958753,-0.220533316247686
1.89133333333333,-0.216814323219927,-0.220219556225817,-0.219149315420714,-0.220231175036687
1.89166666666667,-0.216521480414277,-0.21991782349142,-0.218849350330486,-0.219929960842405
1.892,-0.216229529892962,-0.219617017914661,-0.21855030508934,-0.219629670051908
1.89233333333333,-0.21593846819841,-0.219317135880657,-0.218252176116433,-0.21933029907018
1.89266666666667,-0.215648291890118,-0.219018173792512,-0.217954959848701,-0.219031844320058
1.893,-0.215358997544545,-0.21872012807121,-0.217658652740766,-0.218734302242099
1.89333333333333,-0.215070581755029,-0.218422995155508,-0.217363251264804,-0.218437669294479
1.89366666666667,-0.214783041131662,-0.218126771501831,-0.217068751910477,-0.218141941952894
1.894,-0.214496372301211,-0.217831453584167,-0.216775151184791,-0.217847116710451
1.89433333333333,-0.214210571907009,-0.217537037893961,-0.216482445612026,-0.217553190077571
1.89466666666667,-0.213925636608867,-0.217243520940012,-0.216190631733612,-0.217260158581881
1.895,-0.213641563082961,-0.216950899248376,-0.215899706108037,-0.216968018768119
1.89533333333333,-0.213358348021758,-0.216659169362256,-0.215609665310753,-0.21667676719802
1.89566666666667,-0.213075988133901,-0.216368327841904,-0.215320505934055,-0.216386400450239
1.896,-0.212794480144124,-0.216078371264525,-0.215032224587003,-0.21609691512022
1.89633333333333,-0.212513820793152,-0.215789296224167,-0.214744817895317,-0.215808307820127
1.89666666666667,-0.212234006837617,-0.215501099331627,-0.214458282501268,-0.215520575178727
1.897,-0.211955035049953,-0.21521377721436,-0.214172615063601,-0.215233713841303
1.89733333333333,-0.211676902218314,-0.214927326516368,-0.213887812257426,-0.214947720469554
1.89766666666667,-0.211399605146469,-0.214641743898107,-0.213603870774111,-0.214662591741495
1.898,-0.211123140653732,-0.214357026036399,-0.213320787321216,-0.214378324351359
1.89833333333333,-0.210847505574845,-0.214073169624323,-0.213038558622368,-0.214094915009519
1.89866666666667,-0.210572696759915,-0.21379017137113,-0.212757181417193,-0.213812360442377
1.899,-0.210298711074304,-0.213508028002142,-0.212476652461198,-0.213530657392274
1.89933333333333,-0.210025545398551,-0.213226736258662,-0.212196968525704,-0.213249802617399
1.89966666666667,-0.209753196628279,-0.21294629289788,-0.211918126397724,-0.212969792891702
1.9,-0.20948166167411,-0.212666694692775,-0.211640122879908,-0.212690625004793
1.90033333333333,-0.209210937461581,-0.212387938432035,-0.211362954790414,-0.212412295761857
1.90066666666667,-0.208941020931051,-0.212110020919952,-0.211086618962847,-0.212134801983555
1.901,-0.208671909037618,-0.211832938976338,-0.210811112246151,-0.21185814050595
1.90133333333333,-0.20840359875104,-0.211556689436438,-0.21053643150454,-0.211582308180405
1.90166666666667,-0.208136087055639,-0.211281269150835,-0.21026257361738,-0.211307301873498
1.902,-0.20786937095022,-0.21100667498536,-0.209989535479132,-0.211033118466928
1.90233333333333,-0.207603447448009,-0.210732903821008,-0.209717313999244,-0.210759754857448
1.90266666666667,-0.207338313576529,-0.210459952553848,-0.209445906102074,-0.210487207956748
1.903,-0.207073966377547,-0.210187818094938,-0.209175308726799,-0.210215474691393
1.90333333333333,-0.206810402906997,-0.209916497370237,-0.208905518827334,-0.209944552002727
1.90366666666667,-0.206547620234877,-0.209645987320515,-0.208636533372247,-0.209674436846794
1.904,-0.206285615445176,-0.209376284901275,-0.208368349344667,-0.209405126194241
1.90433333333333,-0.206024385635807,-0.20910738708266,-0.208100963742213,-0.209136617030247
1.90466666666667,-0.205763927918509,-0.208839290849383,-0.207834373576897,-0.208868906354434
1.905,-0.205504239418777,-0.208571993200622,-0.207568575875048,-0.208601991180788
1.90533333333333,-0.205245317275786,-0.208305491149953,-0.207303567677238,-0.208335868537567
1.90566666666667,-0.204987158642306,-0.208039781725263,-0.207039346038185,-0.208070535467237
1.906,-0.204729760684629,-0.20777486196867,-0.206775908026682,-0.207805989026365
1.90633333333333,-0.204473120582492,-0.207510728936433,-0.206513250725514,-0.207542226285567
1.90666666666667,-0.204217235528993,-0.207247379698884,-0.206251371231375,-0.207279244329404
1.907,-0.203962102730532,-0.206984811340335,-0.2059902666548,-0.207017040256319
1.90733333333333,-0.203707719406717,-0.206723020959008,-0.205729934120067,-0.20675561117855
1.90766666666667,-0.2034540827903,-0.206462005666949,-0.205470370765138,-0.206494954222051
1.908,-0.2032011901271,-0.206201762589953,-0.205211573741568,-0.20623506652642
1.90833333333333,-0.202949038675925,-0.205942288867484,-0.204953540214432,-0.205975945244808
1.90866666666667,-0.202697625708505,-0.205683581652601,-0.204696267362252,-0.205717587543863
1.909,-0.202446948509416,-0.205425638111867,-0.204439752376915,-0.205459990603637
1.90933333333333,-0.202197004376006,-0.205168455425292,-0.204183992463602,-0.20520315161751
1.90966666666667,-0.201947790618323,-0.20491203078625,-0.203928984840705,-0.204947067792131
1.91,-0.201699304559051,-0.20465636140139,-0.203674726739764,-0.204691736347319
1.91033333333333,-0.201451543533427,-0.204401444490582,-0.203421215405378,-0.204437154516012
1.91066666666667,-0.201204504889176,-0.204147277286822,-0.203168448095147,-0.204183319544174
1.911,-0.200958185986443,-0.203893857036175,-0.202916422079588,-0.203930228690731
1.91133333333333,-0.200712584197722,-0.203641180997686,-0.202665134642063,-0.203677879227501
1.91166666666667,-0.200467696907784,-0.203389246443324,-0.202414583078713,-0.203426268439118
1.912,-0.200223521513608,-0.20313805065789,-0.20216476469838,-0.203175393622948
1.91233333333333,-0.199980055424319,-0.202887590938962,-0.201915676822535,-0.202925252089039
1.91266666666667,-0.199737296061116,-0.202637864596811,-0.201667316785215,-0.202675841160035
1.913,-0.199495240857198,-0.202388868954335,-0.201419681932945,-0.202427158171109
1.91333333333333,-0.19925388725771,-0.202140601346983,-0.201172769624666,-0.202179200469901
1.91366666666667,-0.199013232719664,-0.2018930591227,-0.200926577231671,-0.201931965416431
1.914,-0.198773274711886,-0.201646239641832,-0.20068110213754,-0.201685450383039
1.91433333333333,-0.198534010714935,-0.201400140277077,-0.200436341738059,-0.201439652754328
1.91466666666667,-0.19829543822105,-0.201154758413411,-0.200192293441165,-0.201194569927069
1.915,-0.198057554734077,-0.200910091448013,-0.199948954666861,-0.200950199310163
1.91533333333333,-0.19782035776941,-0.200666136790204,-0.199706322847174,-0.200706538324545
1.91566666666667,-0.197583844853928,-0.200422891861375,-0.199464395426063,-0.200463584403143
1.916,-0.197348013525922,-0.20018035409492,-0.199223169859364,-0.200221334990788
1.91633333333333,-0.197112861335044,-0.199938520936175,-0.198982643614728,-0.19997978754417
1.91666666666667,-0.196878385842236,-0.199697389842342,-0.198742814171547,-0.19973893953175
1.917,-0.196644584619667,-0.199456958282428,-0.198503679020893,-0.19949878843371
1.91733333333333,-0.19641145525068,-0.199217223737186,-0.19826523566545,-0.199259331741891
1.91766666666667,-0.196178995329715,-0.198978183699036,-0.198027481619458,-0.199020566959709
1.918,-0.19594720246227,-0.198739835672007,-0.197790414408635,-0.198782491602111
1.91833333333333,-0.195716074264812,-0.198502177171684,-0.197554031570134,-0.198545103195502
1.91866666666667,-0.195485608364745,-0.198265205725118,-0.197318330652454,-0.198308399277684
1.919,-0.195255802400332,-0.198028918870789,-0.197083309215402,-0.198072377397787
1.91933333333333,-0.195026654020635,-0.197793314158528,-0.196848964830007,-0.197837035116221
1.91966666666667,-0.19479816088547,-0.197558389149457,-0.196615295078492,-0.197602370004595
1.92,-0.194570320665328,-0.19732414141593,-0.196382297554162,-0.197368379645677
1.92033333333333,-0.194343131041339,-0.19709056854147,-0.196149969861402,-0.197135061633308
1.92066666666667,-0.194116589705193,-0.196857668120704,-0.195918309615567,-0.196902413572363
1.921,-0.193890694359098,-0.196625437759299,-0.195687314442945,-0.196670433078678
1.92133333333333,-0.193665442715707,-0.196393875073924,-0.195456981980699,-0.196439117778996
1.92166666666667,-0.193440832498079,-0.196162977692155,-0.195227309876797,-0.196208465310902
1.922,-0.19321686143961,-0.19593274325244,-0.194998295789959,-0.195978473322768
1.92233333333333,-0.192993527283981,-0.195703169404037,-0.194769937389595,-0.195749139473692
1.92266666666667,-0.192770827785099,-0.195474253806933,-0.19454223235575,-0.195520461433441
1.923,-0.192548760707039,-0.195245994131825,-0.194315178379043,-0.195292436882388
1.92333333333333,-0.192327323824003,-0.195018388060023,-0.194088773160613,-0.195065063511466
1.92366666666667,-0.192106514920252,-0.194791433283411,-0.193863014412057,-0.194838339022093
1.924,-0.191886331790048,-0.19456512750439,-0.193637899855376,-0.194612261126132
1.92433333333333,-0.191666772237611,-0.194339468435815,-0.193413427222921,-0.194386827545819
1.92466666666667,-0.191447834077064,-0.194114453800934,-0.193189594257324,-0.194162036013721
1.925,-0.191229515132369,-0.19389008133335,-0.192966398711461,-0.193937884272672
1.92533333333333,-0.191011813237287,-0.193666348776941,-0.192743838348391,-0.193714370075712
1.92566666666667,-0.190794726235311,-0.193443253885825,-0.192521910941279,-0.193491491186049
1.926,-0.190578251979632,-0.193220794424282,-0.192300614273378,-0.193269245376986
1.92633333333333,-0.190362388333068,-0.192998968166721,-0.192079946137946,-0.193047630431872
1.92666666666667,-0.190147133168018,-0.192777772897618,-0.191859904338203,-0.192826644144057
1.927,-0.189932484366424,-0.192557206411457,-0.191640486687276,-0.192606284316823
1.92733333333333,-0.189718439819697,-0.192337266512668,-0.191421691008148,-0.192386548763339
1.92766666666667,-0.189504997428684,-0.192117951015606,-0.191203515133603,-0.192167435306613
1.928,-0.189292155103611,-0.191899257744454,-0.19098595690616,-0.191948941779424
1.92833333333333,-0.189079910764026,-0.191681184533199,-0.190769014178051,-0.191731066024282
1.92866666666667,-0.188868262338761,-0.191463729225575,-0.190552684811139,-0.191513805893372
1.929,-0.188657207765882,-0.191246889675004,-0.190336966676881,-0.191297159248504
1.92933333333333,-0.188446744992623,-0.191030663744546,-0.190121857656279,-0.191081123961052
1.92966666666667,-0.188236871975362,-0.190815049306851,-0.189907355639814,-0.190865697911916
1.93,-0.188027586679545,-0.1906000442441,-0.18969345852741,-0.190650878991464
1.93033333333333,-0.18781888707966,-0.190385646447963,-0.189480164228375,-0.190436665099482
1.93066666666667,-0.187610771159181,-0.190171853819546,-0.189267470661361,-0.190223054145118
1.931,-0.187403236910516,-0.189958664269329,-0.1890553757543,-0.190010044046851
1.93133333333333,-0.187196282334966,-0.189746075717136,-0.188843877444364,-0.189797632732415
1.93166666666667,-0.186989905442672,-0.189534086092063,-0.188632973677916,-0.189585818138768
1.932,-0.186784104252568,-0.189322693332451,-0.18842266241045,-0.189374598212041
1.93233333333333,-0.186578876792351,-0.189111895385821,-0.18821294160656,-0.189163970907479
1.93266666666667,-0.186374221098402,-0.188901690208828,-0.188003809239879,-0.188953934189404
1.933,-0.186170135215778,-0.188692075767213,-0.187795263293029,-0.188744486031165
1.93333333333333,-0.185966617198126,-0.188483050035762,-0.187587301757586,-0.18853562441508
1.93366666666667,-0.18576366510768,-0.188274610998243,-0.187379922634023,-0.1883273473324
1.934,-0.185561277015179,-0.18806675664738,-0.187173123931665,-0.188119652783255
1.93433333333333,-0.185359450999843,-0.187859484984775,-0.186966903668634,-0.187912538776611
1.93466666666667,-0.185158185149325,-0.187652794020894,-0.186761259871825,-0.187706003330224
1.935,-0.184957477559656,-0.187446681774992,-0.186556190576832,-0.187500044470587
1.93533333333333,-0.184757326335218,-0.187241146275092,-0.186351693827925,-0.187294660232892
1.93566666666667,-0.184557729588686,-0.187036185557914,-0.186147767677988,-0.187089848660976
1.936,-0.184358685440996,-0.186831797668845,-0.185944410188478,-0.18688560780728
1.93633333333333,-0.184160192021287,-0.186627980661894,-0.185741619429392,-0.186681935732809
1.93666666666667,-0.18396224746687,-0.186424732599631,-0.185539393479201,-0.186478830507073
1.937,-0.183764849923181,-0.186222051553165,-0.185337730424822,-0.186276290208059
1.93733333333333,-0.183567997543744,-0.186019935602074,-0.185136628361565,-0.186074312922171
1.93766666666667,-0.183371688490118,-0.185818382834387,-0.184936085393095,-0.185872896744196
1.938,-0.183175920931857,-0.185617391346509,-0.184736099631383,-0.18567203977726
1.93833333333333,-0.182980693046486,-0.185416959243204,-0.184536669196664,-0.185471740132774
1.93866666666667,-0.182786003019431,-0.18521708463755,-0.184337792217399,-0.185271995930404
1.939,-0.182591849043998,-0.185017765650865,-0.184139466830217,-0.185072805298018
1.93933333333333,-0.182398229321325,-0.184819000412696,-0.183941691179894,-0.184874166371653
1.93966666666667,-0.182205142060353,-0.18462078706077,-0.18374446341929,-0.184676077295456
1.94,-0.182012585477752,-0.184423123740937,-0.183547781709325,-0.18447853622166
1.94033333333333,-0.181820557797925,-0.184226008607147,-0.183351644218916,-0.184281541310532
1.94066666666667,-0.181629057252937,-0.184029439821391,-0.183156049124956,-0.184085090730335
1.941,-0.181438082082485,-0.183833415553664,-0.182960994612266,-0.183889182657279
1.94133333333333,-0.181247630533864,-0.183637933981929,-0.182766478873539,-0.183693815275487
1.94166666666667,-0.181057700861916,-0.183442993292074,-0.182572500109328,-0.183498986776953
1.942,-0.180868291328998,-0.183248591677865,-0.182379056527972,-0.183304695361505
1.94233333333333,-0.180679400204946,-0.183054727340907,-0.182186146345585,-0.18311093923675
1.94266666666667,-0.18049102576703,-0.18286139849061,-0.181993767785998,-0.182917716618046
1.943,-0.180303166299913,-0.182668603344139,-0.181801919080726,-0.182725025728465
1.94333333333333,-0.18011582009563,-0.182476340126383,-0.181610598468919,-0.182532864798749
1.94366666666667,-0.179928985453527,-0.182284607069905,-0.181419804197347,-0.182341232067252
1.944,-0.179742660680243,-0.182093402414909,-0.181229534520321,-0.182150125779932
1.94433333333333,-0.179556844089656,-0.181902724409205,-0.181039787699698,-0.1819595441903
1.94466666666667,-0.179371534002861,-0.181712571308159,-0.180850562004807,-0.181769485559365
1.945,-0.179186728748119,-0.181522941374655,-0.180661855712433,-0.181579948155617
1.94533333333333,-0.179002426660838,-0.181333832879072,-0.18047366710676,-0.181390930254979
1.94566666666667,-0.178818626083512,-0.181145244099218,-0.180285994479351,-0.181202430140771
1.946,-0.17863532536571,-0.180957173320322,-0.180098836129103,-0.181014446103665
1.94633333333333,-0.17845252286402,-0.180769618834975,-0.179912190362198,-0.180826976441663
1.94666666666667,-0.178270216942022,-0.180582578943096,-0.179726055492091,-0.180640019460045
1.947,-0.178088405970259,-0.180396051951902,-0.179540429839449,-0.180453573471327
1.94733333333333,-0.177907088326185,-0.180210036175862,-0.179355311732124,-0.180267636795249
1.94766666666667,-0.177726262394143,-0.180024529936666,-0.179170699505109,-0.180082207758716
1.948,-0.177545926565328,-0.179839531563184,-0.178986591500525,-0.179897284695764
1.94833333333333,-0.177366079237744,-0.179655039391427,-0.178802986067544,-0.179712865947535
1.94866666666667,-0.177186718816177,-0.179471051764527,-0.178619881562397,-0.179528949862225
1.949,-0.177007843712163,-0.179287567032669,-0.178437276348312,-0.17934553479506
1.94933333333333,-0.176829452343946,-0.17910458355309,-0.178255168795471,-0.17916261910826
1.94966666666667,-0.176651543136445,-0.178922099690018,-0.178073557281003,-0.178980201170994
1.95,-0.17647411452123,-0.178740113814653,-0.177892440188925,-0.178798279359352
1.95033333333333,-0.176297164936474,-0.178558624305111,-0.17771181591012,-0.17861685205631
1.95066666666667,-0.176120692826929,-0.178377629546421,-0.177531682842291,-0.178435917651694
1.951,-0.175944696643895,-0.178197127930449,-0.177352039389937,-0.178255474542144
1.95133333333333,-0.175769174845173,-0.178017117855904,-0.177172883964315,-0.178075521131077
1.95166666666667,-0.175594125895047,-0.177837597728269,-0.176994214983398,-0.177896055828659
1.952,-0.175419548264247,-0.177658565959795,-0.176816030871859,-0.177717077051769
1.95233333333333,-0.175245440429914,-0.177480020969443,-0.176638330061014,-0.177538583223962
1.95266666666667,-0.175071800875568,-0.177301961182871,-0.176461110988814,-0.177360572775434
1.953,-0.174898628091078,-0.177124385032383,-0.176284372099783,-0.177183044142997
1.95333333333333,-0.174725920572632,-0.176947290956904,-0.176108111845011,-0.177005995770038
1.95366666666667,-0.174553676822693,-0.17677067740194,-0.175932328682109,-0.176829426106488
1.954,-0.174381895349985,-0.176594542819563,-0.175757021075171,-0.176653333608788
1.95433333333333,-0.174210574669456,-0.176418885668352,-0.175582187494755,-0.176477716739863
1.95466666666667,-0.174039713302239,-0.176243704413378,-0.175407826417834,-0.17630257396908
1.955,-0.173869309775626,-0.176068997526168,-0.175233936327786,-0.176127903772213
1.95533333333333,-0.173699362623037,-0.175894763484671,-0.175060515714333,-0.175953704631432
1.95566666666667,-0.173529870383999,-0.175721000773221,-0.174887563073534,-0.175779975035242
1.956,-0.173360831604092,-0.175547707882516,-0.174715076907747,-0.175606713478476
1.95633333333333,-0.17319224483495,-0.175374883309575,-0.174543055725589,-0.175433918462247
1.95666666666667,-0.173024108634202,-0.175202525557717,-0.174371498041912,-0.175261588493926
1.957,-0.172856421565457,-0.175030633136514,-0.174200402377766,-0.175089722087108
1.95733333333333,-0.172689182198274,-0.174859204561779,-0.174029767260384,-0.174918317761576
1.95766666666667,-0.172522389108125,-0.174688238355524,-0.173859591223124,-0.174747374043278
1.958,-0.172356040876382,-0.174517733045928,-0.17368987280547,-0.174576889464292
1.95833333333333,-0.172190136090263,-0.174347687167305,-0.17352061055297,-0.174406862562796
1.95866666666667,-0.172024673342825,-0.174178099260086,-0.173351803017235,-0.17423729188304
1.959,-0.171859651232922,-0.174008967870773,-0.173183448755883,-0.174068175975309
1.95933333333333,-0.171695068365184,-0.173840291551919,-0.173015546332532,-0.173899513395904
1.95966666666667,-0.171530923349984,-0.173672068862093,-0.172848094316757,-0.173731302707098
1.96,-0.171367214803415,-0.17350429836585,-0.172681091284053,-0.173563542477125
1.96033333333333,-0.171203941347245,-0.173336978633704,-0.17251453581583,-0.173396231280131
1.96066666666667,-0.171041101608917,-0.173170108242104,-0.17234842649936,-0.173229367696156
1.961,-0.170878694221498,-0.173003685773387,-0.172182761927765,-0.173062950311103
1.96133333333333,-0.17071671782366,-0.172837709815766,-0.172017540699974,-0.172896977716711
1.96166666666667,-0.170555171059651,-0.172672178963295,-0.171852761420699,-0.17273144851052
1.962,-0.170394052579265,-0.17250709181584,-0.171688422700419,-0.172566361295843
1.96233333333333,-0.170233361037827,-0.172342446979046,-0.171524523155333,-0.172401714681752
1.96266666666667,-0.170073095096149,-0.172178243064321,-0.171361061407341,-0.172237507283024
1.963,-0.16991325342051,-0.172014478688788,-0.171198036084015,-0.17207373772014
1.96333333333333,-0.169753834682638,-0.171851152475282,-0.17103544581857,-0.171910404619233
1.96366666666667,-0.169594837559663,-0.171688263052298,-0.170873289249841,-0.171747506612084
1.964,-0.169436260734113,-0.171525809053973,-0.170711565022248,-0.171585042336067
1.96433333333333,-0.169278102893878,-0.17136378912007,-0.170550271785773,-0.171423010434145
1.96466666666667,-0.169120362732167,-0.171202201895927,-0.170389408195933,-0.171261409554836
1.965,-0.168963038947525,-0.171041046032448,-0.170228972913752,-0.171100238352179
1.96533333333333,-0.168806130243754,-0.170880320186063,-0.170068964605726,-0.170939495485712
1.96566666666667,-0.168649635329932,-0.17072002301872,-0.169909381943818,-0.170779179620444
1.966,-0.168493552920359,-0.170560153197831,-0.169750223605412,-0.170619289426831
1.96633333333333,-0.168337881734546,-0.170400709396273,-0.169591488273284,-0.170459823580748
1.96666666666667,-0.168182620497182,-0.170241690292336,-0.169433174635597,-0.170300780763462
1.967,-0.168027767938117,-0.170083094569718,-0.169275281385848,-0.170142159661602
1.96733333333333,-0.167873322792327,-0.169924920917484,-0.169117807222868,-0.169983958967142
1.96766666666667,-0.167719283799894,-0.169767168030049,-0.168960750850777,-0.169826177377363
1.968,-0.167565649705987,-0.169609834607145,-0.168804110978964,-0.169668813594844
1.96833333333333,-0.167412419260824,-0.169452919353803,-0.168647886322063,-0.169511866327415
1.96866666666667,-0.167259591219665,-0.169296420980313,-0.168492075599934,-0.169355334288151
1.969,-0.167107164342769,-0.16914033820222,-0.168336677537618,-0.169199216195328
1.96933333333333,-0.16695513739538,-0.168984669740279,-0.168181690865333,-0.169043510772427
1.96966666666667,-0.166803509147708,-0.16882941432044,-0.168027114318441,-0.168888216748068
1.97,-0.166652278374894,-0.16867457067382,-0.167872946637416,-0.16873333285602
1.97033333333333,-0.16650144385699,-0.168520137536678,-0.167719186567835,-0.168578857835159
1.97066666666667,-0.166351004378942,-0.168366113650389,-0.16756583286033,-0.168424790429448
1.971,-0.166200958730553,-0.168212497761422,-0.167412884270594,-0.168271129387915
1.97133333333333,-0.166051305706474,-0.168059288621317,-0.167260339559332,-0.16811787346462
1.97166666666667,-0.165902044106172,-0.167906484986651,-0.167108197492243,-0.167965021418641
1.972,-0.165753172733908,-0.167754085619027,-0.166956456840004,-0.167812572014041
1.97233333333333,-0.16560469039872,-0.167602089285039,-0.166805116378238,-0.16766052401985
1.97266666666667,-0.165456595914388,-0.167450494756252,-0.166654174887489,-0.167508876210039
1.973,-0.16530888809942,-0.167299300809182,-0.16650363115321,-0.1673576273635
1.97333333333333,-0.165161565777036,-0.167148506225265,-0.16635348396572,-0.167206776264012
1.97366666666667,-0.165014627775131,-0.16699810979084,-0.166203732120208,-0.167056321700232
1.974,-0.164868072926251,-0.166848110297118,-0.166054374416673,-0.166906262465655
1.97433333333333,-0.164721900067599,-0.166698506540168,-0.165905409659941,-0.166756597358612
1.97466666666667,-0.164576108040977,-0.166549297320884,-0.165756836659613,-0.166607325182223
1.975,-0.164430695692781,-0.166400481444969,-0.165608654230049,-0.166458444744393
1.97533333333333,-0.164285661873984,-0.166252057722911,-0.165460861190357,-0.166309954857781
1.97566666666667,-0.164141005440108,-0.166104024969957,-0.165313456364352,-0.166161854339776
1.976,-0.163996725251192,-0.16595638200609,-0.165166438580553,-0.166014142012478
1.97633333333333,-0.163852820171793,-0.165809127656019,-0.165019806672141,-0.165866816702675
1.97666666666667,-0.16370928907095,-0.165662260749131,-0.164873559476956,-0.165719877241821
1.977,-0.163566130822164,-0.165515780119498,-0.164727695837453,-0.165573322466013
1.97733333333333,-0.163423344303377,-0.165369684605827,-0.164582214600707,-0.165427151215968
1.97766666666667,-0.16328092839695,-0.165223973051463,-0.164437114618364,-0.165281362337
1.978,-0.163138881989654,-0.165078644304349,-0.164292394746635,-0.165135954679001
1.97833333333333,-0.162997203972628,-0.164933697217013,-0.164148053846275,-0.164990927096422
1.97866666666667,-0.162855893241379,-0.164789130646544,-0.164004090782558,-0.164846278448242
1.979,-0.162714948695742,-0.16464494345457,-0.163860504425248,-0.164702007597955
1.97933333333333,-0.162574369239881,-0.164501134507237,-0.16371729364859,-0.164558113413553
1.97966666666667,-0.162434153782254,-0.164357702675187,-0.163574457331284,-0.164414594767487
1.98,-0.16229430123559,-0.164214646833536,-0.163431994356464,-0.16427145053666
1.98033333333333,-0.162154810516882,-0.164071965861859,-0.163289903611677,-0.164128679602405
1.98066666666667,-0.162015680547359,-0.163929658644153,-0.163148183988853,-0.163986280850455
1.981,-0.161876910252464,-0.163787724068846,-0.163006834384312,-0.163844253170948
1.98133333333333,-0.161738498561838,-0.163646161028741,-0.162865853698707,-0.163702595458363
1.98166666666667,-0.161600444409305,-0.163504968421016,-0.162725240837031,-0.163561306611537
1.982,-0.161462746732839,-0.163364145147202,-0.162584994708584,-0.163420385533634
1.98233333333333,-0.161325404474562,-0.163223690113158,-0.162445114226955,-0.16327983113211
1.98266666666667,-0.161188416580708,-0.163083602229051,-0.162305598310005,-0.16313964231872
1.983,-0.161051782001614,-0.162943880409343,-0.162166445879847,-0.162999818009473
1.98333333333333,-0.160915499691692,-0.162804523572755,-0.162027655862815,-0.162860357124625
1.98366666666667,-0.160779568609426,-0.16266553064227,-0.161889227189459,-0.162721258588651
1.984,-0.160643987717339,-0.162526900545088,-0.161751158794527,-0.162582521330246
1.98433333333333,-0.160508755981971,-0.162388632212624,-0.161613449616914,-0.162444144282265
1.98466666666667,-0.16037387237388,-0.162250724580488,-0.161476098599698,-0.162306126381751
1.985,-0.160239335867598,-0.162113176588449,-0.16133910469006,-0.16216846656988
1.98533333333333,-0.160105145441632,-0.161975987180437,-0.161202466839314,-0.162031163791958
1.98566666666667,-0.159971300078444,-0.161839155304504,-0.161066184002856,-0.161894216997399
1.986,-0.159837798764413,-0.161702679912823,-0.160930255140159,-0.161757625139703
1.98633333333333,-0.159704640489842,-0.161566559961656,-0.160794679214755,-0.161621387176438
1.98666666666667,-0.159571824248927,-0.161430794411339,-0.16065945519421,-0.161485502069229
1.987,-0.159439349039741,-0.161295382226262,-0.16052458205011,-0.161349968783722
1.98733333333333,-0.159307213864212,-0.161160322374856,-0.160390058758036,-0.161214786289582
1.98766666666667,-0.159175417728116,-0.161025613829563,-0.160255884297552,-0.16107995356047
1.988,-0.159043959641045,-0.16089125556683,-0.160122057652182,-0.160945469574014
1.98833333333333,-0.1589128386164,-0.160757246567075,-0.159988577809403,-0.160811333311808
1.98866666666667,-0.158782053671372,-0.160623585814693,-0.159855443760603,-0.160677543759378
1.989,-0.158651603826926,-0.160490272298008,-0.159722654501093,-0.160544099906176
1.98933333333333,-0.158521488107768,-0.160357305009281,-0.159590209030061,-0.160411000745551
1.98966666666667,-0.158391705542351,-0.160224682944669,-0.159458106350578,-0.160278245274744
1.99,-0.158262255162843,-0.160092405104226,-0.159326345469557,-0.160145832494854
1.99033333333333,-0.158133136005118,-0.159960470491879,-0.159194925397755,-0.160013761410834
1.99066666666667,-0.158004347108725,-0.1598288781154,-0.159063845149741,-0.159882031031464
1.991,-0.157875887516891,-0.159697626986406,-0.158933103743896,-0.15975064036934
1.99133333333333,-0.157747756276489,-0.159566716120322,-0.158802700202371,-0.159619588440854
1.99166666666667,-0.157619952438031,-0.159436144536385,-0.158672633551092,-0.159488874266179
1.992,-0.157492475055636,-0.159305911257608,-0.158542902819729,-0.159358496869241
1.99233333333333,-0.15736532318704,-0.159176015310769,-0.158413507041688,-0.159228455277719
1.99266666666667,-0.157238495893549,-0.159046455726401,-0.158284445254088,-0.15909874852301
1.993,-0.157111992240041,-0.158917231538759,-0.158155716497738,-0.158969375640226
1.99333333333333,-0.156985811294954,-0.158788341785822,-0.158027319817134,-0.158840335668169
1.99366666666667,-0.156859952130254,-0.158659785509258,-0.157899254260443,-0.15871162764932
1.994,-0.15673441382143,-0.158531561754422,-0.157771518879463,-0.158583250629816
1.99433333333333,-0.156609195447471,-0.158403669570325,-0.157644112729634,-0.158455203659434
1.99466666666667,-0.15648429609086,-0.158276108009634,-0.157517034870007,-0.158327485791586
1.995,-0.156359714837547,-0.158148876128642,-0.157390284363226,-0.15820009608328
1.99533333333333,-0.156235450776935,-0.15802197298725,-0.157263860275521,-0.158073033595126
1.99566666666667,-0.156111503001875,-0.157895397648965,-0.157137761676688,-0.157946297391304
1.996,-0.15598787060864,-0.157769149180871,-0.157011987640066,-0.157819886539559
1.99633333333333,-0.155864552696913,-0.157643226653618,-0.156886537242529,-0.157693800111181
1.99666666666667,-0.155741548369763,-0.157517629141401,-0.156761409564465,-0.15756803718098
1.997,-0.155618856733652,-0.157392355721951,-0.156636603689767,-0.15744259682728
1.99733333333333,-0.155496476898391,-0.157267405476513,-0.156512118705811,-0.15731747813191
1.99766666666667,-0.155374407977149,-0.157142777489831,-0.156387953703432,-0.157192680180167
1.998,-0.155252649086422,-0.157018470850135,-0.156264107776937,-0.157068202060816
1.99833333333333,-0.155131199346025,-0.156894484649133,-0.156140580024054,-0.156944042866078
1.99866666666667,-0.155010057879079,-0.156770817981968,-0.156017369545944,-0.15682020169159
1.999,-0.154889223811989,-0.156647469947235,-0.155894475447161,-0.156696677636422
1.99933333333333,-0.154768696274436,-0.156524439646941,-0.155771896835664,-0.156573469803044
1.99966666666667,-0.154648474399358,-0.156401726186509,-0.155649632822781,-0.156450577297303
2,-0.154528557322933,-0.156279328674742,-0.155527682523198,-0.156327999228425
