"Freq [GHz]","dB(S(1,1)) []","dB(S(2,2)) []","dB(S(3,3)) []","dB(S(4,4)) []"
1,-0.0466877453644427,-0.0466954911066889,-0.046478515512875,-0.0468300952951495
1.00033333333333,-0.0467151063268316,-0.0467231163793817,-0.0465058677669447,-0.0468580931494764
1.00066666666667,-0.0467425346038715,-0.0467508093346403,-0.0465332866856782,-0.0468861589792269
1.001,-0.0467700303525079,-0.046778570131817,-0.0465607724267635,-0.0469142929473042
1.00133333333333,-0.0467975937301633,-0.0468063989307696,-0.0465883251483748,-0.0469424952171104
1.00166666666667,-0.046825224894759,-0.0468342958918429,-0.0466159450091717,-0.0469707659525481
1.002,-0.0468529240046962,-0.0468622611758861,-0.0466436321683072,-0.0469991053180325
1.00233333333333,-0.0468806912188816,-0.046890294944245,-0.0466713867854214,-0.0470275134784837
1.00266666666667,-0.0469085266967066,-0.0469183973587623,-0.0466992090206457,-0.0470559905993301
1.003,-0.0469364305980588,-0.0469465685817898,-0.0467270990346137,-0.0470845368465116
1.00333333333333,-0.0469644030833317,-0.0469748087761822,-0.0467550569884519,-0.047113152386481
1.00366666666667,-0.0469924443134081,-0.0470031181052974,-0.0467830830437825,-0.0471418373862111
1.004,-0.0470205544496808,-0.0470314967330058,-0.0468111773627311,-0.0471705920131872
1.00433333333333,-0.0470487336540387,-0.0470599448236872,-0.0468393401079219,-0.0471994164354116
1.00466666666667,-0.0470769820888796,-0.0470884625422328,-0.0468675714424897,-0.0472283108214102
1.005,-0.0471052999171123,-0.0471170500540432,-0.0468958715300656,-0.0472572753402304
1.00533333333333,-0.0471336873021428,-0.0471457075250413,-0.0469242405347944,-0.0472863101614464
1.00566666666667,-0.0471621444078957,-0.0471744351216668,-0.0469526786213261,-0.0473154154551511
1.006,-0.0471906713988065,-0.0472032330108695,-0.0469811859548253,-0.0473445913919804
1.00633333333333,-0.0472192684398227,-0.0472321013601325,-0.0470097627009675,-0.0473738381430835
1.00666666666667,-0.0472479356964105,-0.0472610403374547,-0.047038409025945,-0.0474031558801515
1.007,-0.0472766733345509,-0.0472900501113627,-0.04706712509646,-0.0474325447754052
1.00733333333333,-0.0473054815207456,-0.0473191308509095,-0.0470959110797384,-0.0474620050016047
1.00766666666667,-0.0473343604220189,-0.0473482827256719,-0.0471247671435267,-0.0474915367320446
1.008,-0.0473633102059141,-0.047377505905765,-0.0471536934560891,-0.0475211401405617
1.00833333333333,-0.0473923310405037,-0.0474068005618303,-0.0471826901862203,-0.047550815401533
1.00866666666667,-0.0474214230943861,-0.0474361668650451,-0.0472117575032319,-0.0475805626898772
1.009,-0.0474505865366862,-0.0474656049871258,-0.0472408955769709,-0.0476103821810637
1.00933333333333,-0.0474798215370642,-0.0474951151003231,-0.0472701045778107,-0.0476402740511043
1.00966666666667,-0.0475091282657081,-0.0475246973774295,-0.0472993846766523,-0.0476702384765641
1.01,-0.0475385068933431,-0.0475543519917801,-0.0473287360449421,-0.047700275634561
1.01033333333333,-0.047567957591228,-0.0475840791172529,-0.0473581588546451,-0.0477303857027572
1.01066666666667,-0.0475974805311677,-0.0476138789282727,-0.0473876532782754,-0.0477605688593829
1.011,-0.0476270758854959,-0.0476437515998097,-0.0474172194888845,-0.0477908252832133
1.01133333333333,-0.0476567438270981,-0.0476736973073891,-0.0474468576600593,-0.0478211551535964
1.01166666666667,-0.0476864845293973,-0.0477037162270814,-0.047476567965935,-0.0478515586504342
1.012,-0.0477162981663687,-0.047733808535516,-0.0475063505811908,-0.0478820359541889
1.01233333333333,-0.0477461849125309,-0.0477639744098782,-0.0475362056810533,-0.047912587245895
1.01266666666667,-0.0477761449429532,-0.0477942140279068,-0.0475661334412932,-0.0479432127071542
1.013,-0.0478061784332555,-0.0478245275679031,-0.0475961340382441,-0.0479739125201378
1.01333333333333,-0.0478362855596214,-0.0478549152087343,-0.0476262076487741,-0.0480046868675839
1.01366666666667,-0.0478664664987748,-0.0478853771298229,-0.047656354450326,-0.0480355359328092
1.014,-0.0478967214280104,-0.0479159135111667,-0.0476865746208808,-0.0480664598997082
1.01433333333333,-0.047927050525179,-0.0479465245333229,-0.0477168683389962,-0.0480974589527498
1.01466666666667,-0.0479574539686904,-0.047977210377423,-0.0477472357837761,-0.0481285332769866
1.015,-0.047987931937524,-0.0480079712251743,-0.0477776771348962,-0.0481596830580497
1.01533333333333,-0.0480184846112194,-0.048038807258853,-0.0478081925725949,-0.0481909084821588
1.01566666666667,-0.0480491121698898,-0.0480697186613137,-0.0478387822776748,-0.048222209736117
1.016,-0.0480798147942153,-0.0481007056159869,-0.0478694464315147,-0.0482535870073216
1.01633333333333,-0.0481105926654485,-0.0481317683068914,-0.0479001852160547,-0.0482850404837545
1.01666666666667,-0.0481414459654181,-0.0481629069186176,-0.0479309988138201,-0.04831657035399
1.017,-0.0481723748765291,-0.0481941216363496,-0.0479618874079003,-0.0483481768072094
1.01733333333333,-0.0482033795817633,-0.0482254126458526,-0.04799285118197,-0.0483798600331777
1.01766666666667,-0.0482344602646841,-0.0482567801334856,-0.0480238903202786,-0.0484116202222705
1.018,-0.0482656171094412,-0.0482882242861957,-0.0480550050076611,-0.0484434575654571
1.01833333333333,-0.0482968503007592,-0.0483197452915254,-0.0480861954295318,-0.0484753722543177
1.01866666666667,-0.048328160023962,-0.0483513433376116,-0.0481174617718977,-0.0485073644810337
1.019,-0.0483595464649557,-0.0483830186131894,-0.048148804221349,-0.0485394344383994
1.01933333333333,-0.0483910098102411,-0.0484147713075939,-0.0481802229650655,-0.0485715823198173
1.01966666666667,-0.0484225502469072,-0.0484466016107618,-0.0482117181908241,-0.0486038083193057
1.02,-0.0484541679626425,-0.0484785097132317,-0.0482432900869912,-0.0486361126314948
1.02033333333333,-0.0484858631457344,-0.0485104958061563,-0.0482749388425333,-0.0486684954516379
1.02066666666667,-0.0485176359850698,-0.0485425600812941,-0.0483066646470153,-0.0487009569756029
1.021,-0.0485494866701359,-0.0485747027310034,-0.0483384676906013,-0.0487334973998809
1.02133333333333,-0.0485814153910247,-0.0486069239482764,-0.0483703481640631,-0.0487661169215951
1.02166666666667,-0.0486134223384346,-0.0486392239267004,-0.0484023062587713,-0.048798815738483
1.022,-0.0486455077036779,-0.0486716028604994,-0.0484343421667169,-0.0488315940489227
1.02233333333333,-0.048677671678672,-0.0487040609445003,-0.0484664560804833,-0.0488644520519176
1.02266666666667,-0.0487099144559494,-0.0487365983741631,-0.0484986481932838,-0.0488973899471089
1.023,-0.0487422362286583,-0.0487692153455709,-0.0485309186989336,-0.0489304079347715
1.02333333333333,-0.0487746371905641,-0.0488019120554324,-0.0485632677918679,-0.0489635062158177
1.02366666666667,-0.0488071175360538,-0.0488346887010823,-0.0485956956671475,-0.0489966849918052
1.024,-0.0488396774601393,-0.0488675454804963,-0.0486282025204501,-0.0490299444649379
1.02433333333333,-0.0488723171584514,-0.0489004825922733,-0.0486607885480726,-0.0490632848380527
1.02466666666667,-0.0489050368272496,-0.0489335002356555,-0.048693453946946,-0.0490967063146492
1.025,-0.048937836663427,-0.0489665986105227,-0.0487261989146253,-0.0491302090988696
1.02533333333333,-0.0489707168645034,-0.0489997779173921,-0.0487590236492981,-0.0491637933955106
1.02566666666667,-0.0490036776286363,-0.0490330383574295,-0.0487919283497807,-0.0491974594100265
1.026,-0.0490367191546167,-0.0490663801324429,-0.0488249132155298,-0.0492312073485282
1.02633333333333,-0.0490698416418752,-0.0490998034448916,-0.0488579784466378,-0.0492650374177856
1.02666666666667,-0.0491030452904858,-0.0491333084978815,-0.0488911242438413,-0.0492989498252387
1.027,-0.049136330301161,-0.0491668954951735,-0.0489243508085116,-0.0493329447789845
1.02733333333333,-0.0491696968752637,-0.0492005646411859,-0.0489576583426732,-0.049367022487791
1.02766666666667,-0.0492031452148042,-0.049234316140995,-0.0489910470489902,-0.0494011831611002
1.028,-0.0492366755224381,-0.0492681502003333,-0.0490245171307788,-0.0494354270090199
1.02833333333333,-0.0492702880014863,-0.0493020670255976,-0.0490580687920134,-0.0494697542423398
1.02866666666667,-0.0493039828559128,-0.0493360668238544,-0.0490917022373158,-0.0495041650725244
1.029,-0.049337760290345,-0.0493701498028314,-0.0491254176719698,-0.049538659711724
1.02933333333333,-0.0493716205100684,-0.0494043161709361,-0.0491592153019136,-0.0495732383727618
1.02966666666667,-0.0494055637210355,-0.0494385661372344,-0.0491930953337483,-0.0496079012691601
1.03,-0.04943959012986,-0.0494728999114833,-0.049227057974745,-0.0496426486151185
1.03033333333333,-0.0494736999438283,-0.0495073177041063,-0.0492611034328389,-0.0496774806255347
1.03066666666667,-0.0495078933708875,-0.0495418197262104,-0.0492952319166311,-0.0497123975159924
1.031,-0.0495421706196687,-0.0495764061895893,-0.0493294436353957,-0.0497473995027813
1.03133333333333,-0.0495765318994736,-0.0496110773067185,-0.0493637387990855,-0.0497824868028829
1.03166666666667,-0.0496109774202766,-0.049645833290764,-0.0493981176183254,-0.049817659633979
1.032,-0.0496455073927415,-0.0496806743555777,-0.0494325803044248,-0.0498529182144666
1.03233333333333,-0.0496801220282104,-0.0497156007157097,-0.0494671270693709,-0.0498882627634363
1.03266666666667,-0.0497148215387099,-0.049750612586405,-0.0495017581258339,-0.0499236935006928
1.033,-0.049749606136959,-0.0497857101836076,-0.0495364736871801,-0.049959210646758
1.03333333333333,-0.0497844760363597,-0.0498208937239574,-0.0495712739674577,-0.0499948144228631
1.03366666666667,-0.0498194314510166,-0.0498561634248063,-0.0496061591814077,-0.0500305050509562
1.034,-0.0498544725957234,-0.0498915195042107,-0.0496411295444681,-0.0500662827537079
1.03433333333333,-0.0498895996859709,-0.0499269621809265,-0.0496761852727757,-0.0501021477545162
1.03466666666667,-0.0499248129379598,-0.0499624916744344,-0.0497113265831638,-0.0501381002774958
1.035,-0.0499601125685903,-0.0499981082049235,-0.0497465536931766,-0.0501741405474977
1.03533333333333,-0.0499954987954613,-0.0500338119933003,-0.0497818668210531,-0.0502102687901022
1.03566666666667,-0.0500309718368907,-0.0500696032611919,-0.0498172661857465,-0.0502464852316213
1.036,-0.0500665319119028,-0.0501054822309479,-0.0498527520069221,-0.0502827900991058
1.03633333333333,-0.0501021792402429,-0.0501414491256427,-0.0498883245049553,-0.0503191836203453
1.03666666666667,-0.0501379140423619,-0.0501775041690796,-0.0499239839009391,-0.0503556660238751
1.037,-0.0501737365394432,-0.0502136475857931,-0.0499597304166879,-0.0503922375389759
1.03733333333333,-0.0502096469533828,-0.0502498796010492,-0.0499955642747339,-0.0504288983956704
1.03766666666667,-0.0502456455068056,-0.050286200440854,-0.0500314856983348,-0.0504656488247368
1.038,-0.0502817324230665,-0.0503226103319483,-0.0500674949114793,-0.0505024890577085
1.03833333333333,-0.05031790792625,-0.0503591095018215,-0.0501035921388842,-0.0505394193268736
1.03866666666667,-0.050354172241172,-0.0503956981786998,-0.0501397776059921,-0.0505764398652855
1.039,-0.050390525593386,-0.0504323765915612,-0.0501760515389952,-0.0506135509067491
1.03933333333333,-0.0504269682091853,-0.0504691449701379,-0.0502124141648119,-0.0506507526858456
1.03966666666667,-0.050463500315604,-0.050506003544909,-0.0502488657111049,-0.0506880454379203
1.04,-0.0505001221404228,-0.0505429525471137,-0.0502854064062868,-0.0507254293990927
1.04033333333333,-0.0505368339121671,-0.0505799922087491,-0.0503220364795097,-0.0507629048062499
1.04066666666667,-0.050573635860116,-0.0506171227625744,-0.0503587561606754,-0.0508004718970664
1.041,-0.0506105282142991,-0.0506543444421142,-0.0503955656804462,-0.0508381309099886
1.04133333333333,-0.0506475112055025,-0.0506916574816642,-0.0504324652702318,-0.050875882084257
1.04166666666667,-0.0506845850652737,-0.0507290621162867,-0.0504694551622053,-0.050913725659883
1.042,-0.0507217500259198,-0.0507665585818151,-0.0505065355892984,-0.0509516618776812
1.04233333333333,-0.0507590063205131,-0.0508041471148688,-0.0505437067852049,-0.0509896909792553
1.04266666666667,-0.0507963541828961,-0.0508418279528385,-0.050580968984392,-0.0510278132070001
1.043,-0.050833793847675,-0.0508796013339055,-0.0506183224220931,-0.0510660288041146
1.04333333333333,-0.0508713255502408,-0.0509174674970248,-0.0506557673343128,-0.051104338014599
1.04366666666667,-0.0509089495267519,-0.0509554266819539,-0.050693303957833,-0.051142741083254
1.044,-0.0509466660141458,-0.0509934791292351,-0.0507309325302202,-0.0511812382556948
1.04433333333333,-0.0509844752501529,-0.0510316250802058,-0.0507686532898135,-0.0512198297783423
1.04466666666667,-0.0510223774732749,-0.0510698647770012,-0.0508064664757436,-0.0512585158984359
1.045,-0.0510603729228163,-0.0511081984625622,-0.0508443723279265,-0.0512972968640305
1.04533333333333,-0.0510984618388615,-0.0511466263806262,-0.0508823710870716,-0.0513361729240031
1.04566666666667,-0.0511366444622968,-0.0511851487757446,-0.0509204629946776,-0.0513751443280506
1.046,-0.0511749210348026,-0.0512237658932742,-0.0509586482930467,-0.0514142113266998
1.04633333333333,-0.0512132917988654,-0.0512624779793892,-0.0509969272252741,-0.0514533741713127
1.04666666666667,-0.0512517569977644,-0.0513012852810767,-0.0510353000352663,-0.0514926331140768
1.047,-0.0512903168755986,-0.0513401880461508,-0.0510737669677299,-0.0515319884080215
1.04733333333333,-0.0513289716772691,-0.0513791865232345,-0.0511123282681846,-0.0515714403070134
1.04766666666667,-0.0513677216484952,-0.0514182809617954,-0.0511509841829591,-0.0516109890657643
1.048,-0.0514065670358063,-0.0514574716121152,-0.0511897349592032,-0.0516506349398316
1.04833333333333,-0.0514455080865559,-0.0514967587253164,-0.0512285808448843,-0.0516903781856241
1.04866666666667,-0.0514845450489207,-0.0515361425533536,-0.0512675220887853,-0.051730219060401
1.049,-0.0515236781718994,-0.0515756233490219,-0.0513065589405232,-0.0517701578222857
1.04933333333333,-0.0515629077053272,-0.0516152013659601,-0.0513456916505394,-0.0518101947302493
1.04966666666667,-0.0516022338998605,-0.0516548768586494,-0.0513849204701085,-0.0518503300441355
1.05,-0.0516416570070011,-0.0516946500824236,-0.0514242456513383,-0.0518905640246527
1.05033333333333,-0.0516811772790845,-0.0517345212934657,-0.0514636674471747,-0.051930896933382
1.05066666666667,-0.0517207949692909,-0.0517744907488136,-0.0515031861114116,-0.0519713290327691
1.051,-0.0517605103316411,-0.0518145587063677,-0.0515428018986751,-0.0520118605861461
1.05133333333333,-0.0518003236210103,-0.0518547254248885,-0.051582515064455,-0.0520524918577235
1.05166666666667,-0.0518402350931212,-0.0518949911640021,-0.0516223258650793,-0.0520932231125924
1.052,-0.0518802450045588,-0.0519353561842042,-0.0516622345577365,-0.0521340546167321
1.05233333333333,-0.0519203536127526,-0.0519758207468631,-0.0517022414004743,-0.0521749866370162
1.05266666666667,-0.0519605611760105,-0.0520163851142208,-0.051742346652196,-0.0522160194412105
1.053,-0.0520008679534923,-0.0520570495494026,-0.0517825505726794,-0.0522571532979801
1.05333333333333,-0.0520412742052334,-0.0520978143164096,-0.0518228534225602,-0.0522983884768842
1.05366666666667,-0.0520817801921438,-0.0521386796801349,-0.0518632554633535,-0.052339725248399
1.054,-0.0521223861759994,-0.0521796459063611,-0.0519037569574461,-0.0523811638838997
1.05433333333333,-0.052163092419465,-0.052220713261763,-0.0519443581681023,-0.0524227046556796
1.05466666666667,-0.0522038991860777,-0.0522618820139098,-0.0519850593594686,-0.0524643478369467
1.055,-0.0522448067402713,-0.0523031524312727,-0.0520258607965801,-0.052506093701824
1.05533333333333,-0.0522858153473566,-0.0523445247832251,-0.0520667627453591,-0.0525479425253642
1.05566666666667,-0.0523269252735519,-0.0523859993400516,-0.0521077654726162,-0.0525898945835379
1.056,-0.0523681367859568,-0.0524275763729454,-0.0521488692460623,-0.0526319501532582
1.05633333333333,-0.0524094501525811,-0.0524692561540092,-0.0521900743343111,-0.0526741095123608
1.05666666666667,-0.0524508656423296,-0.0525110389562732,-0.052231381006868,-0.0527163729396282
1.057,-0.0524923835250246,-0.0525529250536825,-0.052272789534156,-0.0527587407147791
1.05733333333333,-0.0525340040713886,-0.0525949147211072,-0.0523143001875011,-0.052801213118475
1.05766666666667,-0.0525757275530633,-0.0526370082343499,-0.0523559132391484,-0.0528437904323373
1.058,-0.0526175542426062,-0.0526792058701449,-0.0523976289622548,-0.0528864729389284
1.05833333333333,-0.0526594844134956,-0.0527215079061604,-0.0524394476309041,-0.0529292609217743
1.05866666666667,-0.0527015183401348,-0.0527639146210077,-0.0524813695200978,-0.0529721546653558
1.059,-0.0527436562978605,-0.052806426294241,-0.0525233949057729,-0.0530151544551264
1.05933333333333,-0.0527858985629326,-0.0528490432063598,-0.0525655240647935,-0.0530582605775011
1.05966666666667,-0.0528282454125554,-0.052891765638817,-0.0526077572749561,-0.0531014733198666
1.06,-0.0528706971248667,-0.0529345938740227,-0.0526500948150075,-0.0531447929705898
1.06033333333333,-0.0529132539789472,-0.0529775281953416,-0.0526925369646244,-0.0531882198190165
1.06066666666667,-0.0529559162548336,-0.0530205688871022,-0.0527350840044416,-0.0532317541554694
1.061,-0.0529986842334976,-0.0530637162345958,-0.0527777362160383,-0.0532753962712719
1.06133333333333,-0.0530415581968846,-0.0531069705240951,-0.0528204938819444,-0.0533191464587253
1.06166666666667,-0.05308453842788,-0.0531503320428372,-0.0528633572856575,-0.0533630050111383
1.062,-0.053127625210346,-0.0531938010790422,-0.0529063267116337,-0.0534069722228087
1.06233333333333,-0.0531708188290973,-0.0532373779219051,-0.0529494024452893,-0.0534510483890447
1.06266666666667,-0.0532141195699314,-0.0532810628616168,-0.0529925847730164,-0.0534952338061616
1.063,-0.0532575277196102,-0.053324856189347,-0.0530358739821776,-0.0535395287714849
1.06333333333333,-0.0533010435658795,-0.05336875819727,-0.053079270361113,-0.0535839335833548
1.06366666666667,-0.0533446673974602,-0.053412769178554,-0.0531227741991458,-0.0536284485411315
1.064,-0.0533883995040638,-0.0534568894273639,-0.053166385786584,-0.0536730739452048
1.06433333333333,-0.0534322401763832,-0.053501119238878,-0.0532101054147215,-0.0537178100969862
1.06466666666667,-0.0534761897061165,-0.0535454589092792,-0.0532539333758509,-0.0537626572989193
1.065,-0.0535202483859528,-0.0535899087357629,-0.0532978699632582,-0.0538076158544876
1.06533333333333,-0.0535644165095791,-0.0536344690165518,-0.0533419154712277,-0.0538526860682157
1.06566666666667,-0.0536086943716888,-0.0536791400508791,-0.0533860701950573,-0.0538978682456723
1.066,-0.0536530822679937,-0.0537239221390112,-0.0534303344310443,-0.0539431626934671
1.06633333333333,-0.0536975804952007,-0.0537688155822407,-0.0534747084765079,-0.0539885697192782
1.06666666666667,-0.0537421893510582,-0.0538138206829004,-0.0535191926297739,-0.0540340896318299
1.067,-0.053786909134309,-0.0538589377443592,-0.0535637871902041,-0.0540797227409122
1.06733333333333,-0.0538317401447436,-0.0539041670710211,-0.0536084924581692,-0.0541254693573797
1.06766666666667,-0.0538766826831709,-0.053949508968347,-0.0536533087350873,-0.0541713297931614
1.068,-0.0539217370514352,-0.0539949637428458,-0.0536982363233904,-0.0542173043612573
1.06833333333333,-0.0539669035524206,-0.0540405317020813,-0.0537432755265649,-0.0542633933757445
1.06866666666667,-0.0540121824900508,-0.0540862131546759,-0.0537884266491328,-0.0543095971517906
1.069,-0.054057574169299,-0.054132008410319,-0.0538336899966626,-0.0543559160056468
1.06933333333333,-0.0541030788961866,-0.0541779177797655,-0.0538790658757719,-0.0544023502546572
1.06966666666667,-0.054148696977789,-0.054223941574846,-0.0539245545941344,-0.0544489002172626
1.07,-0.0541944287222414,-0.0542700801084618,-0.053970156460483,-0.0544955662130074
1.07033333333333,-0.0542402744387466,-0.0543163336946023,-0.0540158717846176,-0.0545423485625397
1.07066666666667,-0.0542862344375665,-0.0543627026483408,-0.054061700877397,-0.0545892475876172
1.071,-0.0543323090300384,-0.0544091872858386,-0.0541076440507621,-0.0546362636111168
1.07133333333333,-0.054378498528582,-0.0544557879243507,-0.0541537016177207,-0.0546833969570283
1.07166666666667,-0.0544248032466901,-0.0545025048822389,-0.054199873892369,-0.0547306479504733
1.072,-0.0544712234989406,-0.0545493384789585,-0.0542461611898834,-0.0547780169176952
1.07233333333333,-0.0545177596010049,-0.0545962890350797,-0.0542925638265289,-0.0548255041860723
1.07266666666667,-0.0545644118696458,-0.0546433568722792,-0.0543390821196678,-0.0548731100841292
1.073,-0.0546111806227243,-0.0546905423133563,-0.0543857163877641,-0.0549208349415174
1.07333333333333,-0.0546580661792029,-0.0547378456822302,-0.0544324669503777,-0.0549686790890499
1.07366666666667,-0.0547050688591578,-0.0547852673039433,-0.054479334128177,-0.0550166428586879
1.074,-0.0547521889837668,-0.0548328075046734,-0.0545263182429477,-0.0550647265835396
1.07433333333333,-0.0547994268753305,-0.0548804666117305,-0.0545734196175807,-0.0551129305978927
1.07466666666667,-0.0548467828572694,-0.054928244953567,-0.0546206385761021,-0.0551612552371879
1.075,-0.0548942572541283,-0.054976142859774,-0.0546679754436546,-0.0552097008380369
1.07533333333333,-0.0549418503915805,-0.055024160661103,-0.054715430546513,-0.0552582677382353
1.07566666666667,-0.0549895625964373,-0.0550722986894483,-0.0547630042120845,-0.055306956276756
1.076,-0.0550373941966475,-0.0551205572778684,-0.0548106967689204,-0.0553557667937531
1.07633333333333,-0.0550853455213038,-0.0551689367605872,-0.0548585085467129,-0.0554046996305772
1.07666666666667,-0.0551334169006465,-0.055217437472989,-0.0549064398763063,-0.055453755129775
1.077,-0.0551816086660693,-0.055266059751645,-0.054954491089692,-0.0555029336350862
1.07733333333333,-0.0552299211501264,-0.0553148039342873,-0.0550026625200263,-0.0555522354914659
1.07766666666667,-0.0552783546865296,-0.0553636703598452,-0.0550509545016259,-0.0556016610450702
1.078,-0.0553269096101639,-0.0554126593684287,-0.055099367369972,-0.0556512106432756
1.07833333333333,-0.0553755862570817,-0.0554617713013425,-0.0551479014617236,-0.0557008846346822
1.07866666666667,-0.0554243849645164,-0.0555110065010843,-0.0551965571147162,-0.0557506833691067
1.079,-0.0554733060708807,-0.0555603653113616,-0.0552453346679661,-0.055800607197605
1.07933333333333,-0.0555223499157735,-0.0556098480770866,-0.0552942344616768,-0.0558506564724627
1.07966666666667,-0.0555715168399886,-0.0556594551443804,-0.0553432568372417,-0.0559008315472141
1.08,-0.0556208071855118,-0.0557091868605846,-0.0553924021372559,-0.0559511327766304
1.08033333333333,-0.0556702212955368,-0.0557590435742644,-0.0554416707055115,-0.0560015605167384
1.08066666666667,-0.055719759514456,-0.0558090256352086,-0.0554910628870123,-0.0560521151248233
1.081,-0.0557694221878779,-0.0558591333944423,-0.0555405790279725,-0.0561027969594263
1.08133333333333,-0.0558192096626303,-0.0559093672042262,-0.0555902194758203,-0.0561536063803632
1.08166666666667,-0.055869122286754,-0.0559597274180652,-0.0556399845792082,-0.0562045437487151
1.082,-0.0559191604095222,-0.0560102143907112,-0.0556898746880144,-0.0562556094268447
1.08233333333333,-0.0559693243814395,-0.0560608284781727,-0.0557398901533531,-0.0563068037783994
1.08266666666667,-0.0560196145542481,-0.0561115700377062,-0.0557900313275682,-0.0563581271683054
1.083,-0.0560700312809237,-0.0561624394278451,-0.0558402985642528,-0.0564095799627955
1.08333333333333,-0.0561205749157038,-0.0562134370083848,-0.0558906922182461,-0.0564611625293919
1.08366666666667,-0.0561712458140618,-0.0562645631403948,-0.0559412126456383,-0.0565128752369282
1.084,-0.0562220443327388,-0.0563158181862233,-0.0559918602037772,-0.0565647184555417
1.08433333333333,-0.0562729708297401,-0.0563672025095101,-0.0560426352512769,-0.0566166925566907
1.08466666666667,-0.0563240256643292,-0.056418716475178,-0.056093538148015,-0.0566687979131501
1.085,-0.0563752091970505,-0.0564703604494436,-0.0561445692551447,-0.0567210348990256
1.08533333333333,-0.0564265217897232,-0.0565221347998354,-0.0561957289351021,-0.0567734038897523
1.08566666666667,-0.0564779638054523,-0.0565740398951762,-0.0562470175516048,-0.0568259052621032
1.086,-0.05652953560863,-0.0566260761056095,-0.0562984354696573,-0.0568785393941934
1.08633333333333,-0.0565812375649426,-0.0566782438025928,-0.0563499830555628,-0.0569313066654947
1.08666666666667,-0.0566330700413805,-0.0567305433589005,-0.0564016606769226,-0.0569842074568249
1.087,-0.0566850334062353,-0.0567829751486464,-0.0564534687026459,-0.0570372421503665
1.08733333333333,-0.0567371280291113,-0.0568355395472763,-0.0565054075029569,-0.0570904111296658
1.08766666666667,-0.0567893542809235,-0.0568882369315663,-0.0565574774493893,-0.0571437147796465
1.088,-0.0568417125339177,-0.0569410676796484,-0.0566096789148013,-0.0571971534866031
1.08833333333333,-0.0568942031616624,-0.0569940321709986,-0.0566620122733827,-0.0572507276382185
1.08866666666667,-0.0569468265390561,-0.0570471307864547,-0.0567144779006529,-0.0573044376235667
1.089,-0.0569995830423416,-0.0571003639082144,-0.0567670761734741,-0.0573582838331116
1.08933333333333,-0.0570524730491036,-0.0571537319198402,-0.0568198074700516,-0.057412266658721
1.08966666666667,-0.0571054969382722,-0.0572072352062759,-0.0568726721699395,-0.057466386493671
1.09,-0.057158655090141,-0.0572608741538385,-0.0569256706540527,-0.0575206437326516
1.09033333333333,-0.0572119478863539,-0.0573146491502331,-0.0569788033046619,-0.0575750387717684
1.09066666666667,-0.0572653757099341,-0.0573685605845564,-0.0570320705054107,-0.0576295720085592
1.091,-0.057318938945266,-0.0574226088473043,-0.0570854726413138,-0.0576842438419864
1.09133333333333,-0.0573726379781195,-0.0574767943303664,-0.0571390100987631,-0.057739054672451
1.09166666666667,-0.0574264731956481,-0.0575311174270533,-0.0571926832655434,-0.0577940049018025
1.092,-0.0574804449863918,-0.0575855785320878,-0.0572464925308183,-0.0578490949333355
1.09233333333333,-0.057534553740289,-0.0576401780416077,-0.0573004382851604,-0.057904325171802
1.09266666666667,-0.0575887998486807,-0.0576949163531841,-0.0573545209205398,-0.0579596960234155
1.093,-0.0576431837043121,-0.057749793865815,-0.0574087408303318,-0.058015207895861
1.09333333333333,-0.0576977057013466,-0.0578048109799431,-0.0574630984093308,-0.0580708611982961
1.09366666666667,-0.0577523662353628,-0.05785996809746,-0.05751759405375,-0.0581266563413574
1.094,-0.0578071657033694,-0.0579152656216973,-0.0575722281612339,-0.058182593737174
1.09433333333333,-0.0578621045038042,-0.0579707039574567,-0.0576270011308527,-0.0582386737993621
1.09466666666667,-0.057917183036542,-0.0580262835109912,-0.0576819133631166,-0.0582948969430431
1.095,-0.0579724017029023,-0.0580820046900369,-0.0577369652599923,-0.058351263584847
1.09533333333333,-0.0580277609056557,-0.0581378679037955,-0.0577921572248766,-0.0584077741429084
1.09566666666667,-0.0580832610490312,-0.058193873562959,-0.0578474896626454,-0.0584644290368923
1.096,-0.0581389025387148,-0.0582500220797028,-0.0579029629796216,-0.0585212286879827
1.09633333333333,-0.0581946857818639,-0.0583063138676996,-0.0579585775836073,-0.0585781735189003
1.09666666666667,-0.0582506111871097,-0.05836274934213,-0.0580143338838772,-0.0586352639538975
1.097,-0.0583066791645685,-0.0584193289196731,-0.05807023229119,-0.0586925004187822
1.09733333333333,-0.0583628901258411,-0.0584760530185267,-0.058126273217792,-0.0587498833409109
1.09766666666667,-0.0584192444840209,-0.0585329220584117,-0.0581824570774244,-0.0588074131491984
1.098,-0.0584757426537032,-0.0585899364605797,-0.0582387842853318,-0.0588650902741272
1.09833333333333,-0.0585323850509898,-0.0586470966478036,-0.0582952552582645,-0.0589229151477535
1.09866666666667,-0.0585891720934981,-0.0587044030444104,-0.0583518704144871,-0.0589808882037103
1.099,-0.0586461042003601,-0.0587618560762702,-0.0584086301737887,-0.0590390098772203
1.09933333333333,-0.0587031817922404,-0.0588194561708083,-0.0584655349574826,-0.0590972806050977
1.09966666666667,-0.0587604052913276,-0.058877203757006,-0.0585225851884166,-0.0591557008257571
1.1,-0.0588177751213581,-0.0589350992654187,-0.0585797812909792,-0.0592142709792206
1.10033333333333,-0.058875291707611,-0.0589931431281722,-0.0586371236911056,-0.0592729915071239
1.10066666666667,-0.0589329554769142,-0.0590513357789746,-0.0586946128162873,-0.0593318628527281
1.101,-0.0589907668576629,-0.0591096776531233,-0.0587522490955754,-0.0593908854609127
1.10133333333333,-0.0590487262798102,-0.0591681691875069,-0.0588100329595863,-0.0594500597782043
1.10166666666667,-0.0591068341748854,-0.0592268108206227,-0.0588679648405128,-0.059509386252766
1.102,-0.0591650909760001,-0.0592856029925675,-0.0589260451721288,-0.0595688653344086
1.10233333333333,-0.0592234971178445,-0.0593445461450557,-0.0589842743897935,-0.0596284974746024
1.10266666666667,-0.0592820530367117,-0.0594036407214365,-0.0590426529304657,-0.0596882831264864
1.103,-0.0593407591704861,-0.0594628871666721,-0.0591011812326989,-0.0597482227448614
1.10333333333333,-0.0593996159586624,-0.0595222859273702,-0.059159859736658,-0.0598083167862132
1.10366666666667,-0.0594586238423527,-0.0595818374517802,-0.0592186888841279,-0.0598685657087136
1.104,-0.0595177832642875,-0.059641542189804,-0.0592776691185083,-0.0599289699722234
1.10433333333333,-0.0595770946688183,-0.0597014005930002,-0.0593368008848355,-0.0599895300383083
1.10466666666667,-0.0596365585019408,-0.0597614131145933,-0.0593960846297746,-0.0600502463702401
1.105,-0.059696175211291,-0.0598215802094816,-0.059455520801644,-0.0601111194330079
1.10533333333333,-0.059755945246151,-0.0598819023342404,-0.0595151098504046,-0.0601721496933238
1.10566666666667,-0.0598158690574619,-0.0599423799471381,-0.0595748522276808,-0.0602333376196285
1.106,-0.059875947097826,-0.0600030135081266,-0.0596347483867565,-0.0602946836821052
1.10633333333333,-0.059936179821522,-0.0600638034788713,-0.0596947987825933,-0.0603561883526785
1.10666666666667,-0.0599965676844953,-0.0601247503227438,-0.0597550038718344,-0.0604178521050284
1.107,-0.060057111144387,-0.0601858545048305,-0.059815364112801,-0.0604796754145973
1.10733333333333,-0.0601178106605298,-0.0602471164919427,-0.0598758799655163,-0.0605416587585977
1.10766666666667,-0.0601786666939513,-0.0603085367526262,-0.0599365518917043,-0.0606038026160162
1.108,-0.0602396797073902,-0.0603701157571607,-0.059997380354798,-0.0606661074676247
1.10833333333333,-0.0603008501652992,-0.0604318539775802,-0.0600583658199461,-0.0607285737959938
1.10866666666667,-0.0603621785338548,-0.0604937518876685,-0.060119508754021,-0.0607912020854862
1.109,-0.0604236652809612,-0.0605558099629734,-0.0601808096256329,-0.0608539928222755
1.10933333333333,-0.0604853108762645,-0.0606180286808192,-0.0602422689051242,-0.0609169464943568
1.10966666666667,-0.0605471157911505,-0.0606804085202947,-0.0603038870645862,-0.0609800635915432
1.11,-0.0606090804987595,-0.0607429499622885,-0.0603656645778702,-0.0610433446054871
1.11033333333333,-0.0606712054739951,-0.0608056534894735,-0.060427601920584,-0.0611067900296745
1.11066666666667,-0.0607334911935266,-0.0608685195863306,-0.0604896995701067,-0.0611704003594471
1.111,-0.0607959381358004,-0.0609315487391438,-0.0605519580055976,-0.0612341760919995
1.11133333333333,-0.0608585467810465,-0.0609947414360245,-0.0606143777080008,-0.0612981177263951
1.11166666666667,-0.060921317611283,-0.0610580981669004,-0.0606769591600557,-0.0613622257635709
1.112,-0.0609842511103367,-0.0611216194235396,-0.0607397028463015,-0.0614265007063378
1.11233333333333,-0.061047347763833,-0.0611853056995422,-0.0608026092530853,-0.0614909430594121
1.11266666666667,-0.0611106080592159,-0.0612491574903742,-0.0608656788685798,-0.0615555533293944
1.113,-0.0611740324857536,-0.061313175293343,-0.0609289121827738,-0.0616203320248069
1.11333333333333,-0.0612376215345439,-0.0613773596076345,-0.0609923096874963,-0.0616852796560731
1.11366666666667,-0.0613013756985302,-0.0614417109343046,-0.0610558718764121,-0.0617503967355488
1.114,-0.0613652954724949,-0.061506229776294,-0.0611195992450453,-0.0618156837775266
1.11433333333333,-0.0614293813530799,-0.0615709166384279,-0.0611834922907687,-0.0618811412982318
1.11466666666667,-0.0614936338387963,-0.0616357720274454,-0.0612475515128299,-0.0619467698158479
1.115,-0.061558053430019,-0.0617007964519817,-0.0613117774123422,-0.0620125698505113
1.11533333333333,-0.0616226406290111,-0.061765990422592,-0.0613761704923118,-0.0620785419243312
1.11566666666667,-0.06168739593992,-0.0618313544517563,-0.06144073125763,-0.0621446865613924
1.116,-0.0617523198687923,-0.0618968890538904,-0.0615054602150894,-0.0622110042877648
1.11633333333333,-0.0618174129235816,-0.0619625947453546,-0.061570357873391,-0.0622774956315125
1.11666666666667,-0.061882675614151,-0.0620284720444563,-0.061635424743156,-0.0623441611226995
1.117,-0.0619481084522968,-0.062094521471463,-0.0617006613369254,-0.0624110012934126
1.11733333333333,-0.0620137119517359,-0.062160743548615,-0.0617660681691756,-0.0624780166777509
1.11766666666667,-0.0620794866281297,-0.0622271388001219,-0.0618316457563319,-0.062545207811846
1.118,-0.0621454329990874,-0.0622937077521914,-0.0618973946167638,-0.0626125752338722
1.11833333333333,-0.0622115515841798,-0.0623604509330148,-0.0619633152708017,-0.0626801194840525
1.11866666666667,-0.0622778429049393,-0.0624273688727974,-0.0620294082407481,-0.0627478411046654
1.119,-0.0623443074848739,-0.0624944621037467,-0.0620956740508807,-0.062815740640057
1.11933333333333,-0.0624109458494751,-0.062561731160104,-0.0621621132274655,-0.0628838186366566
1.11966666666667,-0.0624777585262313,-0.0626291765781376,-0.0622287262987658,-0.0629520756429719
1.12,-0.0625447460446268,-0.0626967988961509,-0.0622955137950409,-0.0630205122096111
1.12033333333333,-0.0626119089361598,-0.0627645986545037,-0.0623624762485699,-0.0630891288892831
1.12066666666667,-0.0626792477343445,-0.0628325763956129,-0.0624296141936551,-0.0631579262368182
1.121,-0.0627467629747333,-0.0629007326639617,-0.0624969281666321,-0.0632269048091714
1.12133333333333,-0.0628144551949045,-0.0629690680061119,-0.0625644187058689,-0.0632960651654211
1.12166666666667,-0.0628823249344885,-0.063037582970715,-0.0626320863517909,-0.0633654078667991
1.122,-0.0629503727351733,-0.0631062781085127,-0.0626999316468808,-0.063434933476695
1.12233333333333,-0.0630185991407126,-0.063175153972358,-0.0627679551356863,-0.0635046425606445
1.12266666666667,-0.0630870046969309,-0.0632442111172153,-0.0628361573648382,-0.0635745356863734
1.123,-0.0631555899517374,-0.0633134501001779,-0.0629045388830517,-0.0636446134237843
1.12333333333333,-0.0632243554551394,-0.0633828714804665,-0.0629731002411404,-0.0637148763449721
1.12366666666667,-0.063293301759243,-0.0634524758194555,-0.0630418419920151,-0.0637853250242351
1.124,-0.0633624294182705,-0.0635222636806665,-0.0631107646907205,-0.0638559600380862
1.12433333333333,-0.0634317389885587,-0.0635922356297857,-0.0631798688944066,-0.063926781965259
1.12466666666667,-0.0635012310285841,-0.0636623922346742,-0.0632491551623712,-0.0639977913867256
1.125,-0.0635709060989618,-0.0637327340653759,-0.0633186240560531,-0.0640689888856959
1.12533333333333,-0.0636407647624568,-0.0638032616941281,-0.0633882761390398,-0.0641403750476361
1.12566666666667,-0.0637108075839939,-0.0638739756953689,-0.0634581119770936,-0.064211950460275
1.126,-0.0637810351306712,-0.0639448766457536,-0.0635281321381423,-0.0642837157136213
1.12633333333333,-0.0638514479717652,-0.064015965124159,-0.0635983371923026,-0.0643556713999664
1.12666666666667,-0.0639220466787442,-0.0640872417116973,-0.0636687277118783,-0.0644278181138916
1.127,-0.0639928318252736,-0.0641587069917188,-0.063739304271382,-0.0645001564522905
1.12733333333333,-0.0640638039872366,-0.064230361549836,-0.0638100674475413,-0.0645726870143743
1.12766666666667,-0.0641349637427257,-0.0643022059739185,-0.0638810178193042,-0.0646454104016776
1.128,-0.0642063116720715,-0.0643742408541139,-0.063952155967854,-0.0647183272180736
1.12833333333333,-0.0642778483578457,-0.0644464667828577,-0.0640234824766189,-0.0647914380697873
1.12866666666667,-0.0643495743848667,-0.0645188843548714,-0.0640949979312773,-0.0648647435653994
1.129,-0.0644214903402169,-0.064591494167194,-0.0641667029197803,-0.0649382443158701
1.12933333333333,-0.064493596813247,-0.0646642968191744,-0.0642385980323501,-0.0650119409345274
1.12966666666667,-0.0645658943955935,-0.0647372929124901,-0.0643106838614918,-0.0650858340371017
1.13,-0.064638383681185,-0.0648104830511581,-0.0643829610020089,-0.0651599242417255
1.13033333333333,-0.064711065266249,-0.0648838678415417,-0.0644554300510137,-0.065234212168946
1.13066666666667,-0.064783939749327,-0.0649574478923641,-0.0645280916079311,-0.0653086984417362
1.131,-0.0648570077312908,-0.0650312238147213,-0.0646009462745203,-0.0653833836855038
1.13133333333333,-0.0649302698153394,-0.0651051962220878,-0.0646739946548723,-0.0654582685281071
1.13166666666667,-0.0650037266070221,-0.0651793657303332,-0.0647472373554319,-0.0655333535998686
1.132,-0.0650773787142427,-0.0652537329577272,-0.0648206749850016,-0.0656086395335765
1.13233333333333,-0.0651512267472696,-0.0653282985249575,-0.0648943081547549,-0.0656841269645034
1.13266666666667,-0.0652252713187516,-0.0654030630551357,-0.0649681374782533,-0.0657598165304161
1.133,-0.0652995130437285,-0.0654780271738084,-0.0650421635714436,-0.0658357088715893
1.13333333333333,-0.0653739525396367,-0.0655531915089749,-0.0651163870526792,-0.0659118046308144
1.13366666666667,-0.0654485904263235,-0.0656285566910892,-0.0651908085427286,-0.0659881044534103
1.134,-0.0655234273260634,-0.065704123353078,-0.0652654286647911,-0.0660646089872441
1.13433333333333,-0.0655984638635519,-0.0657798921303507,-0.0653402480444917,-0.0661413188827259
1.13466666666667,-0.0656737006659463,-0.0658558636608137,-0.0654152673099199,-0.0662182347928395
1.135,-0.065749138362846,-0.0659320385848723,-0.0654904870916179,-0.0662953573731413
1.13533333333333,-0.0658247775863248,-0.0660084175454522,-0.0655659080225934,-0.0663726872817805
1.13566666666667,-0.0659006189709307,-0.066085001188008,-0.0656415307383446,-0.0664502251795041
1.136,-0.0659766631537079,-0.0661617901605405,-0.0657173558768696,-0.0665279717296752
1.13633333333333,-0.0660529107741972,-0.0662387851135891,-0.0657933840786575,-0.0666059275982817
1.13666666666667,-0.0661293624744484,-0.0663159867002718,-0.0658696159867309,-0.0666840934539496
1.137,-0.066206018899052,-0.0663933955762729,-0.065946052246633,-0.0667624699679575
1.13733333333333,-0.0662828806951213,-0.0664710123998731,-0.0660226935064516,-0.06684105781424
1.13766666666667,-0.0663599485123227,-0.0665488378319475,-0.066099540416825,-0.0669198576694188
1.138,-0.0664372230028838,-0.0666268725359867,-0.0661765936309609,-0.0669988702127929
1.13833333333333,-0.0665147048216004,-0.0667051171781012,-0.0662538538046412,-0.0670780961263712
1.13866666666667,-0.0665923946258653,-0.0667835724270515,-0.0663313215962412,-0.0671575360948704
1.139,-0.0666702930756483,-0.0668622389542335,-0.0664089976667311,-0.0672371908057362
1.13933333333333,-0.0667484008335451,-0.0669411174337119,-0.0664868826796987,-0.0673170609491492
1.13966666666667,-0.0668267185647651,-0.0670202085422233,-0.0665649773013583,-0.0673971472180504
1.14,-0.0669052469371508,-0.0670995129591933,-0.0666432822005606,-0.0674774503081418
1.14033333333333,-0.0669839866211891,-0.0671790313667468,-0.0667217980488087,-0.0675579709178996
1.14066666666667,-0.0670629382900297,-0.0672587644497229,-0.066800525520266,-0.067638709748597
1.141,-0.0671421026194886,-0.0673387128956801,-0.0668794652917742,-0.067719667504311
1.14133333333333,-0.0672214802880656,-0.0674188773949207,-0.0669586180428621,-0.0678008448919405
1.14166666666667,-0.0673010719769577,-0.0674992586404948,-0.0670379844557585,-0.0678822426212074
1.142,-0.0673808783700644,-0.0675798573282149,-0.0671175652154046,-0.0679638614046821
1.14233333333333,-0.0674609001540173,-0.0676606741566799,-0.067197361009473,-0.0680457019578016
1.14266666666667,-0.0675411380181704,-0.0677417098272687,-0.0672773725283678,-0.0681277649988598
1.143,-0.0676215926546257,-0.067822965044162,-0.0673576004652551,-0.0682100512490498
1.14333333333333,-0.0677022647582563,-0.0679044405143678,-0.0674380455160566,-0.0682925614324601
1.14366666666667,-0.0677831550266943,-0.0679861369477159,-0.0675187083794733,-0.0683752962760872
1.144,-0.0678642641603647,-0.0680680550568788,-0.0675995897570055,-0.0684582565098659
1.14433333333333,-0.0679455928624857,-0.068150195557393,-0.0676806903529495,-0.0685414428666622
1.14466666666667,-0.0680271418390947,-0.0682325591676548,-0.0677620108744219,-0.0686248560823017
1.145,-0.0681089117990532,-0.0683151466089555,-0.0678435520313735,-0.0687084968955824
1.14533333333333,-0.0681909034540564,-0.0683979586054817,-0.0679253145365977,-0.068792366048281
1.14566666666667,-0.06827311751866,-0.0684809958843213,-0.0680072991057441,-0.0688764642851738
1.146,-0.0683555547102733,-0.0685642591755013,-0.0680895064573353,-0.0689607923540523
1.14633333333333,-0.0684382157491998,-0.0686477492119786,-0.0681719373127812,-0.0690453510057333
1.14666666666667,-0.0685211013586229,-0.0687314667296701,-0.0682545923963887,-0.0691301409940732
1.147,-0.068604212264643,-0.0688154124674549,-0.0683374724353778,-0.0692151630759883
1.14733333333333,-0.0686875491962747,-0.0688995871671966,-0.0684205781598981,-0.0693004180114604
1.14766666666667,-0.0687711128854712,-0.0689839915737557,-0.0685039103030325,-0.069385906563565
1.148,-0.0688549040671333,-0.0690686264349966,-0.0685874696008253,-0.0694716294984699
1.14833333333333,-0.0689389234791214,-0.0691534925018182,-0.0686712567922928,-0.0695575875854668
1.14866666666667,-0.0690231718622758,-0.0692385905281519,-0.0687552726194276,-0.0696437815969663
1.149,-0.0691076499604324,-0.0693239212709858,-0.0688395178272204,-0.0697302123085359
1.14933333333333,-0.0691923585204195,-0.0694094854903707,-0.0689239931636761,-0.0698168804989017
1.14966666666667,-0.0692772982920998,-0.0694952839494484,-0.0690086993798271,-0.0699037869499608
1.15,-0.0693624700283593,-0.0695813174144553,-0.0690936372297412,-0.0699909324468048
1.15033333333333,-0.069447874485143,-0.0696675866547371,-0.0691788074705496,-0.070078317777736
1.15066666666667,-0.0695335124214474,-0.0697540924427786,-0.0692642108624458,-0.0701659437342732
1.151,-0.0696193845993539,-0.06984083555419,-0.0693498481687096,-0.0702538111111756
1.15133333333333,-0.0697054917840377,-0.0699278167677564,-0.0694357201557285,-0.070341920706458
1.15166666666667,-0.0697918347437796,-0.0700150368654263,-0.0695218275929898,-0.0704302733214064
1.152,-0.0698784142499855,-0.0701024966323398,-0.0696081712531242,-0.0705188697605864
1.15233333333333,-0.0699652310771931,-0.0701901968568413,-0.0696947519118999,-0.0706077108318726
1.15266666666667,-0.0700522860030982,-0.070278138330494,-0.0697815703482466,-0.07069679734645
1.153,-0.0701395798085646,-0.0703663218480988,-0.0698686273442709,-0.0707861301188435
1.15333333333333,-0.0702271132776405,-0.0704547482077045,-0.0699559236852666,-0.0708757099669254
1.15366666666667,-0.0703148871975655,-0.0705434182106239,-0.070043460159731,-0.0709655377119379
1.154,-0.070402902358801,-0.07063233266146,-0.0701312375593947,-0.0710556141784992
1.15433333333333,-0.0704911595550373,-0.0707214923681079,-0.0702192566792107,-0.0711459401946345
1.15466666666667,-0.0705796595832021,-0.0708108981417808,-0.0703075183173968,-0.0712365165917848
1.155,-0.0706684032434985,-0.0709005507970179,-0.07039602327543,-0.071327344204817
1.15533333333333,-0.070757391339393,-0.0709904511517107,-0.0704847723580752,-0.0714184238720559
1.15566666666667,-0.0708466246776516,-0.0710806000271089,-0.0705737663734002,-0.0715097564352859
1.156,-0.0709361040683492,-0.0711709982478441,-0.0706630061327857,-0.0716013427397831
1.15633333333333,-0.0710258303248822,-0.0712616466419427,-0.0707524924509499,-0.0716931836343222
1.15666666666667,-0.0711158042639929,-0.0713525460408485,-0.0708422261459505,-0.0717852799711888
1.157,-0.0712060267057733,-0.0714436972794211,-0.070932208039219,-0.0718776326062117
1.15733333333333,-0.0712964984736986,-0.0715351011959844,-0.0710224389555643,-0.0719702423987705
1.15766666666667,-0.071387220394625,-0.071626758632313,-0.0711129197231973,-0.0720631102118169
1.158,-0.0714781932988227,-0.0717186704336645,-0.0712036511737379,-0.0721562369118865
1.15833333333333,-0.0715694180199816,-0.0718108374487915,-0.0712946341422411,-0.0722496233691249
1.15866666666667,-0.0716608953952301,-0.0719032605299599,-0.0713858694672108,-0.0723432704572981
1.159,-0.0717526262651576,-0.0719959405329759,-0.071477357990608,-0.0724371790538155
1.15933333333333,-0.071844611473822,-0.0720888783171764,-0.0715691005578892,-0.0725313500397419
1.15966666666667,-0.0719368518687765,-0.0721820747454865,-0.071661098018001,-0.0726257842998289
1.16,-0.0720293483010795,-0.0722755306843977,-0.0717533512234036,-0.0727204827225174
1.16033333333333,-0.0721221016253193,-0.0723692470040062,-0.0718458610301029,-0.072815446199956
1.16066666666667,-0.0722151126996196,-0.0724632245780354,-0.0719386282976388,-0.0729106756280444
1.161,-0.0723083823856632,-0.0725574642838343,-0.0720316538891365,-0.0730061719064143
1.16133333333333,-0.0724019115487217,-0.0726519670024159,-0.0721249386712967,-0.0731019359384769
1.16166666666667,-0.0724957010576461,-0.0727467336184583,-0.0722184835144262,-0.0731979686314334
1.162,-0.0725897517849139,-0.0728417650203368,-0.0723122892924546,-0.0732942708962863
1.16233333333333,-0.0726840646066209,-0.0729370621001327,-0.0724063568829466,-0.0733908436478697
1.16266666666667,-0.0727786404025225,-0.0730326257536536,-0.0725006871671339,-0.0734876878048628
1.163,-0.0728734800560303,-0.0731284568804577,-0.072595281029909,-0.0735848042898064
1.16333333333333,-0.0729685844542455,-0.0732245563838627,-0.0726901393598741,-0.0736821940291266
1.16366666666667,-0.073063954487973,-0.0733209251709708,-0.0727852630493285,-0.0737798579531548
1.164,-0.0731595910517348,-0.0734175641526952,-0.0728806529943123,-0.0738777969961425
1.16433333333333,-0.0732554950437943,-0.0735144742437533,-0.072976310094609,-0.0739760120962899
1.16466666666667,-0.0733516673661738,-0.0736116563627151,-0.0730722352537713,-0.0740745041957498
1.165,-0.0734481089246701,-0.0737091114320055,-0.0731684293791361,-0.0741732742406679
1.16533333333333,-0.0735448206288767,-0.0738068403779312,-0.0732648933818493,-0.0742723231811855
1.16566666666667,-0.0736418033921968,-0.0739048441306897,-0.0733616281768772,-0.0743716519714684
1.166,-0.0737390581318752,-0.0740031236244015,-0.0734586346830281,-0.0744712615697243
1.16633333333333,-0.0738365857690029,-0.0741016797971224,-0.0735559138229752,-0.0745711529382255
1.16666666666667,-0.073934387228542,-0.0742005135908653,-0.0736534665232739,-0.0746713270433237
1.167,-0.0740324634393447,-0.0742996259516155,-0.0737512937143717,-0.0747717848554841
1.16733333333333,-0.0741308153341779,-0.0743990178293584,-0.0738493963306498,-0.0748725273492841
1.16766666666667,-0.0742294438497317,-0.0744986901780925,-0.0739477753104195,-0.0749735555034579
1.168,-0.074328349926652,-0.0745986439558586,-0.0740464315959523,-0.0750748703008996
1.16833333333333,-0.0744275345095498,-0.0746988801247455,-0.0741453661335021,-0.0751764727286919
1.16866666666667,-0.0745269985470217,-0.0747993996509213,-0.0742445798733183,-0.0752783637781269
1.169,-0.0746267429916806,-0.0749002035046589,-0.0743440737696766,-0.0753805444447281
1.16933333333333,-0.0747267688001599,-0.0750012926603376,-0.0744438487808839,-0.0754830157282707
1.16966666666667,-0.0748270769331502,-0.0751026680964846,-0.074543905869308,-0.0755857786328032
1.17,-0.0749276683554036,-0.0752043307957813,-0.0746442460014051,-0.0756888341666629
1.17033333333333,-0.0750285440357684,-0.0753062817450921,-0.0747448701477217,-0.0757921833425132
1.17066666666667,-0.0751297049471992,-0.0754085219354815,-0.0748457792829319,-0.0758958271773522
1.171,-0.0752311520667802,-0.0755110523622399,-0.0749469743858485,-0.0759997666925326
1.17133333333333,-0.0753328863757545,-0.075613874024897,-0.0750484564394501,-0.0761040029138031
1.17166666666667,-0.0754349088595269,-0.0757169879272503,-0.0751502264308953,-0.0762085368713065
1.172,-0.0755372205077062,-0.0758203950773867,-0.0752522853515531,-0.0763133695996166
1.17233333333333,-0.0756398223141134,-0.0759240964876997,-0.0753546341970164,-0.0764185021377599
1.17266666666667,-0.0757427152768013,-0.0760280931749161,-0.075457273967123,-0.0765239355292344
1.173,-0.0758459003980834,-0.0761323861601098,-0.075560205665986,-0.0766296708220335
1.17333333333333,-0.0759493786845538,-0.0762369764687376,-0.0756634303020019,-0.0767357090686702
1.17366666666667,-0.0760531511471029,-0.0763418651306465,-0.0757669488878892,-0.0768420513262001
1.174,-0.0761572188009493,-0.0764470531801046,-0.0758707624406896,-0.0769486986562452
1.17433333333333,-0.0762615826656517,-0.0765525416558267,-0.0759748719818096,-0.0770556521250139
1.17466666666667,-0.0763662437651365,-0.0766583316009844,-0.0760792785370349,-0.0771629128033275
1.175,-0.0764712031277221,-0.0767644240632446,-0.0761839831365466,-0.0772704817666467
1.17533333333333,-0.0765764617861313,-0.0768708200947769,-0.076288986814951,-0.0773783600950889
1.17566666666667,-0.0766820207775244,-0.0769775207522937,-0.0763942906113064,-0.0774865488734549
1.176,-0.0767878811435157,-0.0770845270970519,-0.076499895569129,-0.0775950491912574
1.17633333333333,-0.0768940439302041,-0.0771918401948982,-0.0766058027364354,-0.0777038621427397
1.17666666666667,-0.0770005101881866,-0.0772994611162815,-0.0767120131657523,-0.0778129888269025
1.177,-0.077107280972576,-0.0774073909362693,-0.0768185279141459,-0.0779224303475238
1.17733333333333,-0.0772143573430472,-0.077515630734586,-0.0769253480432397,-0.0780321878131929
1.17766666666667,-0.0773217403638345,-0.0776241815956362,-0.0770324746192454,-0.078142262337329
1.178,-0.0774294311037786,-0.0777330446085081,-0.0771399087129799,-0.0782526550382082
1.17833333333333,-0.077537430636324,-0.077842220867027,-0.0772476513998882,-0.0783633670389843
1.17866666666667,-0.0776457400395674,-0.0779517114697565,-0.0773557037600814,-0.0784743994677201
1.179,-0.0777543603962649,-0.0780615175200368,-0.0774640668783335,-0.0785857534574095
1.17933333333333,-0.0778632927938625,-0.0781716401259953,-0.0775727418441337,-0.0786974301460079
1.17966666666667,-0.0779725383245245,-0.078282080400592,-0.0776817297516934,-0.0788094306764463
1.18,-0.078082098085143,-0.0783928394616244,-0.0777910316999751,-0.0789217561966743
1.18033333333333,-0.0781919731773825,-0.0785039184317623,-0.0779006487927201,-0.0790344078596649
1.18066666666667,-0.0783021647076883,-0.0786153184385713,-0.0780105821384679,-0.079147386823468
1.181,-0.0784126737873175,-0.0787270406145407,-0.0781208328505811,-0.07926069425121
1.18133333333333,-0.0785235015323628,-0.0788390860971031,-0.0782314020472775,-0.0793743313111364
1.18166666666667,-0.0786346490637769,-0.0789514560286633,-0.0783422908516487,-0.079488299176631
1.182,-0.078746117507404,-0.0790641515566244,-0.078453500391683,-0.0796025990262522
1.18233333333333,-0.0788579079939936,-0.0791771738334187,-0.0785650318003035,-0.0797172320437475
1.18266666666667,-0.0789700216592298,-0.0792905240165182,-0.0786768862153729,-0.0798321994180873
1.183,-0.0790824596437698,-0.0794042032684827,-0.0787890647797392,-0.0799475023434973
1.18333333333333,-0.0791952230932459,-0.0795182127569634,-0.0789015686412527,-0.0800631420194749
1.18366666666667,-0.0793083131583104,-0.079632553654754,-0.079014398952792,-0.0801791196508233
1.184,-0.0794217309946598,-0.0797472271397889,-0.0791275568722904,-0.0802954364476863
1.18433333333333,-0.0795354777630458,-0.0798622343951963,-0.079241043562759,-0.080412093625554
1.18466666666667,-0.0796495546293233,-0.0799775766093128,-0.0793548601923219,-0.0805290924053218
1.185,-0.0797639627644576,-0.0800932549757113,-0.0794690079342373,-0.0806464340132946
1.18533333333333,-0.0798787033445674,-0.0802092706932261,-0.0795834879669259,-0.0807641196812224
1.18566666666667,-0.0799937775509358,-0.0803256249659909,-0.0796983014739915,-0.0808821506463322
1.186,-0.0801091865700496,-0.0804423190034512,-0.0798134496442583,-0.0810005281513602
1.18633333333333,-0.0802249315936239,-0.0805593540204029,-0.0799289336717908,-0.0811192534445644
1.18666666666667,-0.0803410138186237,-0.0806767312370228,-0.0800447547559234,-0.0812383277797758
1.187,-0.0804574344472968,-0.0807944518788853,-0.0801609141012915,-0.0813577524164102
1.18733333333333,-0.0805741946871978,-0.0809125171770029,-0.0802774129178508,-0.0814775286195082
1.18766666666667,-0.0806912957512241,-0.0810309283678421,-0.080394252420917,-0.0815976576597657
1.188,-0.0808087388576341,-0.0811496866933663,-0.0805114338311814,-0.081718140813548
1.18833333333333,-0.0809265252300746,-0.0812687934010532,-0.0806289583747474,-0.0818389793629451
1.18866666666667,-0.0810446560976213,-0.0813882497439299,-0.0807468272831591,-0.0819601745957781
1.189,-0.0811631326947962,-0.0815080569806025,-0.080865041793426,-0.0820817278056504
1.18933333333333,-0.0812819562615957,-0.0816282163752802,-0.0809836031480504,-0.0822036402919568
1.18966666666667,-0.0814011280435309,-0.0817487291978092,-0.0811025125950644,-0.0823259133599383
1.19,-0.081520649291648,-0.0818695967237039,-0.0812217713880508,-0.0824485483206937
1.19033333333333,-0.0816405212625503,-0.0819908202341732,-0.0813413807861774,-0.0825715464912192
1.19066666666667,-0.0817607452184468,-0.0821124010161521,-0.0814613420542251,-0.0826949091944393
1.191,-0.0818813224271641,-0.0822343403623336,-0.081581656462614,-0.082818637759243
1.19133333333333,-0.0820022541621834,-0.0823566395711969,-0.0817023252874395,-0.0829427335205017
1.19166666666667,-0.0821235417026743,-0.0824792999470386,-0.0818233498105031,-0.0830671978191208
1.192,-0.0822451863335143,-0.0826023228000058,-0.0819447313193311,-0.0831920320020524
1.19233333333333,-0.0823671893453299,-0.0827257094461238,-0.0820664711072174,-0.0833172374223467
1.19266666666667,-0.082489552034524,-0.0828494612073301,-0.0821885704732515,-0.083442815439165
1.193,-0.0826122757032964,-0.0829735794115058,-0.0823110307223439,-0.0835687674178292
1.19333333333333,-0.0827353616596917,-0.0830980653925041,-0.082433853165263,-0.0836950947298502
1.19366666666667,-0.0828588112176209,-0.0832229204901903,-0.0825570391186614,-0.083821798752955
1.194,-0.0829826256968877,-0.0833481460504579,-0.0826805899051159,-0.0839488808711242
1.19433333333333,-0.0831068064232371,-0.0834737434252861,-0.0828045068531466,-0.0840763424746305
1.19466666666667,-0.0832313547283604,-0.0835997139727425,-0.0829287912972564,-0.0842041849600685
1.195,-0.0833562719499577,-0.0837260590570404,-0.0830534445779676,-0.0843324097303845
1.19533333333333,-0.0834815594317457,-0.0838527800485594,-0.0831784680418386,-0.084461018194918
1.19566666666667,-0.0836072185235011,-0.0839798783238789,-0.0833038630415154,-0.0845900117694334
1.196,-0.0837332505810885,-0.0841073552658186,-0.0834296309357475,-0.0847193918761548
1.19633333333333,-0.0838596569665015,-0.0842352122634608,-0.0835557730894325,-0.0848491599438027
1.19666666666667,-0.083986439047881,-0.0843634507122001,-0.0836822908736405,-0.0849793174076242
1.197,-0.0841135981995612,-0.0844920720137533,-0.0838091856656563,-0.0851098657094357
1.19733333333333,-0.0842411358021019,-0.084621077576222,-0.0839364588490051,-0.0852408062976507
1.19766666666667,-0.0843690532423088,-0.084750468814109,-0.0840641118134865,-0.0853721406273278
1.198,-0.0844973519132835,-0.0848802471483495,-0.0841921459552131,-0.0855038701601875
1.19833333333333,-0.0846260332144485,-0.0850104140063632,-0.0843205626766447,-0.085635996364672
1.19866666666667,-0.084755098551582,-0.0851409708220738,-0.0844493633866117,-0.0857685207159595
1.199,-0.0848845493368525,-0.0852719190359527,-0.0845785495003662,-0.0859014446960196
1.19933333333333,-0.08501438698886,-0.0854032600950458,-0.084708122439602,-0.0860347697936351
1.19966666666667,-0.0851446129326538,-0.0855349954530241,-0.0848380836325031,-0.0861684975044557
1.2,-0.0852752285997919,-0.0856671265702015,-0.0849684345137589,-0.0863026293310161
1.20033333333333,-0.08540623542835,-0.0857996549135866,-0.0850991765246259,-0.0864371667827891
1.20066666666667,-0.0855376348629779,-0.0859325819569092,-0.0852303111129387,-0.0865721113762191
1.201,-0.0856694283549217,-0.0860659091806584,-0.0853618397331615,-0.0867074646347589
1.20133333333333,-0.0858016173620668,-0.0861996380721247,-0.0854937638464187,-0.0868432280889076
1.20166666666667,-0.0859342033489724,-0.0863337701254346,-0.0856260849205281,-0.0869794032762503
1.202,-0.0860671877869036,-0.0864683068415796,-0.0857588044300429,-0.0871159917415017
1.20233333333333,-0.0862005721538726,-0.0866032497284664,-0.0858919238562901,-0.0872529950365383
1.20266666666667,-0.086334357934677,-0.0867386003009475,-0.0860254446873941,-0.0873904147204423
1.203,-0.0864685466209291,-0.0868743600808628,-0.0861593684183309,-0.0875282523595348
1.20333333333333,-0.0866031397111049,-0.0870105305970737,-0.0862936965509554,-0.0876665095274271
1.20366666666667,-0.0867381387105628,-0.0871471133855008,-0.0864284305940403,-0.0878051878050544
1.204,-0.0868735451316064,-0.0872841099891731,-0.0865635720633123,-0.0879442887807104
1.20433333333333,-0.0870093604934978,-0.0874215219582558,-0.0866991224815,-0.0880838140501059
1.20466666666667,-0.0871455863225106,-0.0875593508500864,-0.0868350833783579,-0.088223765216386
1.205,-0.0872822241519677,-0.0876975982292334,-0.0869714562907151,-0.0883641438901886
1.20533333333333,-0.0874192755222704,-0.0878362656675146,-0.0871082427625159,-0.0885049516896831
1.20566666666667,-0.087556741980946,-0.0879753547440465,-0.0872454443448439,-0.0886461902406117
1.206,-0.0876946250826903,-0.0881148670452864,-0.0873830625959791,-0.0887878611763237
1.20633333333333,-0.0878329263893911,-0.0882548041650737,-0.0875210990814248,-0.0889299661378242
1.20666666666667,-0.087971647470184,-0.0883951677046605,-0.0876595553739592,-0.0890725067738255
1.207,-0.0881107899014846,-0.0885359592727618,-0.087798433053664,-0.0892154847407763
1.20733333333333,-0.0882503552670266,-0.0886771804855993,-0.087937733707969,-0.0893589017029061
1.20766666666667,-0.0883903451579103,-0.0888188329669291,-0.0880774589316957,-0.0895027593322799
1.208,-0.0885307611726388,-0.088960918348103,-0.0882176103270934,-0.089647059308826
1.20833333333333,-0.0886716049171523,-0.0891034382680922,-0.088358189503882,-0.0897918033203984
1.20866666666667,-0.08881287800488,-0.0892463943735405,-0.0884991980792984,-0.0899369930628002
1.209,-0.0889545820567792,-0.0893897883188051,-0.08864063767813,-0.0900826302398526
1.20933333333333,-0.0890967187013692,-0.0895336217659933,-0.0887825099327579,-0.0902287165634167
1.20966666666667,-0.0892392895747822,-0.0896778963850173,-0.0889248164832073,-0.090375253753451
1.21,-0.0893822963208017,-0.0898226138536269,-0.0890675589771779,-0.0905222435380522
1.21033333333333,-0.0895257405909042,-0.0899677758574598,-0.089210739070099,-0.0906696876535133
1.21066666666667,-0.0896696240443021,-0.0901133840900809,-0.0893543584251595,-0.0908175878443485
1.211,-0.0898139483479944,-0.0902594402530281,-0.0894984187133632,-0.0909659458633542
1.21133333333333,-0.089958715176794,-0.090405946055863,-0.0896429216135643,-0.0911147634716546
1.21166666666667,-0.0901039262133841,-0.090552903216204,-0.089787868812518,-0.0912640424387451
1.212,-0.0902495831483614,-0.0907003134597824,-0.0899332620049113,-0.09141378454254
1.21233333333333,-0.0903956876802778,-0.0908481785204777,-0.0900791028934273,-0.0915639915694223
1.21266666666667,-0.0905422415156766,-0.0909965001403774,-0.0902253931887723,-0.091714665314294
1.213,-0.0906892463691539,-0.091145280069806,-0.0903721346097318,-0.0918658075806111
1.21333333333333,-0.0908367039633882,-0.0912945200673877,-0.0905193288832083,-0.092017420180452
1.21366666666667,-0.0909846160291997,-0.0914442219000771,-0.0906669777442732,-0.0921695049345483
1.214,-0.0911329843055826,-0.0915943873432211,-0.0908150829362069,-0.0923220636723501
1.21433333333333,-0.0912818105397549,-0.0917450181805956,-0.0909636462105494,-0.0924750982320604
1.21466666666667,-0.0914310964872155,-0.0918961162044544,-0.0911126693271457,-0.0926286104606941
1.215,-0.0915808439117717,-0.0920476832155917,-0.0912621540541923,-0.0927826022141278
1.21533333333333,-0.0917310545856009,-0.0921997210233618,-0.0914121021682815,-0.092937075357147
1.21566666666667,-0.0918817302892957,-0.0923522314457517,-0.0915625154544511,-0.0930920317634991
1.216,-0.092032872811904,-0.0925052163094249,-0.0917133957062356,-0.0932474733159434
1.21633333333333,-0.0921844839509805,-0.0926586774497599,-0.0918647447257079,-0.0934034019063051
1.21666666666667,-0.0923365655126402,-0.0928126167109168,-0.0920165643235317,-0.0935598194355208
1.217,-0.0924891193115934,-0.0929670359458668,-0.0921688563190041,-0.0937167278137017
1.21733333333333,-0.0926421471712148,-0.0931219370164636,-0.0923216225401218,-0.0938741289601738
1.21766666666667,-0.0927956509235702,-0.0932773217934789,-0.0924748648236038,-0.0940320248035437
1.218,-0.0929496324094836,-0.0934331921566556,-0.0926285850149641,-0.0941904172817341
1.21833333333333,-0.0931040934785711,-0.0935895499947633,-0.092782784968547,-0.0943493083420615
1.21866666666667,-0.0932590359893072,-0.0937463972056507,-0.0929374665475867,-0.0945086999412676
1.219,-0.0934144618090621,-0.093903735696286,-0.0930926316242536,-0.0946685940455816
1.21933333333333,-0.0935703728141621,-0.0940615673828263,-0.0932482820797045,-0.0948289926307865
1.21966666666667,-0.0937267708899263,-0.0942198941906522,-0.0934044198041344,-0.0949898976822534
1.22,-0.0938836579307366,-0.0943787180544397,-0.0935610466968285,-0.0951513111950145
1.22033333333333,-0.0940410358400751,-0.0945380409181925,-0.0937181646662207,-0.0953132351738054
1.22066666666667,-0.094198906530585,-0.0946978647353099,-0.0938757756299302,-0.0954756716331353
1.221,-0.0943572719241145,-0.0948581914686421,-0.094033881514829,-0.0956386225973298
1.22133333333333,-0.0945161339517746,-0.0950190230905302,-0.0941924842570867,-0.0958020901005968
1.22166666666667,-0.0946754945539911,-0.0951803615828776,-0.0943515858022316,-0.0959660761870818
1.222,-0.0948353556805601,-0.0953422089371909,-0.0945111881051902,-0.0961305829109221
1.22233333333333,-0.0949957192906978,-0.0955045671546501,-0.0946712931303561,-0.0962956123363102
1.22266666666667,-0.0951565873530986,-0.095667438246142,-0.0948319028516408,-0.0964611665375485
1.223,-0.0953179618459809,-0.0958308242323404,-0.0949930192525176,-0.0966272475991105
1.22333333333333,-0.0954798447571591,-0.0959947271437498,-0.095154644326095,-0.0967938576156968
1.22366666666667,-0.0956422380840781,-0.0961591490207643,-0.0953167800751534,-0.0969609986922986
1.224,-0.0958051438338813,-0.0963240919137244,-0.095479428512216,-0.0971286729442581
1.22433333333333,-0.0959685640234678,-0.0964895578829724,-0.0956425916595961,-0.0972968824973234
1.22466666666667,-0.0961325006795407,-0.0966555489989214,-0.0958062715494592,-0.0974656294877143
1.225,-0.0962969558386692,-0.0968220673420931,-0.0959704702238736,-0.0976349160621839
1.22533333333333,-0.096461931547342,-0.0969891150032014,-0.0961351897348758,-0.097804744378078
1.22566666666667,-0.0966274298620263,-0.0971566940831883,-0.0963004321445169,-0.0979751166033962
1.226,-0.0967934528492352,-0.0973248066933016,-0.0964661995249366,-0.0981460349168574
1.22633333333333,-0.0969600025855658,-0.0974934549551419,-0.0966324939584044,-0.0983175015079651
1.22666666666667,-0.0971270811577711,-0.097662641000735,-0.0967993175373953,-0.09848951857706
1.227,-0.0972946906628181,-0.0978323669725763,-0.0969666723646306,-0.0986620883354
1.22733333333333,-0.0974628332079482,-0.0980026350237112,-0.0971345605531594,-0.0988352130052098
1.22766666666667,-0.097631510910729,-0.0981734473177802,-0.097302984226394,-0.0990088948197536
1.228,-0.0978007258991226,-0.0983448060290933,-0.0974719455181988,-0.0991831360233978
1.22833333333333,-0.0979704803115422,-0.0985167133426838,-0.0976414465729194,-0.0993579388716775
1.22866666666667,-0.0981407762969172,-0.0986891714543713,-0.0978114895454731,-0.0995333056313608
1.229,-0.0983116160147464,-0.0988621825708348,-0.0979820766013896,-0.0997092385805211
1.22933333333333,-0.0984830016351679,-0.0990357489096651,-0.0981532099168914,-0.0998857400085953
1.22966666666667,-0.09865493533902,-0.0992098726994351,-0.0983248916789372,-0.100062812216455
1.23,-0.0988274193179006,-0.0993845561797591,-0.0984971240852905,-0.100240457516477
1.23033333333333,-0.0990004557742243,-0.0995598016013658,-0.0986699093446029,-0.100418678232615
1.23066666666667,-0.0991740469213104,-0.0997356112261559,-0.0988432496764512,-0.10059747670045
1.231,-0.0993481949834111,-0.0999119873272736,-0.0990171473114095,-0.100776855267287
1.23133333333333,-0.0995229021958054,-0.10008893218917,-0.0991916044911231,-0.100956816292201
1.23166666666667,-0.0996981708048524,-0.10026644810767,-0.0993666234683622,-0.10113736214612
1.232,-0.0998740030680545,-0.100444537390039,-0.0995422065071008,-0.101318495211895
1.23233333333333,-0.100050401254124,-0.100623202355058,-0.0997183558825656,-0.101500217884364
1.23266666666667,-0.100227367643055,-0.100802445333075,-0.0998950738813164,-0.101682532570431
1.233,-0.100404904526182,-0.100982268666091,-0.100072362801307,-0.101865441689138
1.23333333333333,-0.100583014206254,-0.101162674707821,-0.100250224951956,-0.10204894767173
1.23366666666667,-0.100761698997497,-0.101343665823765,-0.100428662654209,-0.102233052961746
1.234,-0.100940961225684,-0.101525244391279,-0.100607678240613,-0.10241776001506
1.23433333333333,-0.1011208032282,-0.10170741279964,-0.100787274055383,-0.102603071300001
1.23466666666667,-0.101301227354122,-0.101890173450127,-0.100967452454473,-0.102788989297376
1.235,-0.101482235964272,-0.102073528756084,-0.101148215805633,-0.102975516500595
1.23533333333333,-0.101663831431299,-0.102257481142992,-0.101329566488507,-0.103162655415711
1.23566666666667,-0.101846016139742,-0.102442033048552,-0.101511506894674,-0.103350408561519
1.236,-0.102028792486108,-0.102627186922746,-0.10169403942774,-0.103538778469606
1.23633333333333,-0.10221216287894,-0.102812945227913,-0.101877166503398,-0.103727767684463
1.23666666666667,-0.102396129738889,-0.10299931043883,-0.102060890549506,-0.103917378763541
1.237,-0.102580695498774,-0.103186285042778,-0.102245214006153,-0.104107614277327
1.23733333333333,-0.102765862603681,-0.10337387153962,-0.102430139325748,-0.104298476809438
1.23766666666667,-0.102951633511013,-0.103562072441884,-0.102615668973069,-0.10448996895669
1.238,-0.103138010690577,-0.103750890274827,-0.102801805425364,-0.104682093329181
1.23833333333333,-0.10332499662465,-0.103940327576513,-0.102988551172404,-0.10487485255037
1.23866666666667,-0.103512593808061,-0.104130386897903,-0.103175908716573,-0.105068249257167
1.239,-0.103700804748261,-0.104321070802917,-0.103363880572932,-0.105262286099998
1.23933333333333,-0.103889631965394,-0.104512381868524,-0.103552469269308,-0.105456965742902
1.23966666666667,-0.10407907799239,-0.104704322684812,-0.103741677346362,-0.105652290863617
1.24,-0.104269145375029,-0.104896895855076,-0.103931507357665,-0.105848264153641
1.24033333333333,-0.104459836672017,-0.105090103995889,-0.104121961869787,-0.106044888318345
1.24066666666667,-0.104651154455075,-0.105283949737186,-0.104313043462358,-0.106242166077038
1.241,-0.104843101309001,-0.105478435722352,-0.104504754728168,-0.106440100163061
1.24133333333333,-0.10503567983177,-0.105673564608296,-0.10469709827323,-0.106638693323866
1.24166666666667,-0.105228892634597,-0.105869339065522,-0.104890076716864,-0.106837948321114
1.242,-0.10542274234202,-0.106065761778244,-0.105083692691782,-0.107037867930754
1.24233333333333,-0.105617231591989,-0.106262835444431,-0.105277948844175,-0.107238454943112
1.24266666666667,-0.105812363035934,-0.106460562775929,-0.105472847833773,-0.107439712162975
1.243,-0.106008139338868,-0.10665894649851,-0.105668392333945,-0.107641642409699
1.24333333333333,-0.10620456317944,-0.106857989351974,-0.105864585031784,-0.107844248517269
1.24366666666667,-0.106401637250048,-0.107057694090246,-0.106061428628185,-0.108047533334417
1.244,-0.106599364256897,-0.10725806348144,-0.106258925837919,-0.108251499724699
1.24433333333333,-0.106797746920101,-0.10745910030796,-0.106457079389742,-0.108456150566584
1.24466666666667,-0.106996787973765,-0.107660807366581,-0.106655892026452,-0.108661488753561
1.245,-0.107196490166061,-0.107863187468545,-0.106855366505,-0.108867517194213
1.24533333333333,-0.10739685625932,-0.108066243439638,-0.107055505596561,-0.109074238812334
1.24566666666667,-0.107597889030125,-0.108269978120292,-0.107256312086626,-0.109281656546996
1.246,-0.107799591269388,-0.108474394365668,-0.107457788775093,-0.109489773352666
1.24633333333333,-0.10800196578244,-0.108679495045741,-0.107659938476348,-0.10969859219929
1.24666666666667,-0.108205015389123,-0.108885283045409,-0.10786276401936,-0.109908116072401
1.247,-0.108408742923881,-0.109091761264565,-0.108066268247775,-0.110118347973201
1.24733333333333,-0.108613151235843,-0.109298932618208,-0.108270454019986,-0.110329290918665
1.24766666666667,-0.108818243188913,-0.10950680003652,-0.108475324209258,-0.110540947941649
1.248,-0.109024021661874,-0.10971536646497,-0.10868088170378,-0.110753322090972
1.24833333333333,-0.109230489548459,-0.109924634864407,-0.108887129406797,-0.110966416431542
1.24866666666667,-0.109437649757462,-0.11013460821115,-0.109094070236669,-0.111180234044414
1.249,-0.109645505212826,-0.110345289497093,-0.109301707126983,-0.11139477802694
1.24933333333333,-0.109854058853725,-0.110556681729793,-0.109510043026644,-0.111610051492838
1.24966666666667,-0.110063313634676,-0.110768787932579,-0.109719080899974,-0.111826057572311
1.25,-0.110273272525621,-0.110981611144631,-0.109928823726791,-0.112042799412139
1.25033333333333,-0.110483938512026,-0.111195154421098,-0.110139274502533,-0.112260280175795
1.25066666666667,-0.110695314594986,-0.111409420833195,-0.110350436238327,-0.112478503043545
1.251,-0.110907403791308,-0.111624413468282,-0.110562311961104,-0.112697471212547
1.25133333333333,-0.111120209133616,-0.111840135429998,-0.110774904713694,-0.112917187896977
1.25166666666667,-0.111333733670451,-0.112056589838338,-0.110988217554919,-0.113137656328115
1.252,-0.111547980466365,-0.11227377982976,-0.111202253559703,-0.113358879754462
1.25233333333333,-0.111762952602031,-0.112491708557299,-0.111417015819165,-0.113580861441855
1.25266666666667,-0.11197865317433,-0.112710379190663,-0.111632507440717,-0.113803604673569
1.253,-0.112195085296456,-0.112929794916329,-0.111848731548184,-0.11402711275043
1.25333333333333,-0.112412252098031,-0.113149958937671,-0.112065691281885,-0.11425138899093
1.25366666666667,-0.112630156725192,-0.113370874475037,-0.112283389798745,-0.11447643673133
1.254,-0.112848802340701,-0.113592544765889,-0.112501830272409,-0.114702259325788
1.25433333333333,-0.113068192124045,-0.113814973064881,-0.112721015893328,-0.114928860146457
1.25466666666667,-0.113288329271549,-0.114038162643988,-0.112940949868881,-0.115156242583612
1.255,-0.113509216996481,-0.114262116792597,-0.113161635423478,-0.115384410045754
1.25533333333333,-0.113730858529145,-0.114486838817644,-0.113383075798656,-0.11561336595975
1.25566666666667,-0.113953257117009,-0.114712332043695,-0.113605274253208,-0.115843113770911
1.256,-0.114176416024792,-0.114938599813073,-0.11382823406327,-0.116073656943153
1.25633333333333,-0.114400338534597,-0.115165645485976,-0.114051958522444,-0.116304998959087
1.25666666666667,-0.114625027945996,-0.11539347244058,-0.11427645094191,-0.116537143320153
1.257,-0.114850487576156,-0.115622084073156,-0.114501714650528,-0.116770093546734
1.25733333333333,-0.115076720759945,-0.11585148379818,-0.114727752994953,-0.11700385317828
1.25766666666667,-0.115303730850048,-0.11608167504847,-0.114954569339759,-0.117238425773434
1.258,-0.115531521217073,-0.116312661275275,-0.115182167067531,-0.117473814910149
1.25833333333333,-0.115760095249679,-0.116544445948403,-0.115410549579006,-0.117710024185822
1.25866666666667,-0.115989456354669,-0.116777032556355,-0.11563972029316,-0.11794705721741
1.259,-0.116219607957124,-0.117010424606419,-0.115869682647354,-0.118184917641562
1.25933333333333,-0.116450553500507,-0.117244625624808,-0.116100440097429,-0.118423609114749
1.25966666666667,-0.116682296446797,-0.117479639156777,-0.116331996117829,-0.118663135313377
1.26,-0.116914840276585,-0.117715468766741,-0.116564354201731,-0.118903499933946
1.26033333333333,-0.117148188489208,-0.117952118038397,-0.116797517861147,-0.119144706693144
1.26066666666667,-0.117382344602868,-0.118189590574861,-0.11703149062706,-0.119386759328011
1.261,-0.117617312154744,-0.118427889998774,-0.117266276049538,-0.119629661596043
1.26133333333333,-0.117853094701125,-0.118667019952441,-0.117501877697857,-0.11987341727535
1.26166666666667,-0.118089695817522,-0.118906984097959,-0.11773829916063,-0.120118030164777
1.262,-0.118327119098795,-0.119147786117333,-0.117975544045922,-0.120363504084038
1.26233333333333,-0.118565368159285,-0.11938942971261,-0.118213615981383,-0.120609842873864
1.26266666666667,-0.118804446632929,-0.119631918606014,-0.118452518614368,-0.120857050396122
1.263,-0.119044358173384,-0.119875256540072,-0.118692255612075,-0.121105130533972
1.26333333333333,-0.119285106454173,-0.120119447277741,-0.118932830661655,-0.121354087191994
1.26366666666667,-0.119526695168791,-0.120364494602553,-0.119174247470362,-0.121603924296333
1.264,-0.119769128030842,-0.120610402318732,-0.119416509765668,-0.121854645794847
1.26433333333333,-0.120012408774176,-0.120857174251342,-0.119659621295396,-0.122106255657234
1.26466666666667,-0.120256541153009,-0.121104814246417,-0.119903585827861,-0.122358757875189
1.265,-0.120501528942067,-0.1213533261711,-0.120148407151994,-0.122612156462546
1.26533333333333,-0.120747375936703,-0.121602713913773,-0.120394089077475,-0.122866455455421
1.26566666666667,-0.120994085953051,-0.121852981384206,-0.120640635434878,-0.123121658912362
1.266,-0.121241662828137,-0.122104132513687,-0.120888050075797,-0.123377770914493
1.26633333333333,-0.121490110420039,-0.122356171255175,-0.121136336872987,-0.12363479556567
1.26666666666667,-0.12173943260801,-0.12260910158343,-0.121385499720503,-0.123892736992628
1.267,-0.121989633292614,-0.122862927495158,-0.121635542533835,-0.124151599345126
1.26733333333333,-0.122240716395875,-0.123117653009154,-0.121886469250055,-0.124411386796115
1.26766666666667,-0.12249268586141,-0.123373282166466,-0.122138283827948,-0.124672103541877
1.268,-0.122745545654578,-0.123629819030503,-0.122390990248168,-0.124933753802187
1.26833333333333,-0.122999299762606,-0.123887267687221,-0.122644592513368,-0.125196341820473
1.26866666666667,-0.123253952194752,-0.124145632245245,-0.122899094648353,-0.125459871863964
1.269,-0.12350950698244,-0.124404916836033,-0.123154500700222,-0.12572434822386
1.26933333333333,-0.123765968179399,-0.124665125614024,-0.123410814738516,-0.125989775215479
1.26966666666667,-0.124023339861823,-0.124926262756777,-0.123668040855362,-0.126256157178427
1.27,-0.124281626128512,-0.12518833246514,-0.123926183165631,-0.126523498476762
1.27033333333333,-0.124540831101013,-0.125451338963402,-0.124185245807075,-0.126791803499155
1.27066666666667,-0.124800958923789,-0.125715286499438,-0.124445232940492,-0.127061076659049
1.271,-0.125062013764353,-0.125980179344878,-0.124706148749864,-0.127331322394839
1.27133333333333,-0.125323999813429,-0.126246021795255,-0.124967997442527,-0.127602545170017
1.27166666666667,-0.125586921285097,-0.126512818170166,-0.125230783249311,-0.127874749473372
1.272,-0.125850782416966,-0.126780572813436,-0.125494510424701,-0.128147939819133
1.27233333333333,-0.126115587470302,-0.127049290093274,-0.125759183246994,-0.128422120747157
1.27266666666667,-0.126381340730214,-0.127318974402445,-0.126024806018463,-0.12869729682309
1.273,-0.126648046505791,-0.127589630158421,-0.126291383065508,-0.128973472638548
1.27333333333333,-0.126915709130268,-0.127861261803551,-0.126558918738817,-0.129250652811302
1.27366666666667,-0.127184332961196,-0.128133873805235,-0.126827417413539,-0.129528841985428
1.274,-0.127453922380583,-0.128407470656083,-0.12709688348943,-0.129808044831512
1.27433333333333,-0.127724481795079,-0.128682056874077,-0.127367321391031,-0.130088266046822
1.27466666666667,-0.127996015636133,-0.128957637002761,-0.127638735567835,-0.130369510355481
1.275,-0.128268528360149,-0.129234215611401,-0.127911130494433,-0.130651782508657
1.27533333333333,-0.128542024448663,-0.129511797295158,-0.128184510670713,-0.130935087284746
1.27566666666667,-0.128816508408514,-0.129790386675254,-0.128458880622006,-0.131219429489557
1.276,-0.129091984772,-0.130069988399171,-0.128734244899265,-0.131504813956503
1.27633333333333,-0.129368458097067,-0.130350607140804,-0.129010608079242,-0.131791245546778
1.27666666666667,-0.129645932967461,-0.130632247600651,-0.129287974764653,-0.132078729149558
1.277,-0.129924413992923,-0.13091491450599,-0.129566349584359,-0.132367269682193
1.27733333333333,-0.130203905809348,-0.131198612611065,-0.129845737193538,-0.132656872090386
1.27766666666667,-0.130484413078958,-0.131483346697259,-0.130126142273867,-0.132947541348405
1.278,-0.130765940490504,-0.131769121573283,-0.130407569533696,-0.133239282459272
1.27833333333333,-0.131048492759418,-0.132055942075369,-0.130690023708235,-0.133532100454954
1.27866666666667,-0.131332074628004,-0.132343813067441,-0.130973509559726,-0.133826000396569
1.279,-0.131616690865625,-0.132632739441316,-0.131258031877645,-0.134120987374589
1.27933333333333,-0.131902346268878,-0.132922726116889,-0.131543595478857,-0.134417066509037
1.27966666666667,-0.132189045661783,-0.13321377804233,-0.131830205207832,-0.134714242949692
1.28,-0.132476793895968,-0.13350590019426,-0.132117865936817,-0.135012521876298
1.28033333333333,-0.132765595850854,-0.13379909757797,-0.132406582566029,-0.135311908498765
1.28066666666667,-0.133055456433853,-0.134093375227597,-0.132696360023838,-0.135612408057384
1.281,-0.133346380580545,-0.134388738206331,-0.132987203266977,-0.135914025823035
1.28133333333333,-0.133638373254881,-0.134685191606609,-0.133279117280713,-0.136216767097404
1.28166666666667,-0.133931439449372,-0.134982740550325,-0.133572107079065,-0.136520637213178
1.282,-0.134225584185284,-0.135281390189018,-0.133866177704982,-0.136825641534294
1.28233333333333,-0.134520812512835,-0.135581145704086,-0.134161334230549,-0.137131785456118
1.28266666666667,-0.134817129511401,-0.135882012306991,-0.134457581757191,-0.137439074405706
1.283,-0.135114540289696,-0.136183995239458,-0.134754925415865,-0.137747513841976
1.28333333333333,-0.135413049985994,-0.136487099773694,-0.13505337036727,-0.138057109255981
1.28366666666667,-0.135712663768322,-0.136791331212591,-0.135352921802053,-0.138367866171099
1.284,-0.136013386834664,-0.137096694889947,-0.135653584941005,-0.138679790143266
1.28433333333333,-0.136315224413178,-0.137403196170663,-0.135955365035283,-0.138992886761218
1.28466666666667,-0.136618181762378,-0.137710840450974,-0.136258267366605,-0.139307161646703
1.285,-0.136922264171381,-0.13801963315867,-0.136562297247475,-0.139622620454727
1.28533333333333,-0.137227476960082,-0.138329579753287,-0.136867460021388,-0.13993926887378
1.28566666666667,-0.137533825479389,-0.138640685726362,-0.137173761063043,-0.140257112626073
1.286,-0.137841315111435,-0.138952956601636,-0.137481205778565,-0.140576157467774
1.28633333333333,-0.138149951269781,-0.139266397935277,-0.137789799605723,-0.14089640918926
1.28666666666667,-0.138459739399652,-0.139581015316119,-0.138099548014148,-0.141217873615332
1.287,-0.138770684978141,-0.139896814365877,-0.138410456505543,-0.141540556605491
1.28733333333333,-0.139082793514447,-0.140213800739385,-0.138722530613934,-0.141864464054153
1.28766666666667,-0.139396070550075,-0.140531980124824,-0.139035775905862,-0.142189601890927
1.288,-0.139710521659091,-0.140851358243955,-0.139350197980644,-0.142515976080828
1.28833333333333,-0.140026152448322,-0.14117194085235,-0.13966580247057,-0.142843592624569
1.28866666666667,-0.140342968557596,-0.141493733739643,-0.139982595041159,-0.143172457558782
1.289,-0.140660975659978,-0.141816742729757,-0.140300581391373,-0.143502576956288
1.28933333333333,-0.140980179461992,-0.142140973681148,-0.140619767253861,-0.143833956926356
1.28966666666667,-0.141300585703861,-0.142466432487046,-0.140940158395197,-0.144166603614962
1.29,-0.141622200159741,-0.142793125075712,-0.141261760616115,-0.144500523205041
1.29033333333333,-0.141945028637963,-0.143121057410665,-0.141584579751743,-0.144835721916767
1.29066666666667,-0.142269076981266,-0.143450235490944,-0.141908621671857,-0.145172206007812
1.291,-0.142594351067047,-0.143780665351364,-0.142233892281117,-0.145509981773607
1.29133333333333,-0.142920856807601,-0.14411235306275,-0.14256039751932,-0.145849055547625
1.29166666666667,-0.143248600150366,-0.144445304732216,-0.142888143361634,-0.146189433701655
1.292,-0.143577587078168,-0.144779526503403,-0.143217135818868,-0.146531122646063
1.29233333333333,-0.143907823609484,-0.145115024556749,-0.143547380937706,-0.146874128830082
1.29266666666667,-0.144239315798678,-0.145451805109743,-0.143878884800976,-0.147218458742094
1.293,-0.144572069736265,-0.145789874417202,-0.144211653527893,-0.1475641189099
1.29333333333333,-0.144906091549164,-0.146129238771518,-0.144545693274329,-0.147911115901012
1.29366666666667,-0.145241387400957,-0.146469904502938,-0.144881010233068,-0.14825945632295
1.294,-0.145577963492148,-0.146811877979835,-0.145217610634064,-0.148609146823505
1.29433333333333,-0.145915826060426,-0.147155165608981,-0.145555500744721,-0.148960194091067
1.29466666666667,-0.146254981380935,-0.147499773835809,-0.14589468687014,-0.14931260485488
1.295,-0.146595435766532,-0.147845709144704,-0.146235175353406,-0.149666385885374
1.29533333333333,-0.146937195568059,-0.148192978059281,-0.14657697257585,-0.150021543994443
1.29566666666667,-0.147280267174618,-0.148541587142657,-0.146920084957315,-0.150378086035753
1.296,-0.147624657013843,-0.148891542997746,-0.147264518956462,-0.150736018905045
1.29633333333333,-0.147970371552173,-0.149242852267535,-0.147610281071014,-0.151095349540451
1.29666666666667,-0.148317417295128,-0.149595521635389,-0.147957377838047,-0.151456084922785
1.297,-0.148665800787605,-0.149949557825317,-0.14830581583429,-0.151818232075873
1.29733333333333,-0.149015528614139,-0.150304967602293,-0.148655601676384,-0.152181798066863
1.29766666666667,-0.149366607399198,-0.150661757772526,-0.149006742021188,-0.152546790006535
1.298,-0.149719043807475,-0.151019935183785,-0.149359243566068,-0.152913215049628
1.29833333333333,-0.150072844544172,-0.151379506725678,-0.149713113049174,-0.153281080395167
1.29866666666667,-0.150428016355292,-0.151740479329961,-0.150068357249756,-0.153650393286778
1.299,-0.150784566027937,-0.152102859970852,-0.150424982988449,-0.154021161013025
1.29933333333333,-0.151142500390605,-0.152466655665338,-0.15078299712757,-0.154393390907735
1.29966666666667,-0.151501826313481,-0.152831873473474,-0.151142406571428,-0.154767090350336
1.3,-0.151862550708755,-0.153198520498707,-0.151503218266631,-0.155142266766198
1.30033333333333,-0.152224680530912,-0.153566603888196,-0.151865439202381,-0.155518927626965
1.30066666666667,-0.152588222777044,-0.153936130833123,-0.1522290764108,-0.155897080450901
1.301,-0.152953184487167,-0.154307108569013,-0.152594136967229,-0.156276732803229
1.30133333333333,-0.153319572744523,-0.15467954437607,-0.152960627990549,-0.156657892296501
1.30166666666667,-0.153687394675897,-0.155053445579496,-0.153328556643501,-0.157040566590921
1.302,-0.154056657451944,-0.15542881954982,-0.153697930133004,-0.157424763394721
1.30233333333333,-0.154427368287494,-0.155805673703231,-0.154068755710479,-0.157810490464509
1.30266666666667,-0.154799534441888,-0.156184015501926,-0.154441040672175,-0.15819775560563
1.303,-0.155173163219301,-0.156563852454428,-0.154814792359495,-0.158586566672539
1.30333333333333,-0.155548261969061,-0.156945192115943,-0.155190018159332,-0.158976931569153
1.30366666666667,-0.155924838085999,-0.157328042088701,-0.155566725504405,-0.159368858249232
1.304,-0.156302899010763,-0.157712410022292,-0.155944921873591,-0.159762354716753
1.30433333333333,-0.156682452230168,-0.158098303614038,-0.156324614792262,-0.160157429026279
1.30466666666667,-0.157063505277532,-0.158485730609326,-0.156705811832646,-0.160554089283347
1.305,-0.157446065733017,-0.158874698801975,-0.157088520614145,-0.160952343644846
1.30533333333333,-0.157830141223981,-0.159265216034591,-0.157472748803714,-0.161352200319406
1.30566666666667,-0.158215739425316,-0.159657290198932,-0.157858504116185,-0.161753667567786
1.306,-0.15860286805981,-0.160050929236272,-0.158245794314645,-0.162156753703275
1.30633333333333,-0.158991534898497,-0.160446141137769,-0.158634627210782,-0.162561467092072
1.30666666666667,-0.159381747761014,-0.160842933944838,-0.159025010665246,-0.162967816153704
1.307,-0.159773514515961,-0.161241315749526,-0.159416952588015,-0.163375809361425
1.30733333333333,-0.16016684308127,-0.161641294694889,-0.159810460938767,-0.163785455242613
1.30766666666667,-0.160561741424566,-0.162042878975377,-0.16020554372724,-0.164196762379196
1.308,-0.16095821756354,-0.16244607683721,-0.160602209013622,-0.164609739408058
1.30833333333333,-0.161356279566324,-0.16285089657878,-0.161000464908905,-0.165024395021456
1.30866666666667,-0.161755935551859,-0.163257346551026,-0.161400319575285,-0.165440737967446
1.309,-0.162157193690291,-0.163665435157846,-0.16180178122654,-0.165858777050316
1.30933333333333,-0.162560062203334,-0.164075170856485,-0.162204858128411,-0.166278521130985
1.30966666666667,-0.162964549364677,-0.164486562157934,-0.162609558598997,-0.16669997912748
1.31,-0.163370663500347,-0.16489961762734,-0.163015891009148,-0.167123160015339
1.31033333333333,-0.163778412989136,-0.165314345884422,-0.163423863782864,-0.167548072828067
1.31066666666667,-0.16418780626297,-0.165730755603872,-0.163833485397684,-0.167974726657578
1.311,-0.16459885180732,-0.166148855515767,-0.164244764385114,-0.168403130654639
1.31133333333333,-0.165011558161602,-0.166568654406012,-0.164657709331,-0.168833294029328
1.31166666666667,-0.165425933919593,-0.166990161116738,-0.165072328875974,-0.169265226051498
1.312,-0.165841987729824,-0.167413384546739,-0.165488631715845,-0.169698936051216
1.31233333333333,-0.166259728296012,-0.167838333651907,-0.165906626602024,-0.170134433419246
1.31266666666667,-0.166679164377465,-0.168265017445656,-0.166326322341947,-0.17057172760752
1.313,-0.167100304789514,-0.168693444999374,-0.166747727799507,-0.171010828129594
1.31333333333333,-0.167523158403931,-0.169123625442851,-0.167170851895458,-0.171451744561144
1.31366666666667,-0.167947734149353,-0.169555567964735,-0.167595703607887,-0.171894486540436
1.314,-0.168374041011727,-0.169989281812978,-0.168022291972617,-0.172339063768815
1.31433333333333,-0.168802088034736,-0.170424776295294,-0.168450626083665,-0.172785486011203
1.31466666666667,-0.169231884320246,-0.17086206077961,-0.168880715093675,-0.173233763096575
1.315,-0.169663439028744,-0.171301144694529,-0.169312568214384,-0.173683904918484
1.31533333333333,-0.170096761379791,-0.171742037529805,-0.169746194717052,-0.174135921435544
1.31566666666667,-0.170531860652473,-0.172184748836809,-0.170181603932946,-0.17458982267195
1.316,-0.170968746185852,-0.172629288228996,-0.170618805253766,-0.17504561871798
1.31633333333333,-0.171407427379431,-0.173075665382393,-0.171057808132143,-0.175503319730528
1.31666666666667,-0.17184791369362,-0.173523890036075,-0.171498622082085,-0.175962935933613
1.317,-0.172290214650193,-0.173973971992659,-0.171941256679459,-0.176424477618911
1.31733333333333,-0.17273433983278,-0.174425921118795,-0.172385721562468,-0.176887955146291
1.31766666666667,-0.173180298887318,-0.17487974734566,-0.172832026432131,-0.177353378944343
1.318,-0.173628101522554,-0.175335460669446,-0.173280181052769,-0.177820759510932
1.31833333333333,-0.174077757510519,-0.175793071151893,-0.173730195252491,-0.178290107413722
1.31866666666667,-0.174529276687017,-0.176252588920777,-0.174182078923697,-0.178761433290757
1.319,-0.174982668952126,-0.176714024170423,-0.174635842023567,-0.179234747850998
1.31933333333333,-0.175437944270687,-0.17717738716224,-0.175091494574574,-0.179710061874891
1.31966666666667,-0.175895112672815,-0.177642688225231,-0.17554904666498,-0.180187386214928
1.32,-0.176354184254395,-0.178109937756525,-0.176008508449361,-0.180666731796226
1.32033333333333,-0.176815169177609,-0.178579146221908,-0.176469890149111,-0.181148109617108
1.32066666666667,-0.177278077671437,-0.179050324156364,-0.17693320205298,-0.18163153074967
1.321,-0.177742920032193,-0.179523482164616,-0.177398454517583,-0.182117006340379
1.32133333333333,-0.178209706624031,-0.179998630921673,-0.177865657967935,-0.182604547610679
1.32166666666667,-0.178678447879498,-0.180475781173385,-0.178334822898001,-0.183094165857559
1.322,-0.179149154300047,-0.180954943736997,-0.178805959871222,-0.183585872454184
1.32233333333333,-0.179621836456597,-0.18143612950171,-0.179279079521063,-0.184079678850499
1.32266666666667,-0.180096504990064,-0.18191934942925,-0.179754192551558,-0.184575596573838
1.323,-0.180573170611915,-0.182404614554453,-0.180231309737889,-0.185073637229546
1.32333333333333,-0.181051844104725,-0.182891935985823,-0.180710441926914,-0.185573812501616
1.32366666666667,-0.181532536322735,-0.183381324906125,-0.18119160003776,-0.186076134153309
1.324,-0.182015258192411,-0.183872792572976,-0.181674795062377,-0.186580614027803
1.32433333333333,-0.18250002071303,-0.18436635031943,-0.182160038066121,-0.187087264048837
1.32466666666667,-0.182986834957235,-0.184862009554597,-0.182647340188335,-0.187596096221351
1.325,-0.183475712071634,-0.18535978176422,-0.18313671264293,-0.188107122632155
1.32533333333333,-0.183966663277371,-0.185859678511308,-0.183628166718986,-0.188620355450589
1.32566666666667,-0.184459699870725,-0.186361711436741,-0.184121713781349,-0.189135806929189
1.326,-0.18495483322371,-0.186865892259899,-0.184617365271217,-0.189653489404367
1.32633333333333,-0.185452074784658,-0.187372232779283,-0.185115132706772,-0.190173415297089
1.32666666666667,-0.185951436078862,-0.18788074487315,-0.18561502768378,-0.190695597113566
1.327,-0.186452928709147,-0.188391440500157,-0.186117061876215,-0.191220047445947
1.32733333333333,-0.186956564356524,-0.188904331699996,-0.186621247036879,-0.191746778973019
1.32766666666667,-0.187462354780792,-0.189419430594056,-0.187127594998044,-0.192275804460924
1.328,-0.187970311821184,-0.189936749386078,-0.187636117672076,-0.192807136763858
1.32833333333333,-0.188480447396985,-0.190456300362809,-0.188146827052088,-0.193340788824811
1.32866666666667,-0.188992773508192,-0.190978095894686,-0.188659735212589,-0.193876773676281
1.329,-0.189507302236154,-0.1915021484365,-0.189174854310126,-0.194415104441009
1.32933333333333,-0.190024045744223,-0.192028470528077,-0.189692196583962,-0.194955794332735
1.32966666666667,-0.190543016278421,-0.192557074794979,-0.190211774356733,-0.195498856656934
1.33,-0.191064226168097,-0.193087973949187,-0.190733600035124,-0.196044304811577
1.33033333333333,-0.19158768782661,-0.193621180789809,-0.191257686110544,-0.196592152287896
1.33066666666667,-0.192113413752002,-0.194156708203782,-0.191784045159823,-0.197142412671148
1.331,-0.192641416527682,-0.194694569166592,-0.192312689845893,-0.197695099641408
1.33133333333333,-0.193171708823117,-0.19523477674299,-0.192843632918495,-0.198250226974339
1.33166666666667,-0.193704303394533,-0.195777344087722,-0.193376887214879,-0.198807808541992
1.332,-0.194239213085619,-0.19632228444627,-0.193912465660518,-0.199367858313605
1.33233333333333,-0.194776450828234,-0.196869611155583,-0.194450381269825,-0.19993039035642
1.33266666666667,-0.195316029643129,-0.197419337644831,-0.194990647146882,-0.200495418836485
1.333,-0.195857962640673,-0.197971477436163,-0.195533276486174,-0.201062958019493
1.33333333333333,-0.196402263021573,-0.198526044145469,-0.19607828257332,-0.201633022271596
1.33366666666667,-0.196948944077628,-0.199083051483141,-0.196625678785826,-0.202205626060266
1.334,-0.197498019192457,-0.199642513254871,-0.197175478593832,-0.20278078395513
1.33433333333333,-0.198049501842271,-0.200204443362412,-0.197727695560885,-0.203358510628833
1.33466666666667,-0.198603405596613,-0.200768855804384,-0.19828234334469,-0.203938820857893
1.335,-0.199159744119135,-0.20133576467708,-0.198839435697899,-0.204521729523588
1.33533333333333,-0.199718531168368,-0.201905184175249,-0.199398986468885,-0.205107251612827
1.33566666666667,-0.200279780598511,-0.202477128592944,-0.199961009602533,-0.205695402219049
1.336,-0.200843506360201,-0.203051612324322,-0.200525519141041,-0.206286196543111
1.33633333333333,-0.201409722501329,-0.203628649864471,-0.201092529224719,-0.206879649894206
1.33666666666667,-0.201978443167831,-0.204208255810276,-0.201662054092806,-0.207475777690777
1.337,-0.202549682604508,-0.204790444861239,-0.20223410808429,-0.208074595461437
1.33733333333333,-0.203123455155831,-0.205375231820346,-0.202808705638734,-0.208676118845911
1.33766666666667,-0.203699775266788,-0.205962631594922,-0.20338586129711,-0.20928036359598
1.338,-0.204278657483699,-0.206552659197525,-0.203965589702652,-0.209887345576431
1.33833333333333,-0.204860116455069,-0.20714532974679,-0.204547905601698,-0.210497080766009
1.33866666666667,-0.20544416693244,-0.207740658468352,-0.205132823844557,-0.211109585258416
1.339,-0.206030823771243,-0.208338660695721,-0.205720359386371,-0.211724875263265
1.33933333333333,-0.206620101931668,-0.208939351871193,-0.206310527288003,-0.212342967107086
1.33966666666667,-0.207212016479545,-0.209542747546777,-0.206903342716907,-0.212963877234329
1.34,-0.207806582587219,-0.210148863385097,-0.207498820948043,-0.213587622208363
1.34033333333333,-0.208403815534447,-0.210757715160342,-0.208096977364755,-0.214214218712506
1.34066666666667,-0.209003730709304,-0.211369318759191,-0.2086978274597,-0.214843683551057
1.341,-0.209606343609085,-0.211983690181788,-0.209301386835767,-0.215476033650332
1.34133333333333,-0.210211669841223,-0.21260084554267,-0.209907671207001,-0.216111286059717
1.34166666666667,-0.210819725124224,-0.213220801071769,-0.210516696399541,-0.216749457952738
1.342,-0.211430525288602,-0.213843573115369,-0.211128478352564,-0.217390566628122
1.34233333333333,-0.212044086277815,-0.214469178137091,-0.211743033119262,-0.218034629510888
1.34266666666667,-0.212660424149235,-0.215097632718915,-0.212360376867781,-0.218681664153438
1.343,-0.213279555075107,-0.215728953562164,-0.212980525882211,-0.219331688236671
1.34333333333333,-0.213901495343511,-0.216363157488538,-0.213603496563566,-0.219984719571085
1.34366666666667,-0.214526261359358,-0.217000261441118,-0.214229305430792,-0.220640776097917
1.344,-0.215153869645388,-0.217640282485437,-0.21485796912175,-0.221299875890273
1.34433333333333,-0.215784336843155,-0.218283237810506,-0.215489504394244,-0.221962037154288
1.34466666666667,-0.216417679714048,-0.218929144729877,-0.216123928127044,-0.222627278230283
1.345,-0.217053915140324,-0.219578020682707,-0.216761257320918,-0.223295617593936
1.34533333333333,-0.21769306012612,-0.220229883234851,-0.217401509099677,-0.223967073857476
1.34566666666667,-0.218335131798515,-0.220884750079937,-0.218044700711227,-0.224641665770868
1.346,-0.21898014740857,-0.221542639040482,-0.218690849528647,-0.225319412223041
1.34633333333333,-0.219628124332394,-0.222203568068984,-0.219339973051242,-0.22600033224309
1.34666666666667,-0.220279080072222,-0.222867555249066,-0.219992088905658,-0.226684445001528
1.347,-0.220933032257499,-0.223534618796599,-0.220647214846952,-0.227371769811524
1.34733333333333,-0.221589998645968,-0.224204777060842,-0.221305368759716,-0.228062326130164
1.34766666666667,-0.222249997124786,-0.224878048525615,-0.221966568659199,-0.22875613355972
1.348,-0.222913045711635,-0.225554451810457,-0.222630832692423,-0.229453211848951
1.34833333333333,-0.223579162555851,-0.226234005671804,-0.223298179139342,-0.230153580894385
1.34866666666667,-0.224248365939567,-0.226916729004184,-0.223968626413977,-0.230857260741638
1.349,-0.224920674278861,-0.227602640841426,-0.224642193065596,-0.231564271586735
1.34933333333333,-0.225596106124919,-0.228291760357871,-0.225318897779882,-0.232274633777469
1.34966666666667,-0.226274680165203,-0.228984106869594,-0.225998759380125,-0.232988367814721
1.35,-0.226956415224651,-0.229679699835665,-0.226681796828425,-0.233705494353859
1.35033333333333,-0.227641330266863,-0.230378558859377,-0.227368029226883,-0.234426034206097
1.35066666666667,-0.228329444395312,-0.231080703689528,-0.228057475818865,-0.235150008339901
1.351,-0.229020776854575,-0.231786154221693,-0.228750155990201,-0.235877437882403
1.35133333333333,-0.229715347031555,-0.232494930499529,-0.229446089270452,-0.236608344120814
1.35166666666667,-0.230413174456729,-0.233207052716056,-0.230145295334174,-0.237342748503866
1.352,-0.231114278805425,-0.233922541214991,-0.23084779400218,-0.238080672643277
1.35233333333333,-0.231818679899069,-0.234641416492083,-0.231553605242839,-0.238822138315209
1.35266666666667,-0.232526397706486,-0.235363699196444,-0.232262749173375,-0.239567167461749
1.353,-0.23323745234519,-0.23608941013192,-0.232975246061176,-0.240315782192436
1.35333333333333,-0.233951864082703,-0.236818570258454,-0.233691116325118,-0.241068004785735
1.35366666666667,-0.234669653337877,-0.237551200693487,-0.234410380536927,-0.241823857690613
1.354,-0.235390840682224,-0.238287322713334,-0.2351330594225,-0.242583363528044
1.35433333333333,-0.236115446841276,-0.239026957754631,-0.235859173863304,-0.243346545092615
1.35466666666667,-0.236843492695951,-0.239770127415734,-0.236588744897742,-0.244113425354067
1.355,-0.237574999283926,-0.240516853458193,-0.237321793722546,-0.24488402745893
1.35533333333333,-0.238309987801034,-0.241267157808179,-0.238058341694205,-0.245658374732102
1.35566666666667,-0.239048479602678,-0.242021062557985,-0.238798410330374,-0.2464364906785
1.356,-0.239790496205243,-0.242778589967508,-0.239542021311321,-0.247218398984714
1.35633333333333,-0.240536059287532,-0.243539762465747,-0.240289196481377,-0.248004123520648
1.35666666666667,-0.241285190692229,-0.244304602652325,-0.241039957850415,-0.248793688341231
1.357,-0.242037912427361,-0.24507313329904,-0.241794327595329,-0.249587117688099
1.35733333333333,-0.242794246667774,-0.245845377351396,-0.242552328061523,-0.250384435991324
1.35766666666667,-0.243554215756631,-0.246621357930186,-0.24331398176445,-0.251185667871141
1.358,-0.244317842206937,-0.247401098333068,-0.244079311391128,-0.251990838139718
1.35833333333333,-0.245085148703048,-0.248184622036176,-0.244848339801691,-0.252799971802928
1.35866666666667,-0.245856158102233,-0.248971952695726,-0.245621090030949,-0.253613094062126
1.359,-0.246630893436216,-0.249763114149664,-0.246397585289975,-0.254430230315985
1.35933333333333,-0.247409377912773,-0.2505581304193,-0.247177848967694,-0.255251406162319
1.35966666666667,-0.248191634917309,-0.251357025710998,-0.247961904632505,-0.256076647399924
1.36,-0.248977688014474,-0.25215982441785,-0.248749776033897,-0.256905980030467
1.36033333333333,-0.249767560949784,-0.252966551121383,-0.249541487104107,-0.257739430260376
1.36066666666667,-0.250561277651268,-0.253777230593278,-0.25033706195978,-0.258577024502733
1.361,-0.251358862231133,-0.254591887797119,-0.251136524903656,-0.259418789379241
1.36133333333333,-0.252160338987435,-0.255410547890142,-0.251939900426253,-0.260264751722136
1.36166666666667,-0.252965732405772,-0.256233236225023,-0.252747213207612,-0.261114938576205
1.362,-0.253775067161008,-0.257059978351664,-0.253558488118999,-0.261969377200751
1.36233333333333,-0.254588368118988,-0.257890800019013,-0.254373750224682,-0.262828095071624
1.36266666666667,-0.255405660338313,-0.2587257271769,-0.255193024783699,-0.263691119883261
1.363,-0.256226969072073,-0.25956478597789,-0.256016337251635,-0.264558479550744
1.36333333333333,-0.257052319769667,-0.260408002779153,-0.256843713282458,-0.265430202211891
1.36366666666667,-0.257881738078589,-0.261255404144356,-0.257675178730317,-0.266306316229355
1.364,-0.258715249846262,-0.262107016845595,-0.258510759651413,-0.267186850192764
1.36433333333333,-0.25955288112187,-0.262962867865303,-0.259350482305857,-0.268071832920871
1.36466666666667,-0.26039465815824,-0.26382298439822,-0.260194373159563,-0.268961293463724
1.365,-0.261240607413707,-0.264687393853369,-0.261042458886145,-0.26985526110488
1.36533333333333,-0.262090755554032,-0.265556123856048,-0.261894766368862,-0.270753765363621
1.36566666666667,-0.262945129454315,-0.266429202249851,-0.262751322702556,-0.271656835997212
1.366,-0.263803756200949,-0.267306657098707,-0.263612155195625,-0.272564503003169
1.36633333333333,-0.264666663093576,-0.268188516688942,-0.264477291372006,-0.273476796621556
1.36666666666667,-0.265533877647083,-0.26907480953137,-0.265346758973202,-0.274393747337328
1.367,-0.266405427593601,-0.269965564363382,-0.26622058596031,-0.27531538588266
1.36733333333333,-0.267281340884535,-0.270860810151101,-0.267098800516065,-0.276241743239335
1.36766666666667,-0.268161645692624,-0.271760576091509,-0.267981431046935,-0.277172850641151
1.368,-0.26904637041401,-0.272664891614643,-0.268868506185218,-0.278108739576341
1.36833333333333,-0.26993554367032,-0.273573786385783,-0.269760054791155,-0.279049441790046
1.36866666666667,-0.270829194310805,-0.27448729030768,-0.270656105955086,-0.279994989286778
1.369,-0.271727351414468,-0.275405433522801,-0.271556688999615,-0.280945414332951
1.36933333333333,-0.272630044292237,-0.276328246415604,-0.272461833481809,-0.281900749459417
1.36966666666667,-0.273537302489137,-0.277255759614832,-0.2733715691954,-0.282861027464028
1.37,-0.274449155786526,-0.278188003995838,-0.274285926173048,-0.28382628141424
1.37033333333333,-0.2753656342043,-0.279125010682931,-0.275204934688589,-0.284796544649745
1.37066666666667,-0.276286768003194,-0.280066811051748,-0.276128625259325,-0.285771850785116
1.371,-0.277212587687013,-0.281013436731653,-0.277057028648355,-0.286752233712496
1.37133333333333,-0.27814312400499,-0.281964919608171,-0.2779901758669,-0.287737727604323
1.37166666666667,-0.279078407954096,-0.28292129182542,-0.278928098176672,-0.288728366916077
1.372,-0.28001847078141,-0.283882585788618,-0.279870827092271,-0.28972418638904
1.37233333333333,-0.280963343986491,-0.284848834166562,-0.280818394383598,-0.290725221053138
1.37266666666667,-0.281913059323812,-0.28582006989418,-0.281770832078307,-0.291731506229748
1.373,-0.282867648805185,-0.286796326175092,-0.282728172464273,-0.2927430775346
1.37333333333333,-0.283827144702223,-0.287777636484192,-0.28369044809208,-0.293759970880669
1.37366666666667,-0.284791579548838,-0.288764034570278,-0.284657691777573,-0.294782222481122
1.374,-0.285760986143781,-0.289755554458684,-0.285629936604388,-0.295809868852287
1.37433333333333,-0.286735397553151,-0.290752230453983,-0.286607215926553,-0.296842946816665
1.37466666666667,-0.287714847113004,-0.291754097142669,-0.287589563371086,-0.297881493505964
1.375,-0.288699368431954,-0.292761189395919,-0.288577012840644,-0.298925546364191
1.37533333333333,-0.289688995393783,-0.293773542372334,-0.289569598516195,-0.299975143150747
1.37566666666667,-0.290683762160139,-0.29479119152077,-0.290567354859711,-0.301030321943587
1.376,-0.291683703173207,-0.295814172583145,-0.291570316616901,-0.302091121142402
1.37633333333333,-0.292688853158433,-0.296842521597309,-0.292578518819972,-0.303157579471836
1.37666666666667,-0.293699247127288,-0.297876274899944,-0.293591996790426,-0.304229735984742
1.377,-0.294714920380053,-0.298915469129485,-0.294610786141871,-0.305307630065499
1.37733333333333,-0.295735908508612,-0.299960141229081,-0.295634922782884,-0.306391301433307
1.37766666666667,-0.296762247399332,-0.301010328449593,-0.296664442919897,-0.307480790145607
1.378,-0.297793973235923,-0.302066068352625,-0.297699383060113,-0.308576136601452
1.37833333333333,-0.298831122502342,-0.303127398813568,-0.298739780014459,-0.309677381544982
1.37866666666667,-0.299873731985764,-0.304194358024719,-0.299785670900578,-0.310784566068906
1.379,-0.300921838779534,-0.305266984498402,-0.300837093145835,-0.31189773161805
1.37933333333333,-0.301975480286193,-0.306345317070128,-0.301894084490377,-0.313016919992904
1.37966666666667,-0.303034694220517,-0.307429394901816,-0.302956682990227,-0.314142173353264
1.38,-0.304099518612604,-0.308519257485021,-0.3040249270204,-0.315273534221877
1.38033333333333,-0.305169991810972,-0.309614944644209,-0.305098855278056,-0.316411045488141
1.38066666666667,-0.306246152485729,-0.310716496540082,-0.306178506785709,-0.317554750411862
1.381,-0.307328039631753,-0.311823953672923,-0.307263920894443,-0.318704692627033
1.38133333333333,-0.308415692571908,-0.312937356885984,-0.308355137287195,-0.319860916145664
1.38166666666667,-0.309509150960309,-0.314056747368925,-0.309452195982035,-0.321023465361669
1.382,-0.310608454785617,-0.315182166661269,-0.310555137335549,-0.322192385054789
1.38233333333333,-0.311713644374371,-0.316313656655934,-0.311664002046178,-0.323367720394565
1.38266666666667,-0.312824760394365,-0.317451259602751,-0.312778831157659,-0.324549516944354
1.383,-0.31394184385806,-0.318595018112081,-0.31389966606249,-0.325737820665386
1.38333333333333,-0.31506493612602,-0.319744975158442,-0.315026548505412,-0.326932677920902
1.38366666666667,-0.316194078910425,-0.320901174084162,-0.316159520586964,-0.328134135480293
1.384,-0.317329314278581,-0.322063658603137,-0.317298624767057,-0.329342240523334
1.38433333333333,-0.318470684656501,-0.323232472804535,-0.318443903868591,-0.330557040644424
1.38466666666667,-0.31961823283252,-0.324407661156656,-0.319595401081127,-0.33177858385693
1.385,-0.320772001960936,-0.325589268510742,-0.320753159964589,-0.333006918597533
1.38533333333333,-0.321932035565718,-0.326777340104876,-0.321917224453018,-0.334242093730647
1.38566666666667,-0.323098377544247,-0.327971921567938,-0.323087638858354,-0.335484158552909
1.386,-0.324271072171092,-0.329173058923571,-0.324264447874288,-0.336733162797683
1.38633333333333,-0.325450164101828,-0.330380798594213,-0.325447696580135,-0.337989156639659
1.38666666666667,-0.32663569837693,-0.331595187405181,-0.326637430444755,-0.339252190699475
1.387,-0.327827720425686,-0.332816272588802,-0.327833695330547,-0.340522316048424
1.38733333333333,-0.329026276070123,-0.334044101788573,-0.329036537497445,-0.341799584213191
1.38766666666667,-0.330231411529076,-0.33527872306339,-0.330246003607,-0.343084047180666
1.388,-0.331443173422197,-0.336520184891835,-0.33146214072649,-0.344375757402805
1.38833333333333,-0.332661608774073,-0.337768536176475,-0.332684996333079,-0.345674767801567
1.38866666666667,-0.333886765018385,-0.339023826248262,-0.333914618318047,-0.346981131773882
1.389,-0.335118690002096,-0.340286104870942,-0.335151054991027,-0.348294903196707
1.38933333333333,-0.336357431989715,-0.341555422245538,-0.336394355084328,-0.349616136432131
1.38966666666667,-0.33760303966759,-0.3428318290149,-0.337644567757302,-0.350944886332552
1.39,-0.338855562148258,-0.34411537626826,-0.338901742600765,-0.352281208245899
1.39033333333333,-0.340115048974852,-0.345406115545903,-0.340165929641444,-0.353625158020933
1.39066666666667,-0.341381550125545,-0.346704098843841,-0.341437179346513,-0.35497679201262
1.391,-0.34265511601809,-0.34800937861859,-0.342715542628172,-0.356336167087555
1.39133333333333,-0.343935797514341,-0.349322007791956,-0.344001070848253,-0.357703340629447
1.39166666666667,-0.345223645924892,-0.350642039755912,-0.345293815822935,-0.35907837054471
1.392,-0.346518713013747,-0.351969528377533,-0.346593829827457,-0.36046131526807
1.39233333333333,-0.347821051003045,-0.353304528003959,-0.347901165600936,-0.361852233768285
1.39266666666667,-0.349130712577844,-0.354647093467468,-0.349215876351199,-0.36325118555391
1.393,-0.350447750890962,-0.355997280090558,-0.350538015759728,-0.364658230679154
1.39333333333333,-0.35177221956787,-0.357355143691127,-0.3518676379866,-0.366073429749791
1.39366666666667,-0.353104172711669,-0.3587207405877,-0.353204797675532,-0.367496843929158
1.394,-0.354443664908087,-0.360094127604726,-0.354549549958984,-0.368928534944217
1.39433333333333,-0.355790751230563,-0.361475362077924,-0.355901950463286,-0.370368565091709
1.39466666666667,-0.357145487245402,-0.362864501859724,-0.357262055313894,-0.371816997244376
1.395,-0.358507929016957,-0.364261605324745,-0.358629921140631,-0.373273894857243
1.39533333333333,-0.359878133112902,-0.365666731375342,-0.36000560508305,-0.374739321974022
1.39566666666667,-0.361256156609561,-0.36707993944725,-0.361389164795843,-0.37621334323356
1.396,-0.362642057097312,-0.368501289515265,-0.362780658454317,-0.377696023876373
1.39633333333333,-0.364035892686021,-0.369930842098998,-0.364180144759923,-0.379187429751285
1.39666666666667,-0.365437722010595,-0.371368658268717,-0.365587682945873,-0.38068762732213
1.397,-0.366847604236562,-0.372814799651264,-0.367003332782832,-0.382196683674546
1.39733333333333,-0.368265599065736,-0.374269328436,-0.36842715458463,-0.383714666522841
1.39766666666667,-0.369691766741937,-0.375732307380882,-0.369859209214121,-0.385241644216991
1.398,-0.371126168056815,-0.377203799818583,-0.371299558089041,-0.386777685749673
1.39833333333333,-0.372568864355704,-0.378683869662677,-0.372748263187985,-0.38832286076341
1.39866666666667,-0.374019917543573,-0.38017258141393,-0.374205387056431,-0.389877239557829
1.399,-0.375479390091051,-0.381670000166667,-0.375670992812867,-0.391440893096971
1.39933333333333,-0.376947345040499,-0.383176191615177,-0.377145144154955,-0.393013893016724
1.39966666666667,-0.378423846012203,-0.384691222060241,-0.378627905365811,-0.394596311632351
1.4,-0.3799089572106,-0.38621515841574,-0.380119341320337,-0.396188221946095
1.40033333333333,-0.381402743430608,-0.387748068215305,-0.381619517491628,-0.3977896976549
1.40066666666667,-0.382905270064028,-0.389290019619107,-0.383128499957484,-0.399400813158234
1.401,-0.384416603106006,-0.390841081420667,-0.384646355406997,-0.401021643565992
1.40133333333333,-0.385936809161619,-0.392401323053825,-0.386173151147175,-0.402652264706517
1.40166666666667,-0.387465955452494,-0.393970814599729,-0.38770895510973,-0.404292753134738
1.402,-0.389004109823551,-0.395549626793955,-0.389253835857877,-0.405943186140394
1.40233333333333,-0.390551340749796,-0.397137831033691,-0.390807862593255,-0.40760364175635
1.40266666666667,-0.392107717343221,-0.398735499385035,-0.392371105162932,-0.40927419876707
1.403,-0.393673309359799,-0.400342704590371,-0.393943634066491,-0.41095493671716
1.40333333333333,-0.395248187206523,-0.40195952007582,-0.395525520463197,-0.412645935920036
1.40366666666667,-0.396832421948588,-0.403586019958833,-0.397116836179288,-0.41434727746671
1.404,-0.398426085316631,-0.40522227905584,-0.398717653715315,-0.416059043234675
1.40433333333333,-0.400029249714068,-0.406868372889996,-0.400328046253596,-0.417781315896936
1.40466666666667,-0.401641988224514,-0.408524377699066,-0.401948087665774,-0.419514178931131
1.405,-0.403264374619349,-0.410190370443355,-0.403577852520452,-0.421257716628794
1.40533333333333,-0.404896483365286,-0.411866428813781,-0.405217416090936,-0.423012014104714
1.40566666666667,-0.406538389632125,-0.41355263124003,-0.406866854363066,-0.424777157306455
1.406,-0.40819016930056,-0.415249056898829,-0.408526244043167,-0.426553233023975
1.40633333333333,-0.409851898970091,-0.416955785722306,-0.410195662566074,-0.428340328899366
1.40666666666667,-0.411523655967043,-0.418672898406482,-0.411875188103287,-0.430138533436766
1.407,-0.413205518352685,-0.42040047641985,-0.413564899571206,-0.431947936012351
1.40733333333333,-0.414897564931454,-0.422138602012075,-0.415264876639496,-0.433768626884497
1.40766666666667,-0.416599875259282,-0.423887358222806,-0.416975199739528,-0.435600697204056
1.408,-0.41831252965204,-0.425646828890607,-0.418695950072967,-0.437444239024795
1.40833333333333,-0.420035609194056,-0.427417098661976,-0.420427209620429,-0.439299345313943
1.40866666666667,-0.421769195746803,-0.429198253000523,-0.422169061150295,-0.441166109962907
1.409,-0.423513371957642,-0.43099037819624,-0.423921588227594,-0.443044627798115
1.40933333333333,-0.4252682212687,-0.43279356137488,-0.425684875223028,-0.444934994592016
1.40966666666667,-0.427033827925884,-0.434607890507508,-0.427459007322116,-0.446837307074229
1.41,-0.428810276987965,-0.436433454420107,-0.429244070534438,-0.448751662942831
1.41033333333333,-0.430597654335823,-0.438270342803374,-0.431040151703009,-0.450678160875811
1.41066666666667,-0.43239604668179,-0.440118646222597,-0.432847338513782,-0.452616900542665
1.411,-0.434205541579114,-0.441978456127692,-0.434665719505266,-0.45456798261618
1.41133333333333,-0.436026227431565,-0.443849864863348,-0.436495384078267,-0.456531508784336
1.41166666666667,-0.437858193503144,-0.445732965679323,-0.438336422505764,-0.458507581762393
1.412,-0.439701529927934,-0.447627852740884,-0.440188925942918,-0.460496305305162
1.41233333333333,-0.441556327720062,-0.449534621139326,-0.442052986437194,-0.462497784219396
1.41266666666667,-0.443422678783828,-0.451453366902725,-0.443928696938636,-0.464512124376408
1.413,-0.445300675923916,-0.453384187006744,-0.445816151310258,-0.466539432724805
1.41333333333333,-0.447190412855788,-0.45532717938564,-0.447715444338604,-0.468579817303457
1.41366666666667,-0.449091984216184,-0.457282442943386,-0.449626671744396,-0.470633387254577
1.414,-0.451005485573768,-0.459250077564945,-0.451549930193388,-0.472700252837059
1.41433333333333,-0.452931013439926,-0.461230184127718,-0.453485317307293,-0.474780525439929
1.41466666666667,-0.454868665279687,-0.463222864513108,-0.455432931674908,-0.476874317596027
1.415,-0.456818539522816,-0.465228221618265,-0.457392872863381,-0.478981742995873
1.41533333333333,-0.45878073557502,-0.46724635936798,-0.459365241429589,-0.481102916501705
1.41566666666667,-0.460755353829325,-0.469277382726732,-0.461350138931719,-0.483237954161737
1.416,-0.462742495677624,-0.471321397710898,-0.463347667940954,-0.485386973224594
1.41633333333333,-0.464742263522309,-0.473378511401141,-0.465357932053366,-0.487550092153981
1.41666666666667,-0.466754760788163,-0.475448831954942,-0.467381035901922,-0.489727430643515
1.417,-0.468780091934307,-0.477532468619328,-0.469417085168691,-0.491919109631809
1.41733333333333,-0.470818362466378,-0.479629531743735,-0.471466186597168,-0.494125251317725
1.41766666666667,-0.472869678948836,-0.48174013279308,-0.473528448004816,-0.49634597917588
1.418,-0.474934149017456,-0.483864384360996,-0.475603978295743,-0.49858141797235
1.41833333333333,-0.477011881391974,-0.486002400183231,-0.477692887473542,-0.500831693780592
1.41866666666667,-0.479102985888909,-0.488154295151264,-0.479795286654359,-0.503096933997618
1.419,-0.48120757343456,-0.490320185326069,-0.481911288080059,-0.505377267360359
1.41933333333333,-0.483325756078174,-0.492500187952087,-0.484041005131641,-0.507672823962303
1.41966666666667,-0.485457647005304,-0.49469442147139,-0.486184552342781,-0.509983735270326
1.42,-0.487603360551331,-0.496903005538023,-0.488342045413614,-0.512310134141817
1.42033333333333,-0.489763012215182,-0.499126061032554,-0.490513601224637,-0.514652154841982
1.42066666666667,-0.491936718673235,-0.501363710076828,-0.492699337850863,-0.517009933061462
1.421,-0.494124597793417,-0.503616076048907,-0.494899374576145,-0.519383605934152
1.42133333333333,-0.496326768649459,-0.505883283598224,-0.497113831907674,-0.521773312055309
1.42166666666667,-0.498543351535422,-0.50816545866096,-0.499342831590708,-0.524179191499901
1.422,-0.500774467980338,-0.510462728475596,-0.501586496623493,-0.526601385841224
1.42233333333333,-0.503020240763107,-0.512775221598719,-0.503844951272382,-0.529040038169796
1.42266666666667,-0.505280793927575,-0.515103067921026,-0.506118321087165,-0.531495293112521
1.423,-0.507556252797834,-0.517446398683552,-0.508406732916628,-0.533967296852122
1.42333333333333,-0.509846743993716,-0.519805346494119,-0.510710314924274,-0.536456197146865
1.42366666666667,-0.512152395446519,-0.522180045344032,-0.513029196604357,-0.538962143350576
1.424,-0.514473336414944,-0.524570630624983,-0.515363508798018,-0.541485286432925
1.42433333333333,-0.516809697501242,-0.526977239146201,-0.517713383709746,-0.544025779000034
1.42466666666667,-0.519161610667597,-0.529400009151855,-0.520078954924019,-0.546583775315369
1.425,-0.521529209252749,-0.53183908033867,-0.522460357422183,-0.549159431320944
1.42533333333333,-0.523912627988812,-0.534294593873818,-0.524857727599574,-0.551752904658833
1.42566666666667,-0.526312003018361,-0.536766692413047,-0.527271203282862,-0.554364354693007
1.426,-0.528727471911755,-0.539255520119067,-0.529700923747679,-0.556993942531481
1.42633333333333,-0.531159173684667,-0.541761222680187,-0.532147029736418,-0.559641831048779
1.42666666666667,-0.533607248815915,-0.544283947329231,-0.534609663476387,-0.562308184908776
1.427,-0.536071839265499,-0.546823842862706,-0.537088968698108,-0.564993170587809
1.42733333333333,-0.538553088492901,-0.549381059660246,-0.539585090653952,-0.567696956398192
1.42766666666667,-0.541051141475671,-0.551955749704335,-0.542098176137017,-0.570419712512054
1.428,-0.543566144728232,-0.554548066600305,-0.544628373500238,-0.573161610985517
1.42833333333333,-0.54609824632098,-0.557158165596622,-0.547175832675822,-0.575922825783267
1.42866666666667,-0.548647595899652,-0.55978620360545,-0.549740705194917,-0.578703532803477
1.429,-0.551214344704956,-0.562432339223524,-0.552323144207581,-0.581503909903093
1.42933333333333,-0.553798645592489,-0.565096732753304,-0.554923304503014,-0.584324136923498
1.42966666666667,-0.556400653052937,-0.567779546224461,-0.557541342530119,-0.587164395716605
1.43,-0.559020523232562,-0.570480943415619,-0.560177416418308,-0.590024870171273
1.43033333333333,-0.561658413953985,-0.573201089876457,-0.562831685998621,-0.592905746240169
1.43066666666667,-0.56431448473726,-0.575940152950118,-0.565504312825181,-0.595807211967032
1.431,-0.566988896821249,-0.578698301795919,-0.568195460196896,-0.59872945751433
1.43133333333333,-0.569681813185315,-0.581475707412404,-0.570905293179531,-0.601672675191347
1.43166666666667,-0.572393398571315,-0.584272542660739,-0.573633978628048,-0.604637059482703
1.432,-0.575123819505908,-0.587088982288419,-0.576381685209297,-0.607622807077292
1.43233333333333,-0.577873244323201,-0.589925202953345,-0.579148583425033,-0.610630116897664
1.43266666666667,-0.5806418431877,-0.59278138324824,-0.581934845635264,-0.613659190129889
1.433,-0.583429788117621,-0.595657703725403,-0.584740646081911,-0.616710230253812
1.43333333333333,-0.586237253008488,-0.598554346921852,-0.587566160912842,-0.61978344307383
1.43366666666667,-0.589064413657149,-0.601471497384823,-0.590411568206261,-0.622879036750125
1.434,-0.59191144778606,-0.604409341697618,-0.593277047995408,-0.625997221830349
1.43433333333333,-0.594778535067993,-0.607368068505865,-0.596162782293659,-0.629138211281845
1.43466666666667,-0.597665857151045,-0.610347868544153,-0.599068955119976,-0.632302220524326
1.435,-0.600573597684062,-0.613348934663042,-0.601995752524743,-0.635489467463079
1.43533333333333,-0.60350194234239,-0.616371461856478,-0.604943362615933,-0.638700172522674
1.43566666666667,-0.60645107885405,-0.619415647289619,-0.607911975585736,-0.6419345586812
1.436,-0.609421197026254,-0.622481690327076,-0.610901783737512,-0.645192851505047
1.43633333333333,-0.612412488772332,-0.625569792561531,-0.613912981513148,-0.648475279184186
1.43666666666667,-0.61542514813906,-0.628680157842836,-0.616945765520875,-0.651782072568061
1.437,-0.618459371334382,-0.631812992307509,-0.62000033456341,-0.655113465201995
1.43733333333333,-0.621515356755533,-0.634968504408646,-0.623076889666581,-0.658469693364171
1.43766666666667,-0.624593305017593,-0.638146904946343,-0.626175634108332,-0.661850996103229
1.438,-0.627693418982479,-0.641348407098504,-0.629296773448205,-0.665257615276407
1.43833333333333,-0.630815903788308,-0.644573226452144,-0.632440515557194,-0.668689795588317
1.43866666666667,-0.633960966879271,-0.647821581035152,-0.635607070648116,-0.672147784630318
1.439,-0.6371288180359,-0.651093691348519,-0.638796651306362,-0.675631832920497
1.43933333333333,-0.640319669405805,-0.654389780399065,-0.642009472521169,-0.679142193944323
1.43966666666667,-0.643533735534868,-0.657710073732649,-0.645245751717316,-0.682679124195913
1.44,-0.646771233398914,-0.661054799467872,-0.648505708787328,-0.686242883219963
1.44033333333333,-0.650032382435829,-0.664424188330296,-0.651789566124111,-0.689833733654342
1.44066666666667,-0.653317404578193,-0.667818473687168,-0.655097548654145,-0.69345194127338
1.441,-0.656626524286387,-0.671237891582686,-0.658429883871128,-0.697097775031838
1.44133333333333,-0.659959968582183,-0.674682680773778,-0.661786801870129,-0.70077150710957
1.44166666666667,-0.66331796708289,-0.678153082766439,-0.665168535382281,-0.704473412956942
1.442,-0.666700752035958,-0.681649341852607,-0.66857531980998,-0.708203771340917
1.44233333333333,-0.670108558354129,-0.685171705147602,-0.672007393262609,-0.711962864391951
1.44266666666667,-0.673541623651151,-0.688720422628141,-0.67546499659282,-0.715750977651596
1.443,-0.677000188277987,-0.692295747170932,-0.678948373433382,-0.7195684001209
1.44333333333333,-0.680484495359593,-0.695897934591839,-0.682457770234519,-0.723415424309573
1.44366666666667,-0.683994790832262,-0.69952724368567,-0.685993436301912,-0.727292346285965
1.444,-0.687531323481549,-0.703183936266575,-0.689555623835215,-0.73119946572785
1.44433333333333,-0.691094344980731,-0.70686827720902,-0.693144587967158,-0.735137085974035
1.44466666666667,-0.694684109929916,-0.710580534489456,-0.696760586803307,-0.739105514076818
1.445,-0.698300875895708,-0.714320979228584,-0.700403881462365,-0.7431050608553
1.44533333333333,-0.701944903451476,-0.718089885734261,-0.704074736117122,-0.74713604094956
1.44566666666667,-0.7056164562183,-0.721887531545136,-0.707773418036046,-0.751198772875748
1.446,-0.709315800906489,-0.725714197474881,-0.711500197625494,-0.755293579082064
1.44633333333333,-0.713043207357749,-0.729570167657144,-0.715255348472569,-0.759420786005636
1.44666666666667,-0.716798948588029,-0.733455729591208,-0.719039147388671,-0.763580724130384
1.447,-0.720583300831024,-0.737371174188342,-0.72285187445369,-0.767773728045831
1.44733333333333,-0.724396543582316,-0.741316795818869,-0.726693813060885,-0.772000136506838
1.44766666666667,-0.728238959644262,-0.74529289236,-0.730565249962499,-0.776260292494409
1.448,-0.732110835171532,-0.749299765244368,-0.734466475316019,-0.780554543277444
1.44833333333333,-0.736012459717362,-0.75333771950935,-0.738397782731206,-0.784883240475547
1.44866666666667,-0.739944126280568,-0.757407063847162,-0.742359469317845,-0.789246740122902
1.449,-0.743906131353253,-0.761508110655741,-0.746351835734247,-0.793645402733168
1.44933333333333,-0.74789877496926,-0.765641176090388,-0.75037518623646,-0.798079593365509
1.44966666666667,-0.751922360753433,-0.769806580116285,-0.75442982872835,-0.802549681691705
1.45,-0.75597719597161,-0.774004646561799,-0.758516074812365,-0.807056042064414
1.45033333333333,-0.760063591581386,-0.778235703172623,-0.762634239841159,-0.811599053586555
1.45066666666667,-0.764181862283751,-0.782500081666807,-0.766784642970009,-0.816179100181902
1.451,-0.768332326575467,-0.786798117790626,-0.770967607210069,-0.82079657066684
1.45133333333333,-0.772515306802302,-0.791130151375352,-0.775183459482432,-0.82545185882333
1.45166666666667,-0.776731129213128,-0.795496526394925,-0.779432530673101,-0.830145363473186
1.452,-0.780980124014849,-0.799897591024546,-0.783715155688788,-0.834877488553515
1.45233333333333,-0.785262625428203,-0.804333697700172,-0.788031673513599,-0.839648643193506
1.45266666666667,-0.789578971744474,-0.808805203179015,-0.79238242726666,-0.844459241792525
1.453,-0.793929505383106,-0.813312468600978,-0.796767764260614,-0.849309704099549
1.45333333333333,-0.798314572950193,-0.817855859551042,-0.801188036061065,-0.85420045529392
1.45366666666667,-0.802734525297979,-0.822435746122732,-0.805643598546994,-0.859131926067565
1.454,-0.807189717585258,-0.82705250298252,-0.810134811972107,-0.864104552708554
1.45433333333333,-0.811680509338745,-0.83170650943532,-0.814662041027191,-0.869118777186147
1.45466666666667,-0.816207264515465,-0.836398149491022,-0.819225654903447,-0.874175047237311
1.455,-0.820770351566135,-0.841127811932087,-0.823826027356877,-0.879273816454708
1.45533333333333,-0.825370143499532,-0.845895890382238,-0.828463536773662,-0.884415544376215
1.45566666666667,-0.830007017947968,-0.85070278337628,-0.833138566236618,-0.889600696576048
1.456,-0.834681357233775,-0.855548894431055,-0.837851503592751,-0.894829744757413
1.45633333333333,-0.839393548436867,-0.860434632117494,-0.842602741521823,-0.900103166846799
1.45666666666667,-0.844143983463451,-0.865360410133918,-0.847392677606148,-0.905421447089931
1.457,-0.848933059115777,-0.870326647380488,-0.852221714401398,-0.910785076149396
1.45733333333333,-0.853761177163093,-0.875333768034855,-0.857090259508631,-0.916194551203974
1.45766666666667,-0.858628744413729,-0.880382201629106,-0.8619987256475,-0.921650376049732
1.458,-0.863536172788364,-0.88547238312791,-0.866947530730598,-0.927153061202907
1.45833333333333,-0.868483879394463,-0.890604753007961,-0.871937097939051,-0.932703124004569
1.45866666666667,-0.873472286602002,-0.895779757338741,-0.876967855799363,-0.938301088727172
1.459,-0.87850182212038,-0.900997847864618,-0.882040238261493,-0.943947486683015
1.45933333333333,-0.883572919076592,-0.906259482088222,-0.887154684778185,-0.949642856334543
1.45966666666667,-0.888686016094749,-0.911565123355329,-0.892311640385704,-0.955387743406737
1.46,-0.893841557376851,-0.916915240940997,-0.89751155578576,-0.961182701001383
1.46033333333333,-0.899039992784912,-0.92231031013725,-0.902754887428891,-0.967028289713475
1.46066666666667,-0.90428177792447,-0.927750812342141,-0.908042097599169,-0.972925077749673
1.461,-0.909567374229452,-0.933237235150332,-0.913373654500341,-0.978873641048883
1.46133333333333,-0.914897249048445,-0.938770072445133,-0.918750032343325,-0.98487456340499
1.46166666666667,-0.920271875732437,-0.94434982449214,-0.924171711435258,-0.990928436591839
1.462,-0.925691733724002,-0.949976998034378,-0.929639178269941,-0.997035860490468
1.46233333333333,-0.931157308647948,-0.955652106389043,-0.935152925619812,-1.00319744321859
1.46266666666667,-0.936669092403522,-0.961375669545891,-0.940713452629472,-1.0094138012625
1.463,-0.942227583258143,-0.967148214267243,-0.946321264910744,-1.01568555961133
1.46333333333333,-0.94783328594269,-0.972970274189661,-0.951976874639303,-1.02201335189373
1.46366666666667,-0.953486711748418,-0.978842389927368,-0.957680800652992,-1.02839782051711
1.464,-0.959188378625499,-0.984765109177404,-0.963433568551717,-1.03483961680937
1.46433333333333,-0.9649388112832,-0.990738986826476,-0.969235710799025,-1.04133940116321
1.46466666666667,-0.970738541291774,-0.996764585059734,-0.975087766825426,-1.04789784318318
1.465,-0.976588107186086,-1.0028424734713,-0.980990283133427,-1.05451562183531
1.46533333333333,-0.982488054570949,-1.00897322917666,-0.986943813404332,-1.06119342559958
1.46566666666667,-0.988438936228305,-1.01515743692706,-0.992948918606865,-1.06793195262521
1.466,-0.99444131222618,-1.02139568922569,-0.999006167107609,-1.07473191088871
1.46633333333333,-1.0004957500295,-1.02768858644598,-1.00511613478331,-1.08159401835505
1.46666666666667,-1.00660282461282,-1.03403673695185,-1.01127940513514,-1.08851900314163
1.467,-1.01276311857498,-1.04044075722,-1.01749656940479,-1.09550760368541
1.46733333333333,-1.01897722225564,-1.04690127196431,-1.02376822669267,-1.10256056891314
1.46766666666667,-1.02524573385394,-1.05341891426236,-1.03009498407801,-1.10967865841473
1.468,-1.03156925954911,-1.05999432568414,-1.03647745674107,-1.11686264261995
1.46833333333333,-1.03794841362313,-1.06662815642288,-1.04291626808741,-1.1241133029783
1.46866666666667,-1.04438381858561,-1.07332106542826,-1.04941204987433,-1.13143143214243
1.469,-1.05087610530068,-1.08007372054182,-1.05596544233941,-1.13881783415489
1.46933333333333,-1.0574259131162,-1.08688679863467,-1.06257709433126,-1.14627332463843
1.46966666666667,-1.06403388999511,-1.09376098574772,-1.06924766344262,-1.15379873098994
1.47,-1.07070069264909,-1.10069697723417,-1.0759778161456,-1.16139489257806
1.47033333333333,-1.07742698667454,-1.10769547790455,-1.08276822792935,-1.16906266094442
1.47066666666667,-1.08421344669095,-1.11475720217428,-1.08961958344006,-1.1768029000089
1.471,-1.09106075648157,-1.12188287421372,-1.09653257662343,-1.18461648627867
1.47133333333333,-1.09796960913667,-1.12907322810091,-1.10350791086952,-1.19250430906123
1.47166666666667,-1.1049407071992,-1.13632900797692,-1.11054629916019,-1.2004672706816
1.472,-1.11197476281304,-1.1436509682039,-1.11764846421906,-1.20850628670358
1.47233333333333,-1.11907249787382,-1.15103987352593,-1.12481513866407,-1.21662228615534
1.47266666666667,-1.12623464418239,-1.1584964992326,-1.13204706516269,-1.22481621175928
1.473,-1.13346194360102,-1.16602163132555,-1.13934499658992,-1.23308902016644
1.47333333333333,-1.14075514821225,-1.17361606668786,-1.14670969618888,-1.24144168219525
1.47366666666667,-1.14811502048068,-1.18128061325641,-1.15414193773434,-1.24987518307511
1.474,-1.15554233341747,-1.18901609019734,-1.1616425056991,-1.25839052269455
1.47433333333333,-1.16303787074781,-1.19682332808445,-1.1692121954232,-1.26698871585428
1.47466666666667,-1.17060242708139,-1.20470316908093,-1.1768518132862,-1.27567079252519
1.475,-1.17823680808582,-1.21265646712416,-1.18456217688239,-1.28443779811129
1.47533333333333,-1.18594183066314,-1.22068408811376,-1.19234411519919,-1.29329079371791
1.47566666666667,-1.19371832312948,-1.22878691010312,-1.20019846879856,-1.30223085642508
1.476,-1.20156712539798,-1.23696582349411,-1.20812609000176,-1.31125907956631
1.47633333333333,-1.20948908916478,-1.24522173123542,-1.21612784307722,-1.32037657301282
1.47666666666667,-1.21748507809855,-1.25355554902431,-1.22420460443183,-1.32958446346347
1.477,-1.22555596803329,-1.26196820551201,-1.23235726280564,-1.33888389474029
1.47733333333333,-1.23370264716456,-1.27046064251271,-1.24058671946987,-1.34827602808993
1.47766666666667,-1.2419260162493,-1.27903381521638,-1.24889388842862,-1.35776204249112
1.478,-1.25022698880917,-1.28768869240524,-1.25727969662399,-1.36734313496816
1.47833333333333,-1.25860649133762,-1.29642625667423,-1.265745084145,-1.37702052091072
1.47866666666667,-1.26706546351057,-1.30524750465535,-1.27429100444012,-1.38679543439998
1.479,-1.27560485840103,-1.31415344724608,-1.28291842453368,-1.39666912854136
1.47933333333333,-1.28422564269748,-1.32314510984175,-1.29162832524606,-1.40664287580381
1.47966666666667,-1.29292879692621,-1.33222353257231,-1.30042170141785,-1.41671796836597
1.48,-1.30171531567781,-1.34138977054314,-1.30929956213813,-1.42689571846938
1.48033333333333,-1.31058620783754,-1.35064489408031,-1.31826293097659,-1.43717745877858
1.48066666666667,-1.3195424968201,-1.35998998898027,-1.32731284622015,-1.44756454274878
1.481,-1.32858522080856,-1.36942615676395,-1.3364503611135,-1.45805834500067
1.48133333333333,-1.33771543299759,-1.37895451493554,-1.34567654410425,-1.4686602617031
1.48166666666667,-1.34693420184127,-1.38857619724587,-1.35499247909226,-1.47937171096332
1.482,-1.3562426113053,-1.3982923539607,-1.36439926568368,-1.49019413322533
1.48233333333333,-1.36564176112382,-1.40810415213364,-1.37389801944939,-1.50112899167619
1.48266666666667,-1.37513276706103,-1.41801277588425,-1.38348987218825,-1.51217777266081
1.483,-1.38471676117752,-1.42801942668108,-1.39317597219505,-1.52334198610514
1.48333333333333,-1.39439489210146,-1.43812532362981,-1.40295748453329,-1.53462316594796
1.48366666666667,-1.40416832530489,-1.44833170376677,-1.41283559131299,-1.54602287058179
1.484,-1.41403824338496,-1.45863982235767,-1.4228114919735,-1.55754268330258
1.48433333333333,-1.42400584635044,-1.46905095320193,-1.43288640357138,-1.56918421276896
1.48466666666667,-1.43407235191346,-1.47956638894232,-1.44306156107365,-1.58094909347076
1.485,-1.44423899578672,-1.49018744138058,-1.45333821765631,-1.59283898620741
1.48533333333333,-1.45450703198602,-1.50091544179855,-1.46371764500828,-1.60485557857616
1.48566666666667,-1.46487773313864,-1.51175174128529,-1.47420113364094,-1.61700058547052
1.486,-1.4753523907972,-1.52269771107024,-1.48478999320333,-1.62927574958903
1.48633333333333,-1.48593231575947,-1.53375474286232,-1.495485552803,-1.6416828419547
1.48666666666667,-1.49661883839414,-1.54492424919552,-1.50628916133294,-1.65422366244535
1.487,-1.50741330897256,-1.55620766378057,-1.5172021878043,-1.66690004033493
1.48733333333333,-1.51831709800669,-1.56760644186327,-1.52822602168532,-1.67971383484636
1.48766666666667,-1.52933159659341,-1.57912206058931,-1.53936207324646,-1.69266693571593
1.488,-1.5404582167652,-1.59075601937591,-1.55061177391189,-1.7057612637696
1.48833333333333,-1.55169839184735,-1.60250984029015,-1.56197657661735,-1.71899877151144
1.48866666666667,-1.56305357682192,-1.61438506843453,-1.57345795617478,-1.73238144372465
1.489,-1.57452524869849,-1.62638327233939,-1.58505740964347,-1.74591129808512
1.48933333333333,-1.58611490689178,-1.63850604436272,-1.59677645670816,-1.75959038578818
1.48966666666667,-1.59782407360654,-1.65075500109742,-1.60861664006412,-1.77342079218867
1.49,-1.60965429422948,-1.66313178378592,-1.6205795258093,-1.78740463745456
1.49033333333333,-1.62160713772868,-1.67563805874267,-1.63266670384375,-1.8015440772346
1.49066666666667,-1.63368419706048,-1.68827551778429,-1.6448797882764,-1.81584130334024
1.491,-1.64588708958405,-1.70104587866788,-1.65722041783942,-1.83029854444217
1.49133333333333,-1.65821745748376,-1.71395088553723,-1.66969025631019,-1.84491806678179
1.49166666666667,-1.6706769681996,-1.72699230937757,-1.68229099294113,-1.85970217489801
1.492,-1.68326731486558,-1.74017194847856,-1.69502434289751,-1.87465321236972
1.49233333333333,-1.69599021675656,-1.75349162890593,-1.7078920477033,-1.88977356257415
1.49266666666667,-1.7088474197435,-1.76695320498205,-1.72089587569541,-1.90506564946193
1.493,-1.72184069675732,-1.78055855977515,-1.73403762248631,-1.92053193834854
1.49333333333333,-1.73497184826151,-1.79430960559788,-1.74731911143519,-1.93617493672324
1.49366666666667,-1.74824270273379,-1.80820828451503,-1.76074219412798,-1.95199719507545
1.494,-1.76165511715691,-1.82225656886076,-1.77430875086627,-1.96800130773915
1.49433333333333,-1.77521097751864,-1.83645646176533,-1.7880206911652,-1.98418991375557
1.49466666666667,-1.78891219932149,-1.85080999769184,-1.80187995426087,-2.00056569775496
1.495,-1.80276072810191,-1.86531924298284,-1.81588850962691,-2.01713139085738
1.49533333333333,-1.81675853995947,-1.87998629641701,-1.83004835750083,-2.0338897715934
1.49566666666667,-1.83090764209618,-1.89481328977649,-1.84436152942021,-2.05084366684494
1.496,-1.84521007336596,-1.9098023884245,-1.85883008876872,-2.06799595280673
1.49633333333333,-1.85966790483463,-1.92495579189386,-1.87345613133245,-2.085349555969
1.49666666666667,-1.87428324035064,-1.9402757344864,-1.88824178586652,-2.10290745412181
1.497,-1.8890582171266,-1.95576448588358,-1.90318921467229,-2.12067267738151
1.49733333333333,-1.90399500633196,-1.97142435176837,-1.91830061418528,-2.13864830923984
1.49766666666667,-1.91909581369697,-1.98725767445885,-1.93357821557411,-2.1568374876364
1.498,-1.93436288012822,-2.00326683355339,-1.94902428535049,-2.17524340605468
1.49833333333333,-1.94979848233584,-2.01945424658795,-1.96464112599065,-2.19386931464252
1.49866666666667,-1.96540493347279,-2.03582236970558,-1.98043107656831,-2.21271852135748
1.499,-1.98118458378632,-2.05237369833825,-1.99639651339942,-2.23179439313759
1.49933333333333,-1.99713982128173,-2.06911076790135,-2.01253985069882,-2.25110035709816
1.49966666666667,-2.01327307239906,-2.0860361545011,-2.02886354124928,-2.27063990175538
1.5,-2.02958680270254,-2.103152475655,-2.04537007708281,-2.29041657827713
1.50033333333333,-2.04608351758311,-2.12046239102552,-2.0620619901746,-2.31043400176166
1.50066666666667,-2.06276576297455,-2.13796860316747,-2.07894185314998,-2.330695852545
1.501,-2.07963612608318,-2.15567385828911,-2.0960122800044,-2.35120587753757
1.50133333333333,-2.09669723613133,-2.17358094702704,-2.11327592683662,-2.37196789159058
1.50166666666667,-2.11395176511516,-2.19169270523561,-2.1307354925956,-2.39298577889318
1.502,-2.13140242857689,-2.21001201479075,-2.14839371984129,-2.41426349440109
1.50233333333333,-2.14905198639151,-2.22854180440825,-2.16625339551904,-2.43580506529684
1.50266666666667,-2.16690324356869,-2.24728505047736,-2.18431735174884,-2.45761459248328
1.503,-2.18495905106979,-2.26624477790929,-2.20258846662857,-2.47969625211032
1.50333333333333,-2.20322230664024,-2.28542406100116,-2.22106966505223,-2.50205429713604
1.50366666666667,-2.22169595565793,-2.30482602431578,-2.23976391954321,-2.52469305892295
1.504,-2.24038299199747,-2.32445384357714,-2.25867425110269,-2.54761694887015
1.50433333333333,-2.2592864589107,-2.34431074658208,-2.27780373007352,-2.57083046008199
1.50466666666667,-2.27840944992394,-2.36440001412836,-2.29715547701987,-2.59433816907446
1.505,-2.29775510975207,-2.38472498095937,-2.31673266362294,-2.61814473751991
1.50533333333333,-2.3173266352296,-2.40528903672547,-2.33653851359263,-2.64225491403074
1.50566666666667,-2.33712727625945,-2.42609562696273,-2.35657630359603,-2.6666735359836
1.506,-2.35716033677916,-2.44714825408864,-2.37684936420232,-2.69140553138409
1.50633333333333,-2.37742917574519,-2.46845047841543,-2.39736108084475,-2.71645592077355
1.50666666666667,-2.39793720813562,-2.49000591918124,-2.41811489479986,-2.74182981917865
1.507,-2.41868790597124,-2.51181825559914,-2.43911430418414,-2.76753243810454
1.50733333333333,-2.43968479935542,-2.53389122792417,-2.46036286496815,-2.79356908757253
1.50766666666667,-2.46093147753328,-2.55622863853893,-2.48186419200889,-2.81994517820349
1.508,-2.48243158997014,-2.57883435305769,-2.5036219601001,-2.84666622334779
1.50833333333333,-2.50418884744953,-2.60171230144901,-2.52563990504094,-2.87373784126233
1.50866666666667,-2.52620702319127,-2.62486647917752,-2.54792182472333,-2.90116575733648
1.509,-2.54848995398956,-2.64830094836453,-2.57047158023807,-2.92895580636701
1.50933333333333,-2.5710415413716,-2.67201983896794,-2.59329309699986,-2.9571139348836
1.50966666666667,-2.59386575277682,-2.69602734998149,-2.61639036589176,-2.98564620352567
1.51,-2.61696662275709,-2.72032775065341,-2.63976744442883,-3.01455878947163
1.51033333333333,-2.64034825419787,-2.74492538172453,-2.66342845794136,-3.04385798892116
1.51066666666667,-2.66401481956093,-2.7698246566862,-2.68737760077805,-3.07355021963225
1.511,-2.68797056214855,-2.79503006305779,-2.71161913752883,-3.10364202351321
1.51133333333333,-2.7122197973893,-2.82054616368372,-2.73615740426784,-3.13414006927099
1.51166666666667,-2.73676691414598,-2.84637759805055,-2.76099680981659,-3.16505115511687
1.512,-2.76161637604546,-2.87252908362351,-2.78614183702732,-3.19638221153028
1.51233333333333,-2.78677272283065,-2.89900541720257,-2.81159704408661,-3.22814030408141
1.51266666666667,-2.81224057173512,-2.92581147629849,-2.8373670658397,-3.26033263631454
1.513,-2.83802461887973,-2.95295222052778,-2.86345661513491,-3.29296655269162
1.51333333333333,-2.86412964069189,-2.98043269302721,-2.88987048418869,-3.32604954159794
1.51366666666667,-2.89056049534737,-3.0082580218872,-2.91661354597101,-3.35958923841031
1.514,-2.91732212423466,-3.03643342160429,-2.94369075561143,-3.39359342862899
1.51433333333333,-2.94441955344146,-3.0649641945515,-2.97110715182488,-3.428070051073
1.51466666666667,-2.97185789526404,-3.09385573246739,-2.99886785835826,-3.46302720114115
1.515,-2.99964234973852,-3.12311351796234,-3.02697808545662,-3.49847313413791
1.51533333333333,-3.02777820619427,-3.15274312604206,-3.05544313134922,-3.53441626866548
1.51566666666667,-3.05627084482943,-3.18275022564779,-3.08426838375524,-3.57086519008254
1.516,-3.08512573830789,-3.21314058121234,-3.11345932140865,-3.60782865402979
1.51633333333333,-3.11434845337738,-3.24392005423098,-3.1430215156017,-3.64531559002257
1.51666666666667,-3.14394465250884,-3.27509460484716,-3.17296063174724,-3.68333510511132
1.517,-3.17392009555578,-3.30667029345105,-3.20328243095845,-3.72189648760912
1.51733333333333,-3.20428064143363,-3.33865328229062,-3.23399277164614,-3.76100921088689
1.51766666666667,-3.2350322498185,-3.3710498370939,-3.26509761113275,-3.80068293723609
1.518,-3.26618098286397,-3.40386632870075,-3.29660300728194,-3.8409275217979
1.51833333333333,-3.29773300693572,-3.43710923470304,-3.32851512014321,-3.88175301655897
1.51866666666667,-3.32969459436291,-3.47078514109165,-3.36084021361085,-3.92316967441292
1.519,-3.36207212520498,-3.50490074390837,-3.3935846570957,-3.96518795328652
1.51933333333333,-3.3948720890327,-3.53946285090039,-3.42675492720825,-4.00781852032893
1.51966666666667,-3.42810108672269,-3.57447838317636,-3.46035760945306,-4.05107225616382
1.52,-3.46176583226273,-3.60995437685991,-3.49439939993104,-4.0949602592007
1.52033333333333,-3.49587315456761,-3.64589798473982,-3.5288871070499,-4.13949385000538
1.52066666666667,-3.53042999930257,-3.68231647791285,-3.56382765323972,-4.18468457572592
1.521,-3.56544343071263,-3.71921724741642,-3.59922807667183,-4.23054421457126
1.52133333333333,-3.60092063345559,-3.75660780584776,-3.63509553297924,-4.27708478033996
1.52166666666667,-3.63686891443636,-3.79449578896616,-3.67143729697595,-4.32431852699509
1.522,-3.67329570463938,-3.83288895727358,-3.70826076437231,-4.3722579532809
1.52233333333333,-3.71020856095645,-3.87179519756978,-3.74557345348374,-4.42091580737647
1.52266666666667,-3.74761516800682,-3.91122252447715,-3.78338300692981,-4.47030509158183
1.523,-3.78552333994526,-3.95117908192958,-3.8216971933197,-4.52043906702933
1.52333333333333,-3.82394102225487,-3.99167314462032,-3.86052390892083,-4.57133125841475
1.52366666666667,-3.86287629351991,-4.03271311940238,-3.89987117930623,-4.6229954587401
1.524,-3.90233736717377,-4.07430754663463,-3.93974716097619,-4.67544573405983
1.52433333333333,-3.942332593217,-4.11646510146647,-3.98016014294903,-4.72869642822118
1.52466666666667,-3.98287045990023,-4.15919459505377,-4.02111854831655,-4.78276216758931
1.525,-4.023959595365,-4.20250497569669,-4.06263093575727,-4.83765786574471
1.52533333333333,-4.06560876923627,-4.24640532989055,-4.10470600100173,-4.89339872814111
1.52566666666667,-4.10782689415958,-4.29090488328022,-4.1473525782433,-4.95000025671064
1.526,-4.15062302727414,-4.33601300150635,-4.19057964148623,-5.00747825439977
1.52633333333333,-4.1940063716142,-4.38173919093256,-4.23439630582379,-5.06584882962106
1.52666666666667,-4.23798627742885,-4.4280930992408,-4.27881182863743,-5.12512840060146
1.527,-4.28257224341008,-4.47508451588072,-4.32383561070721,-5.18533369960744
1.52733333333333,-4.32777391781832,-4.52272337235891,-4.36947719722363,-5.24648177702488
1.52766666666667,-4.37360109949367,-4.5710197423521,-4.41574627868992,-5.30859000527032
1.528,-4.42006373873995,-4.61998384162684,-4.4626526917024,-5.37167608250699
1.52833333333333,-4.46717193806695,-4.66962602774695,-4.51020641959586,-5.43575803613634
1.52866666666667,-4.51493595277732,-4.71995679954982,-4.5584175929409,-5.50085422603552
1.529,-4.56336619137999,-4.77098679636841,-4.60729648987645,-5.5669833475045
1.52933333333333,-4.61247321581423,-4.82272679697734,-4.65685353626279,-5.63416443388762
1.52966666666667,-4.66226774146404,-4.87518771823695,-4.70709930563612,-5.70241685882797
1.53,-4.71276063694312,-4.92838061340887,-4.7580445189462,-5.77176033811054
1.53033333333333,-4.76396292362772,-4.98231667011376,-4.80970004405612,-5.84221493104646
1.53066666666667,-4.81588577491417,-5.0370072079007,-4.86207689498225,-5.91380104134619
1.531,-4.86854051517464,-5.09246367539401,-4.91518623085034,-5.98653941742509
1.53133333333333,-4.92193861838339,-5.14869764698121,-4.96903935454108,-6.06045115207851
1.53166666666667,-4.9760917063845,-5.2057208190046,-5.02364771099894,-6.13555768146217
1.532,-5.03101154676723,-5.26354500541302,-5.07902288517214,-6.21188078330241
1.53233333333333,-5.0867100503161,-5.32218213283055,-5.13517659955301,-6.28944257425993
1.53266666666667,-5.14319926799697,-5.3816442349933,-5.19212071128316,-6.36826550636084
1.533,-5.20049138743995,-5.44194344650318,-5.24986720878602,-6.44837236240311
1.53333333333333,-5.25859872887496,-5.50309199584268,-5.30842820788587,-6.52978625023781
1.53366666666667,-5.31753374047527,-5.5651021975929,-5.36781594737137,-6.61253059581918
1.534,-5.37730899305732,-5.62798644378978,-5.42804278395511,-6.69662913490415
1.53433333333333,-5.43793717408502,-5.69175719435191,-5.48912118658015,-6.78210590327716
1.53466666666667,-5.49943108092074,-5.75642696650689,-5.55106373001946,-6.8689852253636
1.535,-5.5618036132612,-5.82200832313833,-5.61388308770981,-6.95729170108371
1.53533333333333,-5.62506776469366,-5.88851385997143,-5.67759202375885,-7.04705019079019
1.53566666666667,-5.68923661330141,-5.95595619150825,-5.74220338405834,-7.13828579811762
1.536,-5.75432331124325,-6.02434793561794,-5.80773008643156,-7.23102385055889
1.53633333333333,-5.8203410732273,-6.09370169668215,-5.8741851097395,-7.32528987757185
1.53666666666667,-5.88730316379307,-6.16403004718851,-5.94158148186303,-7.42110958600224
1.537,-5.95522288331027,-6.23534550765802,-6.00993226647367,-7.51850883259363
1.53733333333333,-6.02411355259651,-6.30766052478522,-6.07925054849864,-7.61751359333803
1.53766666666667,-6.09398849605151,-6.38098744766446,-6.14954941818146,-7.71814992940471
1.538,-6.16486102319498,-6.45533850196362,-6.22084195362864,-7.82044394936083
1.53833333333333,-6.23674440849316,-6.53072576190379,-6.29314120173047,-7.92442176738392
1.53866666666667,-6.30965186934826,-6.60716111989148,-6.36646015733322,-8.03010945713992
1.539,-6.38359654211866,-6.68465625364269,-6.44081174053251,-8.13753300097926
1.53933333333333,-6.45859145603036,-6.76322259062966,-6.51620877195043,-8.2467182340815
1.53966666666667,-6.53464950483239,-6.84287126967271,-6.59266394584983,-8.35769078315374
1.54,-6.61178341603936,-6.92361309948948,-6.67018980092941,-8.47047599926085
1.54033333333333,-6.69000571759695,-7.00545851400536,-6.74879868863412,-8.58509888434037
1.54066666666667,-6.76932870179863,-7.0884175242216,-6.82850273880709,-8.70158401092846
1.541,-6.84976438626966,-7.17249966642521,-6.90931382249565,-8.81995543459028
1.54133333333333,-6.93132447183141,-7.25771394652078,-6.9912435117185,-8.94023659852536
1.54166666666667,-7.01402029704452,-7.34406878025193,-7.07430303598548,-9.06245022978262
1.542,-7.0978627892256,-7.4315719290751,-7.15850323535422,-9.18661822649334
1.54233333333333,-7.1828624117207,-7.52023043143985,-7.2438545097948,-9.31276153549831
1.54266666666667,-7.26902910721401,-7.61005052922504,-7.33036676462419,-9.44090001971702
1.543,-7.35637223683987,-7.70103758907366,-7.41804935176011,-9.57105231457502
1.54333333333333,-7.44490051486073,-7.79319601836508,-7.50691100653226,-9.70323567277756
1.54366666666667,-7.53462193867011,-7.88652917556399,-7.59695977978264,-9.83746579669407
1.544,-7.62554371386903,-7.98103927467974,-7.68820296496979,-9.97375665758622
1.54433333333333,-7.71767217416807,-8.07672728357764,-7.78064701998988,-10.1121203008988
1.54466666666667,-7.81101269585897,-8.17359281588276,-7.87429748341298,-10.2525666368065
1.545,-7.90556960660311,-8.27163401622734,-7.96915888482949,-10.3951032152031
1.54533333333333,-8.00134608828388,-8.37084743860184,-8.06523464899255,-10.5397349843035
1.54566666666667,-8.09834407367692,-8.4712279175868,-8.16252699344233,-10.6864640320387
1.546,-8.19656413669642,-8.57276843225877,-8.26103681929104,-10.8352893094215
1.54633333333333,-8.29600537598677,-8.6754599625894,-8.36076359485046,-10.9862063350811
1.54666666666667,-8.39666529164652,-8.77929133818855,-8.46170523178927,-11.1392068801999
1.547,-8.49853965488252,-8.88424907927354,-8.56385795350862,-11.2942786331156
1.54733333333333,-8.60162237042322,-8.99031722979602,-8.66721615544161,-11.4514048429224
1.54766666666667,-8.70590533154332,-9.09747718270574,-8.77177225699518,-11.6105639414756
1.548,-8.81137826758544,-9.20570749738869,-8.87751654487283,-11.7717291432958
1.54833333333333,-8.91802858390869,-9.31498370939118,-8.98443700754778,-11.9348680229986
1.54866666666667,-9.02584119423784,-9.42527813261594,-9.09251916068854,-12.0999420700114
1.549,-9.1347983454429,-9.53655965426918,-9.20174586338225,-12.2669062205186
1.54933333333333,-9.24487943484069,-9.64879352293787,-9.31209712505245,-12.4357083667761
1.54966666666667,-9.35606082018573,-9.76194113029456,-9.42354990303358,-12.6062888441871
1.55,-9.46831562259139,-9.87595978704863,-9.53607789083155,-12.7785798967949
1.55033333333333,-9.58161352272165,-9.99080249391245,-9.64965129719374,-12.9525051221814
1.55066666666667,-9.69592055068895,-10.1064177085016,-9.76423661620656,-13.1279788971173
1.551,-9.81119887020751,-10.2227491092614,-9.87979638875515,-13.3049057857225
1.55133333333333,-9.92740655767583,-10.3397353577003,-9.99628895581436,-13.4831799323588
1.55166666666667,-10.0444973769949,-10.4573098604115,-10.113668204188,-13.6626844419921
1.552,-10.1624205510745,-10.5754005325823,-10.231883305484,-13.8432907513335
1.55233333333333,-10.2811205311371,-10.6939295649222,-10.3508784493022,-14.0248579946981
1.55266666666667,-10.4005367650996,-10.8128131961929,-10.4705925718291,-14.2072323692187
1.553,-10.5206034664852,-10.9319614937757,-10.5909590812607,-14.3902465048012
1.55333333333333,-10.6412493855161,-11.0512781449934,-10.7119055817444,-14.5737188450424
1.55366666666667,-10.762397584228,-11.1706602621806,-10.8333535978097,-14.7574530462258
1.554,-10.8839652176581,-11.2899982047886,-10.9552183015668,-14.9412374024797
1.55433333333333,-11.0058633233697,-11.4091754221059,-11.0774082452911,-15.1248443062424
1.55466666666667,-11.1279966217994,-11.5280683204712,-11.1998251023688,-15.3080297543141
1.555,-11.2502633301316,-11.6465461591465,-11.3223634199575,-15.490532911006
1.55533333333333,-11.3725549926307,-11.764470979297,-11.4449103871227,-15.6720757412213
1.55566666666667,-11.4947563305914,-11.8816975707961,-11.5673456226286,-15.8523627277394
1.556,-11.6167451152804,-11.9980734818046,-11.6895409869902,-16.0310806884929
1.55633333333333,-11.738392067468,-12.1134390762888,-11.8113604238376,-16.2078987112694
1.55666666666667,-11.8595607873503,-12.2276276447979,-11.9326598360733,-16.3824682249795
1.557,-11.9801077188606,-12.3404655739287,-12.0532870027325,-16.5544232284146
1.55733333333333,-12.0998821525476,-12.4517725799387,-12.173081542854,-16.7233806992132
1.55766666666667,-12.2187262713596,-12.5613620119191,-12.2918749330381,-16.8889412075002
1.558,-12.3364752438025,-12.6690412297757,-12.4094905856663,-17.05068976024
1.55833333333333,-12.452957369044,-12.7746120619973,-12.525743995002,-17.2081969036337
1.55866666666667,-12.5679942785969,-12.8778713477607,-12.6404429585172,-17.3610201116652
1.559,-12.6814011992231,-12.9786115673452,-12.7533878808088,-17.508705488939
1.55933333333333,-12.7929872816576,-13.0766215640618,-12.864372167326,-17.6507898149434
1.55966666666667,-12.9025559996278,-13.1716873599379,-12.9731827148158,-17.786802954472
1.56,-13.0099056234362,-13.2635930662162,-13.0796005048592,-17.916270654762
1.56033333333333,-13.1148297720664,-13.3521218883201,-13.1834013061046,-18.0387177436025
1.56066666666667,-13.2171180473376,-13.4370572232941,-13.2843564897649,-18.1536717338603
1.561,-13.3165567530507,-13.518183845862,-13.3822339616029,-18.2606668283255
1.56133333333333,-13.4129297013315,-13.5952891771578,-13.4767992119846,-18.3592483044076
1.56166666666667,-13.5060191074472,-13.6681646279186,-13.5678164836048,-18.4489772411081
1.562,-13.5956065732307,-13.7366070055062,-13.6550500541811,-18.5294355312767
1.56233333333333,-13.6814741578975,-13.8004199716265,-13.7382656288119,-18.6002311011659
1.56266666666667,-13.763405533446,-13.8594155350919,-13.8172318338011,-18.6610032378059
1.563,-13.8411872200061,-13.9134155615337,-13.8917218006436,-18.7114279041715
1.56333333333333,-13.9146098944594,-13.9622532797038,-13.9615148256064,-18.7512229041822
1.56366666666667,-13.9834697634015,-14.005774762038,-14.0263980870272,-18.7801527461065
1.564,-14.0475699891128,-14.0438403555848,-14.0861683992004,-18.7980330456989
1.56433333333333,-14.1067221547016,-14.0763260383701,-14.1406339786749,-18.8047343109521
1.56466666666667,-14.1607477520572,-14.1031246758664,-14.1896161960883,-18.8001849597189
1.565,-14.2094796738036,-14.1241471525437,-14.2329512844639,-18.7843734400768
1.56533333333333,-14.252763688192,-14.1393233545943,-14.270491973371,-18.757349350727
1.56566666666667,-14.2904598739295,-14.148602981825,-14.3021090176068,-18.719223493684
1.566,-14.3224439904537,-14.1519561694461,-14.327692589254,-18.6701668319526
1.56633333333333,-14.3486087582495,-14.1493739039498,-14.3471535031521,-18.6104083681434
1.56666666666667,-14.3688650235859,-14.1408682214106,-14.3604242480592,-18.5402320030294
1.567,-14.3831427826199,-14.1264721811915,-14.3674597990451,-18.4599724728612
1.56733333333333,-14.3913920412384,-14.1062396130536,-14.3682381908875,-18.3700104981129
1.56766666666667,-14.3935834893077,-14.0802446408333,-14.3627608373147,-18.270767302082
1.568,-14.3897089711536,-14.0485809909799,-14.351052586676,-18.1626986740811
1.56833333333333,-14.3797817380318,-14.0113610991149,-14.3331615108011,-18.0462887583387
1.56866666666667,-14.3638364729467,-13.9687150322008,-14.3091584301933,-17.9220437465916
1.569,-14.3419290832777,-13.9207892477128,-14.2791361850097,-17.7904856407716
1.56933333333333,-14.3141362620682,-13.8677452142626,-14.2432086672674,-17.6521462338531
1.56966666666667,-14.2805548243142,-13.8097579203326,-14.2015096351127,-17.5075614337505
1.57,-14.2413008299136,-13.7470142990962,-14.1541913346178,-17.3572660292045
1.57033333333333,-14.1965085098879,-13.6797115977219,-14.1014229582286,-17.2017889697692
1.57066666666667,-14.1463290168533,-13.608055719126,-14.0433889716019,-17.0416492059684
1.571,-14.0909290243396,-13.5322595629362,-13.9802873420665,-16.8773521117476
1.57133333333333,-14.0304892022856,-13.4525413905483,-13.9123277023371,-16.7093864903823
1.57166666666667,-13.9652025978332,-13.3691232367524,-13.8397294824721,-16.5382221475926
1.572,-13.8952729513347,-13.2822293875825,-13.7627200414841,-16.3643080018984
1.57233333333333,-13.8209129773511,-13.1920849409781,-13.6815328276519,-16.1880706922069
1.57266666666667,-13.7423426393799,-13.0989144636416,-13.5964055935838,-16.0099136359207
1.573,-13.6597874452541,-13.0029407542804,-13.5075786886416,-15.8302164871285
1.57333333333333,-13.5734767877114,-12.9043837203317,-13.4152934476148,-15.6493349431731
1.57366666666667,-13.4836423517019,-12.8034593723603,-13.3197906906964,-15.4676008486081
1.574,-13.3905166067555,-12.7003789376905,-13.2213093460266,-15.285322547774
1.57433333333333,-13.2943313992864,-12.595348092487,-13.1200852024228,-15.1027854404916
1.57466666666667,-13.195316656258,-12.4885663095045,-13.0163497965515,-14.9202526993404
1.575,-13.0936992082468,-12.3802263170574,-12.910329435748,-14.7379661113151
1.57533333333333,-12.9897017367691,-12.2705136634441,-12.8022443550358,-14.556147011119
1.57566666666667,-12.8835418478192,-12.159606380045,-12.6923080046418,-14.374997277733
1.576,-12.7754312709904,-12.0476747356208,-12.5807264624622,-14.194700370104
1.57633333333333,-12.6655751813282,-11.9348810738844,-12.4676979644954,-14.0154223816843
1.57666666666667,-12.5541716392236,-11.8213797262163,-12.3534125451841,-13.8373130971071
1.577,-12.4414111421848,-11.7073169913874,-12.2380517788966,-13.6605070374667
1.57733333333333,-12.3274762812093,-11.5928311742962,-12.1217886133437,-13.4851244834576
1.57766666666667,-12.2125414937006,-11.4780526760211,-12.0047872855797,-13.3112724680704
1.578,-12.0967729043805,-11.3631041278622,-11.8872033112874,-13.1390457326073
1.57833333333333,-11.9803282454273,-11.2481005625115,-11.7691835382916,-12.9685276415562
1.57866666666667,-11.8633568470575,-11.1331496159842,-11.6508662556129,-12.7997910533175
1.579,-11.7459996899447,-11.0183517544868,-11.5323813498657,-12.6328991449999
1.57933333333333,-11.6283895111882,-10.9038005209328,-11.4138505013483,-12.4679061904854
1.57966666666667,-11.5106509559655,-10.7895827963598,-11.2953874127742,-12.3048582917479
1.58,-11.3929007675172,-10.6757790720306,-11.1770980642247,-12.1437940640415
1.58033333333333,-11.2752480086609,-10.5624637285025,-11.0590809885183,-11.9847452760475
1.58066666666667,-11.1577943086287,-10.4497053184281,-10.9414275618248,-11.8277374464327
1.581,-11.0406341296099,-10.337566850293,-10.8242223049369,-11.6727903985341
1.58133333333333,-10.9238550479815,-10.2261060707119,-10.7075431911937,-11.5199187750648
1.58166666666667,-10.8075380457796,-10.1153757432702,-10.5914619575714,-11.3691325148493
1.582,-10.6917578085159,-10.0054239222475,-10.47604441596,-11.2204372936581
1.58233333333333,-10.5765830259615,-9.89629421985758,-10.3613507620944,-11.073834931233
1.58266666666667,-10.4620766929993,-9.78802606590966,-10.2474358800196,-10.929323766571
1.583,-10.3482964080901,-9.6806549590414,-10.134349640343,-10.7868990035079
1.58333333333333,-10.2352946672958,-9.57421270887398,-10.0221371908543,-10.6465530285697
1.58366666666667,-10.1231191521719,-9.46872766863212,-9.91083923839246,-10.5082757030005
1.584,-10.0118130101546,-9.36422495791841,-9.80049232108841,-10.3720546307789
1.58433333333333,-9.90141512636609,-9.26072667547468,-9.69112907034576,-10.237875404361
1.58466666666667,-9.7919603860018,-9.15825210186908,-9.58277846210781,-10.1057218297804
1.585,-9.68347992669225,-9.05681789214831,-9.47546605713293,-9.97557613265603
1.58533333333333,-9.57600138041406,-8.9564382585701,-9.36921423013591,-9.84741914655418
1.58566666666667,-9.46954910469051,-8.85712514359585,-9.26404238777571,-9.72123048506402
1.586,-9.36414440296029,-8.75888838337737,-9.15996717556965,-9.59698869885798
1.58633333333333,-9.25980573410433,-8.66173586200859,-9.05700267389189,-9.47467141891572
1.58666666666667,-9.15654891122345,-8.56567365684979,-8.95516058328715,-9.35425548701649
1.587,-9.05438728982985,-8.47070617524876,-8.85445039937487,-9.23571707451558
1.58733333333333,-8.95333194568876,-8.37683628300647,-8.75487957766964,-9.11903179035779
1.58766666666667,-8.85339184258696,-8.28406542493809,-8.65645368866609,-9.00417477919868
1.588,-8.75457399035283,-8.19239373789202,-8.55917656356543,-8.89112081044854
1.58833333333333,-8.65688359347564,-8.10182015658596,-8.46305043103244,-8.77984435898484
1.58866666666667,-8.56032419069467,-8.01234251261912,-8.36807604538121,-8.67031967822506
1.589,-8.46489778594418,-7.92395762701493,-8.27425280659383,-8.56252086619764
1.58933333333333,-8.37060497104356,-7.83666139663885,-8.18157887257137,-8.45642192519523
1.58966666666667,-8.27744504053075,-7.75044887483146,-8.09005126401872,-8.35199681555521
1.59,-8.18541609902817,-7.66531434657986,-7.99966596235025,-8.24921950405894
1.59033333333333,-8.09451516153392,-7.58125139854718,-7.91041800100237,-8.14806400741287
1.59066666666667,-8.0047382470156,-7.49825298425936,-7.8223015505203,-8.04850443122717
1.591,-7.91608046568089,-7.41631148474297,-7.73530999778059,-7.95051500488136
1.59133333333333,-7.82853610028391,-7.33541876489029,-7.64943601969364,-7.85407011263085
1.59166666666667,-7.74209868181459,-7.25556622581584,-7.56467165171668,-7.7591443212791
1.592,-7.65676105990737,-7.17674485345777,-7.48100835149703,-7.66571240471712
1.59233333333333,-7.57251546828649,-7.09894526366033,-7.39843705794486,-7.57374936560167
1.59266666666667,-7.48935358555742,-7.02215774396629,-7.31694824602575,-7.48323045442712
1.593,-7.4072665916326,-6.94637229233003,-7.23653197754488,-7.39413118621916
1.59333333333333,-7.32624522007126,-6.87157865295609,-7.15717794818248,-7.30642735506468
1.59366666666667,-7.24627980659402,-6.79776634945084,-7.0788755310248,-7.22009504667005
1.594,-7.16736033402188,-6.72492471546767,-7.00161381682212,-7.13511064912658
1.59433333333333,-7.08947647387501,-6.65304292301456,-6.92538165119258,-7.05145086204758
1.59466666666667,-7.0126176248508,-6.58211000858003,-6.85016766897479,-6.96909270422314
1.595,-6.93677294839246,-6.51211489722861,-6.77596032592526,-6.88801351993329
1.59533333333333,-6.86193140154315,-6.44304642480371,-6.70274792793991,-6.80819098404295
1.59566666666667,-6.78808176726972,-6.37489335836777,-6.63051865797038,-6.72960310599329
1.596,-6.71521268243014,-6.30764441500297,-6.55926060079458,-6.65222823279522
1.59633333333333,-6.64331266354706,-6.24128827908689,-6.48896176579224,-6.57604505112213
1.59666666666667,-6.57237013053802,-6.17581361814817,-6.41961010786245,-6.50103258858723
1.597,-6.50237342854702,-6.11120909740424,-6.35119354661726,-6.42717021428911
1.59733333333333,-6.43331084800911,-6.04746339307358,-6.28369998397207,-6.35443763869739
1.59766666666667,-6.36517064307224,-5.98456520454845,-6.21711732024617,-6.28281491294569
1.598,-6.29794104849419,-5.92250326551125,-6.15143346888217,-6.21228242759448
1.59833333333333,-6.23161029512204,-5.86126635406937,-6.08663636988282,-6.14282091091969
1.59866666666667,-6.16616662405549,-5.80084330197894,-6.02271400205708,-6.07441142677774
1.599,-6.10159829958901,-5.74122300302365,-5.9596543941637,-6.00703537209483
1.59933333333333,-6.03789362102118,-5.68239442061087,-5.89744563503237,-5.9406744740233
1.59966666666667,-5.97504093341232,-5.62434659464048,-5.83607588273655,-5.87531078680304
1.6,-5.91302863736789,-5.56706864770148,-5.7755333728893,-5.81092668836503
1.60033333333333,-5.85184519791906,-5.51054979064504,-5.7158064261269,-5.74750487670857
1.60066666666667,-5.79147915256534,-5.45477932758006,-5.65688345483989,-5.68502836608193
1.601,-5.73191911854265,-5.39974666033453,-5.598752969209,-5.62348048299327
1.60133333333333,-5.67315379937388,-5.34544129242322,-5.54140358259837,-5.56284486207722
1.60166666666667,-5.61517199075441,-5.29185283255729,-5.48482401635367,-5.5031054418377
1.602,-5.55796258582332,-5.2389709977319,-5.42900310405149,-5.44424646028868
1.60233333333333,-5.50151457986665,-5.1867856159238,-5.37392979524232,-5.3862524505111
1.60266666666667,-5.44581707449429,-5.13528662842767,-5.31959315872473,-5.32910823614126
1.603,-5.39085928133212,-5.08446409186036,-5.26598238538867,-5.27279892680771
1.60333333333333,-5.33663052526557,-5.03430817985822,-5.21308679066111,-5.21730991352892
1.60366666666667,-5.28312024726872,-4.98480918449142,-5.1608958165848,-5.16262686408431
1.604,-5.23031800685206,-4.93595751741774,-5.10939903355997,-5.10873571837019
1.60433333333333,-5.17821348415797,-4.88774371079694,-5.05858614177589,-5.0556226837503
1.60466666666667,-5.12679648173119,-4.84015841798396,-5.00844697235668,-5.00327423041
1.605,-5.07605692599066,-4.79319241401976,-4.95897148824533,-4.95167708672198
1.60533333333333,-5.02598486842641,-4.74683659593616,-4.91014978484752,-4.90081823463165
1.60566666666667,-4.97657048654291,-4.70108198288971,-4.86197209045435,-4.85068490506724
1.606,-4.92780408457025,-4.65591971613923,-4.81442876646361,-4.80126457338176
1.60633333333333,-4.8796760939619,-4.61134105888042,-4.76751030741637,-4.75254495483119
1.60666666666667,-4.83217707369604,-4.5673373959493,-4.72120734086416,-4.70451400009332
1.607,-4.78529771039813,-4.52390023340653,-4.67551062708276,-4.65715989083203
1.60733333333333,-4.73902881829864,-4.48102119801291,-4.63041105864538,-4.61047103530972
1.60766666666667,-4.69336133904101,-4.43869203660578,-4.58589965986804,-4.56443606405138
1.608,-4.64828634135184,-4.39690461538541,-4.54196758613902,-4.51904382556264
1.60833333333333,-4.60379502058696,-4.35565091912066,-4.49860612314351,-4.4742833821048
1.60866666666667,-4.55987869816259,-4.31492305028003,-4.45580668599271,-4.43014400552754
1.609,-4.51652882088398,-4.27471322809721,-4.41356081826761,-4.38661517316249
1.60933333333333,-4.47373696017988,-4.23501378757667,-4.37186019098559,-4.34368656377777
1.60966666666667,-4.43149481125201,-4.19581717844575,-4.33069660149758,-4.30134805359514
1.61,-4.38979419214803,-4.15711596405926,-4.29006197232364,-4.25958971237071
1.61033333333333,-4.34862704276575,-4.11890282026172,-4.24994834993356,-4.21840179953981
1.61066666666667,-4.30798542379524,-4.08117053421222,-4.21034790347866,-4.17777476042634
1.611,-4.2678615156053,-4.04391200317613,-4.17125292348037,-4.1376992225169
1.61133333333333,-4.22824761708141,-4.00712023328884,-4.13265582048191,-4.09816599180061
1.61166666666667,-4.18913614441916,-3.97078833829391,-4.09454912366652,-4.05916604917328
1.612,-4.15051962987967,-3.9349095382607,-4.05692547944818,-4.02069054690707
1.61233333333333,-4.1123907205113,-3.89947715828397,-4.01977765003835,-3.98273080518513
1.61266666666667,-4.07474217684153,-3.86448462716849,-3.9830985119923,-3.94527830870016
1.613,-4.03756687154413,-3.82992547610187,-3.94688105473944,-3.90832470331751
1.61333333333333,-4.00085778808466,-3.79579333731802,-3.91111837910005,-3.87186179280195
1.61366666666667,-3.96460801934789,-3.76208194275354,-3.87580369579229,-3.83588153560733
1.614,-3.92881076625022,-3.72878512269912,-3.84093032393101,-3.80037604172862
1.61433333333333,-3.89345933634074,-3.69589680444863,-3.80649168952253,-3.76533756961622
1.61466666666667,-3.85854714239242,-3.66341101094676,-3.77248132395608,-3.73075852315089
1.615,-3.82406770098705,-3.63132185943767,-3.73889286249521,-3.69663144867918
1.61533333333333,-3.79001463109582,-3.59962356011607,-3.70572004277065,-3.66294903210878
1.61566666666667,-3.75638165265702,-3.56831041478165,-3.67295670327603,-3.62970409606187
1.616,-3.72316258515395,-3.53737681549888,-3.64059678186897,-3.59688959708707
1.61633333333333,-3.69035134619396,-3.50681724326295,-3.60863431427822,-3.56449862292807
1.61666666666667,-3.65794195009032,-3.47662626667291,-3.57706343261851,-3.53252438984847
1.617,-3.62592850644865,-3.446798540613,-3.54587836391419,-3.50096024001166
1.61733333333333,-3.5943052187593,-3.41732880494353,-3.51507342863321,-3.46979963891552
1.61766666666667,-3.5630663829963,-3.38821188320117,-3.48464303923163,-3.43903617287993
1.618,-3.53220638622488,-3.35944268131028,-3.4545816987102,-3.40866354658705
1.61833333333333,-3.50171970521779,-3.33101618630562,-3.42488399918385,-3.37867558067329
1.61866666666667,-3.47160090508187,-3.30292746506659,-3.395544620464,-3.34906620937147
1.619,-3.4418446378952,-3.27517166306431,-3.36655832865546,-3.31982947820299
1.61933333333333,-3.41244564135616,-3.24774400312146,-3.33791997476767,-3.29095954171872
1.61966666666667,-3.3833987374446,-3.2206397841853,-3.30962449334105,-3.26245066128748
1.62,-3.35469883109561,-3.19385438011442,-3.28166690108884,-3.23429720293156
1.62033333333333,-3.32634090888725,-3.16738323847965,-3.25404229555502,-3.20649363520839
1.62066666666667,-3.29832003774152,-3.14122187937895,-3.2267458537883,-3.17903452713696
1.621,-3.27063136363995,-3.11536589426684,-3.19977283103272,-3.15191454616848
1.62133333333333,-3.24327011035376,-3.08981094479879,-3.17311855943512,-3.12512845620074
1.62166666666667,-3.2162315781888,-3.06455276168991,-3.14677844676924,-3.09867111563418
1.622,-3.18951114274585,-3.03958714358907,-3.12074797517735,-3.07253747547004
1.62233333333333,-3.16310425369635,-3.01490995596789,-3.0950226999288,-3.04672257744898
1.62266666666667,-3.13700643357359,-2.99051713002492,-3.06959824819606,-3.02122155222959
1.623,-3.11121327657979,-2.96640466160487,-3.04447031784799,-2.9960296176057
1.62333333333333,-3.08572044740913,-2.94256861013329,-3.01963467626079,-2.97114207676222
1.62366666666667,-3.06052368008668,-2.91900509756632,-2.99508715914609,-2.946554316568
1.624,-3.03561877682329,-2.89571030735562,-2.97082366939658,-2.92226180590544
1.62433333333333,-3.01100160688695,-2.87268048342872,-2.94684017594915,-2.89826009403597
1.62466666666667,-2.98666810548977,-2.84991192918422,-2.92313271266503,-2.87454480900025
1.625,-2.96261427269148,-2.82740100650226,-2.8996973772275,-2.85111165605289
1.62533333333333,-2.93883617231884,-2.80514413476997,-2.87653033005662,-2.82795641613068
1.62566666666667,-2.91532993090114,-2.78313778992184,-2.85362779324101,-2.80507494435353
1.626,-2.89209173662161,-2.76137850349488,-2.83098604948657,-2.78246316855735
1.62633333333333,-2.86911783828506,-2.73986286169864,-2.80860144108215,-2.76011708785872
1.62666666666667,-2.84640454430088,-2.71858750449969,-2.78647036888174,-2.73803277124976
1.627,-2.82394822168233,-2.69754912472068,-2.76458929130329,-2.71620635622339
1.62733333333333,-2.80174529506107,-2.67674446715384,-2.74295472334397,-2.69463404742776
1.62766666666667,-2.77979224571741,-2.65617032768857,-2.72156323561148,-2.67331211534943
1.628,-2.75808561062586,-2.63582355245316,-2.70041145337152,-2.65223689502458
1.62833333333333,-2.73662198151607,-2.6157010369706,-2.67949605561123,-2.63140478477781
1.62866666666667,-2.71539800394884,-2.59579972532797,-2.6588137741182,-2.6108122449876
1.629,-2.69441037640697,-2.57611660935955,-2.63836139257489,-2.5904557968781
1.62933333333333,-2.67365584940122,-2.55664872784356,-2.61813574566871,-2.57033202133669
1.62966666666667,-2.65313122459066,-2.53739316571194,-2.59813371821692,-2.5504375577564
1.63,-2.63283335391765,-2.51834705327348,-2.57835224430653,-2.53076910290307
1.63033333333333,-2.61275913875722,-2.49950756544997,-2.55878830644913,-2.51132340980643
1.63066666666667,-2.59290552908041,-2.48087192102498,-2.53943893474998,-2.4920972866746
1.631,-2.57326952263176,-2.46243738190541,-2.52030120609161,-2.47308759583154
1.63133333333333,-2.5538481641206,-2.44420125239559,-2.50137224333156,-2.45429125267702
1.63166666666667,-2.53463854442592,-2.42616087848349,-2.48264921451399,-2.43570522466831
1.632,-2.51563779981465,-2.40831364713922,-2.46412933209498,-2.41732653032349
1.63233333333333,-2.49684311117333,-2.39065698562549,-2.44580985218149,-2.39915223824562
1.63266666666667,-2.47825170325275,-2.37318836081971,-2.42768807378353,-2.38117946616738
1.633,-2.45986084392556,-2.35590527854781,-2.40976133807944,-2.36340538001581
1.63333333333333,-2.44166784345662,-2.33880528292963,-2.39202702769427,-2.34582719299663
1.63366666666667,-2.42367005378573,-2.32188595573524,-2.37448256599055,-2.32844216469757
1.634,-2.40586486782288,-2.30514491575264,-2.35712541637185,-2.31124760021056
1.63433333333333,-2.38824971875565,-2.28857981816635,-2.33995308159858,-2.29424084927228
1.63466666666667,-2.37082207936845,-2.27218835394664,-2.32296310311584,-2.27741930542238
1.635,-2.35357946137366,-2.25596824924939,-2.30615306039319,-2.26078040517933
1.63533333333333,-2.3365194147544,-2.23991726482643,-2.28952057027626,-2.24432162723346
1.63566666666667,-2.31963952711868,-2.22403319544604,-2.27306328634972,-2.22804049165653
1.636,-2.30293742306479,-2.2083138693236,-2.2567788983117,-2.2119345591278
1.63633333333333,-2.28641076355788,-2.19275714756224,-2.24066513135938,-2.19600143017612
1.63666666666667,-2.27005724531726,-2.17736092360293,-2.22471974558538,-2.18023874443742
1.637,-2.25387460021453,-2.16212312268459,-2.20894053538506,-2.16464417992782
1.63733333333333,-2.23786059468227,-2.14704170131337,-2.19332532887438,-2.14921545233143
1.63766666666667,-2.22201302913303,-2.13211464674131,-2.17787198731816,-2.13395031430295
1.638,-2.20632973738854,-2.11733997645401,-2.16257840456844,-2.11884655478434
1.63833333333333,-2.19080858611901,-2.10271573766751,-2.14744250651315,-2.10390199833582
1.63866666666667,-2.17544747429216,-2.08824000683371,-2.13246225053437,-2.08911450448013
1.639,-2.16024433263209,-2.07391088915466,-2.11763562497645,-2.07448196706049
1.63933333333333,-2.14519712308763,-2.05972651810535,-2.10296064862369,-2.06000231361152
1.63966666666667,-2.13030383831,-2.04568505496476,-2.08843537018718,-2.0456735047429
1.64,-2.11556250113974,-2.03178468835521,-2.07405786780106,-2.03149353353556
1.64033333333333,-2.10097116410272,-2.01802363378996,-2.05982624852767,-2.01746042495022
1.64066666666667,-2.0865279089149,-2.00440013322837,-2.04573864787158,-2.00357223524768
1.641,-2.07223084599607,-1.99091245463935,-2.03179322930241,-1.98982705142105
1.64133333333333,-2.05807811399198,-1.9775588915721,-2.01798818378612,-1.97622299063924
1.64166666666667,-2.04406787930489,-1.96433776273457,-2.00432172932469,-1.96275819970172
1.642,-2.03019833563262,-1.95124741157931,-1.99079211050413,-1.94943085450424
1.64233333333333,-2.01646770351557,-1.9382862058966,-1.97739759805054,-1.93623915951528
1.64266666666667,-2.0028742298918,-1.92545253741466,-1.96413648839408,-1.92318134726292
1.643,-1.98941618765988,-1.91274482140696,-1.9510071032408,-1.910255677832
1.64333333333333,-1.97609187524974,-1.90016149630646,-1.93800778915217,-1.89746043837134
1.64366666666667,-1.96289961620067,-1.88770102332648,-1.92513691713198,-1.88479394261069
1.644,-1.94983775874721,-1.87536188608838,-1.91239288222085,-1.87225453038739
1.64433333333333,-1.93690467541206,-1.86314259025571,-1.89977410309781,-1.85984056718233
1.64466666666667,-1.92409876260629,-1.85104166317469,-1.88727902168905,-1.84755044366513
1.645,-1.91141844023656,-1.83905765352122,-1.87490610278367,-1.83538257524831
1.64533333333333,-1.89886215131942,-1.82718913095386,-1.86265383365637,-1.82333540165033
1.64566666666667,-1.88642836160216,-1.81543468577301,-1.8505207236967,-1.81140738646707
1.646,-1.87411555919054,-1.80379292858602,-1.83850530404501,-1.79959701675191
1.64633333333333,-1.86192225418311,-1.79226248997818,-1.82660612723501,-1.78790280260401
1.64666666666667,-1.84984697831174,-1.78084202018943,-1.81482176684243,-1.77632327676451
1.647,-1.83788828458878,-1.76953018879681,-1.80315081714018,-1.76485699422089
1.64733333333333,-1.82604474696019,-1.75832568440237,-1.79159189275952,-1.75350253181882
1.64766666666667,-1.81431495996493,-1.74722721432657,-1.78014362835725,-1.74225848788169
1.648,-1.80269753840022,-1.73623350430701,-1.76880467828885,-1.73112348183747
1.64833333333333,-1.79119111699282,-1.72534329820254,-1.75757371628745,-1.72009615385297
1.64866666666667,-1.77979435007596,-1.71455535770228,-1.74644943514837,-1.70917516447496
1.649,-1.76850591127199,-1.70386846203997,-1.73543054641941,-1.69835919427843
1.64933333333333,-1.75732449318062,-1.69328140771314,-1.72451578009648,-1.68764694352148
1.64966666666667,-1.74624880707258,-1.6827930082072,-1.71370388432471,-1.67703713180703
1.65,-1.73527758258871,-1.67240209372434,-1.70299362510481,-1.6665284977509
1.65033333333333,-1.72440956744425,-1.66210751091717,-1.69238378600458,-1.65611979865633
1.65066666666667,-1.71364352713828,-1.65190812262688,-1.68187316787558,-1.64580981019471
1.651,-1.70297824466839,-1.64180280762605,-1.6714605885747,-1.6355973260924
1.65133333333333,-1.69241252025017,-1.63179046036587,-1.66114488269076,-1.62548115782366
1.65166666666667,-1.68194517104167,-1.62186999072773,-1.6509249012758,-1.61546013430921
1.652,-1.67157503087263,-1.6120403237791,-1.6407995115811,-1.60553310162073
1.65233333333333,-1.66130094997854,-1.60230039953373,-1.63076759679798,-1.59569892269088
1.65266666666667,-1.6511217947391,-1.59264917271578,-1.62082805580291,-1.58595647702877
1.653,-1.64103644742147,-1.58308561252823,-1.61097980290732,-1.57630466044094
1.65333333333333,-1.63104380592787,-1.57360870242519,-1.60122176761162,-1.56674238475748
1.65366666666667,-1.62114278354752,-1.56421743988808,-1.59155289436357,-1.55726857756342
1.654,-1.61133230871296,-1.55491083620578,-1.5819721423209,-1.54788218193506
1.65433333333333,-1.60161132476059,-1.54568791625846,-1.57247848511811,-1.53858215618137
1.65466666666667,-1.59197878969529,-1.53654771830516,-1.56307091063715,-1.52936747359016
1.655,-1.58243367595913,-1.52748929377498,-1.55374842078229,-1.52023712217899
1.65533333333333,-1.57297497020419,-1.51851170706192,-1.54451003125886,-1.51119010445083
1.65566666666667,-1.56360167306909,-1.50961403532313,-1.53535477135569,-1.50222543715412
1.656,-1.55431279895957,-1.50079536828072,-1.52628168373159,-1.49334215104743
1.65633333333333,-1.54510737583273,-1.49205480802681,-1.5172898242052,-1.48453929066843
1.65666666666667,-1.53598444498501,-1.48339146883208,-1.50837826154879,-1.47581591410712
1.657,-1.52694306084383,-1.4748044769574,-1.49954607728538,-1.46717109278333
1.65733333333333,-1.51798229076281,-1.46629297046884,-1.49079236548956,-1.45860391122823
1.65766666666667,-1.50910121482049,-1.45785609905568,-1.48211623259157,-1.45011346686997
1.658,-1.50029892562244,-1.44949302385159,-1.47351679718487,-1.44169886982314
1.65833333333333,-1.49157452810692,-1.44120291725883,-1.46499318983697,-1.43335924268225
1.65866666666667,-1.48292713935363,-1.43298496277539,-1.45654455290354,-1.42509372031884
1.659,-1.47435588839593,-1.42483835482511,-1.44817004034568,-1.41690144968238
1.65933333333333,-1.46585991603615,-1.41676229859066,-1.43986881755031,-1.40878158960489
1.65966666666667,-1.45743837466408,-1.40875600984928,-1.4316400611537,-1.40073331060884
1.66,-1.44909042807849,-1.40081871481135,-1.42348295886792,-1.3927557947189
1.66033333333333,-1.44081525131185,-1.39294964996165,-1.41539670931036,-1.38484823527688
1.66066666666667,-1.43261203045778,-1.38514806190334,-1.40738052183604,-1.37700983676003
1.661,-1.4244799625016,-1.37741320720448,-1.39943361637288,-1.36923981460274
1.66133333333333,-1.41641825515375,-1.36974435224717,-1.3915552232597,-1.36153739502136
1.66166666666667,-1.40842612668586,-1.36214077307922,-1.38374458308702,-1.35390181484222
1.662,-1.40050280576983,-1.35460175526829,-1.37600094654048,-1.34633232133273
1.66233333333333,-1.39264753131942,-1.3471265937585,-1.36832357424707,-1.33882817203552
1.66266666666667,-1.38485955233457,-1.33971459272931,-1.36071173662371,-1.33138863460552
1.663,-1.37713812774841,-1.33236506545697,-1.35316471372867,-1.32401298664999
1.66333333333333,-1.36948252627676,-1.32507733417809,-1.34568179511528,-1.31670051557142
1.66366666666667,-1.36189202627017,-1.31785072995551,-1.33826227968822,-1.30945051841316
1.664,-1.35436591556843,-1.31068459254648,-1.33090547556214,-1.30226230170783
1.66433333333333,-1.34690349135759,-1.30357827027298,-1.3236106999228,-1.2951351813285
1.66466666666667,-1.33950406002927,-1.29653111989412,-1.31637727889034,-1.28806848234231
1.665,-1.33216693704235,-1.28954250648077,-1.309204547385,-1.28106153886692
1.66533333333333,-1.32489144678701,-1.28261180329218,-1.30209184899501,-1.27411369392931
1.66566666666667,-1.31767692245097,-1.27573839165464,-1.29503853584675,-1.26722429932711
1.666,-1.310522705888,-1.26892166084217,-1.28804396847693,-1.26039271549241
1.66633333333333,-1.3034281474886,-1.26216100795917,-1.28110751570713,-1.25361831135798
1.66666666666667,-1.29639260605279,-1.25545583782498,-1.2742285545202,-1.24690046422573
1.667,-1.28941544866507,-1.24880556286027,-1.26740646993883,-1.24023855963751
1.66733333333333,-1.28249605057139,-1.24220960297551,-1.26064065490616,-1.23363199124828
1.66766666666667,-1.27563379505817,-1.23566738546093,-1.25393051016826,-1.22708016070127
1.668,-1.26882807333337,-1.22917834487863,-1.24727544415864,-1.22058247750553
1.66833333333333,-1.2620782844094,-1.22274192295615,-1.24067487288467,-1.21413835891547
1.66866666666667,-1.25538383498808,-1.216357568482,-1.23412821981577,-1.20774722981246
1.669,-1.24874413934736,-1.21002473720269,-1.22763491577358,-1.20140852258865
1.66933333333333,-1.24215861923007,-1.20374289172169,-1.22119439882385,-1.1951216770326
1.66966666666667,-1.23562670373431,-1.19751150139971,-1.21480611417012,-1.188886140217
1.67,-1.22914782920574,-1.19133004225686,-1.20846951404913,-1.18270136638823
1.67033333333333,-1.22272143913162,-1.18519799687629,-1.20218405762802,-1.17656681685794
1.67066666666667,-1.21634698403653,-1.17911485430934,-1.19594921090305,-1.17048195989634
1.671,-1.21002392137986,-1.17308010998232,-1.18976444660017,-1.16444627062744
1.67133333333333,-1.20375171545486,-1.16709326560473,-1.18362924407709,-1.15845923092599
1.67166666666667,-1.19752983728947,-1.16115382907894,-1.1775430892269,-1.15252032931619
1.672,-1.19135776454863,-1.15526131441136,-1.17150547438339,-1.14662906087218
1.67233333333333,-1.18523498143824,-1.14941524162505,-1.16551589822783,-1.14078492712016
1.67266666666667,-1.17916097861067,-1.14361513667369,-1.15957386569723,-1.13498743594215
1.673,-1.17313525307174,-1.13786053135689,-1.15367888789416,-1.12923610148146
1.67333333333333,-1.16715730808929,-1.13215096323699,-1.147830481998,-1.12353044404969
1.67366666666667,-1.16122665310315,-1.12648597555699,-1.14202817117751,-1.11786999003524
1.674,-1.15534280363658,-1.12086511715998,-1.13627148450506,-1.11225427181354
1.67433333333333,-1.14950528120913,-1.11528794240975,-1.13055995687198,-1.10668282765858
1.67466666666667,-1.14371361325091,-1.10975401111261,-1.12489312890536,-1.10115520165606
1.675,-1.13796733301819,-1.10426288844057,-1.11927054688627,-1.0956709436179
1.67533333333333,-1.13226597951041,-1.09881414485568,-1.11369176266919,-1.09022960899828
1.67566666666667,-1.12660909738846,-1.09340735603554,-1.10815633360273,-1.08483075881097
1.676,-1.12099623689432,-1.08804210280002,-1.10266382245166,-1.07947395954808
1.67633333333333,-1.11542695377188,-1.08271797103913,-1.09721379732015,-1.0741587831002
1.67666666666667,-1.10990080918913,-1.07743455164199,-1.09180583157626,-1.06888480667774
1.677,-1.10441736966152,-1.07219144042698,-1.08643950377758,-1.06365161273377
1.67733333333333,-1.09897620697656,-1.06698823807296,-1.08111439759812,-1.05845878888788
1.67766666666667,-1.09357689811955,-1.06182455005148,-1.0758301017563,-1.05330592785151
1.678,-1.0882190252006,-1.05669998656022,-1.07058620994403,-1.04819262735439
1.67833333333333,-1.08290217538269,-1.05161416245733,-1.06538232075711,-1.04311849007225
1.67866666666667,-1.07762594081092,-1.04656669719684,-1.06021803762649,-1.03808312355562
1.679,-1.07238991854284,-1.0415572147651,-1.05509296875073,-1.03308614015993
1.67933333333333,-1.06719371047993,-1.03658534361815,-1.05000672702952,-1.02812715697661
1.67966666666667,-1.06203692330008,-1.03165071662012,-1.04495892999824,-1.02320579576542
1.68,-1.05691916839116,-1.02675297098256,-1.03994919976348,-1.01832168288781
1.68033333333333,-1.05184006178565,-1.02189174820471,-1.03497716293971,-1.01347444924141
1.68066666666667,-1.04679922409626,-1.01706669401466,-1.03004245058673,-1.00866373019553
1.681,-1.04179628045255,-1.01227745831149,-1.02514469814831,-1.00388916552774
1.68133333333333,-1.03683086043857,-1.00752369510827,-1.02028354539167,-0.999150399361507
1.68166666666667,-1.03190259803142,-1.00280506247586,-1.01545863634787,-0.994447080104687
1.682,-1.02701113154079,-0.998121222487706,-1.01066961925324,-0.989778860389217
1.68233333333333,-1.02215610354949,-0.99347184116541,-1.00591614649162,-0.985145397011618
1.68266666666667,-1.01733716085473,-0.988856588425105,-1.00119787453751,-0.980546350874484
1.683,-1.01255395441053,-0.98427513802472,-0.996514463900132,-0.975981386928957
1.68333333333333,-1.00780613927086,-0.979727167511994,-0.991865579068363,-0.971450174118077
1.68366666666667,-1.00309337453369,-0.975212358173298,-0.987250888456421,-0.966952385321006
1.684,-0.998415323285912,-0.970730394983272,-0.982670064350506,-0.962487697298216
1.68433333333333,-0.993771652549146,-0.966280966555171,-0.978122782856187,-0.958055790637492
1.68466666666667,-0.9891620332263,-0.961863765091983,-0.973608723846626,-0.953656349700782
1.685,-0.984586140048971,-0.957478486338304,-0.969127570911556,-0.949289062571928
1.68533333333333,-0.980043651525705,-0.953124829532944,-0.964679011307102,-0.9449536210052
1.68566666666667,-0.975534249890958,-0.9488024973622,-0.9602627359063,-0.940649720374621
1.686,-0.971057621054905,-0.944511195913896,-0.95587843915041,-0.936377059624128
1.68633333333333,-0.966613454553977,-0.940250634632087,-0.951525819000974,-0.932135341218497
1.68666666666667,-0.962201443502141,-0.936020526272414,-0.947204576892542,-0.927924271095012
1.687,-0.957821284542947,-0.931820586858178,-0.942914417686204,-0.92374355861592
1.68733333333333,-0.9534726778023,-0.927650535637071,-0.938655049623768,-0.919592916521649
1.68766666666667,-0.949155326841892,-0.923510095038487,-0.934426184282612,-0.915472060884682
1.688,-0.944868938613404,-0.919398990631565,-0.930227536531286,-0.911380711064214
1.68833333333333,-0.940613223413373,-0.915316951083785,-0.926058824485726,-0.907318589661497
1.68866666666667,-0.936387894838698,-0.911263708120219,-0.921919769466123,-0.903285422475853
1.689,-0.932192669742902,-0.907238996483366,-0.91781009595451,-0.89928093846139
1.68933333333333,-0.928027268192951,-0.903242553893597,-0.913729531552863,-0.895304869684385
1.68966666666667,-0.923891413426772,-0.899274121010184,-0.909677806941963,-0.891356951281315
1.69,-0.919784831811419,-0.895333441392886,-0.905654655840771,-0.887436921417528
1.69033333333333,-0.915707252801832,-0.891420261464167,-0.901659814966476,-0.883544521246581
1.69066666666667,-0.911658408900201,-0.887534330471855,-0.897693023995068,-0.87967949487015
1.691,-0.907638035615975,-0.883675400452469,-0.893754025522573,-0.875841589298587
1.69133333333333,-0.903645871426448,-0.879843226195027,-0.889842565026818,-0.8720305544121
1.69166666666667,-0.899681657737883,-0.876037565205384,-0.885958390829767,-0.868246142922445
1.692,-0.895745138847318,-0.872258177671112,-0.88210125406042,-0.864488110335311
1.69233333333333,-0.891836061904796,-0.868504826426872,-0.878270908618268,-0.860756214913163
1.69266666666667,-0.887954176876293,-0.864777276920326,-0.874467111137272,-0.857050217638757
1.693,-0.884099236507077,-0.861075297178501,-0.870689620950378,-0.853369882179095
1.69333333333333,-0.880270996285685,-0.857398657774692,-0.866938200054566,-0.849714974850033
1.69366666666667,-0.876469214408377,-0.853747131795787,-0.863212613076375,-0.846085264581351
1.694,-0.872693651744143,-0.850120494810146,-0.859512627237987,-0.842480522882353
1.69433333333333,-0.868944071800216,-0.846518524835857,-0.855838012323777,-0.838900523808045
1.69466666666667,-0.86522024068807,-0.842941002309517,-0.852188540647325,-0.835345043925714
1.695,-0.861521927089951,-0.839387710055446,-0.84856398701897,-0.831813862282131
1.69533333333333,-0.857848902225829,-0.835858433255322,-0.844964128713783,-0.828306760371129
1.69566666666667,-0.854200939820937,-0.832352959418295,-0.841388745440042,-0.824823522101764
1.696,-0.850577816073663,-0.828871078351484,-0.837837619308135,-0.821363933766849
1.69633333333333,-0.846979309623994,-0.825412582130949,-0.834310534799947,-0.81792778401207
1.69666666666667,-0.843405201522382,-0.821977265073027,-0.830807278738646,-0.814514863805451
1.697,-0.839855275199047,-0.818564923706117,-0.827327640258945,-0.811124966407342
1.69733333333333,-0.836329316433765,-0.81517535674286,-0.823871410777786,-0.807757887340823
1.69766666666667,-0.83282711332605,-0.811808365052691,-0.820438383965409,-0.804413424362553
1.698,-0.829348456265788,-0.808463751634831,-0.817028355716908,-0.80109137743405
1.69833333333333,-0.825893137904273,-0.805141321591589,-0.813641124124105,-0.797791548693364
1.69866666666667,-0.822460953125701,-0.801840882102152,-0.810276489447925,-0.794513742427233
1.699,-0.819051699019,-0.79856224239662,-0.806934254091076,-0.791257765043561
1.69933333333333,-0.815665174850148,-0.795305213730517,-0.803614222571176,-0.788023425044365
1.69966666666667,-0.812301182034803,-0.792069609359589,-0.800316201494255,-0.784810532999092
1.7,-0.808959524111397,-0.78885524451499,-0.797039999528605,-0.781618901518323
1.70033333333333,-0.805640006714561,-0.78566193637884,-0.793785427379051,-0.778448345227864
1.70066666666667,-0.80234243754894,-0.782489504060058,-0.790552297761526,-0.775298680743206
1.701,-0.799066626363406,-0.779337768570613,-0.787340425378072,-0.772169726644378
1.70133333333333,-0.79581238492559,-0.776206552802048,-0.784149626892139,-0.76906130345112
1.70166666666667,-0.792579526996815,-0.773095681502371,-0.780979720904264,-0.765973233598475
1.702,-0.789367868307361,-0.770004981253242,-0.777830527928085,-0.762905341412675
1.70233333333333,-0.786177226532086,-0.766934280447507,-0.774701870366693,-0.759857453087409
1.70266666666667,-0.783007421266378,-0.763883409267017,-0.771593572489318,-0.756829396660413
1.703,-0.779858274002468,-0.760852199660763,-0.768505460408324,-0.753821001990424
1.70333333333333,-0.776729608106058,-0.757840485323345,-0.765437362056575,-0.75083210073442
1.70366666666667,-0.77362124879328,-0.754848101673676,-0.762389107165053,-0.747862526325229
1.704,-0.770533023107971,-0.751874885834068,-0.759360527240842,-0.744912113949428
1.70433333333333,-0.767464759899277,-0.748920676609505,-0.756351455545383,-0.741980700525571
1.70466666666667,-0.76441628979957,-0.7459853144673,-0.753361727073058,-0.73906812468273
1.705,-0.761387445202653,-0.743068641516955,-0.750391178530047,-0.736174226739309
1.70533333333333,-0.758378060242285,-0.740170501490365,-0.747439648313521,-0.733298848682219
1.70566666666667,-0.755387970771019,-0.73729073972223,-0.744506976491057,-0.730441834146273
1.706,-0.752417014339265,-0.734429203130769,-0.741593004780388,-0.727603028393938
1.70633333333333,-0.749465030174759,-0.73158574019873,-0.738697576529442,-0.724782278295339
1.70666666666667,-0.746531859162178,-0.728760200954577,-0.735820536696602,-0.721979432308528
1.707,-0.743617343823169,-0.725952436954019,-0.732961731831288,-0.719194340460094
1.70733333333333,-0.740721328296538,-0.723162301261727,-0.73012101005478,-0.716426854325958
1.70766666666667,-0.737843658318794,-0.720389648433348,-0.727298221041318,-0.713676827012504
1.708,-0.734984181204914,-0.71763433449773,-0.72449321599945,-0.710944113137963
1.70833333333333,-0.7321427458294,-0.714896216939411,-0.721705847653644,-0.708228568814011
1.70866666666667,-0.729319202607562,-0.712175154681319,-0.718935970226145,-0.705530051627699
1.709,-0.726513403477091,-0.709471008067723,-0.71618343941908,-0.702848420623551
1.70933333333333,-0.723725201879863,-0.706783638847444,-0.713448112396814,-0.700183536285983
1.70966666666667,-0.720954452743991,-0.704112910157217,-0.710729847768531,-0.697535260521912
1.71,-0.718201012466137,-0.701458686505354,-0.708028505571076,-0.694903456643659
1.71033333333333,-0.715464738894044,-0.69882083375557,-0.705343947252,-0.692287989352013
1.71066666666667,-0.712745491309314,-0.696199219111086,-0.702676035652854,-0.689688724719615
1.711,-0.710043130410415,-0.693593711098852,-0.700024634992702,-0.687105530174495
1.71133333333333,-0.707357518295936,-0.691004179554104,-0.697389610851866,-0.684538274483898
1.71166666666667,-0.704688518448027,-0.688430495605016,-0.694770830155864,-0.68198682773827
1.712,-0.702035995716106,-0.685872531657614,-0.692168161159603,-0.679451061335521
1.71233333333333,-0.699399816300773,-0.68333016138089,-0.689581473431746,-0.676930847965468
1.71266666666667,-0.696779847737907,-0.68080325969209,-0.687010637839322,-0.674426061594496
1.713,-0.69417595888303,-0.678291702742219,-0.684455526532503,-0.671936577450436
1.71333333333333,-0.691588019895827,-0.675795367901725,-0.681916012929622,-0.66946227200764
1.71366666666667,-0.689015902224927,-0.673314133746382,-0.679391971702387,-0.667003022972276
1.714,-0.68645947859283,-0.670847880043345,-0.676883278761249,-0.664558709267779
1.71433333333333,-0.683918622981087,-0.668396487737422,-0.67438981124103,-0.662129211020566
1.71466666666667,-0.681393210615636,-0.665959838937463,-0.671911447486682,-0.659714409545876
1.715,-0.678883117952348,-0.663537816903023,-0.669448067039264,-0.65731418733385
1.71533333333333,-0.676388222662797,-0.661130306031097,-0.666999550622135,-0.654928428035772
1.71566666666667,-0.673908403620139,-0.658737191843102,-0.664565780127242,-0.652557016450495
1.716,-0.67144354088527,-0.656358360972002,-0.662146638601694,-0.650199838511084
1.71633333333333,-0.668993515693097,-0.653993701149599,-0.659742010234412,-0.64785678127157
1.71666666666667,-0.66655821043903,-0.651643101194018,-0.657351780343059,-0.645527732893965
1.717,-0.664137508665624,-0.649306450997295,-0.654975835361041,-0.643212582635368
1.71733333333333,-0.661731295049423,-0.646983641513192,-0.652614062824748,-0.640911220835304
1.71766666666667,-0.659339455387952,-0.644674564745142,-0.650266351360928,-0.638623538903219
1.718,-0.656961876586901,-0.642379113734322,-0.64793259067425,-0.636349429306089
1.71833333333333,-0.654598446647454,-0.640097182547963,-0.645612671535005,-0.634088785556281
1.71866666666667,-0.652249054653808,-0.637828666267696,-0.643306485766975,-0.631841502199515
1.719,-0.649913590760829,-0.635573460978162,-0.641013926235467,-0.629607474802978
1.71933333333333,-0.647591946181896,-0.633331463755681,-0.63873488683551,-0.627386599943648
1.71966666666667,-0.645284013176883,-0.631102572657118,-0.636469262480183,-0.625178775196718
1.72,-0.642989685040287,-0.628886686708886,-0.634216949089091,-0.622983899124201
1.72033333333333,-0.640708856089556,-0.626683705896056,-0.631977843577032,-0.620801871263679
1.72066666666667,-0.6384414216535,-0.624493531151656,-0.629751843842763,-0.618632592117196
1.721,-0.636187278060923,-0.622316064346063,-0.627538848757932,-0.616475963140288
1.72133333333333,-0.633946322629351,-0.620151208276573,-0.62533875815615,-0.614331886731197
1.72166666666667,-0.631718453653912,-0.617998866657055,-0.623151472822217,-0.612200266220149
1.722,-0.629503570396385,-0.615858944107772,-0.620976894481448,-0.610081005858855
1.72233333333333,-0.627301573074367,-0.613731346145339,-0.618814925789192,-0.607974010810112
1.72266666666667,-0.625112362850583,-0.611615979172774,-0.61666547032042,-0.605879187137504
1.723,-0.622935841822329,-0.609512750469684,-0.614528432559501,-0.603796441795299
1.72333333333333,-0.620771913011064,-0.60742156818261,-0.612403717890087,-0.601725682618445
1.72366666666667,-0.618620480352128,-0.605342341315448,-0.610291232585119,-0.599666818312686
1.724,-0.616481448684563,-0.603274979720019,-0.60819088379696,-0.597619758444826
1.72433333333333,-0.614354723741128,-0.601219394086751,-0.60610257954769,-0.595584413433111
1.72466666666667,-0.612240212138373,-0.599175495935465,-0.604026228719461,-0.593560694537735
1.725,-0.610137821366869,-0.597143197606305,-0.601961741045027,-0.591548513851451
1.72533333333333,-0.608047459781583,-0.595122412250756,-0.599909027098373,-0.589547784290339
1.72566666666667,-0.605969036592319,-0.593113053822788,-0.59786799828547,-0.587558419584655
1.726,-0.603902461854342,-0.591115037070094,-0.595838566835111,-0.585580334269821
1.72633333333333,-0.601847646459073,-0.589128277525483,-0.593820645789935,-0.583613443677513
1.72666666666667,-0.599804502124918,-0.5871526914983,-0.591814148997483,-0.581657663926873
1.727,-0.597772941388211,-0.585188196066034,-0.589818991101423,-0.579712911915839
1.72733333333333,-0.595752877594301,-0.583234709065993,-0.587835087532865,-0.57777910531256
1.72766666666667,-0.593744224888677,-0.581292149087073,-0.585862354501774,-0.57585616254695
1.728,-0.591746898208272,-0.579360435461646,-0.583900708988499,-0.573944002802321
1.72833333333333,-0.589760813272858,-0.577439488257557,-0.581950068735442,-0.57204254600715
1.72866666666667,-0.587785886576539,-0.57552922827019,-0.580010352238751,-0.570151712826926
1.729,-0.585822035379329,-0.573629577014656,-0.578081478740196,-0.568271424656106
1.72933333333333,-0.5838691776989,-0.571740456718065,-0.5761633682191,-0.566401603610179
1.72966666666667,-0.581927232302358,-0.569861790311908,-0.574255941384391,-0.564542172517826
1.73,-0.579996118698167,-0.567993501424514,-0.572359119666727,-0.562693054913161
1.73033333333333,-0.57807575712816,-0.566135514373616,-0.570472825210761,-0.560854175028114
1.73066666666667,-0.576166068559643,-0.564287754158988,-0.56859698086746,-0.559025457784858
1.731,-0.574266974677617,-0.562450146455187,-0.566731510186527,-0.557206828788351
1.73133333333333,-0.572378397877059,-0.560622617604399,-0.564876337408943,-0.555398214318989
1.73166666666667,-0.570500261255332,-0.558805094609331,-0.563031387459575,-0.553599541325322
1.732,-0.56863248860468,-0.556997505126214,-0.561196585939861,-0.551810737416858
1.73233333333333,-0.566775004404804,-0.55519977745791,-0.559371859120638,-0.550031730857007
1.73266666666667,-0.564927733815529,-0.553411840547058,-0.557557133935001,-0.548262450556037
1.733,-0.563090602669577,-0.551633623969336,-0.555752337971265,-0.54650282606417
1.73333333333333,-0.561263537465428,-0.549865057926799,-0.553957399466049,-0.544752787564752
1.73366666666667,-0.559446465360231,-0.548106073241294,-0.552172247297385,-0.543012265867494
1.734,-0.557639314162853,-0.546356601347948,-0.550396810977958,-0.541281192401817
1.73433333333333,-0.555842012326972,-0.544616574288743,-0.548631020648403,-0.539559499210245
1.73466666666667,-0.554054488944288,-0.542885924706171,-0.546874807070694,-0.53784711894193
1.735,-0.552276673737773,-0.541164585836954,-0.545128101621604,-0.536143984846191
1.73533333333333,-0.550508497055056,-0.539452491505851,-0.543390836286258,-0.534450030766205
1.73566666666667,-0.548749889861833,-0.537749576119523,-0.541662943651739,-0.532765191132706
1.736,-0.547000783735398,-0.536055774660495,-0.539944356900818,-0.531089400957806
1.73633333333333,-0.545261110858237,-0.534371022681173,-0.538235009805687,-0.529422595828875
1.73666666666667,-0.543530804011687,-0.532695256297933,-0.536534836721845,-0.527764711902496
1.737,-0.541809796569703,-0.531028412185278,-0.534843772581992,-0.5261156858985
1.73733333333333,-0.540098022492657,-0.529370427570089,-0.533161752890047,-0.524475455094058
1.73766666666667,-0.53839541632125,-0.527721240225905,-0.531488713715208,-0.522843957317854
1.738,-0.536701913170478,-0.526080788467307,-0.529824591686085,-0.52122113094434
1.73833333333333,-0.53501744872366,-0.524449011144334,-0.52816932398491,-0.51960691488803
1.73866666666667,-0.533341959226566,-0.522825847637008,-0.526522848341816,-0.518001248597899
1.739,-0.531675381481585,-0.521211237849874,-0.524885103029176,-0.516404072051811
1.73933333333333,-0.530017652841996,-0.519605122206642,-0.523256026856033,-0.514815325751055
1.73966666666667,-0.528368711206256,-0.51800744164489,-0.521635559162552,-0.513234950714907
1.74,-0.526728495012409,-0.516418137610791,-0.520023639814575,-0.511662888475278
1.74033333333333,-0.525096943232539,-0.514837152053948,-0.518420209198238,-0.510099081071433
1.74066666666667,-0.523473995367281,-0.513264427422275,-0.516825208214633,-0.508543471044755
1.741,-0.521859591440388,-0.511699906656918,-0.515238578274533,-0.506996001433571
1.74133333333333,-0.520253671993423,-0.510143533187269,-0.5136602612932,-0.505456615768058
1.74166666666667,-0.518656178080406,-0.508595250925996,-0.512090199685247,-0.503925258065194
1.742,-0.51706705126264,-0.507055004264178,-0.510528336359534,-0.502401872823775
1.74233333333333,-0.51548623360352,-0.505522738066462,-0.508974614714169,-0.500886405019486
1.74266666666667,-0.513913667663422,-0.503998397666297,-0.50742897863152,-0.499378800100033
1.743,-0.512349296494659,-0.502481928861188,-0.505891372473324,-0.49787900398033
1.74333333333333,-0.510793063636512,-0.500973277908072,-0.504361741075842,-0.496386963037753
1.74366666666667,-0.509244913110267,-0.499472391518673,-0.502840029745044,-0.494902624107438
1.744,-0.507704789414368,-0.497979216854946,-0.501326184251885,-0.493425934477631
1.74433333333333,-0.506172637519586,-0.496493701524597,-0.499820150827624,-0.491956841885105
1.74466666666667,-0.504648402864277,-0.495015793576602,-0.498321876159193,-0.490495294510627
1.745,-0.503132031349645,-0.493545441496811,-0.496831307384622,-0.489041240974468
1.74533333333333,-0.501623469335127,-0.492082594203611,-0.49534839208851,-0.487594630331971
1.74566666666667,-0.500122663633773,-0.490627201043593,-0.493873078297572,-0.486155412069199
1.746,-0.498629561507708,-0.489179211787333,-0.492405314476189,-0.484723536098559
1.74633333333333,-0.497144110663646,-0.487738576625165,-0.490945049522089,-0.483298952754564
1.74666666666667,-0.495666259248439,-0.486305246163028,-0.48949223276198,-0.4818816127896
1.747,-0.494195955844699,-0.48487917141836,-0.488046813947305,-0.480471467369723
1.74733333333333,-0.492733149466452,-0.483460303816041,-0.486608743250032,-0.479068468070555
1.74766666666667,-0.491277789554856,-0.482048595184364,-0.485177971258458,-0.477672566873182
1.748,-0.489829825973942,-0.480643997751068,-0.483754448973099,-0.476283716160121
1.74833333333333,-0.488389209006456,-0.479246464139421,-0.482338127802628,-0.474901868711352
1.74866666666667,-0.486955889349683,-0.477855947364323,-0.480928959559814,-0.473526977700331
1.749,-0.485529818111367,-0.476472400828485,-0.479526896457554,-0.472158996690123
1.74933333333333,-0.484110946805657,-0.475095778318615,-0.478131891104946,-0.470797879629547
1.74966666666667,-0.482699227349111,-0.473726034001694,-0.476743896503373,-0.469443580849353
1.75,-0.481294612056711,-0.47236312242123,-0.475362866042656,-0.468096055058451
1.75033333333333,-0.479897053637988,-0.471006998493624,-0.473988753497267,-0.466755257340209
1.75066666666667,-0.478506505193122,-0.46965761750453,-0.472621513022535,-0.465421143148741
1.751,-0.47712292020912,-0.468314935105247,-0.471261099150946,-0.464093668305301
1.75133333333333,-0.475746252556055,-0.46697890730922,-0.469907466788463,-0.462772788994651
1.75166666666667,-0.474376456483293,-0.465649490488487,-0.468560571210865,-0.461458461761532
1.752,-0.473013486615824,-0.464326641370241,-0.467220368060181,-0.460150643507113
1.75233333333333,-0.471657297950589,-0.46301031703339,-0.465886813341109,-0.458849291485553
1.75266666666667,-0.470307845852865,-0.461700474905167,-0.464559863417512,-0.45755436330053
1.753,-0.468965086052691,-0.460397072757772,-0.463239475008927,-0.456265816901854
1.75333333333333,-0.467628974641344,-0.459100068705067,-0.461925605187139,-0.454983610582107
1.75366666666667,-0.466299468067823,-0.457809421199291,-0.460618211372766,-0.453707702973303
1.754,-0.464976523135405,-0.456525089027814,-0.459317251331916,-0.452438053043622
1.75433333333333,-0.463660096998229,-0.455247031309931,-0.45802268317283,-0.451174620094149
1.75466666666667,-0.462350147157901,-0.453975207493702,-0.456734465342626,-0.449917363755662
1.755,-0.461046631460169,-0.452709577352788,-0.455452556624026,-0.448666243985442
1.75533333333333,-0.459749508091596,-0.451450100983377,-0.454176916132141,-0.447421221064158
1.75566666666667,-0.458458735576319,-0.4501967388011,-0.452907503311295,-0.446182255592726
1.756,-0.457174272772781,-0.448949451537997,-0.451644277931877,-0.444949308489264
1.75633333333333,-0.455896078870572,-0.447708200239527,-0.450387200087229,-0.443722340986031
1.75666666666667,-0.454624113387226,-0.446472946261579,-0.449136230190566,-0.442501314626435
1.757,-0.453358336165119,-0.445243651267549,-0.447891328971942,-0.441286191262062
1.75733333333333,-0.452098707368378,-0.444020277225438,-0.446652457475227,-0.440076933049713
1.75766666666667,-0.450845187479811,-0.442802786404971,-0.445419577055131,-0.438873502448533
1.758,-0.449597737297872,-0.441591141374753,-0.444192649374275,-0.437675862217109
1.75833333333333,-0.448356317933695,-0.440385304999478,-0.442971636400257,-0.436483975410627
1.75866666666667,-0.447120890808111,-0.439185240437118,-0.44175650040279,-0.43529780537809
1.759,-0.445891417648733,-0.437990911136197,-0.440547203950835,-0.434117315759487
1.75933333333333,-0.444667860487045,-0.436802280833063,-0.439343709909797,-0.432942470483084
1.75966666666667,-0.443450181655557,-0.435619313549194,-0.438145981438736,-0.431773233762686
1.76,-0.44223834378496,-0.434441973588538,-0.436953981987592,-0.430609570094937
1.76033333333333,-0.441032309801327,-0.433270225534883,-0.43576767529448,-0.429451444256682
1.76066666666667,-0.439832042923335,-0.432104034249242,-0.434587025382978,-0.428298821302309
1.761,-0.438637506659528,-0.43094336486728,-0.433411996559457,-0.427151666561154
1.76133333333333,-0.437448664805607,-0.42978818279678,-0.432242553410455,-0.426009945634936
1.76166666666667,-0.436265481441748,-0.428638453715091,-0.431078660800048,-0.424873624395192
1.762,-0.435087920929927,-0.427494143566659,-0.429920283867272,-0.42374266898076
1.76233333333333,-0.433915947911327,-0.426355218560539,-0.42876738802357,-0.422617045795293
1.76266666666667,-0.432749527303711,-0.425221645167971,-0.427619938950266,-0.421496721504784
1.763,-0.431588624298869,-0.424093390119937,-0.426477902596043,-0.420381663035128
1.76333333333333,-0.430433204360074,-0.422970420404808,-0.425341245174502,-0.419271837569716
1.76366666666667,-0.429283233219559,-0.421852703265941,-0.424209933161674,-0.418167212547032
1.764,-0.428138676876033,-0.420740206199357,-0.423083933293638,-0.417067755658299
1.76433333333333,-0.426999501592223,-0.419632896951427,-0.421963212564089,-0.415973434845153
1.76466666666667,-0.425865673892435,-0.418530743516581,-0.420847738221993,-0.414884218297309
1.765,-0.424737160560147,-0.417433714135023,-0.419737477769218,-0.413800074450284
1.76533333333333,-0.423613928635612,-0.416341777290516,-0.418632398958239,-0.412720971983143
1.76566666666667,-0.422495945413527,-0.415254901708141,-0.417532469789818,-0.411646879816243
1.766,-0.421383178440666,-0.41417305635211,-0.41643765851074,-0.410577767109031
1.76633333333333,-0.420275595513597,-0.413096210423591,-0.415347933611571,-0.409513603257845
1.76666666666667,-0.419173164676384,-0.412024333358558,-0.414263263824425,-0.408454357893749
1.767,-0.418075854218327,-0.410957394825657,-0.41318361812076,-0.407400000880391
1.76733333333333,-0.416983632671739,-0.409895364724123,-0.412108965709217,-0.406350502311867
1.76766666666667,-0.415896468809709,-0.408838213181662,-0.411039276033448,-0.405305832510641
1.768,-0.414814331643931,-0.407785910552415,-0.409974518769987,-0.404265962025451
1.76833333333333,-0.413737190422534,-0.406738427414912,-0.408914663826141,-0.403230861629251
1.76866666666667,-0.412665014627933,-0.405695734570044,-0.407859681337907,-0.402200502317198
1.769,-0.411597773974708,-0.404657803039078,-0.406809541667893,-0.401174855304613
1.76933333333333,-0.410535438407502,-0.403624604061664,-0.405764215403292,-0.400153892024996
1.76966666666667,-0.40947797809895,-0.402596109093898,-0.40472367335384,-0.39913758412807
1.77,-0.408425363447623,-0.401572289806367,-0.403687886549818,-0.398125903477804
1.77033333333333,-0.407377565075986,-0.400553118082241,-0.402656826240085,-0.397118822150515
1.77066666666667,-0.406334553828381,-0.39953856601537,-0.40163046389009,-0.396116312432915
1.771,-0.405296300769059,-0.398528605908421,-0.400608771179955,-0.395118346820275
1.77133333333333,-0.404262777180175,-0.397523210271003,-0.39959172000255,-0.394124898014493
1.77166666666667,-0.403233954559862,-0.39652235181783,-0.398579282461577,-0.393135938922305
1.772,-0.402209804620281,-0.395526003466915,-0.397571430869703,-0.3921514426534
1.77233333333333,-0.401190299285723,-0.394534138337755,-0.3965681377467,-0.391171382518638
1.77266666666667,-0.40017541069071,-0.393546729749546,-0.395569375817586,-0.390195732028245
1.773,-0.399165111178129,-0.392563751219436,-0.394575118010817,-0.38922446489004
1.77333333333333,-0.398159373297374,-0.391585176460751,-0.393585337456481,-0.388257555007676
1.77366666666667,-0.397158169802508,-0.390610979381294,-0.392600007484496,-0.387294976478893
1.774,-0.396161473650453,-0.389641134081617,-0.391619101622861,-0.386336703593823
1.77433333333333,-0.395169257999199,-0.388675614853324,-0.390642593595895,-0.385382710833244
1.77466666666667,-0.394181496206016,-0.387714396177409,-0.389670457322505,-0.384432972866941
1.775,-0.393198161825694,-0.38675745272258,-0.388702666914472,-0.383487464551985
1.77533333333333,-0.392219228608813,-0.385804759343625,-0.387739196674756,-0.382546160931132
1.77566666666667,-0.391244670500002,-0.384856291079788,-0.386780021095819,-0.381609037231155
1.776,-0.390274461636243,-0.383912023153152,-0.385825114857942,-0.380676068861231
1.77633333333333,-0.389308576345181,-0.382971930967043,-0.384874452827619,-0.379747231411355
1.77666666666667,-0.388346989143442,-0.382035990104467,-0.383928010055873,-0.378822500650725
1.777,-0.38738967473499,-0.381104176326529,-0.3829857617767,-0.377901852526203
1.77733333333333,-0.386436608009485,-0.380176465570902,-0.382047683405426,-0.376985263160743
1.77766666666667,-0.385487764040655,-0.379252833950286,-0.381113750537155,-0.376072708851853
1.778,-0.384543118084688,-0.378333257750896,-0.380183938945188,-0.37516416607008
1.77833333333333,-0.383602645578661,-0.377417713430969,-0.379258224579487,-0.374259611457503
1.77866666666667,-0.382666322138946,-0.376506177619263,-0.378336583565125,-0.373359021826233
1.779,-0.38173412355966,-0.3755986271136,-0.377418992200795,-0.372462374156939
1.77933333333333,-0.380806025811126,-0.374695038879406,-0.376505426957269,-0.371569645597397
1.77966666666667,-0.379882005038338,-0.373795390048268,-0.375595864475946,-0.370680813461024
1.78,-0.378962037559456,-0.372899657916513,-0.37469028156736,-0.369795855225461
1.78033333333333,-0.378046099864313,-0.372007819943783,-0.373788655209725,-0.368914748531143
1.78066666666667,-0.377134168612923,-0.371119853751648,-0.372890962547494,-0.368037471179906
1.781,-0.376226220634019,-0.370235737122217,-0.371997180889925,-0.367164001133581
1.78133333333333,-0.375322232923609,-0.369355447996763,-0.371107287709669,-0.366294316512639
1.78166666666667,-0.374422182643529,-0.368478964474371,-0.370221260641371,-0.365428395594808
1.782,-0.373526047120016,-0.367606264810592,-0.369339077480279,-0.364566216813735
1.78233333333333,-0.372633803842314,-0.366737327416109,-0.368460716180874,-0.363707758757647
1.78266666666667,-0.371745430461258,-0.365872130855423,-0.367586154855501,-0.362853000168034
1.783,-0.370860904787924,-0.365010653845545,-0.366715371773034,-0.362001919938323
1.78333333333333,-0.369980204792222,-0.3641528752547,-0.365848345357544,-0.361154497112609
1.78366666666667,-0.36910330860157,-0.36329877410106,-0.364985054186957,-0.360310710884348
1.784,-0.368230194499545,-0.36244832955146,-0.364125476991778,-0.359470540595087
1.78433333333333,-0.367360840924549,-0.361601520920159,-0.363269592653777,-0.358633965733228
1.78466666666667,-0.366495226468509,-0.360758327667585,-0.362417380204708,-0.357800965932751
1.785,-0.365633329875557,-0.359918729399117,-0.361568818825045,-0.356971520972006
1.78533333333333,-0.364775130040758,-0.359082705863849,-0.360723887842729,-0.356145610772484
1.78566666666667,-0.363920606008818,-0.358250236953399,-0.359882566731915,-0.355323215397587
1.786,-0.363069736972835,-0.357421302700716,-0.359044835111742,-0.354504315051465
1.78633333333333,-0.362222502273035,-0.356595883278874,-0.358210672745116,-0.353688890077813
1.78666666666667,-0.361378881395536,-0.355773958999929,-0.357380059537508,-0.352876920958679
1.787,-0.360538853971133,-0.354955510313741,-0.356552975535732,-0.352068388313338
1.78733333333333,-0.35970239977406,-0.354140517806826,-0.355729400926794,-0.351263272897109
1.78766666666667,-0.358869498720806,-0.353328962201224,-0.354909316036693,-0.350461555600224
1.788,-0.358040130868909,-0.352520824353368,-0.354092701329272,-0.349663217446704
1.78833333333333,-0.35721427641579,-0.351716085252965,-0.353279537405059,-0.348868239593243
1.78866666666667,-0.356391915697573,-0.350914726021894,-0.352469805000138,-0.348076603328083
1.789,-0.35557302918793,-0.350116727913116,-0.351663484985004,-0.347288290069935
1.78933333333333,-0.354757597496931,-0.349322072309578,-0.350860558363465,-0.346503281366883
1.78966666666667,-0.353945601369924,-0.348530740723142,-0.350061006271517,-0.345721558895314
1.79,-0.353137021686388,-0.347742714793527,-0.349264809976254,-0.344943104458843
1.79033333333333,-0.35233183945884,-0.346957976287251,-0.34847195087479,-0.344167899987273
1.79066666666667,-0.351530035831708,-0.34617650709659,-0.347682410493172,-0.343395927535533
1.791,-0.350731592080275,-0.345398289238532,-0.346896170485313,-0.342627169282657
1.79133333333333,-0.349936489609559,-0.34462330485378,-0.346113212631957,-0.341861607530748
1.79166666666667,-0.349144709953258,-0.343851536205702,-0.345333518839603,-0.341099224703972
1.792,-0.348356234772699,-0.343082965679358,-0.344557071139502,-0.34034000334754
1.79233333333333,-0.347571045855769,-0.342317575780487,-0.343783851686608,-0.339583926126736
1.79266666666667,-0.346789125115879,-0.341555349134528,-0.343013842758575,-0.338830975825899
1.793,-0.346010454590938,-0.340796268485637,-0.342247026754736,-0.338081135347463
1.79333333333333,-0.34523501644233,-0.340040316695733,-0.341483386195138,-0.337334387710997
1.79366666666667,-0.344462792953895,-0.339287476743526,-0.340722903719516,-0.33659071605223
1.794,-0.343693766530938,-0.338537731723569,-0.339965562086344,-0.335850103622104
1.79433333333333,-0.342927919699225,-0.337791064845328,-0.339211344171857,-0.335112533785849
1.79466666666667,-0.342165235104012,-0.337047459432252,-0.33846023296909,-0.334377990022032
1.795,-0.341405695509057,-0.336306898920828,-0.337712211586928,-0.333646455921646
1.79533333333333,-0.340649283795662,-0.335569366859695,-0.336967263249172,-0.332917915187186
1.79566666666667,-0.339895982961728,-0.33483484690872,-0.336225371293597,-0.332192351631762
1.796,-0.339145776120783,-0.334103322838109,-0.335486519171036,-0.331469749178178
1.79633333333333,-0.338398646501073,-0.333374778527517,-0.334750690444458,-0.330750091858062
1.79666666666667,-0.337654577444607,-0.332649197965169,-0.334017868788073,-0.330033363810974
1.797,-0.33691355240625,-0.331926565246982,-0.333288037986415,-0.329319549283543
1.79733333333333,-0.336175554952821,-0.331206864575712,-0.33256118193348,-0.328608632628602
1.79766666666667,-0.335440568762165,-0.330490080260085,-0.331837284631815,-0.327900598304322
1.798,-0.334708577622276,-0.329776196713957,-0.331116330191666,-0.327195430873375
1.79833333333333,-0.333979565430412,-0.32906519845548,-0.330398302830109,-0.326493115002099
1.79866666666667,-0.3332535161922,-0.328357070106248,-0.32968318687018,-0.325793635459647
1.799,-0.332530414020787,-0.327651796390499,-0.32897096674005,-0.32509697711718
1.79933333333333,-0.331810243135965,-0.326949362134283,-0.328261626972169,-0.324403124947043
1.79966666666667,-0.331092987863313,-0.326249752264645,-0.327555152202416,-0.323712064021955
1.8,-0.330378632633369,-0.325552951808844,-0.326851527169325,-0.323023779514216
1.80033333333333,-0.329667161980776,-0.324858945893545,-0.326150736713204,-0.322338256694907
1.80066666666667,-0.328958560543452,-0.324167719744027,-0.325452765775373,-0.321655480933095
1.801,-0.328252813061782,-0.323479258683415,-0.324757599397336,-0.320975437695069
1.80133333333333,-0.327549904377786,-0.322793548131904,-0.324065222719997,-0.320298112543563
1.80166666666667,-0.326849819434315,-0.322110573605982,-0.323375620982864,-0.319623491136981
1.802,-0.326152543274257,-0.321430320717685,-0.322688779523272,-0.31895155922865
1.80233333333333,-0.325458061039745,-0.320752775173838,-0.322004683775612,-0.318282302666066
1.80266666666667,-0.324766357971362,-0.320077922775313,-0.321323319270563,-0.317615707390152
1.803,-0.324077419407366,-0.319405749416282,-0.320644671634325,-0.316951759434511
1.80333333333333,-0.323391230782927,-0.318736241083502,-0.319968726587878,-0.316290444924707
1.80366666666667,-0.322707777629346,-0.31806938385557,-0.319295469946225,-0.315631750077533
1.804,-0.32202704557332,-0.317405163902221,-0.318624887617663,-0.314975661200302
1.80433333333333,-0.321349020336174,-0.316743567483608,-0.317956965603045,-0.314322164690125
1.80466666666667,-0.320673687733122,-0.316084580949597,-0.317291689995053,-0.313671247033218
1.805,-0.32000103367253,-0.315428190739069,-0.316629046977484,-0.313022894804194
1.80533333333333,-0.319331044155191,-0.314774383379229,-0.315969022824538,-0.312377094665378
1.80566666666667,-0.3186637052736,-0.314123145484914,-0.315311603900102,-0.311733833366124
1.806,-0.317999003211226,-0.313474463757918,-0.314656776657058,-0.311093097742125
1.80633333333333,-0.317336924241819,-0.312828324986313,-0.314004527636592,-0.310454874714748
1.80666666666667,-0.316677454728693,-0.312184716043786,-0.313354843467508,-0.30981915129037
1.807,-0.316020581124039,-0.311543623888975,-0.312707710865533,-0.309185914559714
1.80733333333333,-0.315366289968223,-0.310905035564813,-0.312063116632657,-0.308555151697186
1.80766666666667,-0.314714567889104,-0.310268938197871,-0.311421047656462,-0.307926849960237
1.808,-0.314065401601359,-0.30963531899772,-0.310781490909451,-0.307300996688723
1.80833333333333,-0.313418777905812,-0.309004165256295,-0.310144433448401,-0.306677579304248
1.80866666666667,-0.312774683688756,-0.308375464347257,-0.309509862413708,-0.306056585309559
1.809,-0.312133105921307,-0.307749203725363,-0.308877765028735,-0.305438002287889
1.80933333333333,-0.311494031658735,-0.307125370925848,-0.308248128599191,-0.304821817902371
1.80966666666667,-0.310857448039827,-0.306503953563809,-0.307620940512478,-0.304208019895401
1.81,-0.310223342286234,-0.305884939333597,-0.306996188237073,-0.303596596088026
1.81033333333333,-0.309591701701841,-0.305268316008198,-0.306373859321908,-0.302987534379357
1.81066666666667,-0.308962513672129,-0.304654071438652,-0.305753941395741,-0.302380822745958
1.811,-0.308335765663555,-0.304042193553438,-0.30513642216656,-0.301776449241258
1.81133333333333,-0.307711445222932,-0.303432670357907,-0.304521289420966,-0.301174401994956
1.81166666666667,-0.307089539976798,-0.302825489933676,-0.303908531023578,-0.300574669212448
1.812,-0.306470037630834,-0.30222064043806,-0.303298134916433,-0.299977239174244
1.81233333333333,-0.305852925969232,-0.301618110103499,-0.302690089118407,-0.299382100235398
1.81266666666667,-0.305238192854115,-0.301017887236982,-0.30208438172461,-0.298789240824939
1.813,-0.304625826224936,-0.300419960219489,-0.301481000905832,-0.298198649445306
1.81333333333333,-0.30401581409789,-0.299824317505429,-0.300879934907947,-0.297610314671794
1.81366666666667,-0.303408144565335,-0.299230947622087,-0.300281172051352,-0.297024225152007
1.814,-0.302802805795199,-0.298639839169074,-0.299684700730407,-0.296440369605301
1.81433333333333,-0.302199786030437,-0.298050980817777,-0.299090509412869,-0.295858736822239
1.81466666666667,-0.301599073588429,-0.297464361310834,-0.298498586639338,-0.29527931566407
1.815,-0.301000656860436,-0.296879969461579,-0.297908921022713,-0.294702095062172
1.81533333333333,-0.300404524311049,-0.296297794153528,-0.297321501247637,-0.294127064017547
1.81566666666667,-0.299810664477606,-0.295717824339844,-0.296736316069966,-0.293554211600279
1.816,-0.299219065969684,-0.295140049042827,-0.296153354316233,-0.292983526949023
1.81633333333333,-0.298629717468524,-0.29456445735337,-0.295572604883111,-0.292414999270493
1.81666666666667,-0.298042607726503,-0.293991038430483,-0.294994056736892,-0.291848617838942
1.817,-0.297457725566604,-0.293419781500761,-0.294417698912962,-0.291284371995659
1.81733333333333,-0.296875059881878,-0.292850675857885,-0.293843520515289,-0.290722251148476
1.81766666666667,-0.29629459963493,-0.292283710862127,-0.293271510715906,-0.29016224477126
1.818,-0.295716333857388,-0.291718875939855,-0.292701658754405,-0.289604342403429
1.81833333333333,-0.295140251649392,-0.291156160583035,-0.292133953937429,-0.289048533649453
1.81866666666667,-0.294566342179083,-0.290595554348754,-0.291568385638182,-0.288494808178379
1.819,-0.293994594682101,-0.290037046858733,-0.291004943295926,-0.287943155723348
1.81933333333333,-0.293424998461069,-0.289480627798852,-0.290443616415491,-0.287393566081119
1.81966666666667,-0.292857542885111,-0.288926286918669,-0.28988439456679,-0.286846029111591
1.82,-0.292292217389344,-0.288374014030957,-0.289327267384341,-0.28630053473735
1.82033333333333,-0.2917290114744,-0.287823799011238,-0.288772224566778,-0.285757072943185
1.82066666666667,-0.291167914705932,-0.287275631797321,-0.288219255876391,-0.285215633775645
1.821,-0.290608916714135,-0.286729502388836,-0.287668351138635,-0.284676207342576
1.82133333333333,-0.29005200719328,-0.28618540084679,-0.287119500241696,-0.28413878381267
1.82166666666667,-0.289497175901216,-0.285643317293114,-0.286572693135995,-0.283603353415019
1.822,-0.288944412658928,-0.285103241910213,-0.286027919833752,-0.28306990643866
1.82233333333333,-0.288393707350058,-0.284565164940528,-0.285485170408523,-0.282538433232155
1.82266666666667,-0.287845049920444,-0.284029076686099,-0.284944434994753,-0.28200892420313
1.823,-0.287298430377668,-0.28349496750812,-0.284405703787326,-0.281481369817864
1.82333333333333,-0.286753838790596,-0.282962827826519,-0.283868967041131,-0.280955760600848
1.82366666666667,-0.286211265288941,-0.282432648119519,-0.283334215070606,-0.280432087134356
1.824,-0.285670700062801,-0.281904418923226,-0.282801438249323,-0.279910340058029
1.82433333333333,-0.285132133362234,-0.281378130831204,-0.282270627009542,-0.279390510068463
1.82466666666667,-0.284595555496803,-0.280853774494052,-0.281741771841788,-0.278872587918775
1.825,-0.28406095683516,-0.280331340618996,-0.281214863294433,-0.27835656441822
1.82533333333333,-0.2835283278046,-0.279810819969479,-0.280689891973265,-0.277842430431745
1.82566666666667,-0.282997658890645,-0.279292203364754,-0.280166848541071,-0.277330176879622
1.826,-0.28246894063661,-0.278775481679481,-0.279645723717237,-0.276819794737024
1.82633333333333,-0.281942163643199,-0.278260645843322,-0.279126508277319,-0.27631127503364
1.82666666666667,-0.281417318568069,-0.277747686840559,-0.278609193052654,-0.275804608853261
1.827,-0.280894396125435,-0.277236595709676,-0.278093768929944,-0.275299787333416
1.82733333333333,-0.280373387085649,-0.276727363543002,-0.277580226850862,-0.274796801664967
1.82766666666667,-0.279854282274798,-0.276219981486294,-0.277068557811655,-0.274295643091724
1.828,-0.27933707257431,-0.27571444073837,-0.276558752862752,-0.273796302910074
1.82833333333333,-0.278821748920538,-0.275210732550724,-0.276050803108362,-0.273298772468591
1.82866666666667,-0.278308302304378,-0.274708848227152,-0.275544699706116,-0.272803043167671
1.829,-0.277796723770872,-0.274208779123378,-0.275040433866651,-0.272309106459153
1.82933333333333,-0.277287004418819,-0.273710516646675,-0.274537996853245,-0.271816953845956
1.82966666666667,-0.276779135400388,-0.273214052255511,-0.274037379981445,-0.271326576881708
1.83,-0.276273107920737,-0.272719377459173,-0.273538574618683,-0.270837967170388
1.83033333333333,-0.275768913237634,-0.272226483817409,-0.273041572183912,-0.270351116365963
1.83066666666667,-0.275266542661082,-0.271735362940073,-0.272546364147229,-0.269866016172034
1.831,-0.274765987552939,-0.271246006486762,-0.272052942029527,-0.269382658341479
1.83133333333333,-0.274267239326552,-0.270758406166469,-0.271561297402114,-0.26890103467611
1.83166666666667,-0.2737702894464,-0.270272553737235,-0.271071421886366,-0.268421137026308
1.832,-0.273275129427712,-0.269788441005791,-0.270583307153375,-0.267942957290702
1.83233333333333,-0.272781750836116,-0.269306059827228,-0.27009694492358,-0.267466487415808
1.83266666666667,-0.272290145287283,-0.268825402104649,-0.269612326966433,-0.266991719395695
1.833,-0.271800304446563,-0.26834645978882,-0.269129445100039,-0.266518645271657
1.83333333333333,-0.271312220028645,-0.267869224877857,-0.268648291190834,-0.266047257131861
1.83366666666667,-0.270825883797197,-0.267393689416878,-0.268168857153213,-0.265577547111035
1.834,-0.270341287564527,-0.26691984549767,-0.267691134949214,-0.265109507390129
1.83433333333333,-0.26985842319123,-0.266447685258371,-0.267215116588172,-0.264643130195995
1.83466666666667,-0.269377282585867,-0.265977200883141,-0.266740794126393,-0.264178407801055
1.835,-0.268897857704599,-0.265508384601836,-0.266268159666817,-0.263715332522992
1.83533333333333,-0.268420140550875,-0.265041228689696,-0.265797205358694,-0.263253896724423
1.83566666666667,-0.267944123175089,-0.26457572546702,-0.265327923397257,-0.262794092812593
1.836,-0.267469797674254,-0.264111867298857,-0.264860306023407,-0.262335913239055
1.83633333333333,-0.266997156191676,-0.263649646594697,-0.264394345523378,-0.261879350499363
1.83666666666667,-0.266526190916619,-0.263189055808147,-0.263930034228439,-0.261424397132759
1.837,-0.266056894083999,-0.262730087436641,-0.263467364514557,-0.260971045721883
1.83733333333333,-0.265589257974056,-0.262272734021129,-0.263006328802112,-0.260519288892451
1.83766666666667,-0.265123274912037,-0.261816988145766,-0.262546919555569,-0.260069119312976
1.838,-0.264658937267888,-0.261362842437631,-0.262089129283168,-0.259620529694445
1.83833333333333,-0.264196237455932,-0.260910289566417,-0.261632950536639,-0.25917351279005
1.83866666666667,-0.263735167934574,-0.260459322244136,-0.261178375910875,-0.258728061394877
1.839,-0.263275721205985,-0.260009933224831,-0.260725398043659,-0.258284168345622
1.83933333333333,-0.262817889815796,-0.259562115304285,-0.260274009615344,-0.257841826520307
1.83966666666667,-0.262361666352811,-0.259115861319731,-0.259824203348573,-0.257401028837981
1.84,-0.261907043448686,-0.258671164149575,-0.259375972007978,-0.256961768258455
1.84033333333333,-0.261454013777654,-0.258228016713096,-0.258929308399897,-0.256524037781999
1.84066666666667,-0.261002570056216,-0.257786411970184,-0.258484205372078,-0.256087830449093
1.841,-0.260552705042856,-0.257346342921047,-0.258040655813397,-0.255653139340115
1.84133333333333,-0.260104411537752,-0.256907802605944,-0.257598652653587,-0.255219957575092
1.84166666666667,-0.259657682382483,-0.256470784104907,-0.257158188862937,-0.25478827831342
1.842,-0.259212510459746,-0.256035280537462,-0.256719257452024,-0.25435809475359
1.84233333333333,-0.258768888693081,-0.255601285062379,-0.256281851471437,-0.253929400132925
1.84266666666667,-0.258326810046578,-0.255168790877379,-0.2558459640115,-0.253502187727313
1.843,-0.257886267524613,-0.254737791218887,-0.255411588201998,-0.253076450850943
1.84333333333333,-0.257447254171557,-0.25430827936176,-0.25497871721192,-0.252652182856041
1.84366666666667,-0.257009763071515,-0.253880248619035,-0.254547344249173,-0.252229377132614
1.844,-0.256573787348044,-0.253453692341648,-0.254117462560325,-0.251808027108195
1.84433333333333,-0.256139320163899,-0.253028603918207,-0.253689065430349,-0.251388126247575
1.84466666666667,-0.255706354720741,-0.252604976774709,-0.253262146182347,-0.250969668052567
1.845,-0.255274884258894,-0.252182804374303,-0.252836698177301,-0.250552646061737
1.84533333333333,-0.254844902057077,-0.251762080217035,-0.252412714813813,-0.250137053850177
1.84566666666667,-0.254416401432138,-0.251342797839598,-0.251990189527845,-0.249722885029223
1.846,-0.253989375738792,-0.250924950815081,-0.251569115792479,-0.249310133246253
1.84633333333333,-0.253563818369377,-0.250508532752732,-0.251149487117643,-0.248898792184403
1.84666666666667,-0.253139722753584,-0.250093537297709,-0.250731297049894,-0.248488855562354
1.847,-0.252717082358224,-0.249679958130834,-0.250314539172136,-0.248080317134075
1.84733333333333,-0.252295890686951,-0.249267788968364,-0.249899207103402,-0.247673170688594
1.84766666666667,-0.251876141280036,-0.248857023561745,-0.249485294498594,-0.247267410049762
1.848,-0.251457827714106,-0.248447655697378,-0.249072795048244,-0.246863029076007
1.84833333333333,-0.251040943601907,-0.248039679196389,-0.24866170247829,-0.246460021660122
1.84866666666667,-0.250625482592053,-0.247633087914386,-0.248252010549811,-0.246058381729015
1.849,-0.250211438368804,-0.247227875741243,-0.247843713058814,-0.245658103243492
1.84933333333333,-0.249798804651789,-0.246824036600858,-0.24743680383599,-0.245259180198027
1.84966666666667,-0.249387575195818,-0.24642156445094,-0.247031276746482,-0.244861606620533
1.85,-0.248977743790594,-0.246020453282765,-0.246627125689661,-0.244465376572147
1.85033333333333,-0.248569304260531,-0.245620697120971,-0.246224344598885,-0.244070484146995
1.85066666666667,-0.248162250464479,-0.245222290023321,-0.245822927441283,-0.243676923471989
1.851,-0.247756576295517,-0.244825226080504,-0.245422868217528,-0.243284688706597
1.85133333333333,-0.247352275680719,-0.244429499415886,-0.245024160961608,-0.242893774042622
1.85166666666667,-0.246949342580934,-0.244035104185324,-0.244626799740613,-0.242504173704008
1.852,-0.246547770990541,-0.24364203457693,-0.244230778654506,-0.242115881946601
1.85233333333333,-0.246147554937254,-0.243250284810871,-0.24383609183591,-0.241728893057955
1.85266666666667,-0.245748688481874,-0.242859849139145,-0.243442733449894,-0.241343201357117
1.853,-0.245351165718093,-0.242470721845382,-0.243050697693748,-0.240958801194414
1.85333333333333,-0.244954980772258,-0.242082897244628,-0.242659978796785,-0.240575686951256
1.85366666666667,-0.244560127803165,-0.241696369683147,-0.242270571020114,-0.240193853039921
1.854,-0.24416660100183,-0.241311133538204,-0.241882468656438,-0.239813293903357
1.85433333333333,-0.243774394591306,-0.240927183217868,-0.241495666029849,-0.239434004014976
1.85466666666667,-0.243383502826434,-0.240544513160812,-0.241110157495608,-0.239055977878463
1.855,-0.242993919993663,-0.240163117836107,-0.240725937439958,-0.238679210027563
1.85533333333333,-0.242605640410831,-0.239782991743028,-0.240343000279904,-0.238303695025891
1.85566666666667,-0.242218658426949,-0.239404129410849,-0.239961340463023,-0.237929427466741
1.856,-0.241832968422015,-0.239026525398657,-0.239580952467254,-0.237556401972883
1.85633333333333,-0.241448564806794,-0.238650174295153,-0.239201830800706,-0.237184613196375
1.85666666666667,-0.241065442022625,-0.238275070718451,-0.238823970001454,-0.236814055818367
1.857,-0.240683594541223,-0.2379012093159,-0.238447364637355,-0.236444724548912
1.85733333333333,-0.24030301686447,-0.237528584763886,-0.23807200930584,-0.23607661412679
1.85766666666667,-0.239923703524228,-0.237157191767645,-0.237697898633723,-0.235709719319297
1.858,-0.239545649082135,-0.236787025061069,-0.237325027277017,-0.235344034922082
1.85833333333333,-0.239168848129419,-0.236418079406538,-0.236953389920745,-0.234979555758947
1.85866666666667,-0.238793295286698,-0.236050349594712,-0.236582981278734,-0.234616276681679
1.859,-0.238418985203792,-0.23568383044437,-0.236213796093451,-0.234254192569843
1.85933333333333,-0.238045912559536,-0.235318516802213,-0.235845829135799,-0.233893298330638
1.85966666666667,-0.237674072061581,-0.234954403542686,-0.235479075204944,-0.233533588898683
1.86,-0.237303458446223,-0.234591485567807,-0.235113529128125,-0.233175059235864
1.86033333333333,-0.236934066478202,-0.234229757806983,-0.234749185760478,-0.232817704331148
1.86066666666667,-0.236565890950529,-0.233869215216832,-0.234386039984846,-0.232461519200406
1.861,-0.236198926684297,-0.233509852781011,-0.234024086711619,-0.232106498886247
1.86133333333333,-0.235833168528497,-0.233151665510048,-0.233663320878529,-0.231752638457833
1.86166666666667,-0.235468611359848,-0.232794648441152,-0.233303737450503,-0.231399933010729
1.862,-0.23510525008261,-0.232438796638064,-0.232945331419461,-0.23104837766671
1.86233333333333,-0.234743079628409,-0.232084105190871,-0.232588097804168,-0.230697967573614
1.86266666666667,-0.23438209495606,-0.231730569215847,-0.232232031650045,-0.230348697905154
1.863,-0.234022291051396,-0.231378183855274,-0.231877128028994,-0.230000563860767
1.86333333333333,-0.233663662927087,-0.231026944277294,-0.231523382039246,-0.229653560665446
1.86366666666667,-0.233306205622475,-0.230676845675723,-0.231170788805179,-0.229307683569578
1.864,-0.232949914203401,-0.230327883269907,-0.230819343477156,-0.228962927848771
1.86433333333333,-0.232594783762036,-0.229980052304543,-0.230469041231353,-0.228619288803711
1.86466666666667,-0.232240809416706,-0.229633348049535,-0.230119877269609,-0.228276761759987
1.865,-0.231887986311737,-0.229287765799814,-0.229771846819239,-0.22793534206794
1.86533333333333,-0.231536309617282,-0.228943300875192,-0.229424945132898,-0.227595025102501
1.86566666666667,-0.231185774529153,-0.228599948620207,-0.229079167488394,-0.227255806263047
1.866,-0.230836376268666,-0.228257704403955,-0.228734509188549,-0.226917680973219
1.86633333333333,-0.230488110082471,-0.22791656361995,-0.22839096556103,-0.226580644680805
1.86666666666667,-0.230140971242398,-0.227576521685943,-0.228048531958197,-0.226244692857551
1.867,-0.229794955045287,-0.227237574043808,-0.227707203756935,-0.225909820999034
1.86733333333333,-0.229450056812847,-0.226899716159354,-0.227366976358511,-0.225576024624504
1.86766666666667,-0.229106271891478,-0.226562943522197,-0.227027845188423,-0.22524329927673
1.868,-0.228763595652126,-0.226227251645587,-0.226689805696226,-0.224911640521858
1.86833333333333,-0.228422023490133,-0.225892636066298,-0.2263528533554,-0.224581043949263
1.86866666666667,-0.228081550825066,-0.225559092344439,-0.226016983663198,-0.224251505171391
1.869,-0.227742173100582,-0.225226616063332,-0.225682192140484,-0.22392301982364
1.86933333333333,-0.227403885784267,-0.224895202829355,-0.225348474331594,-0.223595583564183
1.86966666666667,-0.227066684367483,-0.224564848271808,-0.225015825804187,-0.223269192073852
1.87,-0.226730564365228,-0.224235548042762,-0.224684242149099,-0.222943841055986
1.87033333333333,-0.226395521315977,-0.223907297816917,-0.224353718980195,-0.222619526236284
1.87066666666667,-0.226061550781543,-0.223580093291465,-0.224024251934227,-0.222296243362675
1.871,-0.225728648346925,-0.223253930185946,-0.223695836670687,-0.221973988205171
1.87133333333333,-0.225396809620169,-0.222928804242114,-0.223368468871673,-0.22165275655574
1.87166666666667,-0.225066030232214,-0.22260471122379,-0.223042144241741,-0.221332544228155
1.872,-0.224736305836759,-0.22228164691673,-0.222716858507763,-0.221013347057869
1.87233333333333,-0.224407632110113,-0.221959607128494,-0.222392607418798,-0.220695160901878
1.87266666666667,-0.224080004751063,-0.221638587688298,-0.222069386745941,-0.220377981638578
1.873,-0.223753419480727,-0.221318584446894,-0.221747192282197,-0.220061805167649
1.87333333333333,-0.223427872042413,-0.220999593276425,-0.221426019842336,-0.219746627409906
1.87366666666667,-0.223103358201485,-0.220681610070301,-0.22110586526277,-0.219432444307184
1.874,-0.222779873745236,-0.220364630743063,-0.220786724401401,-0.219119251822185
1.87433333333333,-0.222457414482724,-0.220048651230254,-0.220468593137502,-0.218807045938384
1.87466666666667,-0.222135976244669,-0.219733667488286,-0.220151467371584,-0.218495822659859
1.875,-0.221815554883299,-0.219419675494321,-0.219835343025259,-0.218185578011197
1.87533333333333,-0.221496146272221,-0.219106671246131,-0.219520216041107,-0.217876308037351
1.87566666666667,-0.221177746306297,-0.218794650761981,-0.219206082382558,-0.217568008803519
1.876,-0.220860350901498,-0.218483610080501,-0.218892938033756,-0.217260676395023
1.87633333333333,-0.220543955994785,-0.218173545260555,-0.218580778999431,-0.216954306917177
1.87666666666667,-0.220228557543978,-0.217864452381125,-0.218269601304774,-0.216648896495166
1.877,-0.219914151527628,-0.217556327541186,-0.217959400995313,-0.216344441273936
1.87733333333333,-0.219600733944879,-0.217249166859576,-0.217650174136786,-0.216040937418058
1.87766666666667,-0.219288300815359,-0.216942966474888,-0.217341916815016,-0.215738381111611
1.878,-0.218976848179044,-0.216637722545336,-0.217034625135788,-0.215436768558068
1.87833333333333,-0.218666372096135,-0.216333431248648,-0.216728295224731,-0.215136095980177
1.87866666666667,-0.218356868646931,-0.216030088781934,-0.216422923227198,-0.214836359619837
1.879,-0.21804833393171,-0.215727691361582,-0.216118505308133,-0.214537555737986
1.87933333333333,-0.217740764070603,-0.215426235223128,-0.215815037651963,-0.214239680614484
1.87966666666667,-0.217434155203486,-0.21512571662115,-0.215512516462482,-0.213942730548
1.88,-0.217128503489838,-0.214826131829144,-0.215210937962717,-0.213646701855894
1.88033333333333,-0.216823805108636,-0.214527477139411,-0.214910298394831,-0.213351590874106
1.88066666666667,-0.216520056258234,-0.214229748862953,-0.214610594019991,-0.213057393957038
1.881,-0.216217253156248,-0.213932943329346,-0.214311821118261,-0.212764107477453
1.88133333333333,-0.215915392039431,-0.213637056886637,-0.214013975988482,-0.212471727826354
1.88166666666667,-0.215614469163559,-0.213342085901228,-0.213717054948169,-0.212180251412874
1.882,-0.21531448080332,-0.213048026757764,-0.213421054333379,-0.211889674664178
1.88233333333333,-0.215015423252197,-0.212754875859036,-0.213125970498622,-0.211599994025332
1.88266666666667,-0.214717292822361,-0.212462629625849,-0.212831799816727,-0.211311205959222
1.883,-0.214420085844537,-0.212171284496931,-0.21253853867875,-0.211023306946426
1.88333333333333,-0.214123798667921,-0.211880836928822,-0.21224618349385,-0.210736293485109
1.88366666666667,-0.213828427660045,-0.211591283395767,-0.211954730689191,-0.210450162090937
1.884,-0.213533969206678,-0.211302620389603,-0.211664176709828,-0.210164909296946
1.88433333333333,-0.213240419711715,-0.211014844419668,-0.211374518018597,-0.209880531653455
1.88466666666667,-0.212947775597066,-0.210727952012676,-0.211085751096015,-0.209597025727955
1.885,-0.212656033302543,-0.210441939712636,-0.210797872440167,-0.209314388105005
1.88533333333333,-0.212365189285769,-0.210156804080728,-0.210510878566612,-0.209032615386135
1.88566666666667,-0.212075240022052,-0.209872541695215,-0.210224766008261,-0.208751704189749
1.886,-0.211786182004286,-0.209589149151335,-0.209939531315284,-0.208471651151002
1.88633333333333,-0.211498011742853,-0.209306623061203,-0.209655171055013,-0.20819245292173
1.88666666666667,-0.211210725765509,-0.209024960053702,-0.209371681811825,-0.207914106170329
1.887,-0.21092432061728,-0.208744156774396,-0.209089060187051,-0.207636607581667
1.88733333333333,-0.210638792860372,-0.208464209885426,-0.208807302798869,-0.207359953856977
1.88766666666667,-0.210354139074047,-0.208185116065404,-0.208526406282208,-0.207084141713771
1.888,-0.21007035585454,-0.207906872009326,-0.208246367288646,-0.206809167885734
1.88833333333333,-0.209787439814957,-0.207629474428472,-0.207967182486312,-0.20653502912263
1.88866666666667,-0.209505387585156,-0.207352920050308,-0.207688848559791,-0.206261722190217
1.889,-0.209224195811671,-0.207077205618387,-0.207411362210011,-0.205989243870134
1.88933333333333,-0.208943861157596,-0.206802327892265,-0.207134720154172,-0.205717590959821
1.88966666666667,-0.208664380302499,-0.206528283647392,-0.206858919125629,-0.205446760272418
1.89,-0.208385749942318,-0.206255069675035,-0.206583955873804,-0.205176748636682
1.89033333333333,-0.208107966789261,-0.205982682782167,-0.206309827164091,-0.204907552896882
1.89066666666667,-0.207831027571719,-0.205711119791393,-0.206036529777759,-0.204639169912718
1.891,-0.20755492903416,-0.205440377540838,-0.205764060511866,-0.204371596559227
1.89133333333333,-0.207279667937048,-0.205170452884076,-0.205492416179155,-0.204104829726688
1.89166666666667,-0.207005241056728,-0.204901342690025,-0.205221593607968,-0.203838866320537
1.892,-0.206731645185358,-0.204633043842864,-0.204951589642158,-0.203573703261284
1.89233333333333,-0.206458877130794,-0.204365553241943,-0.204682401140989,-0.203309337484415
1.89266666666667,-0.206186933716512,-0.204098867801691,-0.204414024979052,-0.203045765940299
1.893,-0.205915811781506,-0.203832984451533,-0.204146458046171,-0.202782985594124
1.89333333333333,-0.205645508180206,-0.203567900135796,-0.203879697247321,-0.202520993425785
1.89366666666667,-0.205376019782381,-0.203303611813631,-0.203613739502532,-0.202259786429817
1.894,-0.205107343473051,-0.20304011645892,-0.203348581746803,-0.201999361615288
1.89433333333333,-0.204839476152401,-0.202777411060184,-0.203084220930013,-0.201739716005747
1.89466666666667,-0.204572414735693,-0.202515492620521,-0.20282065401684,-0.201480846639108
1.895,-0.204306156153162,-0.20225435815749,-0.202557877986672,-0.201222750567578
1.89533333333333,-0.204040697349959,-0.201994004703055,-0.202295889833517,-0.20096542485758
1.89566666666667,-0.203776035286036,-0.201734429303487,-0.202034686565924,-0.200708866589664
1.896,-0.203512166936071,-0.201475629019282,-0.201774265206895,-0.200453072858424
1.89633333333333,-0.203249089289386,-0.201217600925078,-0.201514622793802,-0.200198040772422
1.89666666666667,-0.202986799349855,-0.200960342109583,-0.201255756378299,-0.199943767454103
1.897,-0.202725294135824,-0.20070384967548,-0.200997663026259,-0.199690250039714
1.89733333333333,-0.202464570680025,-0.20044812073936,-0.20074033981766,-0.199437485679229
1.89766666666667,-0.202204626029491,-0.200193152431629,-0.200483783846528,-0.199185471536262
1.898,-0.201945457245482,-0.199938941896436,-0.200227992220847,-0.198934204787998
1.89833333333333,-0.20168706140339,-0.199685486291593,-0.199972962062479,-0.198683682625108
1.89866666666667,-0.20142943559267,-0.199432782788497,-0.19971869050709,-0.198433902251672
1.899,-0.201172576916739,-0.199180828572048,-0.199465174704051,-0.198184860885104
1.89933333333333,-0.200916482492931,-0.198929620840577,-0.199212411816389,-0.197936555756072
1.89966666666667,-0.200661149452374,-0.198679156805764,-0.198960399020684,-0.197688984108431
1.9,-0.200406574939942,-0.198429433692569,-0.198709133506999,-0.197442143199135
1.90033333333333,-0.200152756114167,-0.198180448739148,-0.198458612478807,-0.197196030298166
1.90066666666667,-0.199899690147152,-0.197932199196774,-0.198208833152912,-0.196950642688465
1.901,-0.199647374224506,-0.19768468232978,-0.197959792759363,-0.196705977665856
1.90133333333333,-0.199395805545261,-0.197437895415466,-0.197711488541393,-0.196462032538963
1.90166666666667,-0.19914498132179,-0.19719183574404,-0.197463917755335,-0.196218804629151
1.902,-0.198894898779742,-0.19694650061853,-0.197217077670552,-0.195976291270442
1.90233333333333,-0.198645555157954,-0.196701887354716,-0.196970965569355,-0.19573448980945
1.90266666666667,-0.198396947708388,-0.196457993281069,-0.196725578746936,-0.195493397605307
1.903,-0.198149073696044,-0.196214815738659,-0.196480914511294,-0.195253012029589
1.90333333333333,-0.197901930398892,-0.195972352081104,-0.196236970183158,-0.195013330466251
1.90366666666667,-0.197655515107801,-0.195730599674485,-0.195993743095917,-0.19477435031155
1.904,-0.19740982512646,-0.195489555897274,-0.195751230595553,-0.194536068973979
1.90433333333333,-0.197164857771309,-0.195249218140283,-0.195509430040559,-0.194298483874208
1.90466666666667,-0.196920610371457,-0.195009583806562,-0.195268338801881,-0.194061592444987
1.905,-0.196677080268634,-0.194770650311367,-0.195027954262833,-0.193825392131106
1.90533333333333,-0.196434264817086,-0.194532415082059,-0.194788273819038,-0.193589880389317
1.90566666666667,-0.196192161383535,-0.194294875558058,-0.194549294878357,-0.193355054688263
1.906,-0.195950767347084,-0.194058029190765,-0.194311014860817,-0.193120912508409
1.90633333333333,-0.19571008009917,-0.193821873443491,-0.194073431198535,-0.192887451341988
1.90666666666667,-0.195470097043471,-0.193586405791404,-0.19383654133567,-0.192654668692922
1.907,-0.195230815595856,-0.193351623721446,-0.193600342728338,-0.192422562076767
1.90733333333333,-0.194992233184307,-0.193117524732282,-0.193364832844549,-0.192191129020629
1.90766666666667,-0.194754347248852,-0.192884106334223,-0.193130009164143,-0.191960367063125
1.908,-0.194517155241495,-0.192651366049162,-0.192895869178719,-0.191730273754301
1.90833333333333,-0.194280654626159,-0.19241930141052,-0.192662410391573,-0.191500846655566
1.90866666666667,-0.1940448428786,-0.192187909963164,-0.192429630317633,-0.191272083339645
1.909,-0.193809717486367,-0.191957189263364,-0.192197526483388,-0.191043981390494
1.90933333333333,-0.193575275948709,-0.191727136878708,-0.191966096426829,-0.190816538403263
1.90966666666667,-0.193341515776521,-0.191497750388054,-0.191735337697384,-0.190589751984205
1.91,-0.19310843449229,-0.191269027381466,-0.191505247855853,-0.190363619750637
1.91033333333333,-0.192876029630014,-0.191040965460142,-0.191275824474342,-0.190138139330861
1.91066666666667,-0.192644298735141,-0.190813562236359,-0.191047065136204,-0.189913308364123
1.911,-0.192413239364509,-0.190586815333415,-0.190818967435974,-0.189689124500529
1.91133333333333,-0.192182849086282,-0.190360722385559,-0.190591528979313,-0.189465585401005
1.91166666666667,-0.191953125479887,-0.190135281037943,-0.190364747382928,-0.18924268873722
1.912,-0.191724066135945,-0.189910488946536,-0.190138620274543,-0.18902043219154
1.91233333333333,-0.191495668656224,-0.189686343778103,-0.189913145292795,-0.188798813456964
1.91266666666667,-0.191267930653556,-0.189462843210109,-0.189688320087215,-0.188577830237063
1.913,-0.191040849751795,-0.189239984930682,-0.189464142318143,-0.188357480245915
1.91333333333333,-0.190814423585742,-0.189017766638547,-0.189240609656675,-0.188137761208065
1.91366666666667,-0.190588649801093,-0.188796186042966,-0.189017719784598,-0.187918670858454
1.914,-0.190363526054377,-0.188575240863678,-0.188795470394345,-0.187700206942366
1.91433333333333,-0.190139050012896,-0.188354928830852,-0.188573859188922,-0.18748236721536
1.91466666666667,-0.189915219354658,-0.188135247685024,-0.188352883881856,-0.187265149443237
1.915,-0.18969203176833,-0.187916195177028,-0.188132542197136,-0.187048551401961
1.91533333333333,-0.189469484953171,-0.187697769067959,-0.187912831869152,-0.186832570877612
1.91566666666667,-0.189247576618976,-0.187479967129108,-0.187693750642651,-0.186617205666334
1.916,-0.189026304486024,-0.187262787141907,-0.187475296272656,-0.186402453574273
1.91633333333333,-0.188805666285009,-0.187046226897862,-0.187257466524439,-0.186188312417525
1.91666666666667,-0.188585659756988,-0.186830284198525,-0.187040259173438,-0.185974780022082
1.917,-0.188366282653324,-0.186614956855412,-0.186823672005217,-0.18576185422378
1.91733333333333,-0.18814753273564,-0.186400242689962,-0.186607702815409,-0.185549532868239
1.91766666666667,-0.18792940777574,-0.186186139533482,-0.186392349409656,-0.185337813810816
1.918,-0.187711905555574,-0.185972645227088,-0.186177609603556,-0.185126694916546
1.91833333333333,-0.187495023867169,-0.18575975762166,-0.185963481222609,-0.184916174060094
1.91866666666667,-0.187278760512586,-0.185547474577781,-0.18574996210217,-0.184706249125704
1.919,-0.187063113303859,-0.185335793965688,-0.18553705008738,-0.184496918007137
1.91933333333333,-0.186848080062931,-0.185124713665219,-0.185324743033124,-0.184288178607636
1.91966666666667,-0.18663365862162,-0.184914231565764,-0.185113038803979,-0.18408002883985
1.92,-0.186419846821552,-0.184704345566199,-0.184901935274149,-0.183872466625808
1.92033333333333,-0.186206642514106,-0.184495053574866,-0.184691430327433,-0.183665489896857
1.92066666666667,-0.185994043560372,-0.184286353509483,-0.184481521857157,-0.183459096593608
1.921,-0.185782047831086,-0.184078243297121,-0.184272207766121,-0.18325328466589
1.92133333333333,-0.18557065320659,-0.183870720874139,-0.184063485966561,-0.183048052072708
1.92166666666667,-0.185359857576766,-0.183663784186148,-0.183855354380084,-0.182843396782172
1.922,-0.185149658840996,-0.183457431187944,-0.183647810937628,-0.182639316771472
1.92233333333333,-0.184940054908108,-0.183251659843475,-0.183440853579407,-0.182435810026813
1.92266666666667,-0.184731043696318,-0.183046468125777,-0.183234480254859,-0.182232874543376
1.923,-0.184522623133191,-0.182841854016933,-0.183028688922601,-0.182030508325258
1.92333333333333,-0.184314791155579,-0.182637815508026,-0.182823477550377,-0.18182870938544
1.92366666666667,-0.184107545709578,-0.182434350599087,-0.182618844115005,-0.181627475745721
1.924,-0.183900884750477,-0.182231457299051,-0.182414786602332,-0.181426805436693
1.92433333333333,-0.183694806242708,-0.182029133625701,-0.182211303007196,-0.181226696497668
1.92466666666667,-0.183489308159794,-0.181827377605633,-0.182008391333352,-0.181027146976654
1.925,-0.183284388484307,-0.181626187274193,-0.181806049593453,-0.180828154930288
1.92533333333333,-0.183080045207811,-0.181425560675449,-0.18160427580898,-0.180629718423814
1.92566666666667,-0.182876276330827,-0.18122549586213,-0.181403068010207,-0.180431835531017
1.926,-0.182673079862762,-0.181025990895582,-0.181202424236149,-0.18023450433418
1.92633333333333,-0.182470453821889,-0.180827043845728,-0.18100234253452,-0.180037722924044
1.92666666666667,-0.18226839623528,-0.180628652791023,-0.180802820961678,-0.179841489399771
1.927,-0.182066905138764,-0.180430815818397,-0.18060385758259,-0.179645801868873
1.92733333333333,-0.181865978576885,-0.180233531023218,-0.180405450470778,-0.1794506584472
1.92766666666667,-0.181665614602852,-0.180036796509257,-0.180207597708274,-0.17925605725887
1.928,-0.181465811278489,-0.17984061038862,-0.180010297385577,-0.179061996436237
1.92833333333333,-0.181266566674198,-0.179644970781727,-0.179813547601611,-0.178868474119848
1.92866666666667,-0.181067878868906,-0.179449875817251,-0.179617346463673,-0.17867548845839
1.929,-0.180869745950019,-0.179255323632089,-0.179421692087392,-0.178483037608661
1.92933333333333,-0.180672166013385,-0.1790613123713,-0.179226582596689,-0.178291119735516
1.92966666666667,-0.180475137163245,-0.178867840188086,-0.179032016123724,-0.178099733011824
1.93,-0.180278657512181,-0.178674905243725,-0.178837990808864,-0.177908875618437
1.93033333333333,-0.180082725181086,-0.178482505707547,-0.178644504800626,-0.177718545744137
1.93066666666667,-0.179887338299108,-0.17829063975688,-0.178451556255645,-0.177528741585591
1.931,-0.179692495003613,-0.178099305577007,-0.17825914333863,-0.177339461347331
1.93133333333333,-0.179498193440141,-0.17790850136114,-0.178067264222309,-0.177150703241682
1.93166666666667,-0.17930443176236,-0.17771822531036,-0.177875917087408,-0.176962465488742
1.932,-0.17911120813202,-0.177528475633585,-0.177685100122592,-0.176774746316337
1.93233333333333,-0.178918520718924,-0.177339250547526,-0.177494811524429,-0.176587543959983
1.93266666666667,-0.178726367700871,-0.177150548276646,-0.177305049497346,-0.176400856662829
1.933,-0.178534747263619,-0.176962367053124,-0.177115812253588,-0.17621468267564
1.93333333333333,-0.178343657600848,-0.176774705116805,-0.176927098013187,-0.176029020256741
1.93366666666667,-0.178153096914114,-0.176587560715175,-0.176738905003906,-0.175843867671989
1.934,-0.177963063412801,-0.176400932103307,-0.176551231461206,-0.175659223194724
1.93433333333333,-0.177773555314096,-0.176214817543828,-0.176364075628209,-0.175475085105729
1.93466666666667,-0.177584570842932,-0.176029215306872,-0.176177435755648,-0.175291451693203
1.935,-0.17739610823196,-0.175844123670057,-0.175991310101836,-0.175108321252711
1.93533333333333,-0.1772081657215,-0.175659540918426,-0.175805696932628,-0.174925692087149
1.93566666666667,-0.177020741559506,-0.175475465344431,-0.175620594521368,-0.174743562506706
1.936,-0.176833834001519,-0.175291895247866,-0.175436001148869,-0.174561930828832
1.93633333333333,-0.17664744131064,-0.175108828935861,-0.175251915103358,-0.174380795378184
1.93666666666667,-0.176461561757481,-0.174926264722817,-0.175068334680445,-0.174200154486608
1.937,-0.176276193620129,-0.174744200930387,-0.174885258183084,-0.17402000649309
1.93733333333333,-0.176091335184102,-0.174562635887423,-0.174702683921538,-0.173840349743718
1.93766666666667,-0.175906984742321,-0.174381567929949,-0.174520610213331,-0.173661182591656
1.938,-0.17572314059506,-0.174200995401124,-0.174339035383219,-0.173482503397092
1.93833333333333,-0.175539801049917,-0.174020916651203,-0.174157957763151,-0.173304310527215
1.93866666666667,-0.175356964421767,-0.173841330037495,-0.173977375692232,-0.173126602356172
1.939,-0.175174629032741,-0.173662233924334,-0.173797287516683,-0.172949377265037
1.93933333333333,-0.174992793212167,-0.173483626683043,-0.173617691589806,-0.172772633641765
1.93966666666667,-0.174811455296546,-0.17330550669189,-0.173438586271954,-0.17259636988117
1.94,-0.174630613629509,-0.173127872336061,-0.173259969930475,-0.172420584384877
1.94033333333333,-0.174450266561789,-0.172950722007623,-0.173081840939705,-0.1722452755613
1.94066666666667,-0.174270412451172,-0.172774054105483,-0.1729041976809,-0.172070441825596
1.941,-0.174091049662473,-0.172597867035356,-0.172727038542236,-0.171896081599631
1.94133333333333,-0.173912176567491,-0.172422159209738,-0.172550361918735,-0.171722193311955
1.94166666666667,-0.173733791544977,-0.172246929047858,-0.172374166212262,-0.17154877539776
1.942,-0.173555892980594,-0.172072174975645,-0.17219844983147,-0.171375826298846
1.94233333333333,-0.173378479266893,-0.171897895425712,-0.172023211191773,-0.171203344463591
1.94266666666667,-0.173201548803258,-0.171724088837293,-0.171848448715316,-0.171031328346909
1.943,-0.17302509999589,-0.171550753656239,-0.171674160830923,-0.170859776410231
1.94333333333333,-0.172849131257767,-0.171377888334957,-0.171500345974091,-0.170688687121458
1.94366666666667,-0.172673641008601,-0.171205491332398,-0.171327002586927,-0.170518058954936
1.944,-0.172498627674809,-0.171033561114011,-0.171154129118126,-0.170347890391417
1.94433333333333,-0.172324089689488,-0.170862096151713,-0.170981724022953,-0.170178179918032
1.94466666666667,-0.172150025492362,-0.17069109492386,-0.170809785763175,-0.170008926028257
1.945,-0.171976433529763,-0.170520555915211,-0.170638312807063,-0.169840127221878
1.94533333333333,-0.171803312254593,-0.170350477616897,-0.170467303629338,-0.169671782004963
1.94566666666667,-0.171630660126288,-0.170180858526384,-0.170296756711141,-0.169503888889824
1.946,-0.171458475610791,-0.170011697147445,-0.170126670540009,-0.169336446394991
1.94633333333333,-0.171286757180511,-0.169842991990128,-0.16995704360983,-0.169169453045183
1.94666666666667,-0.171115503314296,-0.169674741570728,-0.169787874420826,-0.169002907371268
1.947,-0.170944712497399,-0.169506944411745,-0.169619161479503,-0.168836807910234
1.94733333333333,-0.170774383221444,-0.169339599041864,-0.169450903298633,-0.168671153205166
1.94766666666667,-0.170604513984395,-0.169172703995919,-0.169283098397223,-0.168505941805203
1.948,-0.170435103290522,-0.169006257814854,-0.169115745300469,-0.16834117226552
1.94833333333333,-0.170266149650375,-0.168840259045712,-0.168948842539739,-0.168176843147289
1.94866666666667,-0.170097651580743,-0.168674706241581,-0.168782388652536,-0.168012953017646
1.949,-0.169929607604631,-0.168509597961579,-0.168616382182469,-0.167849500449675
1.94933333333333,-0.169762016251229,-0.168344932770822,-0.168450821679219,-0.167686484022363
1.94966666666667,-0.169594876055864,-0.168180709240394,-0.168285705698512,-0.167523902320577
1.95,-0.169428185559994,-0.168016925947308,-0.168121032802091,-0.167361753935034
1.95033333333333,-0.169261943311167,-0.16785358147448,-0.16795680155767,-0.167200037462276
1.95066666666667,-0.169096147862973,-0.167690674410717,-0.167793010538934,-0.167038751504628
1.951,-0.16893079777505,-0.167528203350656,-0.167629658325474,-0.166877894670182
1.95133333333333,-0.168765891613014,-0.167366166894765,-0.167466743502783,-0.166717465572762
1.95166666666667,-0.168601427948465,-0.167204563649292,-0.16730426466222,-0.166557462831901
1.952,-0.168437405358925,-0.167043392226248,-0.167142220400972,-0.166397885072801
1.95233333333333,-0.168273822427831,-0.166882651243377,-0.166980609322037,-0.166238730926317
1.95266666666667,-0.168110677744502,-0.166722339324123,-0.166819430034182,-0.166079999028914
1.953,-0.167947969904095,-0.166562455097602,-0.16665868115193,-0.165921688022667
1.95333333333333,-0.167785697507596,-0.16640299719858,-0.166498361295519,-0.165763796555193
1.95366666666667,-0.167623859161773,-0.166243964267438,-0.166338469090872,-0.165606323279659
1.954,-0.167462453479161,-0.16608535495015,-0.166179003169587,-0.165449266854737
1.95433333333333,-0.167301479078028,-0.16592716789825,-0.166019962168882,-0.165292625944579
1.95466666666667,-0.167140934582337,-0.165769401768804,-0.16586134473159,-0.16513639921879
1.955,-0.166980818621738,-0.165612055224391,-0.165703149506118,-0.164980585352401
1.95533333333333,-0.166821129831525,-0.165455126933068,-0.165545375146424,-0.164825183025844
1.95566666666667,-0.166661866852608,-0.165298615568339,-0.165388020311985,-0.164670190924922
1.956,-0.166503028331491,-0.165142519809141,-0.165231083667783,-0.164515607740787
1.95633333333333,-0.166344612920245,-0.164986838339809,-0.165074563884257,-0.164361432169911
1.95666666666667,-0.166186619276469,-0.164831569850047,-0.164918459637296,-0.164207662914054
1.957,-0.166029046063284,-0.164676713034909,-0.164762769608197,-0.16405429868025
1.95733333333333,-0.165871891949277,-0.164522266594769,-0.164607492483643,-0.163901338180768
1.95766666666667,-0.165715155608498,-0.164368229235286,-0.164452626955685,-0.163748780133098
1.958,-0.165558835720433,-0.164214599667397,-0.164298171721707,-0.163596623259913
1.95833333333333,-0.165402930969949,-0.164061376607274,-0.164144125484394,-0.163444866289059
1.95866666666667,-0.165247440047304,-0.163908558776308,-0.16399048695172,-0.163293507953513
1.959,-0.165092361648098,-0.16375614490108,-0.163837254836912,-0.163142546991368
1.95933333333333,-0.164937694473252,-0.163604133713333,-0.163684427858425,-0.162991982145806
1.95966666666667,-0.164783437228981,-0.163452523949954,-0.163532004739927,-0.162841812165071
1.96,-0.164629588626772,-0.163301314352939,-0.163379984210251,-0.162692035802444
1.96033333333333,-0.164476147383358,-0.163150503669376,-0.163228365003398,-0.162542651816223
1.96066666666667,-0.164323112220683,-0.163000090651423,-0.163077145858487,-0.162393658969693
1.961,-0.164170481865885,-0.162850074056264,-0.162926325519744,-0.162245056031103
1.96133333333333,-0.164018255051276,-0.162700452646113,-0.162775902736471,-0.162096841773649
1.96166666666667,-0.163866430514298,-0.162551225188163,-0.162625876263031,-0.16194901497543
1.962,-0.163715006997517,-0.16240239045458,-0.1624762448588,-0.161801574419449
1.96233333333333,-0.163563983248589,-0.162253947222473,-0.162327007288174,-0.161654518893573
1.96266666666667,-0.163413358020239,-0.162105894273864,-0.16217816232052,-0.161507847190514
1.963,-0.163263130070223,-0.161958230395672,-0.162029708730161,-0.161361558107804
1.96333333333333,-0.163113298161326,-0.161810954379687,-0.161881645296356,-0.161215650447775
1.96366666666667,-0.162963861061323,-0.161664065022548,-0.161733970803267,-0.16107012301753
1.964,-0.162814817542957,-0.161517561125712,-0.161586684039938,-0.160924974628923
1.96433333333333,-0.162666166383911,-0.161371441495437,-0.161439783800274,-0.16078020409854
1.96466666666667,-0.16251790636679,-0.161225704942765,-0.161293268883024,-0.160635810247667
1.965,-0.162370036279103,-0.161080350283481,-0.161147138091734,-0.160491791902276
1.96533333333333,-0.162222554913222,-0.16093537633811,-0.161001390234753,-0.160348147892997
1.96566666666667,-0.162075461066372,-0.160790781931881,-0.160856024125189,-0.160204877055096
1.966,-0.161928753540602,-0.160646565894703,-0.160711038580896,-0.16006197822845
1.96633333333333,-0.161782431142771,-0.160502727061156,-0.160566432424447,-0.159919450257538
1.96666666666667,-0.1616364926845,-0.160359264270459,-0.160422204483112,-0.159777291991399
1.967,-0.161490936982186,-0.160216176366445,-0.160278353588835,-0.159635502283627
1.96733333333333,-0.161345762856947,-0.160073462197544,-0.160134878578216,-0.159494079992337
1.96766666666667,-0.161200969134611,-0.159931120616756,-0.159991778292478,-0.159353023980148
1.968,-0.161056554645698,-0.159789150481644,-0.159849051577457,-0.159212333114164
1.96833333333333,-0.160912518225393,-0.159647550654286,-0.159706697283572,-0.159072006265951
1.96866666666667,-0.160768858713518,-0.159506320001278,-0.159564714265805,-0.158932042311511
1.969,-0.16062557495452,-0.159365457393701,-0.159423101383681,-0.158792440131263
1.96933333333333,-0.160482665797442,-0.159224961707096,-0.159281857501242,-0.158653198610027
1.96966666666667,-0.160340130095903,-0.159084831821451,-0.159140981487029,-0.158514316637
1.97,-0.16019796670808,-0.158945066621179,-0.159000472214056,-0.158375793105725
1.97033333333333,-0.160056174496671,-0.15880566499509,-0.158860328559798,-0.158237626914085
1.97066666666667,-0.159914752328899,-0.158666625836371,-0.15872054940616,-0.158099816964278
1.971,-0.159773699076463,-0.158527948042582,-0.158581133639457,-0.15796236216279
1.97133333333333,-0.15963301361554,-0.158389630515603,-0.158442080150401,-0.157825261420382
1.97166666666667,-0.159492694826745,-0.158251672161649,-0.158303387834068,-0.157688513652066
1.972,-0.159352741595119,-0.158114071891218,-0.158165055589887,-0.157552117777082
1.97233333333333,-0.159213152810111,-0.157976828619099,-0.158027082321612,-0.157416072718887
1.97266666666667,-0.159073927365547,-0.157839941264327,-0.157889466937308,-0.157280377405123
1.973,-0.15893506415962,-0.157703408750172,-0.157752208349328,-0.157145030767607
1.97333333333333,-0.15879656209486,-0.157567230004131,-0.157615305474291,-0.157010031742306
1.97366666666667,-0.158658420078123,-0.157431403957888,-0.157478757233061,-0.156875379269318
1.974,-0.158520637020556,-0.157295929547309,-0.157342562550731,-0.156741072292855
1.97433333333333,-0.158383211837593,-0.157160805712412,-0.157206720356602,-0.156607109761217
1.97466666666667,-0.158246143448925,-0.157026031397359,-0.157071229584157,-0.15647349062678
1.975,-0.158109430778478,-0.156891605550421,-0.156936089171048,-0.156340213845973
1.97533333333333,-0.157973072754408,-0.156757527123973,-0.156801298059076,-0.156207278379264
1.97566666666667,-0.157837068309054,-0.156623795074466,-0.156666855194166,-0.156074683191123
1.976,-0.157701416378949,-0.156490408362413,-0.156532759526355,-0.155942427250033
1.97633333333333,-0.157566115904772,-0.156357365952363,-0.156399010009761,-0.155810509528443
1.97666666666667,-0.157431165831355,-0.156224666812893,-0.156265605602583,-0.155678929002762
1.977,-0.157296565107642,-0.156092309916577,-0.156132545267057,-0.155547684653345
1.97733333333333,-0.157162312686678,-0.155960294239975,-0.155999827969464,-0.155416775464461
1.97766666666667,-0.157028407525592,-0.155828618763612,-0.155867452680081,-0.155286200424288
1.978,-0.156894848585571,-0.155697282471956,-0.155735418373191,-0.155155958524887
1.97833333333333,-0.15676163483185,-0.155566284353411,-0.155603724027047,-0.155026048762178
1.97866666666667,-0.156628765233689,-0.155435623400281,-0.155472368623855,-0.154896470135941
1.979,-0.156496238764346,-0.155305298608765,-0.155341351149762,-0.154767221649772
1.97933333333333,-0.15636405440107,-0.155175308978939,-0.155210670594833,-0.154638302311098
1.97966666666667,-0.156232211125081,-0.155045653514729,-0.155080325953029,-0.154509711131119
1.98,-0.156100707921541,-0.1549163312239,-0.154950316222199,-0.154381447124831
1.98033333333333,-0.155969543779547,-0.154787341118031,-0.154820640404053,-0.154253509310968
1.98066666666667,-0.155838717692107,-0.154658682212512,-0.154691297504147,-0.154125896712022
1.981,-0.155708228656129,-0.154530353526507,-0.154562286531862,-0.153998608354204
1.98133333333333,-0.15557807567238,-0.154402354082952,-0.154433606500395,-0.153871643267429
1.98166666666667,-0.155448257745504,-0.154274682908526,-0.15430525642673,-0.153745000485295
1.982,-0.155318773883976,-0.154147339033648,-0.154177235331625,-0.153618679045085
1.98233333333333,-0.155189623100088,-0.154020321492436,-0.154049542239598,-0.153492677987728
1.98266666666667,-0.155060804409947,-0.153893629322722,-0.153922176178907,-0.15336699635779
1.983,-0.15493231683344,-0.153767261565998,-0.15379513618153,-0.153241633203461
1.98333333333333,-0.154804159394219,-0.153641217267441,-0.153668421283147,-0.153116587576533
1.98366666666667,-0.154676331119691,-0.153515495475849,-0.153542030523133,-0.152991858532383
1.984,-0.154548831041004,-0.153390095243661,-0.153415962944525,-0.152867445129963
1.98433333333333,-0.154421658193008,-0.153265015626932,-0.153290217594017,-0.152743346431773
1.98466666666667,-0.154294811614264,-0.153140255685304,-0.153164793521943,-0.152619561503854
1.985,-0.154168290347008,-0.153015814481997,-0.15303968978225,-0.152496089415768
1.98533333333333,-0.154042093437145,-0.152891691083796,-0.152914905432489,-0.152372929240577
1.98566666666667,-0.15391621993423,-0.152767884561029,-0.1527904395338,-0.152250080054838
1.986,-0.153790668891441,-0.152644393987558,-0.152666291150893,-0.152127540938571
1.98633333333333,-0.153665439365575,-0.15252121844075,-0.152542459352028,-0.152005310975262
1.98666666666667,-0.153540530417033,-0.152398357001475,-0.152418943209008,-0.151883389251833
1.987,-0.153415941109789,-0.15227580875408,-0.152295741797144,-0.151761774858628
1.98733333333333,-0.15329167051138,-0.152153572786378,-0.152172854195262,-0.151640466889398
1.98766666666667,-0.1531677176929,-0.152031648189631,-0.152050279485677,-0.151519464441294
1.988,-0.153044081728968,-0.151910034058533,-0.151928016754165,-0.151398766614837
1.98833333333333,-0.152920761697725,-0.151788729491191,-0.151806065089972,-0.151278372513913
1.98866666666667,-0.152797756680799,-0.151667733589122,-0.151684423585769,-0.151158281245751
1.989,-0.152675065763319,-0.151547045457224,-0.151563091337665,-0.151038491920915
1.98933333333333,-0.152552688033867,-0.151426664203762,-0.151442067445171,-0.150919003653283
1.98966666666667,-0.152430622584485,-0.151306588940364,-0.151321351011193,-0.150799815560028
1.99,-0.152308868510647,-0.15118681878199,-0.151200941142009,-0.150680926761617
1.99033333333333,-0.152187424911248,-0.151067352846929,-0.15108083694727,-0.150562336381778
1.99066666666667,-0.152066290888586,-0.15094819025678,-0.150961037539965,-0.150444043547498
1.991,-0.15194546554835,-0.15082933013643,-0.150841542036415,-0.150326047389008
1.99133333333333,-0.151824947999605,-0.150710771614052,-0.15072234955626,-0.150208347039755
1.99166666666667,-0.151704737354767,-0.150592513821077,-0.150603459222444,-0.150090941636405
1.992,-0.1515848327296,-0.150474555892191,-0.150484870161184,-0.149973830318814
1.99233333333333,-0.151465233243192,-0.150356896965317,-0.150366581501986,-0.149857012230026
1.99266666666667,-0.151345938017949,-0.150239536181584,-0.150248592377599,-0.149740486516242
1.993,-0.151226946179567,-0.150122472685344,-0.15013090192402,-0.149624252326821
1.99333333333333,-0.151108256857029,-0.150005705624128,-0.150013509280466,-0.14950830881426
1.99366666666667,-0.150989869182584,-0.149889234148648,-0.149896413589374,-0.149392655134186
1.994,-0.150871782291733,-0.149773057412775,-0.149779613996373,-0.149277290445319
1.99433333333333,-0.150753995323218,-0.149657174573532,-0.149663109650276,-0.149162213909488
1.99466666666667,-0.150636507418999,-0.149541584791072,-0.149546899703063,-0.149047424691597
1.995,-0.150519317724246,-0.149426287228668,-0.149430983309875,-0.14893292195962
1.99533333333333,-0.150402425387325,-0.149311281052702,-0.149315359628983,-0.148818704884585
1.99566666666667,-0.150285829559782,-0.149196565432639,-0.149200027821788,-0.148704772640558
1.996,-0.150169529396326,-0.149082139541031,-0.149084987052803,-0.148591124404628
1.99633333333333,-0.150053524054821,-0.148968002553483,-0.148970236489641,-0.1484777593569
1.99666666666667,-0.149937812696254,-0.14885415364866,-0.148855775302991,-0.148364676680476
1.997,-0.149822394484755,-0.148740592008257,-0.148741602666619,-0.148251875561445
1.99733333333333,-0.149707268587546,-0.148627316816993,-0.148627717757344,-0.148139355188864
1.99766666666667,-0.149592434174951,-0.148514327262592,-0.148514119755025,-0.148027114754746
1.998,-0.149477890420374,-0.148401622535783,-0.148400807842552,-0.147915153454055
1.99833333333333,-0.149363636500286,-0.148289201830265,-0.148287781205827,-0.147803470484683
1.99866666666667,-0.149249671594206,-0.148177064342712,-0.148175039033756,-0.147692065047439
1.999,-0.149135994884698,-0.148065209272753,-0.148062580518231,-0.147580936346041
1.99933333333333,-0.14902260555735,-0.147953635822957,-0.147950404854118,-0.147470083587092
1.99966666666667,-0.148909502800757,-0.147842343198824,-0.147838511239244,-0.147359505980084
2,-0.148796685806522,-0.147731330608765,-0.147726898874384,-0.147249202737361
