"Freq [GHz]","dB(S(1,2)) []","dB(S(1,3)) []","dB(S(1,4)) []","dB(S(2,3)) []","dB(S(2,4)) []","dB(S(3,4)) []"
1,-82.3802217112626,-80.1772367918485,-82.3247832885835,-82.4070090480157,-80.193990787895,-82.3822251287861
1.00033333333333,-82.3735046113748,-80.1666841951685,-82.3180726830781,-82.4003332206687,-80.183456576634,-82.3753977217233
1.00066666666667,-82.3667776414361,-80.1561247086961,-82.3113521932245,-82.3936475325856,-80.1729155103704,-82.3685604085117
1.001,-82.3600407801735,-80.1455583254755,-82.3046217976719,-82.386951962133,-80.1623675821149,-82.3617131680056
1.00133333333333,-82.3532940062833,-80.1349850385428,-82.2978814750389,-82.380246487646,-80.1518127848707,-82.3548559790305
1.00166666666667,-82.3465372984321,-80.1244048409269,-82.2911312039142,-82.3735310874283,-80.1412511116334,-82.3479888203833
1.002,-82.3397706352559,-80.1138177256487,-82.2843709628564,-82.3668057397524,-80.1306825553909,-82.3411116708324
1.00233333333333,-82.3329939953607,-80.1032236857216,-82.2776007303938,-82.3600704228595,-80.1201071091239,-82.3342245091175
1.00266666666667,-82.3262073573228,-80.0926227141512,-82.2708204850251,-82.3533251149596,-80.109524765805,-82.32732731395
1.003,-82.3194106996881,-80.0820148039355,-82.2640302052188,-82.3465697942319,-80.0989355183993,-82.3204200640127
1.00333333333333,-82.3126040009729,-80.0713999480645,-82.2572298694138,-82.3398044388243,-80.0883393598643,-82.3135027379605
1.00366666666667,-82.3057872396636,-80.0607781395207,-82.2504194560192,-82.3330290268539,-80.0777362831497,-82.3065753144198
1.004,-82.2989603942169,-80.0501493712785,-82.2435989434144,-82.3262435364069,-80.0671262811976,-82.2996377719888
1.00433333333333,-82.2921234430598,-80.0395136363047,-82.2367683099492,-82.3194479455387,-80.0565093469422,-82.2926900892377
1.00466666666667,-82.2852763645896,-80.0288709275582,-82.2299275339437,-82.3126422322739,-80.0458854733101,-82.2857322447089
1.005,-82.2784191371745,-80.0182212379899,-82.2230765936889,-82.3058263746067,-80.03525465322,-82.2787642169165
1.00533333333333,-82.2715517391527,-80.0075645605431,-82.2162154674461,-82.2990003505003,-80.0246168795827,-82.2717859843471
1.00566666666667,-82.2646741488333,-79.9969008881529,-82.2093441334476,-82.2921641378879,-80.0139721453014,-82.2647975254592
1.006,-82.2577863444962,-79.9862302137465,-82.2024625698961,-82.285317714672,-80.0033204432713,-82.2577988186839
1.00633333333333,-82.250888304392,-79.9755525302432,-82.1955707549655,-82.2784610587247,-79.9926617663797,-82.2507898424246
1.00666666666667,-82.2439800067419,-79.9648678305544,-82.1886686668003,-82.2715941478881,-79.981996107506,-82.243770575057
1.007,-82.2370614297386,-79.9541761075833,-82.1817562835163,-82.2647169599738,-79.9713234595218,-82.2367409949296
1.00733333333333,-82.2301325515452,-79.9434773542252,-82.1748335832003,-82.2578294727635,-79.9606438152906,-82.2297010803633
1.00766666666667,-82.2231933502964,-79.9327715633673,-82.1679005439102,-82.2509316640089,-79.9499571676681,-82.2226508096517
1.008,-82.2162438040978,-79.9220587278888,-82.160957143675,-82.2440235114316,-79.9392635095017,-82.2155901610616
1.00833333333333,-82.2092838910262,-79.9113388406607,-82.1540033604955,-82.2371049927234,-79.9285628336312,-82.2085191128321
1.00866666666667,-82.2023135891301,-79.9006118945458,-82.1470391723434,-82.2301760855464,-79.917855132888,-82.2014376431756
1.009,-82.195332876429,-79.889877882399,-82.1400645571621,-82.2232367675329,-79.9071404000956,-82.1943457302775
1.00933333333333,-82.1883417309141,-79.8791367970669,-82.1330794928668,-82.2162870162857,-79.8964186280695,-82.1872433522962
1.00966666666667,-82.1813401305483,-79.8683886313877,-82.1260839573439,-82.2093268093778,-79.8856898096169,-82.1801304873635
1.01,-82.174328053266,-79.8576333781917,-82.1190779284519,-82.2023561243532,-79.8749539375369,-82.1730071135843
1.01033333333333,-82.1673054769734,-79.8468710303008,-82.112061384021,-82.1953749387262,-79.8642110046206,-82.165873209037
1.01066666666667,-82.1602723795486,-79.8361015805286,-82.1050343018534,-82.1883832299818,-79.8534610036507,-82.1587287517736
1.011,-82.1532287388415,-79.8253250216805,-82.0979966597232,-82.1813809755762,-79.8427039274018,-82.1515737198193
1.01133333333333,-82.1461745326743,-79.8145413465536,-82.0909484353766,-82.1743681529361,-79.8319397686405,-82.1444080911732
1.01166666666667,-82.1391097388409,-79.8037505479365,-82.0838896065321,-82.1673447394595,-79.8211685201246,-82.1372318438083
1.012,-82.1320343351078,-79.7929526186096,-82.0768201508804,-82.1603107125152,-79.8103901746042,-82.130044955671
1.01233333333333,-82.1249482992136,-79.7821475513448,-82.0697400460847,-82.1532660494434,-79.7996047248208,-82.122847404682
1.01266666666667,-82.1178516088693,-79.7713353389057,-82.0626492697802,-82.1462107275555,-79.7888121635075,-82.1156391687359
1.013,-82.1107442417582,-79.7605159740474,-82.0555477995753,-82.1391447241342,-79.7780124833893,-82.1084202257013
1.01333333333333,-82.1036261755365,-79.7496894495165,-82.0484356130506,-82.1320680164339,-79.7672056771827,-82.101190553421
1.01366666666667,-82.0964973878329,-79.7388557580511,-82.0413126877595,-82.1249805816803,-79.7563917375958,-82.0939501297124
1.014,-82.0893578562487,-79.7280148923808,-82.0341790012284,-82.1178823970708,-79.7455706573282,-82.086698932367
1.01433333333333,-82.0822075583583,-79.7171668452269,-82.0270345309564,-82.1107734397747,-79.7347424290713,-82.0794369391508
1.01466666666667,-82.0750464717088,-79.7063116093017,-82.0198792544157,-82.1036536869328,-79.7239070455076,-82.0721641278045
1.015,-82.0678745738206,-79.6954491773093,-82.0127131490519,-82.0965231156583,-79.7130644993117,-82.0648804760433
1.01533333333333,-82.0606918421871,-79.6845795419449,-82.0055361922833,-82.0893817030361,-79.7022147831491,-82.0575859615575
1.01566666666667,-82.0534982542748,-79.6737026958953,-81.9983483615019,-82.0822294261233,-79.6913578896772,-82.0502805620121
1.016,-82.0462937875237,-79.6628186318385,-81.9911496340729,-82.0750662619493,-79.6804938115445,-82.0429642550469
1.01633333333333,-82.0390784193472,-79.6519273424439,-81.9839399873352,-82.0678921875158,-79.669622541391,-82.0356370182771
1.01666666666667,-82.0318521271322,-79.641028820372,-81.9767193986012,-82.060707179797,-79.6587440718483,-82.0282988292928
1.017,-82.0246148882392,-79.6301230582748,-81.969487845157,-82.0535112157396,-79.6478583955391,-82.0209496656595
1.01733333333333,-82.0173666800025,-79.6192100487954,-81.9622453042625,-82.0463042722629,-79.6369655050775,-82.0135895049182
1.01766666666667,-82.0101074797302,-79.6082897845681,-81.9549917531516,-82.0390863262591,-79.6260653930689,-82.0062183245852
1.018,-82.0028372647042,-79.5973622582184,-81.9477271690322,-82.0318573545929,-79.61515805211,-81.9988361021525
1.01833333333333,-81.9955560121808,-79.5864274623631,-81.9404515290864,-82.0246173341025,-79.6042434747887,-81.9914428150876
1.01866666666667,-81.9882636993902,-79.5754853896099,-81.9331648104702,-82.0173662415987,-79.5933216536843,-81.9840384408342
1.019,-81.9809603035366,-79.5645360325578,-81.9258669903144,-82.0101040538657,-79.5823925813671,-81.9766229568115
1.01933333333333,-81.9736458017991,-79.5535793837967,-81.9185580457239,-82.002830747661,-79.5714562503986,-81.9691963404149
1.01966666666667,-81.9663201713308,-79.5426154359078,-81.9112379537784,-81.9955462997153,-79.5605126533315,-81.961758569016
1.02,-81.9589833892597,-79.531644181463,-81.9039066915319,-81.988250686733,-79.5495617827097,-81.9543096199623
1.02033333333333,-81.9516354326882,-79.5206656130254,-81.8965642360137,-81.9809438853921,-79.5386036310682,-81.9468494705781
1.02066666666667,-81.9442762786937,-79.5096797231492,-81.8892105642275,-81.9736258723441,-79.5276381909328,-81.9393780981637
1.021,-81.9369059043284,-79.4986865043793,-81.8818456531522,-81.9662966242147,-79.5166654548207,-81.9318954799963
1.02133333333333,-81.9295242866194,-79.4876859492516,-81.8744694797417,-81.9589561176032,-79.5056854152399,-81.9244015933296
1.02166666666667,-81.9221314025691,-79.476678050293,-81.8670820209254,-81.9516043290832,-79.4946980646895,-81.9168964153941
1.022,-81.9147272291551,-79.4656628000211,-81.8596832536076,-81.9442412352023,-79.4837033956594,-81.9093799233972
1.02233333333333,-81.9073117433304,-79.4546401909445,-81.8522731546683,-81.9368668124825,-79.4727014006307,-81.9018520945233
1.02266666666667,-81.8998849220232,-79.4436102155625,-81.844851700963,-81.9294810374204,-79.4616920720753,-81.894312905934
1.023,-81.8924467421375,-79.4325728663652,-81.8374188693229,-81.9220838864866,-79.4506754024559,-81.8867623347679
1.02333333333333,-81.8849971805529,-79.4215281358336,-81.829974636555,-81.9146753361269,-79.4396513842261,-81.8792003581413
1.02366666666667,-81.8775362141249,-79.4104760164392,-81.822518979442,-81.9072553627616,-79.4286200098304,-81.8716269531477
1.024,-81.8700638196848,-79.3994165006444,-81.815051874743,-81.8998239427858,-79.4175812717041,-81.8640420968582
1.02433333333333,-81.86257997404,-79.3883495809023,-81.8075732991928,-81.8923810525699,-79.4065351622733,-81.8564457663217
1.02466666666667,-81.855084653974,-79.3772752496563,-81.8000832295027,-81.884926668459,-79.3954816739546,-81.848837938565
1.025,-81.8475778362467,-79.366193499341,-81.7925816423605,-81.8774607667739,-79.3844207991558,-81.8412185905925
1.02533333333333,-81.8400594975942,-79.355104322381,-81.7850685144302,-81.8699833238104,-79.3733525302749,-81.8335876993871
1.02566666666667,-81.8325296147294,-79.3440077111919,-81.7775438223525,-81.8624943158402,-79.362276859701,-81.8259452419096
1.026,-81.8249881643415,-79.3329036581796,-81.770007542745,-81.8549937191101,-79.3511937798135,-81.818291195099
1.02633333333333,-81.8174351230967,-79.3217921557407,-81.7624596522021,-81.847481509843,-79.3401032829825,-81.8106255358731
1.02666666666667,-81.809870467638,-79.3106731962622,-81.7549001272951,-81.8399576642377,-79.329005361569,-81.8029482411279
1.027,-81.8022941745855,-79.2995467721214,-81.7473289445724,-81.8324221584687,-79.317900007924,-81.7952592877383
1.02733333333333,-81.7947062205362,-79.2884128756862,-81.7397460805597,-81.824874968687,-79.3067872143896,-81.7875586525577
1.02766666666667,-81.7871065820646,-79.277271499315,-81.7321515117602,-81.8173160710195,-79.295666973298,-81.7798463124188
1.028,-81.7794952357225,-79.2661226353563,-81.7245452146543,-81.8097454415697,-79.2845392769721,-81.772122244133
1.02833333333333,-81.7718721580391,-79.2549662761492,-81.7169271657001,-81.8021630564176,-79.2734041177252,-81.7643864244911
1.02866666666667,-81.7642373255215,-79.2438024140229,-81.7092973413337,-81.7945688916198,-79.2622614878609,-81.7566388302631
1.029,-81.7565907146542,-79.2326310412969,-81.7016557179687,-81.7869629232097,-79.2511113796733,-81.7488794381985
1.02933333333333,-81.7489323018999,-79.2214521502813,-81.6940022719971,-81.7793451271974,-79.2399537854468,-81.7411082250261
1.02966666666667,-81.7412620636993,-79.210265733276,-81.6863369797886,-81.7717154795705,-79.2287886974564,-81.7333251674548
1.03,-81.733579976471,-79.1990717825712,-81.6786598176915,-81.7640739562933,-79.217616107967,-81.725530242173
1.03033333333333,-81.7258860166122,-79.1878702904475,-81.6709707620323,-81.7564205333077,-79.206436009234,-81.717723425849
1.03066666666667,-81.7181801604983,-79.1766612491754,-81.6632697891163,-81.748755186533,-79.1952483935031,-81.7099046951316
1.031,-81.7104623844834,-79.1654446510156,-81.655556875227,-81.741077891866,-79.18405325301,-81.7020740266492
1.03133333333333,-81.7027326649002,-79.1542204882189,-81.6478319966272,-81.7333886251813,-79.1728505799809,-81.694231397011
1.03166666666667,-81.6949909780602,-79.1429887530261,-81.6400951295584,-81.7256873623314,-79.1616403666319,-81.6863767828065
1.032,-81.687237300254,-79.131749437668,-81.632346250241,-81.7179740791465,-79.1504226051694,-81.6785101606059
1.03233333333333,-81.6794716077511,-79.1205025343656,-81.6245853348751,-81.7102487514355,-79.1391972877898,-81.6706315069599
1.03266666666667,-81.6716938768003,-79.1092480353296,-81.6168123596395,-81.7025113549851,-79.1279644066795,-81.6627407984004
1.033,-81.6639040836299,-79.0979859327607,-81.609027300693,-81.6947618655606,-79.1167239540152,-81.6548380114402
1.03333333333333,-81.6561022044475,-79.0867162188497,-81.6012301341739,-81.6870002589058,-79.1054759219635,-81.646923122573
1.03366666666667,-81.6482882154405,-79.075438885777,-81.5934208362001,-81.6792265107433,-79.0942203026809,-81.6389961082743
1.034,-81.6404620927759,-79.064153925713,-81.5855993828695,-81.6714405967745,-79.0829570883138,-81.6310569450004
1.03433333333333,-81.632623812601,-79.052861330818,-81.5777657502602,-81.6636424926799,-79.0716862709988,-81.6231056091897
1.03466666666667,-81.6247733510426,-79.0415610932418,-81.5699199144301,-81.6558321741189,-79.0604078428623,-81.6151420772622
1.035,-81.6169106842083,-79.0302532051243,-81.5620618514179,-81.6480096167305,-79.0491217960203,-81.6071663256194
1.03533333333333,-81.6090357881856,-79.0189376585948,-81.5541915372425,-81.6401747961329,-79.0378281225791,-81.5991783306452
1.03566666666667,-81.6011486390428,-79.0076144457725,-81.5463089479033,-81.6323276879239,-79.0265268146343,-81.5911780687055
1.036,-81.5932492128285,-78.9962835587663,-81.5384140593808,-81.6244682676813,-79.0152178642717,-81.5831655161483
1.03633333333333,-81.5853374855726,-78.9849449896746,-81.5305068476361,-81.6165965109624,-79.0039012635667,-81.5751406493044
1.03666666666667,-81.5774134332853,-78.9735987305853,-81.5225872886116,-81.6087123933048,-78.9925770045843,-81.5671034444867
1.037,-81.5694770319585,-78.9622447735762,-81.5146553582308,-81.6008158902263,-78.9812450793793,-81.5590538779911
1.03733333333333,-81.5615282575648,-78.9508831107144,-81.5067110323984,-81.5929069772248,-78.9699054799962,-81.5509919260963
1.03766666666667,-81.5535670860586,-78.9395137340565,-81.4987542870008,-81.5849856297789,-78.958558198469,-81.542917565064
1.038,-81.5455934933755,-78.9281366356488,-81.4907850979061,-81.5770518233479,-78.9472032268214,-81.534830771139
1.03833333333333,-81.537607455433,-78.9167518075267,-81.482803440964,-81.5691055333716,-78.9358405570667,-81.5267315205493
1.03866666666667,-81.5296089481302,-78.9053592417153,-81.4748092920062,-81.5611467352712,-78.9244701812074,-81.5186197895067
1.039,-81.5215979473483,-78.893958930229,-81.4668026268466,-81.5531754044485,-78.9130920912361,-81.5104955542062
1.03933333333333,-81.5135744289508,-78.8825508650715,-81.4587834212813,-81.5451915162869,-78.9017062791342,-81.5023587908267
1.03966666666667,-81.5055383687831,-78.871135038236,-81.4507516510888,-81.5371950461513,-78.8903127368731,-81.494209475531
1.04,-81.4974897426734,-78.8597114417046,-81.4427072920302,-81.5291859693879,-78.8789114564133,-81.4860475844659
1.04033333333333,-81.4894285264322,-78.8482800674491,-81.4346503198492,-81.5211642613249,-78.8675024297047,-81.4778730937624
1.04066666666667,-81.4813546958529,-78.8368409074302,-81.4265807102725,-81.5131298972722,-78.8560856486866,-81.4696859795359
1.041,-81.4732682267117,-78.825393953598,-81.4184984390098,-81.5050828525219,-78.8446611052876,-81.4614862178861
1.04133333333333,-81.465169094768,-78.8139391978917,-81.410403481754,-81.4970231023482,-78.8332287914256,-81.4532737848977
1.04166666666667,-81.4570572757644,-78.8024766322396,-81.4022958141814,-81.4889506220079,-78.8217886990078,-81.4450486566399
1.042,-81.4489327454266,-78.7910062485591,-81.3941754119515,-81.4808653867402,-78.8103408199304,-81.4368108091669
1.04233333333333,-81.4407954794641,-78.7795280387566,-81.3860422507079,-81.4727673717671,-78.7988851460791,-81.4285602185183
1.04266666666667,-81.43264545357,-78.7680419947278,-81.3778963060777,-81.4646565522933,-78.7874216693285,-81.4202968607185
1.043,-81.4244826434212,-78.7565481083569,-81.3697375536721,-81.4565329035067,-78.7759503815423,-81.4120207117777
1.04333333333333,-81.4163070246788,-78.7450463715176,-81.3615659690864,-81.4483964005785,-78.7644712745736,-81.4037317476916
1.04366666666667,-81.4081185729877,-78.7335367760723,-81.3533815279003,-81.4402470186632,-78.7529843402642,-81.3954299444415
1.044,-81.3999172639775,-78.7220193138721,-81.3451842056779,-81.4320847328986,-78.7414895704451,-81.3871152779949
1.04433333333333,-81.3917030732621,-78.7104939767574,-81.3369739779679,-81.4239095184066,-78.7299869569363,-81.378787724305
1.04466666666667,-81.3834759764401,-78.698960756557,-81.3287508203039,-81.4157213502929,-78.7184764915466,-81.3704472593115
1.045,-81.375235949095,-78.6874196450888,-81.3205147082044,-81.407520203647,-78.706958166074,-81.3620938589403
1.04533333333333,-81.366982966795,-78.6758706341593,-81.3122656171729,-81.3993060535429,-78.6954319723051,-81.3537274991041
1.04566666666667,-81.3587170050939,-78.6643137155639,-81.3040035226985,-81.391078875039,-78.6838979020155,-81.345348155702
1.046,-81.3504380395303,-78.6527488810865,-81.2957284002553,-81.382838643178,-78.6723559469697,-81.3369558046201
1.04633333333333,-81.3421460456288,-78.6411761224998,-81.2874402253036,-81.3745853329877,-78.6608060989209,-81.3285504217317
1.04666666666667,-81.3338409988992,-78.6295954315651,-81.2791389732891,-81.3663189194805,-78.6492483496109,-81.320131982897
1.047,-81.3255228748375,-78.6180068000323,-81.2708246196435,-81.3580393776542,-78.6376826907706,-81.3117004639638
1.04733333333333,-81.3171916489254,-78.6064102196397,-81.2624971397847,-81.3497466824916,-78.6261091141192,-81.3032558407672
1.04766666666667,-81.3088472966309,-78.5948056821145,-81.2541565091169,-81.3414408089611,-78.6145276113648,-81.2947980891303
1.048,-81.3004897934083,-78.5831931791721,-81.2458027030308,-81.3331217320166,-78.6029381742041,-81.2863271848638
1.04833333333333,-81.2921191146984,-78.5715727025164,-81.2374356969038,-81.324789426598,-78.5913407943222,-81.2778431037666
1.04866666666667,-81.2837352359287,-78.5599442438398,-81.2290554660999,-81.316443867631,-78.5797354633931,-81.2693458216256
1.049,-81.2753381325134,-78.5483077948231,-81.2206619859703,-81.3080850300274,-78.5681221730789,-81.2608353142162
1.04933333333333,-81.266927779854,-78.5366633471353,-81.2122552318534,-81.2997128886856,-78.5565009150306,-81.2523115573024
1.04966666666667,-81.2585041533388,-78.5250108924339,-81.2038351790746,-81.2913274184903,-78.5448716808873,-81.2437745266367
1.05,-81.2500672283439,-78.5133504223647,-81.1954018029474,-81.282928594313,-78.5332344622767,-81.2352241979607
1.05033333333333,-81.2416169802327,-78.5016819285615,-81.1869550787723,-81.274516391012,-78.521589250815,-81.2266605470049
1.05066666666667,-81.2331533843562,-78.4900054026466,-81.1784949818383,-81.2660907834328,-78.5099360381064,-81.2180835494889
1.051,-81.2246764160536,-78.4783208362305,-81.170021487422,-81.2576517464078,-78.4982748157437,-81.209493181122
1.05133333333333,-81.2161860506519,-78.4666282209115,-81.1615345707885,-81.2491992547573,-78.486605575308,-81.2008894176029
1.05166666666667,-81.2076822634665,-78.4549275482763,-81.1530342071911,-81.240733283289,-78.4749283083683,-81.1922722346198
1.052,-81.1991650298011,-78.4432188098997,-81.1445203718718,-81.2322538067982,-78.4632430064823,-81.1836416078513
1.05233333333333,-81.1906343249481,-78.4315019973444,-81.1359930400613,-81.2237608000685,-78.4515496611954,-81.1749975129656
1.05266666666667,-81.1820901241888,-78.4197771021612,-81.1274521869794,-81.2152542378716,-78.4398482640415,-81.1663399256215
1.053,-81.1735324027932,-78.4080441158887,-81.1188977878347,-81.2067340949674,-78.4281388065424,-81.157668821468
1.05333333333333,-81.1649611360206,-78.3963030300537,-81.1103298178254,-81.1982003461045,-78.416421280208,-81.1489841761448
1.05366666666667,-81.1563762991196,-78.3845538361707,-81.101748252139,-81.1896529660201,-78.4046956765363,-81.1402859652823
1.054,-81.1477778673283,-78.372796525742,-81.0931530659529,-81.1810919294406,-78.3929619870132,-81.1315741645021
1.05433333333333,-81.1391658158745,-78.361031090258,-81.0845442344341,-81.1725172110813,-78.3812202031125,-81.1228487494167
1.05466666666667,-81.1305401199759,-78.3492575211967,-81.0759217327397,-81.1639287856467,-78.3694703162963,-81.1141096956299
1.055,-81.1219007548402,-78.3374758100238,-81.0672855360171,-81.1553266278309,-78.3577123180141,-81.1053569787372
1.05533333333333,-81.1132476956654,-78.3256859481928,-81.058635619404,-81.146710712318,-78.3459461997035,-81.0965905743256
1.05566666666667,-81.1045809176399,-78.3138879271449,-81.0499719580287,-81.1380810137814,-78.3341719527899,-81.087810457974
1.056,-81.0959003959427,-78.3020817383089,-81.0412945270105,-81.1294375068851,-78.3223895686863,-81.0790166052533
1.05633333333333,-81.0872061057436,-78.2902673731013,-81.0326033014593,-81.120780166283,-78.3105990387939,-81.0702089917267
1.05666666666667,-81.0784980222034,-78.2784448229259,-81.0238982564765,-81.1121089666198,-78.298800354501,-81.0613875929498
1.057,-81.0697761204741,-78.2666140791743,-81.0151793671544,-81.1034238825305,-78.2869935071841,-81.0525523844705
1.05733333333333,-81.0610403756991,-78.2547751332255,-81.0064466085774,-81.0947248886413,-78.2751784882068,-81.0437033418299
1.05766666666667,-81.0522907630131,-78.2429279764459,-80.9976999558212,-81.0860119595691,-78.2633552889209,-81.0348404405617
1.058,-81.0435272575429,-78.2310726001894,-80.9889393839534,-81.0772850699223,-78.2515239006652,-81.0259636561928
1.05833333333333,-81.0347498344071,-78.2192089957973,-80.980164868034,-81.0685441943008,-78.2396843147663,-81.0170729642436
1.05866666666667,-81.0259584687162,-78.2073371545982,-80.971376383115,-81.0597893072959,-78.2278365225384,-81.0081683402278
1.059,-81.0171531355733,-78.1954570679078,-80.9625739042409,-81.051020383491,-78.2159805152827,-80.9992497596527
1.05933333333333,-81.0083338100738,-78.1835687270295,-80.9537574064492,-81.0422373974613,-78.2041162842883,-80.9903171980196
1.05966666666667,-80.999500467306,-78.1716721232535,-80.9449268647698,-81.0334403237744,-78.1922438208314,-80.981370630824
1.06,-80.9906530823509,-78.1597672478574,-80.9360822542259,-81.0246291369903,-78.1803631161756,-80.9724100335553
1.06033333333333,-80.9817916302827,-78.147854092106,-80.9272235498341,-81.0158038116617,-78.1684741615716,-80.9634353816975
1.06066666666667,-80.9729160861688,-78.1359326472511,-80.918350726604,-81.006964322334,-78.1565769482577,-80.9544466507292
1.061,-80.9640264250701,-78.1240029045316,-80.9094637595393,-80.9981106435459,-78.1446714674592,-80.9454438161239
1.06133333333333,-80.9551226220411,-78.1120648551734,-80.9005626236373,-80.9892427498291,-78.1327577103886,-80.9364268533498
1.06166666666667,-80.9462046521303,-78.1001184903894,-80.8916472938894,-80.980360615709,-78.1208356682456,-80.9273957378706
1.062,-80.9372724903801,-78.0881638013797,-80.8827177452812,-80.9714642157043,-78.1089053322169,-80.9183504451451
1.06233333333333,-80.9283261118272,-78.0762007793308,-80.8737739527926,-80.9625535243281,-78.0969666934763,-80.9092909506278
1.06266666666667,-80.9193654915028,-78.0642294154166,-80.8648158913984,-80.953628516087,-78.0850197431847,-80.9002172297689
1.063,-80.9103906044328,-78.0522497007975,-80.8558435360679,-80.9446891654823,-78.0730644724897,-80.8911292580145
1.06333333333333,-80.9014014256376,-78.040261626621,-80.8468568617658,-80.9357354470096,-78.0611008725264,-80.8820270108069
1.06366666666667,-80.8923979301331,-78.0282651840209,-80.8378558434516,-80.9267673351592,-78.0491289344162,-80.8729104635846
1.064,-80.8833800929302,-78.0162603641182,-80.8288404560805,-80.9177848044164,-78.0371486492677,-80.8637795917827
1.06433333333333,-80.8743478890351,-78.0042471580204,-80.8198106746031,-80.9087878292614,-78.0251600081763,-80.854634370833
1.06466666666667,-80.86530129345,-77.9922255568215,-80.8107664739662,-80.8997763841701,-78.0131630022241,-80.8454747761641
1.065,-80.8562402811725,-77.9801955516023,-80.801707829112,-80.8907504436133,-78.00115762248,-80.8363007832018
1.06533333333333,-80.8471648271966,-77.9681571334299,-80.7926347149796,-80.8817099820583,-77.9891438599996,-80.827112367369
1.06566666666667,-80.8380749065125,-77.9561102933583,-80.783547106504,-80.8726549739677,-77.9771217058251,-80.8179095040863
1.066,-80.8289704941065,-77.9440550224277,-80.774444978617,-80.8635853938006,-77.9650911509854,-80.8086921687717
1.06633333333333,-80.819851564962,-77.9319913116648,-80.7653283062474,-80.8545012160123,-77.953052186496,-80.7994603368414
1.06666666666667,-80.8107180940589,-77.9199191520827,-80.7561970643206,-80.8454024150549,-77.941004803359,-80.7902139837092
1.067,-80.8015700563743,-77.9078385346809,-80.7470512277596,-80.836288965377,-77.9289489925627,-80.7809530847876
1.06733333333333,-80.7924074268826,-77.8957494504451,-80.7378907714848,-80.8271608414245,-77.9168847450822,-80.7716776154872
1.06766666666667,-80.7832301805554,-77.8836518903474,-80.728715670414,-80.8180180176402,-77.9048120518789,-80.7623875512174
1.068,-80.7740382923623,-77.8715458453461,-80.7195258994631,-80.8088604684646,-77.8927309039006,-80.7530828673864
1.06833333333333,-80.7648317372706,-77.8594313063856,-80.7103214335458,-80.7996881683357,-77.8806412920814,-80.7437635394015
1.06866666666667,-80.7556104902455,-77.8473082643965,-80.7011022475744,-80.7905010916894,-77.8685432073418,-80.7344295426691
1.069,-80.7463745262508,-77.8351767102956,-80.6918683164592,-80.7812992129597,-77.8564366405884,-80.725080852595
1.06933333333333,-80.7371238202484,-77.8230366349858,-80.6826196151095,-80.7720825065789,-77.8443215827141,-80.7157174445848
1.06966666666667,-80.7278583471993,-77.8108880293557,-80.6733561184335,-80.7628509469776,-77.8321980245981,-80.7063392940439
1.07,-80.7185780820631,-77.7987308842802,-80.6640778013381,-80.7536045085854,-77.8200659571054,-80.6969463763775
1.07033333333333,-80.7092829997986,-77.78656519062,-80.6547846387299,-80.7443431658307,-77.8079253710875,-80.6875386669911
1.07066666666667,-80.6999730753638,-77.7743909392218,-80.6454766055148,-80.735066893141,-77.7957762573818,-80.6781161412909
1.071,-80.6906482837163,-77.7622081209181,-80.6361536765984,-80.7257756649434,-77.7836186068114,-80.6686787746832
1.07133333333333,-80.6813085998135,-77.7500167265271,-80.6268158268863,-80.7164694556643,-77.7714524101859,-80.6592265425756
1.07166666666667,-80.6719539986126,-77.7378167468529,-80.617463031284,-80.70714823973,-77.7592776583005,-80.6497594203763
1.072,-80.6625844550709,-77.7256081726854,-80.6080952646975,-80.6978119915669,-77.7470943419362,-80.6402773834951
1.07233333333333,-80.6531999441462,-77.7133909948001,-80.5987125020335,-80.6884606856017,-77.7349024518602,-80.630780407343
1.07266666666667,-80.6438004407967,-77.7011652039579,-80.589314718199,-80.6790942962613,-77.722701978825,-80.6212684673324
1.073,-80.6343859199814,-77.6889307909057,-80.5799018881023,-80.6697127979736,-77.7104929135694,-80.611741538878
1.07333333333333,-80.6249563566605,-77.6766877463758,-80.5704739866527,-80.6603161651672,-77.6982752468175,-80.6021995973961
1.07366666666667,-80.6155117257949,-77.6644360610859,-80.5610309887611,-80.6509043722718,-77.6860489692792,-80.5926426183055
1.074,-80.6060520023474,-77.6521757257393,-80.5515728693397,-80.6414773937186,-77.6738140716501,-80.5830705770271
1.07433333333333,-80.596577161282,-77.6399067310246,-80.5420996033026,-80.6320352039403,-77.6615705446112,-80.5734834489848
1.07466666666667,-80.5870871775649,-77.6276290676159,-80.532611165566,-80.6225777773713,-77.6493183788293,-80.5638812096049
1.075,-80.5775820261639,-77.6153427261727,-80.5231075310483,-80.6131050884481,-77.6370575649564,-80.5542638343171
1.07533333333333,-80.5680616820495,-77.6030476973395,-80.5135886746701,-80.6036171116095,-77.6247880936303,-80.544631298554
1.07566666666667,-80.5585261201942,-77.5907439717464,-80.504054571355,-80.5941138212965,-77.6125099554737,-80.5349835777519
1.076,-80.5489753155734,-77.5784315400083,-80.4945051960291,-80.584595191953,-77.6002231410952,-80.5253206473506
1.07633333333333,-80.5394092431654,-77.5661103927258,-80.484940523622,-80.5750611980258,-77.5879276410884,-80.5156424827936
1.07666666666667,-80.5298278779516,-77.5537805204841,-80.4753605290661,-80.5655118139647,-77.5756234460323,-80.5059490595287
1.077,-80.5202311949165,-77.5414419138537,-80.4657651872977,-80.5559470142229,-77.563310546491,-80.4962403530077
1.07733333333333,-80.5106191690483,-77.52909456339,-80.4561544732565,-80.5463667732571,-77.5509889330139,-80.4865163386871
1.07766666666667,-80.5009917753388,-77.5167384596337,-80.4465283618863,-80.536771065528,-77.5386585961355,-80.4767769920277
1.078,-80.4913489887839,-77.50437359311,-80.4368868281351,-80.5271598655001,-77.5263195263754,-80.4670222884953
1.07833333333333,-80.4816907843835,-77.4919999543293,-80.427229846955,-80.5175331476423,-77.5139717142382,-80.457252203561
1.07866666666667,-80.472017137142,-77.4796175337867,-80.4175573933029,-80.5078908864277,-77.5016151502137,-80.4474667127006
1.079,-80.4623280220682,-77.4672263219621,-80.4078694421403,-80.4982330563344,-77.4892498247765,-80.4376657913959
1.07933333333333,-80.4526234141758,-77.4548263093202,-80.3981659684339,-80.4885596318453,-77.4768757283859,-80.4278494151341
1.07966666666667,-80.4429032884836,-77.4424174863104,-80.3884469471555,-80.4788705874484,-77.4644928514865,-80.4180175594082
1.08,-80.4331676200155,-77.4299998433667,-80.3787123532822,-80.4691658976371,-77.4521011845076,-80.4081701997175
1.08033333333333,-80.4234163838009,-77.4175733709078,-80.368962161797,-80.4594455369104,-77.4397007178629,-80.3983073115674
1.08066666666667,-80.4136495548747,-77.4051380593369,-80.3591963476884,-80.4497094797731,-77.4272914419514,-80.3884288704697
1.081,-80.4038671082779,-77.3926938990418,-80.3494148859514,-80.439957700736,-77.4148733471563,-80.3785348519432
1.08133333333333,-80.3940690190575,-77.3802408803946,-80.339617751587,-80.4301901743163,-77.4024464238458,-80.3686252315132
1.08166666666667,-80.3842552622667,-77.3677789937519,-80.3298049196028,-80.4204068750377,-77.3900106623725,-80.3586999847123
1.082,-80.3744258129654,-77.3553082294548,-80.3199763650129,-80.4106077774303,-77.3775660530736,-80.3487590870806
1.08233333333333,-80.36458064622,-77.3428285778287,-80.3101320628387,-80.4007928560317,-77.3651125862707,-80.3388025141651
1.08266666666667,-80.354719737104,-77.3303400291831,-80.3002719881086,-80.3909620853861,-77.35265025227,-80.3288302415211
1.083,-80.3448430606981,-77.3178425738119,-80.2903961158582,-80.3811154400456,-77.340179041362,-80.3188422447117
1.08333333333333,-80.3349505920902,-77.3053362019932,-80.2805044211308,-80.3712528945697,-77.3276989438216,-80.3088384993077
1.08366666666667,-80.325042306376,-77.2928209039891,-80.2705968789776,-80.3613744235256,-77.3152099499081,-80.2988189808887
1.084,-80.3151181786589,-77.280296670046,-80.2606734644577,-80.3514800014889,-77.3027120498649,-80.2887836650425
1.08433333333333,-80.3051781840502,-77.2677634903941,-80.2507341526384,-80.3415696030434,-77.2902052339196,-80.278732527366
1.08466666666667,-80.2952222976698,-77.2552213552478,-80.2407789185956,-80.3316432027813,-77.2776894922842,-80.2686655434646
1.085,-80.2852504946458,-77.2426702548054,-80.2308077374136,-80.3217007753038,-77.2651648151545,-80.2585826889531
1.08533333333333,-80.2752627501148,-77.230110179249,-80.2208205841859,-80.311742295221,-77.2526311927108,-80.2484839394557
1.08566666666667,-80.2652590392227,-77.2175411187447,-80.2108174340149,-80.3017677371521,-77.2400886151168,-80.2383692706058
1.086,-80.2552393371243,-77.2049630634422,-80.2007982620123,-80.2917770757261,-77.2275370725209,-80.228238658047
1.08633333333333,-80.2452036189837,-77.1923760034752,-80.1907630432994,-80.2817702855812,-77.2149765550547,-80.2180920774325
1.08666666666667,-80.2351518599745,-77.179779928961,-80.1807117530072,-80.2717473413659,-77.2024070528344,-80.2079295044259
1.087,-80.2250840352802,-77.1671748300005,-80.1706443662768,-80.2617082177387,-77.1898285559594,-80.197750914701
1.08733333333333,-80.2150001200943,-77.1545606966782,-80.1605608582592,-80.2516528893684,-77.1772410545133,-80.1875562839423
1.08766666666667,-80.2049000896203,-77.1419375190623,-80.150461204116,-80.2415813309345,-77.1646445385632,-80.1773455878451
1.088,-80.1947839190721,-77.1293052872043,-80.1403453790195,-80.2314935171274,-77.15203899816,-80.1671188021154
1.08833333333333,-80.1846515836744,-77.1166639911393,-80.1302133581526,-80.2213894226482,-77.1394244233381,-80.1568759024707
1.08866666666667,-80.1745030586627,-77.1040136208858,-80.1200651167093,-80.2112690222097,-77.1268008041157,-80.1466168646397
1.089,-80.1643383192835,-77.0913541664457,-80.1099006298951,-80.201132290536,-77.1141681304943,-80.1363416643628
1.08933333333333,-80.1541573407945,-77.0786856178039,-80.0997198729265,-80.1909792023629,-77.101526392459,-80.1260502773923
1.08966666666667,-80.143960098465,-77.0660079649291,-80.0895228210322,-80.1808097324382,-77.0888755799784,-80.1157426794922
1.09,-80.133746567576,-77.0533211977726,-80.0793094494525,-80.170623855522,-77.0762156830043,-80.1054188464389
1.09033333333333,-80.1235167234204,-77.0406253062694,-80.0690797334399,-80.1604215463866,-77.063546691472,-80.0950787540211
1.09066666666667,-80.1132705413032,-77.0279202803372,-80.0588336482593,-80.1502027798172,-77.0508685953,-80.0847223780404
1.091,-80.1030079965417,-77.015206109877,-80.0485711691881,-80.1399675306117,-77.03818138439,-80.0743496943108
1.09133333333333,-80.0927290644659,-77.0024827847726,-80.0382922715165,-80.1297157735811,-77.0254850486269,-80.0639606786596
1.09166666666667,-80.0824337204184,-76.9897502948909,-80.0279969305476,-80.1194474835498,-77.0127795778788,-80.0535553069272
1.092,-80.0721219397551,-76.9770086300817,-80.0176851215979,-80.1091626353557,-77.0000649619969,-80.0431335549675
1.09233333333333,-80.0617936978448,-76.9642577801775,-80.0073568199971,-80.0988612038506,-76.9873411908152,-80.0326953986479
1.09266666666667,-80.0514489700698,-76.9514977349939,-79.9970120010886,-80.0885431639003,-76.9746082541509,-80.0222408138498
1.093,-80.0410877318261,-76.9387284843288,-79.9866506402299,-80.0782084903845,-76.961866141804,-80.0117697764685
1.09333333333333,-80.0307099585236,-76.9259500179631,-79.9762727127921,-80.0678571581978,-76.9491148435576,-80.0012822624136
1.09366666666667,-80.0203156255862,-76.9131623256604,-79.9658781941609,-80.0574891422492,-76.9363543491772,-79.990778247609
1.094,-80.009904708452,-76.9003653971665,-79.9554670597364,-80.0471044174629,-76.9235846484115,-79.9802577079934
1.09433333333333,-79.9994771825737,-76.8875592222102,-79.9450392849335,-80.036702958778,-76.9108057309916,-79.9697206195202
1.09466666666667,-79.9890330234188,-76.8747437905025,-79.9345948451819,-80.0262847411489,-76.8980175866314,-79.9591669581581
1.095,-79.9785722064695,-76.8619190917368,-79.9241337159265,-80.015849739546,-76.8852202050274,-79.9485966998907
1.09533333333333,-79.9680947072233,-76.8490851155891,-79.9136558726274,-80.005397928955,-76.8724135758586,-79.9380098207171
1.09566666666667,-79.957600501193,-76.8362418517175,-79.9031612907606,-79.9949292843781,-76.8595976887867,-79.9274062966522
1.096,-79.947089563907,-76.8233892897624,-79.8926499458175,-79.9844437808335,-76.8467725334556,-79.9167861037267
1.09633333333333,-79.9365618709095,-76.8105274193466,-79.8821218133057,-79.973941393356,-76.8339380994918,-79.9061492179872
1.09666666666667,-79.9260173977605,-76.7976562300748,-79.871576868749,-79.963422096997,-76.8210943765038,-79.8954956154967
1.097,-79.9154561200364,-76.7847757115339,-79.8610150876874,-79.9528858668251,-76.8082413540829,-79.8848252723344
1.09733333333333,-79.90487801333,-76.771885853293,-79.8504364456779,-79.9423326779258,-76.7953790218023,-79.8741381645964
1.09766666666667,-79.8942830532506,-76.7589866449029,-79.839840918294,-79.9317625054021,-76.7825073692173,-79.8634342683955
1.098,-79.8836712154246,-76.7460780758967,-79.8292284811264,-79.9211753243746,-76.7696263858656,-79.8527135598615
1.09833333333333,-79.873042475495,-76.733160135789,-79.818599109783,-79.9105711099819,-76.756736061267,-79.8419760151415
1.09866666666667,-79.8623968091224,-76.7202328140766,-79.8079527798892,-79.8999498373804,-76.7438363849229,-79.8312216103999
1.099,-79.8517341919849,-76.7072961002379,-79.797289467088,-79.8893114817449,-76.7309273463171,-79.8204503218188
1.09933333333333,-79.8410545997781,-76.6943499837329,-79.7866091470405,-79.8786560182688,-76.7180089349151,-79.8096621255982
1.09966666666667,-79.8303580082155,-76.6813944540034,-79.7759117954256,-79.8679834221641,-76.7050811401644,-79.7988569979559
1.1,-79.8196443930287,-76.6684295004729,-79.7651973879408,-79.8572936686619,-76.692143951494,-79.7880349151282
1.10033333333333,-79.8089137299678,-76.6554551125463,-79.7544659003019,-79.8465867330122,-76.6791973583151,-79.7771958533694
1.10066666666667,-79.7981659948012,-76.6424712796101,-79.7437173082435,-79.8358625904846,-76.6662413500202,-79.7663397889528
1.101,-79.7874011633161,-76.6294779910321,-79.7329515875191,-79.8251212163685,-76.6532759159835,-79.7554666981702
1.10133333333333,-79.7766192113185,-76.6164752361617,-79.7221687139014,-79.8143625859726,-76.640301045561,-79.7445765573325
1.10166666666667,-79.7658201146338,-76.6034630043295,-79.7113686631825,-79.8035866746263,-76.62731672809,-79.7336693427697
1.102,-79.7550038491066,-76.5904412848473,-79.7005514111738,-79.7927934576787,-76.6143229528894,-79.7227450308313
1.10233333333333,-79.7441703906009,-76.5774100670083,-79.6897169337067,-79.7819829104997,-76.6013197092593,-79.7118035978863
1.10266666666667,-79.7333197150007,-76.5643693400866,-79.6788652066326,-79.77115500848,-76.5883069864814,-79.7008450203234
1.103,-79.7224517982099,-76.5513190933378,-79.6679962058228,-79.7603097270308,-76.5752847738186,-79.6898692745513
1.10333333333333,-79.7115666161524,-76.5382593159982,-79.6571099071692,-79.749447041585,-76.562253060515,-79.6788763369988
1.10366666666667,-79.7006641447727,-76.5251899972852,-79.6462062865842,-79.7385669275964,-76.5492118357959,-79.6678661841149
1.104,-79.6897443600358,-76.5121111263971,-79.6352853200011,-79.7276693605407,-76.5361610888678,-79.6568387923694
1.10433333333333,-79.6788072379272,-76.4990226925131,-79.6243469833739,-79.7167543159153,-76.5231008089182,-79.6457941382526
1.10466666666667,-79.6678527544539,-76.4859246847932,-79.6133912526781,-79.7058217692394,-76.5100309851155,-79.6347321982757
1.105,-79.6568808856438,-76.4728170923783,-79.6024181039105,-79.6948716960547,-76.4969516066093,-79.6236529489711
1.10533333333333,-79.645891607546,-76.4596999043897,-79.5914275130894,-79.6839040719253,-76.4838626625298,-79.6125563668922
1.10566666666667,-79.6348848962316,-76.4465731099296,-79.5804194562549,-79.6729188724379,-76.4707641419884,-79.6014424286142
1.106,-79.6238607277931,-76.4334366980807,-79.5693939094692,-79.6619160732019,-76.4576560340769,-79.5903111107337
1.10633333333333,-79.6128190783452,-76.4202906579061,-79.5583508488167,-79.6508956498502,-76.444538327868,-79.5791623898691
1.10666666666667,-79.6017599240248,-76.4071349784495,-79.5472902504041,-79.6398575780386,-76.4314110124152,-79.567996242661
1.107,-79.5906832409911,-76.3939696487351,-79.5362120903607,-79.6288018334466,-76.4182740767523,-79.5568126457721
1.10733333333333,-79.5795890054259,-76.3807946577671,-79.5251163448388,-79.6177283917773,-76.4051275098938,-79.5456115758874
1.10766666666667,-79.5684771935339,-76.3676099945303,-79.5140029900132,-79.6066372287579,-76.3919713008347,-79.5343930097146
1.108,-79.5573477815425,-76.3544156479897,-79.5028720020825,-79.5955283201395,-76.3788054385505,-79.523156923984
1.10833333333333,-79.5462007457027,-76.3412116070902,-79.4917233572683,-79.5844016416979,-76.3656299119968,-79.511903295449
1.10866666666667,-79.5350360622884,-76.3279978607571,-79.4805570318158,-79.573257169233,-76.3524447101096,-79.5006321008858
1.109,-79.5238537075974,-76.3147743978956,-79.4693730019941,-79.5620948785698,-76.3392498218055,-79.4893433170943
1.10933333333333,-79.5126536579513,-76.3015412073908,-79.4581712440963,-79.5509147455582,-76.3260452359807,-79.4780369208975
1.10966666666667,-79.5014358896953,-76.288298278108,-79.4469517344395,-79.5397167460732,-76.3128309415119,-79.4667128891422
1.11,-79.4902003791991,-76.2750455988921,-79.4357144493652,-79.5285008560152,-76.2996069272559,-79.4553711986991
1.11033333333333,-79.4789471028565,-76.2617831585678,-79.4244593652395,-79.5172670513103,-76.2863731820492,-79.4440118264629
1.11066666666667,-79.4676760370862,-76.2485109459397,-79.4131864584532,-79.5060153079102,-76.2731296947085,-79.4326347493521
1.111,-79.4563871583311,-76.235228949792,-79.4018957054222,-79.4947456017928,-76.2598764540302,-79.4212399443101
1.11133333333333,-79.4450804430595,-76.2219371588886,-79.3905870825873,-79.4834579089621,-76.2466134487907,-79.4098273883046
1.11166666666667,-79.4337558677646,-76.2086355619726,-79.3792605664146,-79.4721522054485,-76.233340667746,-79.3983970583279
1.112,-79.4224134089649,-76.1953241477671,-79.367916133396,-79.4608284673089,-76.220058099632,-79.3869489313973
1.11233333333333,-79.4110530432043,-76.1820029049742,-79.3565537600487,-79.4494866706273,-76.2067657331639,-79.375482984555
1.11266666666667,-79.3996747470526,-76.1686718222755,-79.3451734229161,-79.4381267915144,-76.1934635570368,-79.3639991948687
1.113,-79.3882784971052,-76.1553308883322,-79.3337750985674,-79.4267488061083,-76.180151559925,-79.3524975394313
1.11333333333333,-79.3768642699839,-76.1419800917842,-79.3223587635982,-79.4153526905743,-76.1668297304827,-79.3409779953613
1.11366666666667,-79.3654320423363,-76.128619421251,-79.3109243946307,-79.4039384211056,-76.1534980573429,-79.329440539803
1.114,-79.3539817908367,-76.115248865331,-79.2994719683133,-79.3925059739229,-76.1401565291183,-79.3178851499264
1.11433333333333,-79.342513492186,-76.1018684126017,-79.2880014613215,-79.3810553252751,-76.1268051344009,-79.3063118029278
1.11466666666667,-79.3310271231117,-76.0884780516197,-79.2765128503577,-79.3695864514391,-76.1134438617617,-79.2947204760298
1.115,-79.3195226603685,-76.0750777709202,-79.2650061121515,-79.3580993287204,-76.1000726997508,-79.2831111464811
1.11533333333333,-79.3080000807381,-76.0616675590177,-79.2534812234599,-79.3465939334529,-76.0866916368975,-79.2714837915572
1.11566666666667,-79.2964593610295,-76.048247404405,-79.2419381610673,-79.3350702419994,-76.0733006617101,-79.2598383885603
1.116,-79.2849004780794,-76.0348172955542,-79.2303769017858,-79.3235282307516,-76.0598997626758,-79.2481749148196
1.11633333333333,-79.273323408752,-76.0213772209155,-79.2187974224555,-79.3119678761303,-76.0464889282607,-79.2364933476911
1.11666666666667,-79.2617281299394,-76.007927168918,-79.2071996999446,-79.3003891545857,-76.0330681469096,-79.2247936645583
1.117,-79.2501146185617,-75.9944671279693,-79.1955837111493,-79.2887920425976,-76.0196374070461,-79.213075842832
1.11733333333333,-79.2384828515675,-75.9809970864555,-79.1839494329945,-79.2771765166754,-76.0061966970726,-79.2013398599505
1.11766666666667,-79.2268328059333,-75.9675170327409,-79.1722968424334,-79.2655425533585,-75.9927460053699,-79.1895856933797
1.118,-79.2151644586647,-75.9540269551684,-79.1606259164483,-79.2538901292162,-75.9792853202976,-79.1778133206138
1.11833333333333,-79.2034777867956,-75.9405268420589,-79.1489366320501,-79.2422192208484,-75.9658146301935,-79.1660227191746
1.11866666666667,-79.1917727673891,-75.9270166817118,-79.137228966279,-79.2305298048852,-75.9523339233741,-79.1542138666122
1.119,-79.1800493775372,-75.9134964624045,-79.1255028962045,-79.2188218579874,-75.9388431881341,-79.1423867405051
1.11933333333333,-79.1683075943614,-75.8999661723923,-79.1137583989254,-79.2070953568468,-75.9253424127464,-79.1305413184603
1.11966666666667,-79.1565473950123,-75.8864257999087,-79.1019954515703,-79.195350278186,-75.9118315854622,-79.1186775781133
1.12,-79.1447687566703,-75.8728753331652,-79.0902140312974,-79.1835865987589,-75.898310694511,-79.1067954971287
1.12033333333333,-79.1329716565455,-75.8593147603509,-79.078414115295,-79.1718042953506,-75.8847797281001,-79.0948950531997
1.12066666666667,-79.121156071878,-75.8457440696329,-79.0665956807814,-79.1600033447781,-75.8712386744151,-79.0829762240488
1.121,-79.1093219799379,-75.8321632491561,-79.0547587050053,-79.1481837238897,-75.8576875216193,-79.0710389874279
1.12133333333333,-79.0974693580257,-75.8185722870428,-79.0429031652458,-79.136345409566,-75.8441262578541,-79.0590833211179
1.12166666666667,-79.085598183472,-75.8049711713931,-79.0310290388125,-79.1244883787194,-75.8305548712386,-79.0471092029295
1.122,-79.0737084336383,-75.7913598902846,-79.019136303046,-79.1126126082946,-75.8169733498696,-79.0351166107031
1.12233333333333,-79.0618000859169,-75.7777384317723,-79.0072249353176,-79.1007180752689,-75.8033816818217,-79.0231055223091
1.12266666666667,-79.0498731177306,-75.7641067838887,-78.9952949130298,-79.0888047566519,-75.7897798551469,-79.0110759156474
1.123,-79.0379275065336,-75.7504649346434,-78.9833462136163,-79.0768726294862,-75.7761678578752,-78.9990277686485
1.12333333333333,-79.0259632298113,-75.7368128720236,-78.9713788145424,-79.0649216708474,-75.7625456780135,-78.986961059273
1.12366666666667,-79.0139802650803,-75.7231505839933,-78.9593926933048,-79.0529518578439,-75.7489133035464,-78.9748757655118
1.124,-79.0019785898889,-75.7094780584938,-78.9473878274318,-79.0409631676175,-75.7352707224359,-78.9627718653867
1.12433333333333,-78.989958181817,-75.6957952834435,-78.9353641944838,-79.0289555773437,-75.7216179226211,-78.9506493369497
1.12466666666667,-78.9779190184764,-75.6821022467378,-78.923321772053,-79.0169290642311,-75.7079548920184,-78.9385081582839
1.125,-78.9658610775109,-75.6683989362487,-78.9112605377641,-79.0048836055227,-75.6942816185212,-78.9263483075036
1.12533333333333,-78.9537843365964,-75.6546853398254,-78.8991804692739,-78.9928191784948,-75.6805980900002,-78.9141697627537
1.12566666666667,-78.9416887734411,-75.6409614452936,-78.8870815442716,-78.9807357604582,-75.6669042943028,-78.9019725022108
1.126,-78.9295743657856,-75.6272272404559,-78.8749637404792,-78.9686333287578,-75.6532002192535,-78.8897565040824
1.12633333333333,-78.9174410914033,-75.6134827130913,-78.8628270356514,-78.9565118607729,-75.6394858526536,-78.877521746608
1.12666666666667,-78.9052889281,-75.5997278509555,-78.8506714075759,-78.9443713339175,-75.6257611822811,-78.8652682080584
1.127,-78.8931178537147,-75.5859626417806,-78.8384968340733,-78.9322117256401,-75.6120261958908,-78.8529958667363
1.12733333333333,-78.8809278461193,-75.5721870732752,-78.8263032929976,-78.9200330134244,-75.598280881214,-78.8407047009761
1.12766666666667,-78.8687188832189,-75.5584011331241,-78.814090762236,-78.9078351747888,-75.5845252259588,-78.8283946891446
1.128,-78.8564909429519,-75.5446048089884,-78.8018592197092,-78.8956181872871,-75.5707592178096,-78.8160658096403
1.12833333333333,-78.84424400329,-75.5307980885055,-78.7896086433717,-78.8833820285083,-75.5569828444272,-78.8037180408943
1.12866666666667,-78.8319780422388,-75.5169809592888,-78.7773390112115,-78.871126676077,-75.5431960934487,-78.7913513613699
1.129,-78.8196930378374,-75.5031534089277,-78.7650503012507,-78.8588521076535,-75.5293989524877,-78.7789657495629
1.12933333333333,-78.807388968159,-75.4893154249876,-78.7527424915455,-78.8465583009336,-75.5155914091338,-78.766561184002
1.12966666666667,-78.7950658113104,-75.4754669950099,-78.7404155601859,-78.8342452336495,-75.5017734509528,-78.7541376432483
1.13,-78.782723545433,-75.4616081065117,-78.7280694852967,-78.8219128835688,-75.4879450654865,-78.7416951058961
1.13033333333333,-78.7703621487021,-75.4477387469859,-78.7157042450368,-78.8095612284961,-75.4741062402527,-78.7292335505724
1.13066666666667,-78.7579815993276,-75.4338589039009,-78.7033198175999,-78.7971902462717,-75.4602569627451,-78.7167529559374
1.131,-78.745581875554,-75.4199685647011,-78.6909161812141,-78.7847999147728,-75.4463972204333,-78.7042533006847
1.13133333333333,-78.7331629556603,-75.406067716806,-78.6784933141426,-78.7723902119132,-75.4325270007624,-78.691734563541
1.13166666666667,-78.7207248179603,-75.3921563476107,-78.6660511946836,-78.7599611156432,-75.4186462911536,-78.6791967232665
1.132,-78.7082674408028,-75.3782344444858,-78.6535898011701,-78.7475126039504,-75.4047550790032,-78.666639758655
1.13233333333333,-78.6957908025715,-75.3643019947769,-78.6411091119705,-78.7350446548591,-75.3908533516836,-78.654063648534
1.13266666666667,-78.6832948816855,-75.3503589858052,-78.6286091054884,-78.7225572464312,-75.3769410965421,-78.6414683717647
1.133,-78.6707796565991,-75.3364054048667,-78.6160897601631,-78.7100503567655,-75.3630183009017,-78.6288539072421
1.13333333333333,-78.6582451058018,-75.3224412392326,-78.6035510544692,-78.6975239639985,-75.3490849520606,-78.6162202338955
1.13366666666667,-78.6456912078188,-75.3084664761491,-78.590992966917,-78.6849780463041,-75.3351410372923,-78.6035673306878
1.134,-78.6331179412111,-75.2944811028374,-78.5784154760529,-78.6724125818942,-75.3211865438455,-78.5908951766166
1.13433333333333,-78.6205252845751,-75.2804851064933,-78.5658185604589,-78.6598275490182,-75.3072214589437,-78.5782037507134
1.13466666666667,-78.6079132165433,-75.2664784742876,-78.553202198753,-78.6472229259636,-75.2932457697856,-78.5654930320443
1.135,-78.5952817157842,-75.2524611933656,-78.5405663695897,-78.634598691056,-75.2792594635449,-78.5527629997098
1.13533333333333,-78.5826307610024,-75.2384332508474,-78.5279110516595,-78.6219548226593,-75.26526252737,-78.540013632845
1.13566666666667,-78.5699603309386,-75.2243946338275,-78.5152362236892,-78.6092912991755,-75.251254948384,-78.5272449106198
1.136,-78.5572704043699,-75.2103453293748,-78.5025418644424,-78.5966080990451,-75.237236713685,-78.5144568122386
1.13633333333333,-78.5445609601097,-75.1962853245326,-78.4898279527188,-78.5839052007474,-75.2232078103453,-78.5016493169409
1.13666666666667,-78.5318319770083,-75.1822146063186,-78.4770944673553,-78.5711825828001,-75.209168225412,-78.4888224040011
1.137,-78.5190834339522,-75.1681331617246,-78.4643413872252,-78.5584402237598,-75.1951179459065,-78.4759760527287
1.13733333333333,-78.5063153098649,-75.1540409777165,-78.4515686912388,-78.545678102222,-75.1810569588248,-78.4631102424682
1.13766666666667,-78.4935275837067,-75.1399380412344,-78.4387763583436,-78.5328961968212,-75.166985251137,-78.4502249525993
1.138,-78.4807202344747,-75.1258243391922,-78.4259643675238,-78.520094486231,-75.1529028097874,-78.4373201625372
1.13833333333333,-78.4678932412034,-75.1116998584779,-78.4131326978013,-78.5072729491643,-75.1388096216946,-78.4243958517324
1.13866666666667,-78.455046582964,-75.0975645859531,-78.4002813282348,-78.4944315643733,-75.1247056737511,-78.4114519996708
1.139,-78.4421802388653,-75.0834185084533,-78.3874102379206,-78.4815703106496,-75.1105909528234,-78.3984885858739
1.13933333333333,-78.4292941880531,-75.0692616127874,-78.3745194059925,-78.4686891668245,-75.096465445752,-78.3855055898989
1.13966666666667,-78.416388409711,-75.0550938857382,-78.3616088116218,-78.4557881117688,-75.082329139351,-78.3725029913385
1.14,-78.4034628830599,-75.0409153140618,-78.3486784340176,-78.4428671243931,-75.0681820204086,-78.3594807698215
1.14033333333333,-78.3905175873582,-75.0267258844878,-78.3357282524264,-78.4299261836479,-75.0540240756863,-78.3464389050123
1.14066666666667,-78.3775525019021,-75.0125255837189,-78.3227582461329,-78.4169652685234,-75.0398552919193,-78.3333773766113
1.141,-78.3645676060258,-74.9983143984313,-78.3097683944595,-78.4039843580503,-75.0256756558163,-78.3202961643549
1.14133333333333,-78.3515628791009,-74.9840923152742,-78.2967586767668,-78.3909834312989,-75.0114851540594,-78.3071952480156
1.14166666666667,-78.3385383005375,-74.9698593208701,-78.2837290724532,-78.3779624673801,-74.997283773304,-78.294074607402
1.142,-78.3254938497831,-74.9556154018141,-78.2706795609555,-78.3649214454451,-74.9830715001789,-78.2809342223591
1.14233333333333,-78.3124295063239,-74.9413605446747,-78.2576101217486,-78.3518603446852,-74.9688483212858,-78.2677740727678
1.14266666666667,-78.2993452496839,-74.9270947359928,-78.2445207343458,-78.3387791443326,-74.9546142231996,-78.2545941385456
1.143,-78.2862410594255,-74.9128179622822,-78.2314113782988,-78.3256778236597,-74.9403691924683,-78.2413943996463
1.14333333333333,-78.2731169151495,-74.8985302100295,-78.2182820331976,-78.3125563619798,-74.9261132156126,-78.2281748360603
1.14366666666667,-78.2599727964949,-74.8842314656936,-78.2051326786709,-78.2994147386469,-74.9118462791262,-78.2149354278142
1.144,-78.2468086831393,-74.8699217157062,-78.1919632943861,-78.2862529330557,-74.8975683694755,-78.2016761549716
1.14433333333333,-78.2336245547991,-74.8556009464712,-78.178773860049,-78.273070924642,-74.8832794730995,-78.1883969976324
1.14466666666667,-78.2204203912289,-74.8412691443648,-78.1655643554044,-78.2598686928823,-74.8689795764099,-78.1750979359331
1.145,-78.2071961722221,-74.8269262957356,-78.1523347602357,-78.2466462172944,-74.8546686657907,-78.1617789500474
1.14533333333333,-78.1939518776111,-74.8125723869042,-78.1390850543653,-78.2334034774371,-74.8403467275985,-78.1484400201853
1.14566666666667,-78.1806874872668,-74.7982074041633,-78.1258152176545,-78.2201404529103,-74.826013748162,-78.1350811265939
1.146,-78.1674029810992,-74.7838313337776,-78.1125252300036,-78.2068571233554,-74.8116697137824,-78.1217022495571
1.14633333333333,-78.1540983390572,-74.7694441619837,-78.099215071352,-78.193553468455,-74.7973146107329,-78.1083033693956
1.14666666666667,-78.1407735411284,-74.7550458749899,-78.0858847216781,-78.180229467933,-74.7829484252586,-78.0948844664673
1.147,-78.1274285673399,-74.7406364589765,-78.0725341609997,-78.1668851015549,-74.7685711435769,-78.081445521167
1.14733333333333,-78.1140633977576,-74.7262159000951,-78.0591633693733,-78.1535203491276,-74.7541827518769,-78.0679865139263
1.14766666666667,-78.1006780124866,-74.711784184469,-78.0457723268952,-78.1401351904997,-74.7397832363196,-78.0545074252145
1.148,-78.0872723916713,-74.6973412981929,-78.0323610137009,-78.1267296055613,-74.7253725830375,-78.0410082355373
1.14833333333333,-78.0738465154954,-74.682887227333,-78.0189294099651,-78.1133035742443,-74.7109507781349,-78.0274889254381
1.14866666666667,-78.0604003641817,-74.6684219579265,-78.005477495902,-78.0998570765223,-74.6965178076876,-78.0139494754972
1.149,-78.0469339179924,-74.653945475982,-77.9920052517652,-78.0863900924107,-74.682073657743,-78.0003898663323
1.14933333333333,-78.0334471572293,-74.6394577674793,-77.9785126578479,-78.0729026019668,-74.6676183143195,-77.9868100785982
1.14966666666667,-78.0199400622333,-74.6249588183689,-77.9649996944829,-78.0593945852897,-74.6531517634071,-77.973210092987
1.15,-78.0064126133851,-74.6104486145725,-77.9514663420423,-78.0458660225204,-74.6386739909668,-77.9595898902282
1.15033333333333,-77.9928647911048,-74.5959271419824,-77.9379125809381,-78.0323168938422,-74.6241849829308,-77.9459494510886
1.15066666666667,-77.9792965758518,-74.5813943864618,-77.9243383916217,-78.0187471794801,-74.6096847252023,-77.9322887563723
1.151,-77.9657079481255,-74.5668503338446,-77.9107437545844,-78.0051568597013,-74.5951732036553,-77.9186077869208
1.15133333333333,-77.9520988884647,-74.552294969935,-77.8971286503572,-77.9915459148151,-74.5806504041347,-77.904906523613
1.15166666666667,-77.9384693774478,-74.5377282805078,-77.8834930595106,-77.977914325173,-74.5661163124561,-77.8911849473652
1.152,-77.9248193956929,-74.5231502513084,-77.8698369626552,-77.9642620711685,-74.5515709144058,-77.8774430391312
1.15233333333333,-77.911148923858,-74.5085608680522,-77.8561603404411,-77.9505891332377,-74.5370141957407,-77.8636807799021
1.15266666666667,-77.8974579426404,-74.4939601164247,-77.8424631735585,-77.9368954918584,-74.5224461421878,-77.8498981507065
1.153,-77.8837464327778,-74.4793479820818,-77.8287454427371,-77.9231811275513,-74.507866739445,-77.8360951326106
1.15333333333333,-77.870014375047,-74.4647244506494,-77.8150071287469,-77.9094460208789,-74.4932759731801,-77.8222717067179
1.15366666666667,-77.856261750265,-74.4500895077229,-77.8012482123974,-77.8956901524463,-74.4786738290312,-77.8084278541694
1.154,-77.8424885392885,-74.4354431388681,-77.7874686745381,-77.8819135029009,-74.4640602926065,-77.7945635561436
1.15433333333333,-77.8286947230141,-74.42078532962,-77.7736684960586,-77.8681160529324,-74.4494353494841,-77.7806787938567
1.15466666666667,-77.814880282378,-74.4061160654835,-77.7598476578881,-77.854297783273,-74.4347989852122,-77.7667735485619
1.155,-77.8010451983567,-74.3914353319331,-77.7460061409961,-77.8404586746973,-74.4201511853085,-77.7528478015504
1.15533333333333,-77.7871894519661,-74.3767431144126,-77.7321439263918,-77.8265987080224,-74.4054919352607,-77.7389015341505
1.15566666666667,-77.7733130242622,-74.362039398335,-77.7182609951244,-77.8127178641076,-74.390821220526,-77.7249347277283
1.156,-77.7594158963409,-74.347324169083,-77.704357328283,-77.7988161238548,-74.3761390265311,-77.710947363687
1.15633333333333,-77.7454980493379,-74.3325974120081,-77.6904329069968,-77.7848934682086,-74.3614453386723,-77.6969394234676
1.15666666666667,-77.7315594644288,-74.3178591124309,-77.6764877124349,-77.7709498781556,-74.3467401423149,-77.6829108885484
1.157,-77.7176001228292,-74.303109255641,-77.6625217258063,-77.7569853347254,-74.3320234227938,-77.6688617404452
1.15733333333333,-77.7036200057945,-74.288347826897,-77.6485349283601,-77.7429998189896,-74.3172951654128,-77.6547919607111
1.15766666666667,-77.6896190946199,-74.273574811426,-77.6345273013851,-77.7289933120626,-74.3025553554449,-77.6407015309368
1.158,-77.6755973706406,-74.258790194424,-77.6204988262104,-77.7149657951012,-74.2878039781318,-77.6265904327502
1.15833333333333,-77.6615548152316,-74.2439939610556,-77.6064494842047,-77.7009172493046,-74.2730410186845,-77.6124586478167
1.15866666666667,-77.6474914098079,-74.2291860964536,-77.5923792567769,-77.6868476559146,-74.2582664622822,-77.5983061578391
1.159,-77.6334071358241,-74.2143665857195,-77.5782881253755,-77.6727569962156,-74.2434802940732,-77.5841329445574
1.15933333333333,-77.6193019747749,-74.1995354139228,-77.5641760714892,-77.658645251534,-74.2286824991742,-77.5699389897489
1.15966666666667,-77.6051759081947,-74.1846925661014,-77.5500430766464,-77.644512403239,-74.2138730626703,-77.5557242752284
1.16,-77.5910289176577,-74.1698380272613,-77.5358891224156,-77.6303584327423,-74.1990519696151,-77.5414887828476
1.16033333333333,-77.5768609847779,-74.1549717823762,-77.5217141904048,-77.6161833214979,-74.1842192050304,-77.5272324944957
1.16066666666667,-77.562672091209,-74.140093816388,-77.507518262262,-77.6019870510021,-74.169374753906,-77.5129553920991
1.161,-77.5484622186447,-74.1252041142063,-77.4933013196751,-77.5877696027937,-74.1545186012002,-77.4986574576211
1.16133333333333,-77.5342313488181,-74.1103026607082,-77.4790633443717,-77.5735309584539,-74.1396507318387,-77.4843386730622
1.16166666666667,-77.5199794635021,-74.0953894407386,-77.4648043181189,-77.5592710996062,-74.1247711307155,-77.4699990204602
1.162,-77.5057065445094,-74.0804644391098,-77.4505242227239,-77.5449900079166,-74.1098797826923,-77.4556384818897
1.16233333333333,-77.4914125736922,-74.0655276406015,-77.4362230400332,-77.5306876650929,-74.0949766725982,-77.4412570394624
1.16266666666667,-77.4770975329423,-74.0505790299605,-77.4219007519334,-77.5163640528856,-74.0800617852301,-77.4268546753268
1.163,-77.462761404191,-74.0356185919012,-77.4075573403503,-77.5020191530874,-74.0651351053524,-77.4124313716686
1.16333333333333,-77.4484041694094,-74.0206463111047,-77.3931927872494,-77.487652947533,-74.0501966176967,-77.39798711071
1.16366666666667,-77.4340258106077,-74.0056621722191,-77.3788070746358,-77.4732654180993,-74.0352463069619,-77.3835218747102
1.164,-77.4196263098359,-73.9906661598595,-77.364400184554,-77.4588565467055,-74.0202841578141,-77.3690356459652
1.16433333333333,-77.4052056491833,-73.9756582586078,-77.349972099088,-77.4444263153127,-74.0053101548865,-77.3545284068075
1.16466666666667,-77.3907638107783,-73.9606384530123,-77.3355228003611,-77.4299747059242,-73.990324282779,-77.3400001396065
1.165,-77.376300776789,-73.9456067275881,-77.3210522705361,-77.415501700585,-73.9753265260587,-77.325450826768
1.16533333333333,-77.3618165294226,-73.9305630668167,-77.3065604918149,-77.4010072813824,-73.9603168692592,-77.3108804507344
1.16566666666667,-77.3473110509253,-73.9155074551459,-77.2920474464388,-77.3864914304453,-73.9452952968807,-77.2962889939843
1.166,-77.332784323583,-73.9004398769898,-77.2775131166883,-77.3719541299447,-73.9302617933902,-77.2816764390332
1.16633333333333,-77.31823632972,-73.8853603167286,-77.2629574848829,-77.3573953620932,-73.9152163432209,-77.2670427684326
1.16666666666667,-77.3036670517002,-73.8702687587084,-77.2483805333811,-77.3428151091453,-73.9001589307723,-77.2523879647703
1.167,-77.2890764719263,-73.8551651872414,-77.2337822445807,-77.328213353397,-73.8850895404103,-77.2377120106702
1.16733333333333,-77.2744645728399,-73.8400495866057,-77.2191626009183,-77.313590077186,-73.8700081564667,-77.2230148887926
1.16766666666667,-77.2598313369214,-73.8249219410447,-77.2045215848692,-77.2989452628917,-73.8549147632395,-77.2082965818335
1.168,-77.2451767466901,-73.8097822347679,-77.1898591789477,-77.2842788929348,-73.8398093449924,-77.1935570725253
1.16833333333333,-77.2305007847041,-73.79463045195,-77.175175365707,-77.2695909497775,-73.8246918859551,-77.1787963436359
1.16866666666667,-77.21580343356,-73.7794665767311,-77.1604701277386,-77.2548814159234,-73.8095623703228,-77.1640143779691
1.169,-77.201084675893,-73.7642905932167,-77.1457434476728,-77.2401502739173,-73.7944207822563,-77.1492111583646
1.16933333333333,-77.1863444943768,-73.7491024854772,-77.1309953081785,-77.2253975063452,-73.779267105882,-77.1343866676976
1.16966666666667,-77.1715828717237,-73.7339022375485,-77.1162256919629,-77.2106230958345,-73.7641013252916,-77.1195408888788
1.17,-77.1567997906841,-73.718689833431,-77.1014345817715,-77.1958270250533,-73.7489234245418,-77.1046738048547
1.17033333333333,-77.141995234047,-73.7034652570903,-77.0866219603884,-77.181009276711,-73.7337333876549,-77.0897853986068
1.17066666666667,-77.1271691846393,-73.6882284924563,-77.0717878106355,-77.1661698335577,-73.7185311986178,-77.0748756531521
1.171,-77.1123216253262,-73.672979523424,-77.0569321153731,-77.1513086783843,-73.7033168413825,-77.0599445515427
1.17133333333333,-77.0974525390107,-73.6577183338526,-77.0420548574994,-77.1364257940227,-73.688090299866,-77.0449920768659
1.17166666666667,-77.082561908634,-73.6424449075658,-77.0271560199505,-77.1215211633452,-73.6728515579495,-77.0300182122439
1.172,-77.067649717175,-73.6271592283515,-77.0122355857004,-77.1065947692647,-73.6576005994793,-77.015022940834
1.17233333333333,-77.0527159476502,-73.6118612799619,-76.9972935377609,-77.0916465947346,-73.6423374082659,-77.000006245828
1.17266666666667,-77.0377605831142,-73.5965510461131,-76.9823298591813,-77.0766766227487,-73.6270619680841,-76.9849681104527
1.173,-77.0227836066586,-73.5812285104852,-76.9673445330486,-77.061684836341,-73.6117742626732,-76.9699085179692
1.17333333333333,-77.007785001413,-73.5658936567222,-76.9523375424871,-77.0466712185857,-73.5964742757365,-76.9548274516733
1.17366666666667,-76.9927647505439,-73.5505464684318,-76.9373088706586,-77.0316357525971,-73.5811619909413,-76.9397248948951
1.174,-76.9777228372553,-73.5351869291853,-76.9222585007619,-77.0165784215294,-73.5658373919187,-76.9246008309991
1.17433333333333,-76.9626592447884,-73.5198150225173,-76.9071864160333,-77.0014992085768,-73.5505004622639,-76.9094552433836
1.17466666666667,-76.9475739564211,-73.504430731926,-76.8920925997457,-76.9863980969731,-73.5351511855356,-76.8942881154813
1.175,-76.9324669554686,-73.4890340408728,-76.8769770352092,-76.9712750699918,-73.5197895452559,-76.8790994307586
1.17533333333333,-76.9173382252829,-73.4736249327822,-76.8618397057707,-76.9561301109459,-73.5044155249107,-76.8638891727157
1.17566666666667,-76.9021877492523,-73.4582033910417,-76.8466805948135,-76.9409632031879,-73.489029107949,-76.8486573248867
1.176,-76.8870155108023,-73.4427693990019,-76.8314996857578,-76.9257743301096,-73.473630277783,-76.8334038708389
1.17633333333333,-76.8718214933942,-73.4273229399759,-76.8162969620601,-76.9105634751419,-73.4582190177882,-76.8181287941733
1.17666666666667,-76.8566056805263,-73.4118639972397,-76.8010724072131,-76.8953306217549,-73.4427953113028,-76.8028320785241
1.177,-76.8413680557325,-73.3963925540317,-76.785826004746,-76.8800757534573,-73.4273591416282,-76.7875137075585
1.17733333333333,-76.8261086025834,-73.3809085935529,-76.7705577382236,-76.864798853797,-73.4119104920283,-76.772173664977
1.17766666666667,-76.8108273046851,-73.3654120989664,-76.755267591247,-76.8494999063603,-73.3964493457298,-76.7568119345127
1.178,-76.7955241456799,-73.3499030533977,-76.7399555474532,-76.8341788947724,-73.3809756859217,-76.7414284999319
1.17833333333333,-76.7801991092455,-73.3343814399343,-76.7246215905145,-76.8188358026965,-73.3654894957556,-76.726023345033
1.17866666666667,-76.7648521790953,-73.3188472416256,-76.709265704139,-76.8034706138343,-73.3499907583453,-76.7105964536472
1.179,-76.7494833389783,-73.303300441483,-76.6938878720701,-76.7880833119257,-73.3344794567667,-76.6951478096381
1.17933333333333,-76.7340925726786,-73.2877410224794,-76.6784880780866,-76.7726738807485,-73.3189555740579,-76.6796773969011
1.17966666666667,-76.7186798640156,-73.2721689675495,-76.6630663060021,-76.7572423041183,-73.3034190932187,-76.664185199364
1.18,-76.7032451968437,-73.2565842595893,-76.6476225396657,-76.7417885658887,-73.2878699972109,-76.6486712009864
1.18033333333333,-76.6877885550521,-73.2409868814563,-76.6321567629608,-76.7263126499507,-73.2723082689579,-76.6331353857596
1.18066666666667,-76.6723099225647,-73.2253768159692,-76.6166689598058,-76.7108145402325,-73.2567338913445,-76.6175777377066
1.181,-76.6568092833402,-73.2097540459078,-76.6011591141536,-76.6952942207,-73.2411468472172,-76.6019982408817
1.18133333333333,-76.6412866213716,-73.1941185540127,-76.5856272099913,-76.6797516753561,-73.2255471193835,-76.5863968793706
1.18166666666667,-76.6257419206862,-73.1784703229857,-76.5700732313404,-76.6641868882404,-73.2099346906125,-76.5707736372899
1.182,-76.6101751653455,-73.1628093354891,-76.5544971622565,-76.6485998434296,-73.1943095436339,-76.5551284987876
1.18233333333333,-76.5945863394448,-73.1471355741458,-76.538898986829,-76.632990525037,-73.1786716611388,-76.539461448042
1.18266666666667,-76.5789754271133,-73.1314490215393,-76.523278689181,-76.6173589172124,-73.1630210257786,-76.5237724692623
1.183,-76.563342412514,-73.1157496602135,-76.5076362534695,-76.6017050041419,-73.1473576201658,-76.5080615466881
1.18333333333333,-76.5476872798432,-73.1000374726724,-76.4919716638845,-76.5860287700477,-73.1316814268733,-76.4923286645895
1.18366666666667,-76.5320100133306,-73.0843124413801,-76.4762849046495,-76.570330199188,-73.1159924284344,-76.4765738072663
1.184,-76.5163105972391,-73.0685745487608,-76.4605759600211,-76.5546092758571,-73.1002906073429,-76.4607969590486
1.18433333333333,-76.5005890158645,-73.0528237771985,-76.4448448142887,-76.5388659843845,-73.0845759460526,-76.4449981042962
1.18466666666667,-76.4848452535355,-73.037060109037,-76.4290914517746,-76.5231003091356,-73.0688484269773,-76.4291772273985
1.185,-76.4690792946133,-73.0212835265795,-76.4133158568335,-76.5073122345109,-73.053108032491,-76.4133343127742
1.18533333333333,-76.4532911234918,-73.0054940120888,-76.3975180138526,-76.4915017449459,-73.0373547449273,-76.3974693448714
1.18566666666667,-76.437480724597,-72.9896915477872,-76.3816979072512,-76.4756688249113,-73.0215885465795,-76.3815823081671
1.186,-76.4216480823871,-72.9738761158558,-76.3658555214809,-76.4598134589123,-73.0058094197004,-76.3656731871673
1.18633333333333,-76.4057931813522,-72.9580476984353,-76.3499908410246,-76.443935631489,-72.9900173465025,-76.3497419664068
1.18666666666667,-76.3899160060141,-72.9422062776249,-76.3341038503976,-76.4280353272156,-72.9742123091571,-76.3337886304485
1.187,-76.3740165409263,-72.9263518354828,-76.318194534146,-76.4121125307005,-72.9583942897952,-76.317813163884
1.18733333333333,-76.3580947706735,-72.9104843540261,-76.3022628768475,-76.3961672265863,-72.9425632705063,-76.3018155513329
1.18766666666667,-76.3421506798716,-72.89460381523,-76.2863088631108,-76.3801993995492,-72.9267192333393,-76.2857957774425
1.188,-76.3261842531677,-72.8787102010285,-76.2703324775756,-76.3642090342992,-72.9108621603014,-76.269753826888
1.18833333333333,-76.3101954752394,-72.8628034933137,-76.2543337049123,-76.3481961155795,-72.8949920333589,-76.2536896843723
1.18866666666667,-76.2941843307951,-72.8468836739361,-76.2383125298216,-76.3321606281667,-72.8791088344361,-76.2376033346252
1.189,-76.2781508045734,-72.8309507247039,-76.2222689370346,-76.3161025568703,-72.863212545416,-76.221494762404
1.18933333333333,-76.2620948813434,-72.8150046273833,-76.2062029113125,-76.3000218865325,-72.8473031481398,-76.2053639524926
1.18966666666667,-76.2460165459038,-72.7990453636985,-76.1901144374464,-76.2839186020283,-72.8313806244068,-76.1892108897019
1.19,-76.2299157830835,-72.7830729153309,-76.1740035002572,-76.267792688265,-72.815444955974,-76.173035558869
1.19033333333333,-76.2137925777406,-72.7670872639199,-76.1578700845949,-76.2516441301821,-72.7994961245568,-76.1568379448574
1.19066666666667,-76.1976469147628,-72.7510883910617,-76.1417141753392,-76.2354729127509,-72.7835341118276,-76.1406180325569
1.191,-76.1814787790668,-72.73507627831,-76.1255357573985,-76.2192790209745,-72.7675588994169,-76.1243758068827
1.19133333333333,-76.1652881555985,-72.7190509071758,-76.1093348157104,-76.2030624398877,-72.7515704689124,-76.1081112527759
1.19166666666667,-76.1490750293323,-72.7030122591265,-76.0931113352405,-76.1868231545565,-72.7355688018591,-76.0918243552031
1.192,-76.1328393852712,-72.6869603155868,-76.0768653009836,-76.1705611500778,-72.7195538797592,-76.0755150991558
1.19233333333333,-76.1165812084464,-72.6708950579377,-76.0605966979619,-76.1542764115795,-72.7035256840718,-76.0591834696509
1.19266666666667,-76.1003004839173,-72.654816467517,-76.0443055112261,-76.1379689242201,-72.6874841962131,-76.0428294517295
1.193,-76.083997196771,-72.6387245256188,-76.0279917258544,-76.1216386731886,-72.6714293975558,-76.0264530304577
1.19333333333333,-76.0676713321224,-72.6226192134933,-76.0116553269524,-76.105285643704,-72.6553612694293,-76.0100541909257
1.19366666666667,-76.0513228751135,-72.606500512347,-75.9952962996531,-76.0889098210152,-72.6392797931195,-75.9936329182477
1.194,-76.0349518109139,-72.5903684033423,-75.9789146291166,-76.072511190401,-72.6231849498685,-75.9771891975617
1.19433333333333,-76.0185581247197,-72.5742228675973,-75.9625103005296,-76.0560897371695,-72.6070767208748,-75.9607230140295
1.19466666666667,-76.0021418017539,-72.558063886186,-75.9460832991054,-76.039645446658,-72.5909550872925,-75.9442343528361
1.195,-75.985702827266,-72.5418914401378,-75.9296336100838,-76.0231783042328,-72.5748200302322,-75.9277231991895
1.19533333333333,-75.9692411865315,-72.5257055104374,-75.9131612187304,-76.006688295289,-72.5586715307597,-75.9111895383209
1.19566666666667,-75.9527568648521,-72.5095060780251,-75.896666110337,-75.99017540525,-72.5425095698968,-75.8946333554838
1.196,-75.9362498475552,-72.4932931237959,-75.8801482702206,-75.9736396195676,-72.5263341286204,-75.8780546359542
1.19633333333333,-75.9197201199935,-72.4770666286,-75.8636076837239,-75.9570809237214,-72.5101451878632,-75.8614533650304
1.19666666666667,-75.9031676675453,-72.4608265732424,-75.8470443362144,-75.940499303219,-72.4939427285126,-75.8448295280323
1.197,-75.8865924756135,-72.4445729384826,-75.8304582130846,-75.9238947435953,-72.4777267314113,-75.8281831103017
1.19733333333333,-75.869994529626,-72.4283057050349,-75.8138492997517,-75.9072672304122,-72.4614971773569,-75.8115140972016
1.19766666666667,-75.8533738150352,-72.4120248535678,-75.7972175816569,-75.890616749259,-72.4452540471016,-75.7948224741161
1.198,-75.8367303173175,-72.3957303647041,-75.7805630442659,-75.8739432857513,-72.4289973213524,-75.7781082264505
1.19833333333333,-75.8200640219735,-72.3794222190206,-75.7638856730679,-75.8572468255314,-72.4127269807705,-75.7613713396303
1.19866666666667,-75.8033749145276,-72.3631003970481,-75.7471854535759,-75.8405273542675,-72.3964430059716,-75.7446117991017
1.199,-75.7866629805273,-72.3467648792713,-75.730462371326,-75.823784857654,-72.3801453775255,-75.7278295903306
1.19933333333333,-75.7699282055436,-72.3304156461283,-75.7137164118774,-75.8070193214106,-72.3638340759559,-75.7110246988033
1.19966666666667,-75.7531705751704,-72.3140526780109,-75.6969475608123,-75.7902307312825,-72.3475090817405,-75.694197110025
1.2,-75.7363900750243,-72.2976759552641,-75.680155803735,-75.7734190730402,-72.3311703753108,-75.6773468095208
1.20033333333333,-75.7195866907441,-72.2812854581861,-75.6633411262724,-75.7565843324785,-72.3148179370516,-75.6604737828344
1.20066666666667,-75.7027604079908,-72.2648811670283,-75.646503514073,-75.7397264954172,-72.2984517473012,-75.6435780155284
1.201,-75.6859112124474,-72.2484630619949,-75.6296429528074,-75.7228455477,-72.2820717863513,-75.626659493184
1.20133333333333,-75.6690390898183,-72.2320311232426,-75.6127594281672,-75.7059414751948,-72.2656780344466,-75.6097182014003
1.20166666666667,-75.6521440258294,-72.215585330881,-75.5958529258654,-75.689014263793,-72.2492704717847,-75.5927541257947
1.202,-75.6352260062275,-72.1991256649721,-75.5789234316358,-75.6720638994095,-72.2328490785161,-75.575767252002
1.20233333333333,-75.61828501678,-72.1826521055299,-75.5619709312327,-75.6550903679822,-72.2164138347438,-75.5587575656744
1.20266666666667,-75.6013210432751,-72.1661646325209,-75.5449954104306,-75.638093655472,-72.1999647205236,-75.5417250524813
1.203,-75.5843340715209,-72.1496632258631,-75.5279968550243,-75.621073747862,-72.1835017158633,-75.5246696981087
1.20333333333333,-75.5673240873456,-72.1331478654269,-75.510975250828,-75.6040306311578,-72.1670248007231,-75.5075914882593
1.20366666666667,-75.5502910765967,-72.1166185310337,-75.4939305836755,-75.5869642913869,-72.1505339550152,-75.490490408652
1.204,-75.5332350251413,-72.100075202457,-75.4768628394196,-75.5698747145981,-72.1340291586036,-75.4733664450215
1.20433333333333,-75.5161559188654,-72.0835178594211,-75.4597720039319,-75.552761886862,-72.117510391304,-75.4562195831182
1.20466666666667,-75.4990537436738,-72.0669464816019,-75.4426580631028,-75.5356257942699,-72.1009776328838,-75.4390498087079
1.205,-75.4819284854897,-72.0503610486261,-75.4255210028406,-75.518466422934,-72.0844308630617,-75.4218571075715
1.20533333333333,-75.4647801302542,-72.0337615400713,-75.4083608090718,-75.5012837589866,-72.0678700615077,-75.4046414655044
1.20566666666667,-75.4476086639267,-72.0171479354658,-75.3911774677403,-75.4840777885805,-72.0512952078429,-75.3874028683168
1.206,-75.4304140724837,-72.0005202142885,-75.3739709648076,-75.4668484978881,-72.0347062816391,-75.3701413018328
1.20633333333333,-75.4131963419191,-71.9838783559686,-75.3567412862519,-75.4495958731012,-72.0181032624193,-75.3528567518904
1.20666666666667,-75.3959554582438,-71.9672223398855,-75.3394884180685,-75.4323199004309,-72.0014861296568,-75.3355492043413
1.207,-75.3786914074853,-71.9505521453688,-75.3222123462687,-75.4150205661071,-71.9848548627753,-75.3182186450501
1.20733333333333,-75.3614041756871,-71.9338677516979,-75.3049130568802,-75.3976978563782,-71.968209441149,-75.3008650598946
1.20766666666667,-75.344093748909,-71.9171691381018,-75.2875905359464,-75.3803517575108,-71.9515498441021,-75.2834884347653
1.208,-75.3267601132265,-71.9004562837593,-75.2702447695261,-75.3629822557894,-71.9348760509087,-75.2660887555647
1.20833333333333,-75.3094032547303,-71.8837291677985,-75.2528757436933,-75.3455893375161,-71.918188040793,-75.2486660082075
1.20866666666667,-75.2920231595261,-71.8669877692967,-75.2354834445367,-75.3281729890102,-71.9014857929283,-75.2312201786199
1.209,-75.2746198137346,-71.8502320672803,-75.2180678581599,-75.3107331966079,-71.8847692864379,-75.2137512527397
1.20933333333333,-75.2571932034908,-71.8334620407247,-75.2006289706803,-75.293269946662,-71.8680385003941,-75.1962592165156
1.20966666666667,-75.2397433149435,-71.8166776685539,-75.1831667682292,-75.2757832255415,-71.8512934138185,-75.178744055907
1.21,-75.2222701342556,-71.7998789296404,-75.1656812369516,-75.2582730196313,-71.8345340056815,-75.1612057568837
1.21033333333333,-75.2047736476033,-71.7830658028054,-75.1481723630057,-75.2407393153319,-71.8177602549023,-75.1436443054257
1.21066666666667,-75.187253841176,-71.766238266818,-75.1306401325623,-75.223182099059,-71.800972140349,-75.1260596875224
1.211,-75.1697107011758,-71.7493963003956,-75.1130845318053,-75.2056013572434,-71.784169640838,-75.1084518891731
1.21133333333333,-75.1521442138171,-71.7325398822034,-75.0955055469302,-75.1879970763301,-71.7673527351338,-75.0908208963858
1.21166666666667,-75.1345543653267,-71.7156689908544,-75.0779031641447,-75.1703692427784,-71.7505214019494,-75.0731666951773
1.212,-75.116941141943,-71.698783604909,-75.060277369668,-75.1527178430619,-71.7336756199455,-75.0554892715731
1.21233333333333,-75.0993045299159,-71.6818837028751,-75.0426281497306,-75.135042863667,-71.7168153677306,-75.0377886116065
1.21266666666667,-75.0816445155063,-71.6649692632077,-75.0249554905736,-75.1173442910938,-71.699940623861,-75.0200647013185
1.213,-75.063961084986,-71.6480402643091,-75.0072593784489,-75.099622111855,-71.6830513668404,-75.0023175267577
1.21333333333333,-75.046254224637,-71.6310966845281,-74.9895397996185,-75.0818763124758,-71.6661475751195,-74.9845470739798
1.21366666666667,-75.0285239207517,-71.6141385021605,-74.971796740354,-75.0641068794936,-71.6492292270963,-74.9667533290471
1.214,-75.0107701596319,-71.5971656954483,-74.9540301869367,-75.0463137994574,-71.6322963011159,-74.9489362780282
1.21433333333333,-74.9929929275891,-71.5801782425802,-74.9362401256571,-75.0284970589276,-71.6153487754699,-74.9310959069979
1.21466666666667,-74.9751922109434,-71.5631761216907,-74.9184265428143,-75.0106566444757,-71.5983866283965,-74.9132322020367
1.215,-74.957367996024,-71.5461593108606,-74.9005894247159,-74.992792542684,-71.5814098380803,-74.8953451492303
1.21533333333333,-74.9395202691683,-71.5291277881163,-74.8827287576775,-74.9749047401448,-71.5644183826524,-74.8774347346694
1.21566666666667,-74.9216490167213,-71.5120815314298,-74.8648445280226,-74.9569932234606,-71.5474122401894,-74.8595009444496
1.216,-74.9037542250363,-71.4950205187187,-74.8469367220819,-74.9390579792433,-71.5303913887143,-74.8415437646703
1.21633333333333,-74.8858358804733,-71.4779447278459,-74.829005326193,-74.9210989941141,-71.5133558061955,-74.8235631814354
1.21666666666667,-74.8678939693994,-71.4608541366192,-74.8110503267005,-74.9031162547031,-71.496305470547,-74.8055591808519
1.217,-74.8499284781882,-71.4437487227913,-74.7930717099548,-74.8851097476486,-71.4792403596281,-74.7875317490303
1.21733333333333,-74.8319393932195,-71.4266284640599,-74.7750694623125,-74.8670794595973,-71.4621604512432,-74.7694808720838
1.21766666666667,-74.8139267008788,-71.409493338067,-74.7570435701358,-74.8490253772035,-71.4450657231418,-74.7514065361281
1.218,-74.7958903875572,-71.3923433223989,-74.7389940197918,-74.8309474871286,-71.4279561530181,-74.7333087272812
1.21833333333333,-74.7778304396508,-71.3751783945864,-74.7209207976526,-74.8128457760413,-71.410831718511,-74.7151874316625
1.21866666666667,-74.7597468435603,-71.357998532104,-74.7028238900947,-74.7947202306167,-71.3936923972036,-74.6970426353932
1.219,-74.7416395856909,-71.3408037123702,-74.6847032834986,-74.7765708375361,-71.3765381666234,-74.6788743245953
1.21933333333333,-74.7235086524516,-71.3235939127468,-74.6665589642484,-74.7583975834865,-71.3593690042421,-74.6606824853915
1.21966666666667,-74.7053540302551,-71.3063691105395,-74.6483909187318,-74.7402004551605,-71.3421848874748,-74.6424671039047
1.22,-74.6871757055171,-71.2891292829968,-74.630199133339,-74.7219794392556,-71.3249857936809,-74.6242281662579
1.22033333333333,-74.6689736646563,-71.2718744073107,-74.6119835944631,-74.703734522474,-71.3077717001628,-74.6059656585735
1.22066666666667,-74.6507478940939,-71.2546044606157,-74.5937442884992,-74.6854656915222,-71.2905425841663,-74.5876795669731
1.221,-74.632498380253,-71.2373194199891,-74.5754812018442,-74.6671729331103,-71.2732984228806,-74.569369877577
1.22133333333333,-74.6142251095585,-71.2200192624508,-74.5571943208963,-74.6488562339521,-71.2560391934375,-74.5510365765041
1.22166666666667,-74.5959280684364,-71.2027039649628,-74.5388836320549,-74.6305155807644,-71.2387648729118,-74.532679649871
1.222,-74.5776072433138,-71.1853735044295,-74.5205491217199,-74.6121509602666,-71.2214754383206,-74.5142990837923
1.22233333333333,-74.5592626206181,-71.168027857697,-74.5021907762913,-74.5937623591805,-71.2041708666236,-74.4958948643796
1.22266666666667,-74.5408941867772,-71.1506670015531,-74.4838085821692,-74.5753497642295,-71.1868511347224,-74.4774669777414
1.223,-74.5225019282184,-71.1332909127272,-74.465402525753,-74.5569131621386,-71.1695162194609,-74.4590154099829
1.22333333333333,-74.5040858313685,-71.1158995678902,-74.446972593441,-74.538452539634,-71.1521660976245,-74.440540147205
1.22366666666667,-74.485645882653,-71.0984929436538,-74.4285187716304,-74.5199678834423,-71.1348007459404,-74.4220411755047
1.224,-74.4671820684964,-71.081071016571,-74.4100410467166,-74.5014591802905,-71.1174201410771,-74.403518480974
1.22433333333333,-74.4486943753209,-71.0636337631353,-74.3915394050926,-74.4829264169052,-71.1000242596442,-74.3849720496999
1.22466666666667,-74.4301827895467,-71.0461811597809,-74.3730138331492,-74.4643695800126,-71.0826130781925,-74.3664018677641
1.225,-74.4116472975913,-71.0287131828822,-74.354464317274,-74.445788656338,-71.0651865732135,-74.3478079212423
1.22533333333333,-74.3930878858691,-71.011229808754,-74.3358908438514,-74.427183632605,-71.0477447211394,-74.3291901962038
1.22566666666667,-74.3745045407912,-70.9937310136508,-74.317293399262,-74.4085544955356,-71.0302874983426,-74.3105486787113
1.226,-74.3558972487647,-70.976216773767,-74.298671969882,-74.3899012318493,-71.012814881136,-74.2918833548206
1.22633333333333,-74.3372659961924,-70.9586870652366,-74.2800265420834,-74.3712238282633,-70.9953268457723,-74.2731942105797
1.22666666666667,-74.3186107694724,-70.9411418641329,-74.2613571022329,-74.3525222714913,-70.9778233684441,-74.254481232029
1.227,-74.2999315549981,-70.9235811464683,-74.242663636692,-74.3337965482438,-70.9603044252837,-74.2357444052006
1.22733333333333,-74.2812283391568,-70.9060048881942,-74.2239461318163,-74.3150466452271,-70.9427699923625,-74.2169837161177
1.22766666666667,-74.2625011083302,-70.8884130652007,-74.2052045739551,-74.2962725491434,-70.9252200456914,-74.1981991507945
1.228,-74.2437498488938,-70.8708056533166,-74.1864389494512,-74.2774742466899,-70.9076545612204,-74.1793906952358
1.22833333333333,-74.2249745472162,-70.8531826283088,-74.1676492446402,-74.2586517245587,-70.890073514838,-74.1605583354362
1.22866666666667,-74.2061751896588,-70.8355439658825,-74.1488354458502,-74.2398049694362,-70.8724768823713,-74.1417020573804
1.229,-74.1873517625755,-70.8178896416808,-74.1299975394017,-74.2209339680027,-70.8548646395861,-74.1228218470419
1.22933333333333,-74.1685042523121,-70.8002196312844,-74.1111355116064,-74.202038706932,-70.8372367621862,-74.1039176903833
1.22966666666667,-74.1496326452062,-70.7825339102117,-74.0922493487675,-74.1831191728909,-70.8195932258132,-74.0849895733555
1.23,-74.1307369275863,-70.7648324539183,-74.0733390371792,-74.164175352539,-70.8019340060469,-74.0660374818975
1.23033333333333,-74.1118170857717,-70.7471152377968,-74.0544045631257,-74.1452072325278,-70.7842590784042,-74.0470614019358
1.23066666666667,-74.0928731060721,-70.7293822371769,-74.0354459128814,-74.1262147995007,-70.7665684183396,-74.0280613193841
1.231,-74.073904974787,-70.7116334273246,-74.0164630727103,-74.1071980400924,-70.7488620012448,-74.0090372201428
1.23133333333333,-74.0549126782054,-70.6938687834428,-73.9974560288654,-74.0881569409284,-70.7311398024482,-73.9899890900986
1.23166666666667,-74.0358962026052,-70.6760882806703,-73.9784247675883,-74.0690914886246,-70.7134017972151,-73.9709169151241
1.232,-74.016855534253,-70.658291894082,-73.959369275109,-74.0500016697869,-70.6956479607473,-73.9518206810775
1.23233333333333,-73.9977906594034,-70.6404795986887,-73.9402895376452,-74.0308874710107,-70.6778782681827,-73.9327003738018
1.23266666666667,-73.9787015642989,-70.6226513694368,-73.921185541402,-74.0117488788805,-70.6600926945955,-73.9135559791247
1.233,-73.9595882351692,-70.604807181208,-73.9020572725714,-73.9925858799693,-70.6422912149958,-73.8943874828582
1.23333333333333,-73.9404506582308,-70.5869470088191,-73.882904717332,-73.9733984608384,-70.624473804329,-73.8751948707978
1.23366666666667,-73.9212888196867,-70.5690708270219,-73.8637278618483,-73.9541866080367,-70.6066404374763,-73.8559781287225
1.234,-73.9021027057257,-70.5511786105031,-73.8445266922705,-73.9349503081006,-70.5887910892539,-73.836737242394
1.23433333333333,-73.8828923025222,-70.5332703338836,-73.825301194734,-73.915689547553,-70.570925734413,-73.8174721975567
1.23466666666667,-73.8636575962357,-70.5153459717187,-73.8060513553588,-73.8964043129032,-70.5530443476398,-73.7981829799367
1.235,-73.8443985730104,-70.497405498498,-73.7867771602493,-73.8770945906467,-70.5351469035547,-73.7788695752418
1.23533333333333,-73.8251152189745,-70.4794488886445,-73.7674785954937,-73.8577603672641,-70.5172333767127,-73.759531969161
1.23566666666667,-73.80580752024,-70.4614761165151,-73.7481556471633,-73.8384016292211,-70.4993037416027,-73.7401701473638
1.236,-73.7864754629024,-70.4434871564,-73.7288083013128,-73.8190183629678,-70.4813579726478,-73.7207840955001
1.23633333333333,-73.7671190330397,-70.4254819825227,-73.7094365439791,-73.7996105549385,-70.4633960442044,-73.7013737991994
1.23666666666667,-73.7477382167124,-70.4074605690394,-73.6900403611811,-73.7801781915511,-70.4454179305625,-73.6819392440707
1.237,-73.7283329999632,-70.3894228900392,-73.6706197389194,-73.7607212592064,-70.4274236059455,-73.6624804157019
1.23733333333333,-73.7089033688158,-70.3713689195436,-73.6511746631756,-73.7412397442882,-70.4094130445094,-73.6429972996594
1.23766666666667,-73.6894493092754,-70.3532986315064,-73.631705119912,-73.721733633162,-70.3913862203432,-73.6234898814873
1.238,-73.6699708073274,-70.3352119998134,-73.6122110950711,-73.7022029121754,-70.3733431074685,-73.6039581467076
1.23833333333333,-73.6504678489376,-70.3171089982821,-73.5926925745752,-73.6826475676572,-70.3552836798391,-73.5844020808192
1.23866666666667,-73.6309404200512,-70.2989896006618,-73.5731495443257,-73.6630675859168,-70.3372079113407,-73.5648216692977
1.239,-73.6113885065928,-70.280853780633,-73.553581990203,-73.643462953244,-70.3191157757912,-73.5452168975951
1.23933333333333,-73.5918120944656,-70.2627015118071,-73.5339898980657,-73.6238336559085,-70.3010072469399,-73.5255877511386
1.23966666666667,-73.5722111695511,-70.2445327677268,-73.5143732537505,-73.604179680159,-70.2828822984674,-73.5059342153313
1.24,-73.5525857177086,-70.2263475218651,-73.4947320430713,-73.5845010122235,-70.2647409039856,-73.4862562755507
1.24033333333333,-73.5329357247748,-70.2081457476254,-73.475066251819,-73.5647976383081,-70.2465830370373,-73.4665539171489
1.24066666666667,-73.5132611765631,-70.1899274183414,-73.4553758657611,-73.545069544597,-70.2284086710959,-73.4468271254517
1.241,-73.4935620588635,-70.1716925072767,-73.4356608706411,-73.5253167172517,-70.2102177795653,-73.4270758857585
1.24133333333333,-73.4738383574419,-70.1534409876246,-73.4159212521779,-73.5055391424105,-70.1920103357796,-73.4073001833417
1.24166666666667,-73.4540900580395,-70.1351728325076,-73.3961569960655,-73.4857368061886,-70.1737863130028,-73.387500003446
1.242,-73.4343171463727,-70.1168880149777,-73.3763680879728,-73.4659096946766,-70.1555456844288,-73.3676753312885
1.24233333333333,-73.4145196081323,-70.0985865080158,-73.3565545135424,-73.4460577939411,-70.1372884231807,-73.3478261520575
1.24266666666667,-73.3946974289832,-70.0802682845314,-73.3367162583908,-73.4261810900234,-70.1190145023111,-73.3279524509126
1.243,-73.3748505945639,-70.0619333173626,-73.3168533081076,-73.4062795689394,-70.1007238948014,-73.3080542129841
1.24333333333333,-73.3549790904858,-70.0435815792756,-73.2969656482552,-73.386353216679,-70.0824165735622,-73.2881314233725
1.24366666666667,-73.3350829023331,-70.0252130429647,-73.2770532643681,-73.3664020192056,-70.0640925114319,-73.2681840671478
1.244,-73.3151620156622,-70.0068276810519,-73.2571161419526,-73.3464259624557,-70.0457516811778,-73.2482121293494
1.24433333333333,-73.2952164160009,-69.9884254660867,-73.2371542664862,-73.3264250323384,-70.027394055495,-73.2282155949854
1.24466666666667,-73.2752460888485,-69.9700063705459,-73.2171676234171,-73.3063992147347,-70.0090196070064,-73.2081944490322
1.245,-73.2552510196746,-69.9515703668332,-73.1971561981642,-73.2863484954972,-69.9906283082623,-73.1881486764341
1.24533333333333,-73.2352311939194,-69.9331174272791,-73.1771199761156,-73.2662728604496,-69.9722201317406,-73.1680782621026
1.24566666666667,-73.2151865969927,-69.9146475241406,-73.1570589426291,-73.2461722953862,-69.9537950498459,-73.147983190916
1.246,-73.1951172142734,-69.8961606296009,-73.1369730830314,-73.2260467860712,-69.9353530349098,-73.1278634477192
1.24633333333333,-73.1750230311093,-69.8776567157692,-73.1168623826173,-73.2058963182385,-69.9168940591905,-73.1077190173229
1.24666666666667,-73.1549040328164,-69.8591357546806,-73.0967268266495,-73.185720877591,-69.8984180948721,-73.0875498845031
1.247,-73.1347602046785,-69.8405977182953,-73.0765664003582,-73.1655204498001,-69.8799251140653,-73.0673560340009
1.24733333333333,-73.1145915319467,-69.8220425784993,-73.0563810889404,-73.1452950205055,-69.8614150888061,-73.0471374505217
1.24766666666667,-73.0943979998389,-69.803470307103,-73.0361708775593,-73.1250445753141,-69.8428879910562,-73.0268941187349
1.248,-73.0741795935394,-69.7848808758418,-73.0159357513444,-73.1047690998,-69.8243437927028,-73.0066260232736
1.24833333333333,-73.053936298198,-69.7662742563756,-72.9956756953902,-73.0844685795038,-69.8057824655576,-72.9863331487334
1.24866666666667,-73.0336680989302,-69.7476504202883,-72.9753906947562,-73.0641429999323,-69.7872039813575,-72.966015479673
1.249,-73.013374980816,-69.729009339088,-72.9550807344665,-73.0437923465576,-69.7686083117638,-72.9456730006126
1.24933333333333,-72.9930569289,-69.7103509842062,-72.9347457995088,-73.0234166048169,-69.7499954283618,-72.9253056960343
1.24966666666667,-72.9727139281903,-69.6916753269979,-72.9143858748344,-73.0030157601118,-69.7313653026611,-72.9049135503809
1.25,-72.9523459636587,-69.6729823387414,-72.8940009453574,-72.982589797808,-69.7127179060947,-72.884496548056
1.25033333333333,-72.9319530202396,-69.6542719906377,-72.8735909959544,-72.9621387032345,-69.6940532100194,-72.8640546734233
1.25066666666667,-72.9115350828297,-69.6355442538104,-72.8531560114638,-72.9416624616836,-69.6753711857149,-72.8435879108056
1.251,-72.8910921362876,-69.6167990993056,-72.8326959766854,-72.9211610584096,-69.6566718043839,-72.8230962444853
1.25133333333333,-72.8706241654333,-69.5980364980914,-72.8122108763799,-72.900634478629,-69.6379550371517,-72.802579658703
1.25166666666667,-72.8501311550474,-69.5792564210577,-72.7917006952683,-72.8800827075197,-69.6192208550662,-72.7820381376575
1.252,-72.8296130898711,-69.560458839016,-72.7711654180318,-72.8595057302203,-69.6004692290972,-72.7614716655052
1.25233333333333,-72.8090699546052,-69.5416437226989,-72.7506050293106,-72.8389035318299,-69.5817001301364,-72.7408802263595
1.25266666666667,-72.7885017339098,-69.5228110427602,-72.7300195137039,-72.8182760974074,-69.5629135289971,-72.7202638042903
1.253,-72.7679084124038,-69.5039607697744,-72.7094088557691,-72.797623411971,-69.544109396414,-72.6996223833236
1.25333333333333,-72.7472899746646,-69.4850928742363,-72.6887730400219,-72.7769454604979,-69.5252877030426,-72.6789559474411
1.25366666666667,-72.7266464052269,-69.466207326561,-72.6681120509347,-72.7562422279233,-69.5064484194593,-72.6582644805792
1.254,-72.7059776885832,-69.4473040970835,-72.6474258729372,-72.7355136991403,-69.4875915161611,-72.6375479666294
1.25433333333333,-72.6852838091824,-69.4283831560583,-72.6267144904152,-72.714759858999,-69.4687169635651,-72.6168063894368
1.25466666666667,-72.6645647514296,-69.4094444736595,-72.6059778877102,-72.6939806923067,-69.4498247320082,-72.5960397328
1.255,-72.643820499686,-69.39048801998,-72.5852160491191,-72.6731761838262,-69.4309147917472,-72.575247980471
1.25533333333333,-72.6230510382676,-69.3715137650315,-72.5644289588936,-72.6523463182766,-69.4119871129581,-72.554431116154
1.25566666666667,-72.6022563514452,-69.3525216787444,-72.5436166012395,-72.6314910803316,-69.393041665736,-72.5335891235053
1.256,-72.5814364234438,-69.3335117309672,-72.5227789603164,-72.6106104546196,-69.374078420095,-72.5127219861327
1.25633333333333,-72.5605912384422,-69.3144838914662,-72.5019160202371,-72.5897044257234,-69.3550973459676,-72.491829687595
1.25666666666667,-72.539720780572,-69.2954381299255,-72.4810277650669,-72.5687729781788,-69.3360984132045,-72.4709122114015
1.257,-72.5188250339178,-69.2763744159467,-72.4601141788236,-72.5478160964749,-69.3170815915744,-72.4499695410113
1.25733333333333,-72.4979039825159,-69.257292719048,-72.4391752454763,-72.5268337650532,-69.2980468507637,-72.4290016598332
1.25766666666667,-72.4769576103545,-69.238193008665,-72.4182109489453,-72.505825968307,-69.2789941603763,-72.4080085512247
1.258,-72.4559859013726,-69.2190752541492,-72.3972212731017,-72.4847926905811,-69.2599234899329,-72.3869901984918
1.25833333333333,-72.4349888394599,-69.1999394247688,-72.3762062017663,-72.4637339161711,-69.2408348088714,-72.3659465848884
1.25866666666667,-72.4139664084561,-69.1807854897074,-72.3551657187097,-72.4426496293228,-69.221728086546,-72.3448776936157
1.259,-72.3929185921501,-69.1616134180649,-72.3340998076514,-72.4215398142319,-69.2026032922271,-72.3237835078218
1.25933333333333,-72.3718453742801,-69.1424231788558,-72.3130084522594,-72.4004044550432,-69.1834603951012,-72.3026640106013
1.25966666666667,-72.3507467385324,-69.1232147410101,-72.2918916361495,-72.3792435358504,-69.1642993642703,-72.2815191849942
1.26,-72.3296226685415,-69.1039880733724,-72.2707493428853,-72.358057040695,-69.1451201687518,-72.2603490139863
1.26033333333333,-72.3084731478891,-69.0847431447016,-72.2495815559768,-72.3368449535664,-69.1259227774782,-72.2391534805076
1.26066666666667,-72.2872981601036,-69.0654799236709,-72.2283882588807,-72.3156072584008,-69.1067071592967,-72.2179325674329
1.261,-72.26609768866,-69.0461983788673,-72.2071694349994,-72.2943439390811,-69.0874732829691,-72.1966862575802
1.26133333333333,-72.2448717169787,-69.0268984787913,-72.1859250676806,-72.273054979436,-69.0682211171711,-72.1754145337111
1.26166666666667,-72.2236202284256,-69.0075801918566,-72.1646551402167,-72.2517403632398,-69.0489506304924,-72.1541173785297
1.262,-72.2023432063113,-68.9882434863898,-72.1433596358444,-72.2304000742115,-69.0296617914364,-72.1327947746821
1.26233333333333,-72.1810406338904,-68.9688883306303,-72.1220385377441,-72.2090340960145,-69.0103545684196,-72.1114467047562
1.26266666666667,-72.1597124943612,-68.9495146927296,-72.1006918290392,-72.1876424122559,-68.9910289297714,-72.0900731512808
1.263,-72.1383587708652,-68.9301225407512,-72.0793194927958,-72.1662250064861,-68.9716848437339,-72.0686740967255
1.26333333333333,-72.1169794464862,-68.9107118426705,-72.0579215120221,-72.1447818621981,-68.9523222784616,-72.0472495234995
1.26366666666667,-72.0955745042502,-68.8912825663741,-72.0364978696678,-72.1233129628271,-68.9329412020211,-72.0257994139519
1.264,-72.0741439271246,-68.8718346796598,-72.0150485486234,-72.1018182917497,-68.9135415823904,-72.0043237503704
1.26433333333333,-72.0526876980179,-68.852368150236,-71.9935735317202,-72.0802978322837,-68.8941233874593,-71.9828225149814
1.26466666666667,-72.0312057997787,-68.8328829457216,-71.9720728017292,-72.0587515676872,-68.8746865850283,-71.9612956899488
1.265,-72.0096982151957,-68.8133790336457,-71.9505463413606,-72.0371794811583,-68.8552311428092,-71.9397432573743
1.26533333333333,-71.9881649269968,-68.7938563814472,-71.9289941332637,-72.0155815558345,-68.8357570284237,-71.918165199296
1.26566666666667,-71.9666059178486,-68.7743149564745,-71.9074161600259,-71.9939577747919,-68.8162642094041,-71.8965614976883
1.266,-71.945021170356,-68.754754725985,-71.8858124041724,-71.9723081210449,-68.7967526531922,-71.8749321344617
1.26633333333333,-71.9234106670617,-68.7351756571453,-71.8641828481655,-71.9506325775457,-68.7772223271396,-71.8532770914613
1.26666666666667,-71.9017743904452,-68.7155777170301,-71.8425274744041,-71.9289311271834,-68.757673198507,-71.8315963504672
1.267,-71.880112322923,-68.6959608726228,-71.8208462652234,-71.9072037527838,-68.738105234464,-71.8098898931936
1.26733333333333,-71.8584244468471,-68.6763250908142,-71.7991392028939,-71.8854504371087,-68.7185184020886,-71.7881577012881
1.26766666666667,-71.8367107445055,-68.656670338403,-71.777406269621,-71.8636711628553,-68.6989126683673,-71.7663997563314
1.268,-71.8149711981209,-68.6369965820951,-71.7556474475449,-71.8418659126555,-68.6792880001942,-71.7446160398365
1.26833333333333,-71.7932057898503,-68.6173037885031,-71.7338627187392,-71.8200346690758,-68.6596443643713,-71.7228065332486
1.26866666666667,-71.7714145017847,-68.5975919241463,-71.7120520652113,-71.7981774146162,-68.6399817276076,-71.7009712179441
1.269,-71.7495973159482,-68.5778609554504,-71.690215468901,-71.77629413171,-68.6203000565193,-71.67911007523
1.26933333333333,-71.7277542142979,-68.5581108487467,-71.6683529116805,-71.754384802723,-68.6005993176289,-71.6572230863441
1.26966666666667,-71.7058851787227,-68.5383415702723,-71.6464643753536,-71.7324494099533,-68.5808794773654,-71.6353102324534
1.27,-71.6839901910435,-68.5185530861696,-71.6245498416551,-71.71048793563,-68.5611405020636,-71.6133714946544
1.27033333333333,-71.6620692330119,-68.4987453624857,-71.6026092922506,-71.6885003619136,-68.541382357964,-71.591406853972
1.27066666666667,-71.6401222863104,-68.4789183651723,-71.5806427087354,-71.6664866708947,-68.5216050112122,-71.5694162913594
1.271,-71.618149332551,-68.4590720600856,-71.5586500726344,-71.6444468445936,-68.501808427859,-71.5473997876971
1.27133333333333,-71.5961503532754,-68.4392064129854,-71.5366313654015,-71.62238086496,-68.4819925738595,-71.5253573237927
1.27166666666667,-71.5741253299541,-68.4193213895351,-71.5145865684186,-71.600288713872,-68.4621574150733,-71.5032888803802
1.272,-71.5520742439857,-68.3994169553014,-71.4925156629954,-71.5781703731359,-68.4423029172638,-71.4811944381193
1.27233333333333,-71.5299970766967,-68.3794930757538,-71.470418630369,-71.5560258244855,-68.4224290460979,-71.4590739775952
1.27266666666667,-71.5078938093407,-68.3595497162644,-71.448295451703,-71.5338550495815,-68.4025357671458,-71.4369274793177
1.273,-71.4857644230979,-68.3395868421073,-71.4261461080871,-71.5116580300107,-68.3826230458806,-71.4147549237208
1.27333333333333,-71.4636088990744,-68.3196044184586,-71.4039705805363,-71.489434747286,-68.3626908476781,-71.3925562911622
1.27366666666667,-71.4414272183019,-68.2996024103958,-71.3817688499908,-71.4671851828452,-68.3427391378158,-71.3703315619226
1.274,-71.4192193617368,-68.2795807828975,-71.3595408973151,-71.4449093180509,-68.3227678814736,-71.3480807162051
1.27433333333333,-71.3969853102602,-68.2595395008431,-71.3372867032973,-71.4226071341896,-68.3027770437325,-71.325803734135
1.27466666666667,-71.3747250446766,-68.2394785290125,-71.315006248649,-71.4002786124714,-68.2827665895749,-71.3035005957587
1.275,-71.3524385457139,-68.2193978320853,-71.2926995140042,-71.377923734029,-68.2627364838838,-71.2811712810436
1.27533333333333,-71.3301257940225,-68.1992973746412,-71.2703664799193,-71.3555424799177,-68.2426866914426,-71.2588157698773
1.27566666666667,-71.3077867701751,-68.1791771211592,-71.248007126872,-71.3331348311144,-68.222617176935,-71.236434042067
1.276,-71.2854214546655,-68.159037036017,-71.225621435261,-71.3107007685169,-68.2025279049443,-71.214026077339
1.27633333333333,-71.2630298279088,-68.1388770834912,-71.2032093854054,-71.2882402729439,-68.1824188399531,-71.1915918553384
1.27666666666667,-71.2406118702403,-68.1186972277565,-71.180770957544,-71.2657533251338,-68.1622899463429,-71.1691313556281
1.277,-71.2181675619149,-68.0984974328855,-71.1583061318351,-71.2432399057446,-68.1421411883942,-71.1466445576883
1.27733333333333,-71.1956968831072,-68.0782776628485,-71.1358148883555,-71.2206999953528,-68.1219725302854,-71.1241314409163
1.27766666666667,-71.1731998139099,-68.0580378815128,-71.1132972070999,-71.1981335744535,-68.1017839360931,-71.1015919846254
1.278,-71.1506763343341,-68.0377780526424,-71.0907530679808,-71.175540623459,-68.0815753697911,-71.0790261680449
1.27833333333333,-71.1281264243082,-68.0174981398979,-71.0681824508277,-71.1529211226989,-68.0613467952507,-71.0564339703191
1.27866666666667,-71.1055500636776,-67.997198106836,-71.0455853353861,-71.1302750524193,-68.0410981762398,-71.0338153705067
1.279,-71.0829472322041,-67.9768779169087,-71.0229617013175,-71.1076023927819,-68.0208294764229,-71.0111703475806
1.27933333333333,-71.0603179095651,-67.9565375334638,-71.0003115281987,-71.084903123864,-68.0005406593604,-70.9884988804271
1.27966666666667,-71.0376620753534,-67.9361769197437,-70.9776347955209,-71.0621772256572,-67.9802316885085,-70.9658009478453
1.28,-71.0149797090761,-67.9157960388853,-70.9549314826895,-71.0394246780675,-67.9599025272186,-70.9430765285463
1.28033333333333,-70.9922707901546,-67.89539485392,-70.9322015690233,-71.0166454609144,-67.9395531387371,-70.9203256011534
1.28066666666667,-70.9695352979236,-67.8749733277725,-70.9094450337541,-70.9938395539302,-67.919183486205,-70.8975481442006
1.281,-70.9467732116308,-67.8545314232613,-70.8866618560257,-70.9710069367594,-67.8987935326574,-70.8747441361325
1.28133333333333,-70.9239845104359,-67.8340691030979,-70.863852014894,-70.9481475889584,-67.8783832410232,-70.8519135553038
1.28166666666667,-70.9011691734107,-67.8135863298861,-70.8410154893259,-70.9252614899949,-67.8579525741248,-70.8290563799784
1.282,-70.8783271795377,-67.7930830661222,-70.8181522581986,-70.9023486192466,-67.8375014946775,-70.8061725883291
1.28233333333333,-70.8554585077102,-67.7725592741944,-70.7952623002996,-70.8794089560017,-67.8170299652894,-70.7832621584368
1.28266666666667,-70.8325631367315,-67.7520149163822,-70.7723455943256,-70.8564424794574,-67.7965379484606,-70.76032506829
1.283,-70.809641045314,-67.7314499548562,-70.7494021188823,-70.8334491687198,-67.7760254065834,-70.7373612957844
1.28333333333333,-70.786692212079,-67.7108643516777,-70.7264318524832,-70.8104290028032,-67.7554923019413,-70.7143708187221
1.28366666666667,-70.7637166155561,-67.6902580687984,-70.7034347735497,-70.7873819606292,-67.7349385967089,-70.6913536148108
1.284,-70.7407142341824,-67.6696310680597,-70.6804108604104,-70.7643080210267,-67.7143642529517,-70.6683096616639
1.28433333333333,-70.717685046302,-67.6489833111926,-70.6573600912998,-70.7412071627306,-67.6937692326253,-70.6452389367992
1.28466666666667,-70.6946290301655,-67.628314759817,-70.6342824443589,-70.7180793643818,-67.6731534975752,-70.6221414176388
1.285,-70.6715461639291,-67.6076253754418,-70.6111778976333,-70.6949246045262,-67.6525170095365,-70.599017081508
1.28533333333333,-70.6484364256547,-67.5869151194639,-70.5880464290738,-70.6717428616146,-67.6318597301332,-70.5758659056353
1.28566666666667,-70.6252997933084,-67.5661839531682,-70.564888016535,-70.6485341140011,-67.6111816208783,-70.5526878671515
1.286,-70.6021362447606,-67.5454318377271,-70.5417026377749,-70.6252983399438,-67.5904826431728,-70.5294829430891
1.28633333333333,-70.578945757785,-67.5246587341999,-70.5184902704547,-70.6020355176031,-67.5697627583057,-70.5062511103816
1.28666666666667,-70.5557283100585,-67.5038646035328,-70.4952508921376,-70.5787456250418,-67.5490219274535,-70.4829923458634
1.287,-70.5324838791598,-67.4830494065579,-70.4719844802886,-70.5554286402239,-67.5282601116796,-70.4597066262685
1.28733333333333,-70.5092124425698,-67.4622131039934,-70.4486910122736,-70.5320845410148,-67.5074772719343,-70.4363939282305
1.28766666666667,-70.48591397767,-67.4413556564428,-70.4253704653594,-70.5087133051799,-67.486673369054,-70.4130542282817
1.288,-70.4625884617428,-67.4204770243945,-70.4020228167124,-70.4853149103843,-67.465848363761,-70.3896875028524
1.28833333333333,-70.4392358719702,-67.3995771682218,-70.3786480433983,-70.4618893341922,-67.4450022166629,-70.3662937282708
1.28866666666667,-70.4158561854337,-67.3786560481817,-70.3552461223816,-70.4384365540665,-67.4241348882523,-70.3428728807619
1.289,-70.3924493791133,-67.3577136244153,-70.3318170305247,-70.4149565473678,-67.4032463389065,-70.3194249364471
1.28933333333333,-70.3690154298873,-67.3367498569468,-70.3083607445879,-70.391449291354,-67.3823365288868,-70.2959498713434
1.28966666666667,-70.3455543145314,-67.3157647056832,-70.284877241228,-70.3679147631796,-67.3614054183385,-70.2724476613632
1.29,-70.3220660097181,-67.2947581304143,-70.2613664969983,-70.3443529398952,-67.3404529672899,-70.2489182823135
1.29033333333333,-70.2985504920163,-67.2737300908115,-70.2378284883476,-70.3207637984469,-67.3194791356524,-70.2253617098951
1.29066666666667,-70.2750077378907,-67.2526805464281,-70.21426319162,-70.2971473156755,-67.2984838832196,-70.2017779197022
1.291,-70.2514377237008,-67.2316094566985,-70.1906705830539,-70.2735034683162,-67.2774671696674,-70.1781668872218
1.29133333333333,-70.2278404257008,-67.2105167809376,-70.1670506387817,-70.2498322329975,-67.2564289545533,-70.1545285878331
1.29166666666667,-70.2042158200387,-67.1894024783408,-70.1434033348289,-70.2261335862411,-67.2353691973156,-70.1308629968067
1.292,-70.1805638827558,-67.1682665079834,-70.119728647114,-70.2024075044609,-67.2142878572737,-70.1071700893043
1.29233333333333,-70.1568845897861,-67.14710882882,-70.096026551447,-70.1786539639627,-67.1931848936271,-70.0834498403778
1.29266666666667,-70.1331779169555,-67.1259293996841,-70.0722970235299,-70.1548729409434,-67.1720602654553,-70.059702224969
1.293,-70.1094438399816,-67.1047281792878,-70.0485400389552,-70.1310644114902,-67.1509139317171,-70.0359272179085
1.29333333333333,-70.0856823344725,-67.0835051262213,-70.0247555732056,-70.1072283515804,-67.1297458512501,-70.0121247939157
1.29366666666667,-70.0618933759268,-67.0622601989524,-70.0009436016535,-70.0833647370805,-67.1085559827709,-69.9882949275978
1.294,-70.0380769397326,-67.0409933558261,-69.9771040995605,-70.0594735437456,-67.0873442848737,-69.9644375934492
1.29433333333333,-70.0142330011672,-67.0197045550641,-69.9532370420762,-70.0355547472188,-67.0661107160305,-69.940552765851
1.29466666666667,-69.9903615353959,-66.9983937547644,-69.9293424042381,-70.0116083230308,-67.0448552345906,-69.9166404190703
1.295,-69.9664625174721,-66.9770609129008,-69.9054201609709,-69.9876342465988,-67.0235777987799,-69.8927005272598
1.29533333333333,-69.9425359223363,-66.9557059873224,-69.8814702870859,-69.9636324932263,-67.0022783667006,-69.8687330644567
1.29566666666667,-69.9185817248156,-66.9343289357534,-69.8574927572803,-69.9396030381023,-66.9809568963307,-69.8447380045828
1.296,-69.8945998996228,-66.9129297157923,-69.8334875461363,-69.9155458563007,-66.9596133455236,-69.8207153214432
1.29633333333333,-69.8705904213563,-66.8915082849117,-69.8094546281213,-69.8914609227796,-66.9382476720076,-69.7966649887259
1.29666666666667,-69.8465532644991,-66.8700646004574,-69.7853939775863,-69.8673482123809,-66.9168598333855,-69.7725869800014
1.297,-69.8224884034181,-66.8485986196487,-69.7613055687661,-69.8432076998294,-66.8954497871339,-69.7484812687219
1.29733333333333,-69.7983958123641,-66.8271102995772,-69.737189375778,-69.8190393597323,-66.8740174906032,-69.7243478282206
1.29766666666667,-69.7742754654704,-66.8055995972067,-69.7130453726217,-69.7948431665786,-66.8525629010166,-69.7001866317112
1.298,-69.7501273367525,-66.7840664693726,-69.6888735331786,-69.7706190947383,-66.8310859754699,-69.6759976522874
1.29833333333333,-69.7259514001078,-66.7625108727815,-69.6646738312108,-69.7463671184622,-66.8095866709313,-69.6517808629219
1.29866666666667,-69.7017476293144,-66.7409327640108,-69.6404462403608,-69.7220872118806,-66.7880649442403,-69.6275362364661
1.299,-69.6775159980308,-66.7193320995079,-69.6161907341509,-69.6977793490033,-66.7665207521077,-69.6032637456492
1.29933333333333,-69.6532564797955,-66.6977088355901,-69.5919072859825,-69.6734435037186,-66.7449540511151,-69.5789633630781
1.29966666666667,-69.6289690480258,-66.6760629284438,-69.5675958691354,-69.6490796497927,-66.7233647977141,-69.5546350612361
1.3,-69.6046536760177,-66.6543943341244,-69.5432564567672,-69.6246877608692,-66.7017529482261,-69.5302788124825
1.30033333333333,-69.5803103369449,-66.6327030085555,-69.5188890219127,-69.6002678104685,-66.6801184588419,-69.5058945890525
1.30066666666667,-69.5559390038584,-66.6109889075283,-69.4944935374834,-69.5758197719869,-66.658461285621,-69.4814823630556
1.301,-69.531539649686,-66.5892519867016,-69.4700699762667,-69.5513436186962,-66.636781384491,-69.4570421064758
1.30133333333333,-69.507112247231,-66.5674922016007,-69.4456183109252,-69.5268393237429,-66.6150787112475,-69.4325737911705
1.30166666666667,-69.4826567691727,-66.5457095076177,-69.4211385139963,-69.5023068601478,-66.5933532215533,-69.4080773888702
1.302,-69.4581731880645,-66.5239038600099,-69.3966305578915,-69.477746200805,-66.5716048709381,-69.3835528711774
1.30233333333333,-69.4336614763344,-66.5020752139005,-69.3720944148956,-69.4531573184816,-66.5498336147978,-69.3590002095665
1.30266666666667,-69.4091216062835,-66.4802235242772,-69.3475300571662,-69.4285401858171,-66.5280394083942,-69.3344193753827
1.303,-69.3845535500858,-66.4583487459921,-69.3229374567332,-69.4038947753221,-66.5062222068545,-69.3098103398417
1.30333333333333,-69.3599572797878,-66.4364508337611,-69.2983165854979,-69.3792210593786,-66.4843819651705,-69.2851730740289
1.30366666666667,-69.3353327673071,-66.4145297421636,-69.2736674152324,-69.3545190102387,-66.4625186381985,-69.2605075488987
1.304,-69.3106799844326,-66.3925854256414,-69.2489899175793,-69.3297886000242,-66.4406321806586,-69.2358137352741
1.30433333333333,-69.2859989028232,-66.3706178384991,-69.2242840640505,-69.3050298007258,-66.4187225471341,-69.2110916038457
1.30466666666667,-69.2612894940076,-66.3486269349027,-69.1995498260272,-69.2802425842027,-66.3967896920713,-69.1863411251714
1.305,-69.2365517293835,-66.3266126688797,-69.1747871747587,-69.2554269221817,-66.3748335697785,-69.1615622696756
1.30533333333333,-69.2117855802172,-66.3045749943181,-69.149996081362,-69.2305827862568,-66.352854134426,-69.1367550076484
1.30566666666667,-69.1869910176422,-66.2825138649665,-69.1251765168212,-69.2057101478882,-66.3308513400454,-69.1119193092455
1.306,-69.1621680126596,-66.2604292344328,-69.1003284519868,-69.1808089784022,-66.3088251405288,-69.0870551444866
1.30633333333333,-69.1373165361368,-66.2383210561845,-69.0754518575752,-69.1558792489898,-66.2867754896287,-69.0621624832559
1.30666666666667,-69.1124365588069,-66.2161892835474,-69.0505467041677,-69.1309209307068,-66.2647023409574,-69.0372412953006
1.307,-69.0875280512683,-66.1940338697056,-69.0256129622101,-69.1059339944728,-66.2426056479862,-69.0122915502303
1.30733333333333,-69.0625909839839,-66.171854767701,-69.0006506020123,-69.0809184110703,-66.220485364045,-68.9873132175171
1.30766666666667,-69.0376253272805,-66.1496519304321,-68.9756595937471,-69.0558741511446,-66.1983414423221,-68.9623062664938
1.308,-69.0126310513482,-66.1274253106544,-68.9506399074498,-69.0308011852026,-66.1761738358631,-68.9372706663543
1.30833333333333,-68.9876081262394,-66.1051748609792,-68.9255915130179,-69.0056994836126,-66.153982497571,-68.9122063861525
1.30866666666667,-68.9625565218688,-66.0829005338733,-68.9005143802098,-68.9805690166034,-66.131767380205,-68.8871133948013
1.309,-68.9374762080123,-66.0606022816584,-68.8754084786448,-68.9554097542635,-66.1095284363804,-68.8619916610727
1.30933333333333,-68.9123671543064,-66.0382800565105,-68.8502737778019,-68.930221666541,-66.0872656185681,-68.8368411535964
1.30966666666667,-68.8872293302476,-66.0159338104597,-68.8251102470194,-68.9050047232423,-66.0649788790938,-68.8116618408597
1.31,-68.8620627051918,-65.9935634953891,-68.7999178554945,-68.8797588940316,-66.0426681701374,-68.7864536912065
1.31033333333333,-68.8368672483535,-65.9711690630346,-68.774696572282,-68.8544841484307,-66.0203334437331,-68.7612166728368
1.31066666666667,-68.8116429288054,-65.9487504649845,-68.7494463662944,-68.8291804558177,-65.9979746517678,-68.7359507538059
1.311,-68.7863897154775,-65.9263076526786,-68.7241672063005,-68.8038477854267,-65.9755917459815,-68.7106559020239
1.31133333333333,-68.7611075771566,-65.9038405774076,-68.6988590609255,-68.7784861063472,-65.9531846779664,-68.6853320852551
1.31166666666667,-68.7357964824854,-65.881349190313,-68.6735218986496,-68.7530953875231,-65.9307533991661,-68.6599792711168
1.312,-68.7104563999623,-65.858833442386,-68.648155687808,-68.7276755977524,-65.9082978608754,-68.6345974270794
1.31233333333333,-68.6850872979404,-65.8362932844675,-68.6227603965897,-68.7022267056863,-65.8858180142395,-68.6091865204653
1.31266666666667,-68.6596891446267,-65.8137286672469,-68.5973359930373,-68.6767486798286,-65.8633138102538,-68.5837465184481
1.313,-68.634261908082,-65.791139541262,-68.571882445046,-68.6512414885349,-65.8407851997627,-68.5582773880522
1.31333333333333,-68.6088055562195,-65.7685258568984,-68.5463997203629,-68.6257051000123,-65.8182321334598,-68.5327790961522
1.31366666666667,-68.583320056805,-65.7458875643887,-68.5208877865869,-68.6001394823185,-65.7956545618866,-68.5072516094718
1.314,-68.5578053774554,-65.723224613812,-68.4953466111673,-68.5745446033608,-65.7730524354326,-68.4816948945837
1.31433333333333,-68.5322614856386,-65.7005369550933,-68.4697761614036,-68.5489204308962,-65.7504257043341,-68.4561089179083
1.31466666666667,-68.5066883486726,-65.6778245380033,-68.4441764044447,-68.52326693253,-65.7277743186742,-68.4304936457137
1.315,-68.4810859337249,-65.6550873121571,-68.4185473072881,-68.4975840757154,-65.7050982283817,-68.4048490441144
1.31533333333333,-68.4554542078118,-65.6323252270143,-68.3928888367797,-68.471871827753,-65.6823973832309,-68.379175079071
1.31566666666667,-68.4297931377979,-65.6095382318781,-68.3672009596124,-68.44613015579,-65.6596717328409,-68.3534717163893
1.316,-68.4041026903949,-65.5867262758945,-68.3414836423261,-68.4203590268191,-65.636921226675,-68.32773892172
1.31633333333333,-68.3783828321618,-65.5638893080522,-68.3157368513066,-68.3945584076787,-65.6141458140401,-68.3019766605574
1.31666666666667,-68.3526335295035,-65.5410272771816,-68.2899605527853,-68.3687282650516,-65.591345444086,-68.2761848982394
1.317,-68.3268547486704,-65.5181401319544,-68.2641547128381,-68.3428685654641,-65.5685200658051,-68.2503635999463
1.31733333333333,-68.3010464557578,-65.4952278208831,-68.2383192973852,-68.3169792752862,-65.5456696280317,-68.2245127307003
1.31766666666667,-68.275208616705,-65.47229029232,-68.2124542721898,-68.29106036073,-65.522794079441,-68.1986322553648
1.318,-68.2493411972949,-65.449327494457,-68.1865596028581,-68.2651117878497,-65.4998933685492,-68.1727221386437
1.31833333333333,-68.2234441631532,-65.4263393753247,-68.1606352548383,-68.2391335225404,-65.4769674437123,-68.146782345081
1.31866666666667,-68.1975174797477,-65.4033258827923,-68.1346811934198,-68.2131255305379,-65.4540162531259,-68.1208128390596
1.319,-68.1715611123874,-65.380286964566,-68.1086973837327,-68.1870877774175,-65.4310397448243,-68.0948135848007
1.31933333333333,-68.1455750262226,-65.3572225681896,-68.0826837907473,-68.1610202285937,-65.4080378666801,-68.0687845463636
1.31966666666667,-68.1195591862432,-65.334132641043,-68.0566403792729,-68.1349228493195,-65.3850105664036,-68.0427256876446
1.32,-68.0935135572788,-65.3110171303418,-68.0305671139577,-68.1087956046855,-65.3619577915417,-68.0166369723761
1.32033333333333,-68.0674381039975,-65.287875983137,-68.0044639592875,-68.0826384596193,-65.3388794894781,-67.9905183641265
1.32066666666667,-68.0413327909058,-65.2647091463138,-67.9783308795858,-68.0564513788848,-65.3157756074321,-67.964369826299
1.321,-68.0151975823473,-65.2415165665917,-67.9521678390123,-68.0302343270818,-65.2926460924581,-67.9381913221312
1.32133333333333,-67.9890324425023,-65.218298190523,-67.9259748015629,-68.0039872686448,-65.269490891445,-67.9119828146942
1.32166666666667,-67.9628373353873,-65.195053964493,-67.8997517310685,-67.9777101678426,-65.2463099511157,-67.8857442668918
1.322,-67.9366122248539,-65.1717838347189,-67.8734985911946,-67.9514029887776,-65.2231032180261,-67.8594756414604
1.32233333333333,-67.9103570745885,-65.148487747249,-67.8472153454404,-67.9250656953852,-65.1998706385649,-67.8331769009676
1.32266666666667,-67.8840718481115,-65.1251656479628,-67.8209019571385,-67.8986982514327,-65.1766121589529,-67.8068480078118
1.323,-67.8577565087764,-65.1018174825695,-67.7945583894538,-67.8723006205191,-65.153327725242,-67.7804889242213
1.32333333333333,-67.8314110197693,-65.0784431966078,-67.768184605383,-67.8458727660743,-65.130017283315,-67.7540996122542
1.32366666666667,-67.8050353441084,-65.0550427354453,-67.7417805677538,-67.8194146513579,-65.1066807788845,-67.7276800337967
1.324,-67.7786294446428,-65.0316160442776,-67.7153462392244,-67.7929262394592,-65.0833181574928,-67.7012301505635
1.32433333333333,-67.7521932840525,-65.0081630681278,-67.6888815822827,-67.7664074932963,-65.0599293645109,-67.6747499240961
1.32466666666667,-67.7257268248468,-64.984683751846,-67.6623865592454,-67.7398583756149,-65.0365143451377,-67.6482393157626
1.325,-67.6992300293647,-64.9611780401082,-67.6358611322576,-67.7132788489883,-65.0130730443999,-67.621698286757
1.32533333333333,-67.6727028597731,-64.9376458774161,-67.6093052632922,-67.6866688758163,-64.9896054071507,-67.5951267980984
1.32566666666667,-67.6461452780671,-64.9140872080961,-67.5827189141486,-67.6600284183247,-64.9661113780697,-67.5685248106303
1.326,-67.6195572460686,-64.8905019762988,-67.5561020464528,-67.6333574385642,-64.9425909016619,-67.5418922850195
1.32633333333333,-67.5929387254258,-64.8668901259985,-67.5294546216562,-67.6066558984102,-64.919043922257,-67.5152291817562
1.32666666666667,-67.5662896776127,-64.8432516009919,-67.5027766010347,-67.5799237595619,-64.895470384009,-67.4885354611526
1.327,-67.5396100639282,-64.8195863448984,-67.4760679456887,-67.5531609835415,-64.8718702308954,-67.4618110833424
1.32733333333333,-67.5128998454953,-64.7958943011585,-67.4493286165418,-67.5263675316935,-64.8482434067164,-67.4350560082801
1.32766666666667,-67.4861589832609,-64.7721754130335,-67.4225585743404,-67.4995433651842,-64.8245898550944,-67.4082701957402
1.328,-67.4593874379945,-64.7484296236049,-67.3957577796528,-67.4726884450005,-64.8009095194733,-67.3814536053166
1.32833333333333,-67.4325851702876,-64.7246568757738,-67.3689261928685,-67.44580273195,-64.7772023431178,-67.3546061964216
1.32866666666667,-67.4057521405535,-64.7008571122598,-67.3420637741978,-67.4188861866595,-64.7534682691126,-67.3277279282858
1.329,-67.378888309026,-64.6770302756005,-67.3151704836708,-67.3919387695747,-64.7297072403618,-67.3008187599564
1.32933333333333,-67.351993635759,-64.6531763081511,-67.2882462811366,-67.3649604409593,-64.7059191995885,-67.2738786502975
1.32966666666667,-67.3250680806257,-64.6292951520832,-67.2612911262629,-67.3379511608945,-64.6821040893333,-67.2469075579884
1.33,-67.2981116033179,-64.6053867493846,-67.2343049785351,-67.310910889278,-64.6582618519547,-67.2199054415238
1.33033333333333,-67.2711241633455,-64.5814510418583,-67.2072877972557,-67.2838395858237,-64.6343924296276,-67.1928722592123
1.33066666666667,-67.2441057200352,-64.5574879711216,-67.1802395415434,-67.2567372100604,-64.6104957643428,-67.1658079691761
1.331,-67.2170562325307,-64.5334974786058,-67.1531601703326,-67.2296037213316,-64.5865717979064,-67.1387125293502
1.33133333333333,-67.189975659791,-64.5094795055555,-67.1260496423725,-67.2024390787945,-64.5626204719389,-67.1115858974814
1.33166666666667,-67.1628639605904,-64.4854339930274,-67.0989079162265,-67.1752432414194,-64.538641727875,-67.084428031128
1.332,-67.1357210935176,-64.4613608818902,-67.0717349502715,-67.1480161679889,-64.514635506962,-67.0572388876586
1.33233333333333,-67.1085470169749,-64.4372601128233,-67.044530702697,-67.1207578170973,-64.4906017502601,-67.0300184242517
1.33266666666667,-67.0813416891773,-64.4131316263166,-67.0172951315047,-67.0934681471496,-64.4665403986407,-67.0027665978949
1.333,-67.0541050681522,-64.3889753626693,-66.9900281945075,-67.0661471163612,-64.4424513927867,-66.975483365384
1.33333333333333,-67.0268371117386,-64.3647912619895,-66.9627298493288,-67.0387946827568,-64.4183346731907,-66.9481686833222
1.33366666666667,-66.999537777586,-64.3405792641934,-66.935400053402,-67.0114108041698,-64.3941901801552,-66.9208225081198
1.334,-66.9722070231541,-64.3163393090045,-66.9080387639694,-66.9839954382415,-64.3700178537913,-66.8934447959929
1.33433333333333,-66.9448448057119,-64.2920713359529,-66.8806459380821,-66.9565485424207,-64.3458176340182,-66.8660355029631
1.33466666666667,-66.917451082337,-64.2677752843745,-66.8532215325984,-66.9290700739625,-64.3215894605626,-66.8385945848564
1.335,-66.8900258099148,-64.2434510934104,-66.8257655041839,-66.9015599899279,-64.2973332729574,-66.8111219973025
1.33533333333333,-66.8625689451381,-64.219098702006,-66.7982778093104,-66.874018247183,-64.2730490105417,-66.7836176957345
1.33566666666667,-66.8350804445058,-64.1947180489104,-66.7707584042548,-66.8464448023979,-64.2487366124595,-66.7560816353873
1.336,-66.8075602643228,-64.1703090726753,-66.7432072450994,-66.8188396120467,-64.2243960176592,-66.7285137712978
1.33633333333333,-66.7800083606988,-64.1458717116549,-66.71562428773,-66.7912026324062,-64.2000271648929,-66.7009140583033
1.33666666666667,-66.7524246895478,-64.1214059040045,-66.6880094878359,-66.7635338195552,-64.1756299927154,-66.6732824510413
1.337,-66.7248092065873,-64.09691158768,-66.6603628009091,-66.735833129374,-64.1512044394838,-66.6456189039485
1.33733333333333,-66.6971618673376,-64.0723887004371,-66.6326841822432,-66.7081005175436,-64.1267504433563,-66.6179233712601
1.33766666666667,-66.6694826271212,-64.0478371798308,-66.6049735869331,-66.6803359395446,-64.1022679422918,-66.590195807009
1.338,-66.6417714410616,-64.023256963214,-66.5772309698739,-66.6525393506572,-64.0777568740491,-66.562436165025
1.33833333333333,-66.6140282640834,-63.9986479877374,-66.5494562857604,-66.6247107059597,-64.053217176186,-66.5346443989343
1.33866666666667,-66.5862530509105,-63.9740101903484,-66.5216494890865,-66.596849960328,-64.0286487860584,-66.5068204621582
1.339,-66.5584457560664,-63.9493435077901,-66.4938105341438,-66.5689570684353,-64.0040516408199,-66.4789643079129
1.33933333333333,-66.5306063338727,-63.9246478766012,-66.4659393750217,-66.5410319847507,-63.9794256774209,-66.4510758892084
1.33966666666667,-66.5027347384488,-63.8999232331145,-66.4380359656062,-66.5130746635389,-63.9547708326075,-66.4231551588479
1.34,-66.4748309237109,-63.8751695134563,-66.4101002595791,-66.485085058859,-63.9300870429212,-66.3952020694266
1.34033333333333,-66.4468948433715,-63.850386653546,-66.3821322104175,-66.4570631245645,-63.9053742446977,-66.3672165733318
1.34066666666667,-66.4189264509385,-63.8255745890949,-66.354131771393,-66.4290088143016,-63.8806323740664,-66.3391986227412
1.341,-66.3909256997145,-63.8007332556054,-66.3260988955707,-66.4009220815094,-63.8558613669495,-66.3111481696225
1.34133333333333,-66.3628925427961,-63.7758625883704,-66.2980335358088,-66.3728028794185,-63.8310611590612,-66.2830651657329
1.34166666666667,-66.3348269330731,-63.7509625224725,-66.2699356447578,-66.3446511610503,-63.8062316859069,-66.2549495626178
1.342,-66.3067288232277,-63.7260329927828,-66.2418051748594,-66.3164668792166,-63.7813728827825,-66.2268013116103
1.34233333333333,-66.2785981657339,-63.7010739339608,-66.2136420783463,-66.2882499865187,-63.7564846847733,-66.1986203638305
1.34266666666667,-66.2504349128567,-63.6760852804529,-66.1854463072409,-66.2600004353463,-63.7315670267536,-66.1704066701846
1.343,-66.2222390166513,-63.6510669664919,-66.1572178133551,-66.2317181778772,-63.7066198433856,-66.142160181364
1.34333333333333,-66.1940104289624,-63.6260189260962,-66.1289565482891,-66.2034031660765,-63.6816430691187,-66.1138808478446
1.34366666666667,-66.1657491014236,-63.6009410930688,-66.1006624634308,-66.1750553516956,-63.6566366381888,-66.0855686198863
1.344,-66.1374549854561,-63.5758334009967,-66.0723355099549,-66.1466746862714,-63.6316004846169,-66.0572234475317
1.34433333333333,-66.1091280322688,-63.5506957832499,-66.0439756388228,-66.1182611211259,-63.6065345422093,-66.0288452806056
1.34466666666667,-66.0807681928569,-63.5255281729807,-66.0155828007809,-66.0898146073652,-63.5814387445557,-66.0004340687142
1.345,-66.0523754180013,-63.5003305031228,-65.9871569463605,-66.0613350958788,-63.5563130250293,-65.9719897612444
1.34533333333333,-66.023949658268,-63.4751027063903,-65.9586980258767,-66.0328225373388,-63.5311573167851,-65.9435123073626
1.34566666666667,-65.9954908640071,-63.4498447152771,-65.9302059894279,-66.0042768821991,-63.5059715527599,-65.9150016560145
1.346,-65.9669989853524,-63.4245564620559,-65.9016807868949,-65.9756980806947,-63.4807556656707,-65.8864577559237
1.34633333333333,-65.9384739722202,-63.3992378787776,-65.8731223679401,-65.947086082841,-63.4555095880146,-65.8578805555913
1.34666666666667,-65.9099157743089,-63.37388889727,-65.8445306820069,-65.918440838433,-63.4302332520671,-65.8292700032952
1.347,-65.8813243410983,-63.3485094491375,-65.8159056783187,-65.8897622970443,-63.4049265898822,-65.8006260470887
1.34733333333333,-65.8526996218483,-63.3230994657597,-65.7872473058786,-65.8610504080267,-63.3795895332908,-65.7719486348004
1.34766666666667,-65.8240415655987,-63.2976588782908,-65.7585555134679,-65.8323051205092,-63.3542220139001,-65.7432377140329
1.348,-65.7953501211683,-63.272187617659,-65.729830249646,-65.8035263833973,-63.328823963093,-65.7144932321622
1.34833333333333,-65.7666252371541,-63.2466856145649,-65.7010714627493,-65.7747141453722,-63.3033953120266,-65.685715136337
1.34866666666667,-65.7378668619303,-63.2211527994815,-65.6722791008906,-65.7458683548902,-63.2779359916323,-65.6569033734775
1.349,-65.7090749436481,-63.1955891026527,-65.6434531119583,-65.7169889601815,-63.2524459326137,-65.6280578902751
1.34933333333333,-65.6802494302343,-63.1699944540926,-65.6145934436154,-65.6880759092499,-63.226925065447,-65.5991786331912
1.34966666666667,-65.651390269391,-63.1443687835847,-65.5857000432991,-65.6591291498719,-63.2013733203792,-65.5702655484567
1.35,-65.6224974085948,-63.118712020681,-65.5567728582198,-65.6301486295957,-63.1757906274276,-65.5413185820707
1.35033333333333,-65.5935707950956,-63.0930240947011,-65.5278118353605,-65.6011342957406,-63.1501769163789,-65.5123376798003
1.35066666666667,-65.5646103759165,-63.0673049347312,-65.4988169214756,-65.5720860953964,-63.1245321167883,-65.4833227871793
1.351,-65.5356160978525,-63.0415544696232,-65.4697880630907,-65.5430039754222,-63.0988561579785,-65.4542738495078
1.35133333333333,-65.5065879074699,-63.015772627994,-65.4407252065017,-65.513887882446,-63.073148969039,-65.4251908118508
1.35166666666667,-65.4775257511056,-62.9899593382246,-65.4116282977737,-65.4847377628637,-63.0474104788251,-65.3960736190381
1.352,-65.4484295748663,-62.9641145284589,-65.3824972827403,-65.4555535628386,-63.0216406159569,-65.3669222156628
1.35233333333333,-65.4192993246278,-62.938238126603,-65.3533321070033,-65.4263352283001,-62.9958393088188,-65.337736546081
1.35266666666667,-65.390134946034,-62.9123300603244,-65.3241327159314,-65.3970827049436,-62.9700064855581,-65.3085165544107
1.353,-65.3609363844963,-62.8863902570507,-65.2948990546597,-65.3677959382291,-62.9441420740842,-65.2792621845309
1.35333333333333,-65.3317035851931,-62.8604186439693,-65.2656310680887,-65.3384748733809,-62.9182460020681,-65.2499733800813
1.35366666666667,-65.3024364930683,-62.8344151480257,-65.2363287008837,-65.3091194553863,-62.8923181969409,-65.2206500844606
1.354,-65.2731350528313,-62.8083796959233,-65.2069918974741,-65.2797296289955,-62.8663585858933,-65.1912922408266
1.35433333333333,-65.2437992089558,-62.7823122141219,-65.1776206020524,-65.2503053387202,-62.8403670958746,-65.1618997920946
1.35466666666667,-65.2144289056791,-62.7562126288372,-65.1482147585735,-65.2208465288331,-62.8143436535916,-65.1324726809371
1.355,-65.1850240870013,-62.7300808660397,-65.1187743107542,-65.1913531433672,-62.7882881855079,-65.1030108497828
1.35533333333333,-65.1555846966849,-62.7039168514538,-65.0892992020719,-65.1618251261146,-62.7622006178428,-65.0735142408156
1.35566666666667,-65.1261106782533,-62.6777205105565,-65.0597893757642,-65.1322624206263,-62.7360808765704,-65.0439827959741
1.356,-65.0966019749907,-62.6514917685771,-65.030244774828,-65.102664970211,-62.7099288874188,-65.0144164569503
1.35633333333333,-65.0670585299411,-62.6252305504958,-65.0006653420188,-65.0730327179345,-62.6837445758691,-64.9848151651893
1.35666666666667,-65.0374802859072,-62.5989367810428,-64.9710510198497,-65.0433656066187,-62.6575278671541,-64.955178861888
1.357,-65.0078671854503,-62.5726103846975,-64.941401750591,-65.0136635788412,-62.6312786862582,-64.9255074879947
1.35733333333333,-64.9782191708888,-62.5462512856875,-64.9117174762691,-64.983926576934,-62.6049969579154,-64.8958009842079
1.35766666666667,-64.948536184298,-62.5198594079875,-64.8819981386657,-64.9541545429831,-62.5786826066091,-64.8660592909755
1.358,-64.918818167509,-62.4934346753184,-64.8522436793173,-64.9243474188278,-62.5523355565709,-64.8362823484943
1.35833333333333,-64.889065062108,-62.4669770111464,-64.8224540395142,-64.8945051460594,-62.5259557317798,-64.8064700967086
1.35866666666667,-64.8592768094357,-62.4404863386821,-64.7926291602998,-64.8646276660209,-62.4995430559607,-64.77662247531
1.359,-64.8294533505861,-62.4139625808792,-64.7627689824696,-64.8347149198059,-62.4730974525842,-64.7467394237358
1.35933333333333,-64.7995946264062,-62.387405660434,-64.7328734465708,-64.8047668482582,-62.4466188448651,-64.7168208811691
1.35966666666667,-64.769700577495,-62.3608154997839,-64.7029424929014,-64.7747833919705,-62.4201071557615,-64.6868667865371
1.36,-64.7397711442025,-62.3341920211067,-64.672976061509,-64.744764491284,-62.3935623079741,-64.6568770785105
1.36033333333333,-64.7098062666294,-62.3075351463197,-64.6429740921908,-64.7147100862874,-62.3669842239448,-64.6268516955031
1.36066666666667,-64.679805884626,-62.2808447970786,-64.6129365244919,-64.6846201168162,-62.3403728258561,-64.5967905756703
1.361,-64.6497699377916,-62.2541208947764,-64.5828632977054,-64.6544945224519,-62.3137280356298,-64.5666936569087
1.36133333333333,-64.6196983654734,-62.2273633605424,-64.552754350871,-64.6243332425213,-62.2870497749265,-64.536560876855
1.36166666666667,-64.5895911067662,-62.2005721152416,-64.5226096227743,-64.5941362160955,-62.2603379651438,-64.5063921728854
1.362,-64.5594481005111,-62.173747079473,-64.4924290519464,-64.5639033819893,-62.2335925274161,-64.4761874821144
1.36233333333333,-64.5292692852954,-62.1468881735694,-64.4622125766628,-64.5336346787602,-62.2068133826131,-64.4459467413942
1.36266666666667,-64.499054599451,-62.1199953175955,-64.4319601349425,-64.5033300447079,-62.1800004513393,-64.415669887314
1.363,-64.4688039810542,-62.0930684313477,-64.4016716645475,-64.4729894178732,-62.1531536539321,-64.3853568561987
1.36333333333333,-64.4385173679247,-62.0661074343526,-64.3713471029819,-64.4426127360375,-62.1262729104619,-64.3550075841083
1.36366666666667,-64.4081946976252,-62.0391122458662,-64.3409863874912,-64.4121999367219,-62.0993581407303,-64.3246220068372
1.364,-64.3778359074599,-62.0120827848727,-64.3105894550611,-64.3817509571861,-62.0724092642693,-64.2942000599132
1.36433333333333,-64.3474409344743,-61.9850189700835,-64.2801562424176,-64.3512657344282,-62.0454262003404,-64.2637416785963
1.36466666666667,-64.3170097154543,-61.9579207199362,-64.2496866860252,-64.3207442051835,-62.0184088679334,-64.2332467978785
1.365,-64.2865421869254,-61.9307879525939,-64.2191807220867,-64.2901863059237,-61.9913571857656,-64.2027153524824
1.36533333333333,-64.2560382851517,-61.9036205859436,-64.1886382865425,-64.2595919728563,-61.9642710722804,-64.1721472768609
1.36566666666667,-64.2254979461356,-61.8764185375953,-64.1580593150694,-64.2289611419238,-61.9371504456467,-64.1415425051955
1.366,-64.1949211056167,-61.8491817248812,-64.12744374308,-64.1982937488028,-61.9099952237576,-64.1109009713964
1.36633333333333,-64.1643076990708,-61.8219100648547,-64.0967915057223,-64.1675897289032,-61.8828053242295,-64.0802226091008
1.36666666666667,-64.1336576617099,-61.7946034742888,-64.0661025378782,-64.1368490173674,-61.8555806644009,-64.0495073516728
1.367,-64.1029709284805,-61.7672618696757,-64.0353767741632,-64.1060715490696,-61.8283211613313,-64.0187551322018
1.36733333333333,-64.0722474340636,-61.7398851672252,-64.0046141489258,-64.0752572586153,-61.8010267318006,-63.9879658835024
1.36766666666667,-64.0414871128732,-61.7124732828642,-63.9738145962459,-64.0444060803397,-61.7736972923074,-63.9571395381127
1.368,-64.0106898990564,-61.685026132235,-63.9429780499351,-64.0135179483077,-61.7463327590686,-63.9262760282942
1.36833333333333,-63.9798557264918,-61.6575436306947,-63.9121044435351,-63.9825927963129,-61.7189330480179,-63.8953752860307
1.36866666666667,-63.9489845287893,-61.630025693314,-63.8811937103172,-63.9516305578765,-61.6914980748047,-63.8644372430271
1.369,-63.9180762392889,-61.6024722348762,-63.8502457832817,-63.9206311662469,-61.6640277547933,-63.8334618307089
1.36933333333333,-63.8871307910603,-61.5748831698757,-63.8192605951567,-63.8895945543988,-61.636522003062,-63.8024489802213
1.36966666666667,-63.856148116902,-61.5472584125177,-63.7882380783978,-63.8585206550322,-61.6089807344014,-63.7713986224283
1.37,-63.8251281493404,-61.5195978767162,-63.7571781651871,-63.8274094005721,-61.5814038633137,-63.7403106879118
1.37033333333333,-63.7940708206293,-61.4919014760938,-63.7260807874322,-63.7962607231672,-61.5537913040118,-63.7091851069707
1.37066666666667,-63.7629760627489,-61.4641691239799,-63.6949458767659,-63.7650745546893,-61.526142970418,-63.6780218096202
1.371,-63.731843807405,-61.43640073341,-63.6637733645451,-63.7338508267328,-61.4984587761628,-63.6468207255908
1.37133333333333,-63.7006739860286,-61.4085962171246,-63.6325631818502,-63.7025894706135,-61.4707386345842,-63.6155817843275
1.37166666666667,-63.6694665297749,-61.3807554875677,-63.6013152594842,-63.6712904173681,-61.442982458726,-63.5843049149889
1.372,-63.6382213695222,-61.3528784568863,-63.5700295279718,-63.6399535977533,-61.4151901613374,-63.5529900464464
1.37233333333333,-63.6069384358719,-61.3249650369288,-63.5387059175592,-63.6085789422451,-61.3873616548714,-63.5216371072833
1.37266666666667,-63.5756176591472,-61.2970151392442,-63.5073443582127,-63.5771663810378,-61.359496851484,-63.4902460257939
1.373,-63.5442589693923,-61.2690286750808,-63.4759447796182,-63.5457158440436,-61.331595663033,-63.4588167299828
1.37333333333333,-63.5128622963721,-61.2410055553852,-63.4445071111805,-63.5142272608916,-61.3036580010767,-63.4273491475638
1.37366666666667,-63.4814275695709,-61.2129456908011,-63.4130312820225,-63.4827005609271,-61.2756837768731,-63.3958432059592
1.374,-63.4499547181922,-61.1848489916681,-63.3815172209843,-63.4511356732106,-61.2476729013787,-63.3642988322989
1.37433333333333,-63.4184436711575,-61.1567153680208,-63.3499648566227,-63.4195325265175,-61.2196252852471,-63.3327159534198
1.37466666666667,-63.3868943571057,-61.1285447295878,-63.3183741172101,-63.387891049337,-61.1915408388285,-63.3010944958642
1.375,-63.3553067043925,-61.1003369857898,-63.2867449307342,-63.3562111698711,-61.1634194721678,-63.26943438588
1.37533333333333,-63.3236806410895,-61.0720920457394,-63.2550772248967,-63.3244928160347,-61.1352610950042,-63.2377355494189
1.37566666666667,-63.2920160949835,-61.0438098182395,-63.2233709271133,-63.2927359154538,-61.1070656167697,-63.205997912136
1.376,-63.2603129935757,-61.0154902117821,-63.1916259645119,-63.2609403954655,-61.0788329465879,-63.1742213993891
1.37633333333333,-63.2285712640812,-60.9871331345474,-63.1598422639331,-63.2291061831167,-61.0505629932731,-63.1424059362373
1.37666666666667,-63.1967908334279,-60.9587384944024,-63.1280197519282,-63.1972332051639,-61.0222556653291,-63.1105514474408
1.377,-63.164971628256,-60.9303061989,-63.0961583547594,-63.165321388072,-60.9939108709479,-63.0786578574594
1.37733333333333,-63.1331135749173,-60.9018361552778,-63.0642579983988,-63.1333706580138,-60.9655285180088,-63.0467250904524
1.37766666666667,-63.1012165994745,-60.8733282704567,-63.0323186085274,-63.1013809408691,-60.9371085140772,-63.0147530702768
1.378,-63.0692806277,-60.8447824510401,-63.0003401105347,-63.0693521622239,-60.9086507664033,-62.9827417204874
1.37833333333333,-63.037305585076,-60.8161986033124,-62.9683224295177,-63.03728424737,-60.880155181921,-62.9506909643354
1.37866666666667,-63.0052913967931,-60.7875766332383,-62.9362654902804,-63.0051771213038,-60.8516216672471,-62.9186007247676
1.379,-62.9732379877498,-60.7589164464609,-62.904169217333,-62.9730307087261,-60.8230501286794,-62.8864709244257
1.37933333333333,-62.9411452825521,-60.7302179483014,-62.872033534891,-62.9408449340408,-60.7944404721965,-62.8543014856455
1.37966666666667,-62.909013205512,-60.7014810437573,-62.8398583668747,-62.9086197213545,-60.7657926034559,-62.8220923304559
1.38,-62.8768416806477,-60.6727056375015,-62.8076436369086,-62.8763549944756,-60.7371064277929,-62.7898433805781
1.38033333333333,-62.8446306316823,-60.6438916338811,-62.7753892683202,-62.844050676914,-60.70838185022,-62.7575545574248
1.38066666666667,-62.8123799820434,-60.615038936916,-62.7430951841398,-62.8117066918795,-60.6796187754251,-62.7252257820993
1.381,-62.7800896548622,-60.5861474502982,-62.7107613070994,-62.7793229622822,-60.6508171077707,-62.6928569753948
1.38133333333333,-62.7477595729728,-60.5572170773901,-62.6783875596324,-62.7468994107307,-60.6219767512927,-62.6604480577934
1.38166666666667,-62.7153896589119,-60.5282477212237,-62.6459738638724,-62.7144359595322,-60.5930976096989,-62.6279989494655
1.382,-62.6829798349174,-60.4992392844991,-62.6135201416531,-62.6819325306915,-60.5641795863682,-62.5955095702687
1.38233333333333,-62.6505300229286,-60.4701916695836,-62.5810263145069,-62.64938904591,-60.5352225843494,-62.5629798397472
1.38266666666667,-62.6180401445845,-60.4411047785104,-62.548492303665,-62.6168054265855,-60.5062265063599,-62.5304096771306
1.383,-62.5855101212242,-60.4119785129772,-62.5159180300559,-62.5841815938112,-60.4771912547845,-62.4977990013338
1.38333333333333,-62.5529398738854,-60.3828127743454,-62.4833034143055,-62.551517468375,-60.4481167316741,-62.4651477309554
1.38366666666667,-62.520329323304,-60.3536074636386,-62.4506483767356,-62.518812970759,-60.4190028387449,-62.4324557842773
1.384,-62.4876783899136,-60.3243624815416,-62.4179528373641,-62.4860680211385,-60.3898494773769,-62.3997230792639
1.38433333333333,-62.4549869938447,-60.2950777283988,-62.3852167159037,-62.4532825393816,-60.3606565486128,-62.3669495335612
1.38466666666667,-62.422255054924,-60.2657531042137,-62.3524399317614,-62.4204564450485,-60.3314239531568,-62.3341350644957
1.385,-62.3894824926737,-60.2363885086469,-62.3196224040379,-62.3875896573906,-60.3021515913735,-62.3012795890744
1.38533333333333,-62.3566692263112,-60.2069838410156,-62.2867640515269,-62.35468209535,-60.2728393632865,-62.2683830239829
1.38566666666667,-62.3238151747481,-60.1775390002919,-62.2538647927144,-62.3217336775588,-60.2434871685773,-62.2354452855857
1.386,-62.2909202565895,-60.1480538851018,-62.2209245457783,-62.2887443223384,-60.2140949065842,-62.2024662899245
1.38633333333333,-62.2579843901338,-60.1185283937239,-62.1879432285873,-62.2557139476991,-60.1846624763011,-62.1694459527179
1.38666666666667,-62.2250074933717,-60.0889624240883,-62.1549207587008,-62.2226424713388,-60.1551897763761,-62.1363841893607
1.387,-62.1919894839856,-60.0593558737752,-62.1218570533678,-62.1895298106432,-60.1256767051104,-62.1032809149225
1.38733333333333,-62.1589302793493,-60.029708640014,-62.0887520295266,-62.1563758826843,-60.0961231604573,-62.0701360441478
1.38766666666667,-62.125829796527,-60.0000206196818,-62.0556056038038,-62.1231806042207,-60.0665290400205,-62.0369494914545
1.388,-62.0926879522729,-59.970291709302,-62.0224176925143,-62.0899438916959,-60.0368942410535,-62.0037211709332
1.38833333333333,-62.0595046630307,-59.9405218050437,-61.98918821166,-62.0566656612387,-60.0072186604579,-61.970450996347
1.38866666666667,-62.0262798449326,-59.91071080272,-61.9559170769296,-62.0233458286617,-59.9775021947826,-61.9371388811301
1.389,-61.9930134137992,-59.8808585977867,-61.9226042036981,-61.9899843094614,-59.947744740222,-61.9037847383872
1.38933333333333,-61.9597052851388,-59.8509650853415,-61.8892495070257,-61.9565810188172,-59.9179461926155,-61.870388480893
1.38966666666667,-61.9263553741464,-59.8210301601225,-61.855852901658,-61.9231358715907,-59.8881064474459,-61.8369500210912
1.39,-61.8929635957036,-59.7910537165069,-61.8224143020243,-61.8896487823255,-59.8582253998379,-61.8034692710936
1.39033333333333,-61.8595298643782,-59.7610356485099,-61.7889336222384,-61.8561196652463,-59.8283029445577,-61.7699461426799
1.39066666666667,-61.826054094423,-59.7309758497835,-61.7554107760967,-61.8225484342583,-59.798338976011,-61.7363805472964
1.391,-61.7925361997755,-59.7008742136152,-61.7218456770787,-61.7889350029467,-59.768333388242,-61.7027723960555
1.39133333333333,-61.758976094058,-59.6707306329268,-61.6882382383459,-61.7552792845765,-59.7382860749326,-61.669121599735
1.39166666666667,-61.725373690576,-59.640545000273,-61.6545883727411,-61.721581192091,-59.7081969294005,-61.6354280687773
1.392,-61.6917289023184,-59.6103172078404,-61.6208959927884,-61.6878406381123,-59.6780658445984,-61.6016917132887
1.39233333333333,-61.658041641957,-59.5800471474464,-61.5871610106924,-61.6540575349402,-59.6478927131128,-61.5679124430386
1.39266666666667,-61.6243118218453,-59.5497347105375,-61.5533833383375,-61.6202317945514,-59.6176774271627,-61.534090167459
1.393,-61.5905393540189,-59.5193797881882,-61.5195628872877,-61.5863633285996,-59.5874198785982,-61.5002247956437
1.39333333333333,-61.5567241501943,-59.4889822711002,-61.4856995687859,-61.5524520484146,-59.5571199588995,-61.4663162363474
1.39366666666667,-61.522866121769,-59.4585420496007,-61.4517932937534,-61.5184978650018,-59.5267775591757,-61.4323643979853
1.394,-61.4889651798205,-59.4280590136411,-61.4178439727895,-61.4845006890417,-59.4963925701634,-61.3983691886323
1.39433333333333,-61.4550212351061,-59.3975330527964,-61.383851516171,-61.4504604308895,-59.4659648822255,-61.3643305160222
1.39466666666667,-61.4210341980624,-59.3669640562631,-61.3498158338518,-61.4163770005745,-59.4354943853503,-61.3302482875472
1.395,-61.3870039788047,-59.3363519128586,-61.315736835462,-61.3822503077996,-59.4049809691498,-61.2961224102572
1.39533333333333,-61.3529304871271,-59.3056965110197,-61.2816144303083,-61.3480802619409,-59.3744245228588,-61.2619527908591
1.39566666666667,-61.3188136325012,-59.2749977388016,-61.2474485273726,-61.3138667720473,-59.3438249353335,-61.2277393357162
1.396,-61.2846533240765,-59.2442554838761,-61.2132390353123,-61.2796097468398,-59.3131820950504,-61.1934819508473
1.39633333333333,-61.2504494706794,-59.2134696335312,-61.1789858624594,-61.2453090947112,-59.2824958901052,-61.1591805419264
1.39666666666667,-61.2162019808133,-59.1826400746691,-61.1446889168203,-61.2109647237257,-59.2517662082111,-61.1248350142821
1.397,-61.1819107626577,-59.1517666938054,-61.1103481060755,-61.1765765416183,-59.2209929366982,-61.0904452728966
1.39733333333333,-61.1475757240682,-59.1208493770678,-61.075963337579,-61.1421444557947,-59.1901759625119,-61.0560112224053
1.39766666666667,-61.1131967725759,-59.0898880101946,-61.0415345183579,-61.1076683733305,-59.1593151722117,-61.0215327670963
1.398,-61.0787738153872,-59.058882478534,-61.0070615551122,-61.0731482009712,-59.1284104519701,-60.9870098109095
1.39833333333333,-61.0443067593835,-59.0278326670424,-60.9725443542143,-61.0385838451313,-59.0974616875714,-60.9524422574365
1.39866666666667,-61.0097955111205,-58.9967384602833,-60.9379828217088,-61.0039752118945,-59.0664687644103,-60.9178300099194
1.399,-60.9752399768284,-58.965599742426,-60.9033768633119,-60.9693222070129,-59.0354315674909,-60.8831729712507
1.39933333333333,-60.9406400624111,-58.9344163972447,-60.8687263844115,-60.9346247359069,-59.0043499814253,-60.8484710439724
1.39966666666667,-60.9059956734462,-58.903188308117,-60.8340312900662,-60.8998827036646,-58.9732238904328,-60.813724130276
1.4,-60.8713067151847,-58.8719153580226,-60.7992914850059,-60.8650960150418,-58.942053178338,-60.7789321320011
1.40033333333333,-60.8365730925506,-58.8405974295424,-60.7645068736306,-60.8302645744615,-58.9108377285701,-60.7440949506357
1.40066666666667,-60.8017947101406,-58.8092344048568,-60.7296773600109,-60.7953882860134,-58.8795774241618,-60.709212487315
1.401,-60.766971472224,-58.777826165745,-60.6948028478872,-60.760467053454,-58.8482721477475,-60.6742846428214
1.40133333333333,-60.7321032827426,-58.7463725935837,-60.6598832406696,-60.7255007802061,-58.8169217815629,-60.6393113175837
1.40166666666667,-60.69719004531,-58.7148735693452,-60.6249184414378,-60.6904893693585,-58.785526207443,-60.6042924116766
1.402,-60.6622316632118,-58.6833289735974,-60.5899083529408,-60.6554327236658,-58.7540853068216,-60.5692278248204
1.40233333333333,-60.6272280394053,-58.6517386865014,-60.5548528775965,-60.6203307455482,-58.7225989607296,-60.5341174563805
1.40266666666667,-60.5921790765193,-58.6201025878111,-60.5197519174919,-60.5851833370913,-58.691067049794,-60.4989612053666
1.403,-60.5570846768538,-58.5884205568716,-60.4846053743823,-60.5499904000456,-58.6594894542369,-60.4637589704326
1.40333333333333,-60.5219447423802,-58.5566924726182,-60.4494131496922,-60.5147518358267,-58.6278660538741,-60.4285106498763
1.40366666666667,-60.4867591747408,-58.5249182135752,-60.4141751445137,-60.479467545515,-58.5961967281138,-60.3932161416383
1.404,-60.451527875249,-58.4930976578543,-60.3788912596077,-60.4441374298553,-58.5644813559557,-60.3578753433023
1.40433333333333,-60.4162507448889,-58.4612306831543,-60.3435613954029,-60.408761389257,-58.5327198159898,-60.3224881520944
1.40466666666667,-60.3809276843154,-58.4293171667589,-60.3081854519964,-60.3733393237935,-58.5009119863952,-60.2870544648826
1.405,-60.3455585938539,-58.3973569855361,-60.2727633291527,-60.3378711332027,-58.4690577449386,-60.2515741781766
1.40533333333333,-60.3101433735008,-58.3653500159369,-60.2372949263046,-60.3023567168863,-58.4371569689737,-60.2160471881273
1.40566666666667,-60.2746819229228,-58.3332961339944,-60.2017801425526,-60.2667959739101,-58.4052095354398,-60.1804733905267
1.406,-60.2391741414572,-58.301195215322,-60.166218876665,-60.2311888030039,-58.3732153208603,-60.1448526808071
1.40633333333333,-60.2036199281121,-58.2690471351129,-60.1306110270777,-60.195535102561,-58.3411742013424,-60.1091849540414
1.40666666666667,-60.1680191815659,-58.2368517681383,-60.0949564918945,-60.1598347706389,-58.309086052575,-60.0734701049421
1.407,-60.1323718001678,-58.2046089887471,-60.0592551688872,-60.1240877049585,-58.2769507498283,-60.0377080278615
1.40733333333333,-60.0966776819377,-58.1723186708637,-60.023506955495,-60.088293802905,-58.2447681679521,-60.0018986167913
1.40766666666667,-60.0609367245662,-58.1399806879879,-59.9877117488253,-60.0524529615269,-58.2125381813753,-59.9660417653623
1.408,-60.0251488254148,-58.1075949131929,-59.9518694456534,-60.0165650775368,-58.1802606641041,-59.9301373668441
1.40833333333333,-59.9893138815159,-58.0751612191248,-59.9159799424227,-59.9806300473113,-58.1479354897216,-59.8941853141448
1.40866666666667,-59.9534317895731,-58.0426794780011,-59.8800431352447,-59.9446477668907,-58.115562531386,-59.8581854998113
1.409,-59.9175024459614,-58.0101495616097,-59.8440589198993,-59.9086181319797,-58.0831416618299,-59.8221378160282
1.40933333333333,-59.8815257467269,-57.9775713413078,-59.8080271918349,-59.872541037947,-58.0506727533593,-59.7860421546185
1.40966666666667,-59.8455015875877,-57.9449446880208,-59.7719478461684,-59.8364163798256,-58.0181556778522,-59.7498984070428
1.41,-59.8094298639335,-57.9122694722412,-59.7358207776859,-59.8002440523132,-57.9855903067577,-59.7137064643995
1.41033333333333,-59.7733104708264,-57.8795455640275,-59.6996458808424,-59.764023949772,-57.9529765110948,-59.6774662174246
1.41066666666667,-59.7371433030006,-57.846772833003,-59.6634230497622,-59.7277559662293,-57.9203141614517,-59.6411775564915
1.411,-59.7009282548632,-57.8139511483551,-59.6271521782394,-59.6914399953772,-57.8876031279841,-59.6048403716109
1.41133333333333,-59.6646652204941,-57.7810803788337,-59.590833159738,-59.6550759305735,-57.854843280415,-59.568454552431
1.41166666666667,-59.6283540936468,-57.7481603927506,-59.5544658873921,-59.6186636648415,-57.8220344880327,-59.532019988237
1.412,-59.5919947677482,-57.715191057978,-59.5180502540066,-59.5822030908703,-57.7891766196905,-59.4955365679513
1.41233333333333,-59.5555871358995,-57.6821722419482,-59.4815861520572,-59.5456941010154,-57.7562695438056,-59.4590041801336
1.41266666666667,-59.5191310908762,-57.6491038116516,-59.445073473691,-59.509136587299,-57.7233131283576,-59.4224227129806
1.413,-59.4826265251289,-57.6159856336364,-59.408512110727,-59.4725304414101,-57.690307240888,-59.3857920543264
1.41333333333333,-59.4460733307836,-57.5828175740073,-59.3719019546563,-59.4358755547052,-57.6572517484991,-59.3491120916423
1.41366666666667,-59.4094713996421,-57.5495994984246,-59.3352428966428,-59.3991718182085,-57.6241465178527,-59.3123827120367
1.414,-59.3728206231827,-57.5163312721032,-59.2985348275236,-59.3624191226124,-57.5909914151697,-59.2756038022557
1.41433333333333,-59.3361208925607,-57.4830127598113,-59.2617776378096,-59.3256173582783,-57.5577863062285,-59.2387752486826
1.41466666666667,-59.2993720986089,-57.4496438258701,-59.2249712176857,-59.2887664152365,-57.5245310563646,-59.2018969373387
1.415,-59.2625741318381,-57.4162243341521,-59.1881154570122,-59.2518661831873,-57.4912255304692,-59.1649687538828
1.41533333333333,-59.2257268824382,-57.3827541480807,-59.1512102453245,-59.2149165515011,-57.4578695929888,-59.1279905836119
1.41566666666667,-59.1888302402783,-57.3492331306289,-59.1142554718343,-59.1779174092196,-57.4244631079236,-59.090962311461
1.416,-59.1518840949077,-57.3156611443186,-59.0772510254302,-59.1408686450555,-57.3910059388272,-59.0538838220036
1.41633333333333,-59.1148883355568,-57.2820380512197,-59.0401967946783,-59.1037701473942,-57.3574979488055,-59.0167549994521
1.41666666666667,-59.0778428511375,-57.248363712949,-59.003092667823,-59.0666218042936,-57.3239390005158,-58.9795757276575
1.417,-59.0407475302439,-57.2146379906693,-58.9659385327877,-59.0294235034853,-57.2903289561657,-58.9423458901103
1.41733333333333,-59.0036022611536,-57.180860745089,-58.9287342771757,-58.9921751323753,-57.2566676775127,-58.9050653699405
1.41766666666667,-58.9664069318285,-57.1470318364606,-58.8914797882712,-58.9548765780447,-57.2229550258632,-58.8677340499182
1.418,-58.9291614299151,-57.1131511245801,-58.8541749530396,-58.9175277272503,-57.1891908620715,-58.8303518124537
1.41833333333333,-58.8918656427461,-57.0792184687866,-58.8168196581291,-58.880128466426,-57.1553750465391,-58.7929185395982
1.41866666666667,-58.854519457341,-57.0452337279606,-58.7794137898713,-58.8426786816829,-57.121507439214,-58.7554341130439
1.419,-58.8171227604072,-57.011196760524,-58.7419572342822,-58.8051782588111,-57.0875878995898,-58.7178984141251
1.41933333333333,-58.7796754383411,-56.9771074244391,-58.704449877063,-58.7676270832798,-57.053616286705,-58.680311323818
1.41966666666667,-58.7421773772291,-56.9429655772074,-58.6668916036018,-58.730025040239,-57.0195924591423,-58.6426727227415
1.42,-58.7046284628485,-56.9087710758694,-58.6292822989739,-58.6923720145198,-56.9855162750276,-58.6049824911579
1.42033333333333,-58.6670285806691,-56.8745237770037,-58.5916218479435,-58.6546678906364,-56.9513875920297,-58.5672405089736
1.42066666666667,-58.6293776158541,-56.8402235367262,-58.5539101349647,-58.6169125527861,-56.9172062673594,-58.5294466557391
1.421,-58.5916754532614,-56.8058702106894,-58.5161470441825,-58.5791058848513,-56.8829721577687,-58.4916008106504
1.42133333333333,-58.5539219774446,-56.7714636540818,-58.4783324594345,-58.5412477704003,-56.8486851195505,-58.4537028525494
1.42166666666667,-58.5161170726548,-56.7370037216271,-58.4404662642515,-58.5033380926885,-56.8143450085375,-58.4157526599245
1.422,-58.4782606228416,-56.7024902675838,-58.4025483418598,-58.4653767346598,-56.779951680102,-58.3777501109114
1.42233333333333,-58.4403525116546,-56.6679231457443,-58.3645785751816,-58.4273635789479,-56.7455049891549,-58.3396950832942
1.42266666666667,-58.4023926224449,-56.6333022094346,-58.3265568468369,-58.3892985078773,-56.7110047901457,-58.3015874545059
1.423,-58.3643808382663,-56.5986273115134,-58.2884830391451,-58.3511814034651,-56.6764509370612,-58.2634271016293
1.42333333333333,-58.3263170418773,-56.5638983043719,-58.2503570341262,-58.3130121474224,-56.6418432834258,-58.2252139013982
1.42366666666667,-58.2882011157421,-56.5291150399327,-58.2121787135023,-58.2747906211554,-56.6071816823002,-58.1869477301979
1.424,-58.2500329420327,-56.4942773696499,-58.1739479586997,-58.2365167057671,-56.5724659862813,-58.1486284640664
1.42433333333333,-58.2118124026305,-56.4593851445085,-58.13566465085,-58.1981902820593,-56.5376960475019,-58.1102559786958
1.42466666666667,-58.1735393791277,-56.4244382150233,-58.0973286707919,-58.1598112305334,-56.5028717176299,-58.0718301494327
1.425,-58.1352137528292,-56.3894364312395,-58.0589398990733,-58.1213794313927,-56.4679928478681,-58.0333508512795
1.42533333333333,-58.0968354047546,-56.3543796427314,-58.0204982159526,-58.0828947645438,-56.4330592889538,-57.994817958896
1.42566666666667,-58.05840421564,-56.3192676986023,-57.9820035014011,-58.0443571095984,-56.3980708911582,-57.9562313465999
1.426,-58.0199200659396,-56.2841004474843,-57.9434556351042,-58.0057663458751,-56.3630275042865,-57.9175908883685
1.42633333333333,-57.9813828358282,-56.2488777375378,-57.904854496464,-57.9671223524014,-56.3279289776772,-57.8788964578399
1.42666666666667,-57.9427924052026,-56.2135994164512,-57.8661999646009,-57.9284250079154,-56.2927751602019,-57.8401479283139
1.427,-57.9041486536842,-56.1782653314407,-57.8274919183558,-57.8896741908678,-56.2575659002652,-57.8013451727541
1.42733333333333,-57.865451460621,-56.1428753292498,-57.7887302362923,-57.8508697794242,-56.2223010458045,-57.7624880637887
1.42766666666667,-57.8267007050895,-56.1074292561494,-57.7499147966986,-57.8120116514665,-56.1869804442893,-57.7235764737121
1.428,-57.7878962658972,-56.0719269579374,-57.71104547759,-57.7730996845958,-56.1516039427219,-57.6846102744866
1.42833333333333,-57.7490380215851,-56.0363682799387,-57.672122156711,-57.734133756134,-56.1161713876363,-57.6455893377437
1.42866666666667,-57.7101258504293,-56.0007530670047,-57.6331447115378,-57.6951137431264,-56.0806826250989,-57.6065135347857
1.429,-57.6711596304445,-55.9650811635137,-57.5941130192805,-57.6560395223438,-56.0451375007079,-57.5673827365876
1.42933333333333,-57.6321392393854,-55.9293524133706,-57.5550269568858,-57.6169109702848,-56.0095358595937,-57.5281968137985
1.42966666666667,-57.5930645547501,-55.8935666600066,-57.5158864010393,-57.5777279631784,-55.9738775464185,-57.4889556367435
1.43,-57.5539354537821,-55.8577237463797,-57.4766912281681,-57.5384903769864,-55.9381624053764,-57.4496590754254
1.43033333333333,-57.5147518134733,-55.8218235149744,-57.4374413144438,-57.4991980874059,-55.9023902801939,-57.4103069995267
1.43066666666667,-57.4755135105668,-55.785865807802,-57.3981365357847,-57.4598509698719,-55.8665610141294,-57.3708992784115
1.431,-57.4362204215592,-55.7498504664003,-57.358776767859,-57.42044889956,-55.8306744499736,-57.3314357811271
1.43133333333333,-57.3968724227042,-55.7137773318343,-57.3193618860873,-57.3809917513891,-55.7947304300499,-57.2919163764065
1.43166666666667,-57.3574693900148,-55.6776462446961,-57.279891765646,-57.3414794000243,-55.7587287962143,-57.2523409326703
1.432,-57.3180111992667,-55.6414570451049,-57.2403662814697,-57.3019117198795,-55.7226693898557,-57.2127093180285
1.43233333333333,-57.2784977260016,-55.6052095727078,-57.2007853082547,-57.2622885851206,-55.6865520518965,-57.1730214002834
1.43266666666667,-57.2389288455297,-55.5689036666797,-57.1611487204621,-57.2226098696684,-55.6503766227925,-57.133277046931
1.433,-57.1993044329335,-55.5325391657238,-57.1214563923206,-57.1828754472019,-55.6141429425337,-57.0934761251641
1.43333333333333,-57.1596243630708,-55.4961159080721,-57.0817081978304,-57.1430851911608,-55.5778508506444,-57.0536185018742
1.43366666666667,-57.1198885105782,-55.4596337314854,-57.0419040107661,-57.1032389747496,-55.541500186184,-57.0137040436538
1.434,-57.0800967498744,-55.4230924732545,-57.0020437046801,-57.0633366709401,-55.5050907877471,-56.9737326167995
1.43433333333333,-57.0402489551638,-55.3864919702001,-56.9621271529066,-57.0233781524754,-55.4686224934647,-56.9337040873138
1.43466666666667,-57.0003450004404,-55.3498320586738,-56.9221542285647,-56.9833632918728,-55.4320951410042,-56.8936183209087
1.435,-56.9603847594908,-55.3131125745584,-56.8821248045622,-56.9432919614279,-55.3955085675701,-56.8534751830071
1.43533333333333,-56.9203681058986,-55.2763333532689,-56.8420387535995,-56.9031640332177,-55.3588626099055,-56.813274538747
1.43566666666667,-56.8802949130479,-55.2394942297531,-56.8018959481734,-56.8629793791045,-55.3221571042918,-56.7730162529831
1.436,-56.8401650541275,-55.2025950384922,-56.7616962605808,-56.8227378707398,-55.2853918865504,-56.7327001902904
1.43633333333333,-56.7999784021348,-55.1656356135021,-56.7214395629232,-56.7824393795679,-55.2485667920429,-56.6923262149671
1.43666666666667,-56.7597348298796,-55.1286157883338,-56.68112572711,-56.7420837768301,-55.2116816556725,-56.6518941910375
1.437,-56.7194342099887,-55.0915353960747,-56.6407546248635,-56.7016709335685,-55.174736311885,-56.611403982255
1.43733333333333,-56.6790764149103,-55.0543942693494,-56.6003261277229,-56.6612007206302,-55.1377305946695,-56.5708554521057
1.43766666666667,-56.6386613169178,-55.0171922403209,-56.5598401070485,-56.6206730086716,-55.1006643375598,-56.5302484638113
1.438,-56.5981887881149,-54.9799291406919,-56.5192964340263,-56.5800876681625,-55.0635373736354,-56.4895828803327
1.43833333333333,-56.5576587004396,-54.9426048017054,-56.4786949796726,-56.5394445693909,-55.0263495355229,-56.4488585643733
1.43866666666667,-56.5170709256695,-54.9052190541468,-56.4380356148386,-56.4987435824667,-54.9891006553972,-56.4080753783824
1.439,-56.4764253354258,-54.8677717283444,-56.3973182102151,-56.4579845773272,-54.951790564983,-56.3672331845592
1.43933333333333,-56.4357218011789,-54.8302626541715,-56.3565426363377,-56.4171674237413,-54.9144190955558,-56.326331844856
1.43966666666667,-56.3949601942529,-54.7926916610472,-56.3157087635913,-56.3762919913142,-54.8769860779442,-56.2853712209823
1.44,-56.3541403858309,-54.7550585779386,-56.2748164622153,-56.3353581494923,-54.8394913425304,-56.2443511744085
1.44033333333333,-56.3132622469598,-54.7173632333618,-56.2338656023089,-56.2943657675686,-54.801934719253,-56.2032715663697
1.44066666666667,-56.2723256485562,-54.6796054553841,-56.1928560538366,-56.2533147146874,-54.7643160376079,-56.1621322578703
1.441,-56.2313304614112,-54.6417850716252,-56.1517876866328,-56.2122048598492,-54.7266351266502,-56.1209331096872
1.44133333333333,-56.1902765561963,-54.6039019092595,-56.1106603704084,-56.1710360719169,-54.6888918149965,-56.0796739823749
1.44166666666667,-56.1491638034687,-54.5659557950178,-56.0694739747551,-56.1298082196203,-54.6510859308263,-56.0383547362692
1.442,-56.1079920736772,-54.5279465551892,-56.0282283691526,-56.0885211715621,-54.6132173018845,-55.9969752314918
1.44233333333333,-56.066761237168,-54.4898740156235,-55.9869234229731,-56.0471747962234,-54.5752857554832,-55.955535327955
1.44266666666667,-56.0254711641907,-54.4517380017329,-55.9455590054882,-56.0057689619694,-54.5372911185039,-55.9140348853659
1.443,-55.9841217249042,-54.4135383384945,-55.9041349858745,-55.9643035370554,-54.4992332174,-55.8724737632312
1.44333333333333,-55.9427127893832,-54.3752748504527,-55.8626512332198,-55.9227783896327,-54.461111878199,-55.8308518208623
1.44366666666667,-55.9012442276241,-54.3369473617215,-55.8211076165299,-55.8811933877545,-54.4229269265052,-55.7891689173798
1.444,-55.8597159095519,-54.2985556959868,-55.7795040047343,-55.8395483993826,-54.3846781875016,-55.7474249117187
1.44433333333333,-55.8181277050263,-54.2600996765095,-55.7378402666937,-55.7978432923934,-54.3463654859534,-55.7056196626334
1.44466666666667,-55.7764794838489,-54.2215791261277,-55.6961162712056,-55.7560779345841,-54.3079886462103,-55.663753028703
1.445,-55.7347711157694,-54.1829938672598,-55.6543318870121,-55.71425219368,-54.2695474922093,-55.6218248683366
1.44533333333333,-55.6930024704934,-54.1443437219074,-55.6124869828067,-55.6723659373407,-54.2310418474779,-55.5798350397788
1.44566666666667,-55.6511734176885,-54.105628511658,-55.5705814272408,-55.6304190331671,-54.1924715351367,-55.5377834011149
1.446,-55.6092838269925,-54.0668480576886,-55.5286150889318,-55.5884113487084,-54.1538363779031,-55.4956698102769
1.44633333333333,-55.56733356802,-54.0280021807685,-55.4865878364697,-55.5463427514694,-54.1151361980943,-55.4534941250495
1.44666666666667,-55.5253225103704,-53.9890907012628,-55.4444995384255,-55.5042131089173,-54.0763708176308,-55.4112562030752
1.447,-55.4832505236353,-53.9501134391359,-55.4023500633581,-55.4620222884898,-54.0375400580396,-55.3689559018612
1.44733333333333,-55.4411174774066,-53.9110702139549,-55.3601392798224,-55.419770157602,-53.998643740458,-55.3265930787849
1.44766666666667,-55.3989232412839,-53.8719608448934,-55.3178670563776,-55.3774565836543,-53.9596816856377,-55.2841675911005
1.448,-55.3566676848832,-53.8327851507354,-55.2755332615949,-55.3350814340406,-53.9206537139478,-55.2416792959452
1.44833333333333,-55.314350677845,-53.7935429498791,-55.233137764066,-55.292644576156,-53.8815596453796,-55.1991280503459
1.44866666666667,-55.2719720898424,-53.754234060341,-55.1906804324114,-55.2501458774046,-53.8423992995505,-55.1565137112256
1.449,-55.2295317905899,-53.7148582997598,-55.1481611352893,-55.2075852052086,-53.8031724957078,-55.1138361354104
1.44933333333333,-55.1870296498524,-53.6754154854015,-55.1055797414042,-55.164962427016,-53.7638790527338,-55.0710951796364
1.44966666666667,-55.1444655374535,-53.6359054341631,-55.0629361195157,-55.1222774103098,-53.7245187891495,-55.0282907005566
1.45,-55.101839323285,-53.5963279625775,-55.0202301384478,-55.0795300226163,-53.6850915231201,-54.9854225547479
1.45033333333333,-55.0591508773161,-53.5566828868184,-54.9774616670982,-55.0367201315145,-53.6455970724593,-54.9424905987192
1.45066666666667,-55.0164000696026,-53.5169700227048,-54.9346305744475,-54.993847604645,-53.6060352546342,-54.8994946889181
1.451,-54.9735867702967,-53.4771891857067,-54.8917367295691,-54.950912309719,-53.5664058867707,-54.8564346817385
1.45133333333333,-54.9307108496565,-53.4373401909497,-54.848780001639,-54.9079141145283,-53.5267087856588,-54.8133104335292
1.45166666666667,-54.8877721780562,-53.3974228532207,-54.8057602599456,-54.8648528869547,-53.4869437677575,-54.7701218006007
1.452,-54.844770625996,-53.3574369869732,-54.7626773738999,-54.8217284949795,-53.447110649201,-54.7268686392341
1.45233333333333,-54.8017060641125,-53.3173824063336,-54.719531213046,-54.7785408066941,-53.4072092458043,-54.6835508056889
1.45266666666667,-54.7585783631892,-53.2772589251063,-54.6763216470718,-54.7352896903098,-53.3672393730689,-54.6401681562118
1.453,-54.715387394167,-53.2370663567801,-54.6330485458192,-54.6919750141679,-53.3272008461889,-54.5967205470443
1.45333333333333,-54.6721330281554,-53.1968045145349,-54.5897117792955,-54.648596646751,-53.287093480058,-54.5532078344327
1.45366666666667,-54.6288151364433,-53.1564732112473,-54.5463112176845,-54.6051544566931,-53.2469170892749,-54.5096298746359
1.454,-54.5854335905102,-53.1160722594978,-54.5028467313578,-54.5616483127908,-53.2066714881508,-54.4659865239348
1.45433333333333,-54.541988262038,-53.0756014715776,-54.4593181908862,-54.5180780840144,-53.1663564907158,-54.4222776386417
1.45466666666667,-54.4984790229224,-53.0350606594952,-54.4157254670516,-54.4744436395192,-53.1259719107265,-54.3785030751094
1.455,-54.4549057452849,-52.9944496349842,-54.3720684308591,-54.430744848657,-53.0855175616724,-54.3346626897405
1.45533333333333,-54.4112683014847,-52.9537682095103,-54.3283469535489,-54.3869815809883,-53.0449932567843,-54.2907563389979
1.45566666666667,-54.3675665641314,-52.9130161942793,-54.2845609066091,-54.3431537062935,-53.0043988090416,-54.246783879414
1.456,-54.3238004060972,-52.8721934002446,-54.2407101617878,-54.2992610945856,-52.9637340311801,-54.2027451676009
1.45633333333333,-54.2799697005297,-52.8312996381158,-54.1967945911066,-54.2553036161227,-52.9229987357003,-54.1586400602609
1.45666666666667,-54.2360743208649,-52.7903347183664,-54.1528140668732,-54.2112811414202,-52.882192734876,-54.1144684141967
1.457,-54.1921141408405,-52.7492984512433,-54.1087684616949,-54.1671935412637,-52.8413158407624,-54.0702300863222
1.45733333333333,-54.1480890345094,-52.7081906467746,-54.0646576484923,-54.1230406867225,-52.8003678652056,-54.0259249336734
1.45766666666667,-54.103998876253,-52.6670111147797,-54.0204815005127,-54.0788224491626,-52.7593486198512,-53.9815528134191
1.458,-54.0598435407955,-52.6257596648776,-53.9762398913448,-54.0345387002599,-52.718257916154,-53.9371135828725
1.45833333333333,-54.015622903218,-52.5844361064977,-53.9319326949323,-53.9901893120149,-52.6770955653876,-53.8926070995023
1.45866666666667,-53.9713368389727,-52.5430402488887,-53.887559785589,-53.9457741567656,-52.6358613786543,-53.8480332209448
1.459,-53.9269852238975,-52.5015719011292,-53.8431210380131,-53.9012931072027,-52.5945551668953,-53.8033918050152
1.45933333333333,-53.8825679342316,-52.4600308721384,-53.7986163273031,-53.8567460363835,-52.5531767409012,-53.7586827097201
1.45966666666667,-53.8380848466297,-52.4184169706864,-53.754045528972,-53.8121328177469,-52.5117259113227,-53.7139057932695
1.46,-53.7935358381781,-52.3767300054055,-53.7094085189638,-53.7674533251287,-52.4702024886821,-53.6690609140892
1.46033333333333,-53.7489207864103,-52.3349697848019,-53.6647051736692,-53.7227074327762,-52.4286062833841,-53.6241479308341
1.46066666666667,-53.7042395693225,-52.2931361172666,-53.6199353699414,-53.6778950153644,-52.3869371057281,-53.5791667024004
1.461,-53.6594920653905,-52.2512288110884,-53.5750989851128,-53.6330159480115,-52.3451947659197,-53.5341170879391
1.46133333333333,-53.6146781535858,-52.2092476744656,-53.5301958970118,-53.588070106295,-52.3033790740839,-53.4889989468695
1.46166666666667,-53.5697977133927,-52.1671925155192,-53.4852259839796,-53.5430573662685,-52.2614898402769,-53.4438121388927
1.462,-53.5248506248249,-52.1250631423056,-53.4401891248878,-53.4979776044774,-52.2195268744998,-53.3985565240053
1.46233333333333,-53.4798367684436,-52.0828593628305,-53.3950851991556,-53.4528306979768,-52.1774899867122,-53.3532319625139
1.46266666666667,-53.4347560253744,-52.0405809850622,-53.3499140867681,-53.4076165243483,-52.1353789868455,-53.3078383150489
1.463,-53.3896082773258,-51.9982278169465,-53.3046756682942,-53.3623349617176,-52.0931936848175,-53.2623754425797
1.46333333333333,-53.3443934066074,-51.9557996664209,-53.2593698249054,-53.3169858887721,-52.050933890547,-53.2168432064292
1.46366666666667,-53.2991112961484,-51.9132963414296,-53.2139964383944,-53.2715691847795,-52.0085994139689,-53.1712414682887
1.464,-53.2537618295163,-51.8707176499395,-53.1685553911946,-53.2260847296057,-51.9661900650493,-53.1255700902339
1.46433333333333,-53.2083448909367,-51.8280633999555,-53.1230465663993,-53.1805324037338,-51.9237056538021,-53.0798289347397
1.46466666666667,-53.1628603653122,-51.7853333995374,-53.0774698477816,-53.1349120882833,-51.8811459903045,-53.034017864697
1.465,-53.1173081382426,-51.7425274568164,-53.0318251198145,-53.0892236650292,-51.8385108847145,-52.988136743428
1.46533333333333,-53.0716880960452,-51.6996453800125,-52.9861122676918,-53.0434670164219,-51.7958001472879,-52.9421854347031
1.46566666666667,-53.026000125775,-51.6566869774526,-52.9403311773485,-52.9976420256071,-51.7530135883959,-52.8961638027577
1.466,-52.980244115246,-51.6136520575881,-52.8944817354822,-52.9517485764463,-51.7101510185437,-52.8500717123087
1.46633333333333,-52.9344199530519,-51.5705404290148,-52.8485638295747,-52.9057865535374,-51.6672122483889,-52.8039090285724
1.46666666666667,-52.8885275285883,-51.527351900491,-52.802577347914,-52.8597558422357,-51.6241970887612,-52.7576756172814
1.467,-52.8425667320739,-51.4840862809586,-52.7565221796161,-52.8136563286756,-51.5811053506818,-52.711371344703
1.46733333333333,-52.7965374545737,-51.4407433795628,-52.7103982146487,-52.7674878997922,-51.5379368453841,-52.6649960776571
1.46766666666667,-52.7504395880208,-51.3973230056736,-52.6642053438533,-52.7212504433433,-51.4946913843348,-52.6185496835348
1.468,-52.7042730252398,-51.353824968907,-52.6179434589689,-52.6749438479319,-51.4513687792549,-52.5720320303168
1.46833333333333,-52.6580376599706,-51.3102490791481,-52.5716124526562,-52.6285680030294,-51.4079688421425,-52.5254429865929
1.46866666666667,-52.6117333868914,-51.2665951465731,-52.5252122185215,-52.5821227989984,-51.3644913852952,-52.4787824215812
1.469,-52.5653601016434,-51.2228629816734,-52.4787426511413,-52.5356081271167,-51.3209362213337,-52.4320502051476
1.46933333333333,-52.5189177008554,-51.1790523952799,-52.4322036460876,-52.4890238796009,-51.2773031632259,-52.3852462078264
1.46966666666667,-52.4724060821686,-51.1351631985878,-52.3855950999533,-52.4423699496313,-51.2335920243117,-52.3383703008397
1.47,-52.4258251442619,-51.0911952031821,-52.3389169103778,-52.3956462313761,-51.1898026183284,-52.2914223561191
1.47033333333333,-52.379174786878,-51.0471482210644,-52.2921689760737,-52.3488526200172,-51.1459347594371,-52.2444022463261
1.47066666666667,-52.3324549108494,-51.00302206468,-52.2453511968535,-52.3019890117755,-51.1019882622495,-52.1973098448734
1.471,-52.285665418125,-50.9588165469454,-52.1984634736564,-52.2550553039369,-51.0579629418559,-52.1501450259471
1.47133333333333,-52.2388062117974,-50.9145314812778,-52.1515057085767,-52.208051394879,-51.0138586138534,-52.1029076645281
1.47166666666667,-52.1918771961299,-50.8701666816243,-52.1044778048908,-52.1609771840975,-50.9696750943754,-52.055597636415
1.472,-52.1448782765851,-50.825721962492,-52.057379667087,-52.113832572234,-50.9254122001221,-52.0082148182466
1.47233333333333,-52.0978093598527,-50.7811971389804,-52.0102112008935,-52.0666174611036,-50.881069748391,-51.960759087525
1.47266666666667,-52.0506703538787,-50.7365920268127,-51.9629723133085,-52.0193317537232,-50.8366475571096,-51.9132303226394
1.473,-52.0034611678945,-50.6919064423693,-51.9156629126299,-51.9719753543396,-50.7921454448675,-51.8656284028893
1.47333333333333,-51.9561817124467,-50.6471402027224,-51.8682829084859,-51.9245481684594,-50.7475632309508,-51.8179532085095
1.47366666666667,-51.9088318994274,-50.6022931256706,-51.8208322118659,-51.8770501028781,-50.7029007353769,-51.770204620694
1.474,-51.8614116421048,-50.5573650297755,-51.7733107351519,-51.82948106571,-50.6581577789301,-51.7223825216214
1.47433333333333,-51.8139208551545,-50.5123557343991,-51.7257183921506,-51.7818409664195,-50.6133341831987,-51.6744867944804
1.47466666666667,-51.766359454691,-50.4672650597417,-51.6780550981259,-51.7341297158508,-50.5684297706129,-51.6265173234951
1.475,-51.7187273583,-50.4220928268822,-51.6303207698318,-51.6863472262608,-50.523444364484,-51.5784739939514
1.47533333333333,-51.671024485071,-50.3768388578184,-51.5825153255458,-51.6384934113502,-50.4783777890444,-51.5303566922239
1.47566666666667,-51.6232507556307,-50.3315029755087,-51.5346386851036,-51.5905681862962,-50.4332298694895,-51.4821653058023
1.476,-51.5754060921763,-50.2860850039158,-51.4866907699329,-51.5425714677854,-50.3880004320196,-51.4338997233191
1.47633333333333,-51.5274904185103,-50.2405847680513,-51.4386715030892,-51.4945031740477,-50.3426893038848,-51.3855598345776
1.47666666666667,-51.4795036600746,-50.1950020940209,-51.3905808092912,-51.44636322489,-50.2972963134294,-51.3371455305799
1.477,-51.4314457439863,-50.1493368090722,-51.3424186149575,-51.3981515417308,-50.2518212901388,-51.2886567035552
1.47733333333333,-51.3833165990733,-50.1035887416431,-51.294184848243,-51.3498680476354,-50.2062640646875,-51.24009324699
1.47766666666667,-51.3351161559106,-50.057757721412,-51.2458794390768,-51.3015126673516,-50.1606244689885,-51.1914550556564
1.478,-51.2868443468575,-50.0118435793496,-51.1975023192,-51.2530853273457,-50.1149023362441,-51.1427420256429
1.47833333333333,-51.2385011060952,-49.9658461477717,-51.1490534222045,-51.2045859558396,-50.0690975009984,-51.0939540543845
1.47866666666667,-51.1900863696643,-49.9197652603948,-51.1005326835725,-51.1560144828478,-50.0232097991913,-51.0450910406936
1.479,-51.1416000755039,-49.8736007523917,-51.0519400407158,-51.1073708402153,-49.977239068214,-50.9961528847915
1.47933333333333,-51.0930421634911,-49.8273524604509,-51.0032754330171,-51.0586549616566,-49.9311851469667,-50.9471394883401
1.47966666666667,-51.0444125754801,-49.7810202228358,-50.9545388018707,-51.009866782794,-49.8850478759175,-50.8980507544741
1.48,-50.9957112553433,-49.7346038794467,-50.9057300907243,-50.961006241198,-49.8388270971627,-50.8488865878339
1.48033333333333,-50.9469381490121,-49.6881032718855,-50.8568492451219,-50.9120732764271,-49.7925226544908,-50.7996468945987
1.48066666666667,-50.8980932045184,-49.6415182435207,-50.8078962127463,-50.8630678300687,-49.7461343934462,-50.7503315825204
1.481,-50.8491763720373,-49.5948486395554,-50.7588709434635,-50.813989845781,-49.699662161396,-50.7009405609574
1.48133333333333,-50.8001876039296,-49.5480943070981,-50.7097733893669,-50.7648392693346,-49.6531058075993,-50.6514737409098
1.48166666666667,-50.7511268547857,-49.5012550952339,-50.6606035048225,-50.7156160486558,-49.6064651832774,-50.6019310350543
1.482,-50.7019940814694,-49.4543308551,-50.6113612465149,-50.6663201338694,-49.5597401416875,-50.5523123577799
1.48233333333333,-50.6527892431633,-49.4073214399619,-50.5620465734937,-50.6169514773434,-49.5129305381976,-50.5026176252241
1.48266666666667,-50.6035123014139,-49.3602267052931,-50.5126594472212,-50.5675100337333,-49.4660362303644,-50.4528467553098
1.483,-50.5541632201776,-49.3130465088567,-50.4631998316198,-50.5179957600272,-49.4190570780137,-50.4029996677821
1.48333333333333,-50.5047419658684,-49.2657807107902,-50.4136676931214,-50.4684086155928,-49.3719929433227,-50.3530762842467
1.48366666666667,-50.4552485074045,-49.2184291736922,-50.3640630007166,-50.4187485622231,-49.3248436909055,-50.3030765282075
1.484,-50.405682816257,-49.170991762713,-50.314385726005,-50.3690155641845,-49.2776091879015,-50.2530003251058
1.48433333333333,-50.3560448664988,-49.1234683456467,-50.2646358432465,-50.3192095882645,-49.2302893040655,-50.2028476023598
1.48466666666667,-50.3063346348544,-49.0758587930278,-50.2148133294128,-50.2693306038209,-49.182883911862,-50.152618289404
1.485,-50.2565521007498,-49.0281629782297,-50.1649181642401,-50.2193785828307,-49.1353928865617,-50.1023123177298
1.48533333333333,-50.2066972463639,-48.9803807775672,-50.1149503302826,-50.1693534999413,-49.0878161063414,-50.0519296209269
1.48566666666667,-50.1567700566804,-48.9325120704018,-50.0649098129668,-50.1192553325207,-49.0401534523871,-50.0014701347243
1.486,-50.1067705195399,-48.8845567392507,-50.0147966006463,-50.0690840607092,-48.992404809,-49.9509337970326
1.48633333333333,-50.0566986256939,-48.8365146698997,-49.9646106846578,-50.0188396674728,-48.9445700637073,-49.9003205479867
1.48666666666667,-50.006554368858,-48.7883857515188,-49.9143520593778,-49.968522138655,-48.8966491073742,-49.8496303299891
1.487,-49.9563377457673,-48.7401698767831,-49.8640207222802,-49.9181314630321,-48.8486418343222,-49.7988630877532
1.48733333333333,-49.9060487562318,-48.6918669419963,-49.8136166739945,-49.8676676323671,-48.8005481424496,-49.7480187683485
1.48766666666667,-49.8556874031928,-48.6434768472194,-49.7631399183655,-49.8171306414655,-48.7523679333564,-49.6970973212449
1.488,-49.8052536927797,-48.5949994964025,-49.7125904625129,-49.7665204882318,-48.7041011124731,-49.6460986983583
1.48833333333333,-49.7547476343685,-48.5464347975225,-49.6619683168929,-49.7158371737263,-48.6557475891946,-49.595022854097
1.48866666666667,-49.7041692406399,-48.4977826627242,-49.6112734953596,-49.6650807022231,-48.6073072770173,-49.543869745408
1.489,-49.6535185276391,-48.4490430084663,-49.5605060152287,-49.614251081269,-48.5587800936815,-49.492639331825
1.48933333333333,-49.6027955148365,-48.4002157556736,-49.5096658973403,-49.5633483217427,-48.510165961319,-49.4413315755153
1.48966666666667,-49.552000225188,-48.3513008298919,-49.4587531661243,-49.5123724379155,-48.461464806604,-49.3899464413291
1.49,-49.5011326851977,-48.302298161451,-49.4077678496659,-49.4613234475124,-48.4126765609112,-49.3384838968482
1.49033333333333,-49.4501929249805,-48.2532076856309,-49.3567099797723,-49.410201371774,-48.3638011604773,-49.2869439124357
1.49066666666667,-49.3991809783256,-48.2040293428352,-49.3055795920401,-49.3590062355196,-48.3148385465693,-49.2353264612867
1.491,-49.3480968827611,-48.1547630787696,-49.254376725924,-49.3077380672107,-48.2657886656579,-49.1836315194784
1.49133333333333,-49.2969406796195,-48.1054088446267,-49.2031014248066,-49.256396899016,-48.2166514695966,-49.1318590660224
1.49166666666667,-49.2457124141036,-48.0559665972777,-49.1517537360685,-49.2049827668765,-48.1674269158075,-49.0800090829166
1.492,-49.1944121353538,-48.0064362994697,-49.1003337111604,-49.1534957105721,-48.1181149674729,-49.0280815551975
1.49233333333333,-49.1430398965161,-47.9568179200313,-49.0488414056754,-49.1019357737889,-48.0687155937338,-48.9760764709942
1.49266666666667,-49.0915957548106,-47.9071114340833,-48.9972768794227,-49.0503030041871,-48.019228769895,-48.923993821582
1.493,-49.0400797716016,-47.8573168232589,-48.9456401965024,-48.9985974534705,-47.9696544776374,-48.8718336014369
1.49333333333333,-48.988492012468,-47.8074340759302,-48.8939314253812,-48.946819177456,-47.9199927052376,-48.8195958082911
1.49366666666667,-48.936832547275,-47.7574631874429,-48.8421506389693,-48.8949682361449,-47.8702434477951,-48.7672804431886
1.494,-48.885101450246,-47.7074041603598,-48.7902979146982,-48.8430446937943,-47.8204067074672,-48.7148875105415
1.49433333333333,-48.8332988000367,-47.6572570047119,-48.7383733345998,-48.7910486189906,-47.7704824937125,-48.6624170181875
1.49466666666667,-48.7814246798086,-47.6070217382595,-48.6863769853864,-48.7389800847221,-47.7204708235425,-48.609868977447
1.495,-48.7294791773044,-47.5566983867614,-48.6343089585322,-48.6868391684549,-47.6703717217821,-48.5572434031817
1.49533333333333,-48.6774623849244,-47.5062869842547,-48.5821693503554,-48.6346259522074,-47.6201852213399,-48.5045403138534
1.49566666666667,-48.625374399803,-47.4557875733436,-48.5299582621018,-48.5823405226277,-47.5699113634862,-48.4517597315833
1.496,-48.5732153238866,-47.4052002054993,-48.4776758000295,-48.5299829710704,-47.5195501981432,-48.3989016822126
1.49633333333333,-48.520985264013,-47.35452494137,-48.4253220754947,-48.4775533936757,-47.4691017841838,-48.3459661953623
1.49666666666667,-48.4686843319907,-47.3037618511027,-48.3728972050385,-48.4250518914487,-47.4185661897413,-48.2929533044954
1.497,-48.4163126446798,-47.2529110146755,-48.3204013104753,-48.3724785703397,-47.3679434925304,-48.2398630469782
1.49733333333333,-48.3638703240737,-47.2019725222431,-48.2678345189823,-48.3198335413258,-47.3172337801798,-48.1866954641429
1.49766666666667,-48.3113574973814,-47.1509464744938,-48.2151969631898,-48.2671169204934,-47.2664371505757,-48.1334506013507
1.498,-48.2587742971116,-47.0998329830197,-48.1624887812729,-48.2143288291213,-47.2155537122188,-48.0801285080554
1.49833333333333,-48.2061208611569,-47.0486321707008,-48.1097101170451,-48.1614693937658,-47.1645835845936,-48.0267292378674
1.49866666666667,-48.1533973328792,-46.9973441721019,-48.056861120052,-48.1085387463455,-47.1135268985503,-47.9732528486188
1.499,-48.1006038611961,-46.9459691338854,-48.0039419456669,-48.0555370242283,-47.0623837967015,-47.9196994024284
1.49933333333333,-48.0477406006685,-46.8945072152378,-47.9509527551881,-48.0024643703183,-47.0111544338329,-47.8660689657676
1.49966666666667,-47.9948077115886,-46.8429585883126,-47.8978937159362,-47.9493209331451,-46.9598389773281,-47.8123616095269
1.5,-47.9418053600693,-46.791323438689,-47.8447650013541,-47.8961068669525,-46.90843760761,-47.7585774090827
1.50033333333333,-47.8887337181345,-46.7396019658477,-47.7915667911073,-47.8428223317896,-46.8569505185972,-47.7047164443649
1.50066666666667,-47.8355929638099,-46.6877943836639,-47.7382992711859,-47.7894674936024,-46.8053779181776,-47.6507787999243
1.501,-47.7823832812152,-46.6359009209185,-47.6849626340078,-47.7360425243259,-46.7537200286984,-47.5967645650017
1.50133333333333,-47.7291048606575,-46.5839218218281,-47.6315570785235,-47.6825476019783,-46.7019770874755,-47.5426738335964
1.50166666666667,-47.6757578987247,-46.5318573465948,-47.578082810322,-47.6289829107557,-46.6501493473199,-47.4885067045358
1.502,-47.6223425983805,-46.4797077719757,-47.5245400417374,-47.5753486411271,-46.5982370770838,-47.4342632815445
1.50233333333333,-47.5688591690604,-46.4274733918741,-47.4709289919588,-47.5216449899322,-46.5462405622277,-47.3799436733156
1.50266666666667,-47.515307826768,-46.3751545179522,-47.4172498871391,-47.467872160478,-46.4941601054064,-47.3255479935805
1.503,-47.4616887941731,-46.3227514802664,-47.3635029605067,-47.4140303626387,-46.4419960270783,-47.2710763611801
1.50333333333333,-47.4080023007097,-46.2702646279266,-47.3096884524786,-47.3601198129548,-46.3897486661363,-47.2165289001367
1.50366666666667,-47.3542485826759,-46.2176943297798,-47.2558066107743,-47.3061407347345,-46.3374183805614,-47.1619057397248
1.504,-47.3004278833335,-46.1650409751186,-47.2018576905308,-47.2520933581549,-46.2850055481015,-47.1072070145441
1.50433333333333,-47.2465404530097,-46.1123049744166,-47.1478419544204,-47.1979779203658,-46.2325105669741,-47.0524328645913
1.50466666666667,-47.1925865491989,-46.0594867600916,-47.0937596727685,-47.1437946655928,-46.179933856596,-46.9975834353331
1.505,-47.1385664366653,-46.0065867872955,-47.0396111236733,-47.0895438452428,-46.1272758583386,-46.9426588777787
1.50533333333333,-47.084480387547,-45.953605534736,-46.9853965931275,-47.0352257180099,-46.0745370363123,-46.8876593485535
1.50566666666667,-47.0303286814598,-45.9005435055265,-46.93111637514,-46.9808405499819,-46.021717878179,-46.8325850099716
1.506,-46.976111605603,-45.8474012280697,-46.8767707718609,-46.9263886147486,-45.9688188959952,-46.7774360301101
1.50633333333333,-46.921829454865,-45.7941792569729,-46.8223600937064,-46.871870193511,-45.9158406270861,-46.7222125828823
1.50666666666667,-46.8674825319306,-45.7408781739975,-46.7678846594859,-46.8172855751908,-45.8627836349513,-46.6669148481115
1.507,-46.8130711473875,-45.6874985890448,-46.7133447965304,-46.762635056541,-45.8096485102051,-46.6115430116043
1.50733333333333,-46.7585956198357,-45.6340411411773,-46.6587408408224,-46.7079189422588,-45.7564358715506,-46.5560972652253
1.50766666666667,-46.7040562759955,-45.5805064996788,-46.6040731371271,-46.6531375450973,-45.7031463667904,-46.5005778069701
1.508,-46.6494534508171,-45.5268953651537,-46.5493420391252,-46.5982911859797,-45.6497806738738,-46.4449848410387
1.50833333333333,-46.5947874875913,-45.4732084706672,-46.4945479095472,-46.543380194114,-45.5963395019834,-46.3893185779102
1.50866666666667,-46.5400587380594,-45.4194465829279,-46.4396911203091,-46.4884049071082,-45.5428235926611,-46.3335792344149
1.509,-46.4852675625252,-45.3656105035141,-46.3847720526494,-46.4333656710873,-45.4892337209763,-46.2777670338082
1.50933333333333,-46.4304143299664,-45.311701070146,-46.3297910972682,-46.37826284081,-45.435570696736,-46.2218822058435
1.50966666666667,-46.3754994181472,-45.2577191580041,-46.2747486544667,-46.3230967797873,-45.38183536574,-46.1659249868445
1.51,-46.3205232137307,-45.2036656810976,-46.2196451342892,-46.2678678604013,-45.3280286110819,-46.1098956197772
1.51033333333333,-46.2654861123924,-45.1495415936821,-46.1644809566663,-46.212576464025,-45.274151354498,-46.0537943543226
1.51066666666667,-46.2103885189335,-45.0953478917298,-46.1092565515592,-46.1572229811431,-45.2202045577644,-45.9976214469469
1.511,-46.1552308473948,-45.0410856144542,-46.0539723591055,-46.1018078114731,-45.1661892241463,-45.9413771609726
1.51133333333333,-46.100013521171,-44.98675584589,-45.998628829767,-46.046331364088,-45.112106399899,-45.8850617666489
1.51166666666667,-46.0447369731248,-44.9323597165308,-45.9432264244787,-45.9907940575381,-45.0579571758239,-45.8286755412203
1.512,-45.9894016457012,-44.8778984050267,-45.8877656147985,-45.9351963199756,-45.0037426888796,-45.7722187689956
1.51233333333333,-45.9340079910427,-44.8233731399438,-45.8322468830602,-45.8795385892784,-44.9494641238529,-45.7156917414159
1.51266666666667,-45.8785564711033,-44.7687852015861,-45.7766707225255,-45.8238213131746,-44.8951227150875,-45.6590947571204
1.513,-45.8230475577636,-44.7141359238844,-45.7210376375394,-45.7680449493685,-44.8407197482759,-45.602428122013
1.51333333333333,-45.7674817329448,-44.6594266963521,-45.6653481436863,-45.7122099656662,-44.786256562315,-45.5456921493263
1.51366666666667,-45.7118594887239,-44.6046589661116,-45.6096027679474,-45.6563168401024,-44.7317345512267,-45.4888871596853
1.514,-45.6561813274466,-44.5498342399911,-45.5538020488595,-45.6003660610671,-44.6771551661465,-45.4320134811689
1.51433333333333,-45.6004477618423,-44.494954086698,-45.4979465366756,-45.5443581274333,-44.622519917382,-45.3750714493712
1.51466666666667,-45.5446593151365,-44.4400201390661,-45.4420367935263,-45.4882935486846,-44.5678303765428,-45.3180614074598
1.515,-45.4888165211644,-44.3850340963828,-45.386073393583,-45.4321728450439,-44.5130881787445,-45.2609837062338
1.51533333333333,-45.4329199244828,-44.3299977267967,-45.3300569232224,-45.3759965476015,-44.4582950248878,-45.2038387041791
1.51566666666667,-45.3769700804821,-44.2749128698081,-45.2739879811922,-45.319765198444,-44.4034526840168,-45.1466267675223
1.516,-45.3209675554965,-44.2197814388437,-45.2178671787778,-45.2634793507834,-44.3485629957552,-45.0893482702822
1.51633333333333,-45.2649129269147,-44.1646054239206,-45.1616951399711,-45.2071395690865,-44.2936278728264,-45.03200359432
1.51666666666667,-45.2088067832882,-44.1093868943974,-45.1054725016399,-45.1507464292036,-44.2386493036563,-44.9745931293859
1.517,-45.1526497244393,-44.0541280018184,-45.0491999136987,-45.0943005184985,-44.183629355062,-44.9171172731645
1.51733333333333,-45.0964423615679,-43.9988309828511,-44.9928780392809,-45.0378024359775,-44.1285701750289,-44.8595764313168
1.51766666666667,-45.040185317356,-43.9434981623185,-44.9365075549118,-44.9812527924187,-44.0734739955766,-44.8019710175201
1.518,-44.983879226072,-43.8881319563302,-44.8800891506834,-44.924652210501,-44.018343135717,-44.7443014535043
1.51833333333333,-44.9275247336722,-43.8327348755123,-44.8236235304297,-44.8680013249335,-43.9631800045049,-44.6865681690861
1.51866666666667,-44.871122497901,-43.777309528338,-44.7671114119037,-44.8113007825837,-43.9079871041837,-44.6287716021991
1.519,-44.8146731883888,-43.7218586245616,-44.7105535269545,-44.7545512426056,-43.8527670334269,-44.5709121989207
1.51933333333333,-44.7581774867483,-43.6663849787571,-44.653950621707,-44.6977533765685,-43.7975224906773,-44.5129904134958
1.51966666666667,-44.7016360866679,-43.6108915139608,-44.5973034567411,-44.6409078685829,-43.742256277585,-44.4550067083563
1.52,-44.6450496940025,-43.5553812654223,-44.5406128072728,-44.5840154154291,-43.6869713025449,-44.3969615541368
1.52033333333333,-44.5884190268624,-43.4998573844619,-44.4838794633358,-44.5270767266815,-43.6316705843346,-44.3388554296862
1.52066666666667,-44.531744815698,-43.444323142436,-44.427104229964,-44.4700925248352,-43.5763572558532,-44.2806888220744
1.521,-44.4750278033826,-43.3887819348119,-44.3702879273752,-44.4130635454298,-43.5210345679617,-44.222462226595
1.52133333333333,-44.4182687452908,-43.3332372853504,-44.3134313911555,-44.3559905371736,-43.4657058934241,-44.1641761467631
1.52166666666667,-44.3614684093743,-43.2776928503963,-44.256535472444,-44.2988742620654,-43.4103747309497,-44.105831094307
1.522,-44.3046275762326,-43.222152423277,-44.1996010381185,-44.2417154955161,-43.3550447093351,-44.0474275891562
1.52233333333333,-44.2477470391807,-43.166619938807,-44.1426289709826,-44.1845150264694,-43.2997195917057,-43.9889661594226
1.52266666666667,-44.1908276043118,-43.1110994778965,-44.0856201699519,-44.1272736575198,-43.2444032798534,-43.9304473413761
1.523,-44.1338700905554,-43.0555952722629,-44.0285755502422,-44.0699922050304,-43.1890998186709,-43.8718716794144
1.52333333333333,-44.0768753297307,-43.0001117092421,-43.9714960435572,-44.0126714992487,-43.1338134006769,-43.813239726026
1.52366666666667,-44.0198441665938,-42.9446533366945,-43.9143825982773,-43.9553123844204,-43.0785483706314,-43.7545520417472
1.524,-43.9627774588803,-42.8892248680043,-43.8572361796483,-43.897915718902,-43.0233092302354,-43.6958091951108
1.52433333333333,-43.9056760773419,-42.8338311871653,-43.8000577699712,-43.8404823752716,-42.968100642912,-43.6370117625897
1.52466666666667,-43.848540905775,-42.778477353947,-43.7428483687909,-43.7830132404364,-42.9129274386612,-43.5781603285305
1.525,-43.7913728410449,-42.7231686091361,-43.6856089930866,-43.7255092157399,-42.8577946189835,-43.5192554850814
1.52533333333333,-43.7341727931011,-42.6679103798439,-43.6283406774615,-43.6679712170655,-42.8027073618647,-43.4602978321104
1.52566666666667,-43.6769416849856,-42.6127082848716,-43.5710444743327,-43.6104001749382,-42.7476710268136,-43.4012879771157
1.526,-43.6196804528333,-42.557568140123,-43.5137214541212,-43.552797034624,-42.6926911599421,-43.3422265351275
1.52633333333333,-43.5623900458639,-42.5024959640538,-43.4563727054419,-43.4951627562263,-42.6377734990784,-43.2831141286003
1.52666666666667,-43.5050714263642,-42.4474979831442,-43.3989993352934,-43.4374983147797,-42.5829239789005,-43.2239513872956
1.527,-43.4477255696619,-42.392580637381,-43.3416024692474,-43.3798047003411,-42.5281487360762,-43.1647389481553
1.52733333333333,-43.3903534640885,-42.3377505857334,-43.2841832516383,-43.3220829180777,-42.4734541143969,-43.1054774551649
1.52766666666667,-43.3329561109324,-42.2830147116045,-43.2267428457525,-43.2643339883522,-42.4188466698846,-43.0461675592057
1.528,-43.2755345243795,-42.2283801282402,-43.1692824340163,-43.2065589468037,-42.3643331758589,-42.9868099178974
1.52833333333333,-43.218089731444,-42.1738541840735,-43.1118032181851,-43.1487588444276,-42.3099206279403,-42.9274051954283
1.52866666666667,-43.1606227718843,-42.1194444679801,-43.0543064195303,-43.0909347476493,-42.2556162489692,-42.8679540623752
1.529,-43.1031346981083,-42.0651588144228,-42.9967932790273,-43.0330877383967,-42.2014274938169,-42.8084571955115
1.52933333333333,-43.0456265750627,-42.011005308453,-42.9392650575411,-42.9752189141681,-42.1473620540625,-42.7489152776024
1.52966666666667,-42.9880994801089,-41.9569922905424,-42.8817230360133,-42.9173293880964,-42.0934278625064,-42.6893289971892
1.53,-42.9305545028831,-41.9031283612095,-42.8241685156464,-42.85942028901,-42.0396330974907,-42.6296990483604
1.53033333333333,-42.8729927451405,-41.8494223854085,-42.7666028180887,-42.8014927614904,-41.9859861869934,-42.5700261305108
1.53066666666667,-42.8154153205817,-41.7958834966392,-42.7090272856183,-42.7435479659246,-41.9324958124586,-42.5103109480868
1.531,-42.7578233546621,-41.7425211007386,-42.6514432813251,-42.6855870785554,-41.8791709123269,-42.4505542103193
1.53133333333333,-42.7002179843819,-41.6893448793104,-42.5938521892942,-42.6276112915274,-41.826020685223,-42.3907566309442
1.53166666666667,-42.6426003580558,-41.6363647927438,-42.5362554147861,-42.5696218129287,-41.7730545927551,-42.3309189279084
1.532,-42.5849716350626,-41.5835910827718,-42.4786543844182,-42.5116198668301,-41.7202823618824,-42.2710418230641
1.53233333333333,-42.5273329855718,-41.5310342745162,-42.4210505463439,-42.4536066933204,-41.6677139867958,-42.2111260418491
1.53266666666667,-42.4696855902482,-41.47870517796,-42.3634453704323,-42.3955835485379,-41.6153597302619,-42.1511723129546
1.533,-42.412030639931,-41.4266148887899,-42.3058403484462,-42.3375517046999,-41.563230124372,-42.091181367981
1.53333333333333,-42.3543693352882,-41.3747747885422,-42.2482369942211,-42.2795124501285,-41.5113359706369,-42.0311539410807
1.53366666666667,-42.2967028864438,-41.3231965439866,-42.1906368438415,-42.2214670892745,-41.4596883393636,-41.9710907685896
1.534,-42.2390325125763,-41.2718921056777,-42.1330414558198,-42.1634169427387,-41.4082985682498,-41.9109925886478
1.53433333333333,-42.1813594414887,-41.2208737055991,-42.0754524112725,-42.1053633472923,-41.3571782601249,-41.8508601408098
1.53466666666667,-42.1236849091463,-41.1701538538248,-42.0178713140985,-42.0473076558955,-41.3063392797677,-41.7906941656454
1.535,-42.0660101591827,-41.1197453341178,-41.9602997911572,-41.9892512377166,-41.2557937497241,-41.730495404333
1.53533333333333,-42.0083364423712,-41.069661198383,-41.902739492447,-41.9311954781507,-41.205554045049,-41.6702645982461
1.53566666666667,-41.95066501606,-41.0199147598897,-41.8451920912857,-41.8731417788399,-41.1556327868921,-41.6100024885346
1.536,-41.892997143571,-40.9705195851778,-41.7876592844925,-41.8150915576965,-41.1060428348466,-41.549709815704
1.53633333333333,-41.8353340935579,-40.9214894845574,-41.7301427925716,-41.7570462489291,-41.0567972779767,-41.4893873191939
1.53666666666667,-41.7776771393242,-40.8728385011135,-41.6726443598993,-41.6990073030741,-41.007909424441,-41.4290357369584
1.537,-41.7200275580974,-40.8245808981235,-41.6151657549142,-41.640976187033,-40.9593927896246,-41.3686558050529
1.53733333333333,-41.6623866302589,-40.776731144799,-41.5577087703119,-41.5829543841201,-40.9112610826981,-41.3082482572296
1.53766666666667,-41.6047556385259,-40.7293039002597,-41.5002752232449,-41.5249433941178,-40.8635281915145,-41.2478138245466
1.538,-41.5471358670854,-40.6823139956529,-41.4428669555286,-41.4669447333473,-40.816208165766,-41.1873532349965
1.53833333333333,-41.4895286006758,-40.6357764143307,-41.3854858338557,-41.4089599347541,-40.7693151983144,-41.1268672131582
1.53866666666667,-41.4319351236162,-40.5897062700037,-41.3281337500181,-41.3509905480115,-40.7228636046221,-41.06635647988
1.539,-41.3743567187794,-40.544118782791,-41.2708126211403,-41.2930381396474,-40.6768678002056,-41.0058217520013
1.53933333333333,-41.3167946665077,-40.4990292530964,-41.2135243899249,-41.2351042931968,-40.6313422760464,-40.9452637421209
1.53966666666667,-41.2592502434686,-40.4544530332415,-41.1562710249121,-41.1771906093848,-40.5863015718943,-40.8846831584218
1.54,-41.2017247214482,-40.4104054968017,-41.099054520756,-41.1192987063459,-40.541760247411,-40.8240807045639
1.54033333333333,-41.1442193660809,-40.3669020055947,-41.0418768985195,-41.0614302198847,-40.4977328511065,-40.763457079657
1.54066666666667,-41.0867354355117,-40.3239578742856,-40.9847402059918,-41.0035868037841,-40.4542338870348,-40.7028129783283
1.541,-41.0292741789918,-40.2815883325854,-40.9276465180309,-40.9457701301701,-40.4112777792257,-40.6421490909009
1.54133333333333,-40.9718368354024,-40.2398084850336,-40.8705979369352,-40.8879818899393,-40.3688788338424,-40.581466103702
1.54166666666667,-40.9144246317069,-40.1986332683704,-40.813596592848,-40.8302237932603,-40.3270511990723,-40.5207646995209
1.542,-40.8570387813308,-40.158077406526,-40.7566446441999,-40.7724975701584,-40.2858088227719,-40.4600455582418
1.54233333333333,-40.7996804824651,-40.1181553632687,-40.6997442781952,-40.7148049711969,-40.2451654079082,-40.3993093576781
1.54266666666667,-40.7423509162959,-40.0788812925798,-40.6428977113459,-40.6571477682672,-40.205134365857,-40.3385567746372
1.543,-40.6850512451566,-40.0402689868427,-40.586107190063,-40.5995277555031,-40.1657287676402,-40.277788486253
1.54333333333333,-40.6277826106059,-40.0023318229611,-40.529374991311,-40.5419467503388,-40.126961293209,-40.2170051716237
1.54366666666667,-40.5705461314291,-39.9650827065426,-40.4727034233332,-40.484406594726,-40.0888441789015,-40.156207513799
1.544,-40.5133429015675,-39.9285340143188,-40.4160948264607,-40.426909156537,-40.0513891632325,-40.0953962021691
1.54433333333333,-40.4561739879761,-39.8926975349916,-40.3595515740122,-40.3694563311743,-40.0146074311961,-40.0345719353093
1.54466666666667,-40.3990404284149,-39.8575844087341,-40.3030760732995,-40.3120500434179,-39.9785095572924,-39.9737354243483
1.545,-40.3419432291777,-39.8232050655976,-40.2466707667507,-40.2546922495407,-39.9431054475162,-39.9128873969297
1.54533333333333,-40.2848833627675,-39.7895691631095,-40.1903381331688,-40.1973849397285,-39.908404280576,-39.8520286018532
1.54566666666667,-40.2278617655246,-39.7566855233764,-40.1340806891405,-40.1401301408455,-39.8744144486364,-39.7911598144855
1.546,-40.1708793352212,-39.7245620700357,-40.0779009906168,-40.0829299195902,-39.8411434979099,-39.73028184305
1.54633333333333,-40.1139369286362,-39.6932057654285,-40.0218016346882,-40.0257863860966,-39.8085980694487,-39.6693955359137
1.54666666666667,-40.0570353591266,-39.6626225483941,-39.9657852615773,-39.9687016980367,-39.7767838405128,-39.6085017900089
1.547,-40.000175394221,-39.6328172731107,-39.9098545568803,-39.9116780652938,-39.7457054669179,-39.5476015605433
1.54733333333333,-39.943357753258,-39.6037936494335,-39.8540122540868,-39.8547177552821,-39.715366526787,-39.4866958721742
1.54766666666667,-39.8865831051048,-39.5755541851968,-39.7982611374165,-39.7978230989984,-39.6857694661494,-39.425785831844
1.548,-39.8298520659958,-39.5481001309695,-39.7426040450129,-39.740996497905,-39.6569155468496,-39.3648726435043
1.54833333333333,-39.7731651975379,-39.5214314277638,-39.6870438725404,-39.6842404317556,-39.6288047972388,-39.3039576249818
1.54866666666667,-39.716523004942,-39.4955466582052,-39.6315835772393,-39.6275574674899,-39.6014359661337,-39.2430422272763
1.549,-39.6599259355481,-39.470443001679,-39.576226182496,-39.570950269343,-39.5748064805294,-39.182128056619
1.54933333333333,-39.6033743777311,-39.4461161939653,-39.5209747829998,-39.5144216103338,-39.5489124075543,-39.1212168996647
1.54966666666667,-39.5468686602827,-39.4225604918684,-39.4658325505601,-39.4579743853194,-39.5237484211484,-39.0603107522381
1.55,-39.4904090523943,-39.399768643335,-39.4108027406751,-39.4016116258309,-39.4993077739355,-38.999411852118
1.55033333333333,-39.4339957643804,-39.3777318635356,-39.3558886999493,-39.3453365169354,-39.4755822747412,-38.9385227163994
1.55066666666667,-39.3776289493158,-39.3564398173581,-39.301093874476,-39.2891524164016,-39.452562272187,-38.8776461840547
1.551,-39.3213087057918,-39.3358806087338,-39.2464218193123,-39.2330628764929,-39.4302366447594,-38.8167854643926
1.55133333333333,-39.2650350820359,-39.3160407771744,-39.1918762091969,-39.17707166875,-39.4085927977173,-38.7559441922119
1.55166666666667,-39.208808081688,-39.2969053018562,-39.1374608506781,-39.1211828121854,-39.3876166671611,-38.6951264905498
1.552,-39.1526276715845,-39.2784576135384,-39.0831796958457,-39.0654006053698,-39.3672927315351,-38.6343370420476
1.55233333333333,-39.096493791969,-39.2606796145446,-39.0290368578891,-39.0097296629639,-39.347604030786,-38.5735811700937
1.55266666666667,-39.0404063696319,-39.2435517069757,-38.9750366287331,-38.954174957328,-39.328532193339,-38.5128649310516
1.553,-38.984365334582,-39.2270528292582,-38.9211834990437,-38.8987418659425,-39.3100574709907,-38.4521952190606
1.55333333333333,-38.92837064097,-39.2111605010606,-38.8674821809374,-38.8434362254756,-39.2921587817517,-38.3915798850827
1.55366666666667,-38.8724222931319,-39.1958508765377,-38.8139376337761,-38.7882643934682,-39.2748137606027,-38.3310278720894
1.554,-38.8165203777943,-39.1810988057892,-38.7605550934911,-38.7332333187491,-39.2579988180537,-38.2705493685206
1.55433333333333,-38.7606651036943,-39.1668779043407,-38.7073401059443,-38.6783506218689,-39.2416892063242,-38.2101559824139
1.55466666666667,-38.7048568501236,-39.1531606303793,-38.6542985649122,-38.6236246870366,-39.2258590928889,-38.1498609388941
1.555,-38.649096226221,-39.1399183693993,-38.6014367553731,-38.5690647672742,-39.2104816410577,-38.0896793040337
1.55533333333333,-38.5933841432141,-39.1271215258411,-38.5487614028794,-38.5146811047763,-39.1955290971911,-38.0296282384398
1.55566666666667,-38.5377219022742,-39.1147396212327,-38.4962797299239,-38.4604850687652,-39.18097288408,-37.9697272842921
1.556,-38.4821113012165,-39.1027413982772,-38.4439995203544,-38.4064893135017,-39.1667836999564,-37.9099986899455
1.55633333333333,-38.4265547639645,-39.0910949302667,-38.3919291930562,-38.3527079595223,-39.1529316225395,-37.8504677766101
1.55666666666667,-38.3710554975502,-39.0797677351468,-38.3400778863267,-38.2991568016658,-39.1393862174693,-37.7911633520214
1.557,-38.3156176824578,-39.0687268935052,-38.2884555545952,-38.2458535480089,-39.1261166504302,-37.7321181763922
1.55733333333333,-38.2602467034042,-39.057939169717,-38.2370730794165,-38.1928180944862,-39.1130918022277,-37.6733694862786
1.55766666666667,-38.2049494292204,-39.0473711354434,-38.1859423969886,-38.1400728407148,-39.1002803860467,-37.6149595822459
1.558,-38.149734552452,-39.0369892946559,-38.1350766448251,-38.0876430534123,-39.0876510661003,-37.5569364863572
1.55833333333333,-38.0946130016963,-39.0267602093427,-38.0844903306575,-38.035557284785,-39.0751725768568,-37.4993546754426
1.55866666666667,-38.0395984426737,-39.0166506250452,-38.0341995271716,-37.9838478543955,-39.0628138420312,-37.442275895771
1.559,-37.9847078877173,-39.0066275953763,-37.9842220968012,-37.9325514043022,-39.0505440925292,-37.3857700640183
1.55933333333333,-37.929962437931,-38.9966586046844,-37.9345779515398,-37.8817095387109,-39.0383329825426,-37.3299162581602
1.55966666666667,-37.8753881879321,-38.9867116880465,-37.8852893535908,-37.8313695609857,-39.0261507030185,-37.274803799936
1.56,-37.8210173301126,-38.9767555478062,-37.8363812637074,-37.7815853226451,-39.0139680917526,-37.2205334275986
1.56033333333333,-37.7668895040386,-38.966759665908,-37.7878817452733,-37.7324182008728,-39.0017567393962,-37.1672185535
1.56066666666667,-37.7130534473412,-38.956694411329,-37.7398224336022,-37.6839382230845,-38.9894890907109,-37.114986595325
1.561,-37.6595690176682,-38.9465311419575,-37.6922390816094,-37.6362253591122,-38.9771385404567,-37.0639803620878
1.56133333333333,-37.6065096714578,-38.9362423003323,-37.6451721949801,-37.58937100348,-38.9646795233588,-37.0143594658846
1.56166666666667,-37.5539655049859,-38.9258015027178,-37.5986677722644,-37.5434796718366,-38.9520875976595,-36.9663017173877
1.562,-37.5020469868416,-38.9151836210593,-37.5527781680284,-37.4986709365789,-38.93933952183,-36.9200044466874
1.56233333333333,-37.4508895390493,-38.9043648574364,-37.5075631003177,-37.455081626584,-38.926413324084,-36.8756856709275
1.56266666666667,-37.4006591565489,-38.8933228107046,-37.4630908272949,-37.4128683141031,-38.913288364412,-36.8335850059914
1.563,-37.3515592910045,-38.8820365350929,-37.4194395220309,-37.3722101073226,-38.8999453889223,-36.7939641913294
1.56333333333333,-37.303839263049,-38.870486590599,-37.3766988790559,-37.3333117585441,-38.8863665763507,-36.7571070654274
1.56366666666667,-37.2578045028956,-38.8586550850984,-37.3349719913887,-37.2964070835727,-38.8725355766719,-36.7233187957066
1.564,-37.213828944773,-38.8465257081586,-37.2943775422405,-37.2617626653096,-38.8584375418153,-36.6929241332038
1.56433333333333,-37.1723699014972,-38.8340837566162,-37.2550523612095,-37.2296817805198,-38.8440591485544,-36.6662644329732
1.56466666666667,-37.1339856972352,-38.8213161520444,-37.2171544001349,-37.2005084392151,-38.8293886137016,-36.6436931613065
1.565,-37.099356199031,-38.8082114503001,-37.1808661881627,-37.1746313560351,-38.814415701802,-36.6255696080162
1.56533333333333,-37.0693060976711,-38.7947598433947,-37.1463988278661,-37.1524875765575,-38.7991317255697,-36.612250545477
1.56566666666667,-37.0448302502641,-38.7809531539888,-37.1139965927037,-37.1345653523376,-38.7835295393639,-36.6040796365383
1.566,-37.0271194732682,-38.7667848228552,-37.0839421780005,-37.1214056908625,-38.7676035260403,-36.6013745016428
1.56633333333333,-37.0175836835253,-38.7522498896941,-37.0565626389929,-37.1136017970192,-38.7513495775559,-36.6044115204716
1.56666666666667,-37.0178670139744,-38.7373449677212,-37.0322360144133,-37.1117953729575,-38.7347650697322,-36.6134086693194
1.567,-37.0298462950252,-38.7220682124755,-37.0113985742157,-37.116668465346,-38.7178488316096,-36.6285069777741
1.56733333333333,-37.0556000737953,-38.7064192853154,-36.9945525335913,-37.1289292718246,-38.7006011098457,-36.6497515103552
1.56766666666667,-37.0973305645528,-38.6903993120879,-36.9822739264686,-37.1492900963151,-38.6830235286209,-36.6770731085094
1.568,-37.1572168949994,-38.6740108374661,-36.9752201094354,-37.1784355648059,-38.6651190455255,-36.7102724178808
1.56833333333333,-37.2371774892584,-38.6572577754512,-36.9741360458364,-37.2169794094781,-38.6468919039042,-36.7490079148808
1.56866666666667,-37.3385269659149,-38.6401453565389,-36.9798580708424,-37.2654087686641,-38.6283475821298,-36.792789671139
1.569,-37.4615342971847,-38.6226800720388,-36.9933132343195,-37.324016220618,-38.6094927402742,-36.8409803998614
1.56933333333333,-37.6049284724387,-38.6048696160302,-37.0155115442378,-37.392821826533,-38.5903351646299,-36.8928048855705
1.56966666666667,-37.765452789091,-38.5867228254176,-37.0475275059665,-37.4714903399774,-38.5708837105244,-36.9473682202008
1.57,-37.9376223268082,-38.5682496185363,-37.0904663539062,-37.5592522434896,-38.551148243848,-37.0036824157096
1.57033333333333,-38.1138575996709,-38.5494609327354,-37.1454094975274,-37.6548408316034,-38.531139581698,-37.0607000451719
1.57066666666667,-38.2851117106163,-38.5303686613406,-37.21333332665,-37.7564601786771,-38.5108694325168,-37.1173527210552
1.571,-38.4419632284631,-38.5109855903771,-37.2949962492465,-37.8617991822706,-38.4903503360797,-37.1725915953142
1.57133333333333,-38.575953951903,-38.4913253354035,-37.3907915274114,-37.9681036388319,-38.4695956036576,-37.225426776729
1.57166666666667,-38.6808088803157,-38.4714022787807,-37.5005691311255,-38.0723107685668,-38.4486192586585,-37.274962664833
1.572,-38.7531845538282,-38.45123150767,-37.6234392364543,-38.1712393217724,-38.4274359780191,-37.3204266822014
1.57233333333333,-38.7927671372066,-38.4308287530273,-37.7575830599889,-38.261815621906,-38.4060610345932,-37.3611896628426
1.57266666666667,-38.801787139695,-38.410210329831,-37.9001114842817,-38.3413052882607,-38.3845102407554,-37.3967770892217
1.573,-38.7841963516531,-38.3893930787501,-38.0470236490015,-38.4075158155054,-38.3627998934116,-37.4268713113069
1.57333333333333,-38.7447901780855,-38.3683943094371,-38.1933188471833,-38.4589390476812,-38.3409467205809,-37.4513056909725
1.57366666666667,-38.6884801164296,-38.3472317455957,-38.3332975164418,-38.4948143606644,-38.3189678296896,-37.4700521985882
1.574,-38.6198033827695,-38.3259234719559,-38.461046928839,-38.5151095586309,-38.2968806576928,-37.4832043040247
1.57433333333333,-38.5426627420138,-38.3044878832568,-38.5710508047816,-38.520432040276,-38.2747029231167,-37.4909570615202
1.57466666666667,-38.4602417885771,-38.2829436353205,-38.6588090574605,-38.5118933015687,-38.2524525800926,-37.4935861352847
1.575,-38.3750312591618,-38.2613095982762,-38.721330690722,-38.4909532857778,-38.2301477744352,-37.4914272190665
1.57533333333333,-38.28891275198,-38.2396048119735,-38.7573875825265,-38.459268154319,-38.2078068017969,-37.4848569396138
1.57566666666667,-38.2032630817019,-38.2178484436066,-38.7674842912642,-38.4185582039346,-38.1854480679153,-37.4742759623268
1.576,-38.1190576953164,-38.1960597475548,-38.7535801476141,-38.3705047436381,-38.1630900509546,-37.4600946815462
1.57633333333333,-38.0369625330119,-38.1742580274289,-38.7186592318645,-38.3166779139781,-38.1407512659275,-37.4427216035062
1.57666666666667,-37.9574105476557,-38.1524626002991,-38.6662610679292,-38.258492723412,-38.1184502311735,-37.4225543264418
1.577,-37.8806628370747,-38.1306927630715,-38.6000636531859,-38.1971880857554,-38.0962054368566,-37.3999728873408
1.57733333333333,-37.8068560900795,-38.1089677609649,-38.5235701634397,-38.1338229117222,-38.0740353154384,-37.3753351688079
1.57766666666667,-37.7360386422824,-38.0873067580363,-38.4399115571912,-38.0692837057845,-38.0519582140731,-37.3489740296865
1.578,-37.668197437284,-38.0657288096922,-38.3517508659848,-38.004299081202,-38.0299923688645,-37.3211958263603
1.57833333333333,-37.6032779239412,-38.0442528371179,-38.2612630722044,-37.939457727919,-38.0081558809201,-37.2922800163262
1.57866666666667,-37.5411985716772,-38.0228976035527,-38.1701633977154,-37.875227413645,-37.9864666941333,-37.2624795722472
1.579,-37.4818613421581,-38.0016816923348,-38.0797614941706,-37.8119734599983,-37.9649425746194,-37.2320219762243
1.57933333333333,-37.4251591547088,-37.9806234866361,-37.9910254738085,-37.7499757874535,-37.9436010917326,-37.2011106056633
1.57966666666667,-37.3709811353568,-37.9597411508064,-37.9046456857528,-37.6894440831347,-37.9224596005849,-37.1699263608569
1.58,-37.3192162434784,-37.9390526132447,-37.8210927306713,-37.6305309501949,-37.9015352259918,-37.1386294186495
1.58033333333333,-37.2697557186882,-37.9185755507159,-37.7406673231302,-37.5733430853456,-37.8808448477651,-37.107361025658
1.58066666666667,-37.2224946756426,-37.8983273740308,-37.66354151524,-37.5179506363318,-37.860405087279,-37.0762452684923
1.581,-37.1773330880586,-37.8783252150091,-37.5897918308818,-37.4643949410805,-37.8402322952301,-37.0453907776207
1.58133333333333,-37.1341763388948,-37.8585859146451,-37.5194253320383,-37.41269486513,-37.820342540521,-37.0148923365406
1.58166666666667,-37.0929354659399,-37.8391260124005,-37.452399776135,-37.362851948042,-37.8007516001925,-36.9848323793641
1.582,-37.0535271968598,-37.8199617365484,-37.3886389802811,-37.3148545523826,-37.7814749503362,-36.9552823684575
1.58233333333333,-37.0158738418509,-37.801108995497,-37.3280443812711,-37.26868118669,-37.7625277579192,-36.9263040499447
1.58266666666667,-36.9799030930343,-37.7825833700223,-37.2705036250883,-37.224303150409,-37.7439248734576,-36.8979505892137
1.583,-36.945547765798,-37.7644001063462,-37.2158968662837,-37.1816866262061,-37.7256808244767,-36.8702675914652
1.58333333333333,-36.9127455071104,-37.746574109994,-37.1641013199869,-37.140794324514,-37.7078098096989,-36.8432940141713
1.58366666666667,-36.8814384884018,-37.729119940375,-37.114994492495,-37.1015867670616,-37.6903256939058,-36.817062979346
1.584,-36.8515730952046,-37.7120518060269,-37.0684564206512,-37.0640232805905,-37.6732420034211,-36.7916024939807
1.58433333333333,-36.8230996218226,-37.6953835604739,-37.0243711736187,-37.0280627588388,-37.656571922166,-36.7669360870561
1.58466666666667,-36.7959719764745,-37.6791286986477,-36.9826278103615,-36.9936642399218,-37.6403282882421,-36.7430833713098
1.585,-36.7701474003205,-37.6633003538266,-36.9431209392815,-36.9607873372071,-37.6245235909993,-36.7200605375404
1.58533333333333,-36.7455862023384,-37.6479112950497,-36.9057509903466,-36.9293925543697,-37.6091699685493,-36.6978807887159
1.58566666666667,-36.722251510992,-37.6329739249668,-36.8704242824182,-36.899441509279,-37.5942792056895,-36.6765547205868
1.586,-36.7001090429323,-37.6185002780894,-36.8370529474603,-36.8708970864686,-37.5798627322039,-36.6560906549176
1.58633333333333,-36.6791268884814,-37.6045020194082,-36.8055547573763,-36.8437235339791,-37.5659316215102,-36.6364949308724
1.58666666666667,-36.6592753133409,-37.5909904433493,-36.7758528871942,-36.8178865171691,-37.5524965896272,-36.6177721595272
1.587,-36.6405265757574,-37.57797647304,-36.747875639264,-36.7933531395209,-37.539567994437,-36.5999254459586
1.58733333333333,-36.6228547582673,-37.5654706598615,-36.7215561463451,-36.7700919384012,-37.5271558352198,-36.5829565828701
1.58766666666667,-36.6062356130839,-37.5534831832667,-36.6968320663813,-36.7480728620825,-37.5152697524413,-36.5668662192673
1.588,-36.5906464201763,-37.5420238508429,-36.6736452779797,-36.7272672330058,-37.5039190277763,-36.5516540072909
1.58833333333333,-36.5760658570996,-37.5311020986034,-36.6519415828052,-36.7076477012048,-37.4931125843519,-36.5373187299485
1.58866666666667,-36.5624738796714,-37.5207269914927,-36.6316704190285,-36.6891881909626,-37.4828589871974,-36.5238584121573
1.589,-36.5498516126301,-37.5109072240931,-36.6127845884497,-36.6718638430994,-37.4731664438887,-36.5112704172201
1.58933333333333,-36.5381812494623,-37.5016511215206,-36.5952399988121,-36.6556509547478,-37.4640428053783,-36.4995515305969
1.58966666666667,-36.5274459606398,-37.4929666405019,-36.5789954220277,-36.6405269180468,-37.4554955670012,-36.4886980326018
1.59,-36.5176298095614,-37.4848613706238,-36.5640122684694,-36.6264701588412,-37.4475318696511,-36.4787057614578
1.59033333333333,-36.5087176755487,-37.4773425357493,-36.550254377094,-36.6134600762086,-37.4401585011188,-36.4695701679572
1.59066666666667,-36.5006951832971,-37.4704169955951,-36.5376878208925,-36.6014769834168,-37.4333818975914,-36.4612863628243
1.591,-36.4935486382323,-37.4640912474654,-36.526280726994,-36.5905020507518,-37.4272081453055,-36.4538491577342
1.59133333333333,-36.4872649672698,-37.4583714281414,-36.5160031106435,-36.5805172505204,-37.4216429823538,-36.4472531008249
1.59166666666667,-36.4818316645181,-37.4532633159212,-36.5068267222191,-36.571505304431,-37.4166918006416,-36.4414925074301
1.592,-36.4772367415055,-37.4487723328111,-36.4987249064375,-36.5634496334729,-37.4123596479935,-36.4365614866714
1.59233333333333,-36.473468681549,-37.4449035468661,-36.4916724728981,-36.5563343103559,-37.4086512304079,-36.432453964463
1.59266666666667,-36.4705163979177,-37.4416616746797,-36.4856455771408,-36.5501440145219,-37.4055709144593,-36.4291637034167
1.593,-36.4683691954709,-37.4390510840236,-36.4806216114255,-36.5448639897056,-37.4031227298495,-36.4266843200658
1.59333333333333,-36.4670167354849,-37.4370757966356,-36.4765791044817,-36.5404800039938,-37.4013103721065,-36.4250092997801
1.59366666666667,-36.466449003404,-37.4357394911594,-36.4734976295206,-36.5369783123148,-37.4001372054319,-36.4241320096903
1.594,-36.4666562792755,-37.4350455062343,-36.4713577198483,-36.5343456212744,-37.3996062656984,-36.4240457099019
1.59433333333333,-36.4676291106513,-37.4349968437366,-36.4701407914658,-36.5325690562456,-37.3997202635957,-36.4247435632429
1.59466666666667,-36.4693582877569,-37.4355961721739,-36.4698290720848,-36.531636130614,-37.4004815879276,-36.426218643755
1.595,-36.4718348207452,-37.4368458302316,-36.4704055360336,-36.5315347170784,-37.4018923090593,-36.4284639441142
1.59533333333333,-36.4750499188703,-37.4387478304735,-36.4718538445688,-36.5322530209021,-37.403954182515,-36.4314723821393
1.59566666666667,-36.4789949714299,-37.441303863196,-36.4741582911454,-36.5337795550147,-37.4066686527265,-36.4352368065266
1.596,-36.483661530337,-37.4445153004356,-36.4773037512371,-36.5361031168627,-37.4100368569327,-36.4397500019322
1.59633333333333,-36.4890412941951,-37.4483832001299,-36.4812756363309,-36.5392127669123,-37.4140596292278,-36.4450046935047
1.59666666666667,-36.4951260937605,-37.4529083104319,-36.4860598517518,-36.543097808708,-37.4187375047594,-36.4509935509579
1.597,-36.5019078786857,-37.4580910741754,-36.4916427580031,-36.547747770397,-37.4240707240738,-36.4577091922616
1.59733333333333,-36.5093787054456,-37.4639316334911,-36.4980111353328,-36.5531523876314,-37.4300592376078,-36.4651441870165
1.59766666666667,-36.5175307263584,-37.4704298345708,-36.5051521512621,-36.5593015877652,-37.4367027103234,-36.4732910595706
1.598,-36.5263561796167,-37.4775852325787,-36.5130533308357,-36.566185475265,-37.444000526486,-36.4821422919252
1.59833333333333,-36.5358473802552,-37.4853970967054,-36.5217025293703,-36.5737943182613,-37.4519517945793,-36.4916903264727
1.59866666666667,-36.5459967119827,-37.493864415363,-36.5310879075005,-36.5821185361668,-37.4605553523569,-36.5019275686014
1.599,-36.5567966198168,-37.5029859015168,-36.541197908335,-36.5911486882946,-37.4698097720257,-36.5128463891963
1.59933333333333,-36.5682396034585,-37.5127599981499,-36.5520212365547,-36.6008754634127,-37.4797133655561,-36.5244391270617
1.59966666666667,-36.5803182113546,-37.5231848838567,-36.5635468392949,-36.6112896701735,-37.4902641901166,-36.5366980912858
1.6,-36.5930250353944,-37.5342584785589,-36.5757638886702,-36.6223822283622,-37.5014600536254,-36.5496155635642
1.60033333333333,-36.6063527061959,-37.5459784493407,-36.5886617658097,-36.6341441609092,-37.5132985204162,-36.5631838004963
1.60066666666667,-36.6202938889351,-37.5583422163962,-36.6022300462827,-36.6465665866174,-37.5257769170106,-36.5773950358664
1.601,-36.6348412796801,-37.5713469590833,-36.6164584868042,-36.6596407135546,-37.5388923379916,-36.5922414829165
1.60133333333333,-36.6499876021902,-37.5849896220775,-36.6313370131178,-36.6733578330681,-37.5526416519733,-36.6077153366196
1.60166666666667,-36.6657256051462,-37.599266921619,-36.6468557089633,-36.6877093143782,-37.5670215076577,-36.6238087759563
1.602,-36.6820480597781,-37.6141753518464,-36.6630048060418,-36.7026865997106,-37.5820283399735,-36.6405139662
1.60233333333333,-36.6989477578609,-37.6297111912089,-36.6797746749002,-36.7182811999306,-37.5976583762898,-36.6578230612107
1.60266666666667,-36.7164175100476,-37.6458705089499,-36.6971558166606,-36.7344846906443,-37.6139076426958,-36.6757282057403
1.603,-36.7344501445162,-37.662649171654,-36.7151388555281,-36.7512887087322,-37.6307719703403,-36.694221537748
1.60333333333333,-36.7530385059021,-37.6800428498498,-36.7337145320148,-36.768684949286,-37.6482470018234,-36.7132951907255
1.60366666666667,-36.7721754544961,-37.6980470246601,-36.752873696821,-36.7866651629171,-37.6663281976314,-36.7329412960302
1.604,-36.7918538656831,-37.7166569944905,-36.7726073053234,-36.8052211534106,-37.6850108426075,-36.7531519852258
1.60433333333333,-36.8120666296032,-37.7358678817501,-36.7929064126179,-36.8243447756987,-37.7042900524511,-36.7739193924252
1.60466666666667,-36.8328066510159,-37.7556746395929,-36.8137621690742,-36.8440279341279,-37.7241607802359,-36.795235656636
1.605,-36.8540668493485,-37.776072058675,-36.8351658163591,-36.8642625809985,-37.7446178229406,-36.8170929241031
1.60533333333333,-36.8758401589123,-37.7970547739155,-36.8571086838891,-36.8850407153538,-37.7656558279823,-36.8394833506461
1.60566666666667,-36.898119529272,-37.818617271256,-36.8795821856781,-36.9063543819985,-37.7872692997464,-36.8623991039893
1.606,-36.9208979257521,-37.8407538944083,-36.9025778175447,-36.9281956707282,-37.8094526061035,-36.8858323660786
1.60633333333333,-36.944168330067,-37.8634588515823,-36.9260871546502,-36.9505567157507,-37.8321999849063,-36.9097753353828
1.60666666666667,-36.9679237410624,-37.8867262221876,-36.9501018493368,-36.9734296952832,-37.8555055504586,-36.9342202291774
1.607,-36.9921571755553,-37.9105499634981,-36.9746136292412,-36.996806831309,-37.8793632999488,-36.9591592858044
1.60733333333333,-37.016861669261,-37.934923917275,-36.999614295658,-37.0206803894788,-37.9037671198405,-36.9845847669074
1.60766666666667,-37.0420302777976,-37.9598418163375,-37.0250957221302,-37.045042679143,-37.9287107922126,-37.0104889596369
1.608,-37.0676560777564,-37.9852972910769,-37.0510498532463,-37.0698860535013,-37.9541880010433,-37.0368641788243
1.60833333333333,-37.0937321678307,-38.0112838759038,-37.0774687036233,-37.0952029098577,-37.9801923384291,-37.0637027691197
1.60866666666667,-37.1202516699929,-38.0377950156246,-37.1043443570589,-37.1209856899691,-38.0067173107339,-37.0909971070923
1.609,-37.1472077307122,-38.0648240717385,-37.1316689658345,-37.1472268804771,-38.0337563446618,-37.1187396032893
1.60933333333333,-37.1745935222056,-38.0923643286498,-37.1594347501551,-37.1739190134122,-38.0613027932467,-37.1469227042516
1.60966666666667,-37.2024022437146,-38.1204089997886,-37.18763399771,-37.2010546667618,-38.089349941754,-37.1755388944837
1.61,-37.2306271228021,-38.1489512336361,-37.2162590633426,-37.2286264650925,-38.1178910134885,-37.2045806983756
1.61033333333333,-37.2592614166615,-38.1779841196462,-37.2453023688154,-37.2566270802192,-38.1469191755034,-37.2340406820736
1.61066666666667,-37.2882984134343,-38.2075006940614,-37.27475640266,-37.2850492319117,-38.1764275442063,-37.2639114553002
1.611,-37.3177314335297,-38.2374939456158,-37.3046137201017,-37.3138856886349,-38.2064091908566,-37.2941856731199
1.61133333333333,-37.3475538309416,-38.267956821123,-37.3348669430467,-37.3431292683119,-38.2368571469512,-37.324856037649
1.61166666666667,-37.3777589945593,-38.2988822309426,-37.3655087601268,-37.3727728391072,-38.2677644094941,-37.35591529971
1.612,-37.4083403494661,-38.3302630543242,-37.3965319267896,-37.4028093202228,-38.2991239461474,-37.3873562604272
1.61233333333333,-37.4392913582234,-38.3620921446229,-37.4279292654291,-37.433231682702,-38.3309287002582,-37.4191717727641
1.61266666666667,-37.4706055221369,-38.3943623343852,-37.4596936655485,-37.4640329502367,-38.363171595762,-37.4513547430009
1.613,-37.5022763825005,-38.4270664403027,-37.4918180839496,-37.4952061999729,-38.3958455419573,-37.4838981321521
1.61333333333333,-37.534297521816,-38.460197268029,-37.5242955449419,-37.5267445633112,-38.4289434381503,-37.5167949573233
1.61366666666667,-37.566662564986,-38.4937476168611,-37.5571191405673,-37.5586412266977,-38.4624581781675,-37.550038293006
1.614,-37.599365180477,-38.5277102842813,-37.5902820308349,-37.5908894324031,-38.4963826547362,-37.5836212723129
1.61433333333333,-37.6323990814513,-38.5620780703584,-37.6237774439611,-37.6234824792852,-38.5307097637282,-37.6175370881495
1.61466666666667,-37.6657580268655,-38.5968437820086,-37.6575986766118,-37.656413723534,-38.5654324082698,-37.6517789943268
1.615,-37.6994358225335,-38.6320002371143,-37.6917390941426,-37.6896765793952,-38.6005435027143,-37.6863403066108
1.61533333333333,-37.7334263221537,-38.6675402684992,-37.7261921308336,-37.7232645198704,-38.6360359764779,-37.721214403712
1.61566666666667,-37.7677234282979,-38.7034567277632,-37.7609512901163,-37.757171077393,-38.6719027777394,-37.7563947282149
1.616,-37.8023210933619,-38.7397424889721,-37.7960101447897,-37.7913898444762,-38.7081368770017,-37.7918747874469
1.61633333333333,-37.8372133204756,-38.7763904522076,-37.831362337223,-37.8259144743329,-38.7447312705185,-37.8276481542878
1.61666666666667,-37.8723941643736,-38.8133935469736,-37.8670015795436,-37.8607386814658,-38.7816789835834,-37.8637084679215
1.617,-37.9078577322243,-38.8507447354636,-37.9029216538076,-37.8958562422265,-38.8189730736857,-37.9000494345293
1.61733333333333,-37.9435981844171,-38.8884370156868,-37.9391164121521,-37.9312609953423,-38.8566066335301,-37.936664827926
1.61766666666667,-37.9796097353089,-38.9264634244572,-37.9755797769274,-37.9669468424104,-38.8945727939253,-37.973548490141
1.618,-38.0158866539278,-38.9648170402448,-38.0123057408082,-38.002907748359,-38.93286472654,-38.0106943319434
1.61833333333333,-38.0524232646348,-39.0034909858915,-38.0492883668823,-38.0391377418736,-38.9714756465291,-38.0480963333137
1.61866666666667,-38.089213947744,-39.0424784311939,-38.0865217887169,-38.07563091579,-39.0103988150321,-38.0857485438625
1.619,-38.1262531401009,-39.0817725953541,-38.1240002104012,-38.112381427452,-39.0496275415451,-38.123645083198
1.61933333333333,-38.1635353356182,-39.1213667493016,-38.1617179065646,-38.1493834990346,-39.0891551861674,-38.1617801412424
1.61966666666667,-38.201055085772,-39.161254217887,-38.1996692223707,-38.1866314178328,-39.1289751617274,-38.2001479784994
1.62,-38.2388070000555,-39.2014283819521,-38.237848573487,-38.2241195365156,-39.1690809357878,-38.2387429262745
1.62033333333333,-38.2767857463932,-39.2418826802766,-38.276250446029,-38.2618422733453,-39.2094660325333,-38.2775593868473
1.62066666666667,-38.3149860515151,-39.2826106114056,-38.3148693964801,-38.2997941123633,-39.2501240345429,-38.3165918335999
1.621,-38.3534027012915,-39.3236057353598,-38.3537000515863,-38.3379696035415,-39.2910485844501,-38.3558348111006
1.62133333333333,-38.3920305410293,-39.3648616752313,-38.3927371082264,-38.3763633629005,-39.332233386493,-38.3952829351452
1.62166666666667,-38.4308644757301,-39.4063721186678,-38.4319753332582,-38.4149700725955,-39.373672207957,-38.4349308927575
1.622,-38.4698994703118,-39.4481308192487,-38.4714095633397,-38.4537844809686,-39.4153588805128,-38.4747734421495
1.62233333333333,-38.5091305497932,-39.4901315977544,-38.5110347047274,-38.4928014025703,-39.4572873014532,-38.5148054126433
1.62266666666667,-38.5485527994431,-39.5323683433337,-38.5508457330506,-38.5320157181498,-39.4994514348303,-38.5550217045563
1.623,-38.5881613648954,-39.5748350145714,-38.5908376930637,-38.5714223746144,-39.541845312497,-38.5954172890503
1.62333333333333,-38.6279514522292,-39.6175256404582,-38.6310056983752,-38.6110163849595,-39.5844630350554,-38.6359872079466
1.62366666666667,-38.6679183280174,-39.6604343212681,-38.6713449311554,-38.6507928281695,-39.6272987727143,-38.676726573508
1.624,-38.7080573193416,-39.7035552293442,-38.7118506418231,-38.6907468490909,-39.6703467660599,-38.7176305681897
1.62433333333333,-38.7483638137778,-39.7468826097968,-38.752518148711,-38.7308736582768,-39.7136013267415,-38.7586944443588
1.62466666666667,-38.7888332593505,-39.7904107811178,-38.793342837712,-38.7711685318067,-39.7570568380759,-38.7999135239867
1.625,-38.8294611644581,-39.8341341357124,-38.8343201619057,-38.8116268110787,-39.8007077555728,-38.8412831983121
1.62533333333333,-38.8702430977708,-39.8780471403526,-38.8754456411663,-38.8522439025781,-39.8445486073842,-38.8827989274789
1.62566666666667,-38.9111746880996,-39.9221443365549,-38.9167148617528,-38.8930152776214,-39.8885739946807,-38.9244562401482
1.626,-38.9522516242414,-39.9664203408857,-38.9581234758819,-38.9339364720771,-39.9327785919584,-38.9662507330877
1.62633333333333,-38.9934696547962,-40.0108698451964,-38.9996672012847,-38.9750030860648,-39.9771571472764,-39.008178070737
1.62666666666667,-39.034824587962,-40.0554876167916,-39.041341820747,-39.0162107836319,-40.0217044824317,-39.0502339847525
1.627,-39.0763122913052,-40.1002684985334,-39.083143181635,-39.0575552924109,-40.0664154930707,-39.0924142735321
1.62733333333333,-39.117928691509,-40.1452074088843,-39.125067195407,-39.0990324032559,-40.1112851487415,-39.1347148017204
1.62766666666667,-39.1596697741002,-40.1902993418915,-39.1671098371106,-39.1406379698614,-40.1563084928897,-39.177131499696
1.628,-39.2015315831555,-40.2355393671152,-39.2092671448681,-39.1823679083627,-40.2014806428,-39.2196603630427
1.62833333333333,-39.2435102209878,-40.2809226295035,-39.2515352193486,-39.2242181969184,-40.2467967894859,-39.2622974520033
1.62866666666667,-39.2856018478144,-40.3264443492172,-39.2939102232298,-39.2661848752784,-40.2922521975302,-39.3050388909206
1.629,-39.3278026814073,-40.3720998214056,-39.3363883806479,-39.3082640443351,-40.3378422048789,-39.3478808676634
1.62933333333333,-39.3701089967254,-40.4178844159371,-39.3789659766385,-39.3504518656603,-40.3835622225902,-39.3908196330397
1.62966666666667,-39.4125171255323,-40.4637935770861,-39.4216393565673,-39.3927445610287,-40.4294077345421,-39.4338515001988
1.63,-39.4550234559979,-40.5098228231797,-39.4644049255521,-39.4351384119285,-40.4753742970989,-39.476972844022
1.63033333333333,-39.4976244322855,-40.5559677462041,-39.5072591478777,-39.4776297590589,-40.5214575387414,-39.5201801005032
1.63066666666667,-39.5403165541256,-40.6022240113762,-39.5501985464016,-39.520215001817,-40.5676531596601,-39.5634697661208
1.631,-39.5830963763773,-40.6485873566799,-39.5932197019547,-39.5628905977741,-40.6139569313158,-39.6068383972008
1.63133333333333,-39.6259605085764,-40.6950535923696,-39.6363192527347,-39.6056530621413,-40.660364695968,-39.6502826092725
1.63166666666667,-39.6689056144739,-40.741618600445,-39.6794938936936,-39.6484989672264,-40.7068723661739,-39.6937990764177
1.632,-39.7119284115626,-40.7882783340959,-39.7227403759218,-39.6914249418821,-40.7534759242602,-39.7373845306138
1.63233333333333,-39.7550256705947,-40.8350288171215,-39.7660555060253,-39.7344276709464,-40.8001714217674,-39.7810357610712
1.63266666666667,-39.7981942150896,-40.8818661433246,-39.8094361455013,-39.7775038946755,-40.8469549788719,-39.8247496135668
1.633,-39.8414309208343,-40.9287864758833,-39.8528792101088,-39.8206504081704,-40.893822783784,-39.868522989773
1.63333333333333,-39.8847327153749,-40.975786046701,-39.8963816692368,-39.8638640607974,-40.9407710921254,-39.9123528465837
1.63366666666667,-39.9280965775016,-41.0228611557377,-39.9399405452705,-39.9071417556033,-40.9877962262884,-39.9562361954376
1.634,-39.9715195367271,-41.0700081703222,-39.9835529129549,-39.9504804487258,-41.0348945747758,-40.0001701016394
1.63433333333333,-40.014998672759,-41.1172235244485,-40.0272158987573,-39.9938771487992,-41.0820625915255,-40.0441516836792
1.63466666666667,-40.0585311149668,-41.1645037180573,-40.0709266802287,-40.0373289163574,-41.1292967952197,-40.0881781125513
1.635,-40.1021140418443,-41.2118453163036,-40.1146824853648,-40.080832863233,-41.176593768581,-40.1322466110724
1.63533333333333,-40.1457446804675,-41.2592449488117,-40.1584805919663,-40.1243861519537,-41.2239501576555,-40.1763544531996
1.63566666666667,-40.1894203059494,-41.30669930892,-40.2023183270001,-40.1679859951369,-41.2713626710856,-40.2204989633492
1.636,-40.2331382408906,-41.3542051529152,-40.2461930659605,-40.2116296548826,-41.3188280793726,-40.264677515716
1.63633333333333,-40.2768958548276,-41.401759299258,-40.2901022322318,-40.2553144421643,-41.36634321413,-40.3088875335943
1.63666666666667,-40.3206905636797,-41.4493586278024,-40.3340432964517,-40.2990377162205,-41.4139049673304,-40.3531264887006
1.637,-40.3645198291925,-41.4970000790065,-40.378013775877,-40.3427968839444,-41.4615102905451,-40.3973919004981
1.63733333333333,-40.408381158381,-41.54468065314,-40.4220112337506,-40.3865893992741,-41.5091561941775,-40.4416813355242
1.63766666666667,-40.4522721029716,-41.5923974094855,-40.4660332786714,-40.4304127625833,-41.5568397466928,-40.4859924067199
1.638,-40.4961902588435,-41.6401474655378,-40.5100775639657,-40.4742645200729,-41.6045580738436,-40.5303227727639
1.63833333333333,-40.5401332654694,-41.6879279961992,-40.554141787063,-40.5181422631631,-41.6523083578925,-40.5746701374081
1.63866666666667,-40.5840988053571,-41.7357362329741,-40.5982236888732,-40.5620436278874,-41.7000878368322,-40.6190322488188
1.639,-40.6280846034913,-41.7835694631617,-40.6423210531685,-40.6059662942881,-41.7478938036054,-40.6634068989208
1.63933333333333,-40.6720884267754,-41.8314250290487,-40.6864317059675,-40.6499079858137,-41.7957236053223,-40.7077919227454
1.63966666666667,-40.7161080834761,-41.8793003271028,-40.7305535149248,-40.6938664687193,-41.8435746424801,-40.7521851977842
1.64,-40.7601414226679,-41.9271928071668,-40.7746843887226,-40.7378395514684,-41.8914443681817,-40.7965846433464
1.64033333333333,-40.80418633368,-41.9750999716545,-40.8188222764681,-40.7818250841388,-41.9393302873569,-40.8409882199217
1.64066666666667,-40.8482407455451,-42.0230193747491,-40.8629651670947,-40.8258209578307,-41.9872299559842,-40.8853939285479
1.641,-40.8923026264503,-42.0709486216044,-40.9071110887669,-40.8698251040786,-42.0351409803168,-40.9297998101842
1.64133333333333,-40.9363699831909,-42.1188853675489,-40.9512581082915,-40.9138354942664,-42.0830610161095,-40.9742039450895
1.64166666666667,-40.9804408606259,-42.1668273172953,-40.9954043305322,-40.9578501390462,-42.1309877678514,-41.0186044522065
1.642,-41.0245133411381,-42.214772224152,-41.0395478978304,-41.001867087762,-42.1789189880005,-41.062999488552
1.64233333333333,-41.0685855440953,-42.2627178892416,-41.0836869894297,-41.0458844278755,-42.2268524762235,-41.107387248612
1.64266666666667,-41.1126556253162,-42.3106621607231,-41.1278198209067,-41.0899002843986,-42.2747860786409,-41.1517659637441
1.643,-41.15672177654,-42.3586029330207,-41.1719446436072,-41.1339128193285,-42.3227176870763,-41.196133901585
1.64333333333333,-41.200782224898,-42.4065381460573,-41.2160597440871,-41.1779202310878,-42.370645238311,-41.2404893654646
1.64366666666667,-41.2448352323912,-42.4544657844958,-41.2601634435591,-41.2219207539703,-42.4185667133461,-41.2848306938264
1.644,-41.2888790953702,-42.5023838769853,-41.3042540973457,-41.2659126575901,-42.4664801366683,-41.3291562596541
1.64433333333333,-41.3329121440198,-42.5502904954152,-41.3483300943365,-41.3098942463371,-42.5143835755239,-41.3734644699052
1.64466666666667,-41.3769327418482,-42.5981837541763,-41.392389856453,-41.3538638588366,-42.5622751391989,-41.4177537649499
1.645,-41.4209392851801,-42.6460618094286,-41.4364318381177,-41.3978198674143,-42.6101529783053,-41.4620226180182
1.64533333333333,-41.4649302026542,-42.6939228583765,-41.4804545257298,-41.4417606775668,-42.6580152840754,-41.506269534652
1.64566666666667,-41.5089039547257,-42.7417651385531,-41.524456437147,-41.4856847274377,-42.7058602876627,-41.5504930521647
1.646,-41.5528590331735,-42.7895869271106,-41.5684361211727,-41.5295904872981,-42.7536862594508,-41.5946917391079
1.64633333333333,-41.5967939606113,-42.8373865401198,-41.6123921570497,-41.5734764590335,-42.8014915083691,-41.6388641947431
1.64666666666667,-41.6407072900048,-42.8851623318773,-41.6563231539596,-41.6173411756364,-42.8492743812173,-41.6830090485223
1.647,-41.6845976041927,-42.9329126942216,-41.7002277505284,-41.6611832007034,-42.8970332619966,-41.7271249595736
1.64733333333333,-41.7284635154134,-42.9806360558565,-41.7441046143384,-41.7050011279392,-42.9447665712501,-41.7712106161942
1.64766666666667,-41.7723036648366,-43.0283308816843,-41.7879524414456,-41.7487935806656,-42.9924727654099,-41.8152647353505
1.648,-41.8161167220999,-43.0759956721466,-41.831769955904,-41.7925592113364,-43.040150336154,-41.859286062184
1.64833333333333,-41.8599013848499,-43.123628962574,-41.8755559092949,-41.8362967010577,-43.0877978097697,-41.9032733695245
1.64866666666667,-41.9036563782901,-43.1712293225449,-41.9193090802637,-41.8800047591153,-43.1354137465268,-41.9472254574103
1.649,-41.9473804547321,-43.2187953552524,-41.9630282740616,-41.9236821225056,-43.1829967400583,-41.9911411526143
1.64933333333333,-41.9910723931534,-43.2663256968808,-42.0067123220938,-41.9673275554749,-43.2305454167494,-42.035019308177
1.64966666666667,-42.0347309987602,-43.3138190159897,-42.0503600814742,-42.0109398490625,-43.278058435136,-42.078858802947
1.65,-42.0783551025546,-43.3612740129083,-42.0939704345853,-42.0545178206506,-43.32553448531,-42.1226585411264
1.65033333333333,-42.1219435609084,-43.4086894191375,-42.1375422886446,-42.09806031352,-43.3729722883347,-42.1664174518246
1.65066666666667,-42.1654952551413,-43.4560639967614,-42.1810745752775,-42.1415661964114,-43.4203705956673,-42.2101344886172
1.651,-42.2090090911048,-43.5033965378673,-42.2245662500952,-42.1850343630924,-43.4677281885909,-42.2538086291124
1.65133333333333,-42.2524839987713,-43.5506858639746,-42.2680162922792,-42.2284637319307,-43.5150438776543,-42.2974388745229
1.65166666666667,-42.2959189318283,-43.5979308254722,-42.3114237041715,-42.2718532454726,-43.5623165021204,-42.3410242492452
1.652,-42.3393128672784,-43.6451303010657,-42.3547875108709,-42.315201870028,-43.6095449294232,-42.3845638004445
1.65233333333333,-42.3826648050441,-43.6922831972314,-42.3981067598347,-42.35850859526,-43.6567280546327,-42.428056597646
1.65266666666667,-42.4259737675784,-43.7393884476808,-42.441380520487,-42.4017724337818,-43.7038647999288,-42.4715017323334
1.653,-42.4692387994799,-43.7864450128328,-42.4846078838318,-42.4449924207576,-43.7509541140825,-42.5148983175517
1.65333333333333,-42.5124589671139,-43.8334518792943,-42.5277879620723,-42.4881676135102,-43.7979949719467,-42.5582454875184
1.65366666666667,-42.5556333582386,-43.88040805935,-42.5709198882365,-42.5312970911344,-43.8449863739538,-42.6015423972387
1.654,-42.598761081636,-43.9273125904597,-42.6140028158073,-42.5743799541151,-43.8919273456224,-42.6447882221285
1.65433333333333,-42.6418412667484,-43.974164534765,-42.6570359183587,-42.6174153239517,-43.9388169370715,-42.6879821576421
1.65466666666667,-42.6848730633203,-44.0209629786033,-42.7000183891979,-42.6604023427878,-43.985654222543,-42.7311234189064
1.655,-42.7278556410445,-44.0677070320305,-42.7429494410123,-42.7033401730464,-44.0324382999323,-42.7742112403609
1.65533333333333,-42.7707881892146,-44.114395828352,-42.7858283055223,-42.7462279970702,-44.0791682903259,-42.8172448754033
1.65566666666667,-42.8136699163812,-44.1610285236613,-42.8286542331393,-42.7890650167681,-44.125843337548,-42.8602235960411
1.656,-42.8565000500141,-44.2076042963868,-42.8714264926293,-42.8318504532662,-44.1724626077137,-42.9031466925485
1.65633333333333,-42.8992778361691,-44.2541223468468,-42.9141443707812,-42.8745835465647,-44.219025288791,-42.9460134731294
1.65666666666667,-42.9420025391598,-44.3005818968112,-42.9568071720812,-42.9172635551995,-44.2655305901689,-42.9888232635853
1.657,-42.9846734412341,-44.3469821890728,-42.9994142183915,-42.9598897559098,-44.3119777422344,-43.0315754069893
1.65733333333333,-43.027289842256,-44.3933224870238,-43.0419648486346,-43.0024614433099,-44.3583659959558,-43.0742692633646
1.65766666666667,-43.0698510593917,-44.4396020742421,-43.0844584184825,-43.0449779295668,-44.404694622474,-43.1169042093698
1.658,-43.1123564268011,-44.4858202540837,-43.126894300051,-43.0874385440828,-44.4509629127007,-43.1594796379879
1.65833333333333,-43.1548052953333,-44.5319763492825,-43.1692718815989,-43.1298426331826,-44.4971701769236,-43.2019949582212
1.65866666666667,-43.1971970322272,-44.578069701558,-43.2115905672316,-43.172189559806,-44.5433157444189,-43.2444495947915
1.659,-43.2395310208169,-44.6240996712294,-43.2538497766106,-43.2144787032051,-44.5893989630707,-43.2868429878451
1.65933333333333,-43.2818066602413,-44.6700656368374,-43.2960489446666,-43.256709458646,-44.6354191989969,-43.3291745926626
1.65966666666667,-43.3240233651584,-44.7159669947723,-43.338187521318,-43.2988812371164,-44.6813758361826,-43.3714438793742
1.66,-43.3661805654644,-44.7618031589095,-43.3802649711938,-43.3409934650369,-44.7272682761192,-43.4136503326793
1.66033333333333,-43.4082777060164,-44.8075735602513,-43.422280773361,-43.3830455839768,-44.7730959374506,-43.4557934515709
1.66066666666667,-43.4503142463603,-44.853277646576,-43.4642344210568,-43.425037050376,-44.8188582556264,-43.4978727490654
1.661,-43.4922896604633,-44.8989148820924,-43.5061254214251,-43.4669673352697,-44.8645546825599,-43.539887751936
1.66133333333333,-43.534203436449,-44.9444847471021,-43.547953295257,-43.5088359240183,-44.9101846862944,-43.5818380004515
1.66166666666667,-43.5760550763393,-44.9899867376673,-43.5897175767366,-43.5506423160426,-44.9557477506742,-43.6237230481195
1.662,-43.617844095798,-45.0354203652849,-43.63141781319,-43.5923860245617,-45.0012433750219,-43.6655424614337
1.66233333333333,-43.65957002388,-45.0807851565672,-43.6730535648393,-43.6340665763363,-45.0466710738225,-43.7072958196255
1.66266666666667,-43.7012324027846,-45.1260806529281,-43.7146244045602,-43.6756835114168,-45.0920303764127,-43.7489827144211
1.663,-43.742830787612,-45.1713064102761,-43.7561299176445,-43.7172363828939,-45.1373208266765,-43.790602749801
1.66333333333333,-43.7843647461242,-45.2164619987118,-43.7975697015655,-43.758724756655,-45.1825419827455,-43.8321555417652
1.66366666666667,-43.8258338585106,-45.2615470022326,-43.8389433657484,-43.8001482111437,-45.2276934167064,-43.8736407181018
1.664,-43.8672377171559,-45.3065610184423,-43.8802505313443,-43.8415063371242,-45.2727747143128,-43.91505791816
1.66433333333333,-43.908575926413,-45.3515036582664,-43.9214908310073,-43.8827987374484,-45.3177854747029,-43.9564067926266
1.66466666666667,-43.9498481023796,-45.396374545673,-43.9626639086774,-43.9240250268285,-45.3627253101229,-43.9976870033073
1.665,-43.9910538726782,-45.4411733173989,-44.0037694193645,-43.9651848316124,-45.407593845655,-44.0388982229109
1.66533333333333,-44.0321928762396,-45.4858996226812,-44.0448070289385,-44.0062777895629,-45.4523907189507,-44.080040134838
1.66566666666667,-44.0732647630908,-45.530553122994,-44.0857764139213,-44.0473035496415,-45.4971155799701,-44.1211124329731
1.666,-44.1142691941455,-45.5751334917906,-44.1266772612838,-44.0882617717952,-45.5417680907252,-44.1621148214808
1.66633333333333,-44.1552058409988,-45.6196404142496,-44.1675092682452,-44.129152126747,-45.5863479250282,-44.2030470146051
1.66666666666667,-44.1960743857254,-45.6640735870276,-44.2082721420764,-44.1699742957902,-45.6308547682452,-44.2439087364724
1.667,-44.2368745206807,-45.7084327180153,-44.248965599907,-44.2107279705865,-45.6752883170544,-44.2846997208986
1.66733333333333,-44.2776059483055,-45.7527175260991,-44.2895893685354,-44.2514128529668,-45.7196482792089,-44.3254197111988
1.66766666666667,-44.3182683809346,-45.7969277409276,-44.3301431842418,-44.2920286547364,-45.763934373304,-44.3660684600011
1.668,-44.3588615406077,-45.8410631026817,-44.3706267926056,-44.3325750974828,-45.8081463285493,-44.4066457290633
1.66833333333333,-44.3993851588841,-45.8851233618502,-44.4110399483248,-44.3730519123872,-45.852283884545,-44.4471512890931
1.66866666666667,-44.4398389766608,-45.9291082790096,-44.4513824150392,-44.4134588400396,-45.8963467910629,-44.4875849195715
1.669,-44.4802227439932,-45.9730176246082,-44.491653965157,-44.4537956302564,-45.940334807831,-44.5279464085796
1.66933333333333,-44.5205362199187,-46.0168511787537,-44.5318543796833,-44.4940620419014,-45.9842477043228,-44.5682355526275
1.66966666666667,-44.5607791722849,-46.0606087310067,-44.5719834480534,-44.5342578427107,-46.0280852595513,-44.6084521564885
1.67,-44.6009513775782,-46.1042900801766,-44.6120409679672,-44.5743828091198,-46.0718472618653,-44.6485960330335
1.67033333333333,-44.641052620758,-46.1478950341227,-44.6520267452276,-44.6144367260938,-46.1155335087515,-44.6886670030706
1.67066666666667,-44.6810826950918,-46.1914234095585,-44.6919405935821,-44.654419386961,-46.1591438066396,-44.7286648951867
1.671,-44.7210414019944,-46.2348750318606,-44.7317823345658,-44.6943305932494,-46.2026779707115,-44.7685895455919
1.67133333333333,-44.7609285508693,-46.2782497348805,-44.7715517973486,-44.7341701545257,-46.2461358247137,-44.808440797967
1.67166666666667,-44.8007439589528,-46.3215473607612,-44.8112488185846,-44.7739378882375,-46.2895172007743,-44.8482185033138
1.672,-44.8404874511617,-46.3647677597569,-44.850873242264,-44.8136336195583,-46.3328219392231,-44.8879225198079
1.67233333333333,-44.8801588599423,-46.4079107900559,-44.8904249195678,-44.8532571812349,-46.376049888415,-44.9275527126544
1.67266666666667,-44.919758025123,-46.450976317608,-44.9299037087253,-44.8928084134379,-46.4192009045574,-44.967108953946
1.673,-44.9592847937696,-46.4939642159548,-44.9693094748739,-44.9322871636148,-46.462274851541,-45.0065911225241
1.67333333333333,-44.9987390200423,-46.5368743660631,-45.008642089921,-44.9716932863454,-46.5052716007732,-45.0459991038417
1.67366666666667,-45.0381205650562,-46.5797066561625,-45.0479014324099,-45.0110266432003,-46.5481910310162,-45.0853327898299
1.674,-45.0774292967433,-46.6224609815853,-45.087087387386,-45.0502871026016,-46.5910330282264,-45.1245920787658
1.67433333333333,-45.116665089718,-46.6651372446105,-45.1261998462671,-45.0894745396857,-46.6337974853991,-45.1637768751433
1.67466666666667,-45.1558278251439,-46.7077353543104,-45.1652387067153,-45.1285888361698,-46.6764843024146,-45.2028870895463
1.675,-45.1949173906039,-46.7502552264003,-45.2042038725112,-45.1676298802195,-46.7190933858883,-45.2419226385243
1.67533333333333,-45.2339336799718,-46.7926967830913,-45.2430952534306,-45.206597566319,-46.7616246490231,-45.2808834444698
1.67566666666667,-45.2728765932869,-46.8350599529465,-45.2819127651231,-45.2454917951448,-46.8040780114657,-45.3197694354988
1.676,-45.3117460366302,-46.8773446707391,-45.3206563289935,-45.2843124734398,-46.8464533991649,-45.3585805453323
1.67633333333333,-45.3505419220035,-46.9195508773147,-45.3593258720845,-45.3230595138915,-46.8887507442328,-45.3973167131814
1.67666666666667,-45.3892641672099,-46.961678519455,-45.3979213269625,-45.3617328350109,-46.9309699848093,-45.4359778836332
1.677,-45.4279126957369,-47.0037275497453,-45.4364426316044,-45.4003323610146,-46.973111064929,-45.4745640065398
1.67733333333333,-45.4664874366416,-47.0456979264441,-45.4748897292873,-45.4388580217087,-47.0151739343905,-45.5130750369089
1.67766666666667,-45.5049883244378,-47.0875896133557,-45.51326256848,-45.4773097523747,-47.0571585486287,-45.5515109347962
1.678,-45.5434152989852,-47.1294025797052,-45.5515611027362,-45.5156874936573,-47.0990648685897,-45.5898716652005
1.67833333333333,-45.5817683053803,-47.1711368000157,-45.5897852905898,-45.5539911914549,-47.1408928606076,-45.6281571979599
1.67866666666667,-45.62004729385,-47.2127922539887,-45.6279350954522,-45.5922207968115,-47.1826424962844,-45.6663675076506
1.679,-45.6582522196463,-47.2543689263866,-45.6660104855115,-45.6303762658107,-47.2243137523724,-45.704502573487
1.67933333333333,-45.696383042943,-47.2958668069171,-45.7040114336331,-45.6684575594714,-47.2659066106579,-45.7425623792244
1.67966666666667,-45.7344397287354,-47.3372858901208,-45.7419379172629,-45.7064646436465,-47.3074210578488,-45.7805469130627
1.68,-45.7724222467396,-47.3786261752604,-45.7797899183314,-45.7443974889215,-47.3488570854631,-45.8184561675522
1.68033333333333,-45.8103305712962,-47.4198876662125,-45.8175674231602,-45.7822560705168,-47.3902146897203,-45.8562901395015
1.68066666666667,-45.8481646812735,-47.4610703713616,-45.8552704223699,-45.8200403681909,-47.4314938714347,-45.8940488298866
1.681,-45.8859245599741,-47.5021743034961,-45.8928989107899,-45.8577503661454,-47.4726946359114,-45.9317322437619
1.68133333333333,-45.9236101950418,-47.5431994797061,-45.9304528873694,-45.8953860529317,-47.5138169928436,-45.9693403901727
1.68166666666667,-45.9612215783715,-47.5841459212843,-45.9679323550907,-45.9329474213601,-47.5548609562123,-46.0068732820701
1.682,-45.9987587060201,-47.6250136536279,-46.0053373208835,-45.9704344684093,-47.5958265441885,-46.044330936226
1.68233333333333,-46.0362215781184,-47.6658027061428,-46.0426677955409,-46.0078471951386,-47.6367137790363,-46.081713373151
1.68266666666667,-46.0736101987861,-47.70651311215,-46.0799237936375,-46.0451856066018,-47.6775226870192,-46.1190206170134
1.683,-46.1109245760468,-47.7471449087935,-46.1171053334481,-46.0824497117613,-47.7182532983069,-46.1562526955596
1.68333333333333,-46.1481647217457,-47.7876981369504,-46.1542124368684,-46.1196395234057,-47.7589056468856,-46.1934096400358
1.68366666666667,-46.1853306514679,-47.8281728411429,-46.1912451293375,-46.1567550580672,-47.7994797704685,-46.2304914851122
1.684,-46.2224223844591,-47.8685690694516,-46.2282034397608,-46.1937963359419,-47.8399757104094,-46.2674982688069
1.68433333333333,-46.259439943547,-47.908886873431,-46.2650874004356,-46.2307633808104,-47.8803935116168,-46.3044300324126
1.68466666666667,-46.2963833550643,-47.9491263080266,-46.3018970469769,-46.2676562199608,-47.9207332224712,-46.3412868204245
1.685,-46.3332526487735,-47.9892874314939,-46.3386324182453,-46.3044748841126,-47.9609948947428,-46.3780686804687
1.68533333333333,-46.3700478577926,-48.0293703053183,-46.3752935562761,-46.3412194073417,-48.0011785835111,-46.4147756632331
1.68566666666667,-46.4067690185223,-48.0693749941379,-46.4118805062095,-46.377889827008,-48.0412843470871,-46.4514078223985
1.686,-46.4434161705749,-48.1093015656665,-46.4483933162223,-46.414486183683,-48.0813122469357,-46.4879652145718
1.68633333333333,-46.4799893567037,-48.1491500906191,-46.4848320374605,-46.4510085210791,-48.1212623476003,-46.5244478992202
1.68666666666667,-46.5164886227344,-48.1889206426389,-46.521196723974,-46.487456885981,-48.1611347166292,-46.5608559386064
1.687,-46.552914017498,-48.228613298225,-46.5574874326514,-46.5238313281773,-48.2009294245034,-46.5971893977254
1.68733333333333,-46.5892655927634,-48.2682281366625,-46.5937042231567,-46.560131900394,-48.2406465445647,-46.633448344242
1.68766666666667,-46.6255434031735,-48.3077652399534,-46.6298471578671,-46.5963586582289,-48.2802861529473,-46.6696328484301
1.688,-46.6617475061805,-48.3472246927497,-46.6659163018119,-46.6325116600876,-48.3198483285092,-46.7057429831126
1.68833333333333,-46.6978779619833,-48.3866065822863,-46.7019117226122,-46.6685909671201,-48.3593331527652,-46.7417788236027
1.68866666666667,-46.7339348334662,-48.4259109983174,-46.7378334904225,-46.7045966431594,-48.3987407098221,-46.7777404476463
1.689,-46.7699181861383,-48.4651380330524,-46.7736816778725,-46.7405287546602,-48.4380710863142,-46.8136279353651
1.68933333333333,-46.8058280880741,-48.5042877810938,-46.8094563600103,-46.7763873706399,-48.4773243713408,-46.8494413692016
1.68966666666667,-46.8416646098553,-48.5433603393769,-46.8451576142474,-46.8121725626198,-48.5165006564044,-46.8851808338643
1.69,-46.8774278245138,-48.5823558071098,-46.8807855203033,-46.8478844045677,-48.555600035351,-46.9208464162742
1.69033333333333,-46.9131178074754,-48.6212742857148,-46.9163401601524,-46.8835229728413,-48.5946226043103,-46.9564382055125
1.69066666666667,-46.9487346365049,-48.6601158787722,-46.951821617971,-46.9190883461338,-48.6335684616387,-46.9919562927694
1.691,-46.9842783916521,-48.6988806919631,-46.9872299800862,-46.9545806054185,-48.6724377078621,-47.0274007712931
1.69133333333333,-47.0197491551984,-48.7375688330153,-47.0225653349245,-46.9899998338966,-48.7112304456205,-47.0627717363405
1.69166666666667,-47.0551470116053,-48.7761804116494,-47.0578277729629,-47.0253461169441,-48.7499467796135,-47.098069285129
1.692,-47.0904720474628,-48.8147155395264,-47.0930173866795,-47.0606195420612,-48.7885868165475,-47.1332935167882
1.69233333333333,-47.1257243514396,-48.8531743301955,-47.1281342705058,-47.0958201988216,-48.8271506650829,-47.1684445323134
1.69266666666667,-47.1609040142337,-48.8915568990444,-47.1631785207797,-47.1309481788231,-48.8656384357832,-47.2035224345201
1.693,-47.1960111285243,-48.9298633632494,-47.1981502356995,-47.1660035756395,-48.9040502410651,-47.2385273279981
1.69333333333333,-47.2310457889241,-48.9680938417271,-47.2330495152786,-47.2009864847727,-48.9423861951491,-47.2734593190684
1.69366666666667,-47.2660080919332,-49.006248455087,-47.267876461301,-47.2358970036064,-48.9806464140116,-47.308318515739
1.694,-47.3008981358931,-49.0443273255849,-47.3026311772779,-47.2707352313598,-49.0188310153375,-47.343105027663
1.69433333333333,-47.335716020942,-49.0823305770775,-47.3373137684048,-47.3055012690433,-49.0569401184747,-47.3778189660963
1.69466666666667,-47.3704618489711,-49.1202583349781,-47.3719243415197,-47.3401952194141,-49.094973844388,-47.4124604438574
1.695,-47.405135723581,-49.1581107262121,-47.4064630050617,-47.3748171869328,-49.1329323156156,-47.4470295752869
1.69533333333333,-47.4397377500397,-49.1958878791756,-47.4409298690311,-47.4093672777215,-49.1708156562252,-47.4815264762079
1.69566666666667,-47.474268035241,-49.2335899236921,-47.4753250449492,-47.4438455995217,-49.2086239917716,-47.5159512638879
1.696,-47.5087266876639,-49.2712169909725,-47.5096486458198,-47.4782522616534,-49.2463574492554,-47.5503040570007
1.69633333333333,-47.5431138173319,-49.3087692135746,-47.5439007860909,-47.5125873749755,-49.2840161570815,-47.584584975589
1.69666666666667,-47.577429535775,-49.3462467253637,-47.5780815816174,-47.5468510518462,-49.32160024502,-47.6187941410285
1.697,-47.6116739559899,-49.3836496614742,-47.6121911496242,-47.5810434060842,-49.3591098441663,-47.6529316759914
1.69733333333333,-47.645847192403,-49.4209781582718,-47.6462296086704,-47.6151645529313,-49.3965450869033,-47.6869977044122
1.69766666666667,-47.6799493608331,-49.4582323533166,-47.6801970786138,-47.649214609015,-49.4339061068634,-47.7209923514526
1.698,-47.7139805784551,-49.495412385327,-47.7140936805762,-47.683193692312,-49.4711930388921,-47.7549157434681
1.69833333333333,-47.747940963764,-49.5325183941443,-47.7479195369095,-47.7171019221128,-49.5084060190116,-47.7887680079747
1.69866666666667,-47.7818306365405,-49.5695505206977,-47.7816747711623,-47.7509394189861,-49.5455451843859,-47.8225492736168
1.699,-47.8156497178158,-49.6065089069705,-47.815359508047,-47.7847063047451,-49.5826106732859,-47.8562596701351
1.69933333333333,-47.8493983298388,-49.6433936959671,-47.848973873408,-47.818402702413,-49.6196026250555,-47.889899328335
1.69966666666667,-47.8830765960422,-49.68020503168,-47.8825179941899,-47.8520287361905,-49.6565211800787,-47.923468380057
1.7,-47.9166846410107,-49.7169430590583,-47.9159919984066,-47.8855845314231,-49.693366479747,-47.9569669581456
1.70033333333333,-47.9502225904488,-49.753607923976,-47.9493960151113,-47.9190702145692,-49.7301386664273,-47.9903951964204
1.70066666666667,-47.9836905711495,-49.7901997732018,-47.9827301743663,-47.9524859131687,-49.7668378834312,-48.0237532296472
1.701,-48.0170887109641,-49.8267187543691,-48.0159946072141,-47.985831755813,-49.8034642749842,-48.0570411935093
1.70133333333333,-48.0504171387716,-49.8631650159464,-48.0491894456488,-48.019107872114,-49.8400179861956,-48.0902592245802
1.70166666666667,-48.0836759844497,-49.8995387072088,-48.0823148225879,-48.0523143926753,-49.8764991630297,-48.123407460296
1.702,-48.1168653788457,-49.9358399782101,-48.1153708718448,-48.0854514490631,-49.9129079522768,-48.1564860389289
1.70233333333333,-48.1499854537477,-49.9720689797547,-48.1483577281018,-48.1185191737776,-49.949244501525,-48.1894950995606
1.70266666666667,-48.1830363418576,-50.0082258633712,-48.1812755268837,-48.1515177002256,-49.985508959133,-48.2224347820573
1.703,-48.2160181767632,-50.0443107812858,-48.2141244045316,-48.1844471626928,-50.0217014742031,-48.2553052270437
1.70333333333333,-48.2489310929114,-50.0803238863963,-48.2469044981776,-48.2173076963171,-50.0578221965546,-48.2881065758788
1.70366666666667,-48.2817752255824,-50.1162653322472,-48.2796159457199,-48.2500994370625,-50.0938712766982,-48.3208389706316
1.704,-48.3145507108633,-50.1521352730044,-48.3122588857977,-48.2828225216934,-50.1298488658104,-48.3535025540573
1.70433333333333,-48.3472576856236,-50.1879338634316,-48.3448334577681,-48.3154770877491,-50.1657551157092,-48.3860974695737
1.70466666666667,-48.3798962874897,-50.2236612588659,-48.3773398016817,-48.3480632735189,-50.2015901788294,-48.4186238612389
1.705,-48.4124666548209,-50.2593176151954,-48.4097780582599,-48.3805812180186,-50.237354208199,-48.4510818737287
1.70533333333333,-48.4449689266855,-50.2949030888353,-48.442148368872,-48.4130310609657,-50.273047357416,-48.4834716523142
1.70566666666667,-48.4774032428376,-50.330417836707,-48.4744508755132,-48.4454129427565,-50.3086697806256,-48.515793342841
1.706,-48.509769743694,-50.3658620162151,-48.5066857207827,-48.4777270044433,-50.3442216324979,-48.5480470917075
1.70633333333333,-48.5420685703116,-50.4012357852268,-48.5388530478621,-48.5099733877118,-50.3797030682059,-48.5802330458447
1.70666666666667,-48.5742998643656,-50.436539302051,-48.5709530004948,-48.5421522348591,-50.4151142434045,-48.6123513526955
1.707,-48.6064637681278,-50.4717727254172,-48.602985722965,-48.5742636887718,-50.450455314209,-48.644402160195
1.70733333333333,-48.6385604244452,-50.5069362144565,-48.6349513600783,-48.6063078929054,-50.4857264371753,-48.6763856167508
1.70766666666667,-48.6705899767195,-50.5420299286813,-48.6668500571409,-48.6382849912631,-50.5209277692793,-48.7083018712243
1.708,-48.7025525688864,-50.5770540279662,-48.698681959941,-48.6701951283757,-50.5560594678975,-48.7401510729116
1.70833333333333,-48.7344483453958,-50.6120086725298,-48.7304472147295,-48.7020384492813,-50.5911216907877,-48.7719333715255
1.70866666666667,-48.7662774511924,-50.6468940229156,-48.7621459682016,-48.7338150995061,-50.6261145960703,-48.8036489171768
1.709,-48.798040031696,-50.6817102399748,-48.7937783674781,-48.765525225045,-50.6610383422099,-48.8352978603577
1.70933333333333,-48.8297362327828,-50.7164574848479,-48.8253445600879,-48.7971689723429,-50.6958930879967,-48.8668803519234
1.70966666666667,-48.8613662007673,-50.7511359189483,-48.8568446939504,-48.8287464882762,-50.7306789925299,-48.8983965430761
1.71,-48.8929300823837,-50.7857457039451,-48.8882789173579,-48.8602579201347,-50.7653962151994,-48.9298465853478
1.71033333333333,-48.9244280247684,-50.8202870017466,-48.9196473789593,-48.8917034156038,-50.8000449156697,-48.9612306305842
1.71066666666667,-48.9558601754426,-50.8547599744843,-48.9509502277433,-48.9230831227475,-50.8346252538627,-48.9925488309286
1.711,-48.987226682295,-50.8891647844973,-48.9821876130222,-48.9543971899909,-50.869137389942,-49.023801338807
1.71133333333333,-49.0185276935653,-50.9235015943166,-49.0133596844158,-48.9856457661039,-50.9035814842967,-49.0549883069114
1.71166666666667,-49.0497633578278,-50.95777056665,-49.0444665918363,-49.0168290001845,-50.9379576975263,-49.0861098881863
1.712,-49.0809338239753,-50.9919718643679,-49.0755084854727,-49.0479470416431,-50.9722661904251,-49.1171662358129
1.71233333333333,-49.112039241203,-51.026105650488,-49.106485515776,-49.0790000401865,-51.0065071239675,-49.1481575031952
1.71266666666667,-49.1430797589938,-51.0601720881621,-49.1373978334444,-49.1099881458028,-51.0406806592937,-49.1790838439457
1.713,-49.1740555271024,-51.0941713406616,-49.1682455894091,-49.140911508746,-51.074786957695,-49.2099454118717
1.71333333333333,-49.2049666955408,-51.1281035713644,-49.1990289348202,-49.1717702795214,-51.1088261806005,-49.2407423609618
1.71366666666667,-49.2358134145639,-51.1619689437415,-49.2297480210327,-49.2025646088711,-51.1427984895629,-49.2714748453723
1.714,-49.2665958346552,-51.1957676213441,-49.2604029995934,-49.2332946477598,-51.1767040462458,-49.3021430194144
1.71433333333333,-49.2973141065123,-51.2294997677911,-49.2909940222271,-49.2639605473606,-51.21054301241,-49.3327470375417
1.71466666666667,-49.3279683810342,-51.2631655467568,-49.3215212408243,-49.294562459042,-51.2443155499013,-49.3632870543372
1.715,-49.3585588093071,-51.2967651219585,-49.351984807428,-49.325100534354,-51.278021820638,-49.3937632245017
1.71533333333333,-49.3890855425914,-51.3302986571449,-49.3823848742212,-49.3555749250151,-51.3116619865983,-49.4241757028411
1.71566666666667,-49.4195487323094,-51.3637663160849,-49.4127215935153,-49.3859857828997,-51.3452362098087,-49.4545246442556
1.716,-49.4499485300317,-51.3971682625556,-49.4429951177373,-49.4163332600252,-51.3787446523326,-49.4848102037271
1.71633333333333,-49.4802850874658,-51.4305046603319,-49.4732055994188,-49.4466175085402,-51.4121874762582,-49.5150325363091
1.71666666666667,-49.5105585564435,-51.4637756731753,-49.5033531911843,-49.476838680712,-51.4455648436881,-49.5451917971148
1.717,-49.5407690889091,-51.4969814648237,-49.53343804574,-49.5069969289149,-51.4788769167279,-49.5752881413067
1.71733333333333,-49.570916836908,-51.5301221989809,-49.5634603158624,-49.5370924056186,-51.5121238574757,-49.6053217240863
1.71766666666667,-49.6010019525749,-51.5631980393065,-49.5934201543883,-49.5671252633774,-51.5453058280119,-49.6352927006831
1.718,-49.6310245881233,-51.5962091494064,-49.6233177142036,-49.5970956548181,-51.5784229903885,-49.6652012263452
1.71833333333333,-49.6609848958338,-51.6291556928225,-49.6531531482335,-49.6270037326302,-51.6114755066197,-49.6950474563289
1.71866666666667,-49.6908830280442,-51.6620378330241,-49.6829266094316,-49.6568496495544,-51.6444635386718,-49.7248315458891
1.719,-49.7207191371386,-51.6948557333984,-49.7126382507711,-49.6866335583729,-51.6773872484541,-49.7545536502701
1.71933333333333,-49.750493375537,-51.7276095572412,-49.7422882252341,-49.7163556118988,-51.710246797809,-49.7842139246958
1.71966666666667,-49.7802058956859,-51.7602994677487,-49.7718766858025,-49.7460159629659,-51.7430423485033,-49.8138125243613
1.72,-49.8098568500478,-51.7929256280086,-49.801403785449,-49.7756147644195,-51.7757740622194,-49.8433496044233
1.72033333333333,-49.8394463910918,-51.8254882009918,-49.8308696771276,-49.8051521691066,-51.8084421005465,-49.8728253199917
1.72066666666667,-49.8689746712846,-51.8579873495446,-49.8602745137648,-49.8346283298664,-51.8410466249719,-49.9022398261214
1.721,-49.8984418430807,-51.89042323638,-49.8896184482509,-49.8640433995212,-51.8735877968733,-49.9315932778033
1.72133333333333,-49.9278480589136,-51.9227960240705,-49.9189016334315,-49.8933975308673,-51.90606577751,-49.9608858299567
1.72166666666667,-49.957193471187,-51.9551058750405,-49.9481242220993,-49.9226908766667,-51.9384807280156,-49.9901176374212
1.722,-49.9864782322663,-51.9873529515586,-49.9772863669855,-49.951923589638,-51.97083280939,-50.0192888549486
1.72233333333333,-50.0157024944698,-52.0195374157306,-50.0063882207523,-49.9810958224481,-52.0031221824919,-50.0483996371956
1.72266666666667,-50.0448664100607,-52.0516594294921,-50.0354299359848,-50.0102077277042,-52.0353490080313,-50.0774501387163
1.723,-50.0739701312389,-52.0837191546022,-50.0644116651833,-50.0392594579455,-52.0675134465627,-50.1064405139548
1.72333333333333,-50.103013810133,-52.115716752636,-50.0933335607562,-50.0682511656352,-52.0996156584777,-50.135370917238
1.72366666666667,-50.1319975987927,-52.1476523849788,-50.1221957750122,-50.0971830031534,-52.1316558039984,-50.1642415027688
1.724,-50.1609216491812,-52.1795262128193,-50.1509984601534,-50.1260551227889,-52.1636340431707,-50.1930524246192
1.72433333333333,-50.1897861131677,-52.2113383971433,-50.1797417682683,-50.1548676767321,-52.1955505358574,-50.2218038367235
1.72466666666667,-50.2185911425201,-52.2430890987277,-50.2084258513248,-50.1836208170679,-52.2274054417324,-50.2504958928721
1.725,-50.247336888898,-52.2747784781346,-50.2370508611639,-50.2123146957684,-52.2591989202743,-50.2791287467046
1.72533333333333,-50.2760235038456,-52.3064066957057,-50.2656169494924,-50.2409494646861,-52.29093113076,-50.3077025517043
1.72566666666667,-50.3046511387853,-52.337973911556,-50.2941242678774,-50.2695252755473,-52.3226022322592,-50.3362174611913
1.726,-50.3332199450105,-52.3694802855691,-50.3225729677393,-50.2980422799454,-52.3542123836285,-50.3646736283171
1.72633333333333,-50.3617300736796,-52.4009259773912,-50.3509632003461,-50.3265006293342,-52.3857617435056,-50.3930712060588
1.72666666666667,-50.3901816758094,-52.4323111464263,-50.3792951168074,-50.3549004750222,-52.4172504703042,-50.4214103472131
1.727,-50.4185749022689,-52.4636359518309,-50.4075688680683,-50.3832419681658,-52.4486787222084,-50.4496912043908
1.72733333333333,-50.4469099037732,-52.4949005525089,-50.4357846049039,-50.4115252597635,-52.4800466571674,-50.4779139300117
1.72766666666667,-50.4751868308778,-52.5261051071071,-50.4639424779138,-50.4397505006504,-52.5113544328906,-50.506078676299
1.728,-50.5034058339728,-52.5572497740103,-50.4920426375165,-50.467917841492,-52.5426022068426,-50.5341855952742
1.72833333333333,-50.5315670632768,-52.5883347113367,-50.5200852339439,-50.4960274327785,-52.5737901362383,-50.5622348387522
1.72866666666667,-50.5596706688317,-52.6193600769332,-50.5480704172364,-50.5240794248197,-52.6049183780383,-50.590226558336
1.729,-50.5877168004974,-52.6503260283719,-50.5759983372379,-50.5520739677395,-52.6359870889443,-50.6181609054125
1.72933333333333,-50.6157056079465,-52.6812327229446,-50.6038691435905,-50.5800112114705,-52.6669964253946,-50.6460380311472
1.72966666666667,-50.6436372406586,-52.7120803176598,-50.6316829857297,-50.6078913057491,-52.6979465435597,-50.6738580864799
1.73,-50.6715118479163,-52.7428689692382,-50.6594400128802,-50.6357144001105,-52.7288375993381,-50.7016212221205
1.73033333333333,-50.6993295787991,-52.7735988341087,-50.6871403740504,-50.6634806438836,-52.7596697483526,-50.7293275885439
1.73066666666667,-50.7270905821797,-52.8042700684048,-50.7147842180287,-50.6911901861865,-52.7904431459454,-50.7569773359865
1.731,-50.7547950067184,-52.8348828279612,-50.7423716933787,-50.7188431759217,-52.821157947175,-50.7845706144417
1.73133333333333,-50.7824430008591,-52.8654372683094,-50.7699029484348,-50.7464397617716,-52.8518143068122,-50.812107573656
1.73166666666667,-50.8100347128247,-52.895933544675,-50.7973781312986,-50.7739800921942,-52.8824123793361,-50.8395883631247
1.732,-50.8375702906127,-52.9263718119741,-50.8247973898341,-50.8014643154185,-52.912952318931,-50.8670131320886
1.73233333333333,-50.8650498819908,-52.9567522248098,-50.852160871664,-50.8288925794407,-52.9434342794825,-50.8943820295298
1.73266666666667,-50.8924736344931,-52.9870749374693,-50.8794687241662,-50.8562650320196,-52.9738584145742,-50.9216952041684
1.733,-50.9198416954158,-53.0173401039207,-50.9067210944695,-50.8835818206732,-53.0042248774847,-50.9489528044587
1.73333333333333,-50.9471542118134,-53.0475478778097,-50.9339181294499,-50.9108430926742,-53.034533821184,-50.9761549785857
1.73366666666667,-50.9744113304947,-53.0776984124573,-50.9610599757276,-50.9380489950464,-53.0647853983307,-51.0033018744621
1.734,-51.0016131980191,-53.1077918608565,-50.9881467796627,-50.9651996745613,-53.0949797612689,-51.0303936397246
1.73433333333333,-51.0287599606932,-53.1378283756697,-51.0151786873524,-50.9922952777341,-53.125117062025,-51.0574304217308
1.73466666666667,-51.0558517645667,-53.1678081092259,-51.0421558446275,-51.0193359508202,-53.1551974523051,-51.0844123675563
1.735,-51.0828887554295,-53.1977312135186,-51.0690783970489,-51.0463218398121,-53.1852210834926,-51.1113396239916
1.73533333333333,-51.109871078808,-53.2275978402026,-51.0959464899049,-51.0732530904356,-53.2151881066448,-51.1382123375387
1.73566666666667,-51.1367988799619,-53.2574081405922,-51.1227602682079,-51.1001298481469,-53.2450986724906,-51.1650306544092
1.736,-51.163672303881,-53.2871622656587,-51.1495198766911,-51.1269522581294,-53.2749529314284,-51.1917947205204
1.73633333333333,-51.1904914952819,-53.3168603660278,-51.1762254598064,-51.1537204652904,-53.304751033523,-51.2185046814934
1.73666666666667,-51.2172565986054,-53.3465025919778,-51.2028771617206,-51.1804346142581,-53.3344931285038,-51.2451606826501
1.737,-51.2439677580131,-53.3760890934375,-51.2294751263135,-51.2070948493791,-53.3641793657621,-51.271762869011
1.73733333333333,-51.2706251173847,-53.4056200199838,-51.2560194971747,-51.2337013147151,-53.3938098943492,-51.2983113852923
1.73766666666667,-51.2972288203151,-53.4350955208403,-51.2825104176013,-51.2602541540402,-53.4233848629739,-51.3248063759033
1.738,-51.323779010112,-53.4645157448747,-51.308948030595,-51.2867535108386,-53.4529044200011,-51.3512479849451
1.73833333333333,-51.350275829793,-53.4938808405976,-51.3353324788601,-51.3131995283015,-53.4823687134489,-51.3776363562071
1.73866666666667,-51.3767194220828,-53.5231909561604,-51.3616639048009,-51.3395923493247,-53.5117778909875,-51.4039716331657
1.739,-51.4031099294113,-53.5524462393536,-51.3879424505194,-51.3659321165065,-53.541132099937,-51.4302539589816
1.73933333333333,-51.4294474939107,-53.5816468376052,-51.4141682578129,-51.3922189721447,-53.5704314872653,-51.456483476498
1.73966666666667,-51.4557322574131,-53.6107928979794,-51.4403414681722,-51.4184530582348,-53.599676199587,-51.4826603282387
1.74,-51.4819643614489,-53.6398845671746,-51.4664622227791,-51.4446345164674,-53.6288663831612,-51.5087846564058
1.74033333333333,-51.5081439472435,-53.6689219915222,-51.4925306625048,-51.4707634882264,-53.6580021838903,-51.5348566028781
1.74066666666667,-51.5342711557161,-53.6979053169854,-51.5185469279072,-51.4968401145863,-53.687083747318,-51.5608763092093
1.741,-51.5603461274771,-53.7268346891573,-51.5445111592298,-51.5228645363107,-53.7161112186283,-51.5868439166259
1.74133333333333,-51.5863690028264,-53.7557102532603,-51.5704234963993,-51.54883689385,-53.7450847426438,-51.612759566026
1.74166666666667,-51.612339921751,-53.7845321541444,-51.596284079024,-51.5747573273397,-53.7740044638242,-51.6386233979774
1.742,-51.6382590239236,-53.8133005362861,-51.6220930463921,-51.6006259765982,-53.8028705262655,-51.664435552716
1.74233333333333,-51.6641264487004,-53.8420155437873,-51.6478505374696,-51.6264429811252,-53.8316830736982,-51.690196170144
1.74266666666667,-51.6899423351193,-53.8706773203746,-51.6735566908994,-51.6522084801001,-53.8604422494861,-51.7159053898292
1.743,-51.7157068218988,-53.8992860093975,-51.6992116449992,-51.67792261238,-53.8891481966258,-51.7415633510028
1.74333333333333,-51.7414200474354,-53.9278417538283,-51.72481553776,-51.7035855164982,-53.9178010577449,-51.7671701925583
1.74366666666667,-51.7670821498025,-53.9563446962603,-51.7503685068448,-51.7291973306626,-53.946400975101,-51.7927260530504
1.744,-51.7926932667491,-53.9847949789078,-51.7758706895872,-51.7547581927545,-53.9749480905811,-51.8182310706933
1.74433333333333,-51.8182535356976,-54.0131927436046,-51.8013222229899,-51.7802682403264,-54.0034425457006,-51.8436853833598
1.74466666666667,-51.8437630937432,-54.0415381318035,-51.8267232437233,-51.8057276106012,-54.0318844816018,-51.8690891285802
1.745,-51.8692220776516,-54.0698312845758,-51.8520738881248,-51.8311364404707,-54.0602740390538,-51.8944424435408
1.74533333333333,-51.8946306238584,-54.0980723426099,-51.8773742921968,-51.8564948664941,-54.0886113584511,-51.9197454650831
1.74566666666667,-51.9199888684675,-54.1262614462113,-51.9026245916059,-51.881803024897,-54.1168965798133,-51.9449983297026
1.746,-51.9452969472498,-54.154398735302,-51.9278249216821,-51.90706105157,-54.1451298427841,-51.9702011735482
1.74633333333333,-51.970554995642,-54.1824843494193,-51.9529754174172,-51.9322690820674,-54.1733112866305,-51.9953541324207
1.74666666666667,-51.9957631487457,-54.2105184277158,-51.9780762134638,-51.9574272516064,-54.2014410502424,-52.0204573417721
1.747,-52.020921541326,-54.2385011089591,-52.0031274441349,-51.982535695066,-54.229519272132,-52.0455109367051
1.74733333333333,-52.0460303078106,-54.2664325315306,-52.028129243402,-52.0075945469854,-54.2575460904329,-52.0705150519718
1.74766666666667,-52.0710895822887,-54.2943128334258,-52.0530817448954,-52.0326039415639,-54.2855216429,-52.095469821973
1.748,-52.0960994985102,-54.3221421522536,-52.0779850819021,-52.0575640126592,-54.313446066909,-52.1203753807578
1.74833333333333,-52.1210601898844,-54.3499206252359,-52.1028393873658,-52.0824748937869,-54.3413194994554,-52.1452318620224
1.74866666666667,-52.1459717894796,-54.3776483892076,-52.1276447938859,-52.1073367181195,-54.3691420771547,-52.17003939911
1.749,-52.1708344300219,-54.4053255806159,-52.1524014337168,-52.1321496184856,-54.3969139362418,-52.1947981250096
1.74933333333333,-52.1956482438944,-54.4329523355204,-52.1771094387668,-52.1569137273691,-54.4246352125706,-52.2195081723559
1.74966666666667,-52.2204133631368,-54.4605287895928,-52.201768940598,-52.1816291769086,-54.4523060416138,-52.2441696734283
1.75,-52.2451299194442,-54.4880550781168,-52.2263800704256,-52.2062960988964,-54.4799265584625,-52.2687827601509
1.75033333333333,-52.2697980441667,-54.5155313359877,-52.2509429591167,-52.2309146247781,-54.5074968978261,-52.2933475640914
1.75066666666667,-52.2944178683084,-54.5429576977126,-52.2754577371906,-52.2554848856517,-54.5350171940319,-52.3178642164612
1.751,-52.3189895225276,-54.5703342974103,-52.2999245348175,-52.2800070122676,-54.5624875810254,-52.3423328481148
1.75133333333333,-52.3435131371352,-54.5976612688107,-52.3243434818187,-52.3044811350271,-54.5899081923693,-52.3667535895493
1.75166666666667,-52.3679888420946,-54.6249387452558,-52.3487147076656,-52.3289073839828,-54.6172791612443,-52.391126570904
1.752,-52.3924167670217,-54.6521668596987,-52.3730383414794,-52.3532858888374,-54.6446006204485,-52.4154519219604
1.75233333333333,-52.4167970411833,-54.6793457447042,-52.3973145120311,-52.3776167789439,-54.6718727023974,-52.4397297721416
1.75266666666667,-52.4411297934977,-54.7064755324488,-52.4215433477404,-52.4019001833044,-54.6990955391239,-52.4639602505123
1.753,-52.4654151525337,-54.7335563547208,-52.4457249766763,-52.4261362305705,-54.7262692622784,-52.4881434857782
1.75333333333333,-52.4896532465104,-54.7605883429199,-52.4698595265557,-52.4503250490424,-54.7533940031287,-52.5122796062862
1.75366666666667,-52.5138442032969,-54.7875716280583,-52.4939471247443,-52.4744667666687,-54.7804698925602,-52.536368740024
1.754,-52.537988150412,-54.8145063407601,-52.5179878982555,-52.4985615110462,-54.8074970610757,-52.56041101462
1.75433333333333,-52.5620852150235,-54.8413926112616,-52.5419819737503,-52.5226094094197,-54.834475638796,-52.584406557343
1.75466666666667,-52.5861355239486,-54.8682305694119,-52.5659294775376,-52.5466105886815,-54.8614057554593,-52.6083554951026
1.755,-52.6101392036533,-54.8950203446728,-52.5898305355737,-52.5705651753712,-54.8882875404222,-52.6322579544486
1.75533333333333,-52.6340963802519,-54.9217620661191,-52.6136852734618,-52.5944732956758,-54.9151211226592,-52.6561140615713
1.75566666666667,-52.6580071795076,-54.9484558624388,-52.6374938164527,-52.6183350754294,-54.9419066307631,-52.679923942301
1.756,-52.6818717268315,-54.9751018619338,-52.6612562894441,-52.642150640113,-54.9686441929456,-52.703687722109
1.75633333333333,-52.7056901472833,-55.0017001925197,-52.6849728169809,-52.6659201148543,-54.9953339370368,-52.7274055261063
1.75666666666667,-52.7294625655703,-55.0282509817265,-52.7086435232547,-52.6896436244279,-55.0219759904862,-52.7510774790447
1.757,-52.7531891060482,-55.054754356699,-52.7322685321043,-52.7133212932552,-55.0485704803626,-52.7747037053167
1.75733333333333,-52.7768698927205,-55.0812104441967,-52.7558479670157,-52.736953245404,-55.0751175333545,-52.798284328955
1.75766666666667,-52.8005050492386,-55.107619370595,-52.7793819511215,-52.760539604589,-55.1016172757704,-52.8218194736332
1.758,-52.824094698902,-55.1339812618846,-52.8028706072018,-52.7840804941715,-55.1280698335391,-52.8453092626658
1.75833333333333,-52.8476389646578,-55.160296243673,-52.8263140576838,-52.8075760371595,-55.1544753322102,-52.8687538190085
1.75866666666667,-52.8711379691015,-55.1865644411843,-52.8497124246418,-52.8310263562079,-55.1808338969545,-52.8921532652578
1.759,-52.8945918344765,-55.2127859792598,-52.8730658297978,-52.8544315736182,-55.2071456525643,-52.9155077236521
1.75933333333333,-52.9180006826743,-55.2389609823585,-52.8963743945211,-52.8777918113393,-55.2334107234538,-52.9388173160711
1.75966666666667,-52.9413646352348,-55.2650895745578,-52.919638239829,-52.9011071909667,-55.2596292336596,-52.9620821640365
1.76,-52.9646838133462,-55.2911718795538,-52.9428574863866,-52.9243778337438,-55.2858013068412,-52.9853023887121
1.76033333333333,-52.9879583378452,-55.3172080206619,-52.966032254507,-52.9476038605608,-55.3119270662814,-53.0084781109043
1.76066666666667,-53.0111883292176,-55.3431981208173,-52.9891626641519,-52.9707853919557,-55.3380066348869,-53.031609451062
1.761,-53.0343739075976,-55.3691423025759,-53.0122488349314,-52.9939225481147,-55.3640401351888,-53.0546965292774
1.76133333333333,-53.0575151927689,-55.3950406881144,-53.0352908861045,-53.0170154488715,-55.3900276893427,-53.0777394652856
1.76166666666667,-53.0806123041643,-55.4208933992311,-53.0582889365794,-53.0400642137084,-55.41596941913,-53.100738378466
1.762,-53.1036653608665,-55.4467005573468,-53.0812431049136,-53.0630689617563,-55.441865445958,-53.1236933878416
1.76233333333333,-53.1266744816079,-55.4724622835049,-53.1041535093143,-53.0860298117947,-55.4677158908602,-53.1466046120801
1.76266666666667,-53.1496397847711,-55.4981786983726,-53.1270202676391,-53.1089468822523,-55.4935208744975,-53.169472169494
1.763,-53.172561388389,-55.5238499222411,-53.1498434973956,-53.1318202912076,-55.5192805171586,-53.192296178041
1.76333333333333,-53.1954394101456,-55.5494760750264,-53.1726233157425,-53.1546501563884,-55.5449949387602,-53.2150767553247
1.76366666666667,-53.2182739673758,-55.5750572762701,-53.1953598394893,-53.1774365951728,-55.5706642588481,-53.2378140185947
1.764,-53.241065177066,-55.6005936451402,-53.2180531850975,-53.2001797245897,-55.5962885965976,-53.260508084747
1.76433333333333,-53.2638131558545,-55.6260853004314,-53.2407034686801,-53.2228796613185,-55.6218680708144,-53.283159070325
1.76466666666667,-53.2865180200317,-55.651532360566,-53.2633108060027,-53.2455365216899,-55.6474027999349,-53.3057670915194
1.765,-53.3091798855406,-55.6769349435948,-53.2858753124837,-53.2681504216865,-55.672892902027,-53.3283322641691
1.76533333333333,-53.3317988679774,-55.7022931671978,-53.3083971031947,-53.2907214769429,-55.698338494791,-53.3508547037613
1.76566666666667,-53.3543750825915,-55.7276071486846,-53.330876292861,-53.3132498027463,-55.7237396955602,-53.3733345254326
1.766,-53.3769086442865,-55.7528770049955,-53.3533129958622,-53.3357355140367,-55.7490966213012,-53.3957718439689
1.76633333333333,-53.3993996676199,-55.7781028527024,-53.3757073262325,-53.3581787254079,-55.7744093886152,-53.4181667738065
1.76666666666667,-53.4218482668045,-55.803284808009,-53.3980593976613,-53.3805795511073,-55.7996781137385,-53.4405194290322
1.767,-53.4442545557081,-55.8284229867522,-53.4203693234937,-53.4029381050371,-55.8249029125431,-53.4628299233842
1.76733333333333,-53.4666186478542,-55.8535175044025,-53.4426372167309,-53.425254500754,-55.8500839005377,-53.4850983702525
1.76766666666667,-53.4889406564228,-55.8785684760651,-53.4648631900311,-53.4475288514707,-55.8752211928682,-53.5073248826796
1.768,-53.5112206942507,-55.9035760164804,-53.4870473557096,-53.4697612700555,-55.9003149043186,-53.5295095733611
1.76833333333333,-53.5334588738317,-55.9285402400251,-53.5091898257398,-53.4919518690333,-55.9253651493117,-53.5516525546461
1.76866666666667,-53.5556553073178,-55.9534612607128,-53.5312907117532,-53.5141007605861,-55.9503720419102,-53.5737539385381
1.769,-53.5778101065195,-55.978339192195,-53.5533501250406,-53.5362080565538,-55.975335695817,-53.5958138366956
1.76933333333333,-53.5999233829059,-56.0031741477619,-53.5753681765523,-53.558273868434,-56.0002562243764,-53.6178323604324
1.76966666666667,-53.6219952476059,-56.0279662403433,-53.5973449768989,-53.5802983073837,-56.0251337405744,-53.6398096207189
1.77,-53.6440258114086,-56.0527155825094,-53.6192806363517,-53.6022814842188,-56.0499683570404,-53.661745728182
1.77033333333333,-53.6660151847638,-56.0774222864716,-53.6411752648435,-53.6242235094156,-56.0747601860471,-53.6836407931065
1.77066666666667,-53.6879634777824,-56.1020864640835,-53.6630289719693,-53.6461244931109,-56.0995093395119,-53.7054949254352
1.771,-53.7098708002377,-56.1267082268417,-53.6848418669866,-53.6679845451025,-56.1242159289973,-53.7273082347699
1.77133333333333,-53.7317372615651,-56.1512876858867,-53.7066140588165,-53.6898037748505,-56.1488800657123,-53.749080830372
1.77166666666667,-53.7535629708635,-56.1758249520039,-53.7283456560439,-53.7115822914772,-56.1735018605128,-53.7708128211632
1.772,-53.7753480368958,-56.2003201356244,-53.7500367669186,-53.7333202037684,-56.1980814239028,-53.7925043157263
1.77233333333333,-53.797092568089,-56.2247733468259,-53.7716874993557,-53.7550176201734,-56.2226188660347,-53.8141554223058
1.77266666666667,-53.8187966725356,-56.2491846953336,-53.7932979609362,-53.7766746488063,-56.247114296711,-53.8357662488088
1.773,-53.8404604579938,-56.2735542905211,-53.8148682589081,-53.7982913974463,-56.2715678253844,-53.8573369028054
1.77333333333333,-53.8620840318883,-56.2978822414114,-53.8363985001866,-53.8198679735383,-56.2959795611591,-53.8788674915298
1.77366666666667,-53.8836675013111,-56.3221686566779,-53.8578887913553,-53.8414044841941,-56.3203496127916,-53.9003581218809
1.774,-53.905210973022,-56.3464136446451,-53.8793392386663,-53.8629010361926,-56.3446780886917,-53.9218089004231
1.77433333333333,-53.9267145534493,-56.3706173132897,-53.9007499480417,-53.8843577359807,-56.3689650969231,-53.9432199333869
1.77466666666667,-53.9481783486908,-56.3947797702414,-53.9221210250735,-53.9057746896739,-56.3932107452047,-53.9645913266699
1.775,-53.9696024645142,-56.4189011227841,-53.9434525750251,-53.9271520030574,-56.4174151409112,-53.9859231858374
1.77533333333333,-53.990987006358,-56.4429814778566,-53.9647447028315,-53.9484897815863,-56.4415783910739,-54.0072156161233
1.77566666666667,-54.012332079332,-56.4670209420536,-53.9859975131001,-53.9697881303867,-56.4657006023823,-54.0284687224309
1.776,-54.0336377882184,-56.4910196216269,-54.0072111101117,-53.9910471542563,-56.4897818811842,-54.0496826093333
1.77633333333333,-54.0549042374721,-56.5149776224858,-54.0283855978213,-54.0122669576652,-56.5138223334871,-54.070857381075
1.77666666666667,-54.076131531222,-56.5388950501988,-54.0495210798583,-54.0334476447567,-56.5378220649589,-54.0919931415718
1.777,-54.097319773271,-56.5627720099939,-54.0706176595281,-54.054589319348,-56.5617811809292,-54.1130899944123
1.77733333333333,-54.1184690670975,-56.58660860676,-54.0916754398122,-54.0756920849308,-56.5856997863898,-54.1341480428583
1.77766666666667,-54.1395795158559,-56.6104049450478,-54.1126945233691,-54.0967560446723,-56.6095779859957,-54.1551673898458
1.778,-54.160651222377,-56.6341611290705,-54.1336750125354,-54.1177813014162,-56.6334158840665,-54.1761481379859
1.77833333333333,-54.1816842891696,-56.6578772627052,-54.1546170093264,-54.1387679576829,-56.6572135845868,-54.1970903895651
1.77866666666667,-54.2026788184202,-56.6815534494934,-54.1755206154369,-54.1597161156706,-56.6809711912074,-54.2179942465471
1.779,-54.2236349119947,-56.7051897926426,-54.1963859322417,-54.1806258772562,-56.7046888072463,-54.2388598105726
1.77933333333333,-54.2445526714389,-56.7287863950267,-54.2172130607971,-54.201497343996,-56.7283665356895,-54.2596871829609
1.77966666666667,-54.2654321979792,-56.7523433591873,-54.238002101841,-54.2223306171264,-56.752004479192,-54.2804764647103
1.78,-54.2862735925232,-56.7758607873346,-54.2587531557942,-54.2431257975648,-56.775602740079,-54.3012277564991
1.78033333333333,-54.307076955661,-56.7993387813483,-54.2794663227607,-54.2638829859104,-56.7991614203464,-54.3219411586864
1.78066666666667,-54.3278423876658,-56.8227774427789,-54.3001417025293,-54.2846022824452,-56.8226806216622,-54.3426167713132
1.781,-54.3485699884945,-56.8461768728485,-54.3207793945737,-54.3052837871343,-56.8461604453674,-54.3632546941029
1.78133333333333,-54.3692598577888,-56.8695371724516,-54.3413794980536,-54.3259275996273,-56.8696009924767,-54.3838550264622
1.78166666666667,-54.3899120948758,-56.8928584421565,-54.3619421118155,-54.3465338192588,-56.8930023636797,-54.4044178674823
1.782,-54.410526798769,-56.9161407822061,-54.3824673343937,-54.3671025450494,-56.9163646593418,-54.4249433159394
1.78233333333333,-54.4311040681692,-56.9393842925187,-54.4029552640109,-54.3876338757064,-56.9396879795053,-54.4454314702956
1.78266666666667,-54.4516440014648,-56.9625890726894,-54.4234059985792,-54.4081279096247,-56.9629724238901,-54.4658824287003
1.783,-54.4721466967335,-56.9857552219909,-54.4438196357007,-54.4285847448876,-56.9862180918952,-54.4862962889901
1.78333333333333,-54.4926122517422,-57.0088828393744,-54.4641962726687,-54.4490044792676,-57.0094250825989,-54.5066731486905
1.78366666666667,-54.5130407639485,-57.0319720234709,-54.4845360064683,-54.4693872102274,-57.0325934947606,-54.5270131050166
1.784,-54.5334323305015,-57.0550228725919,-54.5048389337774,-54.4897330349209,-57.0557234268212,-54.5473162548736
1.78433333333333,-54.5537870482423,-57.0780354847306,-54.5251051509674,-54.5100420501933,-57.0788149769043,-54.5675826948583
1.78466666666667,-54.5741050137049,-57.1010099575629,-54.5453347541041,-54.530314352583,-57.1018682428174,-54.5878125212593
1.785,-54.5943863231175,-57.1239463884483,-54.5655278389488,-54.5505500383216,-57.1248833220524,-54.6080058300585
1.78533333333333,-54.6146310724027,-57.146844874431,-54.5856845009587,-54.5707492033351,-57.147860311787,-54.6281627169316
1.78566666666667,-54.634839357179,-57.169705512241,-54.6058048352881,-54.590911943245,-57.1707993088855,-54.6482832772492
1.786,-54.6550112727612,-57.1925283982947,-54.6258889367893,-54.6110383533687,-57.1937004098999,-54.6683676060775
1.78633333333333,-54.6751469141614,-57.2153136286965,-54.6459369000131,-54.6311285287207,-57.2165637110706,-54.6884157981793
1.78666666666667,-54.6952463760898,-57.2380612992394,-54.6659488192102,-54.6511825640131,-57.239389308328,-54.7084279480149
1.787,-54.7153097529558,-57.2607715054062,-54.6859247883316,-54.6712005536571,-57.2621772972929,-54.7284041497431
1.78733333333333,-54.7353371388686,-57.2834443423704,-54.7058649010296,-54.6911825917631,-57.2849277732776,-54.7483444972219
1.78766666666667,-54.7553286276381,-57.3060799049973,-54.7257692506591,-54.7111287721424,-57.3076408312872,-54.7682490840094
1.788,-54.775284312776,-57.328678287845,-54.7456379302776,-54.7310391883072,-57.3303165660201,-54.788118003365
1.78833333333333,-54.7952042874964,-57.3512395851652,-54.7654710326469,-54.7509139334723,-57.3529550718697,-54.8079513482498
1.78866666666667,-54.8150886447169,-57.3737638909046,-54.7852686502336,-54.7707531005552,-57.3755564429245,-54.827749211328
1.789,-54.834937477059,-57.3962512987057,-54.8050308752101,-54.7905567821777,-57.3981207729699,-54.8475116849675
1.78933333333333,-54.8547508768497,-57.4187019019077,-54.8247577994552,-54.8103250706663,-57.4206481554887,-54.867238861241
1.78966666666667,-54.8745289361219,-57.4411157935476,-54.8444495145553,-54.8300580580533,-57.4431386836623,-54.8869308319265
1.79,-54.8942717466154,-57.4634930663614,-54.8641061118053,-54.8497558360775,-57.4655924503716,-54.9065876885089
1.79033333333333,-54.9139793997775,-57.4858338127849,-54.8837276822093,-54.8694184961852,-57.488009548198,-54.9262095221801
1.79066666666667,-54.9336519867644,-57.5081381249547,-54.9033143164814,-54.8890461295313,-57.5103900694245,-54.9457964238406
1.791,-54.9532895984419,-57.5304060947093,-54.9228661050469,-54.9086388269798,-57.5327341060365,-54.9653484841
1.79133333333333,-54.9728923253859,-57.55263781359,-54.9423831380429,-54.9281966791048,-57.5550417497229,-54.9848657932781
1.79166666666667,-54.9924602578837,-57.5748333728421,-54.9618655053194,-54.9477197761915,-57.5773130918773,-55.0043484414055
1.792,-55.0119934859349,-57.5969928634156,-54.98131329644,-54.967208208237,-57.5995482235984,-55.0237965182249
1.79233333333333,-55.0314920992519,-57.6191163759666,-55.0007266006828,-54.9866620649512,-57.6217472356916,-55.0432101131919
1.79266666666667,-55.0509561872611,-57.641204000858,-55.0201055070414,-55.0060814357579,-57.6439102186698,-55.0625893154757
1.793,-55.0703858391038,-57.6632558281605,-55.0394501042259,-55.0254664097951,-57.6660372627542,-55.0819342139602
1.79333333333333,-55.089781143637,-57.6852719476537,-55.0587604806633,-55.0448170759167,-57.6881284578754,-55.1012448972449
1.79366666666667,-55.109142189434,-57.7072524488272,-55.078036724499,-55.0641335226925,-57.7101838936745,-55.1205214536456
1.794,-55.1284690647859,-57.7291974208816,-55.0972789235973,-55.0834158384101,-57.732203659504,-55.1397639711957
1.79433333333333,-55.147761857702,-57.751106952729,-55.1164871655422,-55.1026641110746,-57.7541878444285,-55.1589725376466
1.79466666666667,-55.1670206559107,-57.7729811329947,-55.1356615376388,-55.1218784284107,-57.7761365372263,-55.1781472404693
1.795,-55.1862455468607,-57.7948200500178,-55.1548021269135,-55.1410588778628,-57.7980498263898,-55.1972881668543
1.79533333333333,-55.2054366177216,-57.8166237918522,-55.1739090201156,-55.1602055465959,-57.8199278001269,-55.2163954037136
1.79566666666667,-55.2245939553849,-57.8383924462677,-55.1929823037174,-55.1793185214969,-57.8417705463615,-55.2354690376808
1.796,-55.2437176464648,-57.860126100751,-55.212022063916,-55.1983978891755,-57.8635781527351,-55.2545091551125
1.79633333333333,-55.2628077772992,-57.8818248425066,-55.2310283866331,-55.2174437359643,-57.8853507066071,-55.2735158420887
1.79666666666667,-55.2818644339507,-57.9034887584577,-55.250001357517,-55.2364561479208,-57.9070882950563,-55.2924891844142
1.797,-55.3008877022069,-57.9251179352476,-55.2689410619428,-55.2554352108275,-57.9287910048817,-55.3114292676194
1.79733333333333,-55.319877667582,-57.9467124592401,-55.2878475850133,-55.274381010193,-57.9504589226032,-55.3303361769609
1.79766666666667,-55.3388344153173,-57.968272416521,-55.3067210115601,-55.2932936312529,-57.9720921344633,-55.3492099974227
1.798,-55.3577580303822,-57.9897978928987,-55.3255614261445,-55.3121731589709,-57.9936907264271,-55.3680508137169
1.79833333333333,-55.376648597475,-58.0112889739053,-55.3443689130582,-55.3310196780393,-58.0152547841839,-55.3868587102849
1.79866666666667,-55.3955062010237,-58.0327457447979,-55.3631435563242,-55.3498332728801,-58.0367843931482,-55.4056337712978
1.799,-55.4143309251872,-58.0541682905589,-55.381885439698,-55.3686140276458,-58.0582796384602,-55.4243760806579
1.79933333333333,-55.4331228538559,-58.0755566958976,-55.4005946466679,-55.3873620262206,-58.0797406049873,-55.4430857219991
1.79966666666667,-55.4518820706526,-58.096911045251,-55.4192712604565,-55.4060773522207,-58.1011673773246,-55.461762778688
1.8,-55.4706086589335,-58.1182314227844,-55.4379153640211,-55.4247600889957,-58.1225600397961,-55.4804073338249
1.80033333333333,-55.489302701789,-58.1395179123929,-55.4565270400548,-55.4434103196291,-58.1439186764557,-55.4990194702443
1.80066666666667,-55.5079642820445,-58.1607705977021,-55.4751063709873,-55.4620281269395,-58.165243371088,-55.5175992705163
1.801,-55.5265934822615,-58.1819895620691,-55.493653438986,-55.4806135934814,-58.1865342072094,-55.5361468169473
1.80133333333333,-55.5451903847382,-58.2031748885833,-55.5121683259564,-55.4991668015457,-58.2077912680687,-55.5546621915804
1.80166666666667,-55.5637550715107,-58.2243266600677,-55.5306511135435,-55.5176878331614,-58.2290146366486,-55.5731454761974
1.802,-55.5822876243535,-58.2454449590795,-55.5491018831323,-55.5361767700955,-58.2502043956663,-55.5915967523183
1.80233333333333,-55.6007881247805,-58.2665298679115,-55.5675207158488,-55.5546336938544,-58.2713606275744,-55.6100161012034
1.80266666666667,-55.6192566540462,-58.2875814685924,-55.5859076925608,-55.5730586856851,-58.2924834145621,-55.6284036038535
1.803,-55.637693293146,-58.3085998428885,-55.604262893879,-55.5914518265752,-58.3135728385559,-55.646759341011
1.80333333333333,-55.6560981228175,-58.3295850723041,-55.6225864001576,-55.6098131972546,-58.3346289812205,-55.6650833931605
1.80366666666667,-55.6744712235412,-58.3505372380824,-55.6408782914953,-55.6281428781958,-58.3556519239603,-55.6833758405303
1.804,-55.6928126755415,-58.3714564212071,-55.6591386477361,-55.6464409496152,-58.3766417479193,-55.7016367630926
1.80433333333333,-55.7111225587871,-58.3923427024027,-55.6773675484702,-55.6647074914734,-58.397598533983,-55.7198662405648
1.80466666666667,-55.7294009529926,-58.4131961621354,-55.6955650730348,-55.6829425834769,-58.4185223627789,-55.7380643524102
1.805,-55.7476479376189,-58.4340168806148,-55.713731300515,-55.7011463050782,-58.4394133146775,-55.756231177839
1.80533333333333,-55.7658635918739,-58.4548049377938,-55.7318663097448,-55.719318735477,-58.4602714697931,-55.7743667958089
1.80566666666667,-55.7840479947139,-58.4755604133704,-55.7499701793077,-55.737459953621,-58.481096907985,-55.7924712850263
1.806,-55.8022012248439,-58.4962833867882,-55.7680429875378,-55.7555700382068,-58.5018897088582,-55.8105447239471
1.80633333333333,-55.8203233607188,-58.5169739372372,-55.7860848125203,-55.7736490676808,-58.5226499517641,-55.8285871907772
1.80666666666667,-55.8384144805443,-58.5376321436552,-55.8040957320928,-55.7916971202397,-58.5433777158022,-55.8465987634739
1.807,-55.8564746622773,-58.5582580847282,-55.8220758238459,-55.8097142738321,-58.5640730798201,-55.8645795197464
1.80733333333333,-55.8745039836274,-58.5788518388918,-55.8400251651239,-55.8277006061584,-58.5847361224149,-55.8825295370569
1.80766666666667,-55.8925025220571,-58.5994134843317,-55.8579438330262,-55.8456561946725,-58.6053669219341,-55.9004488926212
1.808,-55.9104703547833,-58.6199430989851,-55.8758319044073,-55.8635811165823,-58.6259655564765,-55.9183376634098
1.80833333333333,-55.9284075587774,-58.6404407605408,-55.8936894558785,-55.8814754488502,-58.6465321038928,-55.9361959261484
1.80866666666667,-55.9463142107669,-58.6609065464411,-55.9115165638081,-55.8993392681946,-58.667066641787,-55.9540237573194
1.809,-55.9641903872358,-58.681340533882,-55.9293133043228,-55.9171726510904,-58.6875692475168,-55.971821233162
1.80933333333333,-55.9820361644252,-58.7017427998143,-55.9470797533078,-55.9349756737697,-58.7080399981949,-55.9895884296735
1.80966666666667,-55.9998516183351,-58.7221134209449,-55.9648159864085,-55.9527484122231,-58.7284789706896,-56.0073254226102
1.81,-56.017636824724,-58.7424524737367,-55.9825220790306,-55.9704909422001,-58.7488862416261,-56.0250322874878
1.81033333333333,-56.0353918591107,-58.7627600344107,-56.0001981063414,-55.9882033392099,-58.7692618873866,-56.0427090995828
1.81066666666667,-56.0531167967747,-58.783036178946,-56.0178441432705,-56.0058856785228,-58.7896059841123,-56.0603559339329
1.811,-56.070811712757,-58.8032809830813,-56.0354602645104,-56.0235380351705,-58.8099186077032,-56.0779728653382
1.81133333333333,-56.0884766818612,-58.8234945223152,-56.0530465445176,-56.041160483947,-58.8301998338197,-56.0955599683616
1.81166666666667,-56.106111778654,-58.8436768719075,-56.0706030575136,-56.0587530994096,-58.8504497378833,-56.1131173173301
1.812,-56.1237170774663,-58.8638281068801,-56.0881298774852,-56.0763159558799,-58.8706683950772,-56.1306449863353
1.81233333333333,-56.1412926523939,-58.8839483020177,-56.1056270781855,-56.0938491274439,-58.8908558803476,-56.1481430492344
1.81266666666667,-56.1588385772983,-58.9040375318686,-56.1230947331352,-56.1113526879536,-58.9110122684043,-56.1656115796511
1.813,-56.1763549258076,-58.9240958707458,-56.1405329156226,-56.1288267110277,-58.9311376337216,-56.183050650976
1.81333333333333,-56.1938417713173,-58.944123392728,-56.1579416987052,-56.1462712700518,-58.9512320505394,-56.200460336368
1.81366666666667,-56.2112991869909,-58.9641201716598,-56.1753211552099,-56.1636864381801,-58.9712955928635,-56.2178407087548
1.814,-56.2287272457613,-58.9840862811535,-56.1926713577343,-56.1810722883355,-58.9913283344672,-56.2351918408337
1.81433333333333,-56.2461260203308,-59.0040217945891,-56.209992378647,-56.1984288932108,-59.0113303488916,-56.2525138050725
1.81466666666667,-56.2634955831725,-59.0239267851159,-56.227284290089,-56.2157563252695,-59.0313017094468,-56.2698066737105
1.815,-56.280836006531,-59.0438013256527,-56.2445471639738,-56.2330546567463,-59.0512424892124,-56.2870705187589
1.81533333333333,-56.2981473624231,-59.0636454888891,-56.2617810719891,-56.2503239596482,-59.0711527610387,-56.3043054120019
1.81566666666667,-56.3154297226387,-59.0834593472863,-56.2789860855966,-56.2675643057556,-59.0910325975474,-56.3215114249974
1.816,-56.3326831587413,-59.1032429730777,-56.2961622760336,-56.2847757666221,-59.1108820711324,-56.3386886290781
1.81633333333333,-56.3499077420694,-59.1229964382701,-56.3133097143134,-56.3019584135764,-59.1307012539607,-56.3558370953517
1.81666666666667,-56.3671035437367,-59.1427198146442,-56.3304284712261,-56.3191123177226,-59.1504902179734,-56.3729568947023
1.817,-56.3842706346333,-59.1624131737559,-56.3475186173396,-56.3362375499409,-59.1702490348861,-56.3900480977909
1.81733333333333,-56.4014090854262,-59.1820765869364,-56.3645802230002,-56.3533341808885,-59.1899777761901,-56.4071107750562
1.81766666666667,-56.4185189665604,-59.2017101252938,-56.3816133583336,-56.3704022810005,-59.2096765131534,-56.4241449967156
1.818,-56.4356003482593,-59.2213138597136,-56.3986180932452,-56.3874419204908,-59.2293453168209,-56.4411508327658
1.81833333333333,-56.4526533005259,-59.2408878608595,-56.4155944974216,-56.4044531693525,-59.2489842580158,-56.4581283529835
1.81866666666667,-56.4696778931433,-59.2604321991742,-56.4325426403307,-56.4214360973588,-59.2685934073402,-56.4750776269265
1.819,-56.4866741956756,-59.2799469448806,-56.449462591223,-56.4383907740641,-59.288172835176,-56.4919987239342
1.81933333333333,-56.5036422774687,-59.299432167982,-56.4663544191321,-56.4553172688045,-59.3077226116855,-56.5088917131287
1.81966666666667,-56.5205822076508,-59.3188879382635,-56.4832181928755,-56.4722156506985,-59.3272428068127,-56.5257566634151
1.82,-56.5374940551338,-59.3383143252924,-56.5000539810553,-56.4890859886481,-59.3467334902834,-56.5425936434829
1.82033333333333,-56.5543778886134,-59.3577113984192,-56.5168618520594,-56.5059283513394,-59.3661947316067,-56.5594027218061
1.82066666666667,-56.5712337765702,-59.3770792267786,-56.5336418740616,-56.5227428072431,-59.3856266000755,-56.5761839666446
1.821,-56.5880617872705,-59.3964178792899,-56.5503941150228,-56.539529424616,-59.4050291647672,-56.5929374460445
1.82133333333333,-56.6048619887669,-59.4157274246581,-56.5671186426919,-56.5562882715008,-59.4244024945446,-56.6096632278391
1.82166666666667,-56.6216344488992,-59.4350079313747,-56.583815524606,-56.5730194157277,-59.443746658057,-56.6263613796498
1.822,-56.6383792352952,-59.4542594677182,-56.6004848280918,-56.5897229249147,-59.4630617237405,-56.6430319688865
1.82233333333333,-56.6550964153713,-59.4734821017554,-56.6171266202658,-56.6063988664686,-59.4823477598191,-56.6596750627487
1.82266666666667,-56.6717860563333,-59.4926759013417,-56.6337409680354,-56.6230473075856,-59.5016048343053,-56.6762907282259
1.823,-56.6884482251773,-59.5118409341223,-56.6503279380996,-56.6396683152521,-59.5208330150011,-56.6928790320989
1.82333333333333,-56.7050829886902,-59.5309772675327,-56.6668875969497,-56.6562619562455,-59.5400323694988,-56.70944004094
1.82366666666667,-56.7216904134508,-59.5500849687995,-56.68342001087,-56.672828297135,-59.5592029651816,-56.725973821114
1.824,-56.7382705658302,-59.5691641049414,-56.6999252459387,-56.6893674042821,-59.5783448692244,-56.7424804387791
1.82433333333333,-56.7548235119928,-59.58821474277,-56.7164033680283,-56.7058793438417,-59.5974581485946,-56.7589599598875
1.82466666666667,-56.7713493178969,-59.60723694889,-56.7328544428069,-56.7223641817625,-59.616542870053,-56.7754124501859
1.825,-56.7878480492954,-59.626230789701,-56.7492785357385,-56.738821983788,-59.6355991001546,-56.7918379752166
1.82533333333333,-56.8043197717367,-59.6451963313971,-56.7656757120837,-56.7552528154573,-59.6546269052491,-56.8082366003183
1.82566666666667,-56.8207645505654,-59.6641336399686,-56.7820460369008,-56.7716567421054,-59.6736263514818,-56.8246083906265
1.826,-56.837182450923,-59.6830427812025,-56.7983895750462,-56.7880338288644,-59.6925975047946,-56.8409534110744
1.82633333333333,-56.8535735377485,-59.7019238206829,-56.8147063911753,-56.8043841406642,-59.7115404309263,-56.8572717263936
1.82666666666667,-56.8699378757794,-59.7207768237922,-56.8309965497433,-56.8207077422327,-59.7304551954138,-56.873563401115
1.827,-56.8862755295523,-59.7396018557119,-56.8472601150055,-56.8370046980974,-59.7493418635926,-56.8898284995695
1.82733333333333,-56.9025865634035,-59.7583989814228,-56.8634971510186,-56.8532750725852,-59.7682005005976,-56.9060670858882
1.82766666666667,-56.9188710414699,-59.7771682657065,-56.879707721641,-56.869518929824,-59.787031171364,-56.9222792240041
1.828,-56.9351290276896,-59.7959097731454,-56.8958918905337,-56.8857363337427,-59.8058339406278,-56.9384649776519
1.82833333333333,-56.9513605858029,-59.8146235681242,-56.912049721161,-56.9019273480723,-59.8246088729268,-56.9546244103692
1.82866666666667,-56.9675657793525,-59.83330971483,-56.9281812767911,-56.9180920363466,-59.8433560326011,-56.9707575854971
1.829,-56.9837446716848,-59.8519682772535,-56.9442866204971,-56.9342304619028,-59.862075483794,-56.9868645661811
1.82933333333333,-56.99989732595,-59.8705993191894,-56.9603658151573,-56.9503426878823,-59.8807672904527,-57.0029454153714
1.82966666666667,-57.0160238051034,-59.8892029042373,-56.9764189234561,-56.9664287772312,-59.8994315163291,-57.019000195824
1.83,-57.0321241719058,-59.9077790958027,-56.9924460078848,-56.9824887927016,-59.9180682249805,-57.0350289701013
1.83033333333333,-57.0481984889242,-59.9263279570971,-57.0084471307423,-56.9985227968514,-59.93667747977,-57.0510318005726
1.83066666666667,-57.0642468185325,-59.9448495511393,-57.0244223541357,-57.0145308520459,-59.9552593438678,-57.0670087494152
1.831,-57.0802692229122,-59.9633439407558,-57.0403717399807,-57.0305130204579,-59.9738138802517,-57.0829598786148
1.83133333333333,-57.0962657640535,-59.9818111885818,-57.056295350003,-57.0464693640685,-59.9923411517076,-57.098885249966
1.83166666666667,-57.1122365037552,-60.0002513570617,-57.0721932457385,-57.062399944668,-60.0108412208305,-57.1147849250738
1.832,-57.1281815036261,-60.0186645084498,-57.0880654885338,-57.0783048238567,-60.0293141500251,-57.1306589653533
1.83233333333333,-57.1441008250854,-60.0370507048112,-57.1039121395476,-57.094184063045,-60.0477600015064,-57.1465074320312
1.83266666666667,-57.1599945293632,-60.0554100080223,-57.1197332597506,-57.1100377234548,-60.0661788373006,-57.1623303861459
1.833,-57.1758626775018,-60.0737424797717,-57.1355289099267,-57.1258658661196,-60.0845707192459,-57.1781278885485
1.83333333333333,-57.1917053303557,-60.0920481815609,-57.1512991506736,-57.1416685518855,-60.102935708993,-57.1938999999035
1.83366666666667,-57.2075225485926,-60.1103271747049,-57.1670440424033,-57.157445841412,-60.1212738680056,-57.2096467806894
1.834,-57.223314392694,-60.1285795203327,-57.1827636453427,-57.1731977951722,-60.1395852575616,-57.2253682911992
1.83433333333333,-57.2390809229562,-60.1468052793887,-57.1984580195348,-57.1889244734542,-60.1578699387535,-57.2410645915416
1.83466666666667,-57.2548221994904,-60.1650045126324,-57.2141272248387,-57.2046259363608,-60.1761279724892,-57.2567357416409
1.835,-57.2705382822239,-60.1831772806401,-57.2297713209308,-57.2203022438113,-60.1943594194926,-57.2723818012385
1.83533333333333,-57.2862292309003,-60.2013236438048,-57.245390367305,-57.2359534555412,-60.2125643403043,-57.2880028298929
1.83566666666667,-57.3018951050805,-60.2194436623375,-57.260984423274,-57.2515796311035,-60.2307427952823,-57.3035988869809
1.836,-57.3175359641435,-60.2375373962672,-57.2765535479691,-57.2671808298689,-60.2488948446028,-57.3191700316977
1.83633333333333,-57.3331518672864,-60.2556049054425,-57.2920978003417,-57.2827571110269,-60.2670205482608,-57.3347163230581
1.83666666666667,-57.348742873526,-60.2736462495312,-57.3076172391635,-57.2983085335863,-60.2851199660707,-57.350237819897
1.837,-57.3643090416986,-60.291661488022,-57.323111923027,-57.3138351563755,-60.3031931576671,-57.3657345808697
1.83733333333333,-57.3798504304612,-60.3096506802245,-57.3385819103467,-57.3293370380439,-60.3212401825053,-57.3812066644531
1.83766666666667,-57.3953670982918,-60.3276138852701,-57.3540272593594,-57.3448142370619,-60.3392610998622,-57.396654128946
1.838,-57.4108591034903,-60.3455511621127,-57.3694480281247,-57.3602668117217,-60.357255968837,-57.4120770324699
1.83833333333333,-57.4263265041792,-60.3634625695292,-57.384844274526,-57.3756948201382,-60.3752248483514,-57.4274754329695
1.83866666666667,-57.4417693583038,-60.3813481661207,-57.4002160562708,-57.3910983202493,-60.3931677971509,-57.4428493882136
1.839,-57.4571877236336,-60.3992080103122,-57.4155634308919,-57.4064773698171,-60.411084873805,-57.4581989557955
1.83933333333333,-57.4725816577621,-60.4170421603542,-57.4308864557472,-57.4218320264276,-60.4289761367081,-57.4735241931337
1.83966666666667,-57.487951218108,-60.4348506743229,-57.4461851880211,-57.4371623474925,-60.44684164408,-57.4888251574726
1.84,-57.5032964619158,-60.4526336101208,-57.4614596847247,-57.4524683902487,-60.4646814539666,-57.5041019058833
1.84033333333333,-57.5186174462561,-60.4703910254777,-57.4767100026964,-57.4677502117599,-60.4824956242409,-57.5193544952637
1.84066666666667,-57.5339142280265,-60.4881229779509,-57.4919361986031,-57.4830078689166,-60.5002842126028,-57.5345829823397
1.841,-57.5491868639523,-60.5058295249263,-57.50713832894,-57.498241418437,-60.5180472765807,-57.5497874236656
1.84133333333333,-57.5644354105869,-60.5235107236186,-57.5223164500318,-57.5134509168676,-60.5357848735315,-57.5649678756248
1.84166666666667,-57.5796599243125,-60.5411666310724,-57.5374706180332,-57.5286364205838,-60.5534970606416,-57.58012439443
1.842,-57.594860461341,-60.5587973041624,-57.5526008889295,-57.5437979857904,-60.5711838949274,-57.5952570361247
1.84233333333333,-57.610037077714,-60.5764027995944,-57.5677073185369,-57.5589356685226,-60.5888454332358,-57.6103658565829
1.84266666666667,-57.6251898293041,-60.5939831739057,-57.5827899625038,-57.5740495246461,-60.6064817322451,-57.6254509115104
1.843,-57.6403187718151,-60.6115384834659,-57.5978488763109,-57.5891396098582,-60.6240928484654,-57.6405122564449
1.84333333333333,-57.6554239607827,-60.6290687844773,-57.6128841152717,-57.604205979688,-60.6416788382395,-57.655549946757
1.84366666666667,-57.6705054515752,-60.6465741329757,-57.6278957345337,-57.6192486894973,-60.6592397577432,-57.6705640376507
1.844,-57.6855632993941,-60.6640545848312,-57.6428837890783,-57.6342677944813,-60.6767756629862,-57.6855545841639
1.84433333333333,-57.7005975592745,-60.6815101957483,-57.6578483337221,-57.6492633496688,-60.6942866098125,-57.7005216411691
1.84466666666667,-57.7156082860859,-60.698941021267,-57.6727894231168,-57.6642354099231,-60.7117726539012,-57.7154652633739
1.845,-57.730595534533,-60.7163471167634,-57.6877071117504,-57.6791840299426,-60.729233850767,-57.7303855053219
1.84533333333333,-57.7455593591559,-60.7337285374498,-57.7026014539474,-57.6941092642613,-60.7466702557609,-57.7452824213929
1.84566666666667,-57.7604998143307,-60.751085338376,-57.7174725038697,-57.7090111672493,-60.7640819240707,-57.7601560658037
1.846,-57.7754169542705,-60.7684175744295,-57.732320315517,-57.7238897931139,-60.7814689107219,-57.7750064926088
1.84633333333333,-57.7903108330258,-60.7857253003362,-57.7471449427272,-57.7387451958996,-60.7988312705778,-57.7898337557008
1.84666666666667,-57.8051815044849,-60.8030085706609,-57.7619464391775,-57.7535774294888,-60.8161690583405,-57.8046379088111
1.847,-57.8200290223747,-60.8202674398081,-57.7767248583846,-57.7683865476029,-60.8334823285514,-57.8194190055105
1.84733333333333,-57.8348534402612,-60.8375019620224,-57.7914802537053,-57.7831726038021,-60.8507711355919,-57.8341770992096
1.84766666666667,-57.8496548115502,-60.8547121913895,-57.8062126783372,-57.7979356514866,-60.8680355336837,-57.8489122431596
1.848,-57.8644331894878,-60.8718981818362,-57.8209221853195,-57.8126757438971,-60.8852755768897,-57.8636244904529
1.84833333333333,-57.8791886271608,-60.8890599871313,-57.8356088275329,-57.8273929341149,-60.9024913191145,-57.8783138940235
1.84866666666667,-57.8939211774976,-60.9061976608863,-57.8502726577008,-57.8420872750633,-60.9196828141048,-57.8929805066476
1.849,-57.9086308932688,-60.9233112565558,-57.8649137283899,-57.8567588195073,-60.9368501154505,-57.9076243809445
1.84933333333333,-57.9233178270874,-60.9404008274384,-57.8795320920101,-57.8714076200548,-60.9539932765846,-57.9222455693767
1.84966666666667,-57.9379820314096,-60.9574664266765,-57.8941278008158,-57.886033729157,-60.9711123507842,-57.9368441242507
1.85,-57.9526235585354,-60.9745081072579,-57.9087009069061,-57.9006371991088,-60.9882073911712,-57.9514200977176
1.85033333333333,-57.9672424606091,-60.9915259220158,-57.9232514622255,-57.9152180820497,-61.0052784507124,-57.9659735417736
1.85066666666667,-57.98183878962,-61.0085199236292,-57.9377795185642,-57.9297764299638,-61.0223255822206,-57.9805045082608
1.851,-57.9964125974027,-61.0254901646242,-57.9522851275593,-57.9443122946812,-61.0393488383549,-57.9950130488672
1.85133333333333,-58.0109639356379,-61.0424366973738,-57.9667683406943,-57.9588257278778,-61.0563482716212,-58.0094992151279
1.85166666666667,-58.025492855853,-61.0593595740988,-57.9812292093009,-57.9733167810762,-61.073323934373,-58.0239630584252
1.852,-58.0399994094222,-61.0762588468684,-57.9956677845585,-57.9877855056464,-61.0902758788117,-58.0384046299895
1.85233333333333,-58.0544836475678,-61.0931345676009,-58.0100841174954,-58.0022319528059,-61.1072041569874,-58.0528239808994
1.85266666666667,-58.0689456213599,-61.1099867880637,-58.024478258989,-58.0166561736206,-61.1241088207993,-58.0672211620829
1.853,-58.0833853817179,-61.1268155598747,-58.0388502597665,-58.0310582190054,-61.1409899219966,-58.0815962243173
1.85333333333333,-58.0978029794102,-61.143620934502,-58.0532001704056,-58.0454381397246,-61.1578475121784,-58.0959492182301
1.85366666666667,-58.1121984650551,-61.1604029632651,-58.0675280413347,-58.0597959863923,-61.1746816427949,-58.1102801942996
1.854,-58.1265718891214,-61.1771616973351,-58.0818339228336,-58.0741318094734,-61.1914923651477,-58.1245892028551
1.85433333333333,-58.1409233019291,-61.1938971877354,-58.0961178650341,-58.0884456592836,-61.2082797303901,-58.138876294078
1.85466666666667,-58.1552527536493,-61.2106094853422,-58.1103799179204,-58.1027375859903,-61.2250437895283,-58.1531415180017
1.855,-58.1695602943055,-61.2272986408851,-58.12462013133,-58.1170076396131,-61.2417845934212,-58.1673849245124
1.85533333333333,-58.1838459737736,-61.2439647049474,-58.1388385549536,-58.1312558700242,-61.2585021927814,-58.1816065633501
1.85566666666667,-58.1981098417827,-61.2606077279672,-58.1530352383361,-58.1454823269491,-61.2751966381758,-58.1958064841081
1.856,-58.2123519479157,-61.2772277602372,-58.1672102308772,-58.1596870599669,-61.2918679800256,-58.2099847362347
1.85633333333333,-58.2265723416094,-61.2938248519058,-58.1813635818314,-58.1738701185111,-61.3085162686076,-58.2241413690327
1.85666666666667,-58.2407710721555,-61.3103990529775,-58.1954953403092,-58.18803155187,-61.3251415540541,-58.2382764316608
1.857,-58.2549481887011,-61.3269504133134,-58.209605555277,-58.2021714091872,-61.3417438863539,-58.2523899731335
1.85733333333333,-58.2691037402487,-61.3434789826315,-58.2236942755582,-58.2162897394621,-61.3583233153523,-58.2664820423217
1.85766666666667,-58.2832377756574,-61.3599848105077,-58.2377615498331,-58.2303865915505,-61.3748798907521,-58.2805526879538
1.858,-58.2973503436431,-61.3764679463759,-58.2518074266399,-58.2444620141653,-61.3914136621142,-58.2946019586153
1.85833333333333,-58.3114414927788,-61.3929284395287,-58.2658319543752,-58.2585160558765,-61.4079246788574,-58.3086299027501
1.85866666666667,-58.3255112714956,-61.4093663391181,-58.2798351812942,-58.2725487651123,-61.4244129902599,-58.3226365686606
1.859,-58.3395597280828,-61.4257816941557,-58.2938171555113,-58.2865601901591,-61.4408786454591,-58.3366220045083
1.85933333333333,-58.3535869106887,-61.4421745535133,-58.3077779250009,-58.3005503791625,-61.4573216934522,-58.3505862583145
1.85966666666667,-58.3675928673209,-61.4585449659236,-58.3217175375975,-58.3145193801274,-61.4737421830972,-58.3645293779603
1.86,-58.3815776458469,-61.4748929799806,-58.3356360409965,-58.3284672409188,-61.4901401631128,-58.3784514111879
1.86033333333333,-58.3955412939947,-61.4912186441398,-58.3495334827546,-58.342394009262,-61.5065156820795,-58.3923524056002
1.86066666666667,-58.409483859353,-61.5075220067194,-58.3634099102903,-58.3562997327436,-61.5228687884395,-58.4062324086621
1.861,-58.4234053893722,-61.5238031159003,-58.3772653708844,-58.3701844588115,-61.5391995304977,-58.4200914677005
1.86133333333333,-58.4373059313644,-61.5400620197266,-58.3910999116805,-58.3840482347754,-61.5555079564219,-58.433929629905
1.86166666666667,-58.4511855325041,-61.5562987661062,-58.4049135796854,-58.3978911078079,-61.5717941142435,-58.4477469423283
1.862,-58.4650442398288,-61.5725134028115,-58.4187064217697,-58.4117131249443,-61.588058051858,-58.4615434518867
1.86233333333333,-58.4788821002394,-61.5887059774796,-58.4324784846685,-58.4255143330835,-61.6042998170252,-58.4753192053608
1.86266666666667,-58.4926991605005,-61.604876537613,-58.4462298149814,-58.4392947789882,-61.6205194573701,-58.4890742493957
1.863,-58.5064954672414,-61.62102513058,-58.4599604591733,-58.4530545092859,-61.6367170203832,-58.5028086305017
1.86333333333333,-58.5202710669559,-61.637151803615,-58.473670463575,-58.4667935704687,-61.6528925534209,-58.5165223950546
1.86366666666667,-58.5340260060036,-61.6532566038196,-58.4873598743833,-58.4805120088944,-61.6690461037063,-58.5302155892964
1.864,-58.5477603306095,-61.6693395781623,-58.5010287376618,-58.4942098707866,-61.6851777183293,-58.5438882593356
1.86433333333333,-58.5614740868652,-61.6854007734795,-58.5146770993413,-58.5078872022353,-61.7012874442474,-58.5575404511477
1.86466666666667,-58.575167320729,-61.701440236476,-58.5283050052203,-58.5215440491975,-61.7173753282859,-58.5711722105758
1.865,-58.5888400780265,-61.7174580137251,-58.5419125009653,-58.5351804574974,-61.7334414171387,-58.5847835833312
1.86533333333333,-58.602492404451,-61.7334541516696,-58.5554996321115,-58.5487964728272,-61.7494857573686,-58.5983746149932
1.86566666666667,-58.6161243455643,-61.7494286966217,-58.5690664440631,-58.5623921407473,-61.7655083954078,-58.6119453510106
1.866,-58.6297359467966,-61.765381694764,-58.582612982094,-58.575967506687,-61.7815093775584,-58.6254958367012
1.86633333333333,-58.6433272534473,-61.7813131921495,-58.5961392913479,-58.5895226159448,-61.7974887499928,-58.6390261172529
1.86666666666667,-58.6568983106857,-61.7972232347027,-58.6096454168392,-58.6030575136889,-61.8134465587542,-58.652536237724
1.867,-58.670449163551,-61.8131118682194,-58.6231314034531,-58.6165722449579,-61.8293828497573,-58.6660262430436
1.86733333333333,-58.6839798569531,-61.8289791383676,-58.6365972959463,-58.6300668546609,-61.8452976687883,-58.679496178012
1.86766666666667,-58.6974904356729,-61.8448250906876,-58.6500431389472,-58.6435413875782,-61.8611910615059,-58.6929460873014
1.868,-58.7109809443628,-61.860649770593,-58.6634689769568,-58.6569958883615,-61.8770630734414,-58.706376015456
1.86833333333333,-58.7244514275471,-61.8764532233707,-58.6768748543487,-58.6704304015348,-61.8929137499991,-58.719786006893
1.86866666666667,-58.7379019296227,-61.8922354941814,-58.6902608153698,-58.6838449714947,-61.9087431364573,-58.7331761059023
1.869,-58.7513324948594,-61.9079966280605,-58.7036269041406,-58.6972396425104,-61.924551277968,-58.7465463566479
1.86933333333333,-58.7647431674001,-61.923736669918,-58.7169731646559,-58.7106144587249,-61.940338219558,-58.7598968031675
1.86966666666667,-58.7781339912618,-61.9394556645392,-58.730299640785,-58.7239694641548,-61.9561040061291,-58.7732274893733
1.87,-58.7915050103354,-61.9551536565851,-58.7436063762723,-58.7373047026912,-61.9718486824585,-58.7865384590527
1.87033333333333,-58.8048562683869,-61.9708306905931,-58.7568934147376,-58.7506202181,-61.9875722931991,-58.7998297558681
1.87066666666667,-58.8181878090572,-61.986486810977,-58.7701607996768,-58.7639160540223,-62.0032748828806,-58.8131014233581
1.871,-58.8314996758628,-62.0021220620279,-58.7834085744619,-58.7771922539747,-62.0189564959092,-58.8263535049373
1.87133333333333,-58.8447919121962,-62.0177364879142,-58.7966367823421,-58.7904488613502,-62.0346171765684,-58.8395860438972
1.87166666666667,-58.8580645613265,-62.0333301326825,-58.8098454664435,-58.8036859194181,-62.0502569690194,-58.8527990834064
1.872,-58.8713176663998,-62.0489030402577,-58.8230346697702,-58.8169034713251,-62.0658759173017,-58.8659926665112
1.87233333333333,-58.8845512704393,-62.0644552544436,-58.8362044352041,-58.8301015600948,-62.0814740653332,-58.8791668361357
1.87266666666667,-58.8977654163462,-62.0799868189232,-58.8493548055059,-58.8432802286292,-62.0970514569109,-58.8923216350828
1.873,-58.9109601468998,-62.0954977772596,-58.8624858233154,-58.8564395197082,-62.1126081357112,-58.9054571060339
1.87333333333333,-58.9241355047581,-62.1109881728956,-58.8755975311515,-58.8695794759907,-62.1281441452906,-58.9185732915502
1.87366666666667,-58.9372915324583,-62.1264580491548,-58.8886899714133,-58.8827001400148,-62.1436595290856,-58.9316702340723
1.874,-58.9504282724171,-62.1419074492418,-58.9017631863799,-58.895801554198,-62.1591543304137,-58.9447479759213
1.87433333333333,-58.963545766931,-62.1573364162429,-58.9148172182112,-58.908883760838,-62.1746285924735,-58.9578065592985
1.87466666666667,-58.976644058177,-62.1727449931259,-58.9278521089484,-58.9219468021131,-62.1900823583454,-58.9708460262867
1.875,-58.989723188213,-62.1881332227412,-58.9408679005141,-58.9349907200821,-62.2055156709916,-58.98386641885
1.87533333333333,-59.0027831989779,-62.2035011478219,-58.9538646347128,-58.9480155566855,-62.2209285732568,-58.9968677788342
1.87566666666667,-59.0158241322926,-62.2188488109841,-58.9668423532316,-58.9610213537453,-62.2363211078688,-59.0098501479678
1.876,-59.0288460298597,-62.2341762547278,-58.9798010976403,-58.9740081529659,-62.2516933174386,-59.0228135678617
1.87633333333333,-59.0418489332645,-62.2494835214366,-58.9927409093919,-58.986975995934,-62.2670452444609,-59.0357580800101
1.87666666666667,-59.0548328839752,-62.2647706533788,-59.0056618298232,-58.9999249241194,-62.2823769313144,-59.0486837257907
1.877,-59.0677979233433,-62.2800376927075,-59.0185639001548,-59.0128549788755,-62.2976884202629,-59.0615905464653
1.87733333333333,-59.080744092604,-62.2952846814609,-59.0314471614919,-59.0257662014391,-62.3129797534545,-59.0744785831799
1.87766666666667,-59.0936714328767,-62.3105116615631,-59.0443116548247,-59.0386586329318,-62.3282509729232,-59.0873478769654
1.878,-59.1065799851655,-62.3257186748241,-59.0571574210285,-59.0515323143593,-62.3435021205886,-59.100198468738
1.87833333333333,-59.1194697903591,-62.3409057629404,-59.0699845008644,-59.0643872866127,-62.3587332382566,-59.1130303992993
1.87866666666667,-59.1323408892319,-62.3560729674954,-59.0827929349794,-59.0772235904684,-62.3739443676196,-59.1258437093371
1.879,-59.145193322444,-62.3712203299598,-59.0955827639073,-59.0900412665888,-62.3891355502573,-59.1386384394256
1.87933333333333,-59.1580271305417,-62.3863478916919,-59.1083540280685,-59.1028403555224,-62.4043068276364,-59.1514146300257
1.87966666666667,-59.1708423539578,-62.4014556939383,-59.1211067677708,-59.1156208977044,-62.4194582411118,-59.1641723214855
1.88,-59.1836390330121,-62.416543777834,-59.1338410232099,-59.1283829334574,-62.4345898319265,-59.176911554041
1.88033333333333,-59.196417207912,-62.4316121844026,-59.1465568344692,-59.1411265029909,-62.4497016412122,-59.1896323678159
1.88066666666667,-59.2091769187524,-62.4466609545575,-59.1592542415208,-59.1538516464028,-62.4647937099895,-59.2023348028225
1.881,-59.2219182055165,-62.4616901291015,-59.1719332842257,-59.1665584036788,-62.4798660791686,-59.2150188989618
1.88133333333333,-59.2346411080761,-62.4766997487274,-59.1845940023341,-59.1792468146938,-62.4949187895495,-59.2276846960242
1.88166666666667,-59.247345666192,-62.4916898540187,-59.1972364354858,-59.1919169192112,-62.5099518818222,-59.2403322336893
1.882,-59.2600319195143,-62.5066604854495,-59.2098606232108,-59.2045687568841,-62.5249653965675,-59.2529615515272
1.88233333333333,-59.2726999075828,-62.5216116833854,-59.2224666049295,-59.2172023672556,-62.5399593742572,-59.2655726889978
1.88266666666667,-59.2853496698274,-62.5365434880834,-59.2350544199528,-59.2298177897586,-62.5549338552545,-59.2781656854522
1.883,-59.2979812455689,-62.5514559396926,-59.2476241074833,-59.242415063717,-62.5698888798142,-59.2907405801324
1.88333333333333,-59.3105946740184,-62.5663490782547,-59.2601757066148,-59.2549942283454,-62.5848244880835,-59.3032974121721
1.88366666666667,-59.3231899942788,-62.5812229437039,-59.2727092563332,-59.2675553227501,-62.5997407201018,-59.3158362205966
1.884,-59.3357672453444,-62.5960775758676,-59.2852247955167,-59.2800983859287,-62.6146376158018,-59.3283570443237
1.88433333333333,-59.3483264661017,-62.6109130144669,-59.2977223629362,-59.2926234567714,-62.6295152150092,-59.3408599221639
1.88466666666667,-59.3608676953295,-62.6257292991167,-59.3102019972559,-59.3051305740606,-62.6443735574436,-59.3533448928206
1.885,-59.3733909716996,-62.6405264693263,-59.3226637370332,-59.3176197764716,-62.6592126827184,-59.3658119948907
1.88533333333333,-59.3858963337767,-62.6553045644994,-59.3351076207193,-59.3300911025733,-62.6740326303417,-59.3782612668648
1.88566666666667,-59.3983838200192,-62.6700636239351,-59.3475336866599,-59.3425445908277,-62.6888334397162,-59.3906927471277
1.886,-59.4108534687797,-62.6848036868277,-59.3599419730951,-59.3549802795913,-62.7036151501398,-59.4031064739588
1.88633333333333,-59.4233053183045,-62.6995247922671,-59.37233251816,-59.3673982071148,-62.7183778008059,-59.4155024855321
1.88666666666667,-59.4357394067352,-62.7142269792399,-59.3847053598848,-59.3797984115435,-62.7331214308041,-59.4278808199172
1.887,-59.448155772108,-62.7289102866286,-59.3970605361958,-59.392180930918,-62.7478460791199,-59.4402415150792
1.88733333333333,-59.4605544523548,-62.743574753213,-59.4093980849149,-59.4045458031744,-62.7625517846357,-59.4525846088792
1.88766666666667,-59.472935485303,-62.7582204176699,-59.4217180437607,-59.4168930661445,-62.7772385861307,-59.4649101390746
1.888,-59.4852989086763,-62.7728473185738,-59.4340204503486,-59.4292227575565,-62.7919065222816,-59.4772181433196
1.88833333333333,-59.4976447600949,-62.7874554943973,-59.4463053421908,-59.4415349150351,-62.8065556316628,-59.4895086591654
1.88866666666667,-59.5099730770758,-62.8020449835109,-59.4585727566972,-59.4538295761018,-62.8211859527469,-59.5017817240607
1.889,-59.5222838970332,-62.8166158241842,-59.4708227311757,-59.4661067781756,-62.8357975239047,-59.5140373753519
1.88933333333333,-59.5345772572791,-62.8311680545857,-59.4830553028321,-59.4783665585731,-62.8503903834059,-59.5262756502837
1.88966666666667,-59.546853195023,-62.8457017127832,-59.4952705087709,-59.4906089545088,-62.8649645694195,-59.5384965859991
1.89,-59.5591117473731,-62.8602168367444,-59.5074683859955,-59.5028340030957,-62.8795201200139,-59.5507002195402
1.89033333333333,-59.5713529513361,-62.8747134643368,-59.5196489714085,-59.5150417413455,-62.8940570731574,-59.5628865878481
1.89066666666667,-59.5835768438175,-62.8891916333287,-59.5318123018121,-59.5272322061689,-62.9085754667183,-59.5750557277635
1.891,-59.5957834616225,-62.903651381389,-59.5439584139087,-59.539405434376,-62.9230753384659,-59.5872076760271
1.89133333333333,-59.6079728414557,-62.9180927460877,-59.5560873443005,-59.5515614626769,-62.93755672607,-59.5993424692798
1.89166666666667,-59.6201450199218,-62.9325157648964,-59.5681991294908,-59.5637003276815,-62.9520196671018,-59.611460144063
1.892,-59.6323000335261,-62.9469204751883,-59.5802938058836,-59.5758220659005,-62.9664641990342,-59.6235607368193
1.89233333333333,-59.6444379186744,-62.9613069142391,-59.5923714097845,-59.587926713745,-62.9808903592419,-59.6356442838923
1.89266666666667,-59.6565587116735,-62.9756751192268,-59.6044319774006,-59.6000143075276,-62.9952981850019,-59.6477108215273
1.893,-59.668662448732,-62.9900251272321,-59.6164755448409,-59.6120848834623,-63.009687713494,-59.6597603858718
1.89333333333333,-59.6807491659599,-63.0043569752392,-59.628502148117,-59.6241384776649,-63.0240589818007,-59.6717930129753
1.89366666666667,-59.6928188993694,-63.0186707001358,-59.640511823143,-59.6361751261534,-63.038412026908,-59.6838087387901
1.894,-59.7048716848752,-63.0329663387131,-59.6525046057361,-59.6481948648483,-63.0527468857055,-59.6958075991716
1.89433333333333,-59.7169075582947,-63.0472439276667,-59.6644805316169,-59.660197729573,-63.0670635949867,-59.7077896298781
1.89466666666667,-59.7289265553486,-63.061503503597,-59.6764396364097,-59.6721837560539,-63.0813621914495,-59.7197548665721
1.895,-59.7409287116607,-63.0757451030088,-59.6883819556426,-59.6841529799213,-63.0956427116965,-59.7317033448197
1.89533333333333,-59.7529140627589,-63.0899687623123,-59.7003075247482,-59.696105436709,-63.1099051922349,-59.7436351000913
1.89566666666667,-59.764882644075,-63.1041745178233,-59.712216379064,-59.7080411618551,-63.1241496694777,-59.7555501677624
1.896,-59.7768344909454,-63.1183624057632,-59.7241085538322,-59.7199601907023,-63.1383761797433,-59.7674485831128
1.89633333333333,-59.7887696386112,-63.1325324622597,-59.7359840842004,-59.7318625584981,-63.1525847592559,-59.7793303813282
1.89666666666667,-59.8006881222185,-63.1466847233471,-59.7478430052219,-59.743748300395,-63.1667754441462,-59.7911955974995
1.897,-59.812589976819,-63.1608192249663,-59.7596853518561,-59.7556174514513,-63.1809482704516,-59.8030442666239
1.89733333333333,-59.82447523737,-63.1749360029654,-59.7715111589685,-59.7674700466308,-63.195103274116,-59.8148764236045
1.89766666666667,-59.8363439387351,-63.1890350931,-59.7833204613313,-59.7793061208038,-63.2092404909909,-59.8266921032513
1.898,-59.8481961156839,-63.2031165310334,-59.7951132936238,-59.7911257087468,-63.2233599568354,-59.8384913402811
1.89833333333333,-59.860031802893,-63.2171803523372,-59.8068896904324,-59.8029288451432,-63.2374617073162,-59.8502741693179
1.89866666666667,-59.8718510349461,-63.2312265924911,-59.8186496862511,-59.8147155645835,-63.2515457780085,-59.8620406248933
1.899,-59.8836538463341,-63.2452552868837,-59.8303933154819,-59.8264859015656,-63.2656122043958,-59.8737907414468
1.89933333333333,-59.8954402714555,-63.2592664708125,-59.8421206124349,-59.8382398904951,-63.2796610218704,-59.8855245533261
1.89966666666667,-59.907210344617,-63.2732601794846,-59.8538316113287,-59.8499775656858,-63.2936922657341,-59.8972420947871
1.9,-59.9189641000335,-63.2872364480165,-59.865526346291,-59.8616989613598,-63.3077059711978,-59.908943399995
1.90033333333333,-59.9307015718285,-63.3011953114348,-59.8772048513584,-59.8734041116479,-63.3217021733823,-59.9206285030238
1.90066666666667,-59.9424227940344,-63.3151368046763,-59.888867160477,-59.8850930505898,-63.3356809073185,-59.932297437857
1.901,-59.9541278005929,-63.3290609625885,-59.9005133075027,-59.8967658121347,-63.3496422079475,-59.9439502383878
1.90133333333333,-59.9658166253553,-63.3429678199297,-59.9121433262016,-59.9084224301413,-63.3635861101215,-59.9555869384196
1.90166666666667,-59.9774893020826,-63.3568574113692,-59.92375725025,-59.9200629383783,-63.3775126486032,-59.967207571666
1.902,-59.9891458644462,-63.3707297714883,-59.9353551132351,-59.9316873705245,-63.391421858067,-59.9788121717514
1.90233333333333,-60.0007863460277,-63.3845849347795,-59.9469369486548,-59.9432957601694,-63.4053137730987,-59.990400772211
1.90266666666667,-60.0124107803196,-63.398422935648,-59.9585027899186,-59.9548881408133,-63.419188428196,-60.0019734064913
1.903,-60.0240192007256,-63.4122438084108,-59.9700526703473,-59.9664645458676,-63.433045857769,-60.0135301079506
1.90333333333333,-60.0356116405605,-63.4260475872981,-59.981586623174,-59.9780250086552,-63.4468860961401,-60.0250709098588
1.90366666666667,-60.0471881330511,-63.4398343064528,-59.9931046815436,-59.9895695624107,-63.4607091775446,-60.0365958453981
1.904,-60.058748711336,-63.4536039999311,-60.0046068785138,-60.001098240281,-63.4745151361309,-60.0481049476631
1.90433333333333,-60.0702934084661,-63.467356701703,-60.0160932470548,-60.0126110753249,-63.4883040059607,-60.0595982496613
1.90466666666667,-60.0818222574049,-63.4810924456521,-60.0275638200501,-60.0241081005143,-63.5020758210095,-60.071075784313
1.905,-60.0933352910288,-63.4948112655765,-60.0390186302966,-60.0355893487337,-63.5158306151669,-60.0825375844522
1.90533333333333,-60.1048325421273,-63.5085131951883,-60.0504577105047,-60.0470548527812,-63.5295684222364,-60.0939836828262
1.90566666666667,-60.1163140434034,-63.5221982681147,-60.061881093299,-60.058504645368,-63.5432892759365,-60.1054141120966
1.906,-60.127779827474,-63.535866517898,-60.0732888112181,-60.0699387591195,-63.5569932099002,-60.116828904839
1.90633333333333,-60.1392299268698,-63.5495179779956,-60.0846808967153,-60.0813572265751,-63.5706802576759,-60.1282280935435
1.90666666666667,-60.150664374036,-63.5631526817805,-60.0960573821588,-60.0927600801885,-63.5843504527274,-60.1396117106151
1.907,-60.1620832013325,-63.5767706625417,-60.1074182998318,-60.1041473523283,-63.598003828434,-60.1509797883739
1.90733333333333,-60.1734864410338,-63.5903719534845,-60.1187636819329,-60.1155190752779,-63.6116404180912,-60.1623323590554
1.90766666666667,-60.18487412533,-63.6039565877305,-60.1300935605764,-60.1268752812361,-63.6252602549109,-60.1736694548107
1.908,-60.1962462863264,-63.617524598318,-60.1414079677928,-60.1382160023173,-63.6388633720212,-60.1849911077069
1.90833333333333,-60.2076029560443,-63.6310760182024,-60.1527069355286,-60.1495412705514,-63.6524498024674,-60.1962973497274
1.90866666666667,-60.2189441664209,-63.6446108802564,-60.1639904956468,-60.160851117885,-63.6660195792117,-60.2075882127719
1.909,-60.2302699493099,-63.6581292172705,-60.1752586799275,-60.1721455761807,-63.6795727351339,-60.2188637286573
1.90933333333333,-60.2415803364813,-63.6716310619526,-60.1865115200677,-60.1834246772178,-63.6931093030314,-60.2301239291171
1.90966666666667,-60.2528753596224,-63.6851164469291,-60.1977490476819,-60.1946884526928,-63.7066293156194,-60.2413688458025
1.91,-60.2641550503375,-63.6985854047447,-60.2089712943021,-60.2059369342192,-63.7201328055317,-60.2525985102822
1.91033333333333,-60.2754194401483,-63.7120379678628,-60.2201782913784,-60.2171701533283,-63.7336198053203,-60.2638129540428
1.91066666666667,-60.2866685604944,-63.7254741686656,-60.2313700702789,-60.228388141469,-63.7470903474561,-60.2750122084893
1.911,-60.2979024427333,-63.7388940394549,-60.2425466622906,-60.2395909300083,-63.760544464329,-60.2861963049448
1.91133333333333,-60.3091211181409,-63.7522976124515,-60.2537080986187,-60.2507785502317,-63.7739821882484,-60.2973652746514
1.91166666666667,-60.3203246179114,-63.7656849197964,-60.2648544103877,-60.2619510333431,-63.7874035514431,-60.3085191487701
1.912,-60.3315129731582,-63.7790559935505,-60.2759856286416,-60.2731084104655,-63.8008085860619,-60.3196579583814
1.91233333333333,-60.3426862149135,-63.7924108656948,-60.2871017843437,-60.2842507126411,-63.8141973241737,-60.3307817344849
1.91266666666667,-60.3538443741292,-63.8057495681312,-60.2982029083772,-60.2953779708313,-63.8275697977677,-60.3418905080004
1.913,-60.3649874816765,-63.8190721326821,-60.3092890315454,-60.3064902159174,-63.8409260387539,-60.3529843097677
1.91333333333333,-60.3761155683468,-63.8323785910912,-60.3203601845719,-60.3175874787008,-63.8542660789632,-60.3640631705468
1.91366666666667,-60.3872286648514,-63.8456689750235,-60.3314163981012,-60.3286697899028,-63.8675899501478,-60.3751271210185
1.914,-60.3983268018224,-63.8589433160657,-60.3424577026983,-60.3397371801656,-63.8808976839811,-60.3861761917844
1.91433333333333,-60.4094100098123,-63.8722016457263,-60.3534841288498,-60.3507896800519,-63.8941893120583,-60.3972104133673
1.91466666666667,-60.4204783192948,-63.8854439954358,-60.3644957069633,-60.3618273200455,-63.9074648658968,-60.4082298162112
1.915,-60.4315317606647,-63.8986703965475,-60.3754924673685,-60.3728501305516,-63.9207243769361,-60.4192344306821
1.91533333333333,-60.4425703642384,-63.9118808803368,-60.3864744403166,-60.3838581418969,-63.933967876538,-60.4302242870677
1.91566666666667,-60.453594160254,-63.9250754780025,-60.3974416559815,-60.39485138433,-63.9471953959873,-60.4411994155779
1.916,-60.4646031788716,-63.9382542206663,-60.4083941444591,-60.4058298880215,-63.9604069664918,-60.4521598463451
1.91633333333333,-60.4755974501738,-63.9514171393733,-60.4193319357684,-60.4167936830644,-63.9736026191825,-60.4631056094244
1.91666666666667,-60.4865770041654,-63.9645642650924,-60.430255059851,-60.4277427994742,-63.9867823851138,-60.4740367347938
1.917,-60.4975418707743,-63.9776956287165,-60.4411635465721,-60.4386772671895,-63.9999462952641,-60.4849532523547
1.91733333333333,-60.5084920798513,-63.9908112610624,-60.4520574257202,-60.4495971160717,-64.0130943805357,-60.4958551919317
1.91766666666667,-60.5194276611705,-64.0039111928715,-60.4629367270075,-60.4605023759059,-64.0262266717551,-60.5067425832732
1.918,-60.5303486444297,-64.0169954548098,-60.4738014800703,-60.4713930764007,-64.0393431996734,-60.5176154560518
1.91833333333333,-60.5412550592504,-64.0300640774683,-60.484651714469,-60.4822692471884,-64.0524439949666,-60.528473839864
1.91866666666667,-60.5521469351782,-64.0431170913631,-60.4954874596887,-60.4931309178256,-64.0655290882355,-60.5393177642311
1.919,-60.5630243016831,-64.0561545269358,-60.5063087451391,-60.5039781177933,-64.0785985100062,-60.5501472585987
1.91933333333333,-60.5738871881594,-64.0691764145535,-60.5171156001549,-60.5148108764972,-64.0916522907304,-60.5609623523377
1.91966666666667,-60.5847356239266,-64.0821827845093,-60.5279080539961,-60.5256292232676,-64.1046904607855,-60.5717630747443
1.92,-60.595569638229,-64.0951736670225,-60.538686135848,-60.5364331873602,-64.117713050475,-60.5825494550398
1.92033333333333,-60.6063892602362,-64.1081490922386,-60.5494498748218,-60.5472227979559,-64.1307200900285,-60.5933215223715
1.92066666666667,-60.6171945190436,-64.1211090902299,-60.5601992999547,-60.5579980841614,-64.1437116096021,-60.6040793058126
1.921,-60.6279854436723,-64.1340536909955,-60.5709344402101,-60.5687590750091,-64.1566876392786,-60.6148228343624
1.92133333333333,-60.6387620630692,-64.1469829244616,-60.5816553244776,-60.5795057994576,-64.1696482090679,-60.6255521369468
1.92166666666667,-60.6495244061078,-64.1598968204817,-60.5923619815738,-60.5902382863918,-64.1825933489071,-60.6362672424181
1.922,-60.6602725015881,-64.172795408837,-60.6030544402422,-60.6009565646232,-64.1955230886605,-60.6469681795559
1.92233333333333,-60.6710063782368,-64.1856787192364,-60.6137327291532,-60.6116606628902,-64.2084374581202,-60.6576549770668
1.92266666666667,-60.6817260647075,-64.1985467813169,-60.6243968769051,-60.6223506098582,-64.2213364870064,-60.6683276635846
1.923,-60.6924315895813,-64.2113996246438,-60.6350469120234,-60.6330264341199,-64.2342202049671,-60.678986267671
1.92333333333333,-60.7031229813666,-64.2242372787107,-60.6456828629618,-60.6436881641956,-64.2470886415791,-60.6896308178155
1.92366666666667,-60.7138002684997,-64.2370597729403,-60.6563047581019,-60.6543358285334,-64.2599418263473,-60.7002613424356
1.924,-60.7244634793447,-64.2498671366841,-60.6669126257537,-60.6649694555094,-64.2727797887059,-60.7108778698774
1.92433333333333,-60.735112642194,-64.2626593992227,-60.677506494156,-60.675589073428,-64.285602558018,-60.7214804284154
1.92466666666667,-60.7457477852685,-64.2754365897664,-60.6880863914763,-60.686194710522,-64.2984101635758,-60.7320690462528
1.925,-60.7563689367175,-64.2881987374548,-60.6986523458109,-60.696786394953,-64.3112026346014,-60.7426437515221
1.92533333333333,-60.7669761246194,-64.3009458713578,-60.7092043851858,-60.7073641548115,-64.3239800002464,-60.7532045722849
1.92566666666667,-60.7775693769819,-64.3136780204752,-60.7197425375564,-60.7179280181174,-64.3367422895926,-60.7637515365324
1.926,-60.7881487217418,-64.3263952137371,-60.7302668308077,-60.7284780128197,-64.3494895316517,-60.7742846721854
1.92633333333333,-60.7987141867656,-64.3390974800043,-60.7407772927548,-60.7390141667973,-64.3622217553661,-60.7848040070949
1.92666666666667,-60.8092657998496,-64.3517848480682,-60.7512739511429,-60.7495365078588,-64.3749389896089,-60.7953095690418
1.927,-60.8198035887201,-64.3644573466516,-60.7617568336479,-60.7600450637431,-64.3876412631838,-60.8058013857378
1.92733333333333,-60.8303275810339,-64.3771150044081,-60.772225967876,-60.7705398621193,-64.4003286048259,-60.8162794848247
1.92766666666667,-60.8408378043781,-64.3897578499229,-60.7826813813645,-60.7810209305872,-64.4130010432016,-60.8267438938757
1.928,-60.8513342862705,-64.4023859117131,-60.7931231015818,-60.7914882966772,-64.4256586069086,-60.8371946403948
1.92833333333333,-60.8618170541601,-64.4149992182274,-60.8035511559275,-60.8019419878508,-64.4383013244766,-60.8476317518175
1.92866666666667,-60.8722861354268,-64.4275977978467,-60.813965571733,-60.8123820315008,-64.4509292243673,-60.8580552555105
1.929,-60.8827415573822,-64.4401816788844,-60.8243663762611,-60.8228084549514,-64.4635423349746,-60.8684651787726
1.92933333333333,-60.8931833472693,-64.4527508895862,-60.834753596707,-60.8332212854585,-64.4761406846246,-60.8788615488345
1.92966666666667,-60.9036115322629,-64.4653054581308,-60.8451272601977,-60.8436205502098,-64.4887243015763,-60.889244392859
1.93,-60.9140261394701,-64.4778454126296,-60.8554873937931,-60.8540062763253,-64.5012932140215,-60.8996137379415
1.93033333333333,-60.9244271959302,-64.4903707811275,-60.8658340244854,-60.8643784908573,-64.5138474500851,-60.9099696111098
1.93066666666667,-60.9348147286149,-64.5028815916026,-60.8761671791997,-60.8747372207905,-64.5263870378251,-60.9203120393247
1.931,-60.9451887644288,-64.5153778719667,-60.8864868847943,-60.8850824930425,-64.5389120052333,-60.93064104948
1.93133333333333,-60.9555493302093,-64.5278596500654,-60.8967931680607,-60.895414334464,-64.551422380235,-60.9409566684029
1.93166666666667,-60.9658964527269,-64.5403269536784,-60.907086055724,-60.9057327718387,-64.5639181906893,-60.9512589228539
1.932,-60.9762301586858,-64.5527798105195,-60.917365574443,-60.9160378318838,-64.5763994643899,-60.9615478395275
1.93233333333333,-60.9865504747235,-64.5652182482371,-60.9276317508105,-60.9263295412502,-64.5888662290644,-60.9718234450519
1.93266666666667,-60.9968574274112,-64.5776422944143,-60.9378846113531,-60.9366079265227,-64.601318512375,-60.9820857659894
1.933,-61.0071510432545,-64.5900519765689,-60.9481241825324,-60.94687301422,-64.613756341919,-60.9923348288369
1.93333333333333,-61.0174313486929,-64.602447322154,-60.9583504907439,-60.9571248307951,-64.6261797452283,-61.0025706600256
1.93366666666667,-61.0276983701006,-64.6148283585578,-60.9685635623184,-60.9673634026356,-64.6385887497701,-61.0127932859216
1.934,-61.0379521337861,-64.6271951131041,-60.9787634235214,-60.9775887560638,-64.650983382947,-61.023002732826
1.93433333333333,-61.048192665993,-64.6395476130522,-60.9889501005537,-60.9878009173368,-64.6633636720971,-61.0331990269751
1.93466666666667,-61.0584199929,-64.6518858855976,-60.9991236195515,-60.9979999126469,-64.6757296444944,-61.0433821945403
1.935,-61.0686341406209,-64.6642099578717,-61.0092840065865,-61.0081857681217,-64.688081327349,-61.0535522616291
1.93533333333333,-61.0788351352052,-64.6765198569423,-61.0194312876664,-61.0183585098242,-64.7004187478068,-61.0637092542843
1.93566666666667,-61.0890230026378,-64.6888156098136,-61.0295654887349,-61.0285181637533,-64.7127419329503,-61.0738531984851
1.936,-61.0991977688398,-64.7010972434266,-61.0396866356718,-61.0386647558439,-64.7250509097989,-61.0839841201467
1.93633333333333,-61.1093594596682,-64.7133647846591,-61.0497947542934,-61.0487983119669,-64.7373457053082,-61.0941020451209
1.93666666666667,-61.1195081009164,-64.725618260326,-61.0598898703526,-61.0589188579296,-64.7496263463712,-61.1042069991958
1.937,-61.1296437183142,-64.7378576971796,-61.0699720095393,-61.0690264194758,-64.7618928598181,-61.1142990080967
1.93733333333333,-61.1397663375281,-64.7500831219096,-61.0800411974801,-61.0791210222861,-64.7741452724162,-61.1243780974855
1.93766666666667,-61.1498759841617,-64.7622945611434,-61.0900974597391,-61.0892026919781,-64.7863836108707,-61.1344442929618
1.938,-61.1599726837555,-64.7744920414465,-61.1001408218178,-61.0992714541064,-64.7986079018244,-61.1444976200623
1.93833333333333,-61.1700564617874,-64.786675589322,-61.1101713091553,-61.1093273341633,-64.810818171858,-61.1545381042614
1.93866666666667,-61.1801273436728,-64.7988452312117,-61.1201889471285,-61.1193703575782,-64.8230144474906,-61.1645657709713
1.939,-61.1901853547648,-64.8110009934956,-61.1301937610525,-61.1294005497186,-64.8351967551794,-61.1745806455423
1.93933333333333,-61.2002305203544,-64.8231429024926,-61.1401857761802,-61.1394179358898,-64.8473651213204,-61.1845827532627
1.93966666666667,-61.2102628656708,-64.8352709844602,-61.1501650177034,-61.1494225413352,-64.8595195722482,-61.1945721193594
1.94,-61.2202824158813,-64.8473852655951,-61.1601315107522,-61.1594143912367,-64.8716601342364,-61.2045487689979
1.94033333333333,-61.2302891960918,-64.8594857720331,-61.1700852803957,-61.1693935107146,-64.8837868334977,-61.2145127272824
1.94066666666667,-61.240283231347,-64.8715725298496,-61.1800263516418,-61.1793599248281,-64.8958996961839,-61.2244640192561
1.941,-61.2502645466302,-64.8836455650593,-61.1899547494379,-61.1893136585751,-64.9079987483868,-61.2344026699015
1.94133333333333,-61.260233166864,-64.895704903617,-61.1998704986704,-61.1992547368927,-64.9200840161374,-61.2443287041403
1.94166666666667,-61.2701891169102,-64.9077505714173,-61.2097736241656,-61.2091831846575,-64.9321555254069,-61.2542421468338
1.942,-61.2801324215702,-64.919782594295,-61.2196641506894,-61.2190990266852,-64.9442133021064,-61.2641430227832
1.94233333333333,-61.2900631055847,-64.9318009980253,-61.2295421029476,-61.2290022877317,-64.9562573720873,-61.2740313567295
1.94266666666667,-61.2999811936345,-64.9438058083238,-61.2394075055863,-61.2388929924924,-64.9682877611414,-61.2839071733538
1.943,-61.3098867103404,-64.955797050847,-61.2492603831919,-61.2487711656028,-64.9803044950011,-61.2937704972776
1.94333333333333,-61.3197796802635,-64.967774751192,-61.2591007602912,-61.258636831639,-64.9923075993399,-61.303621353063
1.94366666666667,-61.3296601279051,-64.9797389348974,-61.2689286613518,-61.268490015117,-65.0042970997718,-61.3134597652125
1.944,-61.3395280777072,-64.9916896274427,-61.2787441107823,-61.278330740494,-65.0162730218522,-61.3232857581699
1.94433333333333,-61.3493835540525,-65.003626854249,-61.2885471329321,-61.2881590321676,-65.0282353910781,-61.3330993563195
1.94466666666667,-61.3592265812648,-65.015550640679,-61.2983377520921,-61.2979749144766,-65.0401842328875,-61.3429005839875
1.945,-61.3690571836091,-65.0274610120372,-61.3081159924946,-61.307778411701,-65.0521195726606,-61.3526894654409
1.94533333333333,-61.3788753852915,-65.03935799357,-61.3178818783134,-61.3175695480621,-65.0640414357193,-61.3624660248889
1.94566666666667,-61.3886812104597,-65.051241610466,-61.3276354336642,-61.3273483477228,-65.0759498473274,-61.372230286482
1.946,-61.3984746832032,-65.0631118878564,-61.3373766826048,-61.3371148347877,-65.0878448326912,-61.381982274313
1.94633333333333,-61.4082558275533,-65.0749688508144,-61.347105649135,-61.3468690333035,-65.0997264169594,-61.3917220124167
1.94666666666667,-61.4180246674835,-65.0868125243563,-61.356822357197,-61.3566109672587,-65.111594625223,-61.4014495247704
1.947,-61.4277812269093,-65.0986429334411,-61.3665268306755,-61.3663406605843,-65.1234494825162,-61.4111648352937
1.94733333333333,-61.4375255296887,-65.1104601029707,-61.3762190933981,-61.3760581371538,-65.1352910138159,-61.4208679678489
1.94766666666667,-61.4472575996226,-65.1222640577906,-61.3858991691351,-61.3857634207832,-65.1471192440422,-61.4305589462416
1.948,-61.4569774604542,-65.1340548226894,-61.3955670815999,-61.3954565352314,-65.1589341980584,-61.4402377942198
1.94833333333333,-61.4666851358701,-65.1458324223991,-61.4052228544491,-61.4051375042003,-65.1707359006713,-61.4499045354753
1.94866666666667,-61.4763806494997,-65.1575968815958,-61.4148665112829,-61.414806351335,-65.1825243766315,-61.4595591936431
1.949,-61.486064024916,-65.1693482248992,-61.424498075645,-61.4244631002238,-65.1942996506332,-61.4692017923015
1.94933333333333,-61.4957352856352,-65.1810864768733,-61.4341175710228,-61.4341077743989,-65.2060617473148,-61.4788323549731
1.94966666666667,-61.5053944551175,-65.1928116620262,-61.4437250208476,-61.4437403973358,-65.2178106912585,-61.488450905124
1.95,-61.5150415567667,-65.2045238048103,-61.4533204484951,-61.453360992454,-65.2295465069913,-61.4980574661645
1.95033333333333,-61.5246766139307,-65.2162229296228,-61.4629038772849,-61.4629695831173,-65.2412692189844,-61.5076520614493
1.95066666666667,-61.5342996499016,-65.2279090608056,-61.4724753304815,-61.4725661926334,-65.2529788516536,-61.5172347142776
1.951,-61.5439106879158,-65.2395822226453,-61.4820348312937,-61.4821508442545,-65.2646754293597,-61.5268054478929
1.95133333333333,-61.5535097511543,-65.2512424393738,-61.4915824028752,-61.4917235611776,-65.2763589764085,-61.5363642854837
1.95166666666667,-61.5630968627428,-65.2628897351682,-61.5011180683246,-61.5012843665441,-65.2880295170508,-61.5459112501836
1.952,-61.5726720457519,-65.2745241341508,-61.5106418506859,-61.5108332834405,-65.2996870754828,-61.5554463650711
1.95233333333333,-61.5822353231972,-65.2861456603898,-61.5201537729482,-61.5203703348984,-65.3113316758463,-61.56496965317
1.95266666666667,-61.5917867180394,-65.297754337899,-61.5296538580461,-61.5298955438945,-65.3229633422287,-61.5744811374498
1.953,-61.6013262531849,-65.3093501906379,-61.53914212886,-61.5394089333512,-65.3345820986631,-61.5839808408255
1.95333333333333,-61.6108539514854,-65.3209332425122,-61.5486186082158,-61.5489105261362,-65.3461879691287,-61.5934687861577
1.95366666666667,-61.6203698357383,-65.3325035173741,-61.5580833188857,-61.5584003450632,-65.3577809775508,-61.6029449962533
1.954,-61.6298739286872,-65.3440610390216,-61.5675362835879,-61.5678784128916,-65.369361147801,-61.6124094938652
1.95433333333333,-61.6393662530214,-65.3556058311997,-61.576977524987,-61.577344752327,-65.3809285036975,-61.6218623016925
1.95466666666667,-61.6488468313766,-65.3671379176,-61.586407065694,-61.5867993860214,-65.392483069005,-61.631303442381
1.955,-61.6583156863349,-65.3786573218609,-61.5958249282666,-61.5962423365729,-65.4040248674348,-61.6407329385229
1.95533333333333,-61.6677728404248,-65.3901640675678,-61.6052311352093,-61.6056736265265,-65.4155539226456,-61.6501508126573
1.95566666666667,-61.6772183161217,-65.4016581782534,-61.6146257089734,-61.6150932783738,-65.4270702582429,-61.6595570872702
1.956,-61.6866521358477,-65.4131396773975,-61.6240086719577,-61.6245013145534,-65.4385738977794,-61.6689517847948
1.95633333333333,-61.6960743219722,-65.4246085884276,-61.6333800465079,-61.6338977574507,-65.4500648647555,-61.6783349276115
1.95666666666667,-61.7054848968116,-65.4360649347188,-61.6427398549175,-61.6432826293987,-65.4615431826189,-61.6877065380482
1.957,-61.7148838826296,-65.4475087395941,-61.6520881194273,-61.6526559526776,-65.4730088747652,-61.6970666383803
1.95733333333333,-61.7242713016376,-65.4589400263241,-61.661424862226,-61.6620177495152,-65.4844619645378,-61.7064152508311
1.95766666666667,-61.7336471759946,-65.470358818128,-61.6707501054503,-61.671368042087,-65.4959024752283,-61.7157523975718
1.958,-61.7430115278075,-65.4817651381729,-61.6800638711851,-61.6807068525165,-65.5073304300762,-61.7250781007214
1.95833333333333,-61.7523643791312,-65.4931590095744,-61.6893661814631,-61.6900342028751,-65.5187458522697,-61.7343923823476
1.95866666666667,-61.7617057519686,-65.5045404553968,-61.6986570582659,-61.6993501151823,-65.5301487649452,-61.743695264466
1.959,-61.7710356682712,-65.515909498653,-61.7079365235234,-61.7086546114062,-65.5415391911879,-61.7529867690412
1.95933333333333,-61.7803541499388,-65.5272661623048,-61.7172045991142,-61.7179477134633,-65.5529171540319,-61.7622669179862
1.95966666666667,-61.7896612188198,-65.5386104692631,-61.726461306866,-61.7272294432188,-65.5642826764601,-61.7715357331629
1.96,-61.7989568967114,-65.5499424423878,-61.7357066685554,-61.7364998224865,-65.5756357814045,-61.7807932363823
1.96033333333333,-61.80824120536,-65.5612621044883,-61.7449407059079,-61.7457588730296,-65.5869764917465,-61.7900394494046
1.96066666666667,-61.8175141664608,-65.5725694783234,-61.7541634405989,-61.75500661656,-65.5983048303169,-61.7992743939391
1.961,-61.8267758016582,-65.5838645866014,-61.7633748942529,-61.7642430747391,-65.6096208198958,-61.8084980916449
1.96133333333333,-61.8360261325465,-65.5951474519808,-61.772575088444,-61.7734682691778,-65.6209244832134,-61.8177105641304
1.96166666666667,-61.8452651806689,-65.6064180970694,-61.7817640446964,-61.7826822214364,-65.6322158429495,-61.826911832954
1.962,-61.8544929675188,-65.6176765444255,-61.7909417844841,-61.7918849530252,-65.6434949217339,-61.8361019196239
1.96233333333333,-61.8637095145393,-65.6289228165575,-61.800108329231,-61.8010764854041,-65.6547617421466,-61.8452808455985
1.96266666666667,-61.8729148431235,-65.6401569359241,-61.8092637003115,-61.8102568399833,-65.666016326718,-61.8544486322863
1.963,-61.8821089746147,-65.6513789249346,-61.8184079190504,-61.819426038123,-65.6772586979288,-61.8636053010464
1.96333333333333,-61.8912919303066,-65.6625888059488,-61.8275410067229,-61.8285841011339,-65.6884888782103,-61.8727508731881
1.96366666666667,-61.9004637314431,-65.6737866012775,-61.836662984555,-61.8377310502772,-65.6997068899445,-61.8818853699717
1.964,-61.909624399219,-65.6849723331822,-61.8457738737234,-61.8468669067645,-65.7109127554644,-61.891008812608
1.96433333333333,-61.9187739547798,-65.6961460238756,-61.854873695356,-61.8559916917586,-65.7221064970539,-61.9001212222591
1.96466666666667,-61.9279124192218,-65.7073076955216,-61.8639624705318,-61.8651054263728,-65.7332881369482,-61.9092226200381
1.965,-61.9370398135925,-65.7184573702355,-61.8730402202808,-61.8742081316719,-65.7444576973336,-61.9183130270092
1.96533333333333,-61.9461561588906,-65.729595070084,-61.8821069655849,-61.8832998286717,-65.7556152003479,-61.9273924641883
1.96566666666667,-61.955261476066,-65.7407208170855,-61.8911627273771,-61.8923805383393,-65.7667606680807,-61.9364609525426
1.966,-61.9643557860202,-65.7518346332102,-61.9002075265425,-61.9014502815936,-65.777894122573,-61.9455185129911
1.96633333333333,-61.9734391096064,-65.7629365403802,-61.9092413839178,-61.910509079305,-65.7890155858178,-61.9545651664048
1.96666666666667,-61.9825114676296,-65.7740265604697,-61.9182643202919,-61.9195569522957,-65.8001250797602,-61.9636009336064
1.967,-61.9915728808466,-65.7851047153049,-61.9272763564057,-61.92859392134,-65.8112226262974,-61.972625835371
1.96733333333333,-62.0006233699664,-65.7961710266646,-61.9362775129526,-61.9376200071642,-65.8223082472787,-61.9816398924257
1.96766666666667,-62.0096629556502,-65.8072255162799,-61.9452678105781,-61.9466352304467,-65.833381964506,-61.9906431254504
1.968,-62.0186916585115,-65.8182682058346,-61.9542472698807,-61.9556396118187,-65.8444437997338,-61.9996355550771
1.96833333333333,-62.0277094991163,-65.8292991169652,-61.9632159114111,-61.9646331718636,-65.8554937746691,-62.0086172018909
1.96866666666667,-62.0367164979834,-65.8403182712611,-61.9721737556735,-61.9736159311175,-65.8665319109718,-62.0175880864295
1.969,-62.0457126755843,-65.8513256902648,-61.9811208231245,-61.9825879100694,-65.877558230255,-62.0265482291837
1.96933333333333,-62.0546980523434,-65.8623213954717,-61.9900571341741,-61.9915491291612,-65.8885727540845,-62.0354976505973
1.96966666666667,-62.0636726486382,-65.8733054083306,-61.9989827091857,-62.0004996087881,-65.8995755039795,-62.0444363710675
1.97,-62.0726364847993,-65.884277750244,-62.007897568476,-62.0094393692982,-65.9105665014128,-62.0533644109448
1.97033333333333,-62.0815895811109,-65.8952384425675,-62.0168017323151,-62.0183684309931,-65.9215457678104,-62.0622817905332
1.97066666666667,-62.0905319578105,-65.9061875066107,-62.025695220927,-62.0272868141281,-65.9325133245519,-62.0711885300906
1.971,-62.0994636350892,-65.917124963637,-62.0345780544895,-62.0361945389119,-65.943469192971,-62.0800846498284
1.97133333333333,-62.108384633092,-65.9280508348635,-62.0434502531343,-62.0450916255071,-65.9544133943549,-62.0889701699121
1.97166666666667,-62.1172949719177,-65.9389651414616,-62.0523118369472,-62.0539780940302,-65.9653459499452,-62.0978451104613
1.972,-62.1261946716191,-65.9498679045568,-62.0611628259683,-62.0628539645518,-65.9762668809374,-62.1067094915499
1.97233333333333,-62.1350837522034,-65.9607591452292,-62.0700032401921,-62.0717192570965,-65.9871762084814,-62.1155633332058
1.97266666666667,-62.1439622336317,-65.9716388845129,-62.0788330995674,-62.0805739916436,-65.9980739536815,-62.1244066554118
1.973,-62.15283013582,-65.9825071433971,-62.0876524239978,-62.0894181881265,-66.0089601375966,-62.1332394781052
1.97333333333333,-62.1616874786386,-65.9933639428253,-62.0964612333418,-62.0982518664335,-66.0198347812401,-62.1420618211778
1.97366666666667,-62.1705342819126,-66.0042093036962,-62.1052595474125,-62.1070750464073,-66.0306979055806,-62.1508737044765
1.974,-62.1793705654218,-66.0150432468633,-62.1140473859783,-62.1158877478457,-66.0415495315411,-62.1596751478034
1.97433333333333,-62.1881963489012,-66.0258657931352,-62.1228247687626,-62.1246899905016,-66.0523896800001,-62.1684661709154
1.97466666666667,-62.1970116520408,-66.0366769632757,-62.1315917154442,-62.1334817940826,-66.0632183717912,-62.1772467935249
1.975,-62.2058164944858,-66.0474767780043,-62.1403482456574,-62.1422631782521,-66.0740356277031,-62.1860170352995
1.97533333333333,-62.2146108958368,-66.0582652579955,-62.1490943789919,-62.1510341626286,-66.0848414684802,-62.1947769158626
1.97566666666667,-62.22339487565,-66.0690424238797,-62.1578301349931,-62.1597947667859,-66.0956359148223,-62.2035264547932
1.976,-62.2321684534371,-66.0798082962431,-62.1665555331623,-62.168545010254,-66.1064189873852,-62.2122656716259
1.97633333333333,-62.2409316486657,-66.0905628956276,-62.1752705929569,-62.1772849125183,-66.11719070678,-62.2209945858516
1.97666666666667,-62.2496844807591,-66.1013062425311,-62.18397533379,-62.1860144930202,-66.1279510935742,-62.2297132169169
1.977,-62.2584269690968,-66.1120383574078,-62.1926697750313,-62.1947337711572,-66.1387001682912,-62.2384215842247
1.97733333333333,-62.2671591330144,-66.1227592606678,-62.2013539360066,-62.2034427662828,-66.1494379514106,-62.2471197071344
1.97766666666667,-62.2758809918037,-66.1334689726778,-62.2100278359982,-62.212141497707,-66.1601644633683,-62.2558076049616
1.978,-62.2845925647131,-66.1441675137611,-62.2186914942451,-62.2208299846962,-66.1708797245566,-62.2644852969785
1.97833333333333,-62.2932938709474,-66.1548549041972,-62.2273449299429,-62.2295082464732,-66.1815837553245,-62.2731528024142
1.97866666666667,-62.3019849296679,-66.1655311642227,-62.2359881622441,-62.2381763022177,-66.1922765759775,-62.2818101404544
1.979,-62.3106657599931,-66.1761963140309,-62.2446212102581,-62.246834171066,-66.2029582067781,-62.2904573302418
1.97933333333333,-62.3193363809981,-66.186850373772,-62.2532440930515,-62.2554818721115,-66.2136286679456,-62.2990943908763
1.97966666666667,-62.327996811715,-66.1974933635533,-62.2618568296481,-62.2641194244045,-66.2242879796563,-62.3077213414147
1.98,-62.3366470711333,-66.2081253034394,-62.2704594390289,-62.2727468469526,-66.2349361620437,-62.3163382008715
1.98033333333333,-62.3452871781997,-66.2187462134522,-62.2790519401325,-62.2813641587206,-66.2455732351987,-62.3249449882183
1.98066666666667,-62.3539171518182,-66.2293561135709,-62.2876343518552,-62.2899713786309,-66.2561992191694,-62.3335417223845
1.981,-62.3625370108504,-66.2399550237325,-62.2962066930507,-62.2985685255632,-66.2668141339617,-62.3421284222571
1.98133333333333,-62.3711467741157,-66.2505429638314,-62.3047689825307,-62.3071556183552,-66.2774179995387,-62.3507051066809
1.98166666666667,-62.3797464603911,-66.26111995372,-62.313321239065,-62.3157326758022,-66.2880108358217,-62.3592717944586
1.982,-62.3883360884116,-66.2716860132085,-62.3218634813813,-62.3242997166573,-66.2985926626896,-62.367828504351
1.98233333333333,-62.3969156768701,-66.2822411620652,-62.3303957281654,-62.3328567596319,-66.3091634999795,-62.3763752550771
1.98266666666667,-62.4054852444178,-66.2927854200165,-62.3389179980617,-62.3414038233954,-66.3197233674862,-62.3849120653142
1.983,-62.4140448096642,-66.303318806747,-62.3474303096729,-62.3499409265756,-66.3302722849633,-62.3934389536979
1.98333333333333,-62.4225943911769,-66.3138413418997,-62.3559326815601,-62.3584680877585,-66.3408102721222,-62.4019559388224
1.98366666666667,-62.4311340074824,-66.3243530450763,-62.3644251322433,-62.3669853254889,-66.3513373486331,-62.4104630392406
1.984,-62.4396636770655,-66.3348539358366,-62.3729076802013,-62.37549265827,-66.3618535341246,-62.4189602734642
1.98433333333333,-62.4481834183699,-66.3453440336997,-62.3813803438716,-62.3839901045639,-66.372358848184,-62.4274476599636
1.98466666666667,-62.4566932497982,-66.3558233581431,-62.389843141651,-62.3924776827916,-66.3828533103573,-62.4359252171683
1.985,-62.4651931897119,-66.3662919286035,-62.3982960918952,-62.400955411333,-66.3933369401498,-62.4443929634671
1.98533333333333,-62.4736832564318,-66.3767497644764,-62.4067392129193,-62.4094233085271,-66.4038097570252,-62.4528509172078
1.98566666666667,-62.4821634682375,-66.3871968851167,-62.4151725229979,-62.4178813926723,-66.4142717804068,-62.4612990966976
1.986,-62.4906338433683,-66.3976333098384,-62.4235960403647,-62.4263296820261,-66.424723029677,-62.4697375202033
1.98633333333333,-62.4990944000228,-66.408059057915,-62.4320097832135,-62.4347681948058,-66.4351635241776,-62.4781662059512
1.98666666666667,-62.5075451563594,-66.4184741485794,-62.4404137696975,-62.4431969491879,-66.4455932832096,-62.4865851721272
1.987,-62.5159861304958,-66.4288786010243,-62.4488080179299,-62.4516159633088,-66.456012326034,-62.4949944368773
1.98733333333333,-62.5244173405098,-66.4392724344018,-62.4571925459838,-62.4600252552649,-66.4664206718711,-62.5033940183071
1.98766666666667,-62.532838804439,-66.4496556678241,-62.4655673718924,-62.4684248431121,-66.4768183399013,-62.5117839344826
1.988,-62.541250540281,-66.4600283203632,-62.473932513649,-62.4768147448668,-66.4872053492646,-62.5201642034296
1.98833333333333,-62.5496525659937,-66.4703904110512,-62.4822879892073,-62.4851949785051,-66.4975817190613,-62.5285348431344
1.98866666666667,-62.5580448994951,-66.4807419588804,-62.4906338164814,-62.4935655619637,-66.5079474683516,-62.5368958715436
1.989,-62.5664275586635,-66.4910829828032,-62.4989700133459,-62.5019265131396,-66.5183026161561,-62.5452473065644
1.98933333333333,-62.574800561338,-66.5014135017324,-62.507296597636,-62.5102778498902,-66.5286471814556,-62.5535891660645
1.98966666666667,-62.5831639253181,-66.5117335345414,-62.5156135871478,-62.5186195900336,-66.5389811831914,-62.5619214678723
1.99,-62.5915176683639,-66.5220431000642,-62.5239209996381,-62.5269517513487,-66.5493046402653,-62.5702442297772
1.99033333333333,-62.5998618081964,-66.5323422170953,-62.5322188528247,-62.535274351575,-66.5596175715399,-62.5785574695294
1.99066666666667,-62.6081963624977,-66.5426309043901,-62.5405071643865,-62.5435874084132,-66.5699199958384,-62.5868612048401
1.991,-62.6165213489107,-66.5529091806648,-62.5487859519637,-62.5518909395248,-66.5802119319449,-62.5951554533818
1.99133333333333,-62.6248367850397,-66.5631770645969,-62.5570552331575,-62.5601849625327,-66.5904933986046,-62.6034402327884
1.99166666666667,-62.63314268845,-66.5734345748246,-62.565315025531,-62.5684694950209,-66.6007644145236,-62.6117155606547
1.992,-62.6414390766684,-66.5836817299476,-62.5735653466083,-62.5767445545348,-66.6110249983693,-62.6199814545376
1.99233333333333,-62.6497259671832,-66.5939185485268,-62.5818062138754,-62.5850101585814,-66.6212751687703,-62.6282379319551
1.99266666666667,-62.6580033774443,-66.6041450490846,-62.5900376447801,-62.5932663246292,-66.6315149443167,-62.6364850103872
1.993,-62.6662713248632,-66.6143612501048,-62.5982596567319,-62.6015130701084,-66.6417443435601,-62.6447227072756
1.99333333333333,-62.6745298268134,-66.6245671700329,-62.6064722671021,-62.6097504124111,-66.6519633850135,-62.6529510400239
1.99366666666667,-62.68277890063,-66.6347628272761,-62.6146754932245,-62.6179783688913,-66.6621720871518,-62.6611700259978
1.994,-62.6910185636105,-66.6449482402035,-62.6228693523948,-62.626196956865,-66.6723704684117,-62.6693796825252
1.99433333333333,-62.6992488330143,-66.6551234271461,-62.6310538618708,-62.6344061936104,-66.6825585471916,-62.677580026896
1.99466666666667,-62.707469726063,-66.6652884063969,-62.639229038873,-62.6426060963677,-66.6927363418521,-62.6857710763627
1.995,-62.7156812599407,-66.675443196211,-62.6473949005842,-62.6507966823398,-66.702903870716,-62.6939528481401
1.99533333333333,-62.7238834517938,-66.6855878148058,-62.6555514641499,-62.6589779686919,-66.7130611520679,-62.7021253594056
1.99566666666667,-62.7320763187314,-66.695722280361,-62.6636987466781,-62.6671499725516,-66.7232082041552,-62.7102886272994
1.996,-62.7402598778252,-66.7058466110188,-62.6718367652398,-62.6753127110095,-66.7333450451874,-62.7184426689242
1.99633333333333,-62.7484341461095,-66.7159608248838,-62.6799655368688,-62.6834662011187,-66.7434716933366,-62.7265875013457
1.99666666666667,-62.7565991405818,-66.7260649400235,-62.6880850785619,-62.6916104598953,-66.7535881667374,-62.7347231415926
1.997,-62.7647548782022,-66.7361589744677,-62.696195407279,-62.6997455043183,-66.7636944834873,-62.7428496066567
1.99733333333333,-62.7729013758942,-66.7462429462094,-62.7042965399434,-62.7078713513298,-66.7737906616464,-62.7509669134929
1.99766666666667,-62.7810386505443,-66.7563168732044,-62.7123884934413,-62.7159880178352,-66.783876719238,-62.7590750790194
1.998,-62.7891667190023,-66.7663807733715,-62.7204712846228,-62.724095520703,-66.793952674248,-62.7671741201178
1.99833333333333,-62.7972855980815,-66.7764346645927,-62.7285449303012,-62.7321938767652,-66.8040185446257,-62.7752640536332
1.99866666666667,-62.8053953045584,-66.7864785647131,-62.7366094472534,-62.7402831028172,-66.8140743482835,-62.7833448963743
1.999,-62.8134958551734,-66.7965124915412,-62.7446648522202,-62.7483632156182,-66.8241201030971,-62.7914166651134
1.99933333333333,-62.8215872666305,-66.806536462849,-62.7527111619062,-62.7564342318909,-66.8341558269056,-62.7994793765866
1.99966666666667,-62.8296695555974,-66.8165504963717,-62.7607483929797,-62.7644961683218,-66.8441815375114,-62.807533047494
2,-62.8377427387058,-66.8265546098085,-62.7687765620733,-62.7725490415615,-66.8541972526809,-62.8155776944997
