"Freq [GHz]","dB(S(1,2)) []","dB(S(1,3)) []","dB(S(1,4)) []","dB(S(2,3)) []","dB(S(2,4)) []","dB(S(3,4)) []"
1,-81.9149819105443,-79.347028050209,-81.9722024949074,-82.0530867553241,-79.3527405137071,-82.0686341522986
1.00033333333333,-81.9070893517103,-79.3361436138817,-81.9641015531185,-82.0451299231351,-79.3418266782022,-82.0607581484178
1.00066666666667,-81.8991855845837,-79.3252521448308,-81.9559893903503,-82.037161791711,-79.3309057962051,-82.0528710848875
1.001,-81.8912705874684,-79.3143536355447,-81.9478659855468,-82.0291823395527,-79.3199778602093,-82.0449729400973
1.00133333333333,-81.8833443386524,-79.3034480785038,-81.939731317637,-82.0211915451471,-79.3090428627006,-82.0370636924181
1.00166666666667,-81.8754068164082,-79.2925354661805,-81.9315853655357,-82.013189386967,-79.2981007961565,-82.0291433202019
1.002,-81.8674579989927,-79.2816157910391,-81.9234281081431,-82.0051758434716,-79.2871516530465,-82.0212118017824
1.00233333333333,-81.8594978646476,-79.2706890455361,-81.9152595243451,-81.9971508931061,-79.276195425832,-82.0132691154748
1.00266666666667,-81.8515263915992,-79.2597552221197,-81.9070795930138,-81.9891145143023,-79.2652321069662,-82.0053152395756
1.003,-81.8435435580587,-79.2488143132302,-81.8988882930068,-81.9810666854786,-79.2542616888941,-81.9973501523637
1.00333333333333,-81.8355493422226,-79.2378663112996,-81.8906856031682,-81.9730073850398,-79.2432841640527,-81.9893738320995
1.00366666666667,-81.8275437222723,-79.2269112087521,-81.8824715023283,-81.9649365913781,-79.2322995248708,-81.9813862570257
1.004,-81.8195266763747,-79.2159489980033,-81.8742459693037,-81.956854282872,-79.2213077637686,-81.973387405367
1.00433333333333,-81.811498182682,-79.2049796714609,-81.8660089828977,-81.9487604378876,-79.2103088731586,-81.9653772553305
1.00466666666667,-81.8034582193322,-79.1940032215245,-81.8577605218999,-81.9406550347782,-79.1993028454446,-81.9573557851059
1.005,-81.7954067644488,-79.1830196405854,-81.8495005650871,-81.9325380518842,-79.1882896730222,-81.9493229728651
1.00533333333333,-81.7873437961413,-79.1720289210264,-81.8412290912228,-81.9244094675338,-79.1772693482789,-81.9412787967632
1.00566666666667,-81.7792692925052,-79.1610310552224,-81.8329460790576,-81.9162692600429,-79.1662418635935,-81.9332232349376
1.006,-81.7711832316221,-79.1500260355398,-81.8246515073293,-81.9081174077152,-79.1552072113367,-81.9251562655091
1.00633333333333,-81.76308559156,-79.1390138543367,-81.8163453547631,-81.899953888842,-79.1441653838708,-81.9170778665814
1.00666666666667,-81.7549763503731,-79.1279945039629,-81.8080276000715,-81.8917786817033,-79.1331163735494,-81.9089880162416
1.007,-81.7468554861024,-79.1169679767599,-81.7996982219548,-81.883591764567,-79.122060172718,-81.9008866925599
1.00733333333333,-81.7387229767756,-79.1059342650607,-81.7913571991008,-81.8753931156895,-79.1109967737135,-81.8927738735901
1.00766666666667,-81.730578800407,-79.09489336119,-81.7830045101854,-81.8671827133156,-79.0999261688642,-81.88464953737
1.008,-81.7224229349982,-79.083845257464,-81.7746401338725,-81.8589605356789,-79.0888483504901,-81.8765136619205
1.00833333333333,-81.7142553585377,-79.0727899461904,-81.766264048814,-81.8507265610019,-79.0777633109025,-81.8683662252471
1.00866666666667,-81.7060760490015,-79.0617274196684,-81.7578762336502,-81.8424807674961,-79.0666710424041,-81.8602072053388
1.009,-81.697884984353,-79.0506576701889,-81.7494766670097,-81.8342231333618,-79.0555715372892,-81.8520365801692
1.00933333333333,-81.6896821425429,-79.039580690034,-81.74106532751,-81.8259536367891,-79.0444647878433,-81.8438543276959
1.00966666666667,-81.6814675015101,-79.0284964714775,-81.7326421937571,-81.817672255957,-79.0333507863433,-81.8356604258612
1.01,-81.6732410391808,-79.0174050067843,-81.7242072443457,-81.8093789690345,-79.0222295250576,-81.827454852592
1.01033333333333,-81.6650027334698,-79.0063062882111,-81.7157604578596,-81.8010737541801,-79.0111009962456,-81.8192375857997
1.01066666666667,-81.6567525622796,-78.9952003080056,-81.7073018128721,-81.7927565895422,-78.9999651921583,-81.8110086033809
1.011,-81.6484905035013,-78.984087058407,-81.6988312879452,-81.7844274532593,-78.9888221050378,-81.802767883217
1.01133333333333,-81.6402165350143,-78.9729665316458,-81.6903488616307,-81.7760863234599,-78.9776717271174,-81.7945154031746
1.01166666666667,-81.6319306346867,-78.961838719944,-81.68185451247,-81.7677331782631,-78.9665140506217,-81.7862511411059
1.012,-81.6236327803754,-78.9507036155144,-81.6733482189939,-81.7593679957783,-78.9553490677664,-81.7779750748481
1.01233333333333,-81.615322949926,-78.9395612105614,-81.6648299597233,-81.7509907541056,-78.9441767707585,-81.7696871822243
1.01266666666667,-81.6070011211735,-78.9284114972806,-81.6562997131692,-81.7426014313358,-78.9329971517959,-81.7613874410433
1.013,-81.5986672719418,-78.9172544678588,-81.6477574578325,-81.7342000055507,-78.9218102030678,-81.7530758290998
1.01333333333333,-81.5903213800443,-78.9060901144737,-81.6392031722046,-81.7257864548233,-78.9106159167544,-81.7447523241745
1.01366666666667,-81.5819634232841,-78.8949184292944,-81.6306368347671,-81.7173607572176,-78.8994142850269,-81.7364169040342
1.014,-81.5735933794536,-78.8837394044811,-81.6220584239925,-81.7089228907893,-78.8882053000478,-81.7280695464322
1.01433333333333,-81.5652112263354,-78.8725530321851,-81.6134679183438,-81.7004728335855,-78.8769889539702,-81.7197102291084
1.01466666666667,-81.5568169417018,-78.8613593045485,-81.6048652962751,-81.692010563645,-78.8657652389385,-81.7113389297888
1.015,-81.5484105033154,-78.8501582137049,-81.5962505362314,-81.6835360589985,-78.8545341470878,-81.7029556261868
1.01533333333333,-81.5399918889292,-78.8389497517784,-81.5876236166488,-81.6750492976688,-78.8432956705443,-81.6945602960023
1.01566666666667,-81.5315610762862,-78.8277339108845,-81.578984515955,-81.6665502576708,-78.8320498014251,-81.6861529169226
1.016,-81.5231180431206,-78.8165106831294,-81.5703332125689,-81.658038917012,-78.820796531838,-81.6777334666219
1.01633333333333,-81.5146627671571,-78.8052800606105,-81.5616696849013,-81.6495152536919,-78.8095358538817,-81.669301922762
1.01666666666667,-81.5061952261111,-78.7940420354157,-81.5529939113546,-81.6409792457032,-78.7982677596459,-81.6608582629922
1.017,-81.4977153976895,-78.7827965996242,-81.5443058703233,-81.6324308710311,-78.7869922412109,-81.6524024649494
1.01733333333333,-81.4892232595902,-78.7715437453058,-81.5356055401938,-81.6238701076539,-78.7757092906478,-81.6439345062586
1.01766666666667,-81.4807187895025,-78.7602834645212,-81.5268928993449,-81.6152969335431,-78.7644189000184,-81.6354543645325
1.018,-81.4722019651073,-78.7490157493219,-81.5181679261479,-81.6067113266635,-78.7531210613753,-81.6269620173721
1.01833333333333,-81.4636727640773,-78.7377405917502,-81.5094305989663,-81.5981132649733,-78.7418157667617,-81.6184574423666
1.01866666666667,-81.4551311640771,-78.7264579838391,-81.5006808961568,-81.5895027264243,-78.7305030082115,-81.6099406170938
1.019,-81.4465771427631,-78.7151679176122,-81.4919187960684,-81.5808796889622,-78.7191827777492,-81.60141151912
1.01933333333333,-81.4380106777841,-78.7038703850842,-81.4831442770436,-81.5722441305267,-78.7078550673899,-81.5928701260004
1.01966666666667,-81.4294317467814,-78.6925653782599,-81.4743573174179,-81.5635960290515,-78.6965198691393,-81.584316415279
1.02,-81.4208403273886,-78.6812528891352,-81.46555789552,-81.5549353624647,-78.6851771749935,-81.575750364489
1.02033333333333,-81.412236397232,-78.6699329096964,-81.4567459896723,-81.5462621086889,-78.6738269769393,-81.5671719511528
1.02066666666667,-81.403619933931,-78.6586054319204,-81.4479215781908,-81.537576245641,-78.6624692669538,-81.5585811527821
1.021,-81.3949909150978,-78.6472704477747,-81.4390846393851,-81.5288777512331,-78.6511040370049,-81.5499779468785
1.02133333333333,-81.3863493183378,-78.6359279492172,-81.4302351515591,-81.520166603372,-78.6397312790506,-81.541362310933
1.02166666666667,-81.3776951212499,-78.6245779281965,-81.4213730930105,-81.5114427799597,-78.6283509850392,-81.5327342224265
1.022,-81.3690283014265,-78.6132203766516,-81.4124984420314,-81.5027062588935,-78.6169631469098,-81.5240936588303
1.02233333333333,-81.3603488364535,-78.6018552865117,-81.4036111769085,-81.4939570180662,-78.6055677565915,-81.5154405976055
1.02266666666667,-81.3516567039108,-78.5904826496969,-81.3947112759228,-81.485195035366,-78.5941648060038,-81.5067750162038
1.023,-81.3429518813725,-78.5791024581172,-81.3857987173503,-81.4764202886771,-78.5827542870566,-81.4980968920675
1.02333333333333,-81.3342343464066,-78.5677147036733,-81.3768734794617,-81.4676327558797,-78.57133619165,-81.4894062026293
1.02366666666667,-81.3255040765756,-78.5563193782559,-81.367935540523,-81.4588324148498,-78.5599105116742,-81.4807029253131
1.024,-81.3167610494364,-78.5449164737465,-81.3589848787953,-81.4500192434602,-78.5484772390097,-81.4719870375338
1.02433333333333,-81.3080052425408,-78.5335059820163,-81.350021472535,-81.4411932195798,-78.5370363655273,-81.4632585166972
1.02466666666667,-81.2992366334355,-78.5220878949271,-81.3410452999943,-81.4323543210741,-78.5255878830876,-81.4545173402009
1.025,-81.2904551996619,-78.5106622043309,-81.332056339421,-81.4235025258056,-78.5141317835417,-81.4457634854336
1.02533333333333,-81.2816609187569,-78.4992289020697,-81.3230545690587,-81.4146378116338,-78.5026680587306,-81.436996929776
1.02566666666667,-81.2728537682528,-78.4877879799758,-81.3140399671473,-81.4057601564152,-78.4911967004852,-81.4282176506006
1.026,-81.2640337256772,-78.4763394298717,-81.3050125119226,-81.3968695380037,-78.4797177006268,-81.419425625272
1.02633333333333,-81.2552007685537,-78.4648832435697,-81.295972181617,-81.3879659342506,-78.4682310509664,-81.4106208311467
1.02666666666667,-81.2463548744017,-78.4534194128726,-81.2869189544593,-81.3790493230051,-78.4567367433051,-81.401803245574
1.027,-81.2374960207367,-78.4419479295728,-81.2778528086751,-81.3701196821139,-78.4452347694337,-81.3929728458955
1.02733333333333,-81.2286241850702,-78.4304687854531,-81.2687737224868,-81.3611769894221,-78.4337251211333,-81.3841296094454
1.02766666666667,-81.2197393449105,-78.418981972286,-81.2596816741139,-81.3522212227726,-78.4222077901746,-81.3752735135511
1.028,-81.2108414777622,-78.407487481834,-81.2505766417731,-81.343252360007,-78.4106827683181,-81.3664045355329
1.02833333333333,-81.2019305611269,-78.3959853058496,-81.2414586036784,-81.3342703789652,-78.3991500473144,-81.3575226527041
1.02866666666667,-81.1930065725028,-78.3844754360752,-81.2323275380413,-81.3252752574859,-78.3876096189037,-81.348627842372
1.029,-81.1840694893857,-78.372957864243,-81.223183423071,-81.3162669734066,-78.3760614748158,-81.3397200818367
1.02933333333333,-81.1751192892683,-78.3614325820751,-81.2140262369748,-81.3072455045641,-78.3645056067705,-81.3307993483927
1.02966666666667,-81.1661559496408,-78.3498995812833,-81.2048559579578,-81.2982108287941,-78.3529420064772,-81.3218656193281
1.03,-81.1571794479913,-78.3383588535692,-81.1956725642232,-81.289162923932,-78.341370665635,-81.3129188719251
1.03033333333333,-81.1481897618055,-78.3268103906242,-81.1864760339729,-81.2801017678126,-78.3297915759324,-81.3039590834603
1.03066666666667,-81.1391868685671,-78.3152541841295,-81.177266345407,-81.2710273382706,-78.3182047290478,-81.2949862312046
1.031,-81.1301707457581,-78.3036902257556,-81.1680434767246,-81.2619396131405,-78.3066101166491,-81.2860002924236
1.03133333333333,-81.1211413708587,-78.2921185071632,-81.1588074061234,-81.252838570257,-78.2950077303936,-81.2770012443776
1.03166666666667,-81.1120987213478,-78.280539020002,-81.1495581118003,-81.2437241874552,-78.2833975619282,-81.2679890643221
1.032,-81.1030427747029,-78.2689517559119,-81.1402955719513,-81.2345964425705,-78.2717796028893,-81.2589637295075
1.03233333333333,-81.0939735084005,-78.2573567065219,-81.131019764772,-81.225455313439,-78.2601538449027,-81.2499252171797
1.03266666666667,-81.0848908999159,-78.2457538634507,-81.1217306684574,-81.2163007778977,-78.2485202795837,-81.2408735045799
1.033,-81.075794926724,-78.2341432183066,-81.1124282612021,-81.2071328137845,-78.2368788985367,-81.2318085689452
1.03333333333333,-81.066685566299,-78.2225247626871,-81.1031125212007,-81.1979513989386,-78.2252296933559,-81.2227303875084
1.03366666666667,-81.0575627961144,-78.2108984881794,-81.093783426648,-81.1887565112006,-78.2135726556245,-81.2136389374985
1.034,-81.0484265936441,-78.1992643863599,-81.0844409557388,-81.1795481284124,-78.2019077769151,-81.2045341961405
1.03433333333333,-81.0392769363614,-78.1876224487945,-81.0750850866685,-81.1703262284179,-78.1902350487894,-81.1954161406561
1.03466666666667,-81.0301138017401,-78.1759726670384,-81.0657157976329,-81.1610907890628,-78.1785544627985,-81.1862847482632
1.035,-81.0209371672541,-78.164315032636,-81.0563330668287,-81.151841788195,-78.1668660104827,-81.1771399961769
1.03533333333333,-81.0117470103781,-78.152649537121,-81.0469368724534,-81.1425792036643,-78.1551696833713,-81.1679818616088
1.03566666666667,-81.0025433085872,-78.1409761720166,-81.0375271927056,-81.1333030133235,-78.1434654729828,-81.1588103217678
1.036,-80.9933260393576,-78.1292949288348,-81.0281040057853,-81.1240131950277,-78.1317533708249,-81.1496253538603
1.03633333333333,-80.9840951801663,-78.1176057990772,-81.0186672898937,-81.1147097266347,-78.1200333683942,-81.1404269350899
1.03666666666667,-80.9748507084919,-78.1059087742341,-81.0092170232339,-81.1053925860056,-78.1083054571764,-81.1312150426581
1.037,-80.9655926018142,-78.0942038457853,-80.9997531840106,-81.0960617510045,-78.0965696286462,-81.121989653764
1.03733333333333,-80.9563208376147,-78.0824910051995,-80.9902757504303,-81.0867171994989,-78.0848258742672,-81.112750745605
1.03766666666667,-80.9470353933766,-78.0707702439344,-80.9807847007021,-81.0773589093599,-78.073074185492,-81.1034982953765
1.038,-80.937736246585,-78.0590415534367,-80.9712800130369,-81.0679868584621,-78.061314553762,-81.0942322802724
1.03833333333333,-80.9284233747275,-78.0473049251423,-80.9617616656484,-81.0586010246844,-78.0495469705076,-81.0849526774852
1.03866666666667,-80.9190967552938,-78.0355603504758,-80.9522296367528,-81.0492013859093,-78.037771427148,-81.0756594642062
1.039,-80.9097563657762,-78.0238078208509,-80.9426839045691,-81.0397879200241,-78.025987915091,-81.0663526176256
1.03933333333333,-80.9004021836696,-78.0120473276701,-80.9331244473195,-81.03036060492,-78.0141964257334,-81.0570321149328
1.03966666666667,-80.891034186472,-78.0002788623246,-80.9235512432291,-81.0209194184933,-78.0023969504606,-81.0476979333165
1.04,-80.8816523516843,-77.9885024161946,-80.9139642705267,-81.0114643386449,-77.9905894806467,-81.0383500499648
1.04033333333333,-80.8722566568109,-77.9767179806492,-80.9043635074442,-81.0019953432808,-77.9787740076545,-81.0289884420657
1.04066666666667,-80.8628470793595,-77.9649255470458,-80.8947489322175,-80.9925124103121,-77.9669505228355,-81.0196130868071
1.041,-80.8534235968414,-77.9531251067311,-80.8851205230864,-80.9830155176553,-77.9551190175295,-81.0102239613767
1.04133333333333,-80.8439861867719,-77.9413166510399,-80.8754782582945,-80.9735046432326,-77.9432794830652,-81.0008210429627
1.04166666666667,-80.8345348266702,-77.929500171296,-80.8658221160897,-80.9639797649716,-77.9314319107596,-80.9914043087539
1.042,-80.8250694940597,-77.9176756588118,-80.8561520747246,-80.9544408608062,-77.9195762919183,-80.9819737359392
1.04233333333333,-80.8155901664683,-77.9058431048882,-80.846468112456,-80.9448879086762,-77.9077126178353,-80.972529301709
1.04266666666667,-80.8060968214284,-77.8940025008145,-80.8367702075456,-80.9353208865278,-77.8958408797929,-80.9630709832543
1.043,-80.7965894364772,-77.8821538378688,-80.8270583382601,-80.9257397723135,-77.8839610690621,-80.9535987577673
1.04333333333333,-80.7870679891569,-77.8702971073175,-80.8173324828713,-80.9161445439928,-77.8720731769019,-80.9441126024418
1.04366666666667,-80.7775324570147,-77.8584323004153,-80.807592619656,-80.9065351795317,-77.8601771945598,-80.9346124944731
1.044,-80.7679828176032,-77.8465594084057,-80.7978387268969,-80.8969116569035,-77.8482731132715,-80.9250984110582
1.04433333333333,-80.7584190484806,-77.8346784225201,-80.788070782882,-80.8872739540885,-77.8363609242612,-80.9155703293962
1.04466666666667,-80.7488411272107,-77.8227893339787,-80.7782887659053,-80.8776220490746,-77.8244406187408,-80.9060282266883
1.045,-80.7392490313633,-77.8108921339896,-80.7684926542667,-80.8679559198571,-77.8125121879107,-80.8964720801379
1.04533333333333,-80.7296427385143,-77.7989868137493,-80.7586824262723,-80.8582755444392,-77.8005756229595,-80.8869018669513
1.04566666666667,-80.7200222262456,-77.7870733644427,-80.7488580602345,-80.8485809008322,-77.7886309150637,-80.8773175643371
1.046,-80.7103874721459,-77.7751517772426,-80.7390195344723,-80.8388719670552,-77.776678055388,-80.8677191495072
1.04633333333333,-80.7007384538103,-77.7632220433102,-80.7291668273113,-80.829148721136,-77.764717035085,-80.8581065996763
1.04666666666667,-80.691075148841,-77.7512841537946,-80.719299917084,-80.8194111411106,-77.7527478452954,-80.8484798920627
1.047,-80.681397534847,-77.7393380998333,-80.7094187821301,-80.8096592050239,-77.7407704771478,-80.838839003888
1.04733333333333,-80.6717055894446,-77.7273838725514,-80.6995234007964,-80.7998928909298,-77.7287849217588,-80.8291839123775
1.04766666666667,-80.6619992902574,-77.7154214630625,-80.6896137514369,-80.7901121768908,-77.7167911702326,-80.8195145947604
1.048,-80.6522786149169,-77.7034508624677,-80.6796898124137,-80.7803170409793,-77.7047892136617,-80.8098310282701
1.04833333333333,-80.642543541062,-77.6914720618565,-80.6697515620961,-80.7705074612767,-77.692779043126,-80.8001331901441
1.04866666666667,-80.6327940463399,-77.6794850523059,-80.6597989788617,-80.7606834158741,-77.6807606496934,-80.7904210576244
1.049,-80.6230301084056,-77.6674898248811,-80.6498320410962,-80.7508448828727,-77.6687340244194,-80.7806946079578
1.04933333333333,-80.6132517049229,-77.6554863706348,-80.6398507271933,-80.7409918403832,-77.6566991583472,-80.7709538183957
1.04966666666667,-80.6034588135637,-77.6434746806079,-80.6298550155556,-80.731124266527,-77.6446560425079,-80.7611986661947
1.05,-80.593651412009,-77.6314547458286,-80.6198448845939,-80.7212421394356,-77.6326046679199,-80.7514291286167
1.05033333333333,-80.5838294779485,-77.6194265573132,-80.6098203127283,-80.7113454372511,-77.6205450255893,-80.7416451829288
1.05066666666667,-80.5739929890809,-77.6073901060655,-80.5997812783875,-80.7014341381263,-77.6084771065098,-80.7318468064039
1.051,-80.5641419231147,-77.5953453830769,-80.5897277600094,-80.6915082202252,-77.5964009016625,-80.7220339763207
1.05133333333333,-80.5542762577672,-77.5832923793265,-80.5796597360416,-80.6815676617227,-77.5843164020161,-80.7122066699639
1.05166666666667,-80.544395970766,-77.571231085781,-80.5695771849409,-80.6716124408048,-77.5722235985267,-80.7023648646243
1.052,-80.5345010398481,-77.5591614933945,-80.559480085174,-80.6616425356695,-77.5601224821376,-80.6925085375993
1.05233333333333,-80.5245914427609,-77.5470835931087,-80.5493684152174,-80.6516579245259,-77.5480130437798,-80.6826376661928
1.05266666666667,-80.5146671572618,-77.5349973758527,-80.5392421535576,-80.6416585855956,-77.5358952743714,-80.6727522277154
1.053,-80.5047281611187,-77.5229028325431,-80.5291012786915,-80.6316444971116,-77.5237691648177,-80.6628521994847
1.05333333333333,-80.4947744321103,-77.5107999540839,-80.5189457691262,-80.6216156373196,-77.5116347060113,-80.6529375588256
1.05366666666667,-80.4848059480259,-77.4986887313661,-80.5087756033797,-80.6115719844775,-77.4994918888322,-80.6430082830704
1.054,-80.4748226866659,-77.4865691552686,-80.4985907599806,-80.6015135168559,-77.4873407041474,-80.6330643495588
1.05433333333333,-80.4648246258418,-77.4744412166569,-80.4883912174684,-80.5914402127381,-77.4751811428109,-80.6231057356383
1.05466666666667,-80.4548117433766,-77.4623049063843,-80.4781769543936,-80.5813520504204,-77.463013195664,-80.6131324186645
1.055,-80.4447840171048,-77.450160215291,-80.4679479493185,-80.5712490082122,-77.450836853535,-80.6031443760011
1.05533333333333,-80.4347414248726,-77.4380071342043,-80.4577041808164,-80.5611310644365,-77.438652107239,-80.5931415850199
1.05566666666667,-80.4246839445385,-77.4258456539387,-80.4474456274723,-80.5509981974294,-77.4264589475783,-80.5831240231017
1.056,-80.4146115539726,-77.4136757652959,-80.4371722678833,-80.540850385541,-77.4142573653421,-80.5730916676356
1.05633333333333,-80.4045242310576,-77.4014974590643,-80.4268840806583,-80.5306876071353,-77.4020473513065,-80.56304449602
1.05666666666667,-80.3944219536889,-77.3893107260197,-80.4165810444184,-80.5205098405902,-77.3898288962341,-80.5529824856621
1.057,-80.3843046997743,-77.3771155569246,-80.406263137797,-80.510317064298,-77.3776019908748,-80.5429056139788
1.05733333333333,-80.3741724472346,-77.3649119425283,-80.3959303394402,-80.5001092566654,-77.365366625965,-80.5328138583961
1.05766666666667,-80.3640251740037,-77.3526998735672,-80.3855826280066,-80.4898863961137,-77.3531227922279,-80.5227071963501
1.058,-80.3538628580287,-77.3404793407645,-80.3752199821679,-80.4796484610792,-77.3408704803733,-80.5125856052865
1.05833333333333,-80.3436854772703,-77.3282503348301,-80.3648423806088,-80.4693954300127,-77.3286096810977,-80.5024490626614
1.05866666666667,-80.3334930097027,-77.3160128464607,-80.354449802027,-80.4591272813808,-77.3163403850842,-80.492297545941
1.059,-80.323285433314,-77.3037668663397,-80.3440422251339,-80.448843993665,-77.3040625830025,-80.482131032602
1.05933333333333,-80.3130627261063,-77.2915123851372,-80.3336196286543,-80.4385455453624,-77.2917762655087,-80.4719495001319
1.05966666666667,-80.3028248660959,-77.2792493935099,-80.3231819913269,-80.4282319149861,-77.2794814232455,-80.4617529260291
1.06,-80.2925718313136,-77.2669778821011,-80.3127292919042,-80.4179030810648,-77.2671780468421,-80.451541287803
1.06033333333333,-80.2823035998045,-77.2546978415406,-80.3022615091528,-80.4075590221434,-77.2548661269138,-80.4413145629743
1.06066666666667,-80.2720201496288,-77.2424092624448,-80.2917786218537,-80.3971997167831,-77.2425456540626,-80.4310727290752
1.061,-80.2617214588614,-77.2301121354164,-80.2812806088022,-80.3868251435615,-77.2302166188767,-80.4208157636495
1.06133333333333,-80.2514075055926,-77.2178064510448,-80.2707674488082,-80.3764352810728,-77.2178790119303,-80.410543644253
1.06166666666667,-80.2410782679277,-77.2054921999055,-80.2602391206966,-80.366030107928,-77.2055328237843,-80.4002563484534
1.062,-80.2307337239877,-77.1931693725605,-80.2496956033071,-80.3556096027552,-77.1931780449854,-80.3899538538309
1.06233333333333,-80.2203738519094,-77.1808379595581,-80.2391368754946,-80.3451737441994,-77.1808146660667,-80.3796361379778
1.06266666666667,-80.2099986298453,-77.1684979514328,-80.2285629161292,-80.3347225109233,-77.1684426775473,-80.3693031784992
1.063,-80.1996080359641,-77.1561493387053,-80.2179737040967,-80.324255881607,-77.1560620699322,-80.3589549530133
1.06333333333333,-80.1892020484505,-77.1437921118825,-80.2073692182982,-80.313773834948,-77.1436728337127,-80.3485914391509
1.06366666666667,-80.178780645506,-77.1314262614575,-80.1967494376509,-80.3032763496622,-77.131274959366,-80.3382126145564
1.064,-80.1683438053485,-77.1190517779093,-80.1861143410881,-80.2927634044831,-77.1188684373551,-80.3278184568872
1.06433333333333,-80.1578915062127,-77.1066686517032,-80.1754639075588,-80.2822349781626,-77.1064532581289,-80.3174089438148
1.06466666666667,-80.1474237263504,-77.0942768732903,-80.1647981160288,-80.2716910494713,-77.0940294121224,-80.3069840530242
1.065,-80.1369404440304,-77.0818764331078,-80.1541169454803,-80.2611315971979,-77.0815968897561,-80.2965437622144
1.06533333333333,-80.1264416375392,-77.0694673215788,-80.1434203749118,-80.2505566001501,-77.0691556814363,-80.2860880490987
1.06566666666667,-80.1159272851803,-77.057049529112,-80.1327083833392,-80.2399660371547,-77.0567057775553,-80.2756168914048
1.066,-80.1053973652755,-77.0446230461024,-80.121980949795,-80.2293598870573,-77.0442471684907,-80.2651302668749
1.06633333333333,-80.094851856164,-77.0321878629304,-80.111238053329,-80.218738128723,-77.0317798446059,-80.254628153266
1.06666666666667,-80.0842907362034,-77.0197439699624,-80.1004796730084,-80.2081007410364,-77.01930379625,-80.2441105283501
1.067,-80.0737139837696,-77.0072913575504,-80.0897057879179,-80.1974477029015,-77.0068190137574,-80.2335773699143
1.06733333333333,-80.0631215772567,-76.9948300160319,-80.0789163771598,-80.1867789932425,-76.994325487448,-80.2230286557611
1.06766666666667,-80.0525134950776,-76.9823599357303,-80.0681114198543,-80.1760945910032,-76.9818232076275,-80.2124643637085
1.068,-80.0418897156639,-76.9698811069544,-80.0572908951395,-80.1653944751478,-76.9693121645866,-80.2018844715903
1.06833333333333,-80.0312502174663,-76.9573935199985,-80.046454782172,-80.1546786246609,-76.9567923486016,-80.191288957256
1.06866666666667,-80.0205949789546,-76.9448971651425,-80.0356030601262,-80.1439470185473,-76.944263749934,-80.1806777985717
1.069,-80.0099239786179,-76.9323920326516,-80.0247357081957,-80.1331996358329,-76.9317263588306,-80.1700509734192
1.06933333333333,-79.9992371949651,-76.9198781127766,-80.013852705592,-80.122436455564,-76.9191801655235,-80.1594084596972
1.06966666666667,-79.9885346065244,-76.9073553957534,-80.0029540315462,-80.1116574568084,-76.9066251602298,-80.1487502353211
1.07,-79.9778161918442,-76.8948238718033,-79.9920396653079,-80.1008626186547,-76.8940613331519,-80.1380762782229
1.07033333333333,-79.9670819294927,-76.882283531133,-79.9811095861459,-80.090051920213,-76.8814886744773,-80.1273865663518
1.07066666666667,-79.9563317980586,-76.8697343639341,-79.9701637733485,-80.0792253406151,-76.8689071743784,-80.1166810776744
1.071,-79.9455657761507,-76.8571763603836,-79.9592022062233,-80.0683828590143,-76.8563168230127,-80.1059597901746
1.07133333333333,-79.9347838423988,-76.8446095106437,-79.9482248640979,-80.0575244545858,-76.8437176105227,-80.0952226818538
1.07166666666667,-79.9239859754531,-76.8320338048613,-79.9372317263192,-80.046650106527,-76.8311095270356,-80.0844697307315
1.072,-79.9131721539849,-76.8194492331688,-79.9262227722545,-80.0357597940572,-76.8184925626637,-80.073700914845
1.07233333333333,-79.9023423566865,-76.8068557856832,-79.9151979812911,-80.0248534964184,-76.805866707504,-80.06291621225
1.07266666666667,-79.8914965622718,-76.7942534525066,-79.9041573328364,-80.0139311928751,-76.7932319516381,-80.0521156010204
1.073,-79.8806347494756,-76.781642223726,-79.8931008063186,-80.0029928627143,-76.7805882851328,-80.0412990592486
1.07333333333333,-79.869756897055,-76.7690220894133,-79.8820283811862,-79.9920384852459,-76.767935698039,-80.0304665650461
1.07366666666667,-79.8588629837884,-76.756393039625,-79.8709400369085,-79.9810680398032,-76.7552741803925,-80.0196180965429
1.074,-79.8479529884765,-76.7437550644024,-79.8598357529761,-79.9700815057422,-76.7426037222139,-80.0087536318885
1.07433333333333,-79.8370268899417,-76.7311081537718,-79.8487155089001,-79.9590788624426,-76.7299243135078,-79.9978731492514
1.07466666666667,-79.8260846670294,-76.7184522977437,-79.8375792842134,-79.9480600893076,-76.7172359442637,-79.98697662682
1.075,-79.8151262986068,-76.7057874863136,-79.8264270584698,-79.9370251657639,-76.7045386044554,-79.9760640428019
1.07533333333333,-79.8041517635643,-76.6931137094613,-79.815258811245,-79.9259740712623,-76.6918322840411,-79.9651353754249
1.07566666666667,-79.7931610408149,-76.6804309571512,-79.8040745221362,-79.9149067852774,-76.6791169729633,-79.9541906029368
1.076,-79.7821541092945,-76.6677392193323,-79.7928741707627,-79.9038232873081,-76.6663926611488,-79.9432297036056
1.07633333333333,-79.7711309479623,-76.6550384859377,-79.7816577367656,-79.8927235568777,-76.6536593385088,-79.9322526557195
1.07666666666667,-79.7600915358009,-76.6423287468852,-79.7704251998081,-79.8816075735337,-76.6409169949383,-79.9212594375877
1.077,-79.7490358518162,-76.6296099920768,-79.759176539576,-79.8704753168487,-76.6281656203169,-79.9102500275399
1.07733333333333,-79.737963875038,-76.6168822113987,-79.7479117357774,-79.8593267664197,-76.6154052045081,-79.8992244039268
1.07766666666667,-79.7268755845197,-76.6041453947214,-79.7366307681429,-79.8481619018688,-76.6026357373593,-79.8881825451203
1.078,-79.715770959339,-76.5913995318996,-79.7253336164261,-79.8369807028434,-76.5898572087021,-79.8771244295136
1.07833333333333,-79.7046499785974,-76.578644612772,-79.7140202604034,-79.825783149016,-76.577069608352,-79.8660500355214
1.07866666666667,-79.6935126214211,-76.5658806271616,-79.7026906798744,-79.8145692200846,-76.5642729261083,-79.85495934158
1.079,-79.6823588669604,-76.5531075648752,-79.6913448546617,-79.8033388957727,-76.5514671517544,-79.8438523261476
1.07933333333333,-79.6711886943906,-76.5403254157037,-79.6799827646113,-79.7920921558296,-76.5386522750572,-79.8327289677047
1.07966666666667,-79.6600020829115,-76.527534169422,-79.6686043895931,-79.7808289800305,-76.5258282857674,-79.8215892447534
1.08,-79.6487990117483,-76.5147338157888,-79.6572097095,-79.7695493481767,-76.5129951736197,-79.8104331358188
1.08033333333333,-79.6375794601509,-76.5019243445465,-79.6457987042494,-79.7582532400957,-76.500152928332,-79.7992606194483
1.08066666666667,-79.6263434073947,-76.4891057454215,-79.634371353782,-79.7469406356412,-76.4873015396062,-79.7880716742119
1.081,-79.6150908327806,-76.4762780081239,-79.6229276380632,-79.7356115146936,-76.4744409971274,-79.7768662787029
1.08133333333333,-79.603821715635,-76.4634411223473,-79.6114675370821,-79.7242658571599,-76.4615712905645,-79.7656444115374
1.08166666666667,-79.5925360353101,-76.4505950777692,-79.5999910308527,-79.7129036429737,-76.4486924095697,-79.7544060513547
1.082,-79.5812337711841,-76.4377398640504,-79.588498099413,-79.7015248520958,-76.4358043437785,-79.7431511768178
1.08233333333333,-79.5699149026612,-76.4248754708354,-79.5769887228262,-79.690129464514,-76.4229070828099,-79.7318797666132
1.08266666666667,-79.5585794091719,-76.4120018877523,-79.5654628811798,-79.6787174602433,-76.4100006162661,-79.7205917994511
1.083,-79.547227270173,-76.3991191044123,-79.5539205545866,-79.6672888193262,-76.3970849337327,-79.7092872540657
1.08333333333333,-79.5358584651479,-76.3862271104104,-79.5423617231844,-79.6558435218326,-76.3841600247783,-79.6979661092153
1.08366666666667,-79.5244729736068,-76.3733258953244,-79.5307863671361,-79.6443815478602,-76.3712258789546,-79.6866283436827
1.084,-79.5130707750866,-76.3604154487158,-79.5191944666301,-79.6329028775343,-76.3582824857967,-79.6752739362748
1.08433333333333,-79.5016518491513,-76.3474957601292,-79.5075860018803,-79.6214074910085,-76.3453298348223,-79.6639028658235
1.08466666666667,-79.490216175392,-76.3345668190923,-79.4959609531261,-79.6098953684641,-76.3323679155323,-79.6525151111852
1.085,-79.4787637334271,-76.3216286151161,-79.4843193006329,-79.5983664901109,-76.3193967174107,-79.6411106512415
1.08533333333333,-79.4672945029025,-76.3086811376944,-79.4726610246917,-79.5868208361872,-76.3064162299242,-79.6296894648989
1.08566666666667,-79.4558084634918,-76.2957243763042,-79.4609861056199,-79.5752583869594,-76.2934264425221,-79.6182515310895
1.086,-79.4443055948961,-76.2827583204054,-79.4492945237607,-79.563679122723,-76.2804273446368,-79.6067968287707
1.08633333333333,-79.4327858768444,-76.2697829594409,-79.437586259484,-79.5520830238019,-76.2674189256834,-79.5953253369253
1.08666666666667,-79.4212492890942,-76.2567982828364,-79.4258612931857,-79.5404700705492,-76.2544011750594,-79.5838370345623
1.087,-79.4096958114305,-76.2438042800003,-79.4141196052886,-79.528840243347,-76.2413740821451,-79.5723319007165
1.08733333333333,-79.3981254236673,-76.2308009403239,-79.4023611762421,-79.5171935226066,-76.2283376363034,-79.5608099144488
1.08766666666667,-79.3865381056466,-76.2177882531811,-79.3905859865224,-79.5055298887686,-76.2152918268796,-79.5492710548463
1.088,-79.3749338372391,-76.2047662079285,-79.3787940166325,-79.493849322303,-76.2022366432014,-79.5377153010226
1.08833333333333,-79.3633125983445,-76.1917347939052,-79.3669852471029,-79.4821518037095,-76.189172074579,-79.5261426321181
1.08866666666667,-79.3516743688911,-76.1786940004331,-79.3551596584908,-79.4704373135176,-76.1760981103048,-79.5145530272996
1.089,-79.3400191288364,-76.1656438168162,-79.3433172313811,-79.4587058322864,-76.1630147396538,-79.5029464657612
1.08933333333333,-79.3283468581671,-76.1525842323412,-79.331457946386,-79.4469573406051,-76.1499219518828,-79.4913229267237
1.08966666666667,-79.3166575368991,-76.1395152362771,-79.3195817841453,-79.4351918190932,-76.136819736231,-79.4796823894354
1.09,-79.3049511450777,-76.1264368178751,-79.3076887253265,-79.4234092484002,-76.1237080819198,-79.4680248331719
1.09033333333333,-79.2932276627781,-76.1133489663689,-79.2957787506248,-79.411609609206,-76.1105869781524,-79.4563502372363
1.09066666666667,-79.2814870701048,-76.1002516709742,-79.2838518407636,-79.3997928822211,-76.0974564141143,-79.4446585809595
1.091,-79.2697293471925,-76.087144920889,-79.2719079764942,-79.3879590481865,-76.0843163789727,-79.4329498437003
1.09133333333333,-79.2579544742057,-76.0740287052933,-79.259947138596,-79.376108087874,-76.0711668618767,-79.4212240048452
1.09166666666667,-79.246162431339,-76.0609030133492,-79.2479693078768,-79.3642399820861,-76.0580078519576,-79.4094810438092
1.092,-79.2343531988174,-76.0477678342007,-79.235974465173,-79.3523547116565,-76.044839338328,-79.3977209400355
1.09233333333333,-79.2225267568962,-76.0346231569739,-79.2239625913491,-79.34045225745,-76.0316613100826,-79.3859436729956
1.09266666666667,-79.2106830858611,-76.0214689707765,-79.2119336672985,-79.3285326003623,-76.0184737562974,-79.3741492221898
1.093,-79.1988221660286,-76.0083052646983,-79.1998876739435,-79.3165957213207,-76.0052766660305,-79.3623375671471
1.09333333333333,-79.1869439777459,-75.9951320278108,-79.1878245922348,-79.304641601284,-75.992070028321,-79.3505086874254
1.09366666666667,-79.1750485013911,-75.9819492491671,-79.1757444031527,-79.2926702212422,-75.9788538321899,-79.3386625626115
1.094,-79.1631357173732,-75.9687569178019,-79.1636470877061,-79.2806815622175,-75.9656280666395,-79.3267991723217
1.09433333333333,-79.1512056061325,-75.9555550227318,-79.1515326269333,-79.2686756052635,-75.9523927206535,-79.3149184962015
1.09466666666667,-79.1392581481406,-75.9423435529546,-79.1394010019018,-79.2566523314658,-75.9391477831969,-79.3030205139256
1.095,-79.1272933239003,-75.9291224974497,-79.1272521937088,-79.2446117219421,-75.925893243216,-79.2911052051988
1.09533333333333,-79.1153111139459,-75.915891845178,-79.1150861834806,-79.232553757842,-75.9126290896383,-79.2791725497553
1.09566666666667,-79.1033114988435,-75.9026515850817,-79.1029029523734,-79.2204784203476,-75.8993553113723,-79.2672225273594
1.096,-79.0912944591909,-75.8894017060842,-79.0907024815733,-79.2083856906732,-75.8860718973079,-79.2552551178053
1.09633333333333,-79.0792599756175,-75.8761421970904,-79.0784847522957,-79.1962755500656,-75.8727788363158,-79.2432703009176
1.09666666666667,-79.067208028785,-75.8628730469861,-79.0662497457865,-79.1841479798041,-75.8594761172478,-79.2312680565509
1.097,-79.0551385993871,-75.8495942446384,-79.0539974433213,-79.1720029612006,-75.8461637289364,-79.2192483645906
1.09733333333333,-79.0430516681496,-75.8363057788954,-79.0417278262059,-79.1598404755999,-75.8328416601952,-79.2072112049525
1.09766666666667,-79.0309472158307,-75.8230076385864,-79.0294408757765,-79.1476605043796,-75.8195098998185,-79.1951565575831
1.098,-79.018825223221,-75.8096998125213,-79.0171365733994,-79.1354630289503,-75.8061684365813,-79.1830844024598
1.09833333333333,-79.0066856711436,-75.7963822894912,-79.0048149004716,-79.1232480307555,-75.7928172592393,-79.1709947195911
1.09866666666667,-78.9945285404544,-75.7830550582679,-78.9924758384203,-79.1110154912721,-75.7794563565289,-79.1588874890165
1.099,-78.9823538120419,-75.7697181076041,-78.9801193687036,-79.09876539201,-75.7660857171669,-79.1467626908068
1.09933333333333,-78.9701614668275,-75.756371426233,-78.9677454728103,-79.0864977145127,-75.7527053298507,-79.1346203050642
1.09966666666667,-78.9579514857655,-75.7430150028686,-78.9553541322598,-79.074212440357,-75.7393151832582,-79.1224603119222
1.1,-78.9457238498436,-75.7296488262055,-78.9429453286026,-79.0619095511534,-75.7259152660474,-79.1102826915463
1.10033333333333,-78.9334785400821,-75.7162728849188,-78.9305190434201,-79.0495890285457,-75.7125055668569,-79.0980874241336
1.10066666666667,-78.9212155375352,-75.7028871676641,-78.9180752583249,-79.0372508542117,-75.6990860743055,-79.0858744899129
1.101,-78.9089348232901,-75.6894916630773,-78.9056139549606,-79.024895009863,-75.685656776992,-79.0736438691453
1.10133333333333,-78.8966363784675,-75.6760863597749,-78.8931351150022,-79.012521477245,-75.6722176634956,-79.0613955421239
1.10166666666667,-78.8843201842219,-75.6626712463534,-78.8806387201559,-79.0001302381373,-75.6587687223754,-79.0491294891741
1.102,-78.8719862217412,-75.6492463113898,-78.8681247521594,-78.9877212743533,-75.6453099421704,-79.0368456906536
1.10233333333333,-78.8596344722472,-75.635811543441,-78.8555931927819,-78.9752945677408,-75.6318413113998,-79.0245441269528
1.10266666666667,-78.8472649169957,-75.6223669310442,-78.8430440238242,-78.9628501001816,-75.6183628185626,-79.0122247784943
1.103,-78.8348775372763,-75.6089124627167,-78.8304772271189,-78.9503878535921,-75.6048744521374,-78.9998876257339
1.10333333333333,-78.8224723144126,-75.5954481269554,-78.8178927845301,-78.9379078099229,-75.5913762005828,-78.9875326491599
1.10366666666667,-78.8100492297625,-75.5819739122377,-78.8052906779537,-78.9254099511593,-75.5778680523372,-78.9751598292937
1.104,-78.7976082647181,-75.5684898070203,-78.7926708893179,-78.9128942593209,-75.5643499958181,-78.9627691466899
1.10433333333333,-78.7851494007058,-75.5549957997401,-78.7800334005825,-78.9003607164622,-75.5508220194232,-78.9503605819361
1.10466666666667,-78.7726726191864,-75.5414918788135,-78.7673781937395,-78.8878093046723,-75.5372841115292,-78.9379341156532
1.105,-78.7601779016553,-75.5279780326367,-78.754705250813,-78.8752400060751,-75.5237362604926,-78.9254897284956
1.10533333333333,-78.7476652296423,-75.5144542495855,-78.7420145538593,-78.8626528028294,-75.510178454649,-78.9130274011512
1.10566666666667,-78.735134584712,-75.500920518015,-78.729306084967,-78.850047677129,-75.4966106823135,-78.9005471143414
1.106,-78.7225859484638,-75.4873768262601,-78.716579826257,-78.8374246112026,-75.4830329317803,-78.8880488488215
1.10633333333333,-78.7100193025317,-75.473823162635,-78.7038357598826,-78.8247835873141,-75.4694451913228,-78.8755325853806
1.10666666666667,-78.6974346285849,-75.4602595154332,-78.6910738680297,-78.8121245877625,-75.4558474491938,-78.8629983048415
1.107,-78.6848319083275,-75.4466858729275,-78.6782941329165,-78.7994475948819,-75.4422396936246,-78.8504459880615
1.10733333333333,-78.6722111234985,-75.43310222337,-78.6654965367941,-78.786752591042,-75.428621912826,-78.8378756159315
1.10766666666667,-78.6595722558721,-75.4195085549919,-78.652681061946,-78.7740395586475,-75.4149940949874,-78.8252871693771
1.108,-78.6469152872581,-75.4059048560034,-78.6398476906887,-78.7613084801388,-75.4013562282772,-78.8126806293579
1.10833333333333,-78.634240199501,-75.3922911145938,-78.6269964053711,-78.7485593379916,-75.3877083008426,-78.8000559768683
1.10866666666667,-78.621546974481,-75.3786673189315,-78.6141271883753,-78.7357921147171,-75.3740503008093,-78.7874131929367
1.109,-78.6088355941137,-75.3650334571636,-78.6012400221163,-78.7230067928623,-75.360382216282,-78.7747522586267
1.10933333333333,-78.5961060403502,-75.3513895174161,-78.5883348890419,-78.7102033550097,-75.3467040353437,-78.7620731550362
1.10966666666667,-78.583358295177,-75.3377354877938,-78.5754117716328,-78.6973817837775,-75.333015746056,-78.7493758632981
1.11,-78.5705923406166,-75.32407135638,-78.5624706524032,-78.6845420618198,-75.3193173364591,-78.7366603645802
1.11033333333333,-78.5578081587269,-75.310397111237,-78.5495115139,-78.6716841718263,-75.3056087945713,-78.7239266400851
1.11066666666667,-78.5450057316015,-75.2967127404053,-78.5365343387036,-78.6588080965228,-75.2918901083895,-78.7111746710508
1.111,-78.5321850413701,-75.2830182319041,-78.5235391094273,-78.6459138186709,-75.2781612658886,-78.6984044387502
1.11133333333333,-78.5193460701982,-75.269313573731,-78.510525808718,-78.6330013210681,-75.264422255022,-78.6856159244915
1.11166666666667,-78.506488800287,-75.2555987538618,-78.4974944192558,-78.6200705865481,-75.2506730637209,-78.6728091096184
1.112,-78.4936132138741,-75.2418737602509,-78.484444923754,-78.6071215979804,-75.2369136798946,-78.6599839755097
1.11233333333333,-78.4807192932328,-75.2281385808306,-78.4713773049595,-78.5941543382708,-75.2231440914306,-78.64714050358
1.11266666666667,-78.4678070206728,-75.2143932035115,-78.4582915456526,-78.5811687903613,-75.2093642861941,-78.6342786752794
1.113,-78.4548763785398,-75.2006376161825,-78.4451876286472,-78.56816493723,-75.1955742520282,-78.6213984720935
1.11333333333333,-78.4419273492157,-75.1868718067102,-78.4320655367906,-78.5551427618911,-75.1817739767537,-78.6084998755437
1.11366666666667,-78.4289599151188,-75.1730957629392,-78.4189252529637,-78.5421022473952,-75.1679634481692,-78.5955828671873
1.114,-78.4159740587036,-75.1593094726922,-78.405766760081,-78.5290433768294,-75.154142654051,-78.5826474286175
1.11433333333333,-78.402969762461,-75.1455129237694,-78.3925900410908,-78.5159661333167,-75.1403115821527,-78.5696935414632
1.11466666666667,-78.3899470089184,-75.131706103949,-78.3793950789748,-78.5028705000169,-75.1264702202055,-78.5567211873896
1.115,-78.3769057806395,-75.1178890009869,-78.3661818567486,-78.4897564601259,-75.1126185559183,-78.5437303480979
1.11533333333333,-78.3638460602246,-75.1040616026163,-78.3529503574617,-78.4766239968763,-75.0987565769769,-78.5307210053254
1.11566666666667,-78.3507678303105,-75.0902238965482,-78.339700564197,-78.463473093537,-75.0848842710447,-78.5176931408456
1.116,-78.3376710735706,-75.076375870471,-78.3264324600715,-78.4503037334134,-75.0710016257621,-78.5046467364685
1.11633333333333,-78.324555772715,-75.0625175120505,-78.313146028236,-78.4371158998475,-75.0571086287468,-78.4915817740403
1.11666666666667,-78.3114219104902,-75.0486488089298,-78.2998412518751,-78.4239095762179,-75.0432052675936,-78.4784982354436
1.117,-78.2982694696798,-75.0347697487292,-78.2865181142072,-78.4106847459397,-75.029291529874,-78.4653961025975
1.11733333333333,-78.2850984331037,-75.0208803190463,-78.2731765984847,-78.3974413924645,-75.0153674031367,-78.4522753574577
1.11766666666667,-78.2719087836189,-75.0069805074558,-78.259816687994,-78.3841794992807,-75.0014328749071,-78.4391359820164
1.118,-78.2587005041189,-74.9930703015093,-78.2464383660554,-78.3708990499132,-74.9874879326875,-78.4259779583026
1.11833333333333,-78.2454735775342,-74.9791496887355,-78.2330416160231,-78.3576000279237,-74.9735325639568,-78.4128012683819
1.11866666666667,-78.2322279868322,-74.9652186566399,-78.2196264212854,-78.3442824169105,-74.9595667561706,-78.3996058943566
1.119,-78.2189637150171,-74.9512771927049,-78.2061927652643,-78.3309462005086,-74.945590496761,-78.386391818366
1.11933333333333,-78.2056807451298,-74.9373252843896,-78.1927406314164,-78.3175913623896,-74.9316037731366,-78.373159022586
1.11966666666667,-78.1923790602485,-74.9233629191299,-78.1792700032317,-78.304217886262,-74.9176065726824,-78.3599074892297
1.12,-78.179058643488,-74.909390084338,-78.1657808642347,-78.2908257558708,-74.9035988827597,-78.346637200547
1.12033333333333,-78.1657194780002,-74.8954067674029,-78.1522731979836,-78.277414954998,-74.8895806907062,-78.3333481388248
1.12066666666667,-78.1523615469741,-74.8814129556901,-78.138746988071,-78.2639854674621,-74.8755519838357,-78.3200402863872
1.121,-78.1389848336356,-74.8674086365412,-78.1252022181232,-78.2505372771185,-74.8615127494381,-78.3067136255951
1.12133333333333,-78.1255893212475,-74.8533937972743,-78.1116388718009,-78.2370703678592,-74.8474629747792,-78.2933681388468
1.12166666666667,-78.1121749931097,-74.8393684251837,-78.0980569327986,-78.2235847236132,-74.8334026471011,-78.2800038085777
1.122,-78.0987418325594,-74.82533250754,-78.0844563848451,-78.210080328346,-74.8193317536215,-78.2666206172604
1.12233333333333,-78.0852898229704,-74.8112860315895,-78.0708372117032,-78.1965571660599,-74.805250281534,-78.2532185474047
1.12266666666667,-78.0718189477538,-74.7972289845549,-78.0571993971697,-78.1830152207941,-74.7911582180079,-78.2397975815577
1.123,-78.0583291903579,-74.7831613536347,-78.0435429250755,-78.1694544766244,-74.7770555501883,-78.2263577023039
1.12333333333333,-78.0448205342677,-74.7690831260031,-78.0298677792857,-78.1558749176634,-74.7629422651956,-78.2128988922651
1.12366666666667,-78.0312929630057,-74.7549942888103,-78.0161739436991,-78.1422765280604,-74.7488183501261,-78.1994211341004
1.124,-78.0177464601312,-74.7408948291822,-78.0024614022492,-78.1286592920014,-74.7346837920512,-78.1859244105064
1.12433333333333,-78.0041810092406,-74.7267847342202,-77.9887301389028,-78.1150231937092,-74.7205385780177,-78.1724087042171
1.12466666666667,-77.9905965939675,-74.7126639910012,-77.9749801376613,-78.1013682174432,-74.7063826950478,-78.1588739980039
1.125,-77.9769931979825,-74.6985325865778,-77.9612113825598,-78.0876943474996,-74.6922161301389,-78.1453202746758
1.12533333333333,-77.9633708049933,-74.6843905079779,-77.9474238576677,-78.0740015682112,-74.6780388702633,-78.1317475170793
1.12566666666667,-77.9497293987446,-74.6702377422047,-77.933617547088,-78.0602898639474,-74.6638509023686,-78.1181557080982
1.126,-77.9360689630183,-74.6560742762365,-77.9197924349581,-78.0465592191144,-74.6496522133772,-78.1045448306541
1.12633333333333,-77.9223894816332,-74.6419000970271,-77.9059485054491,-78.0328096181548,-74.6354427901865,-78.090914867706
1.12666666666667,-77.9086909384453,-74.6277151915051,-77.892085742766,-78.0190410455481,-74.6212226196685,-78.0772658022506
1.127,-77.8949733173474,-74.6135195465742,-77.878204131148,-78.0052534858099,-74.6069916886702,-78.0635976173222
1.12733333333333,-77.8812366022696,-74.5993131491131,-77.864303654868,-77.991446923493,-74.592749984013,-78.0499102959924
1.12766666666667,-77.8674807771787,-74.5850959859753,-77.8503842982328,-77.977621343186,-74.578497492493,-78.0362038213708
1.128,-77.8537058260787,-74.570868043989,-77.8364460455831,-77.9637767295146,-74.5642342008808,-78.0224781766044
1.12833333333333,-77.8399117330106,-74.5566293099571,-77.8224888812932,-77.9499130671406,-74.5499600959213,-78.0087333448779
1.12866666666667,-77.8260984820521,-74.5423797706573,-77.8085127897716,-77.9360303407623,-74.5356751643339,-77.9949693094136
1.129,-77.812266057318,-74.5281194128417,-77.7945177554602,-77.9221285351145,-74.521379392812,-77.9811860534714
1.12933333333333,-77.7984144429599,-74.5138482232368,-77.7805037628348,-77.9082076349683,-74.5070727680232,-77.9673835603488
1.12966666666667,-77.7845436231665,-74.4995661885436,-77.7664707964049,-77.8942676251311,-74.4927552766095,-77.9535618133812
1.13,-77.770653582163,-74.4852732954372,-77.7524188407135,-77.8803084904466,-74.4784269051866,-77.9397207959414
1.13033333333333,-77.7567443042116,-74.4709695305672,-77.7383478803375,-77.8663302157948,-74.4640876403441,-77.9258604914397
1.13066666666667,-77.7428157736114,-74.456654880557,-77.7242578998871,-77.8523327860918,-74.4497374686457,-77.9119808833244
1.131,-77.728867974698,-74.4423293320043,-77.7101488840062,-77.83831618629,-74.4353763766284,-77.8980819550813
1.13133333333333,-77.7149008918439,-74.4279928714807,-77.6960208173723,-77.8242804013777,-74.4210043508034,-77.8841636902334
1.13166666666667,-77.7009145094581,-74.4136454855316,-77.6818736846961,-77.8102254163796,-74.4066213776551,-77.870226072342
1.132,-77.6869088119866,-74.3992871606763,-77.6677074707219,-77.7961512163562,-74.3922274436415,-77.8562690850054
1.13233333333333,-77.6728837839115,-74.3849178834079,-77.6535221602272,-77.7820577864039,-74.3778225351942,-77.8422927118598
1.13266666666667,-77.658839409752,-74.3705376401928,-77.6393177380231,-77.7679451116553,-74.363406638718,-77.8282969365789
1.133,-77.6447756740633,-74.3561464174713,-77.6250941889538,-77.7538131772786,-74.3489797405907,-77.8142817428738
1.13333333333333,-77.6306925614376,-74.3417442016571,-77.6108514978966,-77.7396619684779,-74.3345418271638,-77.8002471144934
1.13366666666667,-77.616590056503,-74.3273309791372,-77.5965896497621,-77.7254914704931,-74.3200928847615,-77.7861930352239
1.134,-77.6024681439245,-74.3129067362719,-77.5823086294941,-77.7113016685998,-74.305632899681,-77.7721194888889
1.13433333333333,-77.588326808403,-74.2984714593947,-77.5680084220692,-77.6970925481093,-74.2911618581926,-77.7580264593498
1.13466666666667,-77.5741660346759,-74.2840251348125,-77.5536890124972,-77.6828640943682,-74.2766797465393,-77.7439139305051
1.135,-77.5599858075168,-74.2695677488048,-77.5393503858208,-77.668616292759,-74.262186550937,-77.7297818862908
1.13533333333333,-77.5457861117356,-74.2550992876244,-77.5249925271155,-77.6543491286993,-74.247682257574,-77.7156303106805
1.13566666666667,-77.531566932178,-74.240619737497,-77.5106154214897,-77.6400625876423,-74.2331668526113,-77.7014591876848
1.136,-77.5173282537261,-74.2261290846208,-77.4962190540844,-77.6257566550764,-74.2186403221825,-77.6872685013518
1.13633333333333,-77.5030700612977,-74.211627315167,-77.4818034100735,-77.6114313165254,-74.2041026523934,-77.6730582357669
1.13666666666667,-77.4887923398469,-74.1971144152791,-77.4673684746634,-77.5970865575481,-74.1895538293222,-77.6588283750527
1.137,-77.4744950743633,-74.1825903710736,-77.4529142330929,-77.5827223637385,-74.1749938390193,-77.644578903369
1.13733333333333,-77.4601782498726,-74.1680551686391,-77.4384406706334,-77.5683387207256,-74.1604226675073,-77.6303098049128
1.13766666666667,-77.445841851436,-74.1535087940366,-77.4239477725887,-77.5539356141733,-74.1458403007808,-77.6160210639181
1.138,-77.4314858641506,-74.1389512332994,-77.4094355242951,-77.5395130297805,-74.1312467248063,-77.6017126646562
1.13833333333333,-77.4171102731489,-74.1243824724331,-77.3949039111207,-77.5250709532806,-74.1166419255223,-77.5873845914352
1.13866666666667,-77.4027150635992,-74.1098024974152,-77.3803529184662,-77.510609370442,-74.1020258888389,-77.5730368286005
1.139,-77.388300220705,-74.0952112941953,-77.3657825317641,-77.4961282670677,-74.087398600638,-77.5586693605341
1.13933333333333,-77.3738657297052,-74.0806088486951,-77.3511927364791,-77.4816276289951,-74.0727600467732,-77.544282171655
1.13966666666667,-77.3594115758742,-74.0659951468077,-77.3365835181076,-77.467107442096,-74.0581102130694,-77.5298752464192
1.14,-77.3449377445216,-74.0513701743984,-77.3219548621782,-77.4525676922768,-74.0434490853231,-77.5154485693194
1.14033333333333,-77.3304442209918,-74.0367339173039,-77.3073067542509,-77.438008365478,-74.028776649302,-77.5010021248848
1.14066666666667,-77.3159309906648,-74.0220863613325,-77.2926391799174,-77.4234294476743,-74.014092890745,-77.4865358976816
1.141,-77.3013980389551,-74.007427492264,-77.2779521248013,-77.4088309248746,-73.9993977953625,-77.4720498723125
1.14133333333333,-77.2868453513125,-73.9927572958496,-77.2632455745572,-77.3942127831215,-73.9846913488354,-77.4575440334167
1.14166666666667,-77.2722729132212,-73.9780757578118,-77.2485195148715,-77.3795750084918,-73.9699735368161,-77.4430183656698
1.142,-77.2576807102004,-73.9633828638441,-77.2337739314617,-77.3649175870959,-73.9552443449275,-77.4284728537841
1.14233333333333,-77.2430687278039,-73.9486785996115,-77.2190088100765,-77.3502405050779,-73.9405037587635,-77.413907482508
1.14266666666667,-77.22843695162,-73.9339629507497,-77.2042241364958,-77.3355437486158,-73.9257517638886,-77.3993222366263
1.143,-77.2137853672712,-73.9192359028654,-77.1894198965303,-77.3208273039205,-73.9109883458379,-77.3847171009601
1.14333333333333,-77.1991139604148,-73.9044974415362,-77.174596076022,-77.3060911572369,-73.8962134901169,-77.3700920603663
1.14366666666667,-77.184422716742,-73.8897475523103,-77.1597526608431,-77.2913352948427,-73.8814271822018,-77.3554470997383
1.144,-77.1697116219782,-73.8749862207068,-77.144889636897,-77.2765597030489,-73.8666294075388,-77.3407822040053
1.14433333333333,-77.1549806618829,-73.8602134322152,-77.1300069901176,-77.2617643681998,-73.8518201515445,-77.3260973581324
1.14466666666667,-77.1402298222496,-73.8454291722954,-77.1151047064689,-77.2469492766722,-73.8369993996055,-77.3113925471204
1.145,-77.1254590889054,-73.8306334263777,-77.1001827719458,-77.2321144148761,-73.8221671370787,-77.2966677560063
1.14533333333333,-77.1106684477113,-73.8158261798628,-77.0852411725731,-77.2172597692539,-73.8073233492906,-77.2819229698624
1.14566666666667,-77.095857884562,-73.8010074181214,-77.070279894406,-77.2023853262808,-73.7924680215377,-77.2671581737965
1.146,-77.0810273853854,-73.7861771264945,-77.0552989235293,-77.1874910724645,-73.7776011390863,-77.2523733529523
1.14633333333333,-77.066176936143,-73.7713352902929,-77.0402982460583,-77.1725769943449,-73.7627226871722,-77.2375684925086
1.14666666666667,-77.0513065228296,-73.7564818947973,-77.0252778481375,-77.1576430784941,-73.7478326510009,-77.2227435776797
1.147,-77.0364161314732,-73.7416169252585,-77.0102377159416,-77.1426893115164,-73.7329310157473,-77.2078985937149
1.14733333333333,-77.0215057481346,-73.7267403668965,-76.9951778356745,-77.1277156800482,-73.7180177665556,-77.193033525899
1.14766666666667,-77.0065753589077,-73.7118522049014,-76.9800981935696,-77.1127221707573,-73.7030928885394,-77.1781483595515
1.148,-76.9916249499192,-73.6969524244324,-76.9649987758897,-77.0977087703438,-73.6881563667813,-77.1632430800269
1.14833333333333,-76.9766545073284,-73.6820410106184,-76.9498795689266,-77.082675465539,-73.6732081863331,-77.1483176727147
1.14866666666667,-76.9616640173272,-73.6671179485576,-76.9347405590015,-77.0676222431056,-73.6582483322155,-77.1333721230391
1.149,-76.94665346614,-73.6521832233172,-76.9195817324641,-77.0525490898378,-73.6432767894181,-77.1184064164589
1.14933333333333,-76.9316228400233,-73.6372368199337,-76.9044030756932,-77.0374559925611,-73.6282935428993,-77.1034205384673
1.14966666666667,-76.916572125266,-73.6222787234127,-76.889204575096,-77.0223429381317,-73.613298577586,-77.0884144745922
1.15,-76.9015013081889,-73.6073089187285,-76.8739862171085,-77.007209913437,-73.5982918783739,-77.0733882103956
1.15033333333333,-76.8864103751447,-73.5923273908243,-76.8587479881948,-76.9920569053948,-73.5832734301271,-77.0583417314738
1.15066666666667,-76.8712993125179,-73.5773341246122,-76.8434898748475,-76.976883900954,-73.568243217678,-77.0432750234571
1.151,-76.8561681067245,-73.5623291049727,-76.8282118635872,-76.9616908870935,-73.5532012258272,-77.02818807201
1.15133333333333,-76.8410167442124,-73.547312316755,-76.8129139409623,-76.9464778508228,-73.5381474393438,-77.0130808628306
1.15166666666667,-76.8258452114602,-73.5322837447766,-76.7975960935492,-76.9312447791815,-73.5230818429646,-76.997953381651
1.152,-76.8106534949784,-73.5172433738233,-76.7822583079521,-76.9159916592392,-73.5080044213946,-76.9828056142366
1.15233333333333,-76.795441581308,-73.5021911886494,-76.7669005708024,-76.9007184780954,-73.4929151593066,-76.9676375463867
1.15266666666667,-76.7802094570211,-73.4871271739769,-76.7515228687592,-76.8854252228793,-73.477814041341,-76.9524491639337
1.153,-76.7649571087208,-73.4720513144962,-76.7361251885085,-76.8701118807497,-73.4627010521061,-76.9372404527432
1.15333333333333,-76.7496845230405,-73.4569635948654,-76.7207075167638,-76.8547784388947,-73.4475761761777,-76.9220113987143
1.15366666666667,-76.7343916866442,-73.4418639997106,-76.7052698402651,-76.8394248845318,-73.432439398099,-76.9067619877787
1.154,-76.7190785862262,-73.4267525136253,-76.6898121457794,-76.8240512049074,-73.4172907023805,-76.8914922059012
1.15433333333333,-76.703745208511,-73.4116291211711,-76.6743344201004,-76.808657387297,-73.4021300735001,-76.8762020390792
1.15466666666667,-76.688391540253,-73.3964938068766,-76.658836650048,-76.7932434190047,-73.3869574959027,-76.8608914733429
1.155,-76.6730175682366,-73.3813465552381,-76.6433188224685,-76.7778092873633,-73.3717729540002,-76.8455604947547
1.15533333333333,-76.6576232792757,-73.3661873507191,-76.6277809242346,-76.7623549797341,-73.3565764321717,-76.8302090894096
1.15566666666667,-76.6422086602138,-73.3510161777505,-76.6122229422445,-76.7468804835063,-73.3413679147628,-76.8148372434345
1.156,-76.6267736979238,-73.33583302073,-76.5966448634225,-76.7313857860976,-73.326147386086,-76.7994449429886
1.15633333333333,-76.6113183793078,-73.3206378640224,-76.5810466747185,-76.7158708749535,-73.3109148304204,-76.7840321742628
1.15666666666667,-76.5958426912969,-73.3054306919595,-76.5654283631079,-76.7003357375471,-73.2956702320115,-76.76859892348
1.157,-76.5803466208508,-73.2902114888397,-76.5497899155912,-76.6847803613791,-73.2804135750714,-76.7531451768944
1.15733333333333,-76.5648301549585,-73.2749802389281,-76.5341313191944,-76.6692047339778,-73.2651448437783,-76.7376709207919
1.15766666666667,-76.5492932806369,-73.2597369264566,-76.5184525609682,-76.6536088428983,-73.2498640222766,-76.7221761414896
1.158,-76.5337359849314,-73.2444815356232,-76.502753627988,-76.6379926757232,-73.2345710946769,-76.7066608253358
1.15833333333333,-76.5181582549159,-73.2292140505925,-76.487034507354,-76.6223562200617,-73.2192660450557,-76.6911249587098
1.15866666666667,-76.5025600776919,-73.2139344554953,-76.4712951861909,-76.6066994635495,-73.2039488574554,-76.6755685280217
1.159,-76.4869414403888,-73.1986427344284,-76.4555356516473,-76.5910223938491,-73.188619515884,-76.6599915197123
1.15933333333333,-76.4713023301636,-73.1833388714549,-76.4397558908962,-76.5753249986491,-73.1732780043153,-76.6443939202529
1.15966666666667,-76.455642734201,-73.1680228506034,-76.4239558911344,-76.5596072656642,-73.1579243066886,-76.6287757161453
1.16,-76.4399626397126,-73.1526946558688,-76.4081356395822,-76.5438691826351,-73.1425584069086,-76.6131368939213
1.16033333333333,-76.4242620339373,-73.1373542712113,-76.3922951234838,-76.5281107373281,-73.1271802888452,-76.5974774401429
1.16066666666667,-76.4085409041408,-73.1220016805568,-76.3764343301064,-76.5123319175352,-73.1117899363338,-76.5817973414018
1.161,-76.3927992376156,-73.1066368677969,-76.3605532467405,-76.4965327110735,-73.0963873331745,-76.5660965843197
1.16133333333333,-76.3770370216805,-73.0912598167883,-76.3446518606994,-76.4807131057854,-73.0809724631326,-76.5503751555473
1.16166666666667,-76.3612542436807,-73.0758705113531,-76.3287301593193,-76.4648730895381,-73.0655453099383,-76.5346330417653
1.162,-76.3454508909877,-73.0604689352784,-76.312788129959,-76.4490126502237,-73.0501058572865,-76.518870229683
1.16233333333333,-76.3296269509987,-73.0450550723166,-76.2968257599994,-76.4331317757587,-73.0346540888366,-76.5030867060391
1.16266666666667,-76.3137824111366,-73.0296289061846,-76.2808430368438,-76.417230454084,-73.0191899882128,-76.4872824576009
1.163,-76.29791725885,-73.0141904205647,-76.2648399479175,-76.4013086731645,-73.0037135390034,-76.4714574711645
1.16333333333333,-76.2820314816127,-72.9987395991032,-76.2488164806673,-76.3853664209891,-72.9882247247613,-76.4556117335543
1.16366666666667,-76.2661250669237,-72.9832764254117,-76.2327726225618,-76.3694036855704,-72.9727235290032,-76.439745231623
1.164,-76.2501980023068,-72.9678008830656,-76.2167083610909,-76.3534204549445,-72.9572099352103,-76.4238579522516
1.16433333333333,-76.2342502753106,-72.9523129556053,-76.2006236837658,-76.3374167171709,-72.9416839268274,-76.4079498823488
1.16466666666667,-76.2182818735082,-72.9368126265349,-76.1845185781182,-76.3213924603319,-72.9261454872634,-76.392021008851
1.165,-76.2022927844969,-72.9212998793229,-76.168393031701,-76.3053476725328,-72.9105945998908,-76.3760713187222
1.16533333333333,-76.1862829958981,-72.9057746974018,-76.1522470320874,-76.2892823419016,-72.8950312480456,-76.3601007989538
1.16566666666667,-76.1702524953571,-72.8902370641679,-76.1360805668711,-76.2731964565887,-72.8794554150274,-76.3441094365642
1.166,-76.1542012705429,-72.8746869629814,-76.1198936236657,-76.2570900047666,-72.8638670840993,-76.3280972185988
1.16633333333333,-76.1381293091479,-72.8591243771661,-76.1036861901047,-76.2409629746298,-72.8482662384874,-76.3120641321298
1.16666666666667,-76.1220365988876,-72.8435492900093,-76.0874582538414,-76.2248153543946,-72.832652861381,-76.2960101642558
1.167,-76.1059231275006,-72.8279616847618,-76.0712098025485,-76.208647132299,-72.8170269359325,-76.2799353021019
1.16733333333333,-76.0897888827484,-72.8123615446378,-76.054940823918,-76.192458296602,-72.8013884452572,-76.2638395328192
1.16766666666667,-76.0736338524147,-72.7967488528144,-76.0386513056607,-76.1762488355838,-72.785737372433,-76.2477228435849
1.168,-76.0574580243058,-72.7811235924322,-76.0223412355063,-76.1600187375455,-72.7700737005008,-76.2315852216017
1.16833333333333,-76.04126138625,-72.7654857465944,-76.0060106012033,-76.1437679908089,-72.7543974124636,-76.215426654098
1.16866666666667,-76.0250439260976,-72.7498352983671,-75.9896593905182,-76.1274965837159,-72.7387084912872,-76.1992471283274
1.169,-76.0088056317204,-72.7341722307793,-75.9732875912357,-76.1112045046288,-72.7230069198994,-76.1830466315687
1.16933333333333,-75.9925464910116,-72.7184965268225,-75.9568951911585,-76.0948917419298,-72.7072926811904,-76.1668251511256
1.16966666666667,-75.9762664918857,-72.7028081694507,-75.9404821781068,-76.0785582840207,-72.6915657580123,-76.1505826743262
1.17,-75.9599656222779,-72.6871071415801,-75.9240485399184,-76.0622041193228,-72.6758261331792,-76.1343191885233
1.17033333333333,-75.9436438701445,-72.6713934260893,-75.9075942644482,-76.0458292362765,-72.660073789467,-76.1180346810939
1.17066666666667,-75.9273012234618,-72.655667005819,-75.8911193395678,-76.0294336233413,-72.6443087096132,-76.101729139439
1.171,-75.9109376702268,-72.639927863572,-75.874623753166,-76.0130172689954,-72.6285308763171,-76.0854025509833
1.17133333333333,-75.8945531984561,-72.6241759821126,-75.8581074931477,-75.9965801617354,-72.6127402722391,-76.0690549031751
1.17166666666667,-75.8781477961862,-72.6084113441672,-75.8415705474342,-75.9801222900761,-72.5969368800011,-76.0526861834861
1.172,-75.8617214514731,-72.5926339324238,-75.8250129039628,-75.9636436425504,-72.5811206821863,-76.0362963794111
1.17233333333333,-75.8452741523921,-72.5768437295318,-75.8084345506863,-75.947144207709,-72.5652916613388,-76.0198854784675
1.17266666666667,-75.8288058870375,-72.5610407181019,-75.7918354755734,-75.9306239741197,-72.5494497999635,-76.0034534681959
1.173,-75.8123166435222,-72.5452248807061,-75.7752156666078,-75.914082930368,-72.5335950805264,-75.9870003361587
1.17333333333333,-75.7958064099778,-72.5293961998778,-75.7585751117884,-75.897521065056,-72.5177274854541,-75.970526069941
1.17366666666667,-75.779275174554,-72.513554658111,-75.7419137991285,-75.8809383668029,-72.5018469971337,-75.9540306571494
1.174,-75.7627229254187,-72.4977002378608,-75.7252317166564,-75.8643348242439,-72.4859535979126,-75.9375140854126
1.17433333333333,-75.7461496507573,-72.4818329215429,-75.7085288524142,-75.8477104260308,-72.4700472700989,-75.9209763423804
1.17466666666667,-75.7295553387728,-72.4659526915339,-75.6918051944585,-75.8310651608312,-72.4541279959604,-75.9044174157242
1.175,-75.7129399776856,-72.4500595301707,-75.6750607308591,-75.8143990173284,-72.4381957577252,-75.887837293136
1.17533333333333,-75.6963035557328,-72.4341534197505,-75.6582954496999,-75.7977119842211,-72.4222505375813,-75.8712359623288
1.17566666666667,-75.6796460611683,-72.4182343425308,-75.6415093390774,-75.7810040502231,-72.4062923176766,-75.8546134110359
1.176,-75.6629674822625,-72.4023022807293,-75.6247023871016,-75.7642752040632,-72.3903210801183,-75.8379696270111
1.17633333333333,-75.646267807302,-72.3863572165237,-75.607874581895,-75.7475254344849,-72.3743368069734,-75.821304598028
1.17666666666667,-75.6295470245891,-72.3703991320513,-75.5910259115926,-75.7307547302458,-72.3583394802684,-75.8046183118798
1.177,-75.6128051224421,-72.3544280094094,-75.5741563643414,-75.7139630801178,-72.3423290819887,-75.7879107563795
1.17733333333333,-75.5960420891945,-72.3384438306547,-75.5572659283008,-75.6971504728866,-72.326305594079,-75.7711819193592
1.17766666666667,-75.5792579131946,-72.3224465778036,-75.5403545916413,-75.6803168973514,-72.3102689984432,-75.7544317886698
1.178,-75.5624525828062,-72.3064362328315,-75.5234223425452,-75.6634623423246,-72.2942192769438,-75.7376603521812
1.17833333333333,-75.5456260864071,-72.2904127776733,-75.5064691692057,-75.6465867966317,-72.2781564114022,-75.7208675977815
1.17866666666667,-75.5287784123895,-72.2743761942229,-75.4894950598269,-75.6296902491109,-72.2620803835981,-75.7040535133773
1.179,-75.5119095491598,-72.2583264643329,-75.4725000026237,-75.6127726886129,-72.2459911752702,-75.6872180868928
1.17933333333333,-75.4950194851381,-72.2422635698149,-75.455483985821,-75.5958341040004,-72.2298887681149,-75.6703613062701
1.17966666666667,-75.4781082087577,-72.2261874924393,-75.4384469976539,-75.578874484148,-72.2137731437873,-75.6534831594685
1.18,-75.4611757084653,-72.2100982139347,-75.4213890263672,-75.5618938179422,-72.1976442839003,-75.6365836344647
1.18033333333333,-75.4442219727204,-72.1939957159884,-75.4043100602151,-75.5448920942805,-72.1815021700249,-75.619662719252
1.18066666666667,-75.4272469899951,-72.1778799802458,-75.3872100874612,-75.5278693020714,-72.1653467836895,-75.6027204018404
1.181,-75.4102507487739,-72.1617509883105,-75.3700890963778,-75.5108254302343,-72.1491781063807,-75.5857566702563
1.18133333333333,-75.3932332375533,-72.145608721744,-75.352947075246,-75.4937604676991,-72.1329961195422,-75.568771512542
1.18166666666667,-75.3761944448414,-72.1294531620656,-75.3357840123552,-75.4766744034056,-72.1168008045751,-75.5517649167555
1.182,-75.3591343591579,-72.1132842907527,-75.3185998960028,-75.4595672263038,-72.1005921428381,-75.5347368709706
1.18233333333333,-75.3420529690337,-72.0971020892398,-75.3013947144941,-75.4424389253531,-72.0843701156465,-75.5176873632761
1.18266666666667,-75.3249502630103,-72.0809065389192,-75.2841684561417,-75.4252894895222,-72.0681347042729,-75.5006163817757
1.183,-75.3078262296401,-72.0646976211403,-75.2669211092657,-75.4081189077887,-72.0518858899466,-75.4835239145879
1.18333333333333,-75.2906808574857,-72.0484753172097,-75.2496526621928,-75.3909271691391,-72.0356236538535,-75.4664099498453
1.18366666666667,-75.2735141351194,-72.032239608391,-75.2323631032564,-75.3737142625682,-72.0193479771361,-75.4492744756949
1.184,-75.2563260511235,-72.0159904759049,-75.2150524207965,-75.3564801770789,-72.0030588408934,-75.4321174802973
1.18433333333333,-75.2391165940896,-71.9997279009286,-75.1977206031587,-75.3392249016818,-71.9867562261806,-75.4149389518266
1.18466666666667,-75.2218857526182,-71.983451864596,-75.1803676386946,-75.3219484253952,-71.9704401140088,-75.3977388784701
1.185,-75.2046335153189,-71.9671623479975,-75.1629935157612,-75.3046507372444,-71.9541104853453,-75.3805172484282
1.18533333333333,-75.1873598708095,-71.9508593321797,-75.1455982227207,-75.2873318262618,-71.9377673211131,-75.3632740499138
1.18566666666667,-75.170064807716,-71.9345427981456,-75.1281817479399,-75.2699916814861,-71.9214106021911,-75.346009271152
1.186,-75.1527483146723,-71.918212726854,-75.1107440797904,-75.2526302919626,-71.9050403094134,-75.3287229003802
1.18633333333333,-75.13541038032,-71.9018690992197,-75.0932852066479,-75.2352476467423,-71.8886564235696,-75.3114149258473
1.18666666666667,-75.1180509933077,-71.8855118961133,-75.075805116892,-75.217843734882,-71.8722589254048,-75.2940853358139
1.187,-75.100670142291,-71.8691410983609,-75.0583037989061,-75.2004185454439,-71.8558477956188,-75.2767341185514
1.18733333333333,-75.0832678159321,-71.8527566867442,-75.0407812410768,-75.182972067495,-71.8394230148666,-75.2593612623424
1.18766666666667,-75.0658440028997,-71.836358642,-75.0232374317935,-75.1655042901073,-71.8229845637579,-75.2419667554797
1.188,-75.0483986918681,-71.8199469448206,-75.0056723594488,-75.148015202357,-71.8065324228572,-75.2245505862665
1.18833333333333,-75.0309318715176,-71.803521575853,-74.9880860124372,-75.1305047933245,-71.7900665726833,-75.207112743016
1.18866666666667,-75.0134435305337,-71.7870825156992,-74.9704783791555,-75.112973052094,-71.7735869937095,-75.1896532140508
1.189,-74.995933657607,-71.7706297449161,-74.9528494480024,-75.0954199677531,-71.7570936663633,-75.172171987703
1.18933333333333,-74.9784022414328,-71.7541632440148,-74.9351992073777,-75.0778455293926,-71.7405865710262,-75.1546690523136
1.18966666666667,-74.9608492707106,-71.7376829934612,-74.9175276456825,-75.060249726106,-71.7240656880336,-75.1371443962322
1.19,-74.9432747341443,-71.7211889736753,-74.8998347513189,-75.0426325469893,-71.7075309976748,-75.1195980078168
1.19033333333333,-74.9256786204412,-71.7046811650313,-74.8821205126893,-75.0249939811409,-71.6909824801925,-75.1020298754337
1.19066666666667,-74.9080609183123,-71.6881595478574,-74.8643849181962,-75.0073340176607,-71.674420115783,-75.0844399874565
1.191,-74.8904216164715,-71.6716241024355,-74.8466279562422,-74.9896526456505,-71.657843884596,-75.0668283322666
1.19133333333333,-74.8727607036355,-71.6550748090014,-74.8288496152293,-74.9719498542129,-71.641253766734,-75.0491948982522
1.19166666666667,-74.8550781685234,-71.6385116477443,-74.8110498835587,-74.9542256324517,-71.6246497422527,-75.0315396738084
1.192,-74.8373739998565,-71.6219345988067,-74.7932287496304,-74.936479969471,-71.6080317911609,-75.0138626473368
1.19233333333333,-74.8196481863577,-71.6053436422846,-74.7753862018432,-74.9187128543753,-71.5913998934197,-74.9961638072451
1.19266666666667,-74.8019007167515,-71.5887387582267,-74.7575222285939,-74.9009242762688,-71.5747540289428,-74.9784431419466
1.193,-74.7841315797633,-71.572119926635,-74.7396368182774,-74.8831142242554,-71.5580941775965,-74.9607006398604
1.19333333333333,-74.7663407641195,-71.555487127464,-74.7217299592861,-74.865282687438,-71.5414203191991,-74.9429362894105
1.19366666666667,-74.7485282585466,-71.5388403406209,-74.7038016400094,-74.8474296549185,-71.5247324335211,-74.9251500790258
1.194,-74.7306940517715,-71.5221795459655,-74.6858518488341,-74.8295551157974,-71.5080305002848,-74.9073419971395
1.19433333333333,-74.7128381325206,-71.5055047233096,-74.6678805741433,-74.8116590591734,-71.4913144991643,-74.8895120321894
1.19466666666667,-74.6949604895199,-71.4888158524173,-74.6498878043161,-74.7937414741427,-71.4745844097853,-74.8716601726166
1.195,-74.6770611114942,-71.4721129130049,-74.6318735277281,-74.7758023497996,-71.4578402117249,-74.853786406866
1.19533333333333,-74.6591399871673,-71.4553958847401,-74.6138377327499,-74.7578416752351,-71.4410818845115,-74.8358907233855
1.19566666666667,-74.6411971052611,-71.4386647472426,-74.5957804077476,-74.7398594395373,-71.4243094076246,-74.8179731106259
1.196,-74.6232324544956,-71.4219194800835,-74.5777015410823,-74.7218556317905,-71.4075227604948,-74.8000335570403
1.19633333333333,-74.6052460235886,-71.4051600627853,-74.5596011211095,-74.7038302410756,-71.3907219225031,-74.7820720510842
1.19666666666667,-74.5872378012551,-71.3883864748216,-74.5414791361788,-74.6857832564688,-71.3739068729816,-74.7640885812145
1.197,-74.569207776207,-71.3715986956171,-74.5233355746339,-74.6677146670421,-71.3570775912125,-74.7460831358899
1.19733333333333,-74.551155937153,-71.3547967045474,-74.5051704248119,-74.6496244618625,-71.3402340564286,-74.7280557035699
1.19766666666667,-74.533082272798,-71.3379804809388,-74.4869836750432,-74.6315126299917,-71.3233762478125,-74.710006272715
1.198,-74.5149867718427,-71.321150004068,-74.4687753136508,-74.6133791604859,-71.3065041444971,-74.691934831786
1.19833333333333,-74.4968694229835,-71.3043052531623,-74.4505453289504,-74.5952240423953,-71.2896177255649,-74.6738413692437
1.19866666666667,-74.4787302149119,-71.2874462073991,-74.4322937092497,-74.5770472647637,-71.2727169700481,-74.6557258735485
1.199,-74.4605691363144,-71.270572845906,-74.4140204428483,-74.5588488166285,-71.2558018569284,-74.6375883331603
1.19933333333333,-74.4423861758717,-71.2536851477603,-74.3957255180373,-74.5406286870198,-71.2388723651369,-74.6194287365382
1.19966666666667,-74.424181322259,-71.236783091989,-74.3774089230986,-74.5223868649605,-71.2219284735538,-74.6012470721394
1.2,-74.4059545641448,-71.219866657569,-74.3590706463051,-74.5041233394659,-71.204970161008,-74.5830433284198
1.20033333333333,-74.3877058901916,-71.2029358234262,-74.3407106759199,-74.4858380995429,-71.1879974062776,-74.5648174938332
1.20066666666667,-74.3694352890543,-71.185990568436,-74.3223290001963,-74.4675311341902,-71.1710101880891,-74.5465695568308
1.201,-74.351142749381,-71.1690308714228,-74.3039256073772,-74.4492024323977,-71.1540084851177,-74.5282995058611
1.20133333333333,-74.3328282598118,-71.1520567111598,-74.2855004856946,-74.4308519831461,-71.1369922759866,-74.5100073293694
1.20166666666667,-74.3144918089788,-71.1350680663689,-74.2670536233698,-74.4124797754064,-71.1199615392673,-74.4916930157976
1.202,-74.2961333855058,-71.1180649157209,-74.2485850086124,-74.39408579814,-71.1029162534794,-74.4733565535837
1.20233333333333,-74.2777529780077,-71.1010472378345,-74.2300946296204,-74.3756700402979,-71.0858563970899,-74.4549979311614
1.20266666666667,-74.2593505750902,-71.084015011277,-74.2115824745796,-74.3572324908205,-71.0687819485137,-74.4366171369597
1.203,-74.2409261653495,-71.0669682145635,-74.1930485316633,-74.3387731386373,-71.0516928861132,-74.4182141594028
1.20333333333333,-74.222479737372,-71.0499068261572,-74.1744927890319,-74.3202919726664,-71.0345891881979,-74.3997889869096
1.20366666666667,-74.2040112797338,-71.0328308244687,-74.1559152348327,-74.301788981814,-71.0174708330243,-74.381341607893
1.204,-74.1855207810001,-71.0157401878564,-74.1373158571993,-74.2832641549746,-71.0003377987961,-74.3628720107602
1.20433333333333,-74.1670082297253,-70.998634894626,-74.1186946442514,-74.26471748103,-70.9831900636635,-74.3443801839117
1.20466666666667,-74.1484736144525,-70.9815149230303,-74.1000515840943,-74.2461489488491,-70.9660276057234,-74.3258661157412
1.205,-74.1299169237127,-70.9643802512691,-74.0813866648187,-74.2275585472877,-70.9488504030191,-74.3073297946354
1.20533333333333,-74.1113381460249,-70.9472308574891,-74.0626998745,-74.2089462651882,-70.93165843354,-74.2887712089731
1.20566666666667,-74.0927372698957,-70.9300667197837,-74.0439912011986,-74.1903120913787,-70.9144516752216,-74.2701903471253
1.206,-74.0741142838185,-70.9128878161926,-74.0252606329585,-74.1716560146734,-70.8972301059452,-74.2515871974549
1.20633333333333,-74.0554691762736,-70.895694124702,-74.0065081578082,-74.1529780238714,-70.8799937035378,-74.2329617483157
1.20666666666667,-74.0368019357276,-70.8784856232441,-73.987733763759,-74.1342781077568,-70.862742445772,-74.2143139880527
1.207,-74.0181125506329,-70.8612622896971,-73.9689374388056,-74.1155562550987,-70.8454763103656,-74.1956439050014
1.20733333333333,-73.9994010094275,-70.8440241018849,-73.9501191709253,-74.0968124546497,-70.8281952749814,-74.1769514874873
1.20766666666667,-73.9806673005347,-70.826771037577,-73.9312789480778,-74.0780466951466,-70.8108993172274,-74.1582367238258
1.208,-73.9619114123623,-70.8095030744884,-73.9124167582046,-74.0592589653095,-70.7935884146562,-74.1394996023216
1.20833333333333,-73.9431333333028,-70.7922201902792,-73.8935325892288,-74.0404492538415,-70.7762625447651,-74.1207401112686
1.20866666666667,-73.9243330517324,-70.7749223625546,-73.8746264290547,-74.0216175494285,-70.7589216849957,-74.101958238949
1.209,-73.905510556011,-70.7576095688647,-73.8556982655675,-74.0027638407384,-70.7415658127338,-74.0831539736335
1.20933333333333,-73.8866658344819,-70.7402817867041,-73.8367480866324,-73.9838881164212,-70.7241949053094,-74.0643273035805
1.20966666666667,-73.867798875471,-70.7229389935122,-73.817775880095,-73.9649903651083,-70.706808939996,-74.0454782170358
1.21,-73.8489096672867,-70.7055811666724,-73.7987816337805,-73.9460705754121,-70.6894078940112,-74.0266067022324
1.21033333333333,-73.8299981982195,-70.6882082835124,-73.7797653354933,-73.9271287359259,-70.6719917445155,-74.0077127473899
1.21066666666667,-73.8110644565413,-70.6708203213038,-73.7607269730164,-73.9081648352232,-70.6545604686133,-73.9887963407141
1.211,-73.7921084305056,-70.6534172572618,-73.7416665341118,-73.8891788618575,-70.6371140433517,-73.9698574703967
1.21133333333333,-73.7731301083465,-70.6359990685454,-73.7225840065192,-73.8701708043618,-70.6196524457207,-73.9508961246151
1.21166666666667,-73.7541294782785,-70.6185657322569,-73.703479377956,-73.8511406512483,-70.6021756526532,-73.9319122915314
1.212,-73.7351065284964,-70.6011172254417,-73.6843526361172,-73.8320883910079,-70.5846836410244,-73.9129059592928
1.21233333333333,-73.7160612471746,-70.5836535250882,-73.6652037686744,-73.8130140121099,-70.567176387652,-73.8938771160303
1.21266666666667,-73.6969936224664,-70.5661746081277,-73.6460327632758,-73.7939175030017,-70.5496538692957,-73.8748257498592
1.213,-73.6779036425044,-70.5486804514342,-73.626839607546,-73.7747988521081,-70.5321160626573,-73.8557518488782
1.21333333333333,-73.6587912953994,-70.5311710318237,-73.6076242890849,-73.7556580478312,-70.5145629443802,-73.8366554011689
1.21366666666667,-73.6396565692403,-70.513646326055,-73.588386795468,-73.7364950785498,-70.4969944910494,-73.8175363947959
1.214,-73.6204994520937,-70.4961063108285,-73.5691271142458,-73.7173099326192,-70.4794106791912,-73.7983948178057
1.21433333333333,-73.6013199320033,-70.4785509627867,-73.5498452329432,-73.6981025983705,-70.4618114852731,-73.7792306582269
1.21466666666667,-73.5821179969897,-70.4609802585136,-73.5305411390593,-73.6788730641107,-70.4441968857037,-73.7600439040696
1.215,-73.5628936350499,-70.4433941745347,-73.511214820067,-73.6596213181218,-70.4265668568321,-73.7408345433249
1.21533333333333,-73.5436468341569,-70.4257926873169,-73.4918662634125,-73.6403473486607,-70.4089213749481,-73.7216025639645
1.21566666666667,-73.5243775822594,-70.4081757732679,-73.4724954565148,-73.6210511439584,-70.391260416282,-73.7023479539404
1.216,-73.5050858672812,-70.3905434087365,-73.4531023867658,-73.6017326922203,-70.3735839570039,-73.6830707011844
1.21633333333333,-73.4857716771208,-70.3728955700121,-73.4336870415293,-73.5823919816253,-70.3558919732244,-73.6637707936078
1.21666666666667,-73.4664349996513,-70.3552322333245,-73.4142494081409,-73.5630290003252,-70.3381844409933,-73.6444482191008
1.217,-73.4470758227195,-70.3375533748438,-73.3947894739075,-73.5436437364449,-70.3204613363003,-73.6251029655324
1.21733333333333,-73.4276941341459,-70.3198589706802,-73.3753072261071,-73.5242361780816,-70.3027226350745,-73.6057350207495
1.21766666666667,-73.4082899217241,-70.3021489968838,-73.3558026519879,-73.5048063133044,-70.284968313184,-73.5863443725769
1.218,-73.3888631732205,-70.2844234294443,-73.3362757387686,-73.4853541301539,-70.2671983464358,-73.5669310088169
1.21833333333333,-73.3694138763735,-70.266682244291,-73.3167264736373,-73.4658796166421,-70.2494127105758,-73.5474949172485
1.21866666666667,-73.3499420188937,-70.2489254172923,-73.2971548437517,-73.4463827607516,-70.2316113812885,-73.5280360856273
1.219,-73.330447588463,-70.2311529242558,-73.2775608362381,-73.4268635504352,-70.2137943341965,-73.5085545016852
1.21933333333333,-73.3109305727345,-70.2133647409277,-73.2579444381915,-73.407321973616,-70.1959615448607,-73.4890501531294
1.21966666666667,-73.2913909593316,-70.1955608429933,-73.2383056366749,-73.3877580181862,-70.1781129887798,-73.4695230276427
1.22,-73.2718287358483,-70.1777412060759,-73.2186444187189,-73.3681716720074,-70.1602486413904,-73.4499731128826
1.22033333333333,-73.2522438898481,-70.1599058057373,-73.1989607713215,-73.3485629229098,-70.1423684780666,-73.4304003964811
1.22066666666667,-73.232636408864,-70.1420546174772,-73.1792546814474,-73.3289317586919,-70.1244724741194,-73.410804866044
1.221,-73.2130062803978,-70.1241876167332,-73.1595261360278,-73.3092781671199,-70.1065606047974,-73.3911865091508
1.22133333333333,-73.19335349192,-70.1063047788806,-73.1397751219598,-73.2896021359277,-70.0886328452857,-73.3715453133543
1.22166666666667,-73.1736780308691,-70.0884060792319,-73.1200016261063,-73.2699036528162,-70.0706891707063,-73.3518812661796
1.222,-73.1539798846512,-70.070491493037,-73.1002056352951,-73.2501827054528,-70.0527295561176,-73.3321943551247
1.22233333333333,-73.1342590406397,-70.0525609954825,-73.080387136319,-73.2304392814711,-70.034753976514,-73.3124845676588
1.22266666666667,-73.1145154861749,-70.0346145616922,-73.060546115935,-73.2106733684706,-70.0167624068261,-73.2927518912231
1.223,-73.0947492085633,-70.016652166726,-73.0406825608641,-73.1908849540161,-69.9987548219205,-73.2729963132294
1.22333333333333,-73.0749601950775,-69.9986737855805,-73.0207964577907,-73.1710740256374,-69.9807311965989,-73.2532178210603
1.22366666666667,-73.0551484329555,-69.9806793931881,-73.0008877933623,-73.1512405708288,-69.9626915055988,-73.2334164020686
1.224,-73.0353139094005,-69.9626689644175,-72.9809565541891,-73.1313845770487,-69.9446357235927,-73.2135920435766
1.22433333333333,-73.0154566115804,-69.9446424740729,-72.9610027268435,-73.1115060317192,-69.9265638251879,-73.1937447328759
1.22466666666667,-72.9955765266272,-69.9265998968938,-72.9410262978597,-73.0916049222257,-69.9084757849266,-73.1738744572272
1.225,-72.9756736416367,-69.9085412075554,-72.9210272537334,-73.0716812359163,-69.8903715772854,-73.1539812038595
1.22533333333333,-72.9557479436683,-69.8904663806675,-72.9010055809211,-73.0517349601017,-69.8722511766751,-73.1340649599695
1.22566666666667,-72.935799419744,-69.8723753907751,-72.8809612658399,-73.0317660820545,-69.8541145574408,-73.1141257127219
1.226,-72.9158280568486,-69.8542682123574,-72.860894294867,-73.0117745890089,-69.8359616938611,-73.0941634492481
1.22633333333333,-72.8958338419288,-69.8361448198285,-72.8408046543392,-72.9917604681603,-69.8177925601483,-73.0741781566464
1.22666666666667,-72.8758167618928,-69.8180051875362,-72.8206923305528,-72.9717237066647,-69.7996071304482,-73.0541698219813
1.227,-72.8557768036104,-69.7998492897625,-72.8005573097626,-72.9516642916384,-69.7814053788397,-73.034138432283
1.22733333333333,-72.8357139539117,-69.7816771007231,-72.780399578182,-72.9315822101578,-69.7631872793344,-73.0140839745472
1.22766666666667,-72.8156281995874,-69.763488594567,-72.7602191219823,-72.9114774492584,-69.744952805877,-72.9940064357343
1.228,-72.7955195273879,-69.7452837453768,-72.7400159272924,-72.891349995935,-69.7267019323443,-72.9739058027693
1.22833333333333,-72.7753879240232,-69.7270625271679,-72.7197899801981,-72.8711998371407,-69.7084346325455,-72.9537820625413
1.22866666666667,-72.7552333761622,-69.7088249138885,-72.6995412667421,-72.851026959787,-69.6901508802218,-72.9336352019027
1.229,-72.7350558704324,-69.6905708794196,-72.6792697729232,-72.830831350743,-69.6718506490461,-72.9134652076694
1.22933333333333,-72.7148553934193,-69.6723003975743,-72.6589754846961,-72.8106129968351,-69.653533912623,-72.8932720666196
1.22966666666667,-72.6946319316662,-69.6540134420981,-72.6386583879708,-72.7903718848466,-69.6352006444883,-72.8730557654941
1.23,-72.6743854716735,-69.6357099866683,-72.618318468612,-72.7701080015172,-69.6168508181088,-72.8528162909953
1.23033333333333,-72.6541159998985,-69.6173900048937,-72.5979557124394,-72.7498213335425,-69.5984844068824,-72.832553629787
1.23066666666667,-72.6338235027547,-69.5990534703148,-72.5775701052263,-72.7295118675738,-69.5801013841373,-72.8122677684939
1.231,-72.6135079666117,-69.5807003564032,-72.5571616326998,-72.7091795902174,-69.5617017231323,-72.7919586937011
1.23133333333333,-72.5931693777944,-69.5623306365614,-72.5367302805402,-72.6888244880344,-69.5432853970563,-72.7716263919537
1.23166666666667,-72.5728077225826,-69.5439442841228,-72.5162760343805,-72.66844654754,-69.5248523790279,-72.7512708497565
1.232,-72.5524229872108,-69.5255412723513,-72.495798879806,-72.6480457552033,-69.5064026420958,-72.7308920535732
1.23233333333333,-72.5320151578675,-69.5071215744408,-72.4752988023538,-72.6276220974469,-69.4879361592376,-72.7104899898263
1.23266666666667,-72.511584220695,-69.4886851635156,-72.4547757875125,-72.6071755606462,-69.4694529033604,-72.6900646448965
1.233,-72.4911301617887,-69.4702320126295,-72.4342298207216,-72.586706131129,-69.4509528473002,-72.6696160051221
1.23333333333333,-72.4706529671967,-69.451762094766,-72.4136608873713,-72.5662137951753,-69.4324359638216,-72.6491440567988
1.23366666666667,-72.4501526229194,-69.433275382838,-72.3930689728016,-72.5456985390168,-69.4139022256179,-72.6286487861791
1.234,-72.4296291149092,-69.4147718496873,-72.3724540623023,-72.5251603488361,-69.3953516053103,-72.6081301794719
1.23433333333333,-72.4090824290697,-69.3962514680847,-72.3518161411125,-72.5045992107669,-69.3767840754481,-72.5875882228419
1.23466666666667,-72.3885125512555,-69.3777142107294,-72.3311551944199,-72.4840151108929,-69.3581996085083,-72.5670229024096
1.235,-72.3679194672719,-69.359160050249,-72.3104712073605,-72.4634080352478,-69.3395981768955,-72.5464342042501
1.23533333333333,-72.3473031628738,-69.3405889591995,-72.2897641650183,-72.4427779698147,-69.3209797529413,-72.5258221143933
1.23566666666667,-72.3266636237661,-69.3220009100643,-72.2690340524245,-72.4221249005256,-69.3023443089045,-72.505186618823
1.236,-72.3060008356025,-69.3033958752548,-72.2482808545575,-72.4014488132611,-69.2836918169706,-72.4845277034769
1.23633333333333,-72.2853147839856,-69.2847738271095,-72.2275045563419,-72.3807496938499,-69.2650222492513,-72.4638453542456
1.23666666666667,-72.2646054544661,-69.2661347378942,-72.2067051426487,-72.3600275280682,-69.2463355777849,-72.4431395569727
1.237,-72.2438728325424,-69.2474785798015,-72.1858825982944,-72.3392823016396,-69.2276317745355,-72.4224102974537
1.23733333333333,-72.2231169036603,-69.2288053249506,-72.1650369080404,-72.3185140002342,-69.2089108113929,-72.4016575614361
1.23766666666667,-72.2023376532123,-69.2101149453871,-72.1441680565932,-72.2977226094687,-69.1901726601724,-72.3808813346186
1.238,-72.1815350665374,-69.1914074130828,-72.1232760286033,-72.2769081149052,-69.1714172926146,-72.360081602651
1.23833333333333,-72.1607091289205,-69.1726826999352,-72.1023608086651,-72.2560705020517,-69.1526446803849,-72.3392583511332
1.23866666666667,-72.1398598255918,-69.1539407777675,-72.0814223813162,-72.2352097563609,-69.1338547950734,-72.3184115656152
1.239,-72.1189871417267,-69.1351816183283,-72.0604607310375,-72.21432586323,-69.1150476081948,-72.2975412315965
1.23933333333333,-72.0980910624449,-69.1164051932914,-72.0394758422517,-72.1934188080002,-69.096223091188,-72.2766473345253
1.23966666666667,-72.0771715728103,-69.0976114742551,-72.018467699324,-72.1724885759565,-69.0773812154155,-72.2557298597986
1.24,-72.0562286578305,-69.0788004327428,-71.997436286561,-72.1515351523269,-69.0585219521638,-72.2347887927615
1.24033333333333,-72.0352623024559,-69.0599720402017,-71.9763815882102,-72.1305585222822,-69.0396452726428,-72.2138241187065
1.24066666666667,-72.01427249158,-69.0411262680034,-71.9553035884598,-72.1095586709352,-69.0207511479852,-72.1928358228733
1.241,-71.993259210038,-69.0222630874433,-71.9342022714383,-72.0885355833409,-69.0018395492469,-72.1718238904483
1.24133333333333,-71.9722224426074,-69.0033824697402,-71.9130776212137,-72.0674892444952,-68.9829104474063,-72.1507883065641
1.24166666666667,-71.9511621740065,-68.9844843860365,-71.8919296217932,-72.0464196393353,-68.9639638133642,-72.1297290562987
1.242,-71.9300783888946,-68.9655688073972,-71.8707582571229,-72.0253267527387,-68.9449996179433,-72.1086461246759
1.24233333333333,-71.9089710718714,-68.9466357048105,-71.8495635110871,-72.0042105695226,-68.9260178318883,-72.0875394966637
1.24266666666667,-71.8878402074762,-68.9276850491867,-71.8283453675081,-71.9830710744441,-68.9070184258653,-72.0664091571748
1.243,-71.8666857801881,-68.9087168113586,-71.8071038101455,-71.9619082521992,-68.8880013704619,-72.0452550910656
1.24333333333333,-71.8455077744248,-68.889730962081,-71.7858388226957,-71.9407220874225,-68.8689666361863,-72.0240772831356
1.24366666666667,-71.8243061745426,-68.8707274720302,-71.7645503887916,-71.9195125646868,-68.8499141934679,-72.0028757181276
1.244,-71.8030809648357,-68.851706311804,-71.7432384920023,-71.8982796685025,-68.8308440126561,-71.9816503807265
1.24433333333333,-71.7818321295358,-68.8326674519215,-71.7219031158321,-71.8770233833175,-68.8117560640208,-71.9604012555592
1.24466666666667,-71.7605596528118,-68.8136108628224,-71.7005442437207,-71.8557436935161,-68.7926503177516,-71.9391283271941
1.245,-71.739263518769,-68.7945365148674,-71.679161859042,-71.8344405834193,-68.773526743958,-71.9178315801404
1.24533333333333,-71.7179437114488,-68.7754443783374,-71.6577559451042,-71.8131140372836,-68.7543853126686,-71.896510998848
1.24566666666667,-71.6966002148284,-68.756334423433,-71.6363264851494,-71.7917640393011,-68.735225993831,-71.8751665677066
1.246,-71.67523301282,-68.7372066202752,-71.6148734623526,-71.7703905735989,-68.716048757312,-71.8537982710457
1.24633333333333,-71.6538420892704,-68.7180609389042,-71.5933968598214,-71.7489936242385,-68.6968535728964,-71.8324060931335
1.24666666666667,-71.6324274279607,-68.6988973492794,-71.571896660596,-71.7275731752153,-68.6776404102877,-71.8109900181771
1.247,-71.6109890126057,-68.6797158212793,-71.5503728476481,-71.7061292104584,-68.658409239107,-71.7895500303214
1.24733333333333,-71.5895268268535,-68.6605163247011,-71.5288254038809,-71.6846617138299,-68.6391600288932,-71.7680861136493
1.24766666666667,-71.5680408542848,-68.6412988292602,-71.5072543121283,-71.6631706691247,-68.6198927491027,-71.7465982521803
1.248,-71.5465310784127,-68.6220633045903,-71.4856595551545,-71.6416560600696,-68.6006073691088,-71.7250864298711
1.24833333333333,-71.5249974826821,-68.602809720243,-71.4640411156538,-71.6201178703232,-68.5813038582017,-71.7035506306141
1.24866666666667,-71.5034400504692,-68.5835380456874,-71.4423989762498,-71.5985560834755,-68.5619821855881,-71.6819908382376
1.249,-71.4818587650811,-68.5642482503097,-71.4207331194949,-71.576970683047,-68.5426423203909,-71.6604070365051
1.24933333333333,-71.4602536097552,-68.5449403034133,-71.3990435278701,-71.5553616524887,-68.5232842316491,-71.6387992091147
1.24966666666667,-71.4386245676587,-68.5256141742183,-71.3773301837844,-71.5337289751813,-68.5039078883172,-71.6171673396989
1.25,-71.4169716218884,-68.5062698318611,-71.3555930695744,-71.512072634435,-68.4845132592651,-71.5955114118238
1.25033333333333,-71.3952947554698,-68.4869072453942,-71.3338321675035,-71.4903926134886,-68.4651003132777,-71.5738314089887
1.25066666666667,-71.3735939513571,-68.4675263837862,-71.3120474597617,-71.4686888955097,-68.4456690190548,-71.5521273146258
1.251,-71.3518691924321,-68.4481272159209,-71.2902389284653,-71.4469614635937,-68.4262193452106,-71.5303991120996
1.25133333333333,-71.3301204615044,-68.4287097105977,-71.2684065556559,-71.4252103007634,-68.4067512602735,-71.5086467847061
1.25166666666667,-71.3083477413105,-68.4092738365305,-71.2465503233004,-71.4034353899687,-68.3872647326857,-71.4868703156729
1.252,-71.2865510145132,-68.3898195623484,-71.2246702132904,-71.3816367140862,-68.3677597308032,-71.4650696881585
1.25233333333333,-71.2647302637015,-68.3703468565945,-71.2027662074414,-71.3598142559183,-68.3482362228952,-71.4432448852512
1.25266666666667,-71.2428854713899,-68.3508556877261,-71.1808382874927,-71.3379679981931,-68.3286941771435,-71.4213958899697
1.253,-71.2210166200179,-68.3313460241143,-71.158886435107,-71.3160979235638,-68.3091335616432,-71.3995226852617
1.25333333333333,-71.1991236919496,-68.3118178340436,-71.1369106318694,-71.2942040146086,-68.2895543444014,-71.3776252540039
1.25366666666667,-71.1772066694729,-68.2922710857118,-71.1149108592872,-71.2722862538293,-68.2699564933374,-71.3557035790012
1.254,-71.1552655347998,-68.2727057472294,-71.0928870987899,-71.250344623652,-68.2503399762821,-71.3337576429866
1.25433333333333,-71.1333002700649,-68.2531217866196,-71.0708393317277,-71.2283791064255,-68.2307047609781,-71.3117874286203
1.25466666666667,-71.1113108573255,-68.2335191718179,-71.0487675393719,-71.2063896844218,-68.2110508150789,-71.2897929184893
1.255,-71.0892972785613,-68.2138978706717,-71.026671702914,-71.184376339835,-68.1913781061492,-71.2677740951072
1.25533333333333,-71.0672595156731,-68.1942578509401,-71.0045518034653,-71.1623390547809,-68.1716866016638,-71.2457309409134
1.25566666666667,-71.0451975504833,-68.1745990802934,-70.9824078220563,-71.1402778112968,-68.151976269008,-71.2236634382726
1.256,-71.0231113647345,-68.1549215263133,-70.9602397396365,-71.1181925913408,-68.132247075477,-71.2015715694744
1.25633333333333,-71.0010009400899,-68.1352251564918,-70.9380475370737,-71.0960833767916,-68.1124989882754,-71.179455316733
1.25666666666667,-70.9788662581319,-68.1155099382317,-70.9158311951534,-71.0739501494473,-68.0927319745174,-71.1573146621862
1.257,-70.9567073003622,-68.0957758388457,-70.8935906945786,-71.0517928910259,-68.0729460012257,-71.1351495878956
1.25733333333333,-70.9345240482013,-68.0760228255564,-70.8713260159692,-71.0296115831641,-68.0531410353322,-71.1129600758452
1.25766666666667,-70.9123164829877,-68.0562508654958,-70.8490371398612,-71.0074062074171,-68.0333170436767,-71.0907461079419
1.258,-70.8900845859776,-68.0364599257053,-70.8267240467068,-70.9851767452583,-68.0134739930071,-71.0685076660141
1.25833333333333,-70.8678283383443,-68.0166499731348,-70.8043867168735,-70.9629231780782,-67.9936118499792,-71.046244731812
1.25866666666667,-70.8455477211777,-67.9968209746431,-70.7820251306435,-70.9406454871846,-67.9737305811558,-71.0239572870064
1.259,-70.8232427154842,-67.9769728969969,-70.7596392682136,-70.9183436538019,-67.9538301530071,-71.0016453131886
1.25933333333333,-70.8009133021856,-67.9571057068712,-70.7372291096945,-70.8960176590703,-67.9339105319098,-70.9793087918699
1.25966666666667,-70.7785594621188,-67.9372193708482,-70.7147946351101,-70.8736674840457,-67.913971684147,-70.9569477044809
1.26,-70.7561811760356,-67.9173138554175,-70.6923358243976,-70.8512931096993,-67.894013575908,-70.9345620323711
1.26033333333333,-70.7337784246017,-67.8973891269757,-70.6698526574062,-70.8288945169166,-67.8740361732876,-70.9121517568085
1.26066666666667,-70.7113511883968,-67.877445151826,-70.6473451138974,-70.8064716864973,-67.8540394422862,-70.8897168589789
1.261,-70.6888994479135,-67.8574818961779,-70.6248131735437,-70.7840245991548,-67.8340233488093,-70.8672573199855
1.26133333333333,-70.6664231835571,-67.8374993261467,-70.602256815929,-70.7615532355157,-67.8139878586669,-70.8447731208485
1.26166666666667,-70.6439223756452,-67.8174974077535,-70.5796760205471,-70.7390575761191,-67.7939329375737,-70.8222642425044
1.262,-70.621397004407,-67.7974761069247,-70.5570707668023,-70.7165376014165,-67.7738585511483,-70.7997306658056
1.26233333333333,-70.5988470499828,-67.7774353894916,-70.5344410340078,-70.6939932917708,-67.7537646649129,-70.7771723715197
1.26266666666667,-70.5762724924236,-67.7573752211902,-70.5117868013861,-70.6714246274565,-67.7336512442935,-70.7545893403296
1.263,-70.5536733116905,-67.7372955676608,-70.4891080480679,-70.6488315886584,-67.7135182546187,-70.7319815528321
1.26333333333333,-70.5310494876542,-67.7171963944476,-70.4664047530918,-70.6262141554719,-67.6933656611203,-70.7093489895381
1.26366666666667,-70.5084010000947,-67.6970776669985,-70.4436768954041,-70.6035723079018,-67.6731934289319,-70.6866916308718
1.264,-70.4857278287006,-67.6769393506648,-70.4209244538577,-70.5809060258624,-67.6530015230898,-70.6640094571703
1.26433333333333,-70.4630299530684,-67.6567814107005,-70.3981474072121,-70.5582152891766,-67.6327899085314,-70.641302448683
1.26466666666667,-70.4403073527025,-67.6366038122625,-70.3753457341325,-70.5355000775757,-67.6125585500957,-70.6185705855709
1.265,-70.4175600070143,-67.6164065204099,-70.3525194131898,-70.5127603706987,-67.5923074125229,-70.5958138479066
1.26533333333333,-70.3947878953217,-67.5961895001036,-70.3296684228594,-70.4899961480919,-67.5720364604535,-70.5730322156734
1.26566666666667,-70.3719909968487,-67.5759527162063,-70.3067927415215,-70.4672073892084,-67.5517456584284,-70.5502256687649
1.266,-70.349169290725,-67.5556961334819,-70.2838923474598,-70.4443940734076,-67.5314349708887,-70.5273941869844
1.26633333333333,-70.3263227559854,-67.535419716595,-70.2609672188617,-70.4215561799546,-67.5111043621747,-70.5045377500447
1.26666666666667,-70.303451371569,-67.5151234301111,-70.2380173338172,-70.3986936880199,-67.4907537965263,-70.481656337567
1.267,-70.2805551163192,-67.4948072384956,-70.2150426703187,-70.3758065766789,-67.4703832380821,-70.458749929081
1.26733333333333,-70.2576339689829,-67.4744711061141,-70.1920432062606,-70.3528948249112,-67.4499926508793,-70.4358185040241
1.26766666666667,-70.2346879082097,-67.4541149972313,-70.1690189194384,-70.3299584116003,-67.4295819988532,-70.4128620417408
1.268,-70.2117169125521,-67.4337388760114,-70.1459697875486,-70.3069973155329,-67.4091512458372,-70.3898805214824
1.26833333333333,-70.1887209604645,-67.4133427065172,-70.1228957881879,-70.2840115153986,-67.3887003555618,-70.3668739224064
1.26866666666667,-70.1657000303026,-67.3929264527102,-70.0997968988527,-70.2610009897895,-67.3682292916548,-70.3438422235759
1.269,-70.1426541003232,-67.3724900784496,-70.0766730969389,-70.2379657171991,-67.3477380176407,-70.3207854039591
1.26933333333333,-70.1195831486834,-67.3520335474927,-70.0535243597409,-70.2149056760227,-67.3272264969405,-70.2977034424291
1.26966666666667,-70.0964871534405,-67.3315568234939,-70.0303506644517,-70.1918208445563,-67.3066946928709,-70.2745963177627
1.27,-70.0733660925509,-67.3110598700049,-70.0071519881617,-70.168711200996,-67.2861425686445,-70.2514640086407
1.27033333333333,-70.0502199438701,-67.2905426504739,-69.9839283078585,-70.1455767234381,-67.2655700873693,-70.2283064936468
1.27066666666667,-70.0270486851518,-67.2700051282453,-69.9606796004267,-70.1224173898779,-67.2449772120477,-70.2051237512672
1.271,-70.0038522940476,-67.2494472665596,-69.9374058426468,-70.0992331782098,-67.2243639055773,-70.1819157598903
1.27133333333333,-69.9806307481066,-67.2288690285527,-69.9141070111951,-70.0760240662263,-67.2037301307493,-70.1586824978061
1.27166666666667,-69.9573840247745,-67.2082703772558,-69.8907830826429,-70.0527900316179,-67.183075850249,-70.1354239432053
1.272,-69.9341121013933,-67.187651275595,-69.8674340334562,-70.0295310519722,-67.162401026655,-70.1121400741793
1.27233333333333,-69.9108149552008,-67.1670116863906,-69.8440598399951,-70.0062471047741,-67.141705622439,-70.0888308687194
1.27266666666667,-69.8874925633302,-67.1463515723572,-69.8206604785134,-69.9829381674042,-67.1209895999653,-70.0654963047165
1.273,-69.8641449028091,-67.1256708961031,-69.7972359251576,-69.9596042171393,-67.1002529214906,-70.0421363599601
1.27333333333333,-69.8407719505595,-67.1049696201299,-69.7737861559671,-69.9362452311515,-67.0794955491633,-70.0187510121386
1.27366666666667,-69.8173736833971,-67.084247706832,-69.7503111468731,-69.9128611865074,-67.0587174450236,-69.9953402388376
1.274,-69.7939500780307,-67.0635051184966,-69.7268108736983,-69.8894520601682,-67.0379185710025,-69.9719040175407
1.27433333333333,-69.7705011110616,-67.042741817303,-69.7032853121564,-69.8660178289888,-67.017098888922,-69.948442325628
1.27466666666667,-69.7470267589833,-67.0219577653225,-69.6797344378516,-69.8425584697173,-66.9962583604945,-69.924955140376
1.275,-69.7235269981808,-67.0011529245175,-69.6561582262777,-69.8190739589946,-66.9753969473221,-69.9014424389569
1.27533333333333,-69.7000018049303,-66.9803272567419,-69.6325566528183,-69.7955642733539,-66.9545146108968,-69.8779041984382
1.27566666666667,-69.6764511553983,-66.9594807237398,-69.6089296927456,-69.7720293892201,-66.9336113125995,-69.8543403957821
1.276,-69.6528750256413,-66.9386132871459,-69.58527732122,-69.7484692829093,-66.9126870137002,-69.8307510078451
1.27633333333333,-69.6292733916055,-66.9177249084849,-69.5615995132899,-69.7248839306285,-66.8917416753571,-69.8071360113774
1.27666666666667,-69.6056462291256,-66.8968155491706,-69.537896243891,-69.7012733084746,-66.8707752586165,-69.7834953830221
1.277,-69.581993513925,-66.8758851705063,-69.5141674878454,-69.6776373924344,-66.8497877244123,-69.7598290993151
1.27733333333333,-69.5583152216149,-66.854933733684,-69.4904132198618,-69.653976158384,-66.8287790335657,-69.7361371366845
1.27766666666667,-69.5346113276937,-66.8339611997838,-69.4666334145343,-69.6302895820879,-66.8077491467846,-69.7124194714497
1.278,-69.5108818075467,-66.8129675297739,-69.4428280463422,-69.6065776391989,-66.7866980246633,-69.6886760798214
1.27833333333333,-69.4871266364455,-66.7919526845102,-69.4189970896494,-69.5828403052576,-66.7656256276822,-69.6649069379005
1.27866666666667,-69.4633457895472,-66.7709166247356,-69.3951405187037,-69.5590775556914,-66.7445319162073,-69.6411120216783
1.279,-69.4395392418942,-66.7498593110796,-69.3712583076368,-69.5352893658145,-66.7234168504899,-69.617291307035
1.27933333333333,-69.4157069684137,-66.7287807040584,-69.347350430463,-69.5114757108272,-66.7022803906659,-69.5934447697402
1.27966666666667,-69.3918489439167,-66.7076807640738,-69.3234168610792,-69.4876365658154,-66.6811224967558,-69.5695723854516
1.28,-69.367965143098,-66.6865594514134,-69.2994575732642,-69.4637719057498,-66.6599431286639,-69.5456741297149
1.28033333333333,-69.3440555405355,-66.66541672625,-69.2754725406782,-69.4398817054861,-66.6387422461781,-69.5217499779629
1.28066666666667,-69.3201201106893,-66.6442525486409,-69.2514617368623,-69.4159659397636,-66.6175198089695,-69.4977999055154
1.281,-69.2961588279016,-66.6230668785278,-69.2274251352377,-69.3920245832053,-66.5962757765921,-69.4738238875782
1.28133333333333,-69.2721716663961,-66.6018596757365,-69.2033627091054,-69.3680576103171,-66.5750101084819,-69.4498218992432
1.28166666666667,-69.2481586002774,-66.5806308999761,-69.1792744316458,-69.3440649954875,-66.553722763957,-69.4257939154871
1.282,-69.2241196035302,-66.5593805108388,-69.1551602759177,-69.3200467129868,-66.5324137022171,-69.4017399111714
1.28233333333333,-69.2000546500191,-66.5381084677998,-69.1310202148582,-69.2960027369667,-66.5110828823426,-69.3776598610417
1.28266666666667,-69.175963713488,-66.5168147302162,-69.106854221282,-69.2719330414598,-66.4897302632949,-69.353553739727
1.283,-69.1518467675596,-66.4954992573271,-69.0826622678806,-69.2478376003793,-66.4683558039154,-69.3294215217397
1.28333333333333,-69.1277037857344,-66.4741620082531,-69.0584443272221,-69.2237163875178,-66.4469594629255,-69.3052631814743
1.28366666666667,-69.1035347413909,-66.4528029419957,-69.0342003717508,-69.1995693765476,-66.4255411989258,-69.2810786932074
1.284,-69.0793396077843,-66.431422017437,-69.009930373786,-69.1753965410197,-66.4041009703957,-69.2568680310971
1.28433333333333,-69.0551183580468,-66.4100191933394,-68.9856343055221,-69.1511978543631,-66.3826387356936,-69.2326311691822
1.28466666666667,-69.030870965186,-66.388594428345,-68.9613121390277,-69.126973289885,-66.3611544530554,-69.2083680813821
1.285,-69.0065974020854,-66.3671476809751,-68.9369638462451,-69.1027228207694,-66.3396480805949,-69.1840787414956
1.28533333333333,-68.9822976415031,-66.3456789096301,-68.9125893989899,-69.0784464200772,-66.3181195763033,-69.1597631232011
1.28566666666667,-68.9579716560715,-66.3241880725886,-68.8881887689502,-69.0541440607454,-66.2965688980482,-69.1354212000556
1.286,-68.933619418297,-66.3026751280076,-68.8637619276864,-69.0298157155865,-66.2749960035737,-69.1110529454942
1.28633333333333,-68.9092409005591,-66.2811400339212,-68.8393088466302,-69.0054613572883,-66.2534008504998,-69.0866583328296
1.28666666666667,-68.8848360751099,-66.2595827482413,-68.8148294970846,-68.981080958413,-66.231783396322,-69.0622373352518
1.287,-68.8604049140737,-66.2380032287559,-68.7903238502225,-68.9566744913969,-66.2101435984106,-69.0377899258272
1.28733333333333,-68.8359473894462,-66.2164014331297,-68.7657918770873,-68.9322419285497,-66.1884814140107,-69.013316077498
1.28766666666667,-68.8114634730944,-66.1947773189032,-68.7412335485913,-68.9077832420543,-66.1667968002413,-68.9888157630823
1.288,-68.7869531367555,-66.1731308434921,-68.7166488355157,-68.8832984039656,-66.1450897140952,-68.9642889552727
1.28833333333333,-68.7624163520368,-66.1514619641875,-68.6920377085098,-68.8587873862108,-66.1233601124384,-68.9397356266363
1.28866666666667,-68.7378530904146,-66.1297706381545,-68.6674001380906,-68.8342501605883,-66.1016079520096,-68.915155749614
1.289,-68.7132633232344,-66.1080568224326,-68.6427360946423,-68.8096866987673,-66.0798331894198,-68.8905492965201
1.28933333333333,-68.6886470217097,-66.086320473935,-68.6180455484155,-68.7850969722873,-66.0580357811519,-68.8659162395414
1.28966666666667,-68.6640041569216,-66.064561549448,-68.5933284695267,-68.7604809525575,-66.0362156835602,-68.8412565507371
1.29,-68.6393346998184,-66.0427800056304,-68.568584827958,-68.7358386108563,-66.0143728528699,-68.8165702020378
1.29033333333333,-68.614638621215,-66.0209757990137,-68.543814593556,-68.7111699183308,-65.9925072451767,-68.7918571652452
1.29066666666667,-68.5899158917922,-65.9991488860011,-68.519017736032,-68.6864748459964,-65.9706188164464,-68.7671174120318
1.291,-68.5651664820963,-65.9772992228669,-68.4941942249606,-68.6617533647357,-65.948707522514,-68.7423509139398
1.29133333333333,-68.5403903625382,-65.9554267657568,-68.4693440297798,-68.6370054452988,-65.9267733190842,-68.7175576423808
1.29166666666667,-68.5155875033935,-65.9335314706865,-68.44446711979,-68.6122310583018,-65.9048161617296,-68.6927375686355
1.292,-68.4907578748011,-65.9116132935421,-68.4195634641539,-68.5874301742271,-65.8828360058915,-68.6678906638527
1.29233333333333,-68.4659014467634,-65.8896721900789,-68.3946330318952,-68.5626027634226,-65.8608328068787,-68.6430168990491
1.29266666666667,-68.4410181891453,-65.8677081159216,-68.3696757918988,-68.5377487961007,-65.8388065198672,-68.6181162451087
1.293,-68.4161080716736,-65.8457210265633,-68.3446917129097,-68.5128682423383,-65.8167570998996,-68.5931886727818
1.29333333333333,-68.3911710639367,-65.8237108773653,-68.3196807635328,-68.4879610720763,-65.7946845018851,-68.5682341526853
1.29366666666667,-68.3662071353838,-65.8016776235566,-68.2946429122321,-68.4630272551185,-65.7725886805983,-68.5432526553014
1.294,-68.3412162553245,-65.7796212202335,-68.26957812733,-68.4380667611316,-65.7504695906792,-68.5182441509771
1.29433333333333,-68.3161983929281,-65.7575416223588,-68.2444863770072,-68.4130795596444,-65.728327186633,-68.4932086099243
1.29466666666667,-68.2911535172232,-65.7354387847619,-68.2193676293017,-68.3880656200471,-65.7061614228286,-68.4681460022185
1.295,-68.2660815970968,-65.7133126621376,-68.1942218521082,-68.3630249115912,-65.6839722534994,-68.4430562977985
1.29533333333333,-68.2409826012941,-65.6911632090464,-68.1690490131778,-68.3379574033885,-65.6617596327416,-68.4179394664661
1.29566666666667,-68.2158564984177,-65.6689903799134,-68.1438490801175,-68.312863064411,-65.6395235145147,-68.3927954778851
1.296,-68.190703256927,-65.646794129028,-68.1186220203891,-68.2877418634897,-65.6172638526403,-68.3676243015811
1.29633333333333,-68.1655228451379,-65.6245744105438,-68.0933678013091,-68.2625937693148,-65.5949806008022,-68.3424259069407
1.29666666666667,-68.1403152312219,-65.6023311784775,-68.068086390048,-68.2374187504345,-65.5726737125453,-68.3172002632113
1.297,-68.1150803832057,-65.5800643867087,-68.0427777536297,-68.2122167752549,-65.5503431412757,-68.2919473394999
1.29733333333333,-68.0898182689706,-65.5577739889797,-68.0174418589307,-68.1869878120392,-65.5279888402596,-68.2666671047732
1.29766666666667,-68.0645288562518,-65.5354599388943,-67.9920786726799,-68.1617318289073,-65.5056107626235,-68.2413595278567
1.298,-68.0392121126381,-65.5131221899182,-67.9666881614579,-68.136448793835,-65.4832088613529,-68.2160245774343
1.29833333333333,-68.013868005571,-65.4907606953778,-67.9412702916961,-68.1111386746539,-65.4607830892927,-68.1906622220473
1.29866666666667,-67.9884965023442,-65.4683754084599,-67.9158250296767,-68.0858014390501,-65.4383333991457,-68.1652724300946
1.299,-67.9630975701033,-65.4459662822113,-67.8903523415313,-68.0604370545645,-65.415859743473,-68.1398551698315
1.29933333333333,-67.9376711758449,-65.4235332695385,-67.8648521932414,-68.0350454885915,-65.3933620746929,-68.1144104093695
1.29966666666667,-67.912217286416,-65.4010763232067,-67.8393245506367,-68.0096267083791,-65.3708403450807,-68.0889381166754
1.3,-67.8867358685135,-65.3785953958395,-67.8137693793953,-67.9841806810278,-65.3482945067679,-68.063438259571
1.30033333333333,-67.861226888684,-65.3560904399187,-67.7881866450426,-67.9587073734902,-65.3257245117423,-68.0379108057327
1.30066666666667,-67.8356903133224,-65.3335614077835,-67.7625763129512,-67.9332067525705,-65.3031303118465,-68.0123557226902
1.301,-67.810126108672,-65.3110082516299,-67.7369383483398,-67.9076787849242,-65.2805118587784,-67.9867729778269
1.30133333333333,-67.7845342408237,-65.2884309235105,-67.7112727162731,-67.8821234370568,-65.2578691040899,-67.9611625383788
1.30166666666667,-67.7589146757153,-65.2658293753339,-67.6855793816606,-67.8565406753241,-65.2352019991868,-67.9355243714337
1.302,-67.733267379131,-65.2432035588637,-67.6598583092567,-67.8309304659309,-65.2125104953284,-67.9098584439313
1.30233333333333,-67.7075923167008,-65.2205534257189,-67.6341094636597,-67.805292774931,-65.1897945436264,-67.884164722662
1.30266666666667,-67.6818894539001,-65.1978789273726,-67.608332809311,-67.7796275682263,-65.167054095045,-67.8584431742668
1.303,-67.6561587560485,-65.175180015152,-67.5825283104951,-67.7539348115662,-65.1442891003999,-67.8326937652363
1.30333333333333,-67.6304001883102,-65.1524566402375,-67.5566959313386,-67.7282144705474,-65.1214995103583,-67.8069164619107
1.30366666666667,-67.6046137156923,-65.1297087536623,-67.5308356358095,-67.7024665106128,-65.0986852754376,-67.7811112304787
1.304,-67.5787993030451,-65.1069363063121,-67.5049473877169,-67.6766908970515,-65.0758463460057,-67.7552780369769
1.30433333333333,-67.5529569150609,-65.0841392489241,-67.4790311507104,-67.6508875949977,-65.05298267228,-67.7294168472899
1.30466666666667,-67.5270865162739,-65.0613175320871,-67.453086888279,-67.6250565694306,-65.0300942043267,-67.703527627149
1.305,-67.5011880710591,-65.0384711062404,-67.4271145637513,-67.5991977851733,-65.0071808920607,-67.6776103421319
1.30533333333333,-67.475261543632,-65.0155999216737,-67.4011141402942,-67.5733112068928,-64.984242685245,-67.6516649576623
1.30566666666667,-67.4493068980482,-64.9927039285262,-67.3750855809126,-67.5473967990991,-64.9612795334898,-67.625691439009
1.306,-67.4233240982021,-64.9697830767863,-67.3490288484488,-67.5214545261444,-64.9382913862523,-67.5996897512857
1.30633333333333,-67.3973131078271,-64.9468373162911,-67.3229439055817,-67.4954843522233,-64.9152781928359,-67.57365985945
1.30666666666667,-67.3712738904946,-64.9238665967257,-67.2968307148266,-67.4694862413712,-64.8922399023899,-67.5476017283031
1.307,-67.3452064096133,-64.9008708676228,-67.2706892385341,-67.4434601574645,-64.8691764639089,-67.5215153224893
1.30733333333333,-67.3191106284287,-64.8778500783619,-67.2445194388898,-67.4174060642199,-64.8460878262321,-67.4954006064953
1.30766666666667,-67.2929865100228,-64.8548041781693,-67.2183212779136,-67.3913239251934,-64.8229739380428,-67.4692575446494
1.308,-67.266834017313,-64.831733116117,-67.192094717459,-67.3652137037801,-64.799834747868,-67.4430861011212
1.30833333333333,-67.2406531130518,-64.8086368411223,-67.1658397192129,-67.3390753632137,-64.7766702040776,-67.4168862399213
1.30866666666667,-67.214443759826,-64.7855153019474,-67.1395562446943,-67.3129088665654,-64.753480254884,-67.3906579249
1.309,-67.1882059200563,-64.7623684471989,-67.1132442552542,-67.286714176744,-64.7302648483417,-67.3644011197473
1.30933333333333,-67.1619395559966,-64.739196225327,-67.0869037120749,-67.2604912564949,-64.7070239323462,-67.3381157879922
1.30966666666667,-67.1356446297333,-64.715998584625,-67.0605345761693,-67.2342400683994,-64.6837574546341,-67.3118018930019
1.31,-67.1093211031849,-64.692775473229,-67.0341368083802,-67.2079605748745,-64.6604653627819,-67.2854593979815
1.31033333333333,-67.082968938101,-64.6695268391169,-67.0077103693799,-67.181652738172,-64.6371476042061,-67.2590882659732
1.31066666666667,-67.0565880960623,-64.6462526301085,-66.9812552196694,-67.1553165203782,-64.6138041261621,-67.232688459856
1.311,-67.0301785384792,-64.6229527938641,-66.9547713195779,-67.128951883413,-64.5904348757437,-67.2062599423449
1.31133333333333,-67.003740226592,-64.5996272778847,-66.9282586292621,-67.1025587890295,-64.5670397998829,-67.1798026759902
1.31166666666667,-66.9772731214697,-64.5762760295109,-66.9017171087057,-67.0761371988134,-64.5436188453487,-67.1533166231773
1.312,-66.9507771840096,-64.5528989959227,-66.8751467177184,-67.0496870741824,-64.5201719587473,-67.1268017461258
1.31233333333333,-66.9242523749367,-64.5294961241388,-66.848547415936,-67.0232083763855,-64.4966990865207,-67.100258006889
1.31266666666667,-66.8976986548029,-64.5060673610159,-66.821919162819,-66.9967010665026,-64.4732001749469,-67.0736853673535
1.313,-66.8711159839867,-64.4826126532483,-66.7952619176523,-66.9701651054438,-64.4496751701386,-67.0470837892383
1.31333333333333,-66.8445043226924,-64.4591319473673,-66.7685756395449,-66.9436004539488,-64.4261240180432,-67.0204532340945
1.31366666666667,-66.8178636309492,-64.4356251897406,-66.7418602874285,-66.9170070725862,-64.4025466644419,-66.9937936633046
1.314,-66.7911938686112,-64.4120923265716,-66.7151158200578,-66.8903849217533,-64.3789430549491,-66.9671050380817
1.31433333333333,-66.7644949953563,-64.3885333038992,-66.688342196009,-66.8637339616751,-64.3553131350119,-66.9403873194695
1.31466666666667,-66.7377669706856,-64.3649480675966,-66.6615393736798,-66.8370541524037,-64.3316568499097,-66.9136404683411
1.315,-66.711009753923,-64.3413365633715,-66.6347073112885,-66.8103454538179,-64.3079741447531,-66.8868644453987
1.31533333333333,-66.6842233042145,-64.3176987367649,-66.6078459668734,-66.7836078256229,-64.2842649644839,-66.8600592111731
1.31566666666667,-66.6574075805274,-64.2940345331505,-66.580955298292,-66.7568412273488,-64.2605292538741,-66.8332247260228
1.316,-66.6305625416498,-64.2703438977347,-66.5540352632209,-66.7300456183508,-64.2367669575252,-66.8063609501339
1.31633333333333,-66.6036881461901,-64.2466267755555,-66.5270858191544,-66.7032209578086,-64.2129780198681,-66.7794678435189
1.31666666666667,-66.5767843525762,-64.222883111482,-66.5001069234046,-66.6763672047252,-64.1891623851622,-66.7525453660167
1.317,-66.5498511190548,-64.1991128502139,-66.4730985331002,-66.6494843179266,-64.1653199974946,-66.7255934772918
1.31733333333333,-66.5228884036911,-64.1753159362809,-66.4460606051862,-66.6225722560616,-64.1414508007798,-66.6986121368334
1.31766666666667,-66.4958961643676,-64.1514923140419,-66.4189930964232,-66.5956309776005,-64.1175547387591,-66.6716013039552
1.318,-66.4688743587841,-64.1276419276848,-66.3918959633866,-66.5686604408351,-64.0936317549997,-66.644560937795
1.31833333333333,-66.4418229444568,-64.1037647212256,-66.3647691624662,-66.5416606038777,-64.0696817928943,-66.6174909973133
1.31866666666667,-66.4147418787175,-64.0798606385077,-66.3376126498653,-66.5146314246606,-64.0457047956606,-66.5903914412937
1.319,-66.387631118713,-64.0559296232018,-66.3104263816003,-66.4875728609357,-64.0217007063403,-66.5632622283416
1.31933333333333,-66.3604906214049,-64.0319716188046,-66.2832103135,-66.4604848702734,-63.9976694677989,-66.5361033168838
1.31966666666667,-66.3333203435684,-64.0079865686388,-66.2559644012047,-66.4333674100627,-63.9736110227248,-66.5089146651682
1.32,-66.306120241792,-63.9839744158521,-66.2286886001659,-66.40622043751,-63.9495253136288,-66.4816962312629
1.32033333333333,-66.2788902724766,-63.959935103417,-66.2013828656456,-66.3790439096387,-63.9254122828436,-66.4544479730556
1.32066666666667,-66.2516303918352,-63.9358685741295,-66.1740471527154,-66.3518377832885,-63.9012718725227,-66.4271698482531
1.321,-66.224340555892,-63.9117747706092,-66.1466814162562,-66.3246020151151,-63.8771040246403,-66.3998618143808
1.32133333333333,-66.1970207204819,-63.8876536352985,-66.1192856109573,-66.2973365615893,-63.8529086809905,-66.3725238287822
1.32166666666667,-66.1696708412496,-63.8635051104615,-66.0918596913157,-66.2700413789964,-63.8286857831866,-66.3451558486178
1.322,-66.1422908736494,-63.8393291381841,-66.0644036116358,-66.2427164234356,-63.8044352726605,-66.317757830865
1.32233333333333,-66.114880772944,-63.8151256603729,-66.0369173260284,-66.2153616508194,-63.7801570906619,-66.2903297323176
1.32266666666667,-66.0874404942046,-63.7908946187547,-66.0094007884103,-66.1879770168734,-63.7558511782583,-66.2628715095846
1.323,-66.0599699923093,-63.7666359548759,-65.9818539525033,-66.1605624771347,-63.7315174763332,-66.2353831190902
1.32333333333333,-66.0324692219434,-63.742349610102,-65.9542767718342,-66.1331179869525,-63.7071559255869,-66.207864517073
1.32366666666667,-66.004938137598,-63.7180355256166,-65.9266691997332,-66.1056435014865,-63.6827664665346,-66.1803156595854
1.324,-65.9773766935699,-63.6936936424212,-65.8990311893341,-66.0781389757066,-63.6583490395064,-66.152736502493
1.32433333333333,-65.9497848439606,-63.6693239013343,-65.8713626935733,-66.0506043643928,-63.6339035846467,-66.125127001474
1.32466666666667,-65.9221625426758,-63.6449262429909,-65.8436636651891,-66.0230396221336,-63.6094300419131,-66.0974871120189
1.325,-65.8945097434246,-63.6205006078416,-65.815934056721,-65.9954447033263,-63.5849283510762,-66.0698167894293
1.32533333333333,-65.8668263997193,-63.5960469361525,-65.7881738205095,-65.9678195621757,-63.5603984517187,-66.0421159888179
1.32566666666667,-65.8391124648741,-63.5715651680041,-65.7603829086947,-65.9401641526941,-63.535840283235,-66.0143846651076
1.326,-65.8113678920048,-63.5470552432907,-65.7325612732162,-65.9124784287,-63.5112537848301,-65.9866227730311
1.32633333333333,-65.7835926340283,-63.5225171017199,-65.7047088658123,-65.8847623438181,-63.4866388955195,-65.9588302671302
1.32666666666667,-65.7557866436616,-63.4979506828119,-65.6768256380192,-65.8570158514784,-63.4619955541279,-65.931007101755
1.327,-65.7279498734213,-63.473355925899,-65.6489115411707,-65.8292389049155,-63.4373236992894,-65.9031532310638
1.32733333333333,-65.700082275623,-63.4487327701247,-65.6209665263971,-65.801431457168,-63.4126232694458,-65.8752686090221
1.32766666666667,-65.6721838023807,-63.4240811544432,-65.5929905446248,-65.7735934610782,-63.3878942028468,-65.8473531894024
1.328,-65.6442544056057,-63.3994010176186,-65.5649835465754,-65.7457248692911,-63.363136437549,-65.8194069257829
1.32833333333333,-65.6162940370067,-63.3746922982246,-65.5369454827655,-65.7178256342538,-63.3383499114151,-65.7914297715479
1.32866666666667,-65.5883026480883,-63.3499549346435,-65.5088763035056,-65.6898957082152,-63.3135345621135,-65.7634216798863
1.329,-65.5602801901511,-63.3251888650657,-65.4807759588996,-65.6619350432249,-63.2886903271174,-65.7353826037917
1.32933333333333,-65.5322266142905,-63.3003940274888,-65.4526443988442,-65.6339435911332,-63.2638171437045,-65.7073124960615
1.32966666666667,-65.5041418713963,-63.2755703597175,-65.4244815730279,-65.6059213035899,-63.2389149489556,-65.6792113092961
1.33,-65.4760259121521,-63.2507177993624,-65.3962874309308,-65.5778681320437,-63.2139836797547,-65.6510789958987
1.33033333333333,-65.4478786870342,-63.2258362838394,-65.3680619218239,-65.5497840277421,-63.1890232727881,-65.6229155080747
1.33066666666667,-65.4197001463116,-63.2009257503694,-65.3398049947679,-65.5216689417303,-63.1640336645434,-65.5947207978307
1.331,-65.3914902400447,-63.1759861359773,-65.311516598613,-65.4935228248507,-63.139014791309,-65.5664948169746
1.33133333333333,-65.3632489180852,-63.1510173774915,-65.2831966819982,-65.4653456277423,-63.1139665891739,-65.5382375171142
1.33166666666667,-65.334976130075,-63.126019411543,-65.2548451933506,-65.4371373008401,-63.0888889940261,-65.5099488496574
1.332,-65.3066718254457,-63.1009921745651,-65.2264620808846,-65.4088977943744,-63.0637819415526,-65.4816287658109
1.33233333333333,-65.278335953418,-63.0759356027924,-65.1980472926014,-65.3806270583701,-63.0386453672386,-65.4532772165803
1.33266666666667,-65.2499684630009,-63.0508496322603,-65.1696007762881,-65.3523250426464,-63.0134792063667,-65.4248941527689
1.333,-65.2215693029911,-63.0257341988043,-65.1411224795173,-65.3239916968157,-62.9882833940162,-65.3964795249776
1.33333333333333,-65.1931384219725,-63.0005892380594,-65.1126123496465,-65.2956269702835,-62.9630578650623,-65.3680332836042
1.33366666666667,-65.1646757683153,-62.975414685459,-65.0840703338168,-65.2672308122473,-62.9378025541758,-65.3395553788424
1.334,-65.1361812901752,-62.950210476235,-65.0554963789529,-65.2388031716961,-62.9125173958222,-65.3110457606818
1.33433333333333,-65.1076549354931,-62.9249765454164,-65.0268904317624,-65.2103439974101,-62.8872023242607,-65.2825043789072
1.33466666666667,-65.0790966519944,-62.8997128278289,-64.9982524387348,-65.1818532379595,-62.8618572735439,-65.2539311830978
1.335,-65.0505063871881,-62.8744192580944,-64.9695823461407,-65.1533308417043,-62.8364821775172,-65.2253261226265
1.33533333333333,-65.021884088366,-62.8490957706299,-64.9408801000318,-65.1247767567938,-62.8110769698175,-65.19668914666
1.33566666666667,-64.9932297026026,-62.8237422996472,-64.9121456462396,-65.0961909311653,-62.7856415838731,-65.1680202041574
1.336,-64.9645431767539,-62.7983587791521,-64.883378930375,-65.067573312544,-62.7601759529028,-65.1393192438701
1.33633333333333,-64.9358244574571,-62.7729451429435,-64.8545798978275,-65.0389238484426,-62.734680009915,-65.1105862143414
1.33666666666667,-64.9070734911296,-62.7475013246131,-64.8257484937648,-65.0102424861599,-62.7091536877074,-65.0818210639053
1.337,-64.8782902239684,-62.7220272575442,-64.7968846631317,-64.9815291727807,-62.6835969188657,-65.0530237406864
1.33733333333333,-64.8494746019499,-62.6965228749117,-64.7679883506498,-64.9527838551753,-62.6580096357638,-65.0241941925992
1.33766666666667,-64.8206265708283,-62.6709881096806,-64.7390595008167,-64.9240064799983,-62.6323917705619,-64.9953323673478
1.338,-64.7917460761359,-62.6454228946061,-64.7100980579053,-64.8951969936886,-62.606743255207,-64.9664382124246
1.33833333333333,-64.7628330631819,-62.6198271622323,-64.681103965963,-64.8663553424683,-62.5810640214313,-64.9375116751106
1.33866666666667,-64.7338874770518,-62.5942008448917,-64.6520771688115,-64.8374814723424,-62.5553540007518,-64.9085527024744
1.339,-64.7049092626066,-62.5685438747046,-64.6230176100456,-64.8085753290978,-62.5296131244697,-64.8795612413713
1.33933333333333,-64.6758983644826,-62.5428561835785,-64.5939252330326,-64.7796368583031,-62.5038413236697,-64.8505372384436
1.33966666666667,-64.6468547270902,-62.517137703207,-64.5647999809119,-64.7506660053077,-62.4780385292188,-64.8214806401194
1.34,-64.6177782946135,-62.4913883650693,-64.5356417965943,-64.7216627152411,-62.4522046717664,-64.7923913926119
1.34033333333333,-64.5886690110097,-62.4656081004298,-64.5064506227611,-64.6926269330126,-62.4263396817426,-64.7632694419195
1.34066666666667,-64.559526820008,-62.4397968403369,-64.4772264018636,-64.6635586033105,-62.4004434893586,-64.7341147338247
1.341,-64.5303516651095,-62.4139545156226,-64.4479690761222,-64.6344576706012,-62.3745160246049,-64.7049272138936
1.34133333333333,-64.5011434895862,-62.3880810569018,-64.4186785875261,-64.605324079129,-62.3485572172513,-64.6757068274757
1.34166666666667,-64.4719022364803,-62.3621763945713,-64.3893548778324,-64.5761577729153,-62.3225669968458,-64.6464535197029
1.342,-64.4426278486037,-62.3362404588095,-64.3599978885654,-64.5469586957578,-62.2965452927141,-64.6171672354892
1.34233333333333,-64.4133202685374,-62.3102731795755,-64.3306075610161,-64.5177267912303,-62.2704920339589,-64.5878479195301
1.34266666666667,-64.3839794386303,-62.2842744866083,-64.3011838362413,-64.4884620026816,-62.2444071494589,-64.558495516302
1.343,-64.3546053009991,-62.2582443094262,-64.2717266550631,-64.4591642732351,-62.2182905678682,-64.5291099700617
1.34333333333333,-64.3251977975276,-62.2321825773261,-64.2422359580682,-64.4298335457884,-62.1921422176159,-64.499691224846
1.34366666666667,-64.2957568698656,-62.2060892193829,-64.2127116856074,-64.400469763012,-62.1659620269046,-64.4702392244707
1.344,-64.2662824594286,-62.1799641644482,-64.1831537777943,-64.3710728673495,-62.1397499237106,-64.4407539125306
1.34433333333333,-64.2367745073971,-62.1538073411507,-64.1535621745057,-64.3416428010165,-62.1135058357826,-64.4112352323987
1.34466666666667,-64.2072329547158,-62.1276186778942,-64.1239368153797,-64.3121795059998,-62.0872296906409,-64.3816831272255
1.345,-64.1776577420928,-62.1013981028579,-64.0942776398162,-64.2826829240575,-62.0609214155771,-64.3520975399388
1.34533333333333,-64.1480488099995,-62.0751455439952,-64.0645845869753,-64.2531529967175,-62.0345809376529,-64.3224784132429
1.34566666666667,-64.1184060986693,-62.048860929033,-64.0348575957773,-64.2235896652775,-62.0082081836998,-64.2928256896184
1.346,-64.0887295480972,-62.0225441854711,-64.0050966049015,-64.1939928708041,-61.981803080318,-64.263139311321
1.34633333333333,-64.0590190980391,-61.9961952405815,-63.975301552786,-64.1643625541325,-61.955365553876,-64.2334192203819
1.34666666666667,-64.0292746880113,-61.9698140214076,-63.945472377627,-64.1346986558653,-61.9288955305095,-64.2036653586064
1.347,-63.9994962572895,-61.9434004547634,-63.9156090173775,-64.1050011163723,-61.9023929361209,-64.173877667574
1.34733333333333,-63.9696837449084,-61.9169544672332,-63.8857114097477,-64.0752698757901,-61.8758576963785,-64.1440560886377
1.34766666666667,-63.9398370896611,-61.8904759851702,-63.8557794922033,-64.0455048740208,-61.849289736716,-64.114200562923
1.348,-63.909956230098,-61.8639649346965,-63.8258132019656,-64.015706050732,-61.8226889823312,-64.0843110313283
1.34833333333333,-63.8800411045267,-61.8374212417017,-63.7958124760104,-63.985873345356,-61.7960553581857,-64.0543874345235
1.34866666666667,-63.8500916510109,-61.8108448318428,-63.7657772510676,-63.9560066970889,-61.7693887890044,-64.0244297129503
1.349,-63.82010780737,-61.7842356305431,-63.7357074636203,-63.9261060448905,-61.7426891992738,-63.9944378068208
1.34933333333333,-63.7900895111784,-61.7575935629914,-63.7056030499047,-63.8961713274833,-61.7159565132425,-63.9644116561177
1.34966666666667,-63.7600366997645,-61.7309185541419,-63.6754639459085,-63.8662024833521,-61.6891906549195,-63.9343512005938
1.35,-63.7299493102108,-61.7042105287125,-63.6452900873712,-63.8361994507433,-61.6623915480739,-63.9042563797707
1.35033333333333,-63.6998272793523,-61.677469411185,-63.6150814097828,-63.8061621676643,-61.6355591162341,-63.8741271329394
1.35066666666667,-63.6696705437767,-61.6506951258039,-63.5848378483837,-63.7760905718828,-61.608693282687,-63.843963399159
1.351,-63.6394790398232,-61.6238875965757,-63.5545593381634,-63.7459846009265,-61.5817939704772,-63.8137651172565
1.35133333333333,-63.6092527035819,-61.5970467472683,-63.5242458138606,-63.7158441920822,-61.5548611024065,-63.7835322258263
1.35166666666667,-63.5789914708936,-61.5701725014103,-63.4938972099619,-63.6856692823952,-61.527894601033,-63.7532646632298
1.352,-63.5486952773484,-61.5432647822901,-63.4635134607016,-63.655459808669,-61.5008943886702,-63.7229623675948
1.35233333333333,-63.5183640582858,-61.5163235129553,-63.4330945000607,-63.6252157074645,-61.4738603873868,-63.692625276815
1.35266666666667,-63.4879977487935,-61.4893486162121,-63.4026402617668,-63.5949369150992,-61.4467925190052,-63.6622533285496
1.353,-63.4575962837071,-61.4623400146244,-63.3721506792927,-63.564623367647,-61.4196907051013,-63.6318464602228
1.35333333333333,-63.4271595976093,-61.435297630513,-63.3416256858568,-63.5342750009375,-61.3925548670038,-63.6014046090234
1.35366666666667,-63.3966876248291,-61.4082213859552,-63.3110652144212,-63.5038917505551,-61.3653849257929,-63.5709277119043
1.354,-63.3661802994417,-61.3811112027838,-63.2804691976924,-63.4734735518389,-61.3381808023004,-63.5404157055818
1.35433333333333,-63.3356375552673,-61.3539670025865,-63.2498375681195,-63.4430203398816,-61.3109424171081,-63.5098685265357
1.35466666666667,-63.3050593258706,-61.3267887067051,-63.2191702578944,-63.4125320495296,-61.2836696905478,-63.4792861110084
1.355,-63.2744455445602,-61.2995762362351,-63.1884671989507,-63.3820086153817,-61.2563625426999,-63.4486683950043
1.35533333333333,-63.2437961443883,-61.2723295120243,-63.1577283229635,-63.3514499717888,-61.2290208933934,-63.4180153142902
1.35566666666667,-63.2131110581494,-61.2450484546729,-63.1269535613485,-63.3208560528536,-61.2016446622043,-63.3873268043938
1.356,-63.1823902183803,-61.2177329845321,-63.0961428452612,-63.2902267924296,-61.1742337684558,-63.3566028006039
1.35633333333333,-63.151633557359,-61.190383021704,-63.0652961055969,-63.2595621241208,-61.1467881312168,-63.32584323797
1.35666666666667,-63.1208410071045,-61.1629984860403,-63.0344132729893,-63.2288619812809,-61.1193076693015,-63.2950480513015
1.357,-63.0900124993758,-61.1355792971419,-63.0034942778108,-63.1981262970131,-61.0917923012686,-63.2642171751676
1.35733333333333,-63.0591479656715,-61.1081253743583,-62.972539050171,-63.1673550041693,-61.0642419454209,-63.2333505438967
1.35766666666667,-63.0282473372291,-61.0806366367866,-62.9415475199169,-63.1365480353493,-61.0366565198039,-63.2024480915764
1.358,-62.9973105450244,-61.0531130032709,-62.9105196166317,-63.1057053229008,-61.0090359422057,-63.1715097520522
1.35833333333333,-62.9663375197708,-61.0255543924019,-62.8794552696344,-63.0748267989185,-60.9813801301558,-63.1405354589282
1.35866666666667,-62.9353281919192,-60.9979607225154,-62.8483544079795,-63.0439123952434,-60.9536890009248,-63.1095251455659
1.359,-62.9042824916563,-60.9703319116927,-62.817216960456,-63.0129620434626,-60.9259624715234,-63.0784787450841
1.35933333333333,-62.8732003489053,-60.9426678777588,-62.786042855587,-62.9819756749086,-60.8982004587018,-63.0473961903587
1.35966666666667,-62.8420816933243,-60.9149685382825,-62.7548320216291,-62.9509532206589,-60.8704028789487,-63.0162774140219
1.36,-62.8109264543062,-60.8872338105753,-62.723584386572,-62.9198946115351,-60.8425696484912,-62.9851223484622
1.36033333333333,-62.779734560978,-60.8594636116909,-62.6922998781375,-62.8887997781027,-60.8147006832933,-62.9539309258238
1.36066666666667,-62.7485059422001,-60.8316578584242,-62.6609784237796,-62.8576686506705,-60.7867958990558,-62.9227030780066
1.361,-62.7172405265657,-60.8038164673111,-62.6296199506831,-62.8265011592899,-60.7588552112154,-62.8914387366652
1.36133333333333,-62.6859382424007,-60.7759393546273,-62.5982243857639,-62.7952972337547,-60.7308785349437,-62.8601378332093
1.36166666666667,-62.6545990177623,-60.7480264363879,-62.5667916556678,-62.7640568036003,-60.7028657851471,-62.8288002988027
1.362,-62.623222780439,-60.7200776283465,-62.5353216867702,-62.7327797981033,-60.6748168764653,-62.7974260643635
1.36233333333333,-62.59180945795,-60.6920928459951,-62.5038144051757,-62.701466146281,-60.6467317232715,-62.7660150605636
1.36266666666667,-62.5603589775444,-60.6640720045624,-62.4722697367172,-62.6701157768908,-60.6186102396708,-62.734567217828
1.363,-62.5288712662006,-60.6360150190139,-62.4406876069558,-62.6387286184298,-60.5904523395002,-62.7030824663352
1.36333333333333,-62.497346250626,-60.6079218040513,-62.4090679411799,-62.6073045991342,-60.5622579363276,-62.6715607360162
1.36366666666667,-62.4657838572565,-60.5797922741111,-62.3774106644048,-62.575843646979,-60.5340269434509,-62.6400019565548
1.364,-62.4341840122553,-60.5516263433645,-62.3457157013723,-62.5443456896773,-60.5057592738978,-62.6084060573867
1.36433333333333,-62.4025466415134,-60.5234239257167,-62.3139829765502,-62.51281065468,-60.4774548404246,-62.5767729676998
1.36466666666667,-62.3708716706478,-60.4951849348059,-62.2822124141313,-62.4812384691749,-60.4491135555161,-62.5451026164336
1.365,-62.3391590250021,-60.4669092840031,-62.2504039380335,-62.4496290600869,-60.4207353313842,-62.513394932279
1.36533333333333,-62.3074086296453,-60.438596886411,-62.2185574718994,-62.4179823540771,-60.3923200799679,-62.481649843678
1.36566666666667,-62.2756204093716,-60.4102476548635,-62.1866729390949,-62.3862982775422,-60.363867712932,-62.4498672788235
1.366,-62.2437942886994,-60.3818615019252,-62.1547502627096,-62.3545767566145,-60.3353781416671,-62.4180471656592
1.36633333333333,-62.2119301918714,-60.3534383398906,-62.1227893655561,-62.3228177171611,-60.3068512772881,-62.3861894318789
1.36666666666667,-62.1800280428536,-60.3249780807833,-62.0907901701694,-62.2910210847835,-60.2782870306345,-62.3542940049269
1.367,-62.1480877653351,-60.2964806363556,-62.0587525988062,-62.2591867848171,-60.249685312269,-62.3223608119974
1.36733333333333,-62.1161092827274,-60.2679459180879,-62.0266765734452,-62.2273147423312,-60.2210460324769,-62.2903897800342
1.36766666666667,-62.0840925181639,-60.2393738371877,-61.9945620157857,-62.195404882128,-60.1923691012659,-62.2583808357309
1.368,-62.0520373944995,-60.2107643045895,-61.962408847248,-62.1634571287424,-60.1636544283649,-62.2263339055304
1.36833333333333,-62.0199438343101,-60.1821172309535,-61.9302169889723,-62.1314714064416,-60.134901923224,-62.1942489156247
1.36866666666667,-61.9878117598921,-60.1534325266656,-61.8979863618188,-62.0994476392248,-60.1061114950132,-62.162125791955
1.369,-61.9556410932618,-60.1247101018365,-61.8657168863666,-62.0673857508226,-60.0772830526218,-62.1299644602114
1.36933333333333,-61.9234317561551,-60.0959498663009,-61.8334084829142,-62.0352856646966,-60.0484165046585,-62.0977648458324
1.36966666666667,-61.891183670027,-60.0671517296174,-61.8010610714782,-62.0031473040392,-60.01951175945,-62.0655268740056
1.37,-61.858896756051,-60.0383156010672,-61.7686745717934,-61.970970591773,-59.9905687250405,-62.0332504696666
1.37033333333333,-61.826570935119,-60.0094413896543,-61.7362489033125,-61.9387554505506,-59.9615873091915,-62.0009355574997
1.37066666666667,-61.7942061278403,-59.980529004104,-61.7037839852051,-61.9065018027541,-59.9325674193807,-61.9685820619372
1.371,-61.7618022545415,-59.9515783528631,-61.6712797363579,-61.8742095704947,-59.9035089628017,-61.9361899071596
1.37133333333333,-61.7293592352664,-59.9225893440989,-61.6387360753744,-61.8418786756127,-59.8744118463632,-61.9037590170957
1.37166666666667,-61.6968769897747,-59.8935618856988,-61.6061529205739,-61.8095090396764,-59.8452759766884,-61.8712893154219
1.372,-61.6643554375425,-59.8644958852693,-61.5735301899916,-61.7771005839828,-59.8161012601148,-61.8387807255629
1.37233333333333,-61.6317944977611,-59.8353912501362,-61.5408678013783,-61.7446532295562,-59.786887602693,-61.806233170691
1.37266666666667,-61.5991940893374,-59.8062478873432,-61.5081656722,-61.7121668971487,-59.7576349101866,-61.7736465737266
1.373,-61.5665541308928,-59.7770657036519,-61.4754237196372,-61.6796415072394,-59.7283430880712,-61.7410208573377
1.37333333333333,-61.5338745407631,-59.7478446055411,-61.4426418605854,-61.6470769800344,-59.6990120415343,-61.7083559439403
1.37366666666667,-61.5011552369982,-59.7185844992061,-61.4098200116538,-61.6144732354661,-59.6696416754744,-61.6756517556982
1.374,-61.4683961373616,-59.6892852905583,-61.3769580891657,-61.5818301931934,-59.6402318945006,-61.642908214523
1.37433333333333,-61.4355971593301,-59.6599468852248,-61.3440560091582,-61.5491477726012,-59.6107826029321,-61.6101252420742
1.37466666666667,-61.4027582200935,-59.6305691885475,-61.3111136873815,-61.5164258927998,-59.5812937047971,-61.5773027597591
1.375,-61.369879236554,-59.6011521055829,-61.2781310392988,-61.4836644726252,-59.5517651038333,-61.544440688733
1.37533333333333,-61.3369601253262,-59.5716955411014,-61.2451079800864,-61.4508634306385,-59.5221967034864,-61.5115389498996
1.37566666666667,-61.3040008027365,-59.5421993995869,-61.2120444246329,-61.418022685126,-59.4925884069102,-61.4785974639103
1.376,-61.2710011848231,-59.5126635852363,-61.1789402875394,-61.3851421540982,-59.4629401169655,-61.4456161511648
1.37633333333333,-61.2379611873353,-59.4830880019589,-61.145795483119,-61.3522217552905,-59.4332517362205,-61.4125949318114
1.37666666666667,-61.2048807257335,-59.4534725533761,-61.1126099253968,-61.3192614061626,-59.4035231669491,-61.3795337257467
1.377,-61.1717597151887,-59.4238171428206,-61.0793835281095,-61.2862610238979,-59.3737543111316,-61.3464324526159
1.37733333333333,-61.1385980705826,-59.3941216733364,-61.0461162047055,-61.253220525404,-59.3439450704534,-61.3132910318132
1.37766666666667,-61.1053957065067,-59.3643860476778,-61.0128078683444,-61.2201398273123,-59.3140953463049,-61.2801093824815
1.378,-61.0721525372626,-59.3346101683094,-60.9794584318969,-61.1870188459773,-59.2842050397807,-61.2468874235131
1.37833333333333,-61.0388684768617,-59.3047939374056,-60.946067807945,-61.1538574974773,-59.2542740516797,-61.2136250735496
1.37866666666667,-61.0055434390247,-59.2749372568498,-60.9126359087814,-61.1206556976137,-59.2243022825042,-61.1803222509823
1.379,-60.9721773371813,-59.2450400282342,-60.8791626464096,-61.0874133619108,-59.1942896324596,-61.1469788739521
1.37933333333333,-60.9387700844707,-59.2151021528597,-60.845647932544,-61.0541304056163,-59.1642360014541,-61.1135948603505
1.37966666666667,-60.9053215937405,-59.1851235317349,-60.8120916786093,-61.0208067437003,-59.1341412890978,-61.080170127819
1.38,-60.871831777547,-59.1551040655762,-60.7784937957408,-60.987442290856,-59.104005394703,-61.0467045937501
1.38033333333333,-60.838300548155,-59.1250436548071,-60.7448541947844,-60.9540369614992,-59.0738282172833,-61.0131981752871
1.38066666666667,-60.8047278175377,-59.094942199558,-60.7111727862961,-60.9205906697683,-59.0436096555535,-60.9796507893249
1.381,-60.7711134973761,-59.0647995996658,-60.6774494805425,-60.8871033295242,-59.0133496079289,-60.9460623525101
1.38133333333333,-60.7374574990596,-59.0346157546734,-60.6436841875005,-60.8535748543505,-58.9830479725252,-60.9124327812413
1.38166666666667,-60.7037597336852,-59.0043905638295,-60.6098768168573,-60.8200051575532,-58.9527046471582,-60.8787619916698
1.382,-60.6700201120577,-58.9741239260884,-60.5760272780105,-60.7863941521606,-58.9223195293432,-60.8450498996997
1.38233333333333,-60.6362385446897,-58.9438157401093,-60.542135480068,-60.7527417509238,-58.8918925162948,-60.8112964209887
1.38266666666667,-60.6024149418012,-58.9134659042565,-60.5082013318482,-60.7190478663162,-58.8614235049267,-60.7775014709481
1.383,-60.56854921332,-58.8830743165984,-60.4742247418801,-60.6853124105337,-58.8309123918512,-60.7436649647436
1.38333333333333,-60.5346412688811,-58.8526408749081,-60.4402056184031,-60.651535295495,-58.8003590733791,-60.709786817296
1.38366666666667,-60.5006910178271,-58.8221654766623,-60.4061438693674,-60.617716432841,-58.7697634455191,-60.6758669432812
1.384,-60.466698369208,-58.7916480190415,-60.3720394024338,-60.5838557339358,-58.739125403978,-60.641905257131
1.38433333333333,-60.4326632317811,-58.7610883989296,-60.3378921249744,-60.5499531098659,-58.7084448441601,-60.607901673034
1.38466666666667,-60.3985855140115,-58.730486512914,-60.3037019440721,-60.5160084714411,-58.677721661167,-60.5738561049356
1.385,-60.3644651240711,-58.6998422572846,-60.2694687665211,-60.4820217291938,-58.6469557497976,-60.5397684665391
1.38533333333333,-60.33030196984,-58.6691555280346,-60.2351924988272,-60.4479927933799,-58.6161470045475,-60.5056386713061
1.38566666666667,-60.2960959589054,-58.6384262208593,-60.2008730472077,-60.4139215739785,-58.5852953196092,-60.4714666324573
1.386,-60.2618469985623,-58.6076542311568,-60.1665103175919,-60.3798079806924,-58.5544005888718,-60.4372522629732
1.38633333333333,-60.2275549958134,-58.5768394540274,-60.1321042156213,-60.3456519229478,-58.5234627059207,-60.4029954755946
1.38666666666667,-60.1932198573693,-58.5459817842733,-60.0976546466498,-60.3114533098952,-58.4924815640375,-60.3686961828236
1.387,-60.1588414896484,-58.5150811163988,-60.0631615157439,-60.277212050409,-58.4614570562001,-60.3343542969245
1.38733333333333,-60.1244197987776,-58.4841373446102,-60.0286247276834,-60.2429280530882,-58.4303890750821,-60.299969729924
1.38766666666667,-60.0899546905916,-58.4531503628152,-59.9940441869614,-60.2086012262564,-58.3992775130532,-60.2655423936129
1.388,-60.0554460706341,-58.4221200646235,-59.9594197977846,-60.1742314779622,-58.368122262179,-60.2310721995462
1.38833333333333,-60.0208938441571,-58.3910463433464,-59.9247514640741,-60.1398187159796,-58.3369232142206,-60.1965590590445
1.38866666666667,-59.9862979161216,-58.3599290919965,-59.8900390894654,-60.1053628478083,-58.305680260635,-60.1620028831943
1.389,-59.9516581911981,-58.328768203288,-59.855282577309,-60.0708637806737,-58.2743932925748,-60.1274035828499
1.38933333333333,-59.916974573766,-58.2975635696368,-59.820481830671,-60.0363214215279,-58.2430622008883,-60.0927610686336
1.38966666666667,-59.882246967915,-58.2663150831602,-59.7856367523333,-60.0017356770497,-58.2116868761193,-60.0580752509368
1.39,-59.8474752774443,-58.2350226356769,-59.7507472447942,-59.9671064536449,-58.1802672085076,-60.0233460399214
1.39033333333333,-59.812659405864,-58.2036861187073,-59.7158132102692,-59.9324336574473,-58.1488030879884,-59.9885733455207
1.39066666666667,-59.7777992563945,-58.1723054234735,-59.6808345506913,-59.8977171943185,-58.1172944041931,-59.9537570774402
1.391,-59.7428947319675,-58.1408804408991,-59.6458111677113,-59.862956969849,-58.0857410464486,-59.9188971451593
1.39133333333333,-59.7079457352264,-58.1094110616097,-59.6107429626992,-59.8281528893582,-58.0541429037782,-59.8839934579322
1.39166666666667,-59.6729521685262,-58.0778971759327,-59.5756298367442,-59.7933048578952,-58.0224998649009,-59.8490459247887
1.392,-59.6379139339345,-58.0463386738975,-59.5404716906555,-59.7584127802395,-57.9908118182324,-59.8140544545363
1.39233333333333,-59.6028309332318,-58.0147354452361,-59.5052684249634,-59.7234765609011,-57.9590786518846,-59.7790189557608
1.39266666666667,-59.567703067912,-57.9830873793824,-59.4700199399192,-59.6884961041218,-57.9273002536662,-59.7439393368278
1.393,-59.5325302391826,-57.9513943654732,-59.434726135497,-59.6534713138753,-57.8954765110828,-59.7088155058841
1.39333333333333,-59.4973123479658,-57.9196562923482,-59.3993869113935,-59.618402093868,-57.8636073113369,-59.6736473708591
1.39366666666667,-59.462049294899,-57.8878730485501,-59.3640021670297,-59.5832883475398,-57.8316925413286,-59.6384348394663
1.394,-59.4267409803349,-57.8560445223248,-59.3285718015509,-59.5481299780648,-57.7997320876556,-59.6031778192043
1.39433333333333,-59.3913873043426,-57.8241706016222,-59.2930957138285,-59.5129268883521,-57.7677258366137,-59.5678762173591
1.39466666666667,-59.3559881667081,-57.7922511740959,-59.25757380246,-59.4776789810463,-57.7356736741968,-59.532529941005
1.395,-59.3205434669351,-57.760286127104,-59.2220059657707,-59.4423861585286,-57.7035754860977,-59.4971388970062
1.39533333333333,-59.2850531042457,-57.7282753477092,-59.1863921018142,-59.4070483229177,-57.6714311577084,-59.4617029920189
1.39566666666667,-59.2495169775808,-57.6962187226794,-59.1507321083739,-59.3716653760702,-57.63924057412,-59.4262221324926
1.396,-59.2139349856013,-57.664116138488,-59.1150258829633,-59.3362372195822,-57.607003620124,-59.3906962246717
1.39633333333333,-59.178307026689,-57.6319674813142,-59.079273322828,-59.3007637547896,-57.5747201802121,-59.3551251745978
1.39666666666667,-59.1426329989469,-57.599772637044,-59.0434743249462,-59.2652448827695,-57.542390138577,-59.3195088881109
1.397,-59.1069128002005,-57.5675314912699,-59.0076287860299,-59.2296805043408,-57.5100133791129,-59.2838472708515
1.39733333333333,-59.0711463279987,-57.5352439292925,-58.9717366025266,-59.1940705200656,-57.4775897854161,-59.2481402282625
1.39766666666667,-59.0353334796143,-57.5029098361199,-58.93579767062,-59.1584148302501,-57.4451192407854,-59.2123876655912
1.398,-58.9994741520455,-57.470529096469,-58.8998118862315,-59.1227133349457,-57.4126016282229,-59.176589487891
1.39833333333333,-58.9635682420169,-57.4381015947662,-58.8637791450215,-59.0869659339501,-57.3800368304346,-59.1407456000239
1.39866666666667,-58.9276156459799,-57.4056272151476,-58.8276993423909,-59.0511725268086,-57.3474247298311,-59.1048559066621
1.399,-58.8916162601146,-57.37310584146,-58.7915723734821,-59.0153330128151,-57.3147652085285,-59.0689203122903
1.39933333333333,-58.8555699803301,-57.3405373572614,-58.755398133181,-58.9794472910136,-57.2820581483487,-59.0329387212082
1.39966666666667,-58.8194767022666,-57.307921645822,-58.7191765161182,-58.9435152601992,-57.2493034308206,-58.9969110375323
1.4,-58.7833363212954,-57.2752585901248,-58.6829074166704,-58.9075368189196,-57.2165009371807,-58.9608371651981
1.40033333333333,-58.7471487325214,-57.2425480728666,-58.6465907289622,-58.8715118654765,-57.1836505483741,-58.9247170079632
1.40066666666667,-58.7109138307833,-57.2097899764583,-58.6102263468677,-58.8354402979267,-57.1507521450554,-58.8885504694087
1.401,-58.6746315106554,-57.1769841830267,-58.573814164012,-58.7993220140838,-57.1178056075894,-58.8523374529423
1.40133333333333,-58.6383016664491,-57.1441305744147,-58.5373540737732,-58.7631569115198,-57.0848108160522,-58.8160778618008
1.40166666666667,-58.6019241922137,-57.1112290321823,-58.500845969284,-58.7269448875663,-57.0517676502325,-58.7797715990524
1.402,-58.5654989817383,-57.078279437608,-58.4642897434332,-58.690685839316,-57.018675989632,-58.7434185675991
1.40233333333333,-58.5290259285533,-57.0452816716896,-58.4276852888683,-58.6543796636249,-56.9855357134671,-58.7070186701802
1.40266666666667,-58.4925049259316,-57.012235615145,-58.3910324979969,-58.6180262571131,-56.9523467006697,-58.6705718093742
1.403,-58.45593586689,-56.9791411484137,-58.3543312629885,-58.5816255161672,-56.9191088298883,-58.6340778876021
1.40333333333333,-58.4193186441916,-56.945998151658,-58.317581475777,-58.5451773369418,-56.8858219794895,-58.5975368071301
1.40366666666667,-58.3826531503466,-56.9128065047636,-58.2807830280625,-58.5086816153609,-56.852486027559,-58.5609484700724
1.404,-58.3459392776143,-56.8795660873415,-58.2439358113135,-58.4721382471205,-56.819100851903,-58.5243127783945
1.40433333333333,-58.3091769180049,-56.846276778729,-58.2070397167691,-58.4355471276898,-56.7856663300494,-58.487629633916
1.40466666666667,-58.2723659632812,-56.8129384579907,-58.1700946354409,-58.3989081523134,-56.7521823392495,-58.4508989383138
1.405,-58.2355063049604,-56.7795510039204,-58.1331004581158,-58.3622212160133,-56.7186487564788,-58.4141205931252
1.40533333333333,-58.1985978343162,-56.7461142950423,-58.0960570753582,-58.3254862135909,-56.6850654584393,-58.3772944997516
1.40566666666667,-58.1616404423802,-56.7126282096121,-58.0589643775122,-58.2887030396289,-56.6514323215603,-58.3404205594612
1.406,-58.1246340199445,-56.679092625619,-58.0218222547041,-58.2518715884936,-56.6177492220003,-58.3034986733928
1.40633333333333,-58.0875784575634,-56.645507420787,-57.9846305968453,-58.2149917543373,-56.5840160356487,-58.2665287425591
1.40666666666667,-58.0504736455554,-56.6118724725763,-57.9473892936343,-58.1780634311,-56.550232638127,-58.2295106678504
1.407,-58.0133194740057,-56.5781876581853,-57.91009823456,-58.1410865125122,-56.5163989047911,-58.1924443500382
1.40733333333333,-57.9761158327679,-56.5444528545521,-57.8727573089039,-58.1040608920967,-56.4825147107327,-58.1553296897787
1.40766666666667,-57.9388626114667,-56.5106679383562,-57.835366405743,-58.0669864631717,-56.4485799307813,-58.1181665876169
1.408,-57.9015596994998,-56.4768327860202,-57.797925413953,-58.0298631188527,-56.4145944395059,-58.08095494399
1.40833333333333,-57.8642069860409,-56.4429472737118,-57.7604342222107,-57.9926907520552,-56.3805581112169,-58.0436946592321
1.40866666666667,-57.8268043600412,-56.4090112773458,-57.7228927189974,-57.9554692554972,-56.3464708199685,-58.0063856335774
1.409,-57.7893517102327,-56.3750246725856,-57.6853007926016,-57.918198521702,-56.3123324395601,-57.9690277671646
1.40933333333333,-57.7518489251302,-56.3409873348457,-57.6476583311226,-57.8808784430009,-56.278142843539,-57.9316209600414
1.40966666666667,-57.7142958930343,-56.3068991392933,-57.6099652224732,-57.8435089115357,-56.2439019052021,-57.8941651121683
1.41,-57.6766925020337,-56.2727599608507,-57.5722213543833,-57.8060898192618,-56.2096094975982,-57.8566601234232
1.41033333333333,-57.6390386400083,-56.2385696741974,-57.5344266144031,-57.7686210579509,-56.1752654935307,-57.8191058936059
1.41066666666667,-57.6013341946317,-56.2043281537723,-57.4965808899067,-57.7311025191941,-56.1408697655594,-57.7815023224425
1.411,-57.5635790533741,-56.1700352737758,-57.4586840680953,-57.6935340944049,-56.106422186003,-57.7438493095901
1.41133333333333,-57.5257731035053,-56.1356909081727,-57.4207360360011,-57.6559156748223,-56.0719226269418,-57.7061467546416
1.41166666666667,-57.4879162320979,-56.101294930694,-57.3827366804908,-57.6182471515137,-56.0373709602203,-57.6683945571303
1.412,-57.4500083260298,-56.0668472148394,-57.3446858882694,-57.5805284153784,-56.0027670574491,-57.6305926165349
1.41233333333333,-57.4120492719879,-56.0323476338804,-57.306583545884,-57.5427593571512,-55.9681107900086,-57.5927408322849
1.41266666666667,-57.3740389564712,-55.9977960608623,-57.2684295397277,-57.5049398674049,-55.9334020290507,-57.554839103765
1.413,-57.3359772657936,-55.9631923686072,-57.2302237560437,-57.4670698365546,-55.8986406455025,-57.516887330321
1.41333333333333,-57.2978640860879,-55.9285364297166,-57.1919660809293,-57.429149154861,-55.8638265100685,-57.4788854112646
1.41366666666667,-57.2596993033091,-55.893828116574,-57.15365640034,-57.3911777124336,-55.828959493234,-57.4408332458791
1.414,-57.2214828032373,-55.8590673013484,-57.1152946000939,-57.3531553992349,-55.7940394652677,-57.402730733425
1.41433333333333,-57.1832144714821,-55.8242538559965,-57.0768805658762,-57.3150821050838,-55.7590662962252,-57.3645777731454
1.41466666666667,-57.1448941934859,-55.7893876522662,-57.0384141832433,-57.2769577196597,-55.7240398559522,-57.326374264272
1.415,-57.1065218545276,-55.7544685616995,-56.9998953376275,-57.2387821325063,-55.6889600140871,-57.2881201060307
1.41533333333333,-57.0680973397265,-55.7194964556357,-56.9613239143419,-57.2005552330356,-55.6538266400651,-57.2498151976477
1.41566666666667,-57.0296205340461,-55.6844712052147,-56.9226997985846,-57.1622769105321,-55.6186396031213,-57.2114594383558
1.416,-56.9910913222983,-55.6493926813801,-56.8840228754443,-57.1239470541566,-55.5833987722941,-57.1730527274003
1.41633333333333,-56.9525095891476,-55.614260754883,-56.8452930299045,-57.0855655529511,-55.5481040164289,-57.1345949640453
1.41666666666667,-56.9138752191147,-55.579075296285,-56.8065101468489,-57.0471322958427,-55.5127552041817,-57.0960860475807
1.417,-56.8751880965813,-55.5438361759621,-56.7676741110667,-57.008647171648,-55.4773522040231,-57.0575258773281
1.41733333333333,-56.8364481057944,-55.5085432641082,-56.7287848072577,-56.9701100690779,-55.4418948842416,-57.0189143526479
1.41766666666667,-56.7976551308705,-55.473196430739,-56.6898421200376,-56.9315208767424,-55.4063831129482,-56.980251372946
1.418,-56.7588090558002,-55.4377955456955,-56.6508459339434,-56.8928794831546,-55.3708167580797,-56.9415368376808
1.41833333333333,-56.7199097644532,-55.4023404786483,-56.6117961334397,-56.8541857767362,-55.3351956874036,-56.9027706463704
1.41866666666667,-56.6809571405824,-55.366831099101,-56.5726926029234,-56.8154396458223,-55.2995197685217,-56.8639526985996
1.419,-56.6419510678294,-55.3312672763951,-56.5335352267302,-56.7766409786662,-55.2637888688746,-56.8250828940275
1.41933333333333,-56.6028914297289,-55.2956488797135,-56.4943238891405,-56.7377896634446,-55.2280028557461,-56.786161132395
1.41966666666667,-56.5637781097141,-55.2599757780852,-56.4550584743852,-56.6988855882631,-55.1921615962678,-56.7471873135322
1.42,-56.5246109911217,-55.2242478403891,-56.4157388666521,-56.6599286411612,-55.1562649574236,-56.7081613373664
1.42033333333333,-56.4853899571971,-55.1884649353592,-56.3763649500922,-56.6209187101179,-55.1203128060545,-56.6690831039302
1.42066666666667,-56.4461148910998,-55.1526269315887,-56.3369366088263,-56.5818556830573,-55.0843050088633,-56.6299525133692
1.421,-56.4067856759091,-55.1167336975349,-56.2974537269511,-56.5427394478539,-55.0482414324195,-56.5907694659507
1.42133333333333,-56.3674021946292,-55.0807851015235,-56.2579161885466,-56.5035698923392,-55.0121219431646,-56.5515338620716
1.42166666666667,-56.3279643301953,-55.0447810117542,-56.2183238776822,-56.4643469043064,-54.9759464074169,-56.5122456022674
1.422,-56.2884719654792,-55.0087212963051,-56.1786766784243,-56.4250703715177,-54.939714691377,-56.4729045872208
1.42233333333333,-56.2489249832955,-54.9726058231381,-56.1389744748433,-56.3857401817095,-54.9034266611331,-56.4335107177704
1.42266666666667,-56.2093232664072,-54.9364344601037,-56.0992171510205,-56.3463562225989,-54.8670821826664,-56.3940638949198
1.423,-56.1696666975322,-54.900207074947,-56.0594045910558,-56.3069183818903,-54.8306811218568,-56.3545640198472
1.42333333333333,-56.1299551593495,-54.8639235353125,-56.0195366790756,-56.2674265472816,-54.7942233444888,-56.3150109939142
1.42366666666667,-56.0901885345058,-54.8275837087499,-55.9796132992395,-56.2278806064709,-54.7577087162569,-56.2754047186758
1.424,-56.0503667056216,-54.7911874627196,-55.9396343357493,-56.1882804471635,-54.7211371027721,-56.2357450958898
1.42433333333333,-56.0104895552984,-54.754734664599,-55.8995996728564,-56.1486259570784,-54.6845083695677,-56.1960320275272
1.42466666666667,-55.970556966125,-54.7182251816875,-55.8595091948698,-56.1089170239557,-54.6478223821056,-56.1562654157818
1.425,-55.9305688206849,-54.6816588812134,-55.8193627861648,-56.0691535355633,-54.6110790057825,-56.1164451630806
1.42533333333333,-55.8905250015631,-54.6450356303395,-55.7791603311917,-56.0293353797046,-54.574278105937,-56.0765711720946
1.42566666666667,-55.8504253913535,-54.6083552961698,-55.7389017144836,-55.9894624442257,-54.5374195478554,-56.036643345749
1.426,-55.8102698726659,-54.5716177457553,-55.698586820666,-55.9495346170233,-54.5005031967792,-55.9966615872345
1.42633333333333,-55.770058328134,-54.5348228461014,-55.6582155344655,-55.9095517860518,-54.4635289179118,-55.956625800018
1.42666666666667,-55.7297906404228,-54.4979704641738,-55.6177877407191,-55.8695138393319,-54.4264965764252,-55.9165358878542
1.427,-55.6894666922362,-54.4610604669057,-55.5773033243831,-55.8294206649579,-54.3894060374677,-55.8763917547966
1.42733333333333,-55.6490863663255,-54.4240927212048,-55.5367621705433,-55.7892721511066,-54.3522571661714,-55.8361933052099
1.42766666666667,-55.6086495454967,-54.3870670939602,-55.496164164424,-55.749068186045,-54.3150498276589,-55.795940443781
1.428,-55.5681561126196,-54.3499834520499,-55.4555091913986,-55.7088086581392,-54.277783887052,-55.7556330755319
1.42833333333333,-55.5276059506356,-54.3128416623479,-55.4147971369988,-55.6684934558627,-54.2404592094786,-55.7152711058317
1.42866666666667,-55.4869989425668,-54.2756415917319,-55.3740278869259,-55.6281224678055,-54.2030756600816,-55.6748544404089
1.429,-55.446334971524,-54.2383831070912,-55.3332013270601,-55.587695582683,-54.1656331040261,-55.6343829853647
1.42933333333333,-55.4056139207164,-54.2010660753343,-55.2923173434723,-55.5472126893451,-54.1281314065088,-55.5938566471856
1.42966666666667,-55.3648356734603,-54.1636903633967,-55.251375822434,-55.5066736767853,-54.0905704327654,-55.5532753327569
1.43,-55.3240001131883,-54.1262558382498,-55.210376650429,-55.4660784341505,-54.0529500480801,-55.512638949376
1.43033333333333,-55.283107123459,-54.0887623669085,-55.1693197141645,-55.4254268507509,-54.015270117794,-55.4719474047663
1.43066666666667,-55.242156587966,-54.0512098164401,-55.1282049005822,-55.3847188160688,-53.9775305073144,-55.431200607091
1.431,-55.2011483905486,-54.0135980539729,-55.0870320968705,-55.34395421977,-53.9397310821236,-55.3903984649674
1.43133333333333,-55.160082415201,-53.9759269467051,-55.0458011904763,-55.303132951713,-53.9018717077888,-55.3495408874814
1.43166666666667,-55.1189585460828,-53.9381963619136,-55.004512069117,-55.2622549019596,-53.8639522499714,-55.3086277842025
1.432,-55.0777766675292,-53.9004061669634,-54.9631646207926,-55.2213199607859,-53.8259725744367,-55.267659065198
1.43233333333333,-55.036536664062,-53.8625562293172,-54.9217587337992,-55.1803280186927,-53.7879325470639,-55.2266346410494
1.43266666666667,-54.9952384203993,-53.8246464165443,-54.8802942967407,-55.1392789664165,-53.7498320338566,-55.185554422867
1.433,-54.9538818214677,-53.7866765963311,-54.8387711985425,-55.098172694941,-53.7116709009525,-55.1444183223063
1.43333333333333,-54.9124667524126,-53.7486466364908,-54.7971893284649,-55.057009095508,-53.6734490146346,-55.1032262515838
1.43366666666667,-54.8709930986097,-53.710556404973,-54.7555485761162,-55.0157880596294,-53.6351662413418,-55.0619781234935
1.434,-54.8294607456768,-53.6724057698751,-54.7138488314669,-54.974509479099,-53.5968224476795,-55.0206738514238
1.43433333333333,-54.7878695794854,-53.634194599452,-54.6720899848633,-54.9331732460043,-53.5584175004315,-54.979313349374
1.43466666666667,-54.7462194861728,-53.5959227621269,-54.6302719270424,-54.8917792527387,-53.5199512665707,-54.9378965319721
1.435,-54.7045103521538,-53.5575901265029,-54.588394549146,-54.8503273920144,-53.4814236132713,-54.896423314492
1.43533333333333,-54.6627420641341,-53.5191965613733,-54.5464577427356,-54.8088175568747,-53.4428344079205,-54.8548936128718
1.43566666666667,-54.6209145091221,-53.4807419357338,-54.5044613998078,-54.7672496407071,-53.4041835181304,-54.8133073437317
1.436,-54.5790275744421,-53.4422261187935,-54.4624054128094,-54.7256235372563,-53.3654708117507,-54.7716644243925
1.43633333333333,-54.5370811477476,-53.4036489799869,-54.4202896746532,-54.6839391406379,-53.3266961568809,-54.7299647728951
1.43666666666667,-54.4950751170345,-53.3650103889862,-54.3781140787337,-54.6421963453516,-53.2878594218836,-54.6882083080188
1.437,-54.4530093706544,-53.3263102157132,-54.3358785189436,-54.6003950462956,-53.2489604753971,-54.6463949493015
1.43733333333333,-54.4108837973292,-53.2875483303522,-54.2935828896904,-54.5585351387803,-53.209999186349,-54.6045246170595
1.43766666666667,-54.3686982861646,-53.2487246033622,-54.2512270859132,-54.5166165185429,-53.1709754239699,-54.5625972324075
1.438,-54.3264527266646,-53.2098389054906,-54.2088110030992,-54.4746390817621,-53.1318890578066,-54.5206127172796
1.43833333333333,-54.2841470087464,-53.1708911077859,-54.1663345373023,-54.4326027250729,-53.0927399577372,-54.4785709944498
1.43866666666667,-54.2417810227548,-53.1318810816115,-54.1237975851597,-54.3905073455817,-53.0535279939847,-54.4364719875537
1.439,-54.1993546594777,-53.0928086986592,-54.081200043911,-54.3483528408819,-53.014253037132,-54.3943156211101
1.43933333333333,-54.1568678101618,-53.0536738309635,-54.0385418114157,-54.3061391090696,-52.9749149581367,-54.3521018205433
1.43966666666667,-54.1143203665274,-53.0144763509158,-53.9958227861726,-54.2638660487595,-52.9355136283464,-54.309830512205
1.44,-54.0717122207855,-52.9752161312785,-53.9530428673385,-54.2215335591014,-52.8960489195143,-54.2675016233979
1.44033333333333,-54.0290432656532,-52.9358930452005,-53.9102019547477,-54.1791415397965,-52.8565207038148,-54.2251150823987
1.44066666666667,-53.9863133943709,-52.896506966232,-53.8672999489319,-54.1366898911145,-52.8169288538597,-54.1826708184814
1.441,-53.9435225007185,-52.8570577683396,-53.8243367511399,-54.0941785139107,-52.7772732427147,-54.1401687619422
1.44133333333333,-53.9006704790334,-52.8175453259226,-53.7813122633589,-54.0516073096434,-52.737553743916,-54.0976088441233
1.44166666666667,-53.8577572242271,-52.777969513828,-53.7382263883341,-54.0089761803917,-52.6977702314876,-54.0549909974383
1.442,-53.8147826318037,-52.738330207368,-53.695079029591,-53.9662850288738,-52.6579225799581,-54.0123151553975
1.44233333333333,-53.7717465978776,-52.6986272823354,-53.6518700914566,-53.9235337584651,-52.6180106643792,-53.9695812526336
1.44266666666667,-53.728649019192,-52.6588606150211,-53.608599479081,-53.8807222732171,-52.5780343603428,-53.9267892249281
1.443,-53.6854897931375,-52.6190300822312,-53.5652670984603,-53.8378504778766,-52.5379935440001,-53.8839390092382
1.44333333333333,-53.6422688177716,-52.5791355613043,-53.521872856459,-53.7949182779048,-52.4978880920801,-53.8410305437237
1.44366666666667,-53.5989859918377,-52.5391769301294,-53.4784166608333,-53.7519255794974,-52.4577178819085,-53.798063767775
1.444,-53.555641214785,-52.4991540671643,-53.4348984202544,-53.7088722896043,-52.4174827914272,-53.755038622041
1.44433333333333,-53.5122343867887,-52.4590668514535,-53.3913180443329,-53.6657583159505,-52.3771826992141,-53.7119550484583
1.44466666666667,-53.4687654087702,-52.4189151626478,-53.3476754436429,-53.6225835670562,-52.3368174845032,-53.6688129902794
1.445,-53.4252341824181,-52.3786988810226,-53.3039705297465,-53.579347952259,-52.2963870272052,-53.6256123921034
1.44533333333333,-53.3816406102094,-52.3384178874982,-53.2602032152199,-53.5360513817344,-52.2558912079285,-53.5823531999057
1.44566666666667,-53.3379845954309,-52.2980720636593,-53.2163734136782,-53.4926937665184,-52.2153299080001,-53.5390353610687
1.446,-53.2942660422013,-52.2576612917749,-53.172481039802,-53.4492750185292,-52.1747030094876,-53.4956588244131
1.44633333333333,-53.2504848554934,-52.2171854548199,-53.128526009364,-53.4057950505906,-52.1340103952214,-53.4522235402298
1.44666666666667,-53.2066409411567,-52.1766444364949,-53.0845082392558,-53.3622537764544,-52.0932519488168,-53.4087294603123
1.447,-53.1627342059407,-52.1360381212483,-53.0404276475157,-53.3186511108243,-52.0524275546972,-53.3651765379892
1.44733333333333,-53.1187645575183,-52.0953663942982,-52.9962841533567,-53.2749869693796,-52.0115370981174,-53.3215647281581
1.44766666666667,-53.0747319045096,-52.0546291416538,-52.9520776771944,-53.2312612687994,-51.9705804651875,-53.2778939873197
1.448,-53.0306361565064,-52.0138262501387,-52.907808140677,-53.1874739267874,-51.9295575428966,-53.2341642736118
1.44833333333333,-52.9864772240967,-51.9729576074133,-52.863475466714,-53.1436248620972,-51.888468219138,-53.1903755468457
1.44866666666667,-52.9422550188901,-51.9320231019988,-52.8190795795064,-53.0997139945576,-51.8473123827343,-53.1465277685408
1.449,-52.8979694535431,-51.8910226233001,-52.7746204045773,-53.0557412450987,-51.8060899234623,-53.1026209019619
1.44933333333333,-52.8536204417857,-51.8499560616311,-52.730097868803,-53.0117065357783,-51.76480073208,-53.058654912156
1.44966666666667,-52.809207898447,-51.8088233082386,-52.6855119004442,-52.9676097898092,-51.7234447003523,-53.0146297659904
1.45,-52.7647317394829,-51.7676242553276,-52.6408624291785,-52.9234509315857,-51.6820217210784,-52.9705454321903
1.45033333333333,-52.7201918820032,-51.7263587960871,-52.5961493861331,-52.8792298867125,-51.6405316881194,-52.926401881379
1.45066666666667,-52.6755882442995,-51.6850268247157,-52.5513727039176,-52.8349465820323,-51.5989744964258,-52.8821990861165
1.451,-52.6309207458735,-51.6436282364484,-52.5065323166582,-52.7906009456545,-51.5573500420664,-52.8379370209409
1.45133333333333,-52.5861893074659,-51.6021629275839,-52.4616281600319,-52.7461929069854,-51.5156582222576,-52.7936156624089
1.45166666666667,-52.5413938510856,-51.560630795511,-52.4166601713015,-52.7017223967568,-51.4738989353921,-52.7492349891378
1.452,-52.4965343000397,-51.5190317387376,-52.371628289351,-52.6571893470571,-51.4320720810697,-52.7047949818481
1.45233333333333,-52.4516105789636,-51.4773656569187,-52.3265324547221,-52.6125936913619,-51.3901775601278,-52.6602956234069
1.45266666666667,-52.4066226138523,-51.4356324508853,-52.2813726096507,-52.5679353645655,-51.3482152746725,-52.6157368988717
1.453,-52.3615703320909,-51.393832022674,-52.2361486981044,-52.5232143030122,-51.3061851281102,-52.5711187955351
1.45333333333333,-52.3164536624876,-51.3519642755571,-52.1908606658203,-52.4784304445294,-51.2640870251805,-52.526441302971
1.45366666666667,-52.2712725353051,-51.3100291140725,-52.1455084603442,-52.4335837284602,-51.2219208719884,-52.4817044130802
1.454,-52.2260268822942,-51.2680264440559,-52.1000920310693,-52.388674095697,-51.1796865760383,-52.4369081201377
1.45433333333333,-52.1807166367275,-51.2259561726712,-52.0546113292768,-52.3437014887156,-51.137384046268,-52.3920524208411
1.45466666666667,-52.1353417334328,-51.1838182084436,-52.009066308176,-52.2986658516098,-51.0950131930836,-52.347137314359
1.455,-52.0899021088282,-51.1416124612918,-51.9634569229459,-52.2535671301266,-51.0525739283944,-52.3021628023804
1.45533333333333,-52.0443977009575,-51.0993388425615,-51.9177831307776,-52.2084052717023,-51.0100661656495,-52.2571288891657
1.45566666666667,-51.998828449526,-51.0569972650596,-51.8720448909163,-52.1631802254989,-50.967489819874,-52.2120355815977
1.456,-51.9531942959364,-51.0145876430882,-51.8262421647054,-52.1178919424406,-50.9248448077064,-52.1668828892337
1.45633333333333,-51.9074951833267,-50.97210989248,-51.7803749156304,-52.0725403752523,-50.8821310474371,-52.1216708243591
1.45666666666667,-51.8617310566073,-50.9295639306343,-51.734443109364,-52.0271254784974,-50.8393484590461,-52.0763994020405
1.457,-51.8159018624996,-50.8869496765529,-51.6884467138115,-51.9816472086169,-50.7964969642432,-52.0310686401818
1.45733333333333,-51.7700075495747,-50.8442670508774,-51.6423856991575,-51.936105523969,-50.7535764865078,-51.9856785595791
1.45766666666667,-51.7240480682934,-50.8015159759268,-51.5962600379131,-51.8905003848695,-50.7105869511295,-51.9402291839781
1.458,-51.6780233710457,-50.7586963757357,-51.5500697049635,-51.8448317536324,-50.6675282852498,-51.8947205401314
1.45833333333333,-51.6319334121928,-50.7158081760939,-51.5038146776177,-51.7990995946119,-50.6244004179044,-51.8491526578579
1.45866666666667,-51.5857781481076,-50.6728513045851,-51.4574949356568,-51.7533038742445,-50.581203280066,-51.8035255701021
1.459,-51.5395575372178,-50.629825690628,-51.4111104613856,-51.7074445610922,-50.5379368046883,-51.7578393129952
1.45933333333333,-51.4932715400484,-50.5867312655175,-51.3646612396833,-51.661521625886,-50.4946009267506,-51.7120939259167
1.45966666666667,-51.4469201192655,-50.5435679624656,-51.3181472580552,-51.6155350415706,-50.4511955833026,-51.6662894515575
1.46,-51.4005032397211,-50.5003357166451,-51.2715685066867,-51.5694847833495,-50.4077207135115,-51.620425935984
1.46033333333333,-51.3540208684975,-50.4570344652319,-51.2249249784962,-51.5233708287311,-50.3641762587082,-51.5745034287026
1.46066666666667,-51.3074729749537,-50.4136641474499,-51.1782166691899,-51.477193157575,-50.3205621624352,-51.5285219827267
1.461,-51.260859530772,-50.3702247046148,-51.1314435773177,-51.43095175214,-50.2768783704958,-51.4824816546432
1.46133333333333,-51.2141805100051,-50.3267160801805,-51.0846057043297,-51.3846465971322,-50.2331248310031,-51.4363825046814
1.46166666666667,-51.1674358891247,-50.2831382197854,-51.0377030546331,-51.3382776797539,-50.1893014944305,-51.3902245967829
1.462,-51.1206256470699,-50.2394910712988,-50.9907356356512,-51.2918449897536,-50.1454083136632,-51.3440079986714
1.46233333333333,-51.0737497652974,-50.1957745848699,-50.9437034578821,-51.2453485194768,-50.1014452440502,-51.297732781926
1.46266666666667,-51.0268082278318,-50.1519887129759,-50.8966065349593,-51.1987882639174,-50.0574122434577,-51.2513990220531
1.463,-50.979801021317,-50.108133410472,-50.8494448837127,-51.1521642207699,-50.0133092723226,-51.205006798562
1.46333333333333,-50.9327281350686,-50.0642086346419,-50.8022185242311,-51.1054763904833,-49.9691362937082,-51.1585561950401
1.46366666666667,-50.8855895611266,-50.020214345249,-50.754927479925,-51.0587247763143,-49.9248932733597,-51.1120472992297
1.464,-50.8383852943094,-49.9761505045888,-50.7075717775909,-51.011909384383,-49.8805801797616,-51.0654802031069
1.46433333333333,-50.7911153322689,-49.9320170775422,-50.6601514474768,-50.9650302237284,-49.836196984195,-51.0188550029609
1.46466666666667,-50.7437796755455,-49.8878140316294,-50.6126665233483,-50.9180873063654,-49.7917436607975,-50.972171799475
1.465,-50.6963783276252,-49.8435413370648,-50.5651170425557,-50.8710806473424,-49.7472201866224,-50.9254306978089
1.46533333333333,-50.6489112949966,-49.7991989668135,-50.5175030461028,-50.8240102648,-49.7026265417004,-50.8786318076829
1.46566666666667,-50.6013785872097,-49.7547868966476,-50.469824578716,-50.7768761800306,-49.6579627091012,-50.8317752434627
1.466,-50.5537802169346,-49.7103051052044,-50.4220816889152,-50.729678417539,-49.6132286749974,-50.784861124246
1.46633333333333,-50.5061162000222,-49.6657535740455,-50.3742744290854,-50.682417005104,-49.5684244287282,-50.7378895739509
1.46666666666667,-50.4583865555653,-49.6211322877162,-50.3264028555492,-50.6350919738408,-49.5235499628653,-50.6908607214053
1.467,-50.4105913059602,-49.5764412338067,-50.2784670286412,-50.5877033582647,-49.4786052732793,-50.6437747004377
1.46733333333333,-50.3627304769708,-49.5316804030141,-50.230467012783,-50.5402511963557,-49.4335903592077,-50.5966316499707
1.46766666666667,-50.3148040977916,-49.4868497892055,-50.1824028765592,-50.4927355296239,-49.3885052233236,-50.5494317141142
1.468,-50.2668122011137,-49.4419493894815,-50.1342746927952,-50.4451564031763,-49.3433498718059,-50.5021750422617
1.46833333333333,-50.2187548231904,-49.3969792042422,-50.0860825386358,-50.3975138657849,-49.298124314411,-50.454861789188
1.46866666666667,-50.1706320039046,-49.351939237253,-50.0378264956248,-50.3498079699548,-49.252828564545,-50.4074921151475
1.469,-50.122443786837,-49.3068294957119,-49.9895066497867,-50.3020387719948,-49.2074626393379,-50.3600661859754
1.46933333333333,-50.0741902193351,-49.2616499903183,-49.9411230917085,-50.2542063320878,-49.1620265597185,-50.3125841731902
1.46966666666667,-50.0258713525842,-49.2164007353428,-49.8926759166236,-50.2063107143638,-49.116520350491,-50.2650462540976
1.47,-49.977487241678,-49.1710817486976,-49.8441652244967,-50.1583519869723,-49.0709440404128,-50.2174526118963
1.47033333333333,-49.9290379456918,-49.1256930520092,-49.7955911201099,-50.1103302221575,-49.0252976622736,-50.1698034357861
1.47066666666667,-49.8805235277558,-49.080234670691,-49.7469537131504,-50.0622454963334,-48.979581252976,-50.1220989210769
1.471,-49.8319440551299,-49.0347066340185,-49.698253118299,-50.0140978901612,-48.933794853617,-50.0743392693003
1.47133333333333,-49.7832995992799,-48.9891089752046,-49.6494894553207,-49.965887488627,-48.887938509572,-50.026524688323
1.47166666666667,-49.7345902359544,-48.9434417314769,-49.6006628491558,-49.9176143811209,-48.8420122705786,-49.9786553924611
1.472,-49.685816045263,-48.8977049441558,-49.5517734300131,-49.8692786615182,-48.7960161908236,-49.9307316025981
1.47233333333333,-49.6369771117557,-48.8518986587344,-49.5028213334641,-49.8208804282605,-48.7499503290303,-49.8827535463033
1.47266666666667,-49.588073524504,-48.8060229249594,-49.4538067005386,-49.7724197844392,-48.7038147485477,-49.8347214579528
1.473,-49.5391053771821,-48.7600777969132,-49.404729677822,-49.7238968378797,-48.6576095174409,-49.7866355788528
1.47333333333333,-49.4900727681505,-48.7140633330981,-49.3555904175534,-49.6753117012273,-48.6113347085841,-49.7384961573645
1.47366666666667,-49.4409758005402,-48.667979596521,-49.3063890777261,-49.6266644920338,-48.5649903997536,-49.6903034490311
1.474,-49.3918145823383,-48.6218266547797,-49.2571258221888,-49.5779553328462,-48.5185766737237,-49.6420577167074
1.47433333333333,-49.3425892264748,-48.5756045801517,-49.2078008207484,-49.5291843512966,-48.4720936183635,-49.5937592306911
1.47466666666667,-49.2932998509109,-48.5293134496826,-49.1584142492747,-49.4803516801926,-48.4255413267356,-49.5454082688563
1.475,-49.2439465787284,-48.4829533452777,-49.1089662898058,-49.4314574576106,-48.3789198971967,-49.4970051167899
1.47533333333333,-49.1945295382205,-48.436524353794,-49.0594571306563,-49.3825018269894,-48.3322294334995,-49.4485500679289
1.47566666666667,-49.1450488629839,-48.3900265671345,-49.0098869665257,-49.3334849372257,-48.2854700448964,-49.4000434237019
1.476,-49.0955046920123,-48.343460082343,-48.9602559986087,-49.2844069427706,-48.2386418462451,-49.3514854936709
1.47633333333333,-49.0458971697913,-48.2968250017018,-48.9105644347083,-49.2352680037285,-48.1917449581162,-49.3028765956772
1.47666666666667,-48.9962264463945,-48.2501214328301,-48.8608124893483,-49.1860682859562,-48.1447795069019,-49.2542170559887
1.477,-48.946492677581,-48.203349488784,-48.8110003838893,-49.1368079611648,-48.0977456249271,-49.2055072094501
1.47733333333333,-48.8966960248948,-48.1565092881586,-48.7611283466454,-49.0874872070226,-48.0506434505628,-49.1567473996353
1.47766666666667,-48.8468366557648,-48.1096009551916,-48.7111966130024,-49.0381062072587,-48.0034731283399,-49.1079379790025
1.478,-48.7969147436068,-48.0626246198683,-48.6612054255383,-48.9886651517701,-47.9562348090666,-49.0590793090521
1.47833333333333,-48.7469304679269,-48.0155804180288,-48.6111550341449,-48.9391642367283,-47.9089286499467,-49.010171760487
1.47866666666667,-48.6968840144262,-47.9684684914765,-48.5610456961511,-48.8896036646893,-47.8615548147001,-48.9612157133754
1.479,-48.6467755751069,-47.9212889880886,-48.5108776764483,-48.8399836447034,-47.8141134736858,-48.9122115573163
1.47933333333333,-48.5966053483802,-47.8740420619282,-48.4606512476169,-48.7903043924287,-47.7666048040261,-48.8631596916086
1.47966666666667,-48.5463735391757,-47.8267278733588,-48.4103666900548,-48.7405661302446,-47.7190289897336,-48.8140605254215
1.48,-48.4960803590515,-47.7793465891595,-48.3600242921077,-48.6907690873676,-47.6713862218397,-48.7649144779694
1.48033333333333,-48.4457260263073,-47.7318983826434,-48.3096243502009,-48.6409134999691,-47.6236766985263,-48.7157219786882
1.48066666666667,-48.3953107660975,-47.6843834337766,-48.2591671689728,-48.5909996112944,-47.5759006252577,-48.6664834674155
1.481,-48.3448348105471,-47.6368019293004,-48.2086530614106,-48.5410276717837,-47.5280582149171,-48.6171993945735
1.48133333333333,-48.2942983988683,-47.5891540628544,-48.1580823489869,-48.4909979391947,-47.4801496879432,-48.5678702213549
1.48166666666667,-48.2437017774792,-47.5414400351021,-48.107455361799,-48.4409106787274,-47.4321752724709,-48.5184964199117
1.482,-48.1930452001236,-47.4936600538582,-48.0567724387093,-48.3907661631502,-47.3841352044723,-48.4690784735476
1.48233333333333,-48.1423289279932,-47.4458143342185,-48.0060339274875,-48.3405646729281,-47.3360297279021,-48.4196168769131
1.48266666666667,-48.0915532298506,-47.3979030986911,-47.9552401849553,-48.2903064963525,-47.2878590948439,-48.3701121362043
1.483,-48.040718382154,-47.34992657733,-47.9043915771314,-48.2399919296731,-47.2396235656592,-48.3205647693643
1.48333333333333,-47.9898246691844,-47.301885007871,-47.8534884793804,-48.1896212772319,-47.1913234091392,-48.2709753062887
1.48366666666667,-47.9388723831732,-47.2537786358698,-47.8025312765611,-48.1391948515981,-47.1429589026589,-48.2213442890342
1.484,-47.8878618244325,-47.2056077148415,-47.7515203631789,-48.0887129737063,-47.0945303323335,-48.1716722720303
1.48433333333333,-47.8367933014865,-47.1573725064032,-47.700456143538,-48.0381759729955,-47.0460379931773,-48.121959822295
1.48466666666667,-47.7856671312044,-47.1090732804184,-47.6493390318968,-47.9875841875505,-46.9974821892655,-48.072207519654
1.485,-47.7344836389358,-47.0607103151437,-47.5981694526246,-47.9369379642454,-46.9488632338984,-48.0224159569631
1.48533333333333,-47.6832431586471,-47.0122838973778,-47.5469478403599,-47.8862376588889,-46.900181449768,-47.9725857403348
1.48566666666667,-47.6319460330595,-46.9637943226128,-47.4956746401706,-47.8354836363714,-46.8514371691279,-47.9227174893682
1.486,-47.5805926137892,-46.9152418951878,-47.4443503077165,-47.7846762708147,-46.8026307339648,-47.8728118373833
1.48633333333333,-47.5291832614892,-46.8666269284449,-47.392975309413,-47.7338159457231,-46.7537624961743,-47.8228694316584
1.48666666666667,-47.4777183459922,-46.8179497448876,-47.3415501225964,-47.6829030541368,-46.7048328177377,-47.7728909336718
1.487,-47.4261982464564,-46.7692106763417,-47.2900752356922,-47.6319379987877,-46.6558420709031,-47.722877019348
1.48733333333333,-47.3746233515118,-46.7204100641187,-47.2385511483834,-47.5809211922567,-46.6067906383683,-47.6728283793067
1.48766666666667,-47.3229940594088,-46.6715482591812,-47.1869783717823,-47.5298530571335,-46.5576789134676,-47.6227457191174
1.488,-47.2713107781686,-46.6226256223115,-47.1353574286027,-47.4787340261783,-46.5085073003599,-47.572629759557
1.48833333333333,-47.2195739257355,-46.5736425242824,-47.083688853335,-47.4275645424861,-46.459276214222,-47.5224812368725
1.48866666666667,-47.1677839301297,-46.5245993460304,-47.0319731924217,-47.3763450596523,-46.4099860814426,-47.4723009030473
1.489,-47.1159412296038,-46.4754964788321,-46.9802110044362,-47.325076041941,-46.3606373398208,-47.4220895260726
1.48933333333333,-47.0640462727995,-46.4263343244825,-46.9284028602619,-47.2737579644561,-46.3112304387673,-47.3718478902229
1.48966666666667,-47.0120995189064,-46.3771132954765,-46.8765493432736,-47.2223913133128,-46.2617658395084,-47.3215767963362
1.49,-46.9601014378226,-46.3278338151928,-46.8246510495212,-47.1709765858134,-46.2122440152934,-47.2712770620985
1.49033333333333,-46.9080525103174,-46.2784963180807,-46.7727085879135,-47.1195142906237,-46.1626654516049,-47.2209495223337
1.49066666666667,-46.8559532281952,-46.2291012498498,-46.7207225804051,-47.0680049479525,-46.113030646373,-47.1705950292974
1.491,-46.8038040944609,-46.1796490676618,-46.668693662184,-47.0164490897329,-46.0633401101915,-47.1202144529766
1.49133333333333,-46.7516056234877,-46.1301402403261,-46.6166224818615,-46.9648472598065,-46.0135943665389,-47.0698086813934
1.49166666666667,-46.6993583411862,-46.0805752484974,-46.5645097016627,-46.9132000141086,-45.963793952001,-47.0193786209143
1.492,-46.6470627851748,-46.0309545848766,-46.5123559976194,-46.8615079208571,-45.9139394164984,-46.9689251965647
1.49233333333333,-46.5947195049529,-45.9812787544148,-46.4601620597642,-46.8097715607427,-45.8640313235167,-46.918449352348
1.49266666666667,-46.5423290620741,-45.9315482745193,-46.4079285923253,-46.7579915271216,-45.8140702503396,-46.8679520515709
1.493,-46.4898920303225,-45.8817636752639,-46.3556563139242,-46.706168426211,-45.7640567882863,-46.8174342771733
1.49333333333333,-46.4374089958899,-45.831925499601,-46.3033459577734,-46.6543028772857,-45.713991542952,-46.7668970320642
1.49366666666667,-46.3848805575547,-45.7820343035776,-46.2509982718762,-46.6023955128787,-45.6638751344522,-46.7163413394633
1.494,-46.3323073268623,-45.7320906565535,-46.1986140192268,-46.5504469789822,-45.6137081976696,-46.6657682432473
1.49433333333333,-46.2796899283074,-45.6820951414237,-46.1461939780135,-46.4984579352526,-45.5634913825058,-46.6151788083038
1.49466666666667,-46.227028999517,-45.6320483548423,-46.0937389418206,-46.4464290552163,-45.5132253541362,-46.5645741208891
1.495,-46.1743251914361,-45.5819509074512,-46.0412497198334,-46.3943610264792,-45.4629107932677,-46.5139552889936
1.49533333333333,-46.1215791685141,-45.5318034241112,-45.9887271370433,-46.3422545509375,-45.4125483964015,-46.4633234427126
1.49566666666667,-46.0687916088923,-45.4816065441356,-45.936172034454,-46.290110344991,-45.3621388760987,-46.412679734623
1.496,-46.0159632045936,-45.4313609215285,-45.8835852692887,-46.237929139759,-45.3116829612492,-46.3620253401674
1.49633333333333,-45.9630946617133,-45.381067225225,-45.8309677151982,-46.1857116812983,-45.261181397346,-46.3113614580438
1.49666666666667,-45.910186700611,-45.3307261393354,-45.7783202624696,-46.1334587308234,-45.2106349467614,-46.260689310602
1.497,-45.8572400561039,-45.2803383633922,-45.7256438182354,-46.0811710649286,-45.1600443890281,-46.2100101442469
1.49733333333333,-45.8042554776615,-45.2299046126009,-45.6729393066843,-46.0288494758137,-45.1094105211241,-46.159325229849
1.49766666666667,-45.7512337296014,-45.1794256180939,-45.6202076692711,-45.97649477151,-45.0587341577612,-46.1086358631609
1.498,-45.6981755912859,-45.1289021271873,-45.5674498649279,-45.9241077761104,-45.0080161316771,-46.057943365242
1.49833333333333,-45.6450818573205,-45.0783349036419,-45.5146668702754,-45.8716893300001,-44.9572572939322,-46.0072490828895
1.49866666666667,-45.5919533377526,-45.027724727927,-45.4618596798344,-45.819240290091,-44.9064585142098,-45.9565543890774
1.499,-45.5387908582716,-44.9770723974875,-45.4090293062372,-45.7667615300568,-44.8556206811199,-45.9058606834029
1.49933333333333,-45.4855952604098,-44.9263787270154,-45.3561767804397,-45.7142539405716,-44.8047447025082,-45.8551693925403
1.49966666666667,-45.4323674017447,-44.8756445487231,-45.3033031519324,-45.6617184295495,-44.7538315057677,-45.8044819707031
1.5,-45.3791081561008,-44.8248707126215,-45.2504094889518,-45.609155922387,-44.702882038155,-45.7537999001132
1.50033333333333,-45.3258184137533,-44.7740580868013,-45.1974968786914,-45.5565673622077,-44.6518972671108,-45.7031246914797
1.50066666666667,-45.2724990816324,-44.7232075577174,-45.1445664275122,-45.5039537101079,-44.6008781805839,-45.6524578844848
1.501,-45.219151083527,-44.6723200304768,-45.0916192611517,-45.4513159454053,-44.5498257873595,-45.6018010482784
1.50133333333333,-45.1657753602904,-44.6213964291305,-45.038656524934,-45.3986550658893,-44.4987411173918,-45.5511557819819
1.50166666666667,-45.1123728700452,-44.570437696969,-44.9856793839767,-45.3459720880735,-44.4476252221403,-45.5005237152007
1.502,-45.0589445883891,-44.5194447968198,-44.9326890233986,-45.2932680474492,-44.39647917491,-45.4499065085447
1.50233333333333,-45.0054915086008,-44.4684187113509,-44.8796866485249,-45.240543998742,-44.3453040711965,-45.3993058541598
1.50266666666667,-44.9520146418459,-44.4173604433753,-44.8266734850913,-45.1878010161694,-44.294101029034,-45.3487234762673
1.503,-44.8985150173825,-44.3662710161613,-44.7736507794469,-45.1350401936999,-44.2428711893485,-45.2981611317135
1.50333333333333,-44.8449936827675,-44.3151514737447,-44.7206197987549,-45.082262645315,-44.1916157163144,-45.2476206105298
1.50366666666667,-44.7914517040619,-44.2640028812452,-44.6675818311911,-45.0294695052717,-44.1403357977149,-45.1971037365013
1.504,-44.7378901660355,-44.2128263251862,-44.6145381861406,-44.9766619283666,-44.0890326453075,-45.146612367747
1.50433333333333,-44.6843101723725,-44.1616229138188,-44.5614901943918,-44.9238410902024,-44.0377074951924,-45.0961483973102
1.50466666666667,-44.6307128458749,-44.1103937774479,-44.5084392083282,-44.8710081874551,-43.9863616081856,-45.0457137537592
1.505,-44.5770993286657,-44.059140068763,-44.4553866021161,-44.8181644381427,-43.9349962701957,-44.9953104017993
1.50533333333333,-44.5234707823919,-44.0078629631727,-44.4023337718915,-44.7653110818955,-43.883612792605,-44.9449403428962
1.50566666666667,-44.4698283884248,-43.9565636591412,-44.3492821359405,-44.7124493802269,-43.8322125126539,-44.8946056159105
1.506,-44.4161733480611,-43.90524337853,-44.2962331348792,-44.6595806168063,-43.7807967938299,-44.8443082977441
1.50633333333333,-44.3625068827207,-43.8539033669423,-44.2431882318274,-44.6067060977324,-43.7293670262604,-44.7940505039987
1.50666666666667,-44.3088302341446,-43.8025448940705,-44.1901489125795,-44.5538271518074,-43.677924627109,-44.7438343896464
1.507,-44.2551446645893,-43.7511692540477,-44.1371166857701,-44.5009451308124,-43.6264710409757,-44.6936621497133
1.50733333333333,-44.2014514570214,-43.6997777658027,-44.0840930830353,-44.4480614097834,-43.5750077403013,-44.6435360199754
1.50766666666667,-44.1477519153078,-43.6483717734179,-44.0310796591691,-44.395177387288,-43.5235362257751,-44.593458277668
1.508,-44.0940473644054,-43.5969526464907,-43.9780779922733,-44.342294485702,-43.4720580267461,-44.5434312422089
1.50833333333333,-44.0403391505473,-43.5455217804984,-43.9250896839034,-44.2894141514875,-43.4205747016385,-44.4934572759345
1.50866666666667,-43.9866286414264,-43.4940805971661,-43.8721163592067,-44.2365378554703,-43.3690878383702,-44.443538784851
1.509,-43.9329172263762,-43.4426305448383,-43.8191596670554,-44.183667093118,-43.3175990547748,-44.3936782194
1.50933333333333,-43.8792063165482,-43.3911730988533,-43.7662212801715,-44.1308033848178,-43.2661099990275,-44.3438780752379
1.50966666666667,-43.8254973450862,-43.3397097619206,-43.7133028952454,-44.0779482761542,-43.2146223500737,-44.2941408940318
1.51,-43.771791767296,-43.2882420645019,-43.660406233047,-44.0251033381863,-43.163137818061,-44.2444692642702
1.51033333333333,-43.7180910608122,-43.2367715651952,-43.6075330385277,-43.9722701677253,-43.1116581447752,-44.19486582209
1.51066666666667,-43.6643967257602,-43.1852998511212,-43.5546850809154,-43.9194503876104,-43.060185104078,-44.1453332521192
1.511,-43.6107102849132,-43.133828538313,-43.5018641537987,-43.8666456469839,-43.0087205023485,-44.095874288337
1.51133333333333,-43.5570332838454,-43.0823592721092,-43.4490720752039,-43.8138576215668,-42.9572661789279,-44.0464917149509
1.51166666666667,-43.503367291079,-43.0308937275489,-43.3963106876598,-43.7610880139311,-42.9058240065658,-43.9971883672906
1.512,-43.4497138982262,-42.9794336097701,-43.3435818582543,-43.7083385537722,-42.8543958918706,-43.9479671327206
1.51233333333333,-43.396074720126,-42.9279806544104,-43.2908874786781,-43.6556109981795,-42.8029837757609,-43.898830951571
1.51266666666667,-43.3424513949731,-42.8765366280105,-43.2382294652585,-43.6029071319044,-42.7515896339205,-43.8497828180866
1.513,-43.2888455844422,-42.8251033284201,-43.1856097589799,-43.550228767627,-42.7002154772551,-43.8008257813957
1.51333333333333,-43.2352589738045,-42.7736825852061,-43.1330303254929,-43.4975777462204,-42.6488633523511,-43.7519629464981
1.51366666666667,-43.1816932720366,-42.7222762600635,-43.0804931551089,-43.4449559370125,-42.5975353419366,-43.703197475274
1.514,-43.1281502119223,-42.6708862472274,-43.0280002627819,-43.3923652380445,-42.5462335653435,-43.6545325875116
1.51433333333333,-43.0746315501462,-42.619514473889,-42.9755536880751,-43.3398075763269,-42.4949601789722,-43.6059715619583
1.51466666666667,-43.0211390673788,-42.5681629006119,-42.9231554951126,-43.2872849080922,-42.4437173767571,-43.5575177373908
1.515,-42.967674568352,-42.5168335217507,-42.8708077725151,-43.2347992190433,-42.3925073906334,-43.5091745137081
1.51533333333333,-42.9142398819263,-42.4655283658722,-42.8185126333191,-43.1823525245988,-42.3413324910051,-43.4609453530476
1.51566666666667,-42.8608368611472,-42.4142494961771,-42.7662722148783,-43.1299468701332,-42.2901949872136,-43.412833780922
1.516,-42.8074673832911,-42.3629990109235,-42.7140886787475,-43.0775843312132,-42.2390972280074,-43.364843387381
1.51633333333333,-42.7541333499013,-42.3117790438529,-42.6619642105465,-43.0252670138285,-42.1880416020117,-43.3169778281957
1.51666666666667,-42.7008366868111,-42.2605917646153,-42.6099010198052,-42.9729970546176,-42.1370305381985,-43.2692408260672
1.517,-42.6475793441562,-42.2094393791976,-42.5579013397869,-42.9207766210877,-42.0860665063565,-43.2216361718591
1.51733333333333,-42.5943632963734,-42.1583241303514,-42.505967427291,-42.8686079118284,-42.0351520175607,-43.1741677258557
1.51766666666667,-42.5411905421869,-42.107248298022,-42.4541015624319,-42.8164931567191,-41.9842896246414,-43.1268394190436
1.518,-42.4880631045801,-42.0562141997784,-42.4023060483948,-42.7644346171291,-41.9334819226528,-43.0796552544199
1.51833333333333,-42.4349830307537,-42.0052241912436,-42.3505832111675,-42.7124345861106,-41.8827315493396,-43.0326193083257
1.51866666666667,-42.381952392068,-41.9542806665243,-42.2989353992446,-42.6604953885835,-41.832041185603,-42.9857357318046
1.519,-42.3289732839693,-41.9033860586421,-42.2473649833068,-42.6086193815118,-41.7814135559644,-42.9390087519879
1.51933333333333,-42.2760478259005,-41.8525428399636,-42.1958743558704,-42.5568089540709,-41.7308514290278,-42.8924426735058
1.51966666666667,-42.2231781611934,-41.8017535226304,-42.1444659309088,-42.5050665278059,-41.6803576179388,-42.8460418799238
1.52,-42.1703664569437,-41.7510206589888,-42.0931421434422,-42.4533945567789,-41.629934980842,-42.7998108352064
1.52033333333333,-42.1176149038669,-41.7003468420187,-42.0419054490963,-42.4017955277067,-41.5795864213349,-42.7537540852054
1.52066666666667,-42.0649257161338,-41.6497347057613,-41.990758323627,-42.3502719600857,-41.5293148889175,-42.7078762591745
1.521,-42.0123011311862,-41.5991869257462,-41.9397032624101,-42.2988264063064,-41.4791233794403,-42.6621820713095
1.52133333333333,-41.9597434095309,-41.5487062194165,-41.8887427798956,-42.2474614517536,-41.4290149355461,-42.6166763223126
1.52166666666667,-41.907254834511,-41.4982953465528,-41.8378794090227,-42.1961797148945,-41.3789926471082,-42.5713639009812
1.522,-41.8548377120535,-41.4479571096953,-41.7871157005958,-42.1449838473513,-41.3290596516633,-42.5262497858204
1.52233333333333,-41.8024943703932,-41.3976943545633,-41.7364542226194,-42.0938765339596,-41.2792191348398,-42.4813390466777
1.52266666666667,-41.7502271597702,-41.347509970473,-41.6858975595886,-42.0428604928105,-41.2294743307793,-42.4366368463989
1.523,-41.6980384521014,-41.2974068907523,-41.6354483117356,-41.9919384752756,-41.1798285225526,-42.3921484425046
1.52333333333333,-41.6459306406236,-41.2473880931529,-41.5851090942277,-41.9411132660147,-41.1302850425687,-42.347879188884
1.52366666666667,-41.5939061395079,-41.1974566002594,-41.534882536317,-41.8903876829643,-41.0808472729767,-42.3038345375061
1.524,-41.5419673834436,-41.1476154798941,-41.4847712804374,-41.8397645773061,-41.03151864606,-42.2600200401441
1.52433333333333,-41.4901168271913,-41.0978678455198,-41.4347779812485,-41.7892468334148,-40.9823026446231,-42.2164413501127
1.52466666666667,-41.4383569451014,-41.0482168566367,-41.3849053046221,-41.7388373687835,-40.9332028023685,-42.1731042240126
1.525,-41.3866902305995,-40.9986657191763,-41.3351559265701,-41.6885391339253,-40.8842227042656,-42.130014523481
1.52533333333333,-41.3351191956361,-40.9492176858906,-41.2855325321099,-41.6383551122508,-40.8353659869096,-42.0871782169439
1.52566666666667,-41.2836463700971,-40.8998760567353,-41.2360378140658,-41.5882883199183,-40.78663633887,-42.0446013813646
1.526,-41.2322743011776,-40.8506441792494,-41.1866744718016,-41.5383418056574,-40.7380375010288,-42.0022902039849
1.52633333333333,-41.1810055527127,-40.8015254489282,-41.1374452098824,-41.4885186505624,-40.689573266907,-41.9602509840529
1.52666666666667,-41.1298427044671,-40.7525233095904,-41.0883527366618,-41.4388219678551,-40.6412474829797,-41.9184901345303
1.527,-41.0787883513795,-40.7036412537398,-41.0393997627904,-41.389254902614,-40.5930640489781,-41.8770141837739
1.52733333333333,-41.027845102761,-40.6548828229201,-40.9905889996429,-41.3398206314705,-40.5450269181793,-41.8358297771815
1.52766666666667,-40.9770155814445,-40.6062516080622,-40.9419231576587,-41.2905223622659,-40.4971400976823,-41.7949436787951
1.528,-40.9263024228841,-40.5577512498253,-40.8934049445912,-41.2413633336718,-40.4494076486686,-41.7543627728501
1.52833333333333,-40.8757082742006,-40.5093854389304,-40.8450370636637,-41.1923468147675,-40.4018336866502,-41.7140940652601
1.52866666666667,-40.8252357931727,-40.4611579164847,-40.7968222116234,-41.1434761045747,-40.3544223816997,-41.6741446850252
1.529,-40.7748876471695,-40.4130724742996,-40.7487630766924,-41.0947545315456,-40.3071779586663,-41.6345218855505
1.52933333333333,-40.7246665120231,-40.3651329551986,-40.7008623364061,-41.0461854530015,-40.2601046973733,-41.5952330458582
1.52966666666667,-40.6745750708374,-40.3173432533172,-40.6531226553367,-40.9977722545199,-40.2132069327998,-41.5562856716781
1.53,-40.6246160127313,-40.2697073143928,-40.6055466826936,-40.9495183492659,-40.166489055243,-41.5176873963979
1.53033333333333,-40.5747920315122,-40.2222291360455,-40.5581370497949,-40.9014271772652,-40.1199555104626,-41.4794459818517
1.53066666666667,-40.5251058242769,-40.1749127680488,-40.5108963674026,-40.8535022046139,-40.0736107998054,-41.4415693189247
1.531,-40.4755600899371,-40.1277623125896,-40.4638272229141,-40.8057469226231,-40.0274594803095,-41.4040654279493
1.53133333333333,-40.426157527665,-40.0807819245179,-40.4169321774033,-40.7581648468922,-39.9815061647885,-41.3669424588652
1.53166666666667,-40.3769008352551,-40.033975811585,-40.3702137625003,-40.7107595163072,-39.9357555218936,-41.3302086911115
1.532,-40.3277927073994,-39.9873482346707,-40.3236744771036,-40.6635344919598,-39.8902122761534,-41.29387253322
1.53233333333333,-40.2788358338704,-39.9409035079983,-40.2773167839129,-40.6164933559805,-39.8448812079916,-41.2579425220712
1.53266666666667,-40.230032897608,-39.8946459993377,-40.2311431057737,-40.5696397102816,-39.7997671537201,-41.2224273217721
1.533,-40.1813865727054,-39.8485801301955,-40.1851558218222,-40.5229771752036,-39.7548750055084,-41.1873357221144
1.53333333333333,-40.1328995222894,-39.8027103759935,-40.1393572634193,-40.4765093880586,-39.7102097113283,-41.152676636561
1.53366666666667,-40.0845743962886,-39.7570412662323,-40.0937497098598,-40.4302400015631,-39.6657762748719,-41.1184590997104
1.534,-40.0364138290852,-39.7115773846428,-40.0483353838465,-40.3841726821542,-39.6215797554443,-41.0846922641797
1.53433333333333,-39.9884204370435,-39.6663233693228,-40.0031164467116,-40.3383111081795,-39.5776252678285,-41.0513853968425
1.53466666666667,-39.9405968159091,-39.6212839128602,-39.958094993373,-40.2926589679536,-39.533917982123,-41.0185478743534
1.535,-39.8929455380718,-39.5764637624413,-39.9132730470073,-40.2472199576708,-39.4904631235501,-40.9861891778823
1.53533333333333,-39.8454691496851,-39.5318677199442,-39.8686525534246,-40.2019977791645,-39.4472659722364,-40.9543188869767
1.53566666666667,-39.798170167635,-39.4875006420174,-39.8242353751236,-40.156996137502,-39.4043318629616,-40.9229466724625
1.536,-39.7510510763494,-39.4433674401423,-39.7800232850108,-40.112218738404,-39.3616661848786,-40.892082288285
1.53633333333333,-39.7041143244405,-39.3994730806811,-39.7360179597593,-40.0676692854753,-39.3192743812012,-40.8617355621854
1.53666666666667,-39.6573623211694,-39.3558225849078,-39.6922209727885,-40.0233514772338,-39.2771619488605,-40.8319163850972
1.537,-39.610797432725,-39.3124210290229,-39.6486337868368,-39.979269003922,-39.2353344381279,-40.8026346991384
1.53733333333333,-39.5644219783065,-39.2692735441524,-39.6052577461056,-39.935425544088,-39.1937974522067,-40.7739004840662
1.53766666666667,-39.5182382259966,-39.2263853163292,-39.562094067944,-39.891824760915,-39.1525566467875,-40.7457237420471
1.538,-39.4722483884172,-39.1837615864581,-39.5191438340483,-39.8484702982853,-39.1116177295714,-40.7181144805893
1.53833333333333,-39.4264546181521,-39.1414076502633,-39.4764079811426,-39.8053657765551,-39.0709864597569,-40.6910826934666
1.53866666666667,-39.3808590029254,-39.0993288582181,-39.4338872911091,-39.7625147880219,-39.0306686474908,-40.6646383394557
1.539,-39.3354635605204,-39.0575306154581,-39.391582380533,-39.7199208920595,-38.9906701532844,-40.6387913186923
1.53933333333333,-39.2902702334257,-39.0160183816754,-39.3494936896243,-39.6775876098973,-38.9509968873915,-40.6135514464418
1.53966666666667,-39.245280883191,-38.9747976709954,-39.307621470477,-39.6355184190157,-38.911654809149,-40.5889284240626
1.54,-39.2004972844767,-38.9338740518358,-39.2659657746234,-39.59371674713,-38.8726499262809,-40.5649318069311
1.54033333333333,-39.1559211187798,-38.8932531467463,-39.22452643984,-39.5521859657319,-38.8339882941622,-40.5415709690795
1.54066666666667,-39.1115539678165,-38.8529406322311,-39.1833030761564,-39.5109293831533,-38.7956760150445,-40.5188550642864
1.541,-39.0673973065418,-38.8129422385518,-39.1422950510184,-39.4699502371202,-38.7577192372426,-40.4967929833476
1.54133333333333,-39.0234524957852,-38.7732637495124,-39.1015014735524,-39.4292516867535,-38.7201241542797,-40.4753933072375
1.54166666666667,-38.9797207744787,-38.7339110022252,-39.0609211778763,-39.3888368039793,-38.6828970039933,-40.4546642558669
1.542,-38.9362032514556,-38.6948898868577,-39.0205527053973,-39.3487085643016,-38.6460440675996,-40.4346136321258
1.54233333333333,-38.8929008967924,-38.6562063463612,-38.9803942860386,-39.3088698368908,-38.6095716687162,-40.4152487608967
1.54266666666667,-38.8498145326688,-38.6178663761793,-38.9404438183286,-39.2693233739359,-38.5734861723429,-40.3965764227144
1.543,-38.8069448237175,-38.5798760239383,-38.9006988482886,-39.2300717992061,-38.5377939838002,-40.3786027817482
1.54333333333333,-38.7642922668339,-38.5422413891177,-38.8611565470508,-39.1911175957639,-38.5025015476247,-40.3613333077815
1.54366666666667,-38.7218571804145,-38.5049686227017,-38.8218136871348,-39.1524630927654,-38.467615346421,-40.3447726918707
1.544,-38.6796396929932,-38.4680639268114,-38.7826666173134,-39.1141104512822,-38.4331418996697,-40.3289247553761
1.54433333333333,-38.6376397312379,-38.4315335543169,-38.7437112359924,-39.0760616490744,-38.3990877624911,-40.3137923520765
1.54466666666667,-38.5958570072761,-38.3953838084302,-38.7049429630324,-39.0383184642388,-38.3654595243639,-40.2993772631056
1.545,-38.554291005309,-38.3596210422785,-38.6663567099408,-39.0008824576524,-38.3322638077981,-40.2856800844838
1.54533333333333,-38.5129409674781,-38.3242516584568,-38.6279468483602,-38.9637549541286,-38.2995072669629,-40.2727001070669
1.54566666666667,-38.4718058789435,-38.289282108561,-38.5897071767881,-38.9269370221967,-38.2671965862663,-40.2604351887931
1.546,-38.4308844521332,-38.2547188927,-38.5516308854608,-38.8904294524126,-38.235338478889,-40.2488816191848
1.54633333333333,-38.3901751101237,-38.2205685589873,-38.5137105193477,-38.8542327341046,-38.20393968527,-40.2380339761521
1.54666666666667,-38.3496759691071,-38.1868377030115,-38.4759379392045,-38.8183470304544,-38.1730069715427,-40.2278849752575
1.547,-38.3093848199056,-38.1535329672852,-38.4383042806514,-38.7827721518107,-38.1425471279228,-40.2184253117289
1.54733333333333,-38.2692991084895,-38.1206610406717,-38.4007999112529,-38.7475075271305,-38.1125669670453,-40.2096434956661
1.54766666666667,-38.2294159154588,-38.0882286577891,-38.3634143856003,-38.7125521734406,-38.0830733222499,-40.2015256810628
1.548,-38.189731934449,-38.056242598391,-38.3261363984169,-38.677904663216,-38.0540730458148,-40.1940554894718
1.54833333333333,-38.1502434494252,-38.0247096867231,-38.2889537357427,-38.6435630895668,-38.0255730071366,-40.1872138293794
1.54866666666667,-38.1109463108303,-37.9936367908542,-38.2518532242861,-38.6095250291362,-37.997580090856,-40.1809787126146
1.549,-38.0718359105602,-37.9630308219819,-38.2148206790813,-38.5757875026111,-37.9701011949261,-40.1753250694189
1.54933333333333,-38.032907155746,-37.9328987337091,-38.1778408496429,-38.5423469327631,-37.9431432286251,-40.1702245641231
1.54966666666667,-37.9941544413268,-37.903247521293,-38.1408973648736,-38.5091990999417,-37.9167131105069,-40.1656454137359
1.55,-37.9555716214161,-37.8740842208624,-38.1039726770643,-38.476339094969,-37.8908177662927,-40.1615522121274
1.55033333333333,-37.9171519794688,-37.8454159086025,-38.0670480054167,-38.4437612693962,-37.8654641266973,-40.1579057628941
1.55066666666667,-37.8788881972808,-37.8172496999045,-38.0301032796316,-38.4114591831212,-37.8406591251905,-40.1546629244146
1.551,-37.8407723228681,-37.7895927484783,-37.9931170842354,-38.379425549394,-37.8164096956891,-40.151776471031
1.55133333333333,-37.8027957373005,-37.7624522454242,-37.956066604474,-38.3476521772875,-37.7927227701781,-40.1491949747196
1.55166666666667,-37.7649491205941,-37.7358354182615,-37.9189275747786,-38.3161299117613,-37.7696052762563,-40.1468627120257
1.552,-37.7272224168043,-37.7097495299092,-37.8816742310161,-38.2848485715156,-37.7470641346039,-40.1447196014171
1.55233333333333,-37.6896047985045,-37.6842018776169,-37.8442792679775,-38.2537968849111,-37.7251062563682,-40.1427011765435
1.55266666666667,-37.6520846308856,-37.6591997918379,-37.8067138038282,-38.2229624243243,-37.7037385404611,-40.1407386011428
1.553,-37.6146494357792,-37.6347506350427,-37.7689473535575,-38.1923315394234,-37.6829678707669,-40.1387587314998
1.55333333333333,-37.5772858559733,-37.6108618004656,-37.7309478138168,-38.1618892899796,-37.6628011132516,-40.1366842323968
1.55366666666667,-37.53997962028,-37.5875407107778,-37.6926814619284,-38.1316193789838,-37.6432451129708,-40.1344337523798
1.554,-37.502715509915,-37.564794816681,-37.6541129722916,-38.1015040870161,-37.6243066909674,-40.1319221638667
1.55433333333333,-37.4654773268642,-37.5426315954126,-37.6152054538897,-38.0715242090203,-37.6059926410547,-40.1290608731155
1.55466666666667,-37.4282478650494,-37.5210585491546,-37.5759205131329,-38.0416589948665,-37.5883097264743,-40.1257582043277
1.555,-37.3910088852663,-37.5000832033366,-37.5362183468335,-38.0118860953462,-37.5712646764237,-40.1219198611636
1.55533333333333,-37.3537410950431,-37.4797131048213,-37.4960578707039,-37.9821815155354,-37.5548641824418,-40.1174494676792
1.55566666666667,-37.3164241347822,-37.459955819962,-37.45539688938,-37.9525195777813,-37.5391148946439,-40.1122491891515
1.556,-37.279036571779,-37.4408189325193,-37.4141923145849,-37.9228728969153,-37.5240234177956,-40.1062204314547
1.55633333333333,-37.241555903981,-37.4223100414218,-37.3724004386309,-37.8932123706685,-37.5095963072135,-40.0992646156008
1.55666666666667,-37.2039585756514,-37.404436758356,-37.3299772709883,-37.8635071886558,-37.4958400644795,-40.091284021804
1.557,-37.1662200074344,-37.3872067051692,-37.2868789460743,-37.8337248636971,-37.4827611329574,-40.0821826950306
1.55733333333333,-37.1283146436889,-37.3706275110657,-37.2430622106806,-37.8038312896391,-37.4703658930942,-40.071867401521
1.55766666666667,-37.090216020361,-37.3547068095762,-37.1984849995037,-37.7737908302262,-37.4586606574921,-40.060248623312
1.558,-37.0518968570995,-37.3394522352796,-37.153107106977,-37.7435664439069,-37.4476516657347,-40.0472415754534
1.55833333333333,-37.0133291777772,-37.3248714202518,-37.1068909629317,-37.7131198497364,-37.4373450789467,-40.0327672285089
1.55866666666667,-36.9744844640611,-37.3109719902159,-37.0598025184356,-37.6824117397172,-37.4277469740699,-40.0167533171861
1.559,-36.9353338471537,-37.2977615603654,-37.0118122463401,-37.6514020429544,-37.4188633378335,-39.9991353146607
1.55933333333333,-36.8958483432988,-37.2852477308301,-36.9628962584851,-37.6200502468663,-37.4107000603952,-39.9798573514596
1.55966666666667,-36.8559991390733,-37.2734380817508,-36.9130375380457,-37.5883157803194,-37.4032629286314,-39.9588730577291
1.56,-36.815757932852,-37.2623401679268,-36.8622272810314,-37.5561584629032,-37.396557619048,-39.9361463083997
1.56033333333333,-36.7750973390726,-37.2519615129984,-36.8104663353799,-37.5235390235687,-37.3905896902869,-39.9116518521987
1.56066666666667,-36.7339913620154,-37.2423096031204,-36.7577667193818,-37.490419690476,-37.3853645751977,-39.8853758076415
1.561,-36.6924159456617,-37.2333918800841,-36.7041531933531,-37.4567648520779,-37.3808875724443,-39.8573160120027
1.56133333333333,-36.6503496057335,-37.2252157338377,-36.6496648496482,-37.4225417871822,-37.3771638376141,-39.8274822127408
1.56166666666667,-36.6077741491595,-37.2177884943532,-36.5943566765327,-37.3877214589654,-37.3741983737946,-39.79589609479
1.562,-36.5646754848476,-37.2111174227852,-36.5383010414832,-37.3522793646806,-37.3719960215822,-39.7625911413894
1.56233333333333,-36.5210445276597,-37.205209701861,-36.4815890297259,-37.3161964291391,-37.3705614484841,-39.7276123305072
1.56266666666667,-36.4768781947683,-37.2000724254403,-36.42433156499,-37.2794599260705,-37.3698991376737,-39.691015673252
1.563,-36.4321804900017,-37.1957125871747,-36.3666602324624,-37.2420644073054,-37.370013376058,-39.6528676047584
1.56333333333333,-36.3869636672665,-37.1921370681977,-36.3087277198178,-37.2040126155723,-37.370908241613,-39.6132442417113
1.56366666666667,-36.341249458591,-37.1893526237687,-36.2507077921091,-37.1653163528283,-37.3725875899412,-39.5722305237945
1.564,-36.2950703457509,-37.1873658687907,-36.1927947213222,-37.1259972727223,-37.3750550400062,-39.5299192587955
1.56433333333333,-36.248470846871,-37.186183262117,-36.1352021024858,-37.0860875633703,-37.3783139589933,-39.486410092794
1.56466666666667,-36.2015087809961,-37.1858110895603,-36.078161006009,-37.0456304854377,-37.3823674462483,-39.4418084277789
1.565,-36.1542564646949,-37.1862554455093,-36.0219174405557,-37.0046807309035,-37.3872183162427,-39.3962243091839
1.56533333333333,-36.1068017857358,-37.1875222130588,-35.9667291317427,-36.9633045701024,-37.3928690805139,-39.3497713052447
1.56566666666667,-36.059249090393,-37.1896170425508,-35.9128616580423,-36.9215797588856,-37.3993219285273,-39.3025653988576
1.566,-36.0117198138074,-37.1925453284254,-35.8605840244076,-36.8795951840792,-37.4065787074084,-39.2547239108363
1.56633333333333,-35.9643527780321,-37.1963121842744,-35.8101637935487,-36.8374502337455,-37.4146409004926,-39.2063644712669
1.56666666666667,-35.917304081021,-37.200922415989,-35.7618619311532,-36.7952538888047,-37.4235096046405,-39.157604053152
1.567,-35.870746503032,-37.2063804928927,-35.7159275511082,-36.7531235438901,-37.4331855062688,-39.10855807986
1.56733333333333,-35.8248683657552,-37.2126905167481,-35.6725927665896,-36.7111835772824,-37.4436688560486,-39.0593396151532
1.56766666666667,-35.7798717947615,-37.2198561885287,-35.6320678600149,-36.6695637016506,-37.4549594422247,-39.0100586418806
1.568,-35.7359703579911,-37.2278807728466,-35.5945369776509,-36.628397138315,-37.4670565625165,-38.9608214328706
1.56833333333333,-35.6933860817217,-37.236767059932,-35.560154532866,-36.5878186670387,-37.4799589945599,-38.9117300152095
1.56866666666667,-35.6523458797934,-37.2465173250655,-35.5290424668828,-36.5479626102294,-37.4936649648623,-38.8628817270091
1.569,-35.6130774699417,-37.257133285369,-35.5012884701336,-36.5089608143416,-37.5081721162444,-38.8143688639722
1.56933333333333,-35.5758048902171,-37.2686160538743,-35.4769452148341,-36.4709406918728,-37.5234774737547,-38.76627841158
1.56966666666667,-35.540743765257,-37.2809660907978,-35.4560305947218,-36.4340233845715,-37.5395774090498,-38.7186918575483
1.57,-35.5080965028727,-37.294183151966,-35.4385289157209,-36.3983221025291,-37.556467603249,-38.6716850783266
1.57033333333333,-35.4780476223204,-37.308266234356,-35.4243929358,-36.363940685144,-37.5741430082814,-38.6253282928107
1.57066666666667,-35.4507594236335,-37.323213518737,-35.4135466167241,-36.3309724191974,-37.5925978067635,-38.5796860760961
1.571,-35.4263682004763,-37.3390223094259,-35.4058884267776,-36.2994991372355,-37.6118253704605,-38.5348174259709
1.57133333333333,-35.4049811766069,-37.3556889712022,-35.4012950224695,-36.2695906069655,-37.6318182174071,-38.4907758749075
1.57166666666667,-35.3866743094129,-37.3732088634644,-35.3996251380945,-36.2413042102459,-37.6525679677863,-38.4476096405253
1.572,-35.3714910559597,-37.3915762717516,-35.4007235231465,-36.2146848992139,-37.6740652986889,-38.4053618078299
1.57233333333333,-35.3594421418103,-37.4107843368041,-35.4044247866174,-36.1897654076949,-37.6962998979092,-38.3640705369603
1.57266666666667,-35.3505063155797,-37.4308249813895,-35.4105570315065,-36.166566688676,-37.7192604169609,-38.3237692906625
1.573,-35.3446320179951,-37.4516888351855,-35.4189451897835,-36.1450985434738,-37.7429344235329,-38.2844870762356
1.57333333333333,-35.3417398477963,-37.4733651580755,-35.4294139952363,-36.1253604053051,-37.7673083536451,-38.2462486972442
1.57366666666667,-35.3417256717113,-37.4958417622918,-35.4417905572254,-36.107342239119,-37.7923674638034,-38.2090750108366
1.574,-35.3444642040433,-37.5191049339227,-35.4559065209936,-36.0910255205144,-37.8180957834984,-38.1729831870492
1.57433333333333,-35.3498128736087,-37.5431393543888,-35.4715998190482,-36.0763842590033,-37.8444760684408,-38.1379869669891
1.57466666666667,-35.357615800882,-37.5679280225927,-35.4887160328998,-36.0633860344128,-37.8714897549751,-38.1040969172759
1.575,-35.367707724114,-37.5934521785446,-35.5071093951611,-36.0519930194741,-37.8991169161683,-38.0713206785697
1.57533333333333,-35.3799177370291,-37.6196912293791,-35.5266434690038,-36.0421629662738,-37.9273362201229,-38.0396632064287
1.57566666666667,-35.3940727293631,-37.6466226787851,-35.5471915457506,-36.0338501389464,-37.9561248911211,-38.0091270031077
1.576,-35.4100004519755,-37.6742220609873,-35.568636802513,-36.027006179522,-37.9854586742644,-37.9797123392435
1.57633333333333,-35.4275321579772,-37.702462880532,-35.5908722608922,-36.0215808980274,-38.0153118043272,-37.951417464663
1.57666666666667,-35.4465047983011,-37.7313165592415,-35.6138005853854,-36.0175229816596,-38.0456569796038,-37.9242388078047
1.577,-35.4667627730901,-37.7607523918088,-35.6373337567957,-36.014780621029,-38.076465341574,-37.8981711634644
1.57733333333333,-35.4881592585267,-37.7907375116042,-35.6613926520375,-36.0133020540889,-38.10770646127,-37.8732078687567
1.57766666666667,-35.5105571421357,-37.8212368683527,-35.6859065575901,-36.0130360304408,-38.1393483332633,-37.8493409673456
1.578,-35.533829608443,-37.852213219409,-35.7108126397417,-36.0139322002605,-38.1713573782337,-37.8265613621185
1.57833333333333,-35.5578604217079,-37.8836271364118,-35.7360553908326,-36.0159414331874,-38.2036984551029,-37.8048589565855
1.57866666666667,-35.5825439539702,-37.9154370291153,-35.7615860671028,-36.0190160732185,-38.2363348837367,-37.7842227853648
1.579,-35.607785005601,-37.9475991881935,-35.7873621304989,-36.0231101360159,-38.2692284792181,-37.764641134179
1.57933333333333,-35.6334984626417,-37.9800678487621,-35.8133467039673,-36.0281794551303,-38.3023395986775,-37.7461016498318
1.57966666666667,-35.659608831091,-38.0127952762781,-35.8395080473219,-36.034181783533,-38.3356272016388,-37.7285914406672
1.58,-35.6860496834943,-38.0457318763391,-35.8658190587317,-36.0410768565788,-38.3690489247789,-37.7120971680327
1.58033333333333,-35.7127630481282,-38.0788263297161,-35.892256805181,-36.0488264221443,-38.4025611719267,-37.6966051292784
1.58066666666667,-35.7396987660712,-38.1120257537108,-35.9188020838888,-36.0573942432358,-38.4361192200196,-37.6821013328245
1.581,-35.7668138367293,-38.1452758906245,-35.9454390155801,-36.0667460778733,-38.4696773416105,-37.6685715658256
1.58133333333333,-35.7940717680857,-38.1785213237642,-35.9721546696592,-36.0768496405533,-38.5031889443557,-37.6560014549488
1.58166666666667,-35.8214419441426,-38.211705720992,-35.9989387206888,-36.087674549095,-38.5366067277312,-37.6443765207678
1.582,-35.8488990187445,-38.2447721053466,-36.0257831351081,-36.0991922601923,-38.5698828570052,-37.6336822262563
1.58233333333333,-35.8764223422099,-38.2776631517411,-36.0526818867889,-36.1113759965456,-38.6029691542529,-37.6239040198462
1.58266666666667,-35.9039954249263,-38.310321508173,-36.0796306998069,-36.1242006680233,-38.6358173059299,-37.6150273734886
1.583,-35.9316054402276,-38.3426901392851,-36.1066268166766,-36.137642788928,-38.6683790862244,-37.607037816138
1.58333333333333,-35.9592427674301,-38.3747126894975,-36.1336687902326,-36.1516803930951,-38.700606595099,-37.5999209630525
1.58366666666667,-35.9869005747926,-38.4063338623174,-36.1607562973347,-36.1662929482515,-38.7324525096044,-37.5936625412794
1.584,-36.0145744413453,-38.4374998118311,-36.1878899726044,-36.1814612707924,-38.7638703467133,-37.5882484116723
1.58433333333333,-36.0422620159327,-38.4681585418221,-36.2150712604585,-36.1971674419039,-38.7948147355874,-37.5836645877628
1.58466666666667,-36.0699627114248,-38.498260307455,-36.2423022837911,-36.2133947257577,-38.8252416968673,-37.5798972517849
1.585,-36.0976774317909,-38.5277580140416,-36.2695857277408,-36.2301274903353,-38.8551089262608,-37.5769327681314
1.58533333333333,-36.1254083296092,-38.5566076070846,-36.2969247370887,-36.2473511312931,-38.8843760794286,-37.5747576944965
1.58566666666667,-36.1531585915375,-38.5847684475904,-36.3243228259324,-36.2650519991597,-38.9130050549184,-37.5733587909443
1.586,-36.180932249305,-38.6122036665764,-36.3517837983861,-36.2832173300554,-38.9409602717031,-37.5727230271172
1.58633333333333,-36.208734013856,-38.638880492781,-36.3793116791637,-36.3018351800427,-38.9682089377371,-37.5728375877858
1.58666666666667,-36.2365691303925,-38.6647705478199,-36.4069106529946,-36.3208943631482,-38.9947213058667,-37.5736898769227
1.587,-36.2644432521916,-38.6898501034287,-36.4345850119234,-36.3403843930439,-39.0204709134327,-37.5752675204662
1.58733333333333,-36.2923623312229,-38.7141002959772,-36.4623391096266,-36.3602954283312,-39.0454348019676,-37.577558367927
1.58766666666667,-36.3203325237394,-38.7375072941347,-36.4901773219686,-36.3806182213421,-39.0695937135527,-37.5805504929759
1.588,-36.3483601091711,-38.7600624163776,-36.5181040130909,-36.4013440703418,-39.0929322606278,-37.5842321931385
1.58833333333333,-36.3764514207973,-38.7817621959545,-36.5461235064044,-36.4224647750044,-39.1154390663635,-37.5885919887107
1.58866666666667,-36.404612786817,-38.8026083919193,-36.5742400599142,-36.4439725950166,-39.1371068730953,-37.5936186209984
1.589,-36.4328504805749,-38.8226079458873,-36.6024578453711,-36.4658602116579,-39.1579326167699,-37.5993010499747
1.58933333333333,-36.4611706788231,-38.8417728852264,-36.6307809307936,-36.4881206922027,-39.1779174658704,-37.6056284514387
1.58966666666667,-36.4895794270205,-38.8601201744335,-36.6592132659553,-36.5107474569836,-39.1970668238417,-37.612590213751
1.59,-36.5180826107774,-38.8776715174318,-36.6877586704762,-36.533734248963,-39.2153902946271,-37.6201759342144
1.59033333333333,-36.5466859326516,-38.8944531144266,-36.7164208241965,-36.5570751056559,-39.2329016115281,-37.6283754151606
1.59066666666667,-36.5753948935945,-38.9104953777512,-36.7452032595461,-36.5807643332551,-39.2496185302066,-37.6371786597967
1.591,-36.6042147784222,-38.9258326117982,-36.7741093556575,-36.6047964828147,-39.2655626872292,-37.6465758678609
1.59133333333333,-36.6331506447641,-38.9405026626453,-36.8031423339952,-36.62916632835,-39.2807594261139,-37.6565574311302
1.59166666666667,-36.6622073150056,-38.954546543346,-36.8323052553039,-36.6538688467245,-39.2952375933414,-37.6671139288179
1.592,-36.6913893707961,-38.9680080410537,-36.8616010176986,-36.6788991991942,-39.3090293072443,-37.6782361228962
1.59233333333333,-36.7207011497536,-38.9809333121911,-36.8910323557404,-36.704252714493,-39.3221697030652,-37.689914953372
1.59266666666667,-36.7501467440343,-38.9933704717655,-36.9206018403619,-36.7299248733435,-39.3346966577726,-37.7021415335441
1.593,-36.7797300004846,-39.0053691826935,-36.9503118795186,-36.7559112942895,-39.3466504984448,-37.7149071452631
1.59333333333333,-36.809454522124,-39.0169802506283,-36.9801647194623,-36.7822077207495,-39.3580736981581,-37.7282032342156
1.59366666666667,-36.8393236707419,-39.0282552293269,-37.01016244654,-36.8088100091989,-39.369010563366,-37.7420214052492
1.594,-36.8693405704202,-39.0392460410502,-37.0403069894379,-36.8357141183939,-39.3795069167177,-37.7563534177531
1.59433333333333,-36.8995081118159,-39.0500046158939,-37.0706001217964,-36.8629160995554,-39.3896097791521,-37.7711911811085
1.59466666666667,-36.9298289570629,-39.0605825533183,-37.1010434651339,-36.8904120874391,-39.3993670549223,-37.7865267502181
1.595,-36.9603055451697,-39.0710308084995,-37.1316384920227,-36.9181982922209,-39.4088272229592,-37.8023523211254
1.59533333333333,-36.990940097807,-39.0813994054876,-37.1623865294696,-36.9462709921323,-39.4180390376969,-37.8186602267296
1.59566666666667,-37.0217346253938,-39.091737178539,-37.1932887624584,-36.9746265267865,-39.427051242141,-37.8354429326054
1.596,-37.0526909334051,-39.1020915424083,-37.2243462376172,-37.0032612911386,-39.4359122956087,-37.8526930329287
1.59633333333333,-37.0838106288319,-39.112508291849,-37.2555598669785,-37.0321717300292,-39.444670118184,-37.870403246516
1.59666666666667,-37.1150951267398,-39.1230314300921,-37.2869304318057,-37.061354333263,-39.4533718535504,-37.8885664129778
1.597,-37.1465456568744,-39.1337030256489,-37.3184585864601,-37.0908056311781,-39.4620636514744,-37.9071754889896
1.59733333333333,-37.1781632702755,-39.1445630964217,-37.3501448622889,-37.1205221906662,-39.4707904708465,-37.9262235446812
1.59766666666667,-37.209948845864,-39.1556495198137,-37.3819896715165,-37.1505006116053,-39.4795959038226,-37.9457037601449
1.598,-37.2419030969731,-39.1669979672887,-37.4139933111234,-37.1807375236708,-39.4885220212855,-37.9656094220631
1.59833333333333,-37.2740265778009,-39.1786418616556,-37.4461559667004,-37.2112295834927,-39.4976092395355,-37.9859339204546
1.59866666666667,-37.306319689763,-39.1906123552295,-37.4784777162667,-37.2419734721292,-39.5068962078529,-38.0066707455389
1.599,-37.3387826877318,-39.2029383269452,-37.5109585340429,-37.2729658928305,-39.5164197163346,-38.0278134847169
1.59933333333333,-37.3714156861464,-39.2156463964697,-37.5435982941713,-37.3042035690668,-39.526214623205,-38.0493558196668
1.59966666666667,-37.4042186649864,-39.2287609533672,-37.576396774377,-37.335683242798,-39.5363138006333,-38.0712915235529
1.6,-37.4371914755992,-39.2423041994096,-37.6093536595646,-37.3674016729636,-39.5467480979559,-38.0936144583459
1.60033333333333,-37.4703338463768,-39.2562962021908,-37.6424685453464,-37.3993556341738,-39.5575463210998,-38.1163185722511
1.60066666666667,-37.5036453882769,-39.2707549582907,-37.6757409414984,-37.4315419155831,-39.568735226932,-38.1393978972434
1.601,-37.5371256001868,-39.2856964643363,-37.7091702753432,-37.4639573199308,-39.5803395312169,-38.1628465467055
1.60133333333333,-37.5707738741274,-39.3011347944229,-37.7427558950541,-37.4965986627322,-39.5923819288438,-38.186658713167
1.60166666666667,-37.6045895002978,-39.3170821824788,-37.7764970728843,-37.5294627716073,-39.6048831249912,-38.2108286661412
1.602,-37.6385716719616,-39.333549108283,-37.8103930083157,-37.562546485734,-39.6178618759148,-38.2353507500571
1.60233333333333,-37.672719490174,-39.3505443859712,-37.8444428311293,-37.5958466554135,-39.6313350380865,-38.2602193822832
1.60266666666667,-37.7070319683545,-39.3680752539906,-37.878645604397,-37.6293601417377,-39.6453176244624,-38.2854290512406
1.603,-37.7415080367042,-39.3861474655863,-37.9130003273943,-37.6630838163485,-39.6598228667165,-38.3109743146022
1.60333333333333,-37.7761465464737,-39.4047653790149,-37.9475059384347,-37.697014561279,-39.6748622823524,-38.3368497975743
1.60366666666667,-37.8109462740822,-39.4239320467966,-37.9821613176264,-37.7311492688694,-39.6904457456731,-38.3630501912589
1.604,-37.8459059250918,-39.4436493034141,-38.0169652895534,-37.7654848417496,-39.7065815616738,-38.389570251093
1.60433333333333,-37.8810241380411,-39.4639178509645,-38.0519166258792,-37.8000181928799,-39.7232765419995,-38.4164047953619
1.60466666666667,-37.9162994881407,-39.48473734236,-38.0870140478781,-37.8347462456457,-39.740536082191,-38.4435487037832
1.605,-37.9517304908352,-39.5061064617472,-38.1222562288917,-37.8696659339988,-39.7583642395226,-38.4709969161602
1.60533333333333,-37.9873156052346,-39.5280230018902,-38.1576417967148,-37.9047742026389,-39.7767638108115,-38.4987444311
1.60566666666667,-38.0230532374196,-39.5504839383271,-38.1931693359099,-37.9400680072331,-39.7957364096556,-38.5267863047946
1.606,-38.0589417436242,-39.5734855001612,-38.2288373900538,-37.9755443146655,-39.8152825426244,-38.5551176498623
1.60633333333333,-38.0949794332992,-39.5970232374022,-38.264644463916,-38.0112001033153,-39.8354016839961,-38.5837336342461
1.60666666666667,-38.1311645720611,-39.6210920848148,-38.3005890255715,-38.0470323633577,-39.8560923486977,-38.6126294801673
1.607,-38.1674953845292,-39.6456864222661,-38.3366695084494,-38.0830380970854,-39.8773521631596,-38.6418004631309
1.60733333333333,-38.203970057055,-39.670800131598,-38.372884313318,-38.1192143192467,-39.8991779338518,-38.6712419109821
1.60766666666667,-38.2405867403475,-39.6964266500749,-38.4092318102094,-38.1555580573969,-39.9215657133162,-38.7009492030083
1.608,-38.2773435519974,-39.7225590204809,-38.4457103402838,-38.1920663522618,-39.944510863552,-38.7309177690886
1.60833333333333,-38.3142385789044,-39.7491899379541,-38.4823182176352,-38.2287362581088,-39.9680081166526,-38.7611430888842
1.60866666666667,-38.3512698796102,-39.7763117936665,-38.519053731041,-38.2655648431252,-39.9920516326255,-38.7916206910712
1.609,-38.3884354865406,-39.803916715461,-38.5559151456558,-38.3025491898004,-40.0166350543569,-38.8223461526109
1.60933333333333,-38.42573340816,-39.8319966055717,-38.5929007046511,-38.3396863953107,-40.0417515597115,-38.8533150980574
1.60966666666667,-38.4631616310411,-39.8605431755547,-38.6300086308029,-38.376973571905,-40.067393910779,-38.8845231989
1.61,-38.5007181218533,-39.8895479785641,-38.6672371280277,-38.4144078472899,-40.0935545002999,-38.915966172938
1.61033333333333,-38.5384008292713,-39.9190024391049,-38.704584382869,-38.4519863650118,-40.1202253953198,-38.9476397836867
1.61066666666667,-38.5762076858085,-39.9488978803997,-38.7420485659356,-38.489706284837,-40.1473983781354,-38.9795398398128
1.611,-38.6141366095766,-39.9792255495013,-38.7796278332919,-38.5275647831265,-40.1750649846061,-39.0116621945976
1.61133333333333,-38.6521855059738,-40.0099766402835,-38.8173203278028,-38.5655590532051,-40.2032165399154,-39.044002745425
1.61166666666667,-38.6903522693051,-40.0411423144382,-38.8551241804344,-38.6036863057249,-40.2318441918738,-39.0765574332957
1.612,-38.7286347843367,-40.0727137206034,-38.8930375115101,-38.6419437690208,-40.2609389418581,-39.109322242363
1.61233333333333,-38.7670309277858,-40.104682011744,-38.931058431925,-38.6803286894584,-40.2904916734884,-39.1422931994905
1.61266666666667,-38.8055385697499,-40.1370383609001,-38.9691850443196,-38.7188383317736,-40.3204931791462,-39.1754663738297
1.613,-38.8441555750763,-40.1697739754157,-39.0074154442121,-38.7574699794027,-40.3509341844355,-39.2088378764175
1.61333333333333,-38.8828798046739,-40.2028801097531,-39.0457477210932,-38.7962209348031,-40.3818053706936,-39.2424038597896
1.61366666666667,-38.9217091167705,-40.2363480769944,-39.0841799594814,-38.8350885197637,-40.4130973956533,-39.2761605176114
1.614,-38.9606413681162,-40.2701692591274,-39.1227102399431,-38.8740700757052,-40.4448009123608,-39.3101040843243
1.61433333333333,-38.9996744151353,-40.3043351162038,-39.1613366400748,-38.91316296397,-40.4769065864474,-39.3442308348052
1.61466666666667,-39.0388061150292,-40.3388371944601,-39.2000572354522,-38.9523645661001,-40.5094051118555,-39.3785370840404
1.615,-39.0780343268302,-40.3736671334766,-39.2388701005438,-38.9916722841054,-40.5422872251114,-39.4130191868102
1.61533333333333,-39.1173569124095,-40.4088166724551,-39.277773309592,-39.0310835407189,-40.5755437182387,-39.4476735373859
1.61566666666667,-39.156771737441,-40.4442776556836,-39.3167649374622,-39.0705957796419,-40.6091654504008,-39.482496569237
1.616,-39.1962766723211,-40.4800420372556,-39.3558430604597,-39.110206465777,-40.6431433583551,-39.5174847547469
1.61633333333333,-39.2358695930475,-40.5161018851058,-39.395005757117,-39.1499130854497,-40.6774684658038,-39.5526346049387
1.61666666666667,-39.2755483820568,-40.552449384421,-39.4342511089504,-39.1897131466178,-40.7121318917153,-39.5879426692075
1.617,-39.3153109290249,-40.5890768404794,-39.4735772011889,-39.2296041790704,-40.7471248576924,-39.6234055350616
1.61733333333333,-39.3551551316281,-40.6259766809688,-39.5129821234733,-39.2695837346141,-40.7824386944554,-39.6590198278683
1.61766666666667,-39.3950788962692,-40.6631414578308,-39.5524639705299,-39.309649387248,-40.8180648475074,-39.6947822106073
1.618,-39.4350801387684,-40.7005638486735,-39.5920208428155,-39.3497987333277,-40.8539948820439,-39.7306893836285
1.61833333333333,-39.4751567850201,-40.7382366577933,-39.631650847138,-39.3900293917173,-40.8902204871656,-39.7667380844147
1.61866666666667,-39.5153067716174,-40.7761528168424,-39.6713520972512,-39.4303390039303,-40.9267334794493,-39.8029250873486
1.619,-39.5555280464452,-40.8143053851776,-39.7111227144246,-39.4707252342596,-40.9635258059305,-39.8392472034838
1.61933333333333,-39.5958185692429,-40.8526875499191,-39.7509608279903,-39.5111857698961,-41.0005895465437,-39.8757012803182
1.61966666666667,-39.6361763121377,-40.8912926257519,-39.7908645758657,-39.5517183210365,-41.0379169160697,-39.9122842015713
1.62,-39.6765992601495,-40.9301140544943,-39.8308321050541,-39.5923206209809,-41.0755002656286,-39.9489928869632
1.62033333333333,-39.7170854116692,-40.9691454044582,-39.8708615721232,-39.632990426219,-41.1133320837621,-39.9858242919957
1.62066666666667,-39.7576327789092,-41.0083803696255,-39.9109511436622,-39.6737255165066,-41.1514049971383,-40.0227754077355
1.621,-39.7982393883304,-41.0478127686594,-39.9510989967181,-39.7145236949316,-41.1897117709181,-40.0598432605982
1.62133333333333,-39.8389032810428,-41.0874365437706,-39.9913033192117,-39.7553827879705,-41.2282453088099,-40.0970249121338
1.62166666666667,-39.8796225131835,-41.1272457594562,-40.0315623103343,-39.7963006455342,-41.2669986528475,-40.1343174588127
1.622,-39.9203951562718,-41.1672346011262,-40.0718741809243,-39.8372751410054,-41.3059649829152,-40.1717180318126
1.62233333333333,-39.9612192975417,-41.2073973736331,-40.1122371538267,-39.8783041712657,-41.345137616047,-40.2092237968047
1.62266666666667,-40.0020930402535,-41.2477284997171,-40.152649464233,-39.9193856567141,-41.384510005524,-40.2468319537417
1.623,-40.0430145039851,-41.2882225183798,-40.1931093600051,-39.9605175412766,-41.4240757397901,-40.2845397366438
1.62333333333333,-40.0839818249028,-41.3288740831964,-40.2336151019805,-40.0016977924066,-41.4638285412082,-40.3223444133856
1.62366666666667,-40.1249931560138,-41.3696779605776,-40.2741649642623,-40.0429244010774,-41.5037622646741,-40.3602432854821
1.624,-40.1660466674002,-41.4106290279891,-40.3147572344923,-40.0841953817663,-41.5438708961045,-40.3982336878745
1.62433333333333,-40.2071405464342,-41.4517222721379,-40.3553902141091,-40.1255087724307,-41.5841485508172,-40.4363129887144
1.62466666666667,-40.2482729979782,-41.4929527871317,-40.3960622185902,-40.1668626344761,-41.6245894718148,-40.4744785891481
1.625,-40.2894422445666,-41.5343157726199,-40.4367715776804,-40.2082550527172,-41.6651880279878,-40.5127279230992
1.62533333333333,-40.3306465265724,-41.5758065319202,-40.4775166356052,-40.2496841353308,-41.7059387122467,-40.5510584570509
1.62566666666667,-40.371884102359,-41.6174204701373,-40.5182957512701,-40.2911480138026,-41.7468361395963,-40.5894676898266
1.626,-40.4131532484168,-41.659153092279,-40.5591072984478,-40.3326448428663,-41.7878750451606,-40.6279531523693
1.62633333333333,-40.4544522594855,-41.7010000013734,-40.5999496659506,-40.3741728004365,-41.8290502821685,-40.6665124075205
1.62666666666667,-40.4957794486633,-41.7429568965907,-40.6408212577917,-40.4157300875349,-41.8703568199074,-40.7051430497968
1.627,-40.5371331475026,-41.7850195713743,-40.681720493333,-40.4573149282106,-41.9117897416543,-40.7438427051663
1.62733333333333,-40.5785117060932,-41.8271839115835,-40.7226458074219,-40.4989255694542,-41.9533442425884,-40.7826090308225
1.62766666666667,-40.6199134931333,-41.8694458936504,-40.7635956505165,-40.5405602811061,-41.9950156276944,-40.821439714958
1.628,-40.6613368959895,-41.9118015827541,-40.8045684887994,-40.5822173557593,-42.0367993096598,-40.8603324765363
1.62833333333333,-40.7027803207442,-41.9542471310134,-40.8455628042802,-40.6238951086568,-42.0786908067722,-40.899285065062
1.62866666666667,-40.7442421922339,-41.9967787757005,-40.8865770948892,-40.6655918775842,-42.120685740821,-40.9382952603503
1.629,-40.7857209540759,-42.0393928374777,-40.9276098745595,-40.7073060227569,-42.162779835008,-40.9773608722949
1.62933333333333,-40.8272150686861,-42.0820857186569,-40.9686596732994,-40.7490359267025,-42.2049689118689,-41.0164797406345
1.62966666666667,-40.8687230172863,-42.1248539014847,-41.0097250372568,-40.7907799941393,-42.2472488912116,-41.0556497347181
1.63,-40.9102432999032,-42.1676939464535,-41.0508045287726,-40.8325366518502,-42.2896157880712,-41.0948687532695
1.63033333333333,-40.9517744353582,-42.2106024906388,-41.0918967264268,-40.8743043485515,-42.3320657106866,-41.1341347241497
1.63066666666667,-40.9933149612491,-42.2535762460645,-41.1330002250749,-40.9160815547595,-42.3745948584992,-41.173445604119
1.631,-41.034863433924,-42.2966119980963,-41.1741136358775,-40.957866762652,-42.4171995201769,-41.212799378598
1.63133333333333,-41.0764184284465,-42.3397066038626,-41.2152355863201,-40.9996584859263,-42.4598760716643,-41.2521940614265
1.63166666666667,-41.117978538555,-42.3828569907048,-41.2563647202273,-41.0414552596545,-42.5026209742608,-41.2916276946226
1.632,-41.1595423766137,-42.4260601546569,-41.297499697768,-41.0832556401352,-42.5454307727278,-41.3310983481404
1.63233333333333,-41.2011085735582,-42.4693131589524,-41.3386391954545,-41.1250582047415,-42.5883020934258,-41.3706041196266
1.63266666666667,-41.2426757788333,-42.5126131325624,-41.3797819061343,-41.1668615517673,-42.6312316424831,-41.4101431341766
1.633,-41.284242660326,-42.5559572687612,-41.4209265389755,-41.2086643002698,-42.6742162039955,-41.4497135440895
1.63333333333333,-41.3258079042916,-42.5993428237211,-41.4620718194456,-41.2504650899096,-42.7172526382584,-41.4893135286228
1.63366666666667,-41.367370215275,-42.6427671151362,-41.5032164892849,-41.2922625807894,-42.7603378800317,-41.5289412937462
1.634,-41.4089283160268,-42.6862275208749,-41.544359306473,-41.3340554532888,-42.8034689368379,-41.5685950718945
1.63433333333333,-41.4504809474133,-42.7297214776598,-41.5854990451907,-41.375842407898,-42.8466428872925,-41.6082731217207
1.63466666666667,-41.4920268683231,-42.7732464797765,-41.6266344957758,-41.4176221650496,-42.8898568794685,-41.6479737278483
1.635,-41.5335648555688,-42.8168000778098,-41.6677644646743,-41.4593934649477,-42.9331081292937,-41.6876952006228
1.63533333333333,-41.5750937037835,-42.8603798774071,-41.7088877743859,-41.5011550673961,-42.976393918981,-41.7274358758638
1.63566666666667,-41.6166122253144,-42.9039835380689,-41.7500032634057,-41.5429057516247,-43.0197115954927,-41.7671941146161
1.636,-41.6581192501122,-42.9476087719658,-41.7911097861605,-41.5846443161141,-43.0630585690362,-41.8069683029008
1.63633333333333,-41.6996136256165,-42.9912533427812,-41.8322062129408,-41.6263695784194,-43.1064323115935,-41.8467568514663
1.63666666666667,-41.7410942166382,-43.0349150645812,-41.8732914298298,-41.6680803749922,-43.1498303554826,-41.8865581955398
1.637,-41.7825599052385,-43.0785918007076,-41.9143643386268,-41.7097755610023,-43.1932502919505,-41.926370794578
1.63733333333333,-41.8240095906048,-43.1222814626978,-41.9554238567679,-41.7514540101575,-43.2366897697982,-41.9661931320182
1.63766666666667,-41.8654421889241,-43.1659820092275,-41.9964689172425,-41.7931146145232,-43.280146494037,-42.0060237150296
1.638,-41.9068566332532,-43.2096914450785,-42.0374984685069,-41.8347562843411,-43.3236182245751,-42.0458610742653
1.63833333333333,-41.9482518733867,-43.2534078201293,-42.0785114743943,-41.8763779478468,-43.3671027749346,-42.0857037636136
1.63866666666667,-41.9896268757229,-43.2971292283685,-42.1195069140215,-41.9179785510878,-43.4105980109984,-42.1255503599505
1.639,-42.0309806231271,-43.3408538069316,-42.1604837816934,-41.9595570577399,-43.4541018497864,-42.1653994628924
1.63933333333333,-42.0723121147927,-43.384579735159,-42.2014410868034,-42.0011124489241,-43.4976122582603,-42.2052496945489
1.63966666666667,-42.1136203661014,-43.4283052336756,-42.2423778537327,-42.0426437230228,-43.5411272521568,-42.2450996992766
1.64,-42.1549044084805,-43.4720285634925,-42.2832931217459,-42.084149895496,-43.5846448948485,-42.2849481434337
1.64033333333333,-42.1961632892597,-43.5157480251278,-42.3241859448849,-42.1256299986973,-43.6281632962317,-42.3247937151341
1.64066666666667,-42.2373960715253,-43.5594619577493,-42.3650553918603,-42.1670830816899,-43.6716806116415,-42.3646351240042
1.641,-42.2786018339743,-43.6031687383354,-42.4059005459405,-42.2085082100624,-43.7151950407922,-42.4044711009381
1.64133333333333,-42.3197796707662,-43.6468667808562,-42.4467205048395,-42.2499044657456,-43.7587048267437,-42.444300397856
1.64166666666667,-42.3609286913745,-43.6905545354737,-42.4875143806023,-42.2912709468283,-43.8022082548929,-42.4841217874613
1.642,-42.4020480204369,-43.7342304877593,-42.5282812994885,-42.3326067673743,-43.8457036519894,-42.5239340630006
1.64233333333333,-42.4431367976047,-43.7778931579303,-42.5690204018549,-42.3739110572396,-43.8891893851749,-42.5637360380232
1.64266666666667,-42.4841941773914,-43.8215411001037,-42.609730842036,-42.4151829618891,-43.9326638610466,-42.6035265461423
1.643,-42.5252193290207,-43.8651729015671,-42.6504117882235,-42.4564216422154,-43.976125524743,-42.6433044407974
1.64333333333333,-42.5662114362741,-43.9087871820662,-42.6910624223442,-42.4976262743567,-44.0195728590516,-42.6830685950173
1.64366666666667,-42.6071696973378,-43.9523825931091,-42.7316819399372,-42.538796049516,-44.0630043835396,-42.7228179011851
1.644,-42.6480933246495,-43.9959578172859,-42.7722695500295,-42.5799301737807,-44.1064186537042,-42.7625512708034
1.64433333333333,-42.6889815447445,-44.0395115676046,-42.8128244750107,-42.6210278679429,-44.1498142601453,-42.8022676342613
1.64466666666667,-42.7298335981022,-44.0830425868421,-42.8533459505076,-42.6620883673208,-44.1931898277573,-42.8419659406033
1.645,-42.7706487389922,-44.1265496469091,-42.8938332252568,-42.7031109215805,-44.2365440149416,-42.8816451572983
1.64533333333333,-42.81142623532,-44.170031548231,-42.9342855609774,-42.7440947945584,-44.279875512837,-42.9213042700107
1.64566666666667,-42.8521653684737,-44.2134871191414,-42.9747022322428,-42.7850392640851,-44.3231830445706,-42.960942282373
1.646,-42.8928654331697,-44.256915215291,-43.0150825263523,-42.8259436218104,-44.3664653645258,-43.0005582157597
1.64633333333333,-42.9335257372993,-44.3003147190679,-43.0554257432013,-42.8668071730278,-44.4097212576285,-43.0401511090621
1.64666666666667,-42.9741456017755,-44.3436845390335,-43.0957311951524,-42.907629236502,-44.4529495386514,-43.0797200184659
1.647,-43.0147243603797,-44.3870236093688,-43.1359982069053,-42.948409144296,-44.4961490515339,-43.1192640172291
1.64733333333333,-43.0552613596091,-44.4303308893349,-43.1762261153665,-42.9891462415996,-44.53931866872,-43.158782195462
1.64766666666667,-43.0957559585248,-44.4736053627448,-43.2164142695192,-43.0298398865595,-44.5824572905116,-43.1982736599088
1.648,-43.1362075285996,-44.5168460374476,-43.2565620302931,-43.0704894501102,-44.6255638444376,-43.2377375337308
1.64833333333333,-43.1766154535668,-44.5600519448237,-43.2966687704334,-43.1110943158055,-44.6686372846382,-43.2771729562912
1.64866666666667,-43.2169791292699,-44.6032221392919,-43.3367338743705,-43.1516538796522,-44.7116765912649,-43.3165790829415
1.649,-43.2572979635122,-44.646355697827,-43.3767567380902,-43.1921675499445,-44.7546807698937,-43.3559550848097
1.64933333333333,-43.2975713759075,-44.689451719489,-43.4167367690022,-43.2326347470994,-44.7976488509542,-43.3953001485902
1.64966666666667,-43.3377987977317,-44.7325093249615,-43.4566733858114,-43.2730549034941,-44.8405798891708,-43.4346134763354
1.65,-43.3779796717746,-44.7755276561016,-43.4965660183866,-43.3134274633037,-44.8834729630184,-43.473894285249
1.65033333333333,-43.4181134521929,-44.8185058754994,-43.536414107632,-43.353751882341,-44.9263271741913,-43.5131418074808
1.65066666666667,-43.4581996043641,-44.8614431660464,-43.5762171053571,-43.3940276278975,-44.9691416470841,-43.5523552899243
1.651,-43.4982376047406,-44.9043387305152,-43.6159744741481,-43.4342541785853,-45.0119155282857,-43.5915339940149
1.65133333333333,-43.5382269407057,-44.9471917911463,-43.6556856872393,-43.4744310241807,-45.0546479860852,-43.6306771955301
1.65166666666667,-43.5781671104296,-44.9900015892461,-43.6953502283849,-43.514557665469,-45.0973382099894,-43.6697841843923
1.652,-43.618057622727,-45.0327673847921,-43.7349675917313,-43.5546336140912,-45.1399854102524,-43.7088542644729
1.65233333333333,-43.6578979969151,-45.0754884560474,-43.77453728169,-43.5946583923911,-45.1825888174158,-43.7478867533975
1.65266666666667,-43.6976877626731,-45.1181640991839,-43.8140588128111,-43.6346315332648,-45.22514768186,-43.7868809823547
1.653,-43.7374264599027,-45.1607936279132,-43.8535317096573,-43.6745525800109,-45.2676612733663,-43.8258362959051
1.65333333333333,-43.7771136385889,-45.2033763731254,-43.8929555066783,-43.7144210861826,-45.310128880689,-43.8647520517929
1.65366666666667,-43.8167488586634,-45.2459116825366,-43.9323297480863,-43.7542366154408,-45.3525498111382,-43.9036276207592
1.654,-43.856331689867,-45.2883989203431,-43.9716539877319,-43.7939987414093,-45.394923390172,-43.9424623863576
1.65433333333333,-43.8958617116152,-45.3308374668833,-44.0109277889808,-43.8337070475303,-45.4372489609977,-43.9812557447707
1.65466666666667,-43.9353385128633,-45.3732267183074,-44.050150724591,-43.8733611269227,-45.4795258841839,-44.0200071046294
1.655,-43.9747616919737,-45.4155660862535,-44.089322376591,-43.912960582241,-45.5217535372802,-44.0587158868339
1.65533333333333,-44.0141308565839,-45.4578549975308,-44.1284423361587,-43.9525050255355,-45.5639313144463,-44.0973815243758
1.65566666666667,-44.0534456234753,-45.5000928938102,-44.1675102035015,-43.991994078115,-45.60605862609,-44.1360034621634
1.656,-44.092705618444,-45.5422792313204,-44.2065255877361,-44.0314273704093,-45.6481348985132,-44.1745811568478
1.65633333333333,-44.1319104761725,-45.5844134805516,-44.2454881067705,-44.0708045418353,-45.6901595735663,-44.213114076651
1.65666666666667,-44.1710598401018,-45.6264951259646,-44.2843973871858,-44.1101252406621,-45.7321321083104,-44.2516017011966
1.657,-44.2101533623062,-45.6685236657069,-44.3232530641197,-44.1493891238799,-45.7740519746877,-44.2900435213417
1.65733333333333,-44.2491907033677,-45.7104986113334,-44.3620547811504,-44.1885958570687,-45.815918659199,-44.3284390390105
1.65766666666667,-44.288171532253,-45.7524194875352,-44.4008021901811,-44.2277451142691,-45.8577316625887,-44.3667877670307
1.658,-44.3270955261907,-45.7942858318718,-44.4394949513265,-44.2668365778546,-45.8994904995375,-44.4050892289706
1.65833333333333,-44.3659623705505,-45.8360971945103,-44.478132732799,-44.3058699384053,-45.9411946983611,-44.4433429589789
1.65866666666667,-44.4047717587229,-45.8778531379701,-44.5167152107967,-44.3448448945827,-45.9828438007172,-44.4815485016261
1.659,-44.4435233920011,-45.9195532368718,-44.5552420693921,-44.3837611530064,-46.0244373613174,-44.5197054117476
1.65933333333333,-44.4822169794626,-45.9611970776928,-44.5937130004214,-44.4226184281322,-46.0659749476471,-44.5578132542885
1.65966666666667,-44.5208522378542,-46.002784258527,-44.6321277033756,-44.4614164421312,-46.1074561396915,-44.595871604151
1.66,-44.5594288914761,-46.0443143888498,-44.6704858852918,-44.5001549247707,-46.1488805296667,-44.6338800460426
1.66033333333333,-44.5979466720685,-46.0857870892877,-44.7087872606457,-44.5388336132966,-46.1902477217579,-44.6718381743267
1.66066666666667,-44.6364053186995,-46.1272019913937,-44.7470315512455,-44.5774522523169,-46.2315573318637,-44.7097455928749
1.661,-44.6748045776531,-46.1685587374258,-44.7852184861263,-44.6160105936866,-46.2728089873448,-44.7476019149213
1.66133333333333,-44.7131442023199,-46.2098569801309,-44.8233478014456,-44.6545083963945,-46.3140023267797,-44.7854067629179
1.66166666666667,-44.7514239530881,-46.2510963825337,-44.8614192403804,-44.6929454264509,-46.3551369997249,-44.8231597683925
1.662,-44.7896435972359,-46.2922766177285,-44.8994325530242,-44.7313214567764,-46.3962126664812,-44.8608605718082
1.66233333333333,-44.8278029088254,-46.3333973686767,-44.9373874962861,-44.7696362670933,-46.4372289978641,-44.8985088224242
1.66266666666667,-44.8659016685975,-46.3744583280074,-44.9752838337904,-44.807889643817,-46.4781856749807,-44.936104178159
1.663,-44.903939663868,-46.4154591978229,-45.0131213357774,-44.8460813799495,-46.5190823890104,-44.9736463054549
1.66333333333333,-44.9419166884252,-46.4563996895071,-45.0508997790048,-44.884211274974,-46.5599188409906,-45.0111348791439
1.66366666666667,-44.9798325424284,-46.4972795235393,-45.0886189466511,-44.9222791347511,-46.6006947416076,-45.0485695823166
1.664,-45.0176870323078,-46.5380984293102,-45.126278628219,-44.9602847714159,-46.6414098109918,-45.0859501061912
1.66433333333333,-45.0554799706653,-46.5788561449425,-45.1638786194401,-44.9982280032769,-46.6820637785169,-45.1232761499849
1.66466666666667,-45.0932111761773,-46.6195524171154,-45.2014187221814,-45.036108654716,-46.7226563826046,-45.1605474207875
1.665,-45.1308804734977,-46.6601870008917,-45.2388987443516,-45.0739265560894,-46.7631873705323,-45.1977636334355
1.66533333333333,-45.1684876931626,-46.700759659549,-45.2763184998093,-45.1116815436307,-46.8036564982458,-45.2349245103889
1.66566666666667,-45.2060326714963,-46.7412701644145,-45.3136778082721,-45.1493734593545,-46.8440635301756,-45.272029781609
1.666,-45.2435152505183,-46.7817182947025,-45.3509764952264,-45.1870021509615,-46.884408239058,-45.3090791844378
1.66633333333333,-45.2809352778513,-46.8221038373554,-45.3882143918385,-45.2245674717449,-46.9246904057583,-45.3460724634796
1.66666666666667,-45.3182926066306,-46.8624265868884,-45.4253913348667,-45.2620692804983,-46.9649098191001,-45.3830093704835
1.667,-45.3555870954149,-46.9026863452363,-45.4625071665745,-45.2995074414243,-47.0050662756963,-45.4198896642277
1.66733333333333,-45.3928186080973,-46.9428829216043,-45.499561734644,-45.3368818240446,-47.0451595797848,-45.4567131104056
1.66766666666667,-45.4299870138187,-46.9830161323212,-45.536554892092,-45.3741923031115,-47.0851895430673,-45.4934794815133
1.668,-45.4670921868814,-47.0230858006957,-45.5734864971854,-45.4114387585204,-47.125155984552,-45.5301885567382
1.66833333333333,-45.5041340066644,-47.0630917568755,-45.6103564133585,-45.4486210752234,-47.1650587303987,-45.5668401218498
1.66866666666667,-45.5411123575389,-47.1030338377094,-45.6471645091311,-45.4857391431442,-47.2048976137683,-45.6034339690918
1.669,-45.5780271287867,-47.1429118866118,-45.6839106580276,-45.5227928570946,-47.2446724746747,-45.6399698970754
1.66933333333333,-45.6148782145172,-47.1827257534301,-45.7205947384969,-45.559782116691,-47.2843831598401,-45.6764477106739
1.66966666666667,-45.6516655135878,-47.2224752943146,-45.757216633834,-45.5967068262735,-47.3240295225538,-45.71286722092
1.67,-45.6883889295242,-47.2621603715914,-45.7937762321012,-45.633566894825,-47.3636114225327,-45.7492282449029
1.67033333333333,-45.7250483704417,-47.3017808536365,-45.8302734260519,-45.6703622358918,-47.4031287257863,-45.7855306056675
1.67066666666667,-45.7616437489682,-47.3413366147544,-45.866708113054,-45.707092767506,-47.4425813044834,-45.8217741321159
1.671,-45.7981749821675,-47.3808275350572,-45.9030801950151,-45.7437584121074,-47.4819690368222,-45.8579586589086
1.67133333333333,-45.8346419914645,-47.4202535003471,-45.9393895783084,-45.7803590964682,-47.5212918069025,-45.8940840263684
1.67166666666667,-45.8710447025706,-47.4596144020009,-45.9756361736993,-45.8168947516177,-47.5605495046016,-45.9301500803854
1.672,-45.9073830454105,-47.498910136857,-46.0118198962736,-45.8533653127685,-47.5997420254515,-45.9661566723227
1.67233333333333,-45.9436569540503,-47.5381406071039,-46.0479406653653,-45.8897707192437,-47.6388692705197,-46.0021036589242
1.67266666666667,-45.9798663666259,-47.5773057201719,-46.0839984044874,-45.926110914405,-47.6779311462918,-46.0379909022235
1.673,-46.016011225273,-47.6164053886262,-46.1199930412617,-45.9623858455818,-47.7169275645569,-46.0738182694542
1.67333333333333,-46.0520914760578,-47.655439530062,-46.1559245073499,-45.9985954640018,-47.7558584422953,-46.1095856329606
1.67366666666667,-46.0881070689087,-47.6944080670021,-46.191792738387,-46.0347397247221,-47.7947237015683,-46.1452928701115
1.674,-46.1240579575492,-47.7333109267965,-46.2275976739136,-46.0708185865612,-47.8335232694108,-46.1809398632133
1.67433333333333,-46.1599440994312,-47.7721480415231,-46.2633392573105,-46.1068320120325,-47.872257077725,-46.2165264994257
1.67466666666667,-46.1957654556697,-47.8109193478917,-46.2990174357333,-46.1427799672786,-47.910925063178,-46.2520526706781
1.675,-46.2315219909787,-47.8496247871486,-46.334632160049,-46.1786624220064,-47.9495271670997,-46.2875182735873
1.67533333333333,-46.267213673607,-47.8882643049833,-46.3701833847719,-46.2144793494229,-47.988063335384,-46.3229232093762
1.67566666666667,-46.302840475276,-47.9268378514381,-46.4056710680015,-46.2502307261728,-48.0265335183915,-46.3582673837942
1.676,-46.3384023711176,-47.9653453808176,-46.4410951713613,-46.2859165322759,-48.0649376708545,-46.3935507070384
1.67633333333333,-46.3738993396138,-48.0037868516016,-46.4764556599374,-46.3215367510668,-48.1032757517832,-46.4287730936757
1.67666666666667,-46.4093313625363,-48.0421622263587,-46.5117525022194,-46.3570913691338,-48.1415477243751,-46.4639344625667
1.677,-46.4446984248874,-48.0804714716617,-46.5469856700404,-46.3925803762604,-48.1797535559247,-46.4990347367906
1.67733333333333,-46.480000514842,-48.1187145580051,-46.5821551385196,-46.4280037653662,-48.2178932177364,-46.5340738435704
1.67766666666667,-46.5152376236902,-48.1568914597236,-46.6172608860045,-46.4633615324501,-48.2559666850382,-46.5690517142006
1.678,-46.5504097457803,-48.1950021549127,-46.6523028940141,-46.498653676533,-48.2939739368977,-46.6039682839746
1.67833333333333,-46.5855168784635,-48.2330466253499,-46.6872811471833,-46.5338801996025,-48.3319149561394,-46.6388234921141
1.67866666666667,-46.6205590220389,-48.2710248564188,-46.7221956332077,-46.5690411065572,-48.3697897292642,-46.6736172816993
1.679,-46.6555361796992,-48.3089368370333,-46.7570463427893,-46.6041364051535,-48.4075982463697,-46.7083495996
1.67933333333333,-46.6904483574776,-48.3467825595642,-46.791833269583,-46.6391661059514,-48.4453405010728,-46.7430203964081
1.67966666666667,-46.7252955641952,-48.3845620197664,-46.826556410144,-46.6741302222626,-48.4830164904339,-46.7776296263705
1.68,-46.7600778114093,-48.4222752167084,-46.8612157638753,-46.7090287700983,-48.5206262148818,-46.8121772473238
1.68033333333333,-46.7947951133624,-48.4599221527022,-46.8958113329768,-46.7438617681186,-48.5581696781411,-46.8466632206292
1.68066666666667,-46.829447486932,-48.4975028332353,-46.9303431223949,-46.7786292375823,-48.5956468871604,-46.8810875111093
1.681,-46.8640349515813,-48.5350172669035,-46.9648111397721,-46.8133312022972,-48.633057852042,-46.9154500869848
1.68133333333333,-46.8985575293102,-48.5724654653451,-46.9992153953985,-46.8479676885718,-48.6704025859733,-46.949750919813
1.68166666666667,-46.9330152446076,-48.6098474431767,-47.033555902163,-46.8825387251674,-48.7076811051594,-46.983989984427
1.682,-46.9674081244042,-48.6471632179293,-47.0678326755058,-46.9170443432506,-48.744893428757,-47.0181672588758
1.68233333333333,-47.0017361980256,-48.684412809987,-47.1020457333711,-46.9514845763474,-48.7820395788094,-47.0522827243651
1.68266666666667,-47.0359994971468,-48.7215962425255,-47.1361950961614,-46.985859460297,-48.8191195801834,-47.0863363651994
1.683,-47.0701980557471,-48.7587135414523,-47.1702807866912,-47.020169033207,-48.8561334605067,-47.1203281687246
1.68333333333333,-47.1043319100654,-48.7957647353486,-47.2043028301422,-47.0544133354091,-48.8930812501071,-47.1542581252722
1.68366666666667,-47.1384010985567,-48.8327498554113,-47.2382612540194,-47.0885924094156,-48.929962981953,-47.1881262281033
1.684,-47.1724056618488,-48.8696689353968,-47.2721560881068,-47.1227062998763,-48.9667786915941,-47.2219324733544
1.68433333333333,-47.2063456427002,-48.9065220115654,-47.3059873644249,-47.1567550535361,-49.0035284171044,-47.2556768599835
1.68466666666667,-47.2402210859578,-48.943309122627,-47.339755117188,-47.1907387191936,-49.0402121990258,-47.2893593897174
1.685,-47.2740320385165,-48.9800303096882,-47.3734593827627,-47.2246573476604,-49.076830080313,-47.3229800669993
1.68533333333333,-47.3077785492778,-49.0166856161995,-47.4071001996264,-47.2585109917202,-49.1133821062791,-47.356538898938
1.68566666666667,-47.3414606691108,-49.053275087904,-47.4406776083273,-47.2922997060895,-49.1498683245426,-47.3900358952572
1.686,-47.3750784508124,-49.0897987727875,-47.474191651444,-47.3260235473785,-49.1862887849756,-47.4234710682459
1.68633333333333,-47.4086319490689,-49.1262567210285,-47.5076423735465,-47.3596825740524,-49.2226435396524,-47.4568444327093
1.68666666666667,-47.4421212204179,-49.1626489849502,-47.5410298211574,-47.3932768463942,-49.2589326427998,-47.4901560059213
1.687,-47.4755463232108,-49.1989756189726,-47.5743540427137,-47.4268064264667,-49.295156150748,-47.5234058075765
1.68733333333333,-47.508907317576,-49.2352366795661,-47.6076150885293,-47.4602713780764,-49.3313141218823,-47.556593859744
1.68766666666667,-47.5422042653828,-49.2714322252055,-47.640813010758,-47.4936717667371,-49.3674066165963,-47.5897201868214
1.688,-47.5754372302053,-49.307562316325,-47.6739478633572,-47.5270076596348,-49.4034336972456,-47.6227848154897
1.68833333333333,-47.6086062772875,-49.3436270152743,-47.7070197020516,-47.5602791255923,-49.439395428102,-47.6557877746688
1.68866666666667,-47.6417114735088,-49.3796263862753,-47.7400285842986,-47.5934862350352,-49.4752918753097,-47.6887290954741
1.689,-47.6747528873497,-49.4155604953795,-47.7729745692527,-47.6266290599579,-49.5111231068416,-47.7216088111729
1.68933333333333,-47.7077305888584,-49.4514294104265,-47.8058577177318,-47.6597076738906,-49.5468891924563,-47.7544269571427
1.68966666666667,-47.7406446496179,-49.4872332010028,-47.8386780921833,-47.692722151866,-49.5825902036562,-47.7871835708291
1.69,-47.7734951427135,-49.5229719384023,-47.871435756651,-47.7256725703879,-49.618226213647,-47.8198786917049
1.69033333333333,-47.8062821427007,-49.5586456955861,-47.904130776742,-47.7585590073985,-49.6537972972965,-47.85251236123
1.69066666666667,-47.8390057255741,-49.5942545471447,-47.9367632195951,-47.7913815422483,-49.6893035310959,-47.8850846228115
1.691,-47.8716659687363,-49.6297985692596,-47.9693331538488,-47.8241402556645,-49.7247449931208,-47.9175955217646
1.69133333333333,-47.9042629509672,-49.6652778396659,-48.0018406496099,-47.8568352297215,-49.7601217629929,-47.9500451052743
1.69166666666667,-47.9367967523945,-49.7006924376167,-48.0342857784232,-47.8894665478106,-49.7954339218433,-47.9824334223576
1.692,-47.9692674544641,-49.736042443846,-48.0666686132409,-47.9220342946113,-49.8306815522754,-48.0147605238261
1.69233333333333,-48.0016751399108,-49.7713279405349,-48.0989892283933,-47.9545385560623,-49.8658647383297,-48.0470264622498
1.69266666666667,-48.0340198927304,-49.8065490112759,-48.1312476995588,-47.9869794193334,-49.900983565448,-48.0792312919206
1.693,-48.0663017981508,-49.84170574104,-48.1634441037358,-48.0193569727975,-49.9360381204396,-48.1113750688174
1.69333333333333,-48.0985209426053,-49.8767982161428,-48.1955785192136,-48.0516713060032,-49.971028491447,-48.1434578505707
1.69366666666667,-48.1306774137046,-49.9118265242124,-48.2276510255453,-48.0839225096481,-50.005954767913,-48.1754796964287
1.694,-48.1627713002109,-49.9467907541572,-48.2596617035195,-48.1161106755525,-50.0408170405484,-48.2074406672236
1.69433333333333,-48.1948026920107,-49.9816909961342,-48.2916106351336,-48.1482358966328,-50.0756154012996,-48.2393408253381
1.69466666666667,-48.2267716800899,-50.0165273415192,-48.3234979035673,-48.1802982668763,-50.1103499433179,-48.2711802346731
1.695,-48.2586783565074,-50.0512998828751,-48.3553235931561,-48.212297881316,-50.1450207609286,-48.3029589606153
1.69533333333333,-48.290522814371,-50.0860087139238,-48.3870877893655,-48.2442348360058,-50.179627949601,-48.3346770700059
1.69566666666667,-48.322305147812,-50.1206539295157,-48.418790578766,-48.276109227996,-50.2141716059187,-48.3663346311092
1.696,-48.3540254519614,-50.1552356256025,-48.4504320490077,-48.3079211553095,-50.2486518275512,-48.3979317135826
1.69633333333333,-48.3856838229262,-50.1897538992077,-48.4820122887958,-48.3396707169182,-50.2830687132251,-48.4294683884458
1.69666666666667,-48.4172803577656,-50.2242088484006,-48.5135313878667,-48.3713580127199,-50.3174223626963,-48.4609447280518
1.697,-48.4488151544683,-50.2586005722681,-48.5449894369639,-48.4029831435154,-50.3517128767233,-48.4923608060578
1.69733333333333,-48.4802883119295,-50.2929291708889,-48.5763865278144,-48.434546210986,-50.3859403570397,-48.5237166973962
1.69766666666667,-48.5116999299289,-50.3271947453074,-48.6077227531065,-48.4660473176719,-50.4201049063284,-48.5550124782468
1.698,-48.5430501091089,-50.361397397508,-48.6389982064659,-48.4974865669499,-50.4542066281958,-48.5862482260091
1.69833333333333,-48.5743389509525,-50.3955372303904,-48.6702129824345,-48.5288640630129,-50.4882456271467,-48.6174240192751
1.69866666666667,-48.6055665577627,-50.4296143477447,-48.7013671764479,-48.5601799108481,-50.5222220085593,-48.6485399378025
1.699,-48.6367330326414,-50.4636288542276,-48.7324608848139,-48.591434216217,-50.5561358786611,-48.6795960624883
1.69933333333333,-48.6678384794687,-50.4975808553387,-48.7634942046913,-48.622627085635,-50.5899873445052,-48.7105924753432
1.69966666666667,-48.6988830028833,-50.531470457397,-48.794467234069,-48.6537586263513,-50.6237765139468,-48.7415292594659
1.7,-48.7298667082622,-50.5652977675189,-48.8253800717456,-48.6848289463297,-50.6575034956204,-48.7724064990181
1.70033333333333,-48.7607897017012,-50.5990628935948,-48.8562328173087,-48.715838154229,-50.6911683989173,-48.8032242791999
1.70066666666667,-48.7916520899963,-50.6327659442682,-48.8870255711158,-48.7467863593845,-50.7247713339637,-48.833982686226
1.701,-48.8224539806241,-50.6664070289136,-48.9177584342739,-48.7776736717887,-50.758312411599,-48.8646818073012
1.70133333333333,-48.8531954817239,-50.6999862576156,-48.9484315086211,-48.8085002020738,-50.7917917433545,-48.8953217305975
1.70166666666667,-48.8838767020792,-50.7335037411481,-48.9790448967069,-48.8392660614935,-50.8252094414333,-48.925902545231
1.702,-48.9144977510999,-50.7669595909542,-49.009598701774,-48.869971361905,-50.8585656186889,-48.9564243412394
1.70233333333333,-48.9450587388045,-50.8003539191262,-49.0400930277402,-48.9006162157518,-50.8918603886063,-48.9868872095594
1.70266666666667,-48.9755597758033,-50.8336868383857,-49.07052797918,-48.9312007360471,-50.9250938652815,-49.0172912420052
1.703,-49.0060009732806,-50.8669584620651,-49.100903661307,-48.9617250363565,-50.9582661634031,-49.0476365312469
1.70333333333333,-49.0363824429789,-50.900168904088,-49.1312201799567,-48.9921892307813,-50.9913773982328,-49.0779231707893
1.70366666666667,-49.0667042971819,-50.9333182789517,-49.1614776415692,-49.0225934339432,-51.0244276855875,-49.1081512549511
1.704,-49.0969666486983,-50.9664067017079,-49.1916761531723,-49.0529377609675,-51.0574171418206,-49.1383208788446
1.70433333333333,-49.1271696108462,-50.9994342879459,-49.2218158223654,-49.083222327468,-51.0903458838049,-49.1684321383557
1.70466666666667,-49.1573132974375,-51.0324011537748,-49.2518967573025,-49.1134472495312,-51.1232140289146,-49.1984851301237
1.705,-49.1873978227624,-51.0653074158065,-49.2819190666769,-49.1436126437016,-51.1560216950087,-49.2284799515228
1.70533333333333,-49.2174233015744,-51.0981531911384,-49.3118828597051,-49.1737186269664,-51.188769000414,-49.2584167006418
1.70566666666667,-49.2473898490754,-51.130938597338,-49.3417882461114,-49.2037653167415,-51.2214560639086,-49.2882954762664
1.706,-49.2772975809014,-51.1636637524256,-49.3716353361128,-49.2337528308566,-51.2540830047061,-49.3181163778604
1.70633333333333,-49.3071466131079,-51.1963287748593,-49.4014242404038,-49.2636812875412,-51.2866499424395,-49.3478795055473
1.70666666666667,-49.3369370621561,-51.228933783519,-49.4311550701421,-49.2935508054112,-51.3191569971461,-49.3775849600931
1.707,-49.3666690448988,-51.2614788976914,-49.4608279369338,-49.3233615034547,-51.3516042892518,-49.407232842888
1.70733333333333,-49.3963426785672,-51.2939642370547,-49.4904429528193,-49.3531135010192,-51.3839919395568,-49.4368232559301
1.70766666666667,-49.425958080757,-51.3263899216646,-49.5200002302596,-49.3828069177978,-51.4163200692205,-49.4663563018079
1.708,-49.4555153694161,-51.3587560719391,-49.549499882122,-49.4124418738171,-51.4485887997477,-49.4958320836837
1.70833333333333,-49.4850146628309,-51.3910628086449,-49.5789420216674,-49.4420184894238,-51.480798252974,-49.5252507052776
1.70866666666667,-49.5144560796143,-51.4233102528835,-49.6083267625364,-49.4715368852728,-51.5129485510525,-49.5546122708511
1.709,-49.5438397386928,-51.4554985260775,-49.6376542187365,-49.5009971823145,-51.5450398164403,-49.5839168851917
1.70933333333333,-49.5731657592947,-51.4876277499573,-49.6669245046292,-49.5303995017833,-51.5770721718849,-49.6131646535969
1.70966666666667,-49.6024342609377,-51.5196980465482,-49.6961377349179,-49.5597439651853,-51.6090457404116,-49.6423556818594
1.71,-49.6316453634173,-51.5517095381573,-49.7252940246348,-49.589030694287,-51.6409606453109,-49.6714900762521
1.71033333333333,-49.6607991867956,-51.5836623473612,-49.7543934891292,-49.6182598111039,-51.6728170101256,-49.7005679435132
1.71066666666667,-49.6898958513891,-51.6155565969935,-49.7834362440555,-49.6474314378893,-51.7046149586388,-49.7295893908317
1.711,-49.7189354777584,-51.647392410133,-49.8124224053615,-49.6765456971232,-51.7363546148623,-49.7585545258336
1.71133333333333,-49.7479181866966,-51.6791699100915,-49.8413520892767,-49.7056027115017,-51.7680361030242,-49.7874634565674
1.71166666666667,-49.7768440992189,-51.7108892204022,-49.870225412301,-49.7346026039264,-51.7996595475579,-49.8163162914909
1.712,-49.8057133365519,-51.7425504648088,-49.899042491194,-49.7635454974937,-51.8312250730907,-49.8451131394574
1.71233333333333,-49.834526020123,-51.7741537672535,-49.9278034429633,-49.792431515485,-51.8627328044326,-49.8738541097026
1.71266666666667,-49.8632822715508,-51.805699251867,-49.9565083848545,-49.8212607813565,-51.8941828665658,-49.9025393118317
1.713,-49.8919822126343,-51.8371870429569,-49.9851574343401,-49.8500334187292,-51.9255753846338,-49.9311688558062
1.71333333333333,-49.9206259653436,-51.8686172649977,-50.0137507091095,-49.8787495513796,-51.9569104839311,-49.9597428519319
1.71366666666667,-49.9492136518102,-51.8999900426202,-50.0422883270586,-49.9074093032299,-51.9881882898929,-49.9882614108464
1.714,-49.9777453943172,-51.9313055006017,-50.07077040628,-49.9360127983387,-52.0194089280854,-50.0167246435067
1.71433333333333,-50.0062213152902,-51.9625637638556,-50.0991970650528,-49.964560160892,-52.0505725241956,-50.0451326611778
1.71466666666667,-50.0346415372884,-51.9937649574221,-50.1275684218334,-49.9930515151943,-52.0816792040221,-50.0734855754204
1.715,-50.063006182995,-52.0249092064585,-50.1558845952459,-50.0214869856594,-52.1127290934656,-50.1017834980803
1.71533333333333,-50.091315375209,-52.0559966362297,-50.1841457040724,-50.0498666968021,-52.1437223185193,-50.130026541276
1.71566666666667,-50.1195692368363,-52.0870273720993,-50.2123518672444,-50.0781907732298,-52.1746590052606,-50.1582148173888
1.716,-50.147767890881,-52.1180015395204,-50.2405032038335,-50.1064593396337,-52.2055392798415,-50.1863484390511
1.71633333333333,-50.1759114604376,-52.148919264027,-50.2685998330427,-50.134672520781,-52.2363632684805,-50.2144275191359
1.71666666666667,-50.204000068682,-52.1797806712252,-50.2966418741977,-50.1628304415068,-52.2671310974538,-50.2424521707467
1.717,-50.2320338388646,-52.2105858867849,-50.3246294467384,-50.1909332267061,-52.2978428930871,-50.2704225072067
1.71733333333333,-50.2600128943013,-52.2413350364311,-50.3525626702106,-50.2189810013263,-52.3284987817474,-50.2983386420489
1.71766666666667,-50.2879373583664,-52.2720282459364,-50.3804416642577,-50.2469738903595,-52.3590988898352,-50.3262006890064
1.718,-50.3158073544849,-52.3026656411127,-50.4082665486129,-50.2749120188348,-52.3896433437765,-50.3540087620022
1.71833333333333,-50.3436230061249,-52.3332473478032,-50.4360374430908,-50.3027955118114,-52.420132270015,-50.3817629751399
1.71866666666667,-50.3713844367905,-52.3637734918752,-50.4637544675803,-50.3306244943715,-52.4505657950049,-50.4094634426943
1.719,-50.3990917700145,-52.3942441992123,-50.4914177420365,-50.3583990916126,-52.4809440452035,-50.4371102791022
1.71933333333333,-50.4267451293514,-52.4246595957072,-50.5190273864735,-50.3861194286415,-52.511267147064,-50.4647035989532
1.71966666666667,-50.4543446383704,-52.4550198072544,-50.5465835209567,-50.4137856305667,-52.5415352270281,-50.4922435169807
1.72,-50.4818904206489,-52.4853249597433,-50.5740862655961,-50.4413978224926,-52.5717484115197,-50.5197301480536
1.72033333333333,-50.5093825997657,-52.5155751790511,-50.601535740539,-50.4689561295121,-52.6019068269377,-50.5471636071674
1.72066666666667,-50.5368212992941,-52.5457705910363,-50.6289320659629,-50.496460676701,-52.6320105996496,-50.5745440094358
1.721,-50.5642066427964,-52.575911321532,-50.656275362069,-50.5239115891115,-52.6620598559849,-50.6018714700826
1.72133333333333,-50.5915387538167,-52.6059974963391,-50.6835657490753,-50.5513089917656,-52.6920547222289,-50.6291461044332
1.72166666666667,-50.6188177558754,-52.6360292412204,-50.7108033472102,-50.5786530096498,-52.7219953246163,-50.6563680279073
1.722,-50.6460437724628,-52.6660066818944,-50.7379882767061,-50.6059437677089,-52.7518817893254,-50.6835373560107
1.72233333333333,-50.6732169270335,-52.6959299440287,-50.7651206577927,-50.6331813908401,-52.7817142424718,-50.7106542043273
1.72266666666667,-50.7003373430002,-52.7257991532343,-50.7922006106914,-50.6603660038873,-52.8114928101029,-50.7377186885123
1.723,-50.7274051437284,-52.7556144350602,-50.8192282556089,-50.687497731636,-52.8412176181919,-50.7647309242844
1.72333333333333,-50.7544204525307,-52.785375914987,-50.8462037127313,-50.7145766988072,-52.8708887926327,-50.7916910274184
1.72366666666667,-50.7813833926613,-52.8150837184215,-50.873127102218,-50.7416030300526,-52.9005064592339,-50.8185991137385
1.724,-50.8082940873106,-52.8447379706919,-50.8999985441968,-50.768576849949,-52.9300707437138,-50.8454552991112
1.72433333333333,-50.8351526596,-52.8743387970411,-50.9268181587572,-50.7954982829936,-52.959581771695,-50.8722596994382
1.72466666666667,-50.8619592325769,-52.9038863226228,-50.9535860659457,-50.8223674535984,-52.9890396686994,-50.89901243065
1.725,-50.8887139292096,-52.9333806724956,-50.98030238576,-50.8491844860857,-53.0184445601432,-50.9257136086993
1.72533333333333,-50.915416872382,-52.962821971618,-51.0069672381439,-50.8759495046833,-53.0477965713321,-50.9523633495543
1.72566666666667,-50.9420681848893,-52.992210344844,-51.0335807429819,-50.9026626335193,-53.0770958274561,-50.9789617691924
1.726,-50.9686679894331,-53.0215459169177,-51.0601430200945,-50.9293239966182,-53.1063424535855,-51.0055089835944
1.72633333333333,-50.9952164086163,-53.0508288124687,-51.0866541892327,-50.9559337178956,-53.1355365746655,-51.0320051087379
1.72666666666667,-51.0217135649393,-53.0800591560079,-51.1131143700735,-50.9824919211544,-53.1646783155125,-51.0584502605916
1.727,-51.048159580795,-53.1092370719226,-51.1395236822149,-51.0089987300801,-53.1937678008094,-51.0848445551092
1.72733333333333,-51.0745545784645,-53.1383626844722,-51.1658822451714,-51.0354542682365,-53.2228051551012,-51.1111881082241
1.72766666666667,-51.1008986801132,-53.167436117784,-51.1921901783692,-51.0618586590618,-53.251790502791,-51.1374810358432
1.728,-51.1271920077862,-53.1964574958487,-51.2184476011416,-51.0882120258644,-53.2807239681358,-51.1637234538418
1.72833333333333,-51.1534346834041,-53.2254269425166,-51.244654632725,-51.1145144918186,-53.3096056752427,-51.189915478058
1.72866666666667,-51.1796268287596,-53.2543445814934,-51.2708113922542,-51.1407661799612,-53.3384357480647,-51.2160572242873
1.729,-51.2057685655129,-53.2832105363363,-51.2969179987582,-51.1669672131873,-53.3672143103971,-51.2421488082778
1.72933333333333,-51.2318600151883,-53.3120249304502,-51.3229745711562,-51.1931177142468,-53.3959414858738,-51.2681903457245
1.72966666666667,-51.2579012991702,-53.3407878870838,-51.3489812282534,-51.2192178057404,-53.4246173979635,-51.2941819522647
1.73,-51.2838925386994,-53.3694995293262,-51.3749380887371,-51.2452676101165,-53.4532421699664,-51.320123743473
1.73033333333333,-51.3098338548698,-53.3981599801028,-51.4008452711726,-51.2712672496671,-53.4818159250102,-51.3460158348566
1.73066666666667,-51.3357253686245,-53.4267693621724,-51.4267028939997,-51.2972168465249,-53.5103387860475,-51.3718583418502
1.731,-51.3615672007525,-53.4553277981233,-51.4525110755286,-51.3231165226595,-53.5388108758518,-51.397651379812
1.73133333333333,-51.3873594718853,-53.4838354103703,-51.4782699339366,-51.3489663998746,-53.5672323170146,-51.4233950640185
1.73166666666667,-51.4131023024936,-53.5122923211509,-51.5039795872642,-51.3747665998043,-53.595603231942,-51.4490895096606
1.732,-51.4387958128842,-53.5406986525229,-51.5296401534118,-51.4005172439101,-53.623923742852,-51.4747348318391
1.73233333333333,-51.4644401231965,-53.5690545263606,-51.5552517501359,-51.4262184534781,-53.6521939717713,-51.5003311455603
1.73266666666667,-51.4900353533999,-53.5973600643518,-51.5808144950463,-51.4518703496157,-53.6804140405322,-51.5258785657318
1.733,-51.5155816232903,-53.6256153879955,-51.6063285056024,-51.4774730532487,-53.7085840707699,-51.551377207159
1.73333333333333,-51.5410790524874,-53.6538206185981,-51.6317938991102,-51.5030266851186,-53.7367041839199,-51.5768271845402
1.73366666666667,-51.5665277604317,-53.6819758772712,-51.6572107927189,-51.5285313657796,-53.7647745012148,-51.6022286124634
1.734,-51.5919278663819,-53.7100812849284,-51.6825793034179,-51.5539872155961,-53.7927951436821,-51.6275816054023
1.73433333333333,-51.6172794894118,-53.738136962283,-51.7078995480341,-51.5793943547395,-53.8207662321413,-51.6528862777122
1.73466666666667,-51.6425827484078,-53.7661430298451,-51.7331716432284,-51.6047529031863,-53.8486878872018,-51.6781427436267
1.735,-51.6678377620666,-53.7940996079193,-51.7583957054934,-51.6300629807152,-53.8765602292597,-51.7033511172541
1.73533333333333,-51.6930446488916,-53.8220068166018,-51.78357185115,-51.6553247069045,-53.9043833784963,-51.7285115125737
1.73566666666667,-51.7182035271918,-53.8498647757782,-51.8087001963452,-51.6805382011298,-53.9321574548751,-51.7536240434325
1.736,-51.7433145150783,-53.8776736051212,-51.8337808570489,-51.7057035825616,-53.9598825781398,-51.7786888235417
1.73633333333333,-51.768377730462,-53.9054334240882,-51.8588139490518,-51.730820970163,-53.987558867812,-51.8037059664734
1.73666666666667,-51.793393291052,-53.9331443519191,-51.8837995879622,-51.7558904826876,-54.0151864431892,-51.8286755856576
1.737,-51.8183613143524,-53.9608065076338,-51.9087378892041,-51.780912238677,-54.0427654233424,-51.8535977943787
1.73733333333333,-51.8432819176607,-53.9884200100305,-51.9336289680145,-51.8058863564588,-54.0702959271145,-51.8784727057729
1.73766666666667,-51.8681552180653,-54.0159849776834,-51.9584729394407,-51.8308129541444,-54.0977780731178,-51.9033004328245
1.738,-51.8929813324438,-54.0435015289407,-51.9832699183384,-51.8556921496273,-54.1252119797326,-51.9280810883635
1.73833333333333,-51.9177603774602,-54.0709697819224,-52.0080200193693,-51.8805240605805,-54.1525977651048,-51.9528147850626
1.73866666666667,-51.9424924695636,-54.098389854519,-52.0327233569989,-51.9053088044552,-54.1799355471445,-51.9775016354341
1.739,-51.9671777249862,-54.1257618643888,-52.0573800454939,-51.9300464984787,-54.2072254435241,-52.0021417518277
1.73933333333333,-51.9918162597407,-54.1530859289569,-52.0819901989209,-51.9547372596522,-54.2344675716762,-52.0267352464271
1.73966666666667,-52.0164081896191,-54.1803621654127,-52.1065539311434,-51.9793812047495,-54.2616620487928,-52.0512822312478
1.74,-52.0409536301909,-54.2075906907088,-52.1310713558205,-52.0039784503149,-54.2888089918226,-52.0757828181346
1.74033333333333,-52.0654526968009,-54.2347716215589,-52.1555425864046,-52.0285291126618,-54.3159085174703,-52.1002371187587
1.74066666666667,-52.0899055045677,-54.2619050744364,-52.1799677361396,-52.0530333078709,-54.3429607421947,-52.1246452446156
1.741,-52.1143121683823,-54.2889911655728,-52.2043469180587,-52.0774911517885,-54.369965782207,-52.1490073070225
1.74133333333333,-52.1386728029058,-54.316030010956,-52.2286802449832,-52.101902760025,-54.3969237534698,-52.173323417116
1.74166666666667,-52.1629875225685,-54.3430217263292,-52.25296782952,-52.1262682479535,-54.4238347716956,-52.1975936858498
1.742,-52.1872564415682,-54.3699664271891,-52.2772097840606,-52.1505877307083,-54.4506989523452,-52.2218182239927
1.74233333333333,-52.2114796738684,-54.3968642287846,-52.3014062207787,-52.1748613231832,-54.4775164106265,-52.2459971421259
1.74266666666667,-52.235657333197,-54.4237152461155,-52.3255572516291,-52.1990891400305,-54.5042872614934,-52.2701305506413
1.743,-52.2597895330451,-54.4505195939313,-52.3496629883458,-52.2232712956594,-54.5310116196444,-52.2942185597393
1.74333333333333,-52.2838763866654,-54.4772773867296,-52.3737235424405,-52.2474079042346,-54.5576895995216,-52.3182612794268
1.74366666666667,-52.3079180070709,-54.5039887387552,-52.3977390252013,-52.2714990796754,-54.5843213153092,-52.342258819515
1.744,-52.3319145070336,-54.5306537639989,-52.4217095476909,-52.295544935654,-54.6109068809328,-52.3662112896179
1.74433333333333,-52.3558659990833,-54.5572725761961,-52.4456352207453,-52.3195455855948,-54.637446410058,-52.3901187991501
1.74466666666667,-52.3797725955065,-54.5838452888258,-52.4695161549724,-52.3435011426727,-54.6639400160897,-52.413981457325
1.745,-52.4036344083449,-54.6103720151098,-52.493352460751,-52.3674117198126,-54.6903878121708,-52.437799373153
1.74533333333333,-52.4274515493945,-54.6368528680112,-52.5171442482286,-52.3912774296876,-54.7167899111813,-52.4615726554399
1.74566666666667,-52.4512241302046,-54.6632879602339,-52.5408916273212,-52.4150983847185,-54.7431464257376,-52.4853014127851
1.746,-52.4749522620762,-54.6896774042211,-52.5645947077113,-52.4388746970728,-54.7694574681914,-52.50898575358
1.74633333333333,-52.4986360560618,-54.7160213121548,-52.5882535988469,-52.4626064786631,-54.7957231506289,-52.5326257860064
1.74666666666667,-52.5222756229634,-54.7423197959546,-52.6118684099405,-52.4862938411468,-54.8219435848699,-52.5562216180347
1.747,-52.5458710733326,-54.7685729672774,-52.6354392499678,-52.5099368959251,-54.8481188824672,-52.5797733574228
1.74733333333333,-52.5694225174688,-54.7947809375158,-52.6589662276667,-52.5335357541416,-54.8742491547056,-52.6032811117141
1.74766666666667,-52.5929300654186,-54.8209438177977,-52.6824494515361,-52.5570905266823,-54.9003345126015,-52.6267449882368
1.748,-52.6163938269752,-54.8470617189858,-52.7058890298351,-52.5806013241738,-54.9263750669018,-52.6501650941017
1.74833333333333,-52.6398139116771,-54.8731347516762,-52.7292850705818,-52.6040682569835,-54.9523709280837,-52.6735415362011
1.74866666666667,-52.6631904288076,-54.8991630261985,-52.7526376815523,-52.6274914352178,-54.9783222063536,-52.6968744212079
1.749,-52.6865234873938,-54.9251466526144,-52.7759469702802,-52.6508709687225,-55.0042290116469,-52.7201638555739
1.74933333333333,-52.7098131962062,-54.9510857407176,-52.7992130440551,-52.6742069670812,-55.0300914536271,-52.7434099455283
1.74966666666667,-52.7330596637575,-54.9769804000327,-52.8224360099221,-52.6974995396149,-55.0559096416855,-52.7666127970772
1.75,-52.7562629983025,-55.0028307398152,-52.8456159746809,-52.7207487953816,-55.0816836849405,-52.7897725160018
1.75033333333333,-52.7794233078367,-55.0286368690505,-52.8687530448851,-52.7439548431752,-55.1074136922371,-52.8128892078577
1.75066666666667,-52.8025407000964,-55.0543988964534,-52.8918473268411,-52.7671177915256,-55.1330997721468,-52.8359629779733
1.751,-52.8256152825577,-55.0801169304679,-52.9148989266078,-52.7902377486975,-55.1587420329667,-52.8589939314495
1.75133333333333,-52.8486471624357,-55.1057910792664,-52.9379079499954,-52.81331482269,-55.1843405827192,-52.8819821731576
1.75166666666667,-52.8716364466846,-55.1314214507495,-52.9608745025651,-52.8363491212363,-55.2098955291519,-52.9049278077393
1.752,-52.8945832419966,-55.1570081525453,-52.9837986896282,-52.8593407518033,-55.2354069797367,-52.9278309396052
1.75233333333333,-52.9174876548015,-55.1825512920093,-53.0066806162457,-52.8822898215906,-55.2608750416702,-52.9506916729339
1.75266666666667,-52.9403497912666,-55.2080509762238,-53.0295203872273,-52.9051964375305,-55.2862998218725,-52.9735101116712
1.753,-52.9631697572957,-55.2335073119977,-53.0523181071312,-52.9280607062876,-55.3116814269877,-52.9962863595291
1.75333333333333,-52.985947658529,-55.2589204058662,-53.0750738802635,-52.9508827342582,-55.3370199633831,-53.0190205199852
1.75366666666667,-53.0086836003426,-55.2842903640902,-53.0977878106773,-52.9736626275701,-55.3623155371493,-53.0417126962815
1.754,-53.0313776878482,-55.3096172926564,-53.1204600021727,-52.9964004920822,-55.3875682540998,-53.064362991424
1.75433333333333,-53.0540300258925,-55.3349012972768,-53.1430905582959,-53.0190964333839,-55.4127782197707,-53.0869715081817
1.75466666666667,-53.0766407190573,-55.3601424833886,-53.1656795823389,-53.0417505567955,-55.4379455394207,-53.1095383490857
1.755,-53.0992098716585,-55.3853409561539,-53.1882271773393,-53.0643629673672,-55.4630703180309,-53.1320636164292
1.75533333333333,-53.1217375877467,-55.4104968204595,-53.2107334460794,-53.0869337698791,-55.4881526603046,-53.1545474122658
1.75566666666667,-53.144223971106,-55.4356101809168,-53.233198491086,-53.1094630688411,-55.5131926706671,-53.1769898384097
1.756,-53.1666691252544,-55.4606811418616,-53.2556224146303,-53.1319509684926,-55.5381904532661,-53.1993909964347
1.75633333333333,-53.1890731534433,-55.4857098073538,-53.2780053187273,-53.1543975728021,-55.5631461119707,-53.2217509876737
1.75666666666667,-53.2114361586573,-55.5106962811778,-53.3003473051354,-53.1768029854674,-55.5880597503721,-53.2440699132179
1.757,-53.2337582436141,-55.5356406668419,-53.3226484753563,-53.1991673099152,-55.6129314717834,-53.2663478739167
1.75733333333333,-53.2560395107642,-55.5605430675781,-53.3449089306345,-53.2214906493007,-55.6377613792393,-53.2885849703766
1.75766666666667,-53.2782800622908,-55.5854035863428,-53.3671287719573,-53.2437731065082,-55.6625495754964,-53.3107813029612
1.758,-53.3004800001096,-55.610222325816,-53.3893081000542,-53.2660147841503,-55.6872961630329,-53.3329369717907
1.75833333333333,-53.3226394258689,-55.6349993884016,-53.4114470153971,-53.2882157845682,-55.712001244049,-53.3550520767407
1.75866666666667,-53.3447584409491,-55.6597348762273,-53.4335456181996,-53.3103762098313,-55.7366649204666,-53.377126717443
1.759,-53.366837146463,-55.6844288911449,-53.4556040084173,-53.3324961617377,-55.7612872939295,-53.3991609932841
1.75933333333333,-53.3888756432556,-55.7090815347299,-53.4776222857473,-53.3545757418135,-55.7858684658035,-53.4211550034052
1.75966666666667,-53.4108740319038,-55.7336929082818,-53.4996005496283,-53.3766150513133,-55.8104085371763,-53.4431088467023
1.76,-53.4328324127169,-55.7582631128239,-53.5215388992399,-53.3986141912199,-55.834907608858,-53.4650226218249
1.76033333333333,-53.4547508857361,-55.7827922491039,-53.5434374335034,-53.4205732622445,-55.8593657813808,-53.4868964271766
1.76066666666667,-53.4766295507345,-55.8072804175934,-53.5652962510808,-53.4424923648266,-55.8837831549992,-53.5087303609141
1.761,-53.4984685072175,-55.8317277184885,-53.5871154503754,-53.464371599134,-55.9081598296905,-53.5305245209473
1.76133333333333,-53.5202678544226,-55.8561342517095,-53.6088951295311,-53.4862110650631,-55.9324959051544,-53.5522790049391
1.76166666666667,-53.5420276913193,-55.8805001169011,-53.6306353864331,-53.5080108622386,-55.9567914808138,-53.5739939103047
1.762,-53.5637481166095,-55.9048254134331,-53.6523363187071,-53.5297710900141,-55.9810466558143,-53.5956693342119
1.76233333333333,-53.585429228727,-55.9291102403996,-53.6739980237197,-53.5514918474715,-56.005261529025,-53.6173053735805
1.76266666666667,-53.6070711258383,-55.9533546966201,-53.6956205985785,-53.5731732334219,-56.0294361990384,-53.6389021250823
1.763,-53.6286739058422,-55.9775588806392,-53.7172041401317,-53.5948153464051,-56.0535707641708,-53.660459685141
1.76333333333333,-53.65023766637,-56.0017228907267,-53.7387487449685,-53.6164182846902,-56.0776653224621,-53.6819781499317
1.76366666666667,-53.6717625047859,-56.0258468248782,-53.760254509419,-53.6379821462752,-56.1017199716768,-53.7034576153811
1.764,-53.6932485181867,-56.0499307808151,-53.781721529554,-53.6595070288878,-56.1257348093036,-53.7248981771674
1.76433333333333,-53.7146958034023,-56.0739748559848,-53.8031499011857,-53.6809930299853,-56.149709932556,-53.7462999307199
1.76466666666667,-53.7361044569956,-56.0979791475611,-53.824539719867,-53.7024402467544,-56.1736454383724,-53.767662971219
1.765,-53.757474575263,-56.1219437524443,-53.8458910808923,-53.7238487761123,-56.1975414234166,-53.7889873935965
1.76533333333333,-53.7788062542342,-56.1458687672616,-53.867204079297,-53.745218714706,-56.2213979840779,-53.8102732925348
1.76566666666667,-53.8000995896726,-56.1697542883673,-53.8884788098581,-53.7665501589131,-56.2452152164718,-53.8315207624677
1.766,-53.8213546770758,-56.1936004118431,-53.9097153670941,-53.7878432048418,-56.2689932164397,-53.8527298975798
1.76633333333333,-53.8425716116752,-56.2174072334986,-53.930913845265,-53.8090979483312,-56.2927320795496,-53.8739007918065
1.76666666666667,-53.8637504884367,-56.2411748488711,-53.9520743383728,-53.8303144849515,-56.3164319010968,-53.8950335388344
1.767,-53.8848914020608,-56.2649033532268,-53.9731969401616,-53.8514929100045,-56.3400927761035,-53.9161282321011
1.76733333333333,-53.9059944469827,-56.2885928415601,-53.9942817441175,-53.8726333185235,-56.3637147993197,-53.9371849647948
1.76766666666667,-53.9270597173731,-56.3122434085947,-54.0153288434688,-53.8937358052741,-56.3872980652234,-53.9582038298552
1.768,-53.9480873071376,-56.3358551487837,-54.0363383311868,-53.914800464754,-56.4108426680212,-53.9791849199728
1.76833333333333,-53.9690773099179,-56.3594281563099,-54.0573102999852,-53.9358273911933,-56.4343487016482,-54.0001283275893
1.76866666666667,-53.9900298190915,-56.3829625250863,-54.0782448423208,-53.9568166785555,-56.4578162597688,-54.0210341448979
1.769,-54.0109449277721,-56.4064583487564,-54.0991420503937,-53.9777684205372,-56.4812454357773,-54.0419024638428
1.76933333333333,-54.0318227288102,-56.4299157206948,-54.1200020161474,-53.9986827105682,-56.5046363227977,-54.0627333761199
1.76966666666667,-54.052663314793,-56.453334734007,-54.1408248312692,-54.0195596418129,-56.5279890136846,-54.0835269731765
1.77,-54.0734667780451,-56.4767154815306,-54.1616105871903,-54.0403993071694,-56.5513036010235,-54.1042833462116
1.77033333333333,-54.0942332106286,-56.5000580558353,-54.1823593750862,-54.061201799271,-56.5745801771312,-54.1250025861762
1.77066666666667,-54.1149627043437,-56.5233625492232,-54.2030712858768,-54.0819672104855,-56.5978188340565,-54.1456847837731
1.771,-54.1356553507286,-56.5466290537294,-54.2237464102271,-54.1026956329166,-56.6210196635801,-54.1663300294574
1.77133333333333,-54.1563112410604,-56.5698576611227,-54.2443848385469,-54.1233871584035,-56.6441827572157,-54.1869384134365
1.77166666666667,-54.1769304663551,-56.5930484629054,-54.2649866609917,-54.1440418785216,-56.6673082062101,-54.2075100256702
1.772,-54.1975131173682,-56.6162015503144,-54.2855519674628,-54.1646598845831,-56.6903961015438,-54.2280449558712
1.77233333333333,-54.218059284595,-56.6393170143214,-54.3060808476072,-54.185241267637,-56.7134465339314,-54.248543293505
1.77266666666667,-54.2385690582709,-56.6623949456332,-54.3265733908187,-54.2057861184698,-56.736459593822,-54.2690051277902
1.773,-54.259042528372,-56.6854354346924,-54.3470296862376,-54.2262945276061,-56.7594353714003,-54.2894305476991
1.77333333333333,-54.2794797846153,-56.7084385716779,-54.3674498227514,-54.2467665853083,-56.7823739565861,-54.309819641957
1.77366666666667,-54.2998809164595,-56.7314044465051,-54.3878338889952,-54.2672023815779,-56.8052754390358,-54.3301724990437
1.774,-54.3202460131047,-56.7543331488269,-54.4081819733516,-54.2876020061555,-56.8281399081422,-54.3504892071926
1.77433333333333,-54.3405751634937,-56.7772247680336,-54.4284941639516,-54.3079655485212,-56.8509674530354,-54.3707698543919
1.77466666666667,-54.3608684563118,-56.8000793932537,-54.4487705486748,-54.3282930978953,-56.8737581625831,-54.3910145283839
1.775,-54.3811259799877,-56.8228971133548,-54.4690112151497,-54.3485847432386,-56.8965121253915,-54.4112233166665
1.77533333333333,-54.4013478226933,-56.8456780169433,-54.4892162507542,-54.368840573253,-56.9192294298054,-54.4313963064923
1.77566666666667,-54.4215340723449,-56.8684221923655,-54.5093857426158,-54.3890606763818,-56.9419101639089,-54.4515335848696
1.776,-54.4416848166034,-56.891129727708,-54.5295197776124,-54.4092451408102,-56.9645544155262,-54.4716352385626
1.77633333333333,-54.4618001428744,-56.9138007107981,-54.5496184423722,-54.4293940544661,-56.9871622722217,-54.4917013540914
1.77666666666667,-54.4818801383093,-56.9364352292046,-54.5696818232747,-54.4495075050201,-57.0097338213009,-54.5117320177329
1.777,-54.5019248898052,-56.9590333702382,-54.5897100064506,-54.4695855798864,-57.0322691498109,-54.5317273155204
1.77733333333333,-54.5219344840058,-56.9815952209517,-54.6097030777825,-54.4896283662231,-57.0547683445409,-54.5516873332448
1.77766666666667,-54.5419090073016,-57.0041208681413,-54.6296611229052,-54.5096359509329,-57.0772314920226,-54.5716121564541
1.778,-54.5618485458308,-57.0266103983465,-54.6495842272066,-54.5296084206633,-57.0996586785314,-54.5915018704543
1.77833333333333,-54.5817531854791,-57.049063897851,-54.6694724758272,-54.5495458618074,-57.1220499900861,-54.6113565603094
1.77866666666667,-54.6016230118811,-57.0714814526832,-54.6893259536617,-54.5694483605042,-57.1444055124501,-54.6311763108424
1.779,-54.62145811042,-57.0938631486166,-54.7091447453585,-54.5893160026395,-57.166725331132,-54.6509612066347
1.77933333333333,-54.6412585662285,-57.1162090711706,-54.7289289353207,-54.609148873846,-57.1890095313858,-54.6707113320273
1.77966666666667,-54.6610244641896,-57.1385193056109,-54.7486786077065,-54.6289470595039,-57.2112581982116,-54.690426771121
1.78,-54.6807558889364,-57.1607939369504,-54.7683938464296,-54.6487106447418,-57.2334714163567,-54.7101076077764
1.78033333333333,-54.7004529248532,-57.1830330499493,-54.7880747351595,-54.6684397144369,-57.2556492703153,-54.7297539256147
1.78066666666667,-54.7201156560758,-57.205236729116,-54.8077213573223,-54.6881343532157,-57.2777918443301,-54.7493658080182
1.781,-54.7397441664923,-57.2274050587077,-54.8273337961011,-54.7077946454544,-57.2998992223921,-54.7689433381302
1.78133333333333,-54.7593385397432,-57.2495381227309,-54.8469121344364,-54.7274206752797,-57.3219714882417,-54.7884865988559
1.78166666666667,-54.7788988592222,-57.271636004942,-54.8664564550267,-54.7470125265691,-57.3440087253689,-54.8079956728625
1.782,-54.7984252080769,-57.293698788848,-54.8859668403288,-54.7665702829517,-57.3660110170146,-54.82747064258
1.78233333333333,-54.8179176692091,-57.3157265577069,-54.9054433725587,-54.7860940278084,-57.3879784461703,-54.8469115902012
1.78266666666667,-54.8373763252753,-57.3377193945286,-54.9248861336916,-54.8055838442732,-57.4099110955795,-54.8663185976825
1.783,-54.8568012586876,-57.3596773820753,-54.9442952054629,-54.8250398152328,-57.431809047738,-54.885691746744
1.78333333333333,-54.8761925516138,-57.381600602862,-54.9636706693684,-54.8444620233279,-57.4536723848944,-54.9050311188701
1.78366666666667,-54.8955502859786,-57.4034891391575,-54.983012606665,-54.8638505509537,-57.4755011890511,-54.9243367953104
1.784,-54.9148745434633,-57.4253430729847,-55.002321098371,-54.88320548026,-57.4972955419646,-54.9436088570792
1.78433333333333,-54.9341654055073,-57.4471624861214,-55.021596225267,-54.9025268931524,-57.5190555251463,-54.9628473849568
1.78466666666667,-54.953422953308,-57.4689474601006,-55.0408380678961,-54.9218148712925,-57.5407812198631,-54.9820524594897
1.785,-54.9726472678217,-57.4906980762118,-55.0600467065644,-54.9410694960986,-57.562472707138,-55.0012241609908
1.78533333333333,-54.9918384297638,-57.5124144155008,-55.079222221342,-54.9602908487463,-57.5841300677507,-55.0203625695404
1.78566666666667,-55.0109965196102,-57.5340965587709,-55.0983646920629,-54.9794790101691,-57.6057533822386,-55.0394677649863
1.786,-55.0301216175969,-57.5557445865834,-55.1174741983261,-54.9986340610591,-57.6273427308969,-55.0585398269441
1.78633333333333,-55.0492138037212,-57.577358579258,-55.1365508194959,-55.0177560818672,-57.6488981937795,-55.0775788347984
1.78666666666667,-55.0682731577421,-57.5989386168739,-55.1555946347023,-55.0368451528044,-57.6704198506998,-55.0965848677026
1.787,-55.0872997591811,-57.62048477927,-55.1746057228421,-55.0559013538418,-57.6919077812312,-55.1155580045797
1.78733333333333,-55.1062936873222,-57.6419971460457,-55.1935841625786,-55.0749247647112,-57.7133620647078,-55.1344983241227
1.78766666666667,-55.1252550212134,-57.6634757965617,-55.2125300323429,-55.0939154649063,-57.7347827802248,-55.1534059047952
1.788,-55.1441838396664,-57.6849208099403,-55.2314434103344,-55.1128735336828,-57.7561700066396,-55.1722808248318
1.78833333333333,-55.1630802212579,-57.7063322650664,-55.2503243745208,-55.131799050059,-57.7775238225722,-55.1911231622388
1.78866666666667,-55.1819442443298,-57.7277102405879,-55.2691730026393,-55.1506920928167,-57.7988443064057,-55.2099329947943
1.789,-55.2007759869898,-57.7490548149164,-55.2879893721967,-55.1695527405017,-57.8201315362874,-55.2287104000494
1.78933333333333,-55.2195755271123,-57.770366066228,-55.3067735604703,-55.1883810714243,-57.841385590129,-55.2474554553277
1.78966666666667,-55.2383429423388,-57.7916440724638,-55.3255256445083,-55.2071771636601,-57.8626065456076,-55.2661682377271
1.79,-55.2570783100785,-57.8128889113305,-55.3442457011306,-55.2259410950506,-57.8837944801662,-55.2848488241192
1.79033333333333,-55.2757817075088,-57.8341006603013,-55.3629338069289,-55.2446729432036,-57.9049494710143,-55.3034972911504
1.79066666666667,-55.2944532115764,-57.8552793966161,-55.3815900382678,-55.2633727854941,-57.9260715951288,-55.3221137152423
1.791,-55.3130928989974,-57.8764251972829,-55.4002144712851,-55.2820406990648,-57.9471609292545,-55.3406981725922
1.79133333333333,-55.3317008462579,-57.8975381390776,-55.4188071818925,-55.3006767608268,-57.9682175499046,-55.3592507391737
1.79166666666667,-55.3502771296151,-57.9186182985451,-55.437368245776,-55.31928104746,-57.9892415333617,-55.3777714907373
1.792,-55.3688218250975,-57.9396657520003,-55.4558977383967,-55.3378536354142,-58.0102329556785,-55.3962605028106
1.79233333333333,-55.3873350085057,-57.9606805755278,-55.4743957349912,-55.356394600909,-58.0311918926778,-55.4147178506993
1.79266666666667,-55.4058167554128,-57.9816628449836,-55.4928623105726,-55.3749040199354,-58.0521184199541,-55.4331436094875
1.793,-55.4242671411655,-58.002612635995,-55.5112975399303,-55.3933819682555,-58.0730126128737,-55.4515378540382
1.79333333333333,-55.4426862408841,-58.0235300239619,-55.5297014976316,-55.4118285214036,-58.0938745465754,-55.4699006589939
1.79366666666667,-55.4610741294635,-58.0444150840566,-55.5480742580213,-55.4302437546869,-58.1147042959713,-55.4882320987773
1.794,-55.4794308815739,-58.0652678912255,-55.5664158952231,-55.4486277431861,-58.1355019357475,-55.5065322475916
1.79433333333333,-55.4977565716612,-58.086088520189,-55.5847264831396,-55.4669805617555,-58.1562675403647,-55.5248011794211
1.79466666666667,-55.5160512739477,-58.1068770454423,-55.6030060954535,-55.4853022850246,-58.1770011840587,-55.5430389680322
1.795,-55.5343150624327,-58.1276335412563,-55.6212548056273,-55.5035929873979,-58.1977029408415,-55.5612456869731
1.79533333333333,-55.5525480108931,-58.1483580816782,-55.6394726869051,-55.5218527430559,-58.2183728845015,-55.5794214095751
1.79566666666667,-55.5707501928844,-58.1690507405318,-55.657659812312,-55.5400816259558,-58.2390110886045,-55.597566208953
1.796,-55.5889216817406,-58.1897115914189,-55.6758162546556,-55.5582797098319,-58.2596176264943,-55.6156801580054
1.79633333333333,-55.6070625505756,-58.210340707719,-55.6939420865261,-55.5764470681965,-58.280192571293,-55.6337633294154
1.79666666666667,-55.6251728722832,-58.2309381625909,-55.7120373802971,-55.5945837743404,-58.3007359959025,-55.6518157956513
1.797,-55.6432527195383,-58.2515040289728,-55.7301022081262,-55.6126899013335,-58.3212479730043,-55.6698376289672
1.79733333333333,-55.6613021647969,-58.272038379583,-55.7481366419555,-55.6307655220254,-58.3417285750607,-55.687828901403
1.79766666666667,-55.6793212802973,-58.2925412869209,-55.7661407535122,-55.6488107090465,-58.3621778743152,-55.7057896847858
1.798,-55.6973101380606,-58.3130128232671,-55.7841146143095,-55.6668255348078,-58.3825959427934,-55.7237200507298
1.79833333333333,-55.7152688098908,-58.3334530606848,-55.8020582956466,-55.6848100715024,-58.4029828523033,-55.7416200706374
1.79866666666667,-55.7331973673763,-58.3538620710198,-55.8199718686102,-55.7027643911055,-58.4233386744367,-55.7594898156994
1.799,-55.75109588189,-58.3742399259014,-55.8378554040741,-55.7206885653756,-58.4436634805689,-55.7773293568954
1.79933333333333,-55.7689644245898,-58.3945866967433,-55.8557089727006,-55.7385826658546,-58.46395734186,-55.7951387649951
1.79966666666667,-55.7868030664197,-58.4149024547438,-55.8735326449407,-55.7564467638687,-58.4842203292557,-55.8129181105581
1.8,-55.8046118781102,-58.435187270887,-55.8913264910348,-55.7742809305291,-58.5044525134873,-55.8306674639351
1.80033333333333,-55.8223909301786,-58.4554412159429,-55.9090905810134,-55.7920852367327,-58.524653965073,-55.8483868952678
1.80066666666667,-55.8401402929305,-58.4756643604685,-55.9268249846975,-55.8098597531624,-58.5448247543182,-55.8660764744902
1.801,-55.8578600364593,-58.4958567748083,-55.9445297716995,-55.8276045502881,-58.5649649513165,-55.8837362713286
1.80133333333333,-55.8755502306479,-58.5160185290948,-55.9622050114236,-55.8453196983671,-58.5850746259498,-55.9013663553026
1.80166666666667,-55.8932109451685,-58.5361496932496,-55.9798507730663,-55.8630052674449,-58.6051538478898,-55.9189667957254
1.802,-55.9108422494838,-58.5562503369835,-55.9974671256173,-55.8806613273557,-58.6252026865978,-55.9365376617044
1.80233333333333,-55.9284442128474,-58.5763205297976,-56.0150541378601,-55.8982879477233,-58.6452212113261,-55.954079022142
1.80266666666667,-55.9460169043044,-58.5963603409838,-56.0326118783722,-55.9158851979614,-58.6652094911179,-55.9715909457359
1.803,-55.963560392692,-58.6163698396254,-56.0501404155262,-55.9334531472744,-58.6851675948087,-55.9890735009799
1.80333333333333,-55.9810747466403,-58.6363490945979,-56.0676398174902,-55.9509918646582,-58.7050955910267,-56.0065267561643
1.80366666666667,-55.9985600345729,-58.6562981745694,-56.0851101522282,-55.9685014189006,-58.7249935481932,-56.0239507793768
1.804,-56.0160163247073,-58.6762171480016,-56.1025514875012,-55.9859818785819,-58.7448615345236,-56.0413456385025
1.80433333333333,-56.0334436850559,-58.6961060831503,-56.1199638908674,-56.0034333120758,-58.7646996180278,-56.0587114012251
1.80466666666667,-56.0508421834262,-58.7159650480658,-56.1373474296828,-56.0208557875498,-58.7845078665111,-56.0760481350271
1.805,-56.0682118874218,-58.7357941105942,-56.1547021711022,-56.0382493729661,-58.8042863475749,-56.0933559071907
1.80533333333333,-56.0855528644429,-58.7555933383773,-56.1720281820793,-56.0556141360818,-58.824035128617,-56.110634784798
1.80566666666667,-56.1028651816869,-58.7753627988537,-56.1893255293679,-56.0729501444501,-58.8437542768323,-56.1278848347316
1.806,-56.120148906149,-58.7951025592594,-56.2065942795217,-56.0902574654206,-58.8634438592141,-56.1451061236759
1.80633333333333,-56.1374041046229,-58.8148126866284,-56.2238344988959,-56.1075361661396,-58.883103942554,-56.1622987181165
1.80666666666667,-56.1546308437013,-58.8344932477933,-56.2410462536468,-56.1247863135517,-58.9027345934426,-56.179462684342
1.807,-56.1718291897767,-58.8541443093861,-56.2582296097331,-56.1420079743994,-58.9223358782709,-56.1965980884434
1.80733333333333,-56.1889992090421,-58.8737659378387,-56.2753846329164,-56.1592012152243,-58.94190786323,-56.2137049963159
1.80766666666667,-56.206140967491,-58.8933581993835,-56.2925113887615,-56.1763661023676,-58.9614506143125,-56.2307834736583
1.808,-56.2232545309191,-58.9129211600544,-56.3096099426373,-56.193502701971,-58.9809641973125,-56.2478335859746
1.80833333333333,-56.2403399649238,-58.9324548856868,-56.3266803597173,-56.2106110799766,-59.000448677827,-56.2648553985739
1.80866666666667,-56.2573973349056,-58.9519594419192,-56.3437227049801,-56.2276913021285,-59.0199041212557,-56.2818489765711
1.809,-56.2744267060685,-58.9714348941926,-56.3607370432104,-56.2447434339724,-59.0393305928024,-56.298814384888
1.80933333333333,-56.2914281434204,-58.9908813077525,-56.377723438999,-56.2617675408573,-59.0587281574751,-56.3157516882531
1.80966666666667,-56.3084017117739,-59.0102987476483,-56.3946819567439,-56.2787636879352,-59.0780968800872,-56.3326609512028
1.81,-56.3253474757471,-59.0296872787349,-56.4116126606506,-56.2957319401623,-59.0974368252574,-56.3495422380814
1.81033333333333,-56.3422654997638,-59.0490469656727,-56.4285156147329,-56.3126723622994,-59.116748057411,-56.3663956130424
1.81066666666667,-56.3591558480546,-59.0683778729285,-56.4453908828133,-56.3295850189125,-59.1360306407803,-56.3832211400484
1.811,-56.3760185846571,-59.0876800647764,-56.462238528524,-56.3464699743735,-59.1552846394051,-56.4000188828723
1.81133333333333,-56.3928537734166,-59.1069536052978,-56.4790586153069,-56.3633272928609,-59.1745101171336,-56.4167889050973
1.81166666666667,-56.4096614779871,-59.1261985583825,-56.4958512064147,-56.3801570383603,-59.1937071376229,-56.4335312701178
1.812,-56.4264417618312,-59.1454149877293,-56.5126163649111,-56.396959274665,-59.2128757643395,-56.45024604114
1.81233333333333,-56.4431946882216,-59.1646029568465,-56.529354153672,-56.4137340653767,-59.2320160605602,-56.4669332811823
1.81266666666667,-56.4599203202407,-59.1837625290527,-56.5460646353852,-56.430481473906,-59.2511280893727,-56.4835930530759
1.813,-56.4766187207822,-59.2028937674769,-56.562747872552,-56.4472015634734,-59.2702119136759,-56.5002254194656
1.81333333333333,-56.4932899525511,-59.2219967350602,-56.5794039274868,-56.4638943971092,-59.289267596181,-56.5168304428103
1.81366666666667,-56.5099340780642,-59.2410714945551,-56.5960328623185,-56.4805600376548,-59.3082951994119,-56.5334081853831
1.814,-56.5265511596514,-59.2601181085273,-56.6126347389908,-56.4971985477631,-59.3272947857056,-56.5499587092728
1.81433333333333,-56.5431412594556,-59.2791366393555,-56.6292096192625,-56.5138099898988,-59.3462664172132,-56.5664820763836
1.81466666666667,-56.5597044394336,-59.2981271492325,-56.6457575647085,-56.5303944263396,-59.3652101559006,-56.5829783484362
1.815,-56.5762407613568,-59.3170897001658,-56.6622786367204,-56.5469519191763,-59.3841260635485,-56.5994475869679
1.81533333333333,-56.5927502868116,-59.3360243539776,-56.6787728965066,-56.5634825303136,-59.4030142017536,-56.6158898533339
1.81566666666667,-56.6092330772,-59.3549311723064,-56.6952404050935,-56.5799863214707,-59.4218746319293,-56.6323052087072
1.816,-56.6256891937405,-59.3738102166069,-56.7116812233257,-56.5964633541819,-59.4407074153056,-56.6486937140793
1.81633333333333,-56.6421186974683,-59.3926615481509,-56.7280954118666,-56.6129136897974,-59.4595126129306,-56.6650554302611
1.81666666666667,-56.6585216492361,-59.4114852280278,-56.7444830311992,-56.6293373894835,-59.4782902856704,-56.6813904178832
1.817,-56.6748981097149,-59.4302813171452,-56.7608441416265,-56.6457345142234,-59.4970404942103,-56.6976987373965
1.81733333333333,-56.691248139394,-59.4490498762298,-56.7771788032721,-56.6621051248181,-59.5157632990549,-56.7139804490726
1.81766666666667,-56.7075717985822,-59.4677909658276,-56.7934870760809,-56.6784492818864,-59.534458760529,-56.730235613005
1.818,-56.7238691474083,-59.4865046463046,-56.8097690198195,-56.6947670458662,-59.5531269387782,-56.7464642891088
1.81833333333333,-56.7401402458212,-59.5051909778479,-56.8260246940769,-56.7110584770142,-59.5717678937695,-56.7626665371217
1.81866666666667,-56.7563851535912,-59.5238500204654,-56.8422541582652,-56.7273236354076,-59.5903816852917,-56.7788424166049
1.819,-56.7726039303099,-59.5424818339874,-56.8584574716198,-56.7435625809437,-59.6089683729563,-56.794991986943
1.81933333333333,-56.7887966353915,-59.5610864780664,-56.8746346932003,-56.7597753733411,-59.6275280161981,-56.811115307345
1.81966666666667,-56.8049633280726,-59.579664012178,-56.8907858818909,-56.77596207214,-59.6460606742754,-56.8272124368446
1.82,-56.8211040674135,-59.5982144956218,-56.9069110964013,-56.792122736703,-59.6645664062711,-56.8432834343011
1.82033333333333,-56.8372189122984,-59.6167379875215,-56.9230103952666,-56.8082574262155,-59.683045271093,-56.8593283583996
1.82066666666667,-56.853307921436,-59.6352345468257,-56.9390838368488,-56.8243661996864,-59.7014973274744,-56.8753472676518
1.821,-56.8693711533601,-59.6537042323087,-56.9551314793364,-56.8404491159487,-59.7199226339751,-56.8913402203963
1.82133333333333,-56.8854086664304,-59.6721471025706,-56.9711533807456,-56.85650623366,-59.7383212489813,-56.9073072747996
1.82166666666667,-56.9014205188329,-59.6905632160386,-56.9871495989208,-56.8725376113033,-59.7566932307067,-56.9232484888562
1.822,-56.9174067685802,-59.7089526309668,-57.0031201915348,-56.888543307187,-59.775038637193,-56.9391639203894
1.82233333333333,-56.9333674735126,-59.7273154054374,-57.01906521609,-56.9045233794463,-59.7933575263105,-56.9550536270516
1.82266666666667,-56.9493026912983,-59.7456515973611,-57.0349847299183,-56.9204778860431,-59.8116499557585,-56.9709176663255
1.823,-56.9652124794344,-59.7639612644774,-57.0508787901819,-56.9364068847673,-59.829915983066,-56.9867560955236
1.82333333333333,-56.9810968952468,-59.7822444643558,-57.0667474538741,-56.9523104332362,-59.8481556655925,-57.0025689717898
1.82366666666667,-56.9969559958912,-59.8005012543957,-57.0825907778196,-56.9681885888966,-59.8663690605283,-57.0183563520993
1.824,-57.0127898383539,-59.8187316918275,-57.0984088186751,-56.984041409024,-59.8845562248951,-57.0341182932594
1.82433333333333,-57.0285984794517,-59.8369358337129,-57.1142016329298,-56.9998689507239,-59.9027172155468,-57.0498548519099
1.82466666666667,-57.0443819758332,-59.8551137369456,-57.1299692769062,-57.0156712709325,-59.9208520891698,-57.0655660845238
1.825,-57.0601403839788,-59.8732654582518,-57.1457118067603,-57.0314484264167,-59.9389609022837,-57.0812520474078
1.82533333333333,-57.0758737602015,-59.8913910541909,-57.1614292784826,-57.047200473775,-59.9570437112421,-57.0969127967027
1.82566666666667,-57.0915821606474,-59.9094905811558,-57.1771217478982,-57.0629274694382,-59.9751005722327,-57.1125483883842
1.826,-57.1072656412965,-59.9275640953739,-57.1927892706674,-57.0786294696695,-59.9931315412784,-57.1281588782631
1.82633333333333,-57.1229242579628,-59.9456116529073,-57.2084319022868,-57.0943065305657,-60.0111366742373,-57.1437443219864
1.82666666666667,-57.1385580662953,-59.9636333096535,-57.224049698089,-57.1099587080573,-60.0291160268038,-57.159304775037
1.827,-57.1541671217783,-59.9816291213459,-57.2396427132439,-57.125586057909,-60.0470696545089,-57.1748402927352
1.82733333333333,-57.169751479732,-59.9995991435546,-57.2552110027587,-57.1411886357207,-60.0649976127207,-57.1903509302384
1.82766666666667,-57.1853111953131,-60.0175434316868,-57.2707546214789,-57.1567664969277,-60.0828999566453,-57.205836742542
1.828,-57.2008463235153,-60.0354620409871,-57.2862736240884,-57.1723196968013,-60.1007767413268,-57.2212977844802
1.82833333333333,-57.21635691917,-60.0533550265386,-57.3017680651103,-57.1878482904496,-60.1186280216485,-57.236734110726
1.82866666666667,-57.2318430369466,-60.071222443263,-57.3172379989074,-57.2033523328176,-60.136453852333,-57.2521457757921
1.829,-57.2473047313531,-60.0890643459215,-57.3326834796829,-57.2188318786883,-60.154254287943,-57.2675328340311
1.82933333333333,-57.262742056737,-60.106880789115,-57.3481045614804,-57.2342869826828,-60.1720293828816,-57.2828953396365
1.82966666666667,-57.2781550672853,-60.1246718272849,-57.3635012981852,-57.2497176992609,-60.1897791913932,-57.298233346643
1.83,-57.2935438170254,-60.1424375147139,-57.378873743524,-57.2651240827221,-60.2075037675638,-57.3135469089266
1.83033333333333,-57.3089083598256,-60.1601779055257,-57.3942219510662,-57.2805061872056,-60.2252031653217,-57.328836080206
1.83066666666667,-57.3242487493955,-60.1778930536865,-57.409545974224,-57.2958640666911,-60.2428774384377,-57.3441009140422
1.831,-57.3395650392867,-60.1955830130051,-57.4248458662529,-57.3111977749992,-60.2605266405263,-57.3593414638399
1.83133333333333,-57.3548572828931,-60.2132478371334,-57.4401216802525,-57.3265073657922,-60.2781508250455,-57.3745577828472
1.83166666666667,-57.3701255334518,-60.2308875795669,-57.4553734691667,-57.3417928925743,-60.295750045298,-57.3897499241567
1.832,-57.3853698440433,-60.2485022936458,-57.4706012857847,-57.3570544086925,-60.3133243544314,-57.4049179407058
1.83233333333333,-57.4005902675923,-60.2660920325546,-57.4858051827408,-57.3722919673369,-60.3308738054386,-57.4200618852771
1.83266666666667,-57.4157868568678,-60.2836568493237,-57.5009852125156,-57.3875056215412,-60.3483984511588,-57.4351818104993
1.833,-57.4309596644844,-60.3011967968289,-57.5161414274363,-57.4026954241835,-60.3658983442774,-57.4502777688472
1.83333333333333,-57.4461087429017,-60.3187119277926,-57.531273879677,-57.4178614279863,-60.3833735373274,-57.4653498126427
1.83366666666667,-57.4612341444261,-60.3362022947845,-57.5463826212596,-57.4330036855178,-60.4008240826889,-57.480397994055
1.834,-57.4763359212103,-60.3536679502212,-57.5614677040539,-57.4481222491917,-60.4182500325905,-57.4954223651011
1.83433333333333,-57.4914141252545,-60.3711089463678,-57.5765291797784,-57.4632171712683,-60.4356514391096,-57.5104229776465
1.83466666666667,-57.5064688084062,-60.3885253353377,-57.5915671000007,-57.4782885038545,-60.4530283541724,-57.5253998834056
1.835,-57.5215000223616,-60.4059171690937,-57.6065815161383,-57.4933362989048,-60.4703808295553,-57.5403531339423
1.83533333333333,-57.5365078186655,-60.4232844994477,-57.6215724794585,-57.5083606082215,-60.4877089168846,-57.5552827806702
1.83566666666667,-57.551492248712,-60.4406273780621,-57.6365400410794,-57.5233614834552,-60.5050126676377,-57.5701888748536
1.836,-57.566453363745,-60.45794585645,-57.6514842519704,-57.5383389761058,-60.5222921331432,-57.5850714676076
1.83633333333333,-57.5813912148588,-60.4752399859755,-57.6664051629524,-57.5532931375223,-60.5395473645815,-57.5999306098986
1.83666666666667,-57.5963058529983,-60.4925098178545,-57.6813028246985,-57.5682240189039,-60.5567784129855,-57.6147663525451
1.837,-57.61119732896,-60.509755403155,-57.6961772877347,-57.5831316713002,-60.5739853292407,-57.629578746218
1.83733333333333,-57.6260656933921,-60.5269767927978,-57.7110286024398,-57.5980161456118,-60.5911681640863,-57.6443678414411
1.83766666666667,-57.6409109967953,-60.5441740375571,-57.7258568190467,-57.612877492591,-60.6083269681153,-57.6591336885915
1.838,-57.655733289523,-60.5613471880605,-57.7406619876421,-57.6277157628418,-60.6254617917751,-57.6738763379005
1.83833333333333,-57.670532621782,-60.5784962947902,-57.7554441581676,-57.642531006821,-60.642572685368,-57.6885958394534
1.83866666666667,-57.685309043633,-60.595621408083,-57.77020338042,-57.6573232748383,-60.6596596990517,-57.7032922431907
1.839,-57.7000626049912,-60.612722578131,-57.7849397040516,-57.6720926170571,-60.67672288284,-57.7179655989082
1.83933333333333,-57.7147933556263,-60.6297998549822,-57.7996531785709,-57.6868390834947,-60.693762286603,-57.7326159562575
1.83966666666667,-57.7295013451638,-60.6468532885409,-57.8143438533432,-57.7015627240229,-60.7107779600678,-57.7472433647467
1.84,-57.7441866230847,-60.6638829285679,-57.8290117775908,-57.7162635883687,-60.727769952819,-57.7618478737404
1.84033333333333,-57.7588492387266,-60.6808888246816,-57.8436570003935,-57.7309417261147,-60.7447383142991,-57.7764295324609
1.84066666666667,-57.7734892412837,-60.6978710263581,-57.8582795706895,-57.7455971866992,-60.761683093809,-57.7909883899881
1.841,-57.7881066798079,-60.7148295829318,-57.8728795372754,-57.7602300194174,-60.7786043405086,-57.8055244952603
1.84133333333333,-57.8027016032087,-60.731764543596,-57.8874569488069,-57.7748402734215,-60.7955021034173,-57.8200378970744
1.84166666666667,-57.8172740602537,-60.748675957403,-57.9020118537992,-57.7894279977209,-60.8123764314143,-57.8345286440867
1.842,-57.8318240995697,-60.7655638732651,-57.9165443006277,-57.8039932411834,-60.8292273732393,-57.8489967848131
1.84233333333333,-57.8463517696426,-60.7824283399548,-57.9310543375281,-57.818536052535,-60.846054977493,-57.8634423676298
1.84266666666667,-57.8608571188181,-60.7992694061054,-57.9455420125973,-57.833056480361,-60.8628592926373,-57.8778654407735
1.843,-57.8753401953021,-60.8160871202114,-57.9600073737936,-57.8475545731058,-60.8796403669961,-57.8922660523422
1.84333333333333,-57.8898010471613,-60.832881530629,-57.974450468937,-57.8620303790742,-60.8963982487558,-57.9066442502954
1.84366666666667,-57.9042397223235,-60.8496526855766,-57.9888713457103,-57.8764839464309,-60.9131329859653,-57.9210000824547
1.844,-57.9186562685784,-60.8664006331355,-58.0032700516589,-57.8909153232021,-60.9298446265373,-57.9353335965043
1.84433333333333,-57.9330507335776,-60.8831254212498,-58.0176466341916,-57.9053245572749,-60.9465332182479,-57.9496448399913
1.84466666666667,-57.9474231648354,-60.8998270977276,-58.0320011405812,-57.9197116963985,-60.9631988087378,-57.9639338603263
1.845,-57.9617736097294,-60.916505710241,-58.0463336179645,-57.9340767881846,-60.9798414455122,-57.978200704784
1.84533333333333,-57.9761021155007,-60.9331613063267,-58.0606441133432,-57.9484198801075,-60.9964611759418,-57.9924454205033
1.84566666666667,-57.9904087292542,-60.9497939333864,-58.0749326735843,-57.9627410195048,-61.0130580472629,-58.0066680544879
1.846,-58.0046934979596,-60.9664036386876,-58.0891993454203,-57.977040253578,-61.029632106578,-58.0208686536071
1.84633333333333,-58.0189564684516,-60.9829904693635,-58.1034441754499,-57.9913176293928,-61.0461834008562,-58.0350472645957
1.84666666666667,-58.0331976874301,-60.9995544724141,-58.1176672101383,-58.0055731938796,-61.0627119769338,-58.049203934055
1.847,-58.047417201461,-61.0160956947061,-58.131868495818,-58.0198069938338,-61.0792178815147,-58.0633387084526
1.84733333333333,-58.0616150569768,-61.0326141829738,-58.1460480786888,-58.0340190759168,-61.0957011611708,-58.0774516341236
1.84766666666667,-58.0757913002764,-61.0491099838194,-58.1602060048184,-58.0482094866558,-61.1121618623427,-58.0915427572705
1.848,-58.0899459775265,-61.0655831437133,-58.1743423201432,-58.0623782724448,-61.1286000313396,-58.105612123964
1.84833333333333,-58.1040791347612,-61.0820337089949,-58.188457070468,-58.0765254795445,-61.1450157143405,-58.1196597801431
1.84866666666667,-58.1181908178827,-61.0984617258727,-58.2025503014674,-58.0906511540833,-61.1614089573942,-58.1336857716157
1.849,-58.1322810726623,-61.1148672404251,-58.2166220586855,-58.1047553420577,-61.1777798064199,-58.1476901440595
1.84933333333333,-58.14634994474,-61.1312502986006,-58.2306723875366,-58.1188380893323,-61.1941283072074,-58.1616729430215
1.84966666666667,-58.1603974796255,-61.1476109462184,-58.2447013333057,-58.1328994416406,-61.2104545054181,-58.1756342139193
1.85,-58.1744237226985,-61.1639492289686,-58.258708941149,-58.1469394445855,-61.2267584465848,-58.1895740020411
1.85033333333333,-58.1884287192093,-61.1802651924132,-58.2726952560939,-58.1609581436396,-61.2430401761127,-58.2034923525462
1.85066666666667,-58.2024125142788,-61.1965588819859,-58.2866603230402,-58.1749555841457,-61.2592997392794,-58.2173893104656
1.851,-58.2163751528994,-61.212830342993,-58.3006041867598,-58.1889318113174,-61.2755371812358,-58.2312649207024
1.85133333333333,-58.2303166799355,-61.2290796206136,-58.3145268918977,-58.2028868702391,-61.2917525470062,-58.2451192280319
1.85166666666667,-58.2442371401232,-61.2453067599003,-58.328428482972,-58.216820805867,-61.3079458814888,-58.2589522771026
1.852,-58.2581365780719,-61.2615118057792,-58.3423090043745,-58.2307336630291,-61.3241172294562,-58.2727641124361
1.85233333333333,-58.2720150382637,-61.2776948030509,-58.3561685003715,-58.244625486426,-61.3402666355561,-58.2865547784278
1.85266666666667,-58.2858725650543,-61.2938557963906,-58.3700070151034,-58.258496320631,-61.356394144311,-58.3003243193475
1.853,-58.2997092026735,-61.3099948303486,-58.3838245925859,-58.2723462100908,-61.3724998001194,-58.3140727793394
1.85333333333333,-58.3135249952253,-61.3261119493505,-58.3976212767102,-58.2861751991258,-61.3885836472561,-58.3278002024228
1.85366666666667,-58.3273199866888,-61.3422071976984,-58.4113971112432,-58.2999833319305,-61.4046457298722,-58.3415066324926
1.854,-58.3410942209184,-61.3582806195702,-58.4251521398283,-58.3137706525743,-61.4206860919958,-58.3551921133194
1.85433333333333,-58.3548477416438,-61.3743322590211,-58.4388864059854,-58.3275372050013,-61.4367047775328,-58.3688566885503
1.85466666666667,-58.3685805924712,-61.3903621599835,-58.4525999531118,-58.3412830330313,-61.4527018302665,-58.3825004017091
1.855,-58.3822928168834,-61.4063703662672,-58.4662928244822,-58.3550081803598,-61.4686772938588,-58.3961232961968
1.85533333333333,-58.3959844582399,-61.4223569215606,-58.4799650632492,-58.3687126905588,-61.4846312118504,-58.4097254152919
1.85566666666667,-58.4096555597779,-61.4383218694303,-58.4936167124442,-58.3823966070771,-61.5005636276609,-58.4233068021509
1.856,-58.4233061646122,-61.454265253322,-58.507247814977,-58.3960599732404,-61.5164745845896,-58.4368674998088
1.85633333333333,-58.4369363157359,-61.4701871165609,-58.5208584136368,-58.4097028322523,-61.5323641258158,-58.4504075511794
1.85666666666667,-58.450546056021,-61.4860875023518,-58.5344485510926,-58.4233252271943,-61.5482322943993,-58.4639269990559
1.857,-58.4641354282183,-61.50196645378,-58.5480182698933,-58.4369272010264,-61.5640791332806,-58.4774258861108
1.85733333333333,-58.4777044749583,-61.5178240138113,-58.5615676124684,-58.4505087965874,-61.5799046852815,-58.4909042548971
1.85766666666667,-58.4912532387512,-61.5336602252927,-58.5750966211281,-58.4640700565953,-61.5957089931055,-58.504362147848
1.858,-58.5047817619877,-61.5494751309526,-58.5886053380642,-58.4776110236481,-61.6114920993383,-58.5177996072777
1.85833333333333,-58.5182900869394,-61.5652687734014,-58.6020938053499,-58.4911317402236,-61.6272540464478,-58.5312166753817
1.85866666666667,-58.5317782557587,-61.5810411951318,-58.6155620649408,-58.5046322486803,-61.642994876785,-58.544613394237
1.859,-58.5452463104797,-61.5967924385191,-58.6290101586748,-58.5181125912575,-61.6587146325843,-58.5579898058032
1.85933333333333,-58.5586942930186,-61.6125225458221,-58.6424381282728,-58.531572810076,-61.6744133559637,-58.5713459519218
1.85966666666667,-58.5721222451739,-61.6282315591827,-58.6558460153391,-58.5450129471384,-61.6900910889252,-58.5846818743176
1.86,-58.5855302086269,-61.6439195206272,-58.6692338613617,-58.5584330443292,-61.7057478733558,-58.5979976145986
1.86033333333333,-58.5989182249419,-61.6595864720659,-58.6826017077125,-58.5718331434156,-61.7213837510269,-58.6112932142566
1.86066666666667,-58.612286335567,-61.6752324552942,-58.6959495956483,-58.585213286048,-61.7369987635956,-58.6245687146674
1.861,-58.6256345818343,-61.6908575119924,-58.7092775663105,-58.5985735137598,-61.7525929526046,-58.6378241570913
1.86133333333333,-58.6389630049602,-61.7064616837265,-58.7225856607261,-58.6119138679684,-61.7681663594828,-58.6510595826735
1.86166666666667,-58.6522716460458,-61.7220450119485,-58.7358739198074,-58.6252343899753,-61.7837190255456,-58.6642750324446
1.862,-58.6655605460776,-61.7376075379968,-58.7491423843533,-58.6385351209667,-61.7992509919953,-58.6774705473206
1.86233333333333,-58.6788297459274,-61.7531493030963,-58.7623910950487,-58.6518161020137,-61.8147622999217,-58.690646168104
1.86266666666667,-58.6920792863532,-61.7686703483595,-58.7756200924657,-58.6650773740726,-61.8302529903021,-58.7038019354833
1.863,-58.7053092079992,-61.7841707147861,-58.7888294170637,-58.6783189779857,-61.8457231040022,-58.7169378900343
1.86333333333333,-58.7185195513965,-61.7996504432638,-58.8020191091894,-58.6915409544814,-61.8611726817759,-58.7300540722196
1.86366666666667,-58.7317103569633,-61.8151095745689,-58.8151892090779,-58.7047433441746,-61.8766017642661,-58.7431505223896
1.864,-58.7448816650051,-61.8305481493661,-58.8283397568526,-58.7179261875672,-61.8920103920052,-58.7562272807829
1.86433333333333,-58.7580335157157,-61.8459662082095,-58.8414707925255,-58.7310895250482,-61.9073986054149,-58.7692843875261
1.86466666666667,-58.7711659491768,-61.8613637915423,-58.8545823559982,-58.7442333968947,-61.9227664448073,-58.7823218826349
1.865,-58.784279005359,-61.8767409396981,-58.8676744870615,-58.7573578432716,-61.9381139503847,-58.7953398060139
1.86533333333333,-58.797372724122,-61.8920976929004,-58.8807472253963,-58.7704629042323,-61.9534411622402,-58.8083381974574
1.86566666666667,-58.8104471452148,-61.9074340912636,-58.8938006105738,-58.7835486197193,-61.9687481203584,-58.8213170966495
1.866,-58.8235023082763,-61.9227501747928,-58.9068346820558,-58.7966150295641,-61.9840348646152,-58.8342765431645
1.86633333333333,-58.8365382528356,-61.9380459833847,-58.9198494791954,-58.8096621734879,-61.9993014347785,-58.8472165764676
1.86666666666667,-58.8495550183123,-61.953321556828,-58.9328450412368,-58.822690091102,-62.0145478705086,-58.8601372359146
1.867,-58.8625526440171,-61.9685769348032,-58.9458214073163,-58.8356988219079,-62.0297742113585,-58.8730385607532
1.86733333333333,-58.8755311691518,-61.9838121568836,-58.9587786164623,-58.848688405298,-62.0449804967742,-58.8859205901226
1.86766666666667,-58.88849063281,-61.9990272625352,-58.9717167075956,-58.8616588805558,-62.0601667660952,-58.8987833630539
1.868,-58.9014310739776,-62.0142222911175,-58.9846357195302,-58.8746102868562,-62.0753330585549,-58.9116269184712
1.86833333333333,-58.9143525315325,-62.0293972818836,-58.9975356909731,-58.8875426632663,-62.0904794132806,-58.924451295191
1.86866666666667,-58.9272550442456,-62.0445522739804,-59.0104166605252,-58.9004560487451,-62.1056058692946,-58.9372565319233
1.869,-58.9401386507812,-62.0596873064495,-59.0232786666811,-58.9133504821443,-62.1207124655138,-58.9500426672717
1.86933333333333,-58.9530033896968,-62.0748024182271,-59.0361217478302,-58.9262260022087,-62.1357992407505,-58.9628097397335
1.86966666666667,-58.9658492994439,-62.0898976481445,-59.0489459422562,-58.9390826475764,-62.1508662337126,-58.9755577877007
1.87,-58.9786764183684,-62.1049730349287,-59.0617512881382,-58.9519204567792,-62.1659134830041,-58.9882868494596
1.87033333333333,-58.9914847847106,-62.1200286172023,-59.0745378235506,-58.9647394682429,-62.1809410271253,-59.0009969631918
1.87066666666667,-59.0042744366059,-62.1350644334841,-59.0873055864637,-58.977539720288,-62.1959489044732,-59.0136881669741
1.871,-59.0170454120852,-62.1500805221897,-59.1000546147438,-58.9903212511294,-62.210937153342,-59.0263604987791
1.87133333333333,-59.0297977490747,-62.1650769216315,-59.1127849461539,-59.0030840988776,-62.2259058119233,-59.0390139964757
1.87166666666667,-59.0425314853971,-62.1800536700191,-59.1254966183539,-59.0158283015384,-62.2408549183064,-59.051648697829
1.872,-59.0552466587712,-62.1950108054599,-59.1381896689007,-59.0285538970134,-62.255784510479,-59.064264640501
1.87233333333333,-59.0679433068127,-62.2099483659592,-59.1508641352489,-59.0412609231006,-62.2706946263271,-59.0768618620509
1.87266666666667,-59.0806214670344,-62.2248663894207,-59.1635200547511,-59.0539494174945,-62.2855853036355,-59.0894403999353
1.873,-59.0932811768467,-62.2397649136467,-59.1761574646581,-59.0666194177867,-62.3004565800886,-59.1020002915088
1.87333333333333,-59.1059224735574,-62.2546439763387,-59.1887764021192,-59.0792709614658,-62.3153084932698,-59.114541574024
1.87366666666667,-59.118545394373,-62.2695036150975,-59.2013769041829,-59.0919040859182,-62.3301410806629,-59.1270642846323
1.874,-59.1311499763981,-62.2843438674237,-59.2139590077969,-59.1045188284285,-62.3449543796518,-59.1395684603839
1.87433333333333,-59.1437362566365,-62.2991647707179,-59.2265227498085,-59.1171152261793,-62.3597484275207,-59.152054138228
1.87466666666667,-59.1563042719909,-62.3139663622812,-59.239068166965,-59.1296933162521,-62.3745232614552,-59.1645213550138
1.875,-59.1688540592637,-62.3287486793155,-59.2515952959141,-59.1422531356273,-62.3892789185419,-59.1769701474901
1.87533333333333,-59.1813856551571,-62.3435117589237,-59.2641041732041,-59.1547947211849,-62.4040154357691,-59.1894005523061
1.87566666666667,-59.1938990962737,-62.3582556381105,-59.2765948352844,-59.1673181097044,-62.418732850027,-59.2018126060115
1.876,-59.2063944191166,-62.372980353782,-59.2890673185057,-59.1798233378654,-62.4334311981083,-59.214206345057
1.87633333333333,-59.2188716600897,-62.3876859427467,-59.3015216591203,-59.1923104422481,-62.4481105167081,-59.2265818057947
1.87666666666667,-59.2313308554983,-62.4023724417154,-59.3139578932826,-59.2047794593331,-62.4627708424245,-59.2389390244781
1.877,-59.2437720415492,-62.4170398873018,-59.3263760570494,-59.2172304255023,-62.4774122117592,-59.2512780372627
1.87733333333333,-59.256195254351,-62.4316883160229,-59.33877618638,-59.2296633770391,-62.492034661117,-59.2635988802062
1.87766666666667,-59.2686005299148,-62.446317764299,-59.3511583171369,-59.2420783501286,-62.5066382268073,-59.2759015892692
1.878,-59.2809879041541,-62.4609282684542,-59.363522485086,-59.2544753808577,-62.5212229450432,-59.2881862003148
1.87833333333333,-59.2933574128854,-62.4755198647168,-59.3758687258964,-59.2668545052161,-62.535788851943,-59.3004527491097
1.87866666666667,-59.3057090918284,-62.4900925892196,-59.3881970751419,-59.2792157590961,-62.5503359835294,-59.3127012713241
1.879,-59.3180429766064,-62.5046464780003,-59.4005075683,-59.291559178293,-62.5648643757309,-59.3249318025321
1.87933333333333,-59.3303591027465,-62.5191815670015,-59.4128002407532,-59.3038847985057,-62.5793740643812,-59.337144378212
1.87966666666667,-59.3426575056803,-62.5336978920715,-59.4250751277888,-59.3161926553367,-62.5938650852202,-59.3493390337467
1.88,-59.3549382207435,-62.5481954889641,-59.4373322645995,-59.3284827842925,-62.608337473894,-59.3615158044239
1.88033333333333,-59.3672012831771,-62.5626743933395,-59.4495716862836,-59.3407552207843,-62.6227912659552,-59.3736747254367
1.88066666666667,-59.3794467281271,-62.5771346407641,-59.4617934278452,-59.3530100001276,-62.6372264968632,-59.3858158318836
1.881,-59.391674590645,-62.5915762667112,-59.4739975241948,-59.3652471575432,-62.651643201985,-59.397939158769
1.88133333333333,-59.4038849056882,-62.6059993065612,-59.4861840101494,-59.3774667281572,-62.6660414165948,-59.4100447410034
1.88166666666667,-59.4160777081201,-62.6204037956016,-59.4983529204329,-59.3896687470013,-62.6804211758748,-59.4221326134038
1.882,-59.4282530327109,-62.634789769028,-59.5105042896765,-59.4018532490135,-62.6947825149152,-59.4342028106941
1.88233333333333,-59.4404109141372,-62.6491572619437,-59.5226381524186,-59.4140202690377,-62.709125468715,-59.4462553675053
1.88266666666667,-59.452551386983,-62.6635063093605,-59.5347545431057,-59.4261698418248,-62.7234500721817,-59.4582903183756
1.883,-59.4646744857397,-62.6778369461989,-59.5468534960925,-59.4383020020323,-62.737756360132,-59.4703076977512
1.88333333333333,-59.4767802448061,-62.6921492072881,-59.5589350456418,-59.4504167842252,-62.752044367292,-59.4823075399862
1.88366666666667,-59.4888686984894,-62.7064431273669,-59.5709992259255,-59.4625142228761,-62.7663141282977,-59.4942898793432
1.884,-59.500939881005,-62.7207187410834,-59.5830460710244,-59.4745943523653,-62.7805656776949,-59.5062547499934
1.88433333333333,-59.5129938264771,-62.7349760829958,-59.5950756149287,-59.4866572069815,-62.7947990499399,-59.518202186017
1.88466666666667,-59.5250305689386,-62.7492151875724,-59.6070878915383,-59.4987028209218,-62.8090142793996,-59.5301322214033
1.885,-59.537050142332,-62.763436089192,-59.619082934663,-59.5107312282922,-62.8232114003519,-59.5420448900516
1.88533333333333,-59.5490525805091,-62.7776388221443,-59.6310607780229,-59.5227424631078,-62.8373904469858,-59.5539402257706
1.88566666666667,-59.5610379172318,-62.7918234206299,-59.6430214552488,-59.534736559293,-62.8515514534021,-59.5658182622796
1.886,-59.573006186172,-62.8059899187611,-59.6549649998824,-59.5467135506821,-62.8656944536132,-59.5776790332081
1.88633333333333,-59.5849574209123,-62.8201383505618,-59.6668914453763,-59.5586734710194,-62.8798194815439,-59.5895225720967
1.88666666666667,-59.5968916549459,-62.8342687499677,-59.6788008250949,-59.5706163539596,-62.8939265710314,-59.6013489123969
1.887,-59.6088089216773,-62.8483811508273,-59.6906931723143,-59.5825422330679,-62.9080157558256,-59.6131580874717
1.88733333333333,-59.6207092544222,-62.8624755869013,-59.7025685202226,-59.5944511418207,-62.9220870695894,-59.6249501305956
1.88766666666667,-59.632592686408,-62.8765520918634,-59.7144269019203,-59.6063431136053,-62.9361405458992,-59.6367250749554
1.888,-59.6444592507743,-62.8906106993007,-59.7262683504207,-59.6182181817208,-62.9501762182451,-59.6484829536499
1.88833333333333,-59.6563089805728,-62.9046514427137,-59.7380928986499,-59.6300763793782,-62.9641941200308,-59.6602237996907
1.88866666666667,-59.6681419087679,-62.9186743555165,-59.7499005794473,-59.6419177397005,-62.9781942845747,-59.6719476460022
1.889,-59.6799580682366,-62.9326794710376,-59.761691425566,-59.653742295723,-62.9921767451093,-59.6836545254219
1.88933333333333,-59.6917574917695,-62.9466668225197,-59.7734654696726,-59.6655500803941,-63.0061415347821,-59.6953444707009
1.88966666666667,-59.7035402120702,-62.9606364431203,-59.7852227443482,-59.6773411265749,-63.0200886866559,-59.707017514504
1.89,-59.7153062617565,-62.9745883659118,-59.7969632820882,-59.68911546704,-63.0340182337084,-59.7186736894099
1.89033333333333,-59.7270556733598,-62.9885226238818,-59.8086871153025,-59.7008731344775,-63.0479302088335,-59.7303130279119
1.89066666666667,-59.7387884793261,-63.0024392499335,-59.8203942763162,-59.7126141614894,-63.0618246448408,-59.7419355624176
1.891,-59.7505047120161,-63.0163382768859,-59.8320847973697,-59.7243385805921,-63.0757015744561,-59.7535413252499
1.89133333333333,-59.762204403705,-63.0302197374742,-59.8437587106188,-59.7360464242161,-63.0895610303218,-59.7651303486464
1.89166666666667,-59.7738875865835,-63.0440836643498,-59.8554160481352,-59.747737724707,-63.1034030449972,-59.7767026647607
1.892,-59.7855542927578,-63.057930090081,-59.8670568419068,-59.7594125143253,-63.1172276509586,-59.7882583056616
1.89233333333333,-59.7972045542495,-63.0717590471529,-59.8786811238379,-59.7710708252467,-63.1310348805996,-59.7997973033344
1.89266666666667,-59.8088384029968,-63.085570567968,-59.8902889257493,-59.7827126895627,-63.1448247662316,-59.8113196896805
1.893,-59.8204558708536,-63.0993646848462,-59.9018802793789,-59.7943381392807,-63.1585973400839,-59.822825496518
1.89333333333333,-59.8320569895907,-63.1131414300251,-59.9134552163819,-59.8059472063241,-63.1723526343039,-59.8343147555816
1.89366666666667,-59.8436417908959,-63.1269008356605,-59.9250137683309,-59.817539922533,-63.1860906809577,-59.8457874985234
1.894,-59.8552103063738,-63.1406429338267,-59.9365559667163,-59.829116319664,-63.1998115120299,-59.8572437569131
1.89433333333333,-59.8667625675467,-63.1543677565164,-59.9480818429467,-59.8406764293908,-63.2135151594243,-59.8686835622376
1.89466666666667,-59.8782986058545,-63.1680753356412,-59.9595914283488,-59.8522202833044,-63.2272016549639,-59.8801069459022
1.895,-59.8898184526551,-63.1817657030321,-59.971084754168,-59.8637479129134,-63.2408710303914,-59.8915139392304
1.89533333333333,-59.9013221392245,-63.1954388904392,-59.9825618515688,-59.8752593496442,-63.2545233173693,-59.9029045734639
1.89566666666667,-59.9128096967575,-63.2090949295327,-59.9940227516346,-59.8867546248413,-63.2681585474801,-59.9142788797636
1.896,-59.9242811563674,-63.2227338519025,-60.0054674853682,-59.8982337697676,-63.2817767522268,-59.9256368892093
1.89633333333333,-59.9357365490867,-63.2363556890589,-60.0168960836922,-59.9096968156047,-63.2953779630331,-59.9369786328001
1.89666666666667,-59.9471759058673,-63.2499604724326,-60.0283085774493,-59.9211437934529,-63.3089622112435,-59.9483041414546
1.897,-59.9585992575805,-63.2635482333752,-60.0397049974021,-59.9325747343321,-63.3225295281238,-59.9596134460117
1.89733333333333,-59.9700066350177,-63.2771190031595,-60.0510853742338,-59.9439896691814,-63.3360799448611,-59.9709065772298
1.89766666666667,-59.9813980688903,-63.2906728129792,-60.0624497385486,-59.9553886288596,-63.3496134925643,-59.9821835657883
1.898,-59.9927735898299,-63.30420969395,-60.0737981208713,-59.9667716441456,-63.3631302022642,-59.9934444422869
1.89833333333333,-60.0041332283892,-63.3177296771092,-60.0851305516484,-59.9781387457386,-63.3766301049141,-60.0046892372464
1.89866666666667,-60.0154770150415,-63.3312327934164,-60.0964470612475,-59.9894899642582,-63.3901132313894,-60.0159179811086
1.899,-60.0268049801813,-63.3447190737534,-60.1077476799584,-60.0008253302449,-63.4035796124885,-60.027130704237
1.89933333333333,-60.0381171541247,-63.3581885489248,-60.1190324379927,-60.0121448741602,-63.4170292789328,-60.0383274369167
1.89966666666667,-60.0494135671094,-63.3716412496578,-60.1303013654844,-60.0234486263871,-63.4304622613669,-60.0495082093547
1.9,-60.060694249295,-63.3850772066031,-60.1415544924902,-60.0347366172298,-63.443878590359,-60.0606730516804
1.90033333333333,-60.0719592307636,-63.3984964503346,-60.1527918489893,-60.0460088769147,-63.457278296401,-60.0718219939456
1.90066666666667,-60.0832085415194,-63.4118990113499,-60.1640134648844,-60.0572654355901,-63.4706614099088,-60.0829550661247
1.901,-60.0944422114896,-63.4252849200705,-60.1752193700011,-60.0685063233267,-63.4840279612228,-60.0940722981154
1.90133333333333,-60.1056602705243,-63.4386542068422,-60.1864095940891,-60.0797315701179,-63.4973779806077,-60.1051737197385
1.90166666666667,-60.1168627483969,-63.452006901935,-60.1975841668214,-60.0909412058798,-63.5107114982531,-60.1162593607382
1.902,-60.1280496748043,-63.4653430355438,-60.2087431177956,-60.1021352604518,-63.5240285442737,-60.1273292507827
1.90233333333333,-60.139221079367,-63.4786626377881,-60.2198864765333,-60.1133137635965,-63.5373291487094,-60.138383419464
1.90266666666667,-60.1503769916297,-63.491965738713,-60.2310142724808,-60.1244767450002,-63.5506133415256,-60.1494218962985
1.903,-60.1615174410614,-63.5052523682888,-60.2421265350094,-60.1356242342733,-63.5638811526137,-60.1604447107272
1.90333333333333,-60.1726424570552,-63.5185225564114,-60.2532232934152,-60.1467562609499,-63.5771326117909,-60.1714518921155
1.90366666666667,-60.1837520689295,-63.5317763329028,-60.2643045769199,-60.1578728544888,-63.5903677488008,-60.1824434697543
1.904,-60.1948463059273,-63.545013727511,-60.2753704146706,-60.1689740442734,-63.6035865933134,-60.1934194728594
1.90433333333333,-60.2059251972171,-63.5582347699106,-60.2864208357404,-60.1800598596118,-63.6167891749258,-60.2043799305723
1.90466666666667,-60.2169887718926,-63.5714394897025,-60.2974558691285,-60.1911303297374,-63.6299755231616,-60.2153248719601
1.905,-60.2280370589736,-63.584627916415,-60.3084755437601,-60.2021854838089,-63.6431456674721,-60.226254326016
1.90533333333333,-60.2390700874056,-63.5978000795032,-60.3194798884874,-60.2132253509107,-63.656299637236,-60.2371683216595
1.90566666666667,-60.2500878860604,-63.6109560083496,-60.3304689320891,-60.224249960053,-63.6694374617594,-60.2480668877365
1.906,-60.2610904837365,-63.6240957322644,-60.341442703271,-60.235259340172,-63.6825591702769,-60.2589500530195
1.90633333333333,-60.2720779091586,-63.6372192804857,-60.3524012306663,-60.2462535201304,-63.695664791951,-60.2698178462083
1.90666666666667,-60.283050190979,-63.6503266821797,-60.3633445428356,-60.2572325287175,-63.7087543558725,-60.2806702959295
1.907,-60.2940073577766,-63.6634179664408,-60.3742726682674,-60.2681963946493,-63.7218278910614,-60.2915074307376
1.90733333333333,-60.304949438058,-63.6764931622921,-60.3851856353779,-60.2791451465689,-63.734885426466,-60.3023292791143
1.90766666666667,-60.3158764602575,-63.6895522986855,-60.396083472512,-60.2900788130469,-63.7479269909642,-60.3131358694695
1.908,-60.3267884527373,-63.702595404502,-60.4069662079427,-60.3009974225812,-63.7609526133632,-60.3239272301414
1.90833333333333,-60.3376854437876,-63.7156225085516,-60.4178338698718,-60.3119010035976,-63.7739623223996,-60.3347033893962
1.90866666666667,-60.3485674616271,-63.7286336395743,-60.4286864864301,-60.3227895844499,-63.7869561467402,-60.3454643754291
1.909,-60.359434534403,-63.7416288262394,-60.4395240856774,-60.3336631934202,-63.7999341149817,-60.3562102163639
1.90933333333333,-60.3702866901915,-63.7546080971464,-60.4503466956033,-60.344521858719,-63.8128962556509,-60.3669409402536
1.90966666666667,-60.3811239569978,-63.767571480825,-60.4611543441265,-60.3553656084856,-63.8258425972057,-60.3776565750807
1.91,-60.3919463627563,-63.7805190057352,-60.471947059096,-60.3661944707882,-63.8387731680341,-60.3883571487568
1.91033333333333,-60.402753935331,-63.7934507002679,-60.4827248682906,-60.3770084736243,-63.8516879964556,-60.3990426891238
1.91066666666667,-60.4135467025157,-63.8063665927447,-60.4934877994196,-60.3878076449206,-63.8645871107208,-60.4097132239532
1.911,-60.4243246920343,-63.8192667114185,-60.5042358801227,-60.3985920125338,-63.8774705390117,-60.4203687809471
1.91133333333333,-60.4350879315407,-63.8321510844733,-60.5149691379707,-60.4093616042501,-63.8903383094419,-60.4310093877379
1.91166666666667,-60.4458364486195,-63.8450197400248,-60.5256876004648,-60.420116447786,-63.9031904500571,-60.4416350718886
1.912,-60.4565702707856,-63.8578727061207,-60.5363912950382,-60.4308565707884,-63.9160269888349,-60.4522458608934
1.91233333333333,-60.4672894254852,-63.8707100107405,-60.5470802490548,-60.4415820008346,-63.9288479536855,-60.4628417821773
1.91266666666667,-60.4779939400955,-63.8835316817958,-60.5577544898107,-60.4522927654328,-63.9416533724513,-60.473422863097
1.913,-60.4886838419249,-63.8963377471311,-60.5684140445336,-60.4629888920222,-63.9544432729079,-60.4839891309406
1.91333333333333,-60.4993591582135,-63.9091282345232,-60.5790589403834,-60.4736704079731,-63.9672176827637,-60.4945406129282
1.91366666666667,-60.5100199161332,-63.921903171682,-60.5896892044525,-60.4843373405875,-63.9799766296603,-60.5050773362117
1.914,-60.5206661427879,-63.9346625862505,-60.6003048637656,-60.4949897170989,-63.9927201411728,-60.5155993278756
1.91433333333333,-60.5312978652138,-63.9474065058049,-60.6109059452803,-60.5056275646728,-64.0054482448099,-60.5261066149365
1.91466666666667,-60.5419151103794,-63.9601349578553,-60.6214924758872,-60.5162509104067,-64.0181609680142,-60.536599224344
1.915,-60.5525179051861,-63.9728479698454,-60.63206448241,-60.5268597813307,-64.0308583381626,-60.5470771829805
1.91533333333333,-60.5631062764679,-63.9855455691526,-60.6426219916061,-60.5374542044071,-64.043540382566,-60.5575405176615
1.91566666666667,-60.5736802509922,-63.998227783089,-60.6531650301663,-60.5480342065312,-64.0562071284699,-60.5679892551361
1.916,-60.5842398554595,-64.0108946389009,-60.6636936247152,-60.5585998145314,-64.0688586030546,-60.5784234220866
1.91633333333333,-60.5947851165041,-64.0235461637693,-60.6742078018117,-60.5691510551692,-64.0814948334354,-60.5888430451295
1.91666666666667,-60.6053160606937,-64.0361823848098,-60.6847075879489,-60.5796879551394,-64.0941158466626,-60.5992481508149
1.917,-60.6158327145304,-64.0488033290736,-60.6951930095544,-60.5902105410706,-64.1067216697219,-60.6096387656274
1.91733333333333,-60.6263351044501,-64.0614090235466,-60.7056640929903,-60.6007188395253,-64.1193123295348,-60.620014915986
1.91766666666667,-60.6368232568233,-64.0739994951505,-60.716120864554,-60.611212877,-64.1318878529583,-60.6303766282443
1.918,-60.6472971979551,-64.0865747707427,-60.7265633504779,-60.6216926799254,-64.1444482667856,-60.6407239286907
1.91833333333333,-60.6577569540854,-64.0991348771164,-60.7369915769294,-60.632158274667,-64.1569935977459,-60.6510568435487
1.91866666666667,-60.6682025513891,-64.111679841001,-60.747405570012,-60.6426096875246,-64.1695238725049,-60.6613753989772
1.919,-60.6786340159763,-64.1242096890622,-60.7578053557646,-60.6530469447332,-64.182039117665,-60.6716796210704
1.91933333333333,-60.6890513738927,-64.1367244479022,-60.7681909601621,-60.6634700724629,-64.1945393597654,-60.6819695358583
1.91966666666667,-60.6994546511195,-64.1492241440598,-60.7785624091156,-60.6738790968191,-64.2070246252821,-60.6922451693067
1.92,-60.7098438735739,-64.1617088040111,-60.7889197284728,-60.6842740438427,-64.2194949406287,-60.7025065473177
1.92033333333333,-60.720219067109,-64.174178454169,-60.7992629440175,-60.6946549395104,-64.231950332156,-60.7127536957295
1.92066666666667,-60.7305802575143,-64.1866331208838,-60.8095920814708,-60.7050218097349,-64.2443908261523,-60.7229866403171
1.921,-60.7409274705158,-64.1990728304435,-60.8199071664905,-60.7153746803651,-64.2568164488441,-60.7332054067918
1.92133333333333,-60.7512607317761,-64.2114976090738,-60.8302082246716,-60.725713577186,-64.2692272263956,-60.7434100208023
1.92166666666667,-60.7615800668946,-64.2239074829382,-60.8404952815465,-60.7360385259195,-64.2816231849094,-60.753600507934
1.922,-60.7718855014081,-64.2363024781386,-60.8507683625854,-60.7463495522242,-64.2940043504265,-60.76377689371
1.92233333333333,-60.7821770607903,-64.248682620715,-60.8610274931959,-60.7566466816955,-64.3063707489266,-60.7739392035907
1.92266666666667,-60.7924547704527,-64.2610479366461,-60.8712726987239,-60.7669299398662,-64.3187224063279,-60.7840874629743
1.923,-60.8027186557443,-64.2733984518492,-60.8815040044535,-60.7771993522064,-64.3310593484881,-60.7942216971969
1.92333333333333,-60.812968741952,-64.2857341921809,-60.891721435607,-60.7874549441238,-64.3433816012038,-60.8043419315329
1.92366666666667,-60.823205054301,-64.2980551834364,-60.9019250173453,-60.7976967409638,-64.3556891902112,-60.8144481911948
1.924,-60.8334276179546,-64.3103614513507,-60.9121147747684,-60.8079247680099,-64.3679821411858,-60.8245405013337
1.92433333333333,-60.8436364580145,-64.322653021598,-60.9222907329149,-60.8181390504837,-64.3802604797433,-60.8346188870396
1.92466666666667,-60.8538315995212,-64.3349299197925,-60.9324529167627,-60.8283396135452,-64.3925242314392,-60.8446833733412
1.925,-60.8640130674542,-64.3471921714882,-60.9426013512291,-60.838526482293,-64.4047734217691,-60.8547339852063
1.92533333333333,-60.8741808867318,-64.3594398021792,-60.952736061171,-60.8486996817645,-64.4170080761691,-60.8647707475424
1.92566666666667,-60.8843350822118,-64.3716728372997,-60.962857071385,-60.8588592369359,-64.4292282200158,-60.8747936851959
1.926,-60.8944756786913,-64.3838913022248,-60.9729644066076,-60.8690051727228,-64.4414338786267,-60.8848028229535
1.92633333333333,-60.9046027009071,-64.3960952222701,-60.9830580915156,-60.8791375139799,-64.4536250772601,-60.8947981855414
1.92666666666667,-60.9147161735358,-64.4082846226919,-60.9931381507258,-60.8892562855017,-64.4658018411154,-60.904779797626
1.927,-60.9248161211941,-64.4204595286878,-61.003204608796,-60.8993615120223,-64.4779641953334,-60.914747683814
1.92733333333333,-60.934902568439,-64.4326199653965,-61.0132574902243,-60.9094532182156,-64.4901121649966,-60.9247018686525
1.92766666666667,-60.9449755397677,-64.4447659578982,-61.0232968194498,-60.9195314286959,-64.5022457751288,-60.9346423766294
1.928,-60.9550350596182,-64.4568975312149,-61.0333226208529,-60.9295961680176,-64.5143650506959,-60.9445692321733
1.92833333333333,-60.9650811523691,-64.46901471031,-61.0433349187549,-60.9396474606757,-64.526470016606,-60.9544824596539
1.92866666666667,-60.9751138423402,-64.4811175200892,-61.0533337374189,-60.9496853311059,-64.5385606977092,-60.9643820833821
1.929,-60.9851331537922,-64.4932059854004,-61.0633191010495,-60.9597098036847,-64.5506371187982,-60.9742681276103
1.92933333333333,-60.9951391109275,-64.5052801310337,-61.073291033793,-60.9697209027297,-64.5626993046082,-60.9841406165323
1.92966666666667,-61.0051317378896,-64.5173399817218,-61.083249559738,-60.9797186524997,-64.5747472798172,-60.9939995742838
1.93,-61.0151110587642,-64.5293855621402,-61.093194702915,-60.9897030771951,-64.5867810690464,-61.0038450249426
1.93033333333333,-61.0250770975785,-64.5414168969073,-61.1031264872972,-60.9996742009577,-64.5988006968599,-61.0136769925284
1.93066666666667,-61.035029878302,-64.5534340105844,-61.1130449368001,-61.0096320478713,-64.6108061877653,-61.0234955010034
1.931,-61.0449694248465,-64.5654369276764,-61.122950075282,-61.0195766419615,-64.6227975662135,-61.0333005742722
1.93133333333333,-61.0548957610661,-64.5774256726315,-61.1328419265441,-61.0295080071963,-64.6347748565994,-61.0430922361822
1.93166666666667,-61.0648089107577,-64.5894002698414,-61.142720514331,-61.0394261674859,-64.6467380832616,-61.0528705105237
1.932,-61.0747088976609,-64.6013607436418,-61.1525858623301,-61.049331146683,-64.6586872704828,-61.0626354210299
1.93233333333333,-61.0845957454582,-64.6133071183123,-61.1624379941727,-61.059222968583,-64.67062244249,-61.0723869913775
1.93266666666667,-61.0944694777757,-64.6252394180767,-61.1722769334334,-61.0691016569245,-64.6825436234543,-61.0821252451864
1.933,-61.1043301181823,-64.6371576671032,-61.1821027036309,-61.0789672353889,-64.6944508374918,-61.0918502060201
1.93333333333333,-61.1141776901909,-64.6490618895043,-61.1919153282277,-61.0888197276009,-64.7063441086631,-61.101561897386
1.93366666666667,-61.1240122172578,-64.6609521093375,-61.2017148306307,-61.0986591571286,-64.7182234609738,-61.1112603427354
1.934,-61.1338337227834,-64.672828350605,-61.2115012341908,-61.1084855474838,-64.7300889183747,-61.1209455654638
1.93433333333333,-61.1436422301121,-64.684690637254,-61.2212745622038,-61.118298922122,-64.7419405047616,-61.1306175889109
1.93466666666667,-61.1534377625323,-64.696538993177,-61.2310348379099,-61.1280993044429,-64.7537782439759,-61.1402764363609
1.935,-61.1632203432772,-64.7083734422118,-61.2407820844944,-61.13788671779,-64.7656021598049,-61.1499221310427
1.93533333333333,-61.1729899955245,-64.7201940081419,-61.2505163250874,-61.1476611854513,-64.7774122759812,-61.1595546961301
1.93566666666667,-61.1827467423964,-64.7320007146965,-61.2602375827646,-61.1574227306594,-64.7892086161837,-61.1691741547418
1.936,-61.1924906069603,-64.7437935855506,-61.2699458805467,-61.1671713765914,-64.8009912040373,-61.1787805299417
1.93633333333333,-61.2022216122286,-64.7555726443253,-61.2796412414002,-61.1769071463692,-64.8127600631132,-61.1883738447391
1.93666666666667,-61.211939781159,-64.767337914588,-61.2893236882371,-61.1866300630598,-64.8245152169291,-61.1979541220887
1.937,-61.2216451366548,-64.7790894198525,-61.2989932439157,-61.1963401496754,-64.8362566889493,-61.2075213848911
1.93733333333333,-61.2313377015647,-64.7908271835792,-61.3086499312399,-61.2060374291736,-64.847984502585,-61.2170756559926
1.93766666666667,-61.2410174986832,-64.8025512291751,-61.3182937729602,-61.2157219244574,-64.8596986811942,-61.2266169581856
1.938,-61.2506845507509,-64.8142615799943,-61.3279247917734,-61.2253936583756,-64.8713992480821,-61.2361453142088
1.93833333333333,-61.2603388804545,-64.8259582593378,-61.3375430103228,-61.2350526537227,-64.8830862265013,-61.2456607467469
1.93866666666667,-61.2699805104269,-64.837641290454,-61.3471484511985,-61.2446989332395,-64.8947596396517,-61.2551632784318
1.939,-61.2796094632476,-64.8493106965387,-61.3567411369375,-61.2543325196128,-64.906419510681,-61.2646529318414
1.93933333333333,-61.2892257614427,-64.8609665007351,-61.366321090024,-61.2639534354758,-64.9180658626845,-61.2741297295009
1.93966666666667,-61.2988294274849,-64.8726087261344,-61.3758883328891,-61.2735617034083,-64.9296987187056,-61.2835936938826
1.94,-61.3084204837942,-64.8842373957754,-61.3854428879117,-61.2831573459367,-64.9413181017357,-61.2930448474056
1.94033333333333,-61.3179989527375,-64.8958525326452,-61.3949847774181,-61.2927403855344,-64.9529240347146,-61.3024832124368
1.94066666666667,-61.327564856629,-64.9074541596791,-61.4045140236823,-61.3023108446218,-64.9645165405304,-61.3119088112904
1.941,-61.3371182177304,-64.9190422997606,-61.4140306489263,-61.3118687455663,-64.9760956420199,-61.3213216662284
1.94133333333333,-61.3466590582511,-64.930616975722,-61.4235346753199,-61.321414110683,-64.9876613619686,-61.3307217994606
1.94166666666667,-61.3561874003482,-64.9421782103441,-61.4330261249814,-61.3309469622343,-64.9992137231108,-61.3401092331448
1.942,-61.3657032661267,-64.9537260263566,-61.4425050199774,-61.3404673224303,-65.0107527481302,-61.3494839893872
1.94233333333333,-61.3752066776398,-64.9652604464383,-61.451971382323,-61.3499752134289,-65.0222784596594,-61.358846090242
1.94266666666667,-61.3846976568889,-64.9767814932171,-61.4614252339821,-61.3594706573363,-65.0337908802805,-61.3681955577123
1.943,-61.3941762258238,-64.9882891892704,-61.4708665968672,-61.3689536762066,-65.0452900325251,-61.3775324137496
1.94333333333333,-61.403642406343,-64.999783557125,-61.4802954928401,-61.3784242920423,-65.0567759388747,-61.3868566802542
1.94366666666667,-61.4130962202937,-65.0112646192571,-61.4897119437117,-61.3878825267943,-65.0682486217604,-61.3961683790757
1.944,-61.422537689472,-65.0227323980932,-61.4991159712421,-61.3973284023624,-65.0797081035634,-61.4054675320125
1.94433333333333,-61.431966835623,-65.0341869160094,-61.508507597141,-61.406761940595,-65.0911544066151,-61.4147541608125
1.94466666666667,-61.441383680441,-65.0456281953319,-61.5178868430678,-61.4161831632894,-65.1025875531972,-61.424028287173
1.945,-61.4507882455698,-65.0570562583375,-61.5272537306316,-61.4255920921924,-65.1140075655418,-61.4332899327409
1.94533333333333,-61.4601805526027,-65.0684711272531,-61.5366082813914,-61.4349887489996,-65.1254144658316,-61.442539119113
1.94566666666667,-61.4695606230826,-65.0798728242563,-61.5459505168565,-61.4443731553564,-65.1368082762003,-61.4517758678359
1.946,-61.4789284785024,-65.0912613714754,-61.5552804584863,-61.4537453328576,-65.1481890187322,-61.4610002004062
1.94633333333333,-61.4882841403047,-65.1026367909897,-61.5645981276907,-61.4631053030478,-65.159556715463,-61.4702121382711
1.94666666666667,-61.4976276298826,-65.1139991048295,-61.5739035458301,-61.4724530874216,-65.1709113883793,-61.4794117028279
1.947,-61.5069589685793,-65.125348334976,-61.5831967342157,-61.4817887074235,-65.1822530594194,-61.4885989154244
1.94733333333333,-61.5162781776884,-65.1366845033621,-61.5924777141095,-61.4911121844484,-65.1935817504728,-61.4977737973593
1.94766666666667,-61.5255852784544,-65.1480076318721,-61.6017465067246,-61.5004235398412,-65.2048974833809,-61.506936369882
1.948,-61.5348802920722,-65.1593177423418,-61.6110031332253,-61.5097227948978,-65.2162002799369,-61.5160866541931
1.94833333333333,-61.5441632396879,-65.1706148565588,-61.6202476147269,-61.5190099708645,-65.2274901618859,-61.5252246714441
1.94866666666667,-61.5534341423984,-65.1818989962628,-61.6294799722967,-61.5282850889383,-65.238767150925,-61.534350442738
1.949,-61.562693021252,-65.1931701831454,-61.6387002269532,-61.5375481702674,-65.2500312687037,-61.5434639891292
1.94933333333333,-61.5719398972484,-65.2044284388506,-61.647908399667,-61.5467992359511,-65.261282536824,-61.5525653316236
1.94966666666667,-61.5811747913385,-65.2156737849745,-61.6571045113602,-61.5560383070399,-65.2725209768403,-61.561654491179
1.95,-61.5903977244253,-65.2269062430659,-61.6662885829074,-61.5652654045356,-65.2837466102598,-61.5707314887051
1.95033333333333,-61.5996087173632,-65.2381258346263,-61.6754606351352,-61.5744805493918,-65.2949594585422,-61.5797963450635
1.95066666666667,-61.6088077909588,-65.2493325811099,-61.6846206888225,-61.5836837625136,-65.3061595431007,-61.5888490810682
1.951,-61.6179949659707,-65.2605265039239,-61.6937687647008,-61.5928750647581,-65.3173468853014,-61.5978897174854
1.95133333333333,-61.6271702631098,-65.2717076244285,-61.7029048834543,-61.6020544769345,-65.3285215064634,-61.6069182750338
1.95166666666667,-61.6363337030393,-65.2828759639373,-61.71202906572,-61.6112220198039,-65.3396834278597,-61.6159347743848
1.952,-61.6454853063751,-65.2940315437171,-61.7211413320876,-61.6203777140798,-65.3508326707164,-61.6249392361625
1.95233333333333,-61.6546250936855,-65.3051743849884,-61.7302417031001,-61.6295215804282,-65.3619692562136,-61.6339316809441
1.95266666666667,-61.663753085492,-65.3163045089252,-61.7393301992538,-61.6386536394677,-65.3730932054851,-61.6429121292597
1.953,-61.6728693022687,-65.3274219366553,-61.7484068409981,-61.6477739117696,-65.3842045396187,-61.6518806015926
1.95333333333333,-61.681973764443,-65.3385266892607,-61.7574716487362,-61.656882417858,-65.3953032796562,-61.6608371183795
1.95366666666667,-61.6910664923955,-65.3496187877771,-61.7665246428246,-61.6659791782101,-65.4063894465939,-61.6697817000107
1.954,-61.7001475064603,-65.3606982531947,-61.775565843574,-61.6750642132563,-65.4174630613823,-61.67871436683
1.95433333333333,-61.7092168269249,-65.3717651064579,-61.7845952712488,-61.6841375433803,-65.4285241449263,-61.687635139135
1.95466666666667,-61.7182744740306,-65.3828193684657,-61.7936129460674,-61.6931991889191,-65.4395727180859,-61.6965440371774
1.955,-61.7273204679723,-65.3938610600717,-61.8026188882026,-61.7022491701635,-65.4506088016753,-61.7054410811627
1.95533333333333,-61.7363548288991,-65.4048902020843,-61.8116131177815,-61.7112875073578,-65.4616324164642,-61.7143262912507
1.95566666666667,-61.7453775769141,-65.4159068152667,-61.8205956548855,-61.7203142207004,-65.472643583177,-61.7231996875557
1.956,-61.7543887320746,-65.4269109203373,-61.829566519551,-61.7293293303435,-65.4836423224935,-61.7320612901463
1.95633333333333,-61.7633883143924,-65.4379025379696,-61.8385257317688,-61.7383328563937,-65.4946286550488,-61.7409111190458
1.95666666666667,-61.7723763438335,-65.4488816887923,-61.8474733114848,-61.7473248189116,-65.5056026014333,-61.7497491942322
1.957,-61.781352840319,-65.4598483933898,-61.8564092785999,-61.7563052379123,-65.5165641821932,-61.7585755356384
1.95733333333333,-61.7903178237244,-65.4708026723019,-61.8653336529701,-61.7652741333657,-65.5275134178304,-61.7673901631523
1.95766666666667,-61.7992713138804,-65.4817445460241,-61.8742464544068,-61.7742315251961,-65.5384503288027,-61.7761930966172
1.958,-61.8082133305725,-65.492674035008,-61.8831477026769,-61.7831774332828,-65.5493749355239,-61.7849843558315
1.95833333333333,-61.8171438935416,-65.5035911596608,-61.8920374175027,-61.7921118774599,-65.5602872583638,-61.7937639605489
1.95866666666667,-61.8260630224838,-65.5144959403462,-61.9009156185623,-61.8010348775168,-65.5711873176486,-61.8025319304791
1.959,-61.8349707370508,-65.5253883973838,-61.9097823254897,-61.8099464531982,-65.5820751336609,-61.8112882852871
1.95933333333333,-61.8438670568497,-65.5362685510499,-61.9186375578748,-61.8188466242038,-65.5929507266398,-61.8200330445939
1.95966666666667,-61.8527520014435,-65.5471364215771,-61.9274813352637,-61.8277354101892,-65.6038141167811,-61.8287662279766
1.96,-61.861625590351,-65.5579920291546,-61.9363136771586,-61.8366128307654,-65.6146653242373,-61.8374878549681
1.96033333333333,-61.8704878430469,-65.5688353939286,-61.9451346030182,-61.8454789054994,-65.6255043691178,-61.846197945058
1.96066666666667,-61.8793387789623,-65.5796665360019,-61.9539441322577,-61.8543336539138,-65.6363312714892,-61.8548965176918
1.961,-61.8881784174843,-65.5904854754347,-61.9627422842489,-61.8631770954876,-65.6471460513752,-61.8635835922717
1.96133333333333,-61.8970067779565,-65.601292232244,-61.9715290783203,-61.8720092496556,-65.6579487287567,-61.8722591881568
1.96166666666667,-61.9058238796789,-65.6120868264043,-61.9803045337575,-61.8808301358093,-65.6687393235721,-61.8809233246624
1.962,-61.9146297419083,-65.6228692778473,-61.9890686698029,-61.8896397732962,-65.6795178557175,-61.8895760210613
1.96233333333333,-61.9234243838582,-65.6336396064626,-61.9978215056561,-61.8984381814208,-65.6902843450464,-61.8982172965829
1.96266666666667,-61.9322078246991,-65.6443978320971,-62.0065630604741,-61.907225379444,-65.7010388113703,-61.9068471704139
1.963,-61.9409800835585,-65.6551439745556,-62.0152933533713,-61.9160013865836,-65.7117812744586,-61.9154656616984
1.96333333333333,-61.9497411795208,-65.665878053601,-62.0240124034195,-61.9247662220144,-65.7225117540387,-61.9240727895377
1.96366666666667,-61.9584911316282,-65.6766000889539,-62.0327202296482,-61.9335199048682,-65.7332302697962,-61.9326685729908
1.964,-61.9672299588799,-65.6873101002934,-62.0414168510449,-61.942262454234,-65.743936841375,-61.9412530310743
1.96433333333333,-61.9759576802328,-65.6980081072567,-62.0501022865546,-61.9509938891584,-65.7546314883775,-61.9498261827626
1.96466666666667,-61.9846743146015,-65.7086941294394,-62.0587765550809,-61.959714228645,-65.7653142303645,-61.9583880469881
1.965,-61.9933798808584,-65.7193681863958,-62.0674396754851,-61.9684234916554,-65.7759850868557,-61.9669386426412
1.96533333333333,-62.0020743978338,-65.7300302976386,-62.0760916665869,-61.9771216971087,-65.7866440773292,-61.9754779885704
1.96566666666667,-62.0107578843161,-65.7406804826395,-62.0847325471646,-61.9858088638819,-65.7972912212225,-61.9840061035825
1.966,-62.0194303590517,-65.7513187608291,-62.0933623359549,-61.99448501081,-65.8079265379317,-61.992523006443
1.96633333333333,-62.0280918407454,-65.7619451515968,-62.1019810516531,-62.003150156686,-65.8185500468124,-62.0010287158755
1.96666666666667,-62.0367423480606,-65.7725596742915,-62.1105887129134,-62.0118043202612,-65.8291617671793,-62.0095232505627
1.967,-62.0453818996191,-65.7831623482211,-62.1191853383488,-62.0204475202453,-65.8397617183064,-62.0180066291458
1.96733333333333,-62.0540105140012,-65.7937531926528,-62.1277709465316,-62.0290797753062,-65.8503499194274,-62.026478870225
1.96766666666667,-62.0626282097463,-65.8043322268137,-62.1363455559929,-62.0377011040707,-65.8609263897356,-62.0349399923597
1.968,-62.0712350053526,-65.8148994698901,-62.1449091852233,-62.0463115251241,-65.871491148384,-62.0433900140682
1.96833333333333,-62.0798309192771,-65.8254549410283,-62.1534618526726,-62.0549110570106,-65.8820442144854,-62.0518289538283
1.96866666666667,-62.0884159699364,-65.8359986593344,-62.1620035767504,-62.0634997182335,-65.8925856071127,-62.060256830077
1.969,-62.096990175706,-65.8465306438744,-62.1705343758257,-62.0720775272548,-65.9031153452989,-62.068673661211
1.96933333333333,-62.1055535549211,-65.8570509136745,-62.1790542682274,-62.080644502496,-65.9136334480372,-62.0770794655867
1.96966666666667,-62.114106125876,-65.8675594877211,-62.187563272244,-62.0892006623379,-65.924139934281,-62.0854742615201
1.97,-62.1226479068251,-65.878056384961,-62.1960614061245,-62.0977460251207,-65.9346348229444,-62.093858067287
1.97033333333333,-62.1311789159823,-65.8885416243011,-62.2045486880774,-62.106280609144,-65.9451181329019,-62.1022309011236
1.97066666666667,-62.1396991715214,-65.8990152246094,-62.2130251362719,-62.1148044326672,-65.9555898829886,-62.1105927812257
1.971,-62.1482086915763,-65.9094772047141,-62.2214907688373,-62.1233175139096,-65.9660500920007,-62.1189437257499
1.97133333333333,-62.1567074942408,-65.9199275834044,-62.2299456038635,-62.1318198710502,-65.976498778695,-62.1272837528127
1.97166666666667,-62.1651955975692,-65.9303663794305,-62.2383896594008,-62.1403115222281,-65.9869359617895,-62.1356128804913
1.972,-62.1736730195758,-65.9407936115034,-62.2468229534604,-62.1487924855427,-65.9973616599633,-62.1439311268234
1.97233333333333,-62.1821397782358,-65.9512092982955,-62.2552455040142,-62.1572627790535,-66.0077758918566,-62.1522385098075
1.97266666666667,-62.1905958914846,-65.9616134584401,-62.263657328995,-62.1657224207803,-66.0181786760712,-62.1605350474029
1.973,-62.1990413772184,-65.9720061105322,-62.2720584462967,-62.1741714287037,-66.0285700311702,-62.1688207575298
1.97333333333333,-62.2074762532943,-65.9823872731281,-62.2804488737743,-62.1826098207645,-66.0389499756783,-62.1770956580695
1.97366666666667,-62.2159005375303,-65.9927569647456,-62.2888286292442,-62.1910376148645,-66.0493185280821,-62.1853597668645
1.974,-62.2243142477053,-66.0031152038645,-62.2971977304839,-62.1994548288664,-66.0596757068297,-62.1936131017184
1.97433333333333,-62.2327174015595,-66.0134620089261,-62.3055561952327,-62.2078614805937,-66.0700215303314,-62.2018556803965
1.97466666666667,-62.2411100167943,-66.0237973983337,-62.3139040411913,-62.2162575878309,-66.0803560169592,-62.2100875206253
1.975,-62.2494921110725,-66.0341213904528,-62.3222412860223,-62.2246431683239,-66.0906791850475,-62.2183086400932
1.97533333333333,-62.2578637020184,-66.0444340036108,-62.3305679473499,-62.2330182397797,-66.100991052893,-62.2265190564503
1.97566666666667,-62.2662248072179,-66.0547352560975,-62.3388840427604,-62.2413828198669,-66.1112916387544,-62.2347187873083
1.976,-62.2745754442185,-66.0650251661649,-62.3471895898022,-62.2497369262155,-66.1215809608533,-62.2429078502411
1.97633333333333,-62.2829156305297,-66.0753037520278,-62.3554846059858,-62.2580805764171,-66.1318590373735,-62.2510862627846
1.97666666666667,-62.2912453836229,-66.0855710318631,-62.3637691087839,-62.2664137880251,-66.1421258864616,-62.259254042437
1.977,-62.2995647209314,-66.0958270238107,-62.3720431156316,-62.2747365785547,-66.1523815262272,-62.2674112066586
1.97733333333333,-62.3078736598509,-66.1060717459733,-62.3803066439266,-62.2830489654833,-66.1626259747424,-62.2755577728723
1.97766666666667,-62.3161722177391,-66.1163052164164,-62.3885597110291,-62.2913509662501,-66.1728592500426,-62.2836937584634
1.978,-62.3244604119163,-66.1265274531685,-62.3968023342621,-62.2996425982565,-66.1830813701262,-62.2918191807798
1.97833333333333,-62.3327382596652,-66.1367384742211,-62.4050345309114,-62.3079238788664,-66.1932923529548,-62.2999340571322
1.97866666666667,-62.3410057782311,-66.1469382975293,-62.4132563182257,-62.316194825406,-66.2034922164534,-62.3080384047942
1.979,-62.349262984822,-66.1571269410111,-62.4214677134167,-62.324455455164,-66.2136809785102,-62.3161322410024
1.97933333333333,-62.3575098966087,-66.1673044225481,-62.4296687336593,-62.3327057853917,-66.2238586569772,-62.3242155829561
1.97966666666667,-62.365746530725,-66.1774707599854,-62.4378593960917,-62.3409458333031,-66.2340252696698,-62.3322884478182
1.98,-62.3739729042676,-66.1876259711319,-62.4460397178153,-62.3491756160753,-66.2441808343673,-62.3403508527148
1.98033333333333,-62.3821890342964,-66.19777007376,-62.454209715895,-62.357395150848,-66.2543253688126,-62.3484028147351
1.98066666666667,-62.3903949378346,-66.207903085606,-62.4623694073596,-62.3656044547242,-66.2644588907129,-62.356444350932
1.981,-62.3985906318687,-66.2180250243703,-62.470518809201,-62.3738035447699,-66.2745814177392,-62.3644754783222
1.98133333333333,-62.4067761333486,-66.2281359077172,-62.4786579383753,-62.3819924380145,-66.2846929675267,-62.3724962138856
1.98166666666667,-62.4149514591878,-66.2382357532751,-62.4867868118025,-62.3901711514507,-66.2947935576746,-62.3805065745664
1.982,-62.4231166262636,-66.248324578637,-62.4949054463662,-62.3983397020347,-66.3048832057469,-62.3885065772725
1.98233333333333,-62.4312716514168,-66.2584024013598,-62.5030138589145,-62.4064981066864,-66.3149619292717,-62.3964962388758
1.98266666666667,-62.4394165514522,-66.2684692389651,-62.5111120662595,-62.4146463822891,-66.3250297457418,-62.4044755762122
1.983,-62.4475513431387,-66.278525108939,-62.5192000851777,-62.4227845456901,-66.3350866726146,-62.4124446060823
1.98333333333333,-62.4556760432091,-66.2885700287324,-62.5272779324099,-62.4309126137006,-66.3451327273123,-62.4204033452504
1.98366666666667,-62.4637906683604,-66.2986040157608,-62.5353456246614,-62.4390306030958,-66.3551679272218,-62.4283518104458
1.984,-62.4718952352541,-66.3086270874046,-62.5434031786022,-62.447138530615,-66.3651922896951,-62.4362900183619
1.98433333333333,-62.4799897605158,-66.3186392610091,-62.551450610867,-62.4552364129615,-66.3752058320491,-62.444217985657
1.98466666666667,-62.4880742607359,-66.3286405538848,-62.5594879380551,-62.4633242668034,-66.3852085715661,-62.4521357289541
1.985,-62.496148752469,-66.3386309833073,-62.5675151767311,-62.4714021087726,-66.3952005254934,-62.4600432648409
1.98533333333333,-62.5042132522347,-66.3486105665174,-62.5755323434243,-62.479469955466,-66.4051817110436,-62.4679406098703
1.98566666666667,-62.5122677765174,-66.3585793207213,-62.5835394546292,-62.487527823445,-66.415152145395,-62.47582778056
1.986,-62.5203123417662,-66.3685372630906,-62.5915365268056,-62.4955757292355,-66.4251118456912,-62.483704793393
1.98633333333333,-62.5283469643953,-66.3784844107627,-62.5995235763783,-62.5036136893284,-66.4350608290415,-62.4915716648175
1.98666666666667,-62.5363716607841,-66.3884207808402,-62.607500619738,-62.5116417201796,-66.444999112521,-62.499428411247
1.987,-62.5443864472771,-66.3983463903919,-62.6154676732405,-62.5196598382098,-66.4549267131706,-62.5072750490605
1.98733333333333,-62.552391340184,-66.4082612564522,-62.6234247532073,-62.5276680598051,-66.4648436479969,-62.5151115946026
1.98766666666667,-62.56038635578,-66.4181653960213,-62.6313718759258,-62.5356664013165,-66.4747499339728,-62.5229380641834
1.988,-62.5683715103059,-66.4280588260658,-62.6393090576491,-62.5436548790606,-66.4846455880373,-62.5307544740789
1.98833333333333,-62.5763468199679,-66.4379415635182,-62.647236314596,-62.5516335093192,-66.4945306270954,-62.5385608405308
1.98866666666667,-62.584312300938,-66.4478136252772,-62.6551536629516,-62.5596023083397,-66.5044050680185,-62.5463571797469
1.989,-62.5922679693539,-66.4576750282079,-62.6630611188668,-62.5675612923352,-66.5142689276444,-62.5541435079009
1.98933333333333,-62.6002138413193,-66.4675257891418,-62.6709586984591,-62.5755104774844,-66.5241222227774,-62.5619198411326
1.98966666666667,-62.6081499329039,-66.4773659248769,-62.6788464178118,-62.5834498799318,-66.5339649701883,-62.5696861955483
1.99,-62.6160762601433,-66.4871954521778,-62.686724292975,-62.5913795157879,-66.5437971866148,-62.5774425872203
1.99033333333333,-62.6239928390394,-66.4970143877758,-62.694592339965,-62.5992994011291,-66.553618888761,-62.5851890321875
1.99066666666667,-62.6318996855604,-66.5068227483689,-62.7024505747649,-62.6072095519981,-66.5634300932982,-62.5929255464554
1.991,-62.6397968156408,-66.5166205506222,-62.7102990133242,-62.6151099844034,-66.5732308168644,-62.6006521459958
1.99133333333333,-62.6476842451816,-66.5264078111676,-62.7181376715593,-62.6230007143202,-66.5830210760648,-62.6083688467477
1.99166666666667,-62.6555619900503,-66.5361845466039,-62.7259665653537,-62.6308817576899,-66.5928008874717,-62.6160756646163
1.992,-62.6634300660812,-66.5459507734976,-62.7337857105574,-62.6387531304205,-66.6025702676245,-62.6237726154743
1.99233333333333,-62.6712884890751,-66.5557065083817,-62.7415951229878,-62.6466148483862,-66.6123292330301,-62.6314597151611
1.99266666666667,-62.6791372747999,-66.5654517677573,-62.7493948184293,-62.6544669274284,-66.6220778001626,-62.639136979483
1.993,-62.6869764389903,-66.5751865680924,-62.7571848126335,-62.6623093833549,-66.6318159854639,-62.646804424214
1.99333333333333,-62.694805997348,-66.5849109258226,-62.7649651213194,-62.6701422319405,-66.6415438053432,-62.6544620650948
1.99366666666667,-62.7026259655419,-66.5946248573514,-62.7727357601733,-62.6779654889269,-66.6512612761775,-62.6621099178339
1.994,-62.710436359208,-66.6043283790497,-62.7804967448492,-62.6857791700229,-66.6609684143114,-62.6697479981071
1.99433333333333,-62.7182371939499,-66.6140215072562,-62.7882480909686,-62.6935832909043,-66.6706652360576,-62.6773763215578
1.99466666666667,-62.7260284853381,-66.6237042582777,-62.7959898141206,-62.7013778672144,-66.6803517576966,-62.6849949037969
1.995,-62.7338102489111,-66.6333766483888,-62.8037219298622,-62.7091629145636,-66.6900279954769,-62.6926037604032
1.99533333333333,-62.7415825001746,-66.6430386938321,-62.8114444537183,-62.7169384485297,-66.6996939656153,-62.7002029069233
1.99566666666667,-62.7493452546022,-66.6526904108185,-62.8191574011816,-62.7247044846581,-66.7093496842965,-62.7077923588716
1.996,-62.7570985276353,-66.6623318155271,-62.8268607877131,-62.7324610384619,-66.7189951676737,-62.7153721317308
1.99633333333333,-62.7648423346828,-66.6719629241052,-62.8345546287417,-62.7402081254216,-66.7286304318685,-62.7229422409514
1.99666666666667,-62.7725766911219,-66.6815837526686,-62.8422389396647,-62.7479457609856,-66.7382554929709,-62.7305027019522
1.997,-62.7803016122978,-66.6911943173017,-62.8499137358476,-62.7556739605704,-66.7478703670393,-62.7380535301203
1.99733333333333,-62.7880171135236,-66.7007946340572,-62.8575790326244,-62.7633927395601,-66.7574750701011,-62.7455947408112
1.99766666666667,-62.7957232100809,-66.7103847189567,-62.8652348452976,-62.7711021133071,-66.767069618152,-62.7531263493487
1.998,-62.8034199172193,-66.7199645879905,-62.8728811891381,-62.7788020971317,-66.7766540271568,-62.7606483710254
1.99833333333333,-62.811107250157,-66.7295342571177,-62.8805180793859,-62.7864927063228,-66.7862283130492,-62.7681608211024
1.99866666666667,-62.8187852240807,-66.7390937422663,-62.8881455312492,-62.7941739561373,-66.7957924917316,-62.7756637148094
1.999,-62.8264538541455,-66.7486430593334,-62.8957635599056,-62.8018458618005,-66.8053465790757,-62.7831570673452
1.99933333333333,-62.8341131554754,-66.7581822241852,-62.9033721805012,-62.8095084385064,-66.8148905909224,-62.7906408938773
1.99966666666667,-62.8417631431627,-66.7677112526569,-62.9109714081515,-62.8171617014174,-66.8244245430815,-62.7981152095422
2,-62.849403832269,-66.7772301605531,-62.9185612579407,-62.8248056656646,-66.8339484513326,-62.8055800294456
