"Freq [GHz]","dB(S(1,2)) []","dB(S(1,3)) []","dB(S(1,4)) []","dB(S(2,3)) []","dB(S(2,4)) []","dB(S(3,4)) []"
1,-82.1358690071787,-79.5631073006748,-82.1683070299947,-82.1046254091243,-79.5640179481004,-82.1295332537908
1.00033333333333,-82.1281891486972,-79.5526077907742,-82.160669103798,-82.0970292482957,-79.5535510960814,-82.1220577643999
1.00066666666667,-82.1204985007145,-79.5421003723657,-82.1530203524807,-82.0894223898539,-79.543076312772,-82.1145714490348
1.001,-82.1127970412592,-79.5315850374657,-82.1453607540646,-82.081804811756,-79.5325935902145,-82.1070742846869
1.00133333333333,-82.1050847483322,-79.5210617780836,-82.1376902865443,-82.0741764919307,-79.5221029204439,-82.0995662483196
1.00166666666667,-82.0973615999071,-79.5105305862217,-82.1300089278868,-82.0665374082785,-79.5116042954889,-82.0920473168688
1.002,-82.0896275739297,-79.4999914538755,-82.1223166560322,-82.0588875386721,-79.5010977073711,-82.0845174672426
1.00233333333333,-82.0818826483188,-79.4894443730335,-82.1146134488935,-82.0512268609562,-79.4905831481055,-82.0769766763216
1.00266666666667,-82.0741268009658,-79.478889335677,-82.1068992843564,-82.0435553529475,-79.4800606097001,-82.0694249209589
1.003,-82.0663600097349,-79.4683263337805,-82.0991741402801,-82.0358729924351,-79.469530084156,-82.0618621779806
1.00333333333333,-82.0585822524631,-79.4577553593113,-82.0914379944966,-82.0281797571803,-79.4589915634678,-82.0542884241851
1.00366666666667,-82.0507935069608,-79.4471764042298,-82.0836908248115,-82.0204756249168,-79.4484450396227,-82.0467036363442
1.004,-82.0429937510111,-79.4365894604889,-82.0759326090035,-82.0127605733508,-79.4378905046012,-82.0391077912024
1.00433333333333,-82.0351829623705,-79.4259945200347,-82.0681633248248,-82.0050345801613,-79.4273279503768,-82.0315008654773
1.00466666666667,-82.0273611187689,-79.415391574806,-82.0603829500014,-81.9972976229997,-79.416757368916,-82.0238828358598
1.005,-82.0195281979092,-79.4047806167344,-82.0525914622326,-81.9895496794903,-79.4061787521783,-82.0162536790141
1.00533333333333,-82.0116841774683,-79.3941616377444,-82.0447888391919,-81.9817907272302,-79.3955920921162,-82.0086133715781
1.00566666666667,-82.0038290350962,-79.3835346297532,-82.0369750585261,-81.9740207437896,-79.3849973806751,-82.0009618901628
1.006,-81.995962748417,-79.3728995846706,-82.0291500978563,-81.9662397067116,-79.3743946097934,-81.993299211353
1.00633333333333,-81.9880852950283,-79.3622564943992,-82.0213139347777,-81.9584475935125,-79.3637837714021,-81.9856253117077
1.00666666666667,-81.9801966525016,-79.3516053508344,-82.0134665468594,-81.9506443816819,-79.3531648574254,-81.9779401677591
1.007,-81.9722967983827,-79.340946145864,-82.005607911645,-81.9428300486827,-79.3425378597802,-81.970243756014
1.00733333333333,-81.964385710191,-79.3302788713687,-81.9977380066521,-81.9350045719512,-79.331902770376,-81.962536052953
1.00766666666667,-81.9564633654204,-79.3196035192217,-81.9898568093733,-81.9271679288973,-79.3212595811155,-81.9548170350309
1.008,-81.948529741539,-79.3089200812886,-81.9819642972751,-81.9193200969045,-79.3106082838939,-81.9470866786772
1.00833333333333,-81.9405848159893,-79.2982285494277,-81.9740604477993,-81.9114610533301,-79.299948870599,-81.9393449602954
1.00866666666667,-81.9326285661883,-79.28752891549,-81.9661452383619,-81.9035907755051,-79.2892813331116,-81.9315918562641
1.009,-81.9246609695274,-79.2768211713187,-81.9582186463543,-81.8957092407345,-79.278605663305,-81.9238273429361
1.00933333333333,-81.9166820033731,-79.2661053087495,-81.9502806491423,-81.8878164262975,-79.2679218530451,-81.9160513966394
1.00966666666667,-81.9086916450664,-79.2553813196107,-81.9423312240674,-81.8799123094473,-79.2572298941906,-81.9082639936768
1.01,-81.9006898719232,-79.2446491957229,-81.9343703484458,-81.8719968674112,-79.2465297785927,-81.9004651103263
1.01033333333333,-81.8926766612346,-79.2339089288991,-81.9263979995692,-81.8640700773912,-79.2358214980951,-81.8926547228408
1.01066666666667,-81.8846519902668,-79.2231605109448,-81.9184141547047,-81.8561319165634,-79.2251050445341,-81.8848328074489
1.011,-81.8766158362611,-79.2124039336575,-81.910418791095,-81.8481823620787,-79.2143804097386,-81.8769993403544
1.01133333333333,-81.8685681764341,-79.2016391888274,-81.9024118859583,-81.8402213910626,-79.2036475855298,-81.8691542977367
1.01166666666667,-81.8605089879782,-79.1908662682366,-81.8943934164885,-81.8322489806152,-79.1929065637214,-81.8612976557511
1.012,-81.852438248061,-79.1800851636598,-81.8863633598555,-81.824265107812,-79.1821573361198,-81.8534293905284
1.01233333333333,-81.844355933826,-79.1692958668637,-81.878321693205,-81.8162697497028,-79.1713998945234,-81.8455494781755
1.01266666666667,-81.8362620223922,-79.1584983696072,-81.8702683936591,-81.808262883313,-79.1606342307231,-81.8376578947755
1.013,-81.828156490855,-79.1476926636415,-81.8622034383157,-81.800244485643,-79.1498603365025,-81.8297546163875
1.01333333333333,-81.8200393162854,-79.1368787407097,-81.8541268042492,-81.7922145336686,-79.1390782036369,-81.8218396190471
1.01366666666667,-81.8119104757307,-79.1260565925472,-81.8460384685104,-81.784173004341,-79.1282878238944,-81.8139128787663
1.014,-81.8037699462143,-79.1152262108815,-81.8379384081268,-81.7761198745869,-79.1174891890351,-81.8059743715337
1.01433333333333,-81.7956177047363,-79.104387587432,-81.8298266001021,-81.7680551213088,-79.1066822908115,-81.7980240733147
1.01466666666667,-81.7874537282728,-79.0935407139103,-81.8217030214173,-81.7599787213848,-79.095867120968,-81.7900619600514
1.015,-81.7792779937769,-79.0826855820197,-81.8135676490301,-81.751890651669,-79.0850436712416,-81.7820880076631
1.01533333333333,-81.7710904781782,-79.0718221834559,-81.805420459875,-81.7437908889915,-79.0742119333611,-81.774102192046
1.01566666666667,-81.7628911583833,-79.0609505099061,-81.7972614308639,-81.7356794101584,-79.0633718990476,-81.766104489074
1.016,-81.7546800112756,-79.0500705530497,-81.7890905388859,-81.7275561919522,-79.0525235600142,-81.7580948745979
1.01633333333333,-81.7464570137156,-79.0391823045577,-81.7809077608074,-81.7194212111317,-79.0416669079661,-81.7500733244464
1.01666666666667,-81.7382221425411,-79.0282857560933,-81.7727130734724,-81.711274444432,-79.0308019346005,-81.7420398144257
1.017,-81.7299753745672,-79.0173808993113,-81.7645064537025,-81.7031158685651,-79.0199286316067,-81.7339943203199
1.01733333333333,-81.7217166865863,-79.0064677258582,-81.7562878782969,-81.6949454602195,-79.0090469906658,-81.7259368178912
1.01766666666667,-81.7134460553684,-78.9955462273726,-81.7480573240328,-81.6867631960604,-78.998157003451,-81.7178672828794
1.018,-81.7051634576613,-78.9846163954844,-81.7398147676655,-81.6785690527304,-78.9872586616274,-81.7097856910033
1.01833333333333,-81.6968688701907,-78.9736782218154,-81.7315601859282,-81.6703630068488,-78.9763519568517,-81.7016920179594
1.01866666666667,-81.6885622696598,-78.9627316979791,-81.7232935555325,-81.6621450350121,-78.9654368807729,-81.6935862394232
1.019,-81.6802436327505,-78.9517768155807,-81.7150148531682,-81.6539151137942,-78.9545134250315,-81.6854683310486
1.01933333333333,-81.6719129361223,-78.9408135662168,-81.7067240555038,-81.6456732197466,-78.9435815812599,-81.6773382684685
1.01966666666667,-81.6635701564134,-78.9298419414757,-81.6984211391865,-81.6374193293982,-78.9326413410823,-81.6691960272946
1.02,-81.6552152702403,-78.9188619329372,-81.6901060808418,-81.6291534192555,-78.9216926961145,-81.6610415831178
1.02033333333333,-81.6468482541981,-78.9078735321727,-81.6817788570747,-81.620875465803,-78.9107356379641,-81.6528749115083
1.02066666666667,-81.6384690848605,-78.896876730745,-81.6734394444688,-81.6125854455031,-78.8997701582304,-81.6446959880156
1.021,-81.6300777387803,-78.8858715202084,-81.6650878195871,-81.6042833347963,-78.8887962485042,-81.6365047881689
1.02133333333333,-81.6216741924892,-78.8748578921086,-81.6567239589716,-81.5959691101012,-78.877813900368,-81.6283012874769
1.02166666666667,-81.6132584224976,-78.8638358379826,-81.6483478391441,-81.5876427478148,-78.8668231053959,-81.6200854614284
1.022,-81.6048304052957,-78.8528053493589,-81.6399594366056,-81.5793042243125,-78.8558238551535,-81.6118572854919
1.02233333333333,-81.5963901173527,-78.8417664177573,-81.631558727837,-81.5709535159484,-78.8448161411979,-81.6036167351164
1.02266666666667,-81.5879375351176,-78.8307190346888,-81.623145689299,-81.5625905990553,-78.8337999550777,-81.595363785731
1.023,-81.5794726350186,-78.8196631916558,-81.6147202974322,-81.5542154499448,-78.822775288333,-81.5870984127452
1.02333333333333,-81.5709953934641,-78.8085988801519,-81.6062825286574,-81.5458280449077,-78.8117421324952,-81.5788205915494
1.02366666666667,-81.5625057868423,-78.7975260916617,-81.5978323593754,-81.5374283602135,-78.8007004790872,-81.5705302975144
1.024,-81.5540037915213,-78.7864448176613,-81.5893697659677,-81.5290163721112,-78.7896503196231,-81.5622275059923
1.02433333333333,-81.5454893838493,-78.7753550496176,-81.580894724796,-81.5205920568293,-78.7785916456086,-81.553912192316
1.02466666666667,-81.5369625401554,-78.7642567789889,-81.572407212203,-81.5121553905758,-78.7675244485405,-81.5455843317997
1.025,-81.5284232367484,-78.7531499972244,-81.5639072045119,-81.5037063495381,-78.7564487199067,-81.5372438997392
1.02533333333333,-81.5198714499181,-78.7420346957643,-81.5553946780269,-81.4952449098837,-78.7453644511867,-81.5288908714116
1.02566666666667,-81.5113071559352,-78.73091086604,-81.5468696090333,-81.48677104776,-78.7342716338508,-81.5205252220758
1.026,-81.502730331051,-78.7197784994737,-81.5383319737976,-81.4782847392943,-78.7231702593608,-81.5121469269727
1.02633333333333,-81.4941409514978,-78.7086375874785,-81.5297817485679,-81.4697859605942,-78.7120603191694,-81.5037559613251
1.02666666666667,-81.4855389934892,-78.6974881214586,-81.5212189095733,-81.4612746877478,-78.7009418047205,-81.495352300338
1.027,-81.4769244332203,-78.6863300928089,-81.5126434330251,-81.4527508968235,-78.689814707449,-81.4869359191988
1.02733333333333,-81.4682972468671,-78.6751634929152,-81.5040552951159,-81.4442145638705,-78.678679018781,-81.4785067930775
1.02766666666667,-81.4596574105878,-78.6639883131542,-81.4954544720207,-81.4356656649187,-78.6675347301332,-81.4700648971267
1.028,-81.4510049005221,-78.6528045448933,-81.4868409398962,-81.4271041759789,-78.6563818329136,-81.4616102064819
1.02833333333333,-81.4423396927914,-78.6416121794904,-81.4782146748816,-81.418530073043,-78.6452203185211,-81.4531426962615
1.02866666666667,-81.4336617634994,-78.6304112082945,-81.4695756530984,-81.4099433320842,-78.6340501783454,-81.4446623415673
1.029,-81.424971088732,-78.6192016226451,-81.4609238506505,-81.4013439290569,-78.622871403767,-81.4361691174843
1.02933333333333,-81.4162676445574,-78.6079834138723,-81.4522592436248,-81.3927318398971,-78.6116839861574,-81.427662999081
1.02966666666667,-81.4075514070259,-78.5967565732968,-81.4435818080906,-81.3841070405225,-78.6004879168788,-81.4191439614098
1.03,-81.3988223521711,-78.5855210922299,-81.4348915201006,-81.3754695068324,-78.5892831872841,-81.4106119795068
1.03033333333333,-81.3900804560089,-78.5742769619734,-81.4261883556903,-81.3668192147084,-78.578069788717,-81.4020670283921
1.03066666666667,-81.3813256945382,-78.5630241738197,-81.4174722908788,-81.3581561400137,-78.5668477125118,-81.3935090830701
1.031,-81.3725580437413,-78.5517627190515,-81.4087433016684,-81.3494802585943,-78.5556169499936,-81.3849381185294
1.03133333333333,-81.3637774795833,-78.5404925889421,-81.4000013640451,-81.3407915462781,-78.544377492478,-81.3763541097434
1.03166666666667,-81.3549839780129,-78.5292137747551,-81.3912464539785,-81.3320899788758,-78.5331293312711,-81.3677570316701
1.032,-81.3461775149625,-78.5179262677444,-81.3824785474223,-81.3233755321808,-78.5218724576698,-81.3591468592523
1.03233333333333,-81.3373580663479,-78.5066300591544,-81.3736976203142,-81.3146481819693,-78.5106068629613,-81.3505235674181
1.03266666666667,-81.328525608069,-78.4953251402195,-81.3649036485761,-81.3059079040005,-78.4993325384234,-81.3418871310806
1.033,-81.3196801160094,-78.4840115021647,-81.3560966081142,-81.2971546740167,-78.4880494753242,-81.3332375251384
1.03333333333333,-81.3108215660374,-78.4726891362049,-81.3472764748193,-81.2883884677436,-78.4767576649223,-81.3245747244758
1.03366666666667,-81.301949934005,-78.4613580335455,-81.3384432245669,-81.2796092608903,-78.4654570984667,-81.3158987039627
1.034,-81.2930651957491,-78.4500181853816,-81.3295968332173,-81.2708170291496,-78.4541477671967,-81.307209438455
1.03433333333333,-81.2841673270911,-78.4386695828989,-81.3207372766158,-81.262011748198,-78.4428296623418,-81.2985069027949
1.03466666666667,-81.2752563038372,-78.4273122172728,-81.311864530593,-81.2531933936959,-78.4315027751219,-81.2897910718108
1.035,-81.2663321017786,-78.4159460796689,-81.3029785709645,-81.2443619412878,-78.420167096747,-81.2810619203174
1.03533333333333,-81.2573946966915,-78.4045711612429,-81.2940793735318,-81.2355173666026,-78.4088226184175,-81.2723194231164
1.03566666666667,-81.2484440643376,-78.3931874531401,-81.2851669140817,-81.2266596452534,-78.3974693313237,-81.2635635549961
1.036,-81.2394801804638,-78.3817949464961,-81.2762411683872,-81.217788752838,-78.3861072266462,-81.2547942907319
1.03633333333333,-81.2305030208028,-78.3703936324363,-81.2673021122067,-81.2089046649388,-78.3747362955555,-81.2460116050865
1.03666666666667,-81.2215125610729,-78.3589835020757,-81.2583497212852,-81.2000073571231,-78.3633565292123,-81.23721547281
1.037,-81.2125087769785,-78.3475645465194,-81.249383971354,-81.1910968049433,-78.3519679187672,-81.2284058686398
1.03733333333333,-81.2034916442097,-78.3361367568623,-81.2404048381306,-81.1821729839373,-78.3405704553609,-81.2195827673016
1.03766666666667,-81.1944611384436,-78.3247001241887,-81.2314122973193,-81.1732358696276,-78.3291641301238,-81.2107461435085
1.038,-81.1854172353429,-78.3132546395729,-81.2224063246113,-81.1642854375231,-78.3177489341765,-81.2018959719621
1.03833333333333,-81.1763599105574,-78.3018002940788,-81.2133868956844,-81.1553216631178,-78.3063248586291,-81.1930322273522
1.03866666666667,-81.1672891397235,-78.2903370787598,-81.2043539862039,-81.1463445218918,-78.2948918945818,-81.1841548843572
1.039,-81.1582048984645,-78.2788649846592,-81.1953075718224,-81.1373539893111,-78.2834500331245,-81.1752639176441
1.03933333333333,-81.1491071623909,-78.2673840028094,-81.1862476281797,-81.1283500408282,-78.2719992653367,-81.1663593018688
1.03966666666667,-81.1399959071003,-78.2558941242327,-81.1771741309035,-81.1193326518815,-78.2605395822878,-81.1574410116765
1.04,-81.1308711081779,-78.2443953399406,-81.1680870556091,-81.1103017978963,-78.2490709750368,-81.1485090217012
1.04033333333333,-81.1217327411963,-78.2328876409342,-81.1589863778999,-81.1012574542844,-78.2375934346323,-81.1395633065669
1.04066666666667,-81.1125807817159,-78.2213710182039,-81.1498720733675,-81.0921995964446,-78.2261069521123,-81.130603840887
1.041,-81.1034152052853,-78.2098454627295,-81.1407441175918,-81.0831281997625,-78.2146115185047,-81.1216305992646
1.04133333333333,-81.0942359874408,-78.1983109654802,-81.131602486141,-81.0740432396111,-78.2031071248267,-81.1126435562932
1.04166666666667,-81.0850431037074,-78.1867675174142,-81.1224471545723,-81.0649446913507,-78.1915937620851,-81.1036426865561
1.042,-81.0758365295981,-78.1752151094792,-81.1132780984315,-81.0558325303292,-78.1800714212758,-81.0946279646276
1.04233333333333,-81.0666162406149,-78.163653732612,-81.1040952932535,-81.0467067318821,-78.1685400933845,-81.085599365072
1.04266666666667,-81.0573822122485,-78.1520833777386,-81.0948987145625,-81.0375672713328,-78.156999769386,-81.0765568624449
1.043,-81.0481344199783,-78.1405040357741,-81.0856883378718,-81.0284141239929,-78.1454504402445,-81.0675004312926
1.04333333333333,-81.0388728392733,-78.1289156976226,-81.0764641386844,-81.0192472651621,-78.1338920969134,-81.0584300461528
1.04366666666667,-81.0295974455915,-78.1173183541773,-81.0672260924932,-81.0100666701284,-78.1223247303355,-81.0493456815544
1.044,-81.0203082143804,-78.1057119963204,-81.0579741747806,-81.0008723141686,-78.1107483314426,-81.0402473120183
1.04433333333333,-81.0110051210775,-78.094096614923,-81.0487083610194,-80.9916641725481,-78.0991628911556,-81.0311349120568
1.04466666666667,-81.0016881411097,-78.0824722008453,-81.0394286266726,-80.9824422205213,-78.0875684003847,-81.0220084561743
1.045,-80.9923572498942,-78.0708387449361,-81.0301349471935,-80.9732064333317,-78.0759648500292,-81.0128679188676
1.04533333333333,-80.9830124228383,-78.0591962380332,-81.0208272980261,-80.9639567862119,-78.0643522309773,-81.0037132746256
1.04566666666667,-80.9736536353398,-78.0475446709633,-81.0115056546052,-80.9546932543843,-78.052730534106,-80.9945444979301
1.046,-80.9642808627869,-78.0358840345415,-81.0021699923565,-80.9454158130606,-78.0410997502817,-80.9853615632554
1.04633333333333,-80.9548940805588,-78.024214319572,-80.9928202866969,-80.9361244374424,-78.0294598703593,-80.9761644450691
1.04666666666667,-80.9454932640252,-78.0125355168474,-80.9834565130347,-80.9268191027213,-78.0178108851828,-80.9669531178318
1.047,-80.9360783885474,-78.000847617149,-80.9740786467696,-80.9174997840793,-78.0061527855849,-80.9577275559976
1.04733333333333,-80.9266494294775,-77.9891506112468,-80.964686663293,-80.9081664566884,-77.994485562387,-80.9484877340142
1.04766666666667,-80.9172063621594,-77.9774444898992,-80.9552805379883,-80.8988190957112,-77.9828092063996,-80.939233626323
1.048,-80.9077491619286,-77.9657292438532,-80.9458602462308,-80.8894576763011,-77.9711237084214,-80.9299652073597
1.04833333333333,-80.8982778041124,-77.9540048638441,-80.9364257633881,-80.8800821736025,-77.9594290592402,-80.9206824515539
1.04866666666667,-80.8887922640299,-77.9422713405958,-80.9269770648203,-80.8706925627505,-77.9477252496322,-80.9113853333298
1.049,-80.8792925169927,-77.9305286648204,-80.9175141258801,-80.8612888188719,-77.936012270362,-80.9020738271064
1.04933333333333,-80.8697785383046,-77.9187768272186,-80.908036921913,-80.8518709170845,-77.924290112183,-80.892747907297
1.04966666666667,-80.8602503032622,-77.9070158184792,-80.8985454282573,-80.8424388324981,-77.9125587658371,-80.8834075483107
1.05,-80.8507077871543,-77.8952456292791,-80.8890396202447,-80.832992540214,-77.9008182220544,-80.8740527245512
1.05033333333333,-80.8411509652634,-77.8834662502837,-80.8795194732002,-80.8235320153257,-77.8890684715536,-80.864683410418
1.05066666666667,-80.8315798128645,-77.8716776721464,-80.8699849624423,-80.8140572329188,-77.8773095050416,-80.8552995803063
1.051,-80.8219943052262,-77.8598798855087,-80.8604360632833,-80.8045681680712,-77.8655413132138,-80.8459012086069
1.05133333333333,-80.8123944176105,-77.8480728810003,-80.8508727510293,-80.7950647958534,-77.8537638867536,-80.836488269707
1.05166666666667,-80.8027801252731,-77.8362566492387,-80.8412950009807,-80.7855470913285,-77.841977216333,-80.82706073799
1.052,-80.7931514034635,-77.8244311808297,-80.8317027884319,-80.7760150295528,-77.8301812926118,-80.8176185878356
1.05233333333333,-80.7835082274254,-77.8125964663668,-80.822096088672,-80.7664685855754,-77.8183761062382,-80.8081617936206
1.05266666666667,-80.7738505723967,-77.8007524964314,-80.8124748769849,-80.756907734439,-77.8065616478482,-80.7986903297185
1.053,-80.7641784136096,-77.7888992615928,-80.8028391286491,-80.7473324511793,-77.7947379080663,-80.7892041704999
1.05333333333333,-80.7544917262911,-77.7770367524083,-80.7931888189383,-80.7377427108262,-77.7829048775046,-80.7797032903329
1.05366666666667,-80.7447904856629,-77.7651649594226,-80.7835239231213,-80.7281384884031,-77.7710625467633,-80.7701876635831
1.054,-80.7350746669417,-77.7532838731683,-80.7738444164627,-80.7185197589276,-77.7592109064304,-80.7606572646138
1.05433333333333,-80.7253442453394,-77.7413934841658,-80.7641502742221,-80.7088864974115,-77.7473499470821,-80.7511120677865
1.05466666666667,-80.7155991960633,-77.7294937829229,-80.7544414716556,-80.6992386788609,-77.7354796592821,-80.7415520474607
1.055,-80.7058394943164,-77.7175847599351,-80.7447179840149,-80.6895762782767,-77.723600033582,-80.7319771779945
1.05533333333333,-80.6960651152973,-77.7056664056854,-80.7349797865481,-80.6798992706545,-77.7117110605211,-80.7223874337444
1.05566666666667,-80.6862760342005,-77.6937387106444,-80.7252268544996,-80.670207630985,-77.6998127306263,-80.7127827890661
1.056,-80.6764722262169,-77.6818016652699,-80.7154591631103,-80.6605013342539,-77.6879050344124,-80.703163218314
1.05633333333333,-80.6666536665334,-77.6698552600074,-80.7056766876182,-80.6507803554425,-77.6759879623815,-80.6935286958419
1.05666666666667,-80.6568203303339,-77.6578994852895,-80.695879403258,-80.6410446695275,-77.6640615050235,-80.6838791960033
1.057,-80.6469721927985,-77.6459343315362,-80.6860672852616,-80.6312942514815,-77.6521256528156,-80.6742146931512
1.05733333333333,-80.6371092291047,-77.6339597891549,-80.6762403088585,-80.6215290762729,-77.6401803962226,-80.6645351616385
1.05766666666667,-80.6272314144268,-77.6219758485399,-80.6663984492755,-80.6117491188664,-77.6282257256966,-80.6548405758183
1.058,-80.6173387239365,-77.609982500073,-80.6565416817372,-80.6019543542229,-77.6162616316771,-80.6451309100443
1.05833333333333,-80.6074311328031,-77.5979797341229,-80.6466699814664,-80.5921447573001,-77.6042881045911,-80.6354061386704
1.05866666666667,-80.5975086161934,-77.5859675410454,-80.6367833236839,-80.5823203030522,-77.5923051348525,-80.6256662360515
1.059,-80.5875711492723,-77.5739459111835,-80.6268816836087,-80.5724809664303,-77.5803127128627,-80.6159111765435
1.05933333333333,-80.5776187072028,-77.5619148348669,-80.6169650364586,-80.5626267223828,-77.5683108290102,-80.6061409345037
1.05966666666667,-80.567651265146,-77.5498743024124,-80.6070333574499,-80.5527575458555,-77.5562994736707,-80.5963554842904
1.06,-80.5576687982616,-77.5378243041237,-80.5970866217982,-80.5428734117913,-77.5442786372068,-80.586554800264
1.06033333333333,-80.547671281708,-77.5257648302913,-80.5871248047179,-80.5329742951313,-77.5322483099683,-80.5767388567867
1.06066666666667,-80.5376586906426,-77.5136958711924,-80.5771478814228,-80.5230601708142,-77.5202084822918,-80.5669076282227
1.061,-80.5276310002214,-77.501617417091,-80.5671558271265,-80.513131013777,-77.5081591445011,-80.5570610889386
1.06133333333333,-80.5175881856003,-77.4895294582379,-80.5571486170421,-80.5031867989548,-77.4961002869067,-80.5471992133035
1.06166666666667,-80.5075302219344,-77.4774319848703,-80.5471262263826,-80.4932275012814,-77.484031899806,-80.5373219756896
1.062,-80.4974570843782,-77.4653249872123,-80.5370886303612,-80.4832530956893,-77.4719539734832,-80.5274293504715
1.06233333333333,-80.4873687480866,-77.4532084554743,-80.5270358041916,-80.4732635571096,-77.4598664982091,-80.5175213120275
1.06266666666667,-80.4772651882141,-77.4410823798532,-80.5169677230878,-80.463258860473,-77.4477694642413,-80.5075978347392
1.063,-80.4671463799158,-77.4289467505324,-80.5068843622647,-80.4532389807091,-77.4356628618242,-80.4976588929919
1.06333333333333,-80.457012298347,-77.4168015576818,-80.496785696938,-80.4432038927472,-77.4235466811884,-80.4877044611746
1.06366666666667,-80.4468629186639,-77.4046467914576,-80.4866717023246,-80.4331535715161,-77.4114209125516,-80.4777345136805
1.064,-80.4366982160234,-77.3924824420021,-80.4765423536429,-80.4230879919447,-77.3992855461174,-80.4677490249072
1.06433333333333,-80.4265181655836,-77.380308499444,-80.4663976261124,-80.413007128962,-77.3871405720762,-80.457747969257
1.06466666666667,-80.4163227425037,-77.3681249538983,-80.4562374949548,-80.4029109574972,-77.3749859806048,-80.4477313211365
1.065,-80.4061119219444,-77.3559317954659,-80.4460619353936,-80.3927994524799,-77.3628217618662,-80.4376990549576
1.06533333333333,-80.3958856790683,-77.3437290142341,-80.4358709226544,-80.3826725888407,-77.3506479060097,-80.4276511451376
1.06566666666667,-80.3856439890396,-77.3315166002758,-80.425664431965,-80.3725303415109,-77.3384644031709,-80.4175875660987
1.066,-80.3753868270245,-77.3192945436504,-80.4154424385561,-80.3623726854228,-77.3262712434716,-80.4075082922694
1.06633333333333,-80.3651141681919,-77.3070628344029,-80.4052049176607,-80.3521995955102,-77.3140684170198,-80.3974132980836
1.06666666666667,-80.3548259877127,-77.2948214625642,-80.3949518445152,-80.3420110467084,-77.3018559139094,-80.3873025579814
1.067,-80.3445222607606,-77.2825704181513,-80.3846831943589,-80.3318070139543,-77.2896337242206,-80.3771760464095
1.06733333333333,-80.3342029625124,-77.2703096911668,-80.3743989424345,-80.3215874721868,-77.2774018380192,-80.3670337378208
1.06766666666667,-80.3238680681477,-77.2580392715989,-80.3640990639882,-80.3113523963468,-77.2651602453574,-80.3568756066753
1.068,-80.3135175528495,-77.2457591494218,-80.35378353427,-80.3011017613775,-77.252908936273,-80.3467016274397
1.06833333333333,-80.3031513918042,-77.233469314595,-80.3434523285339,-80.2908355422249,-77.2406479007895,-80.3365117745882
1.06866666666667,-80.292769560202,-77.2211697570638,-80.3331054220381,-80.2805537138373,-77.2283771289166,-80.3263060226023
1.069,-80.2823720332369,-77.2088604667591,-80.3227427900452,-80.2702562511663,-77.2160966106494,-80.3160843459712
1.06933333333333,-80.2719587861069,-77.196541433597,-80.3123644078221,-80.2599431291664,-77.2038063359689,-80.3058467191919
1.06966666666667,-80.2615297940145,-77.1842126474792,-80.3019702506408,-80.2496143227954,-77.1915062948413,-80.2955931167699
1.07,-80.2510850321664,-77.1718740982928,-80.291560293778,-80.2392698070148,-77.1791964772189,-80.2853235132185
1.07033333333333,-80.2406244757743,-77.15952577591,-80.2811345125159,-80.2289095567898,-77.1668768730391,-80.27503788306
1.07066666666667,-80.2301481000545,-77.1471676701885,-80.2706928821417,-80.2185335470894,-77.1545474722251,-80.2647362008254
1.071,-80.2196558802287,-77.1347997709711,-80.2602353779487,-80.2081417528867,-77.1422082646853,-80.2544184410546
1.07133333333333,-80.2091477915235,-77.1224220680858,-80.2497619752354,-80.1977341491596,-77.1298592403133,-80.2440845782967
1.07166666666667,-80.1986238091714,-77.1100345513457,-80.2392726493068,-80.1873107108899,-77.1175003889884,-80.2337345871106
1.072,-80.1880839084104,-77.0976372105488,-80.2287673754737,-80.1768714130646,-77.105131700575,-80.2233684420648
1.07233333333333,-80.1775280644843,-77.0852300354783,-80.2182461290537,-80.1664162306755,-77.0927531649224,-80.2129861177373
1.07266666666667,-80.1669562526434,-77.0728130159022,-80.2077088853706,-80.1559451387195,-77.0803647718655,-80.2025875887168
1.073,-80.1563684481437,-77.0603861415734,-80.1971556197554,-80.1454581121992,-77.0679665112239,-80.1921728296019
1.07333333333333,-80.1457646262483,-77.0479494022297,-80.1865863075458,-80.1349551261222,-77.0555583728024,-80.1817418150023
1.07366666666667,-80.1351447622267,-77.0355027875937,-80.1760009240869,-80.1244361555024,-77.0431403463908,-80.1712945195381
1.074,-80.1245088313555,-77.0230462873725,-80.1653994447312,-80.1139011753593,-77.0307124217638,-80.1608309178406
1.07433333333333,-80.113856808918,-77.0105798912581,-80.1547818448388,-80.1033501607188,-77.0182745886809,-80.1503509845523
1.07466666666667,-80.1031886702055,-76.9981035889269,-80.1441480997775,-80.0927830866131,-77.0058268368865,-80.1398546943273
1.075,-80.0925043905161,-76.9856173700401,-80.1334981849234,-80.0821999280811,-76.9933691561097,-80.1293420218314
1.07533333333333,-80.0818039451563,-76.9731212242432,-80.1228320756607,-80.0716006601682,-76.9809015360642,-80.1188129417423
1.07566666666667,-80.07108730944,-76.9606151411662,-80.112149747382,-80.0609852579272,-76.9684239664485,-80.1082674287497
1.076,-80.0603544586895,-76.9480991104234,-80.1014511754886,-80.0503536964177,-76.9559364369456,-80.097705457556
1.07633333333333,-80.0496053682354,-76.9355731216136,-80.0907363353906,-80.0397059507071,-76.9434389372231,-80.0871270028761
1.07666666666667,-80.0388400134167,-76.9230371643198,-80.0800052025072,-80.02904199587,-76.930931456933,-80.0765320394376
1.077,-80.0280583695814,-76.9104912281091,-80.0692577522669,-80.0183618069892,-76.9184139857118,-80.0659205419813
1.07733333333333,-80.0172604120863,-76.8979353025328,-80.0584939601075,-80.0076653591551,-76.9058865131801,-80.0552924852612
1.07766666666667,-80.0064461162972,-76.8853693771264,-80.0477138014767,-79.9969526274667,-76.8933490289432,-80.0446478440448
1.078,-79.9956154575895,-76.8727934414094,-80.0369172518318,-79.9862235870313,-76.8808015225903,-80.0339865931134
1.07833333333333,-79.9847684113479,-76.8602074848852,-80.0261042866404,-79.9754782129647,-76.8682439836949,-80.0233087072623
1.07866666666667,-79.9739049529671,-76.8476114970412,-80.0152748813801,-79.9647164803916,-76.8556764018148,-80.0126141613007
1.079,-79.9630250578516,-76.8350054673486,-80.0044290115393,-79.9539383644459,-76.8430987664915,-80.0019029300525
1.07933333333333,-79.9521287014161,-76.8223893852625,-79.9935666526168,-79.9431438402705,-76.8305110672509,-79.991174988356
1.07966666666667,-79.9412158590855,-76.8097632402218,-79.9826877801223,-79.9323328830179,-76.8179132936026,-79.9804303110645
1.08,-79.9302865062955,-76.7971270216488,-79.9717923695769,-79.92150546785,-76.8053054350403,-79.9696688730463
1.08033333333333,-79.9193406184925,-76.7844807189497,-79.9608803965126,-79.910661569939,-76.7926874810412,-79.958890649185
1.08066666666667,-79.9083781711336,-76.7718243215142,-79.949951836473,-79.8998011644667,-76.7800594210665,-79.9480956143794
1.081,-79.8973991396874,-76.7591578187155,-79.9390066650135,-79.8889242266254,-76.7674212445612,-79.9372837435447
1.08133333333333,-79.8864034996337,-76.7464811999103,-79.9280448577012,-79.8780307316177,-76.7547729409539,-79.9264550116113
1.08166666666667,-79.8753912264637,-76.7337944544387,-79.9170663901154,-79.8671206546569,-76.7421144996566,-79.9156093935263
1.082,-79.8643622956807,-76.7210975716239,-79.9060712378477,-79.8561939709674,-76.7294459100651,-79.9047468642528
1.08233333333333,-79.8533166827997,-76.7083905407728,-79.8950593765021,-79.8452506557844,-76.7167671615585,-79.8938673987709
1.08266666666667,-79.8422543633479,-76.695673351175,-79.8840307816954,-79.8342906843543,-76.7040782434994,-79.8829709720771
1.083,-79.8311753128649,-76.6829459921038,-79.8729854290572,-79.8233140319352,-76.6913791452338,-79.8720575591852
1.08333333333333,-79.8200795069029,-76.6702084528152,-79.8619232942302,-79.8123206737967,-76.6786698560909,-79.8611271351262
1.08366666666667,-79.8089669210267,-76.6574607225484,-79.8508443528704,-79.8013105852204,-76.6659503653831,-79.8501796749486
1.084,-79.797837530814,-76.6447027905254,-79.8397485806473,-79.7902837414998,-76.6532206624062,-79.8392151537187
1.08433333333333,-79.7866913118561,-76.6319346459514,-79.828635953244,-79.7792401179408,-76.6404807364389,-79.8282335465203
1.08466666666667,-79.7755282397571,-76.6191562780142,-79.8175064463577,-79.7681796898618,-76.627730576743,-79.8172348284559
1.085,-79.7643482901349,-76.6063676758845,-79.8063600356995,-79.7571024325937,-76.6149701725633,-79.8062189746458
1.08533333333333,-79.7531514386211,-76.5935688287156,-79.7951966969948,-79.7460083214804,-76.6021995131275,-79.7951859602294
1.08566666666667,-79.7419376608613,-76.5807597256436,-79.7840164059834,-79.7348973318788,-76.5894185876463,-79.7841357603644
1.086,-79.7307069325151,-76.5679403557873,-79.77281913842,-79.7237694391593,-76.5766273853131,-79.7730683502278
1.08633333333333,-79.7194592292566,-76.5551107082476,-79.7616048700741,-79.7126246187054,-76.563825895304,-79.7619837050157
1.08666666666667,-79.7081945267743,-76.5422707721084,-79.75037357673,-79.7014628459145,-76.5510141067778,-79.7508817999437
1.087,-79.6969128007714,-76.5294205364357,-79.7391252341877,-79.6902840961978,-76.538192008876,-79.7397626102468
1.08733333333333,-79.685614026966,-76.5165599902779,-79.7278598182624,-79.6790883449806,-76.5253595907226,-79.7286261111802
1.08766666666667,-79.6742981810916,-76.5036891226658,-79.7165773047849,-79.6678755677024,-76.5125168414241,-79.7174722780189
1.088,-79.6629652388966,-76.4908079226122,-79.7052776696021,-79.6566457398173,-76.4996637500694,-79.7063010860583
1.08833333333333,-79.6516151761451,-76.4779163791122,-79.6939608885767,-79.6453988367937,-76.4868003057297,-79.6951125106143
1.08866666666667,-79.6402479686169,-76.465014481143,-79.6826269375877,-79.6341348341154,-76.4739264974588,-79.6839065270234
1.089,-79.6288635921077,-76.4521022176639,-79.6712757925308,-79.6228537072809,-76.4610423142923,-79.6726831106432
1.08933333333333,-79.6174620224292,-76.439179577616,-79.6599074293179,-79.6115554318038,-76.4481477452482,-79.6614422368522
1.08966666666667,-79.6060432354093,-76.4262465499223,-79.6485218238781,-79.6002399832136,-76.4352427793268,-79.6501838810504
1.09,-79.5946072068926,-76.4133031234878,-79.6371189521572,-79.588907337055,-76.42232740551,-79.6389080186592
1.09033333333333,-79.5831539127402,-76.4003492871992,-79.6256987901185,-79.5775574688887,-76.409401612762,-79.627614625122
1.09066666666667,-79.57168332883,-76.3873850299247,-79.6142613137425,-79.5661903542916,-76.3964653900288,-79.6163036759038
1.091,-79.560195431057,-76.3744103405145,-79.6028064990273,-79.5548059688565,-76.3835187262383,-79.6049751464921
1.09133333333333,-79.5486901953335,-76.3614252078002,-79.5913343219889,-79.5434042881929,-76.3705616103002,-79.5936290123967
1.09166666666667,-79.537167597589,-76.3484296205948,-79.5798447586612,-79.5319852879266,-76.3575940311057,-79.5822652491499
1.092,-79.5256276137708,-76.3354235676928,-79.5683377850962,-79.5205489437004,-76.344615977528,-79.5708838323067
1.09233333333333,-79.5140702198439,-76.3224070378703,-79.5568133773644,-79.5090952311742,-76.3316274384216,-79.5594847374453
1.09266666666667,-79.5024953917913,-76.3093800198844,-79.5452715115547,-79.4976241260248,-76.3186284026226,-79.5480679401672
1.093,-79.4909031056142,-76.2963425024735,-79.5337121637749,-79.4861356039466,-76.3056188589485,-79.5366334160968
1.09333333333333,-79.4792933373321,-76.2832944743574,-79.5221353101514,-79.4746296406514,-76.2925987961984,-79.5251811408827
1.09366666666667,-79.4676660629831,-76.2702359242367,-79.51054092683,-79.4631062118689,-76.2795682031524,-79.513711090197
1.094,-79.4560212586238,-76.2571668407933,-79.4989289899757,-79.4515652933467,-76.2665270685721,-79.5022232397358
1.09433333333333,-79.44435890033,-76.2440872126898,-79.487299475773,-79.4400068608504,-76.2534753812002,-79.4907175652194
1.09466666666667,-79.4326789641966,-76.23099702857,-79.475652360426,-79.428430890164,-76.2404131297604,-79.4791940423927
1.095,-79.4209814263375,-76.2178962770584,-79.4639876201586,-79.4168373570902,-76.2273403029575,-79.4676526470252
1.09533333333333,-79.4092662628862,-76.2047849467602,-79.4523052312148,-79.4052262374501,-76.2142568894775,-79.4560933549109
1.09566666666667,-79.3975334499959,-76.1916630262613,-79.4406051698589,-79.3935975070839,-76.201162877987,-79.4445161418692
1.096,-79.3857829638396,-76.1785305041284,-79.4288874123755,-79.3819511418506,-76.1880582571335,-79.4329209837446
1.09633333333333,-79.3740147806102,-76.1653873689086,-79.4171519350697,-79.3702871176289,-76.1749430155455,-79.4213078564067
1.09666666666667,-79.362228876521,-76.1522336091295,-79.4053987142674,-79.3586054103165,-76.1618171418318,-79.4096767357512
1.097,-79.3504252278055,-76.1390692132992,-79.3936277263156,-79.346905995831,-76.1486806245823,-79.3980275976992
1.09733333333333,-79.3386038107177,-76.1258941699061,-79.3818389475822,-79.3351888501095,-76.135533452367,-79.3863604181981
1.09766666666667,-79.3267646015325,-76.112708467419,-79.3700323544566,-79.3234539491096,-76.1223756137368,-79.3746751732212
1.098,-79.3149075765456,-76.0995120942867,-79.3582079233495,-79.3117012688085,-76.1092070972227,-79.3629718387685
1.09833333333333,-79.3030327120738,-76.0863050389382,-79.3463656306933,-79.2999307852042,-76.0960278913362,-79.3512503908662
1.09866666666667,-79.2911399844551,-76.0730872897827,-79.3345054529424,-79.2881424743151,-76.0828379845691,-79.3395108055676
1.099,-79.2792293700489,-76.0598588352092,-79.3226273665729,-79.27633631218,-76.0696373653934,-79.3277530589527
1.09933333333333,-79.2673008452365,-76.046619663587,-79.3107313480834,-79.2645122748592,-76.0564260222612,-79.3159771271289
1.09966666666667,-79.2553543864205,-76.0333697632647,-79.2988173739946,-79.2526703384335,-76.0432039436046,-79.3041829862308
1.1,-79.243389970026,-76.0201091225711,-79.2868854208499,-79.2408104790054,-76.0299711178359,-79.2923706124204
1.10033333333333,-79.2314075724998,-76.0068377298147,-79.2749354652154,-79.2289326726986,-76.016727533347,-79.2805399818876
1.10066666666667,-79.219407170311,-75.9935555732833,-79.2629674836801,-79.2170368956583,-76.00347317851,-79.2686910708501
1.101,-79.2073887399517,-75.9802626412448,-79.2509814528559,-79.2051231240518,-75.9902080416767,-79.2568238555538
1.10133333333333,-79.195352257936,-75.966958921946,-79.238977349378,-79.1931913340681,-75.9769321111783,-79.2449383122726
1.10166666666667,-79.183297700801,-75.9536444036137,-79.2269551499051,-79.1812415019185,-75.9636453753261,-79.2330344173092
1.102,-79.1712250451071,-75.9403190744536,-79.2149148311193,-79.1692736038364,-75.9503478224106,-79.2211121469946
1.10233333333333,-79.1591342674375,-75.9269829226509,-79.2028563697267,-79.1572876160779,-75.937039440702,-79.2091714776889
1.10266666666667,-79.1470253443987,-75.91363593637,-79.190779742457,-79.1452835149217,-75.9237202184497,-79.1972123857809
1.103,-79.1348982526209,-75.9002781037542,-79.1786849260641,-79.1332612766694,-75.9103901438828,-79.1852348476889
1.10333333333333,-79.1227529687579,-75.8869094129263,-79.1665718973261,-79.1212208776452,-75.8970492052091,-79.1732388398602
1.10366666666667,-79.1105894694872,-75.8735298519876,-79.1544406330457,-79.109162294197,-75.8836973906163,-79.1612243387719
1.104,-79.0984077315103,-75.8601394090187,-79.1422911100498,-79.0970855026957,-75.8703346882707,-79.1491913209307
1.10433333333333,-79.086207731553,-75.8467380720787,-79.1301233051903,-79.0849904795359,-75.8569610863178,-79.1371397628731
1.10466666666667,-79.0739894463651,-75.8333258292057,-79.117937195344,-79.0728772011357,-75.843576572882,-79.1250696411659
1.105,-79.0617528527212,-75.8199026684164,-79.1057327574126,-79.060745643937,-75.8301811360668,-79.1129809324059
1.10533333333333,-79.0494979274202,-75.8064685777061,-79.0935099683231,-79.0485957844061,-75.8167747639542,-79.1008736132203
1.10566666666667,-79.0372246472862,-75.7930235450486,-79.0812688050279,-79.0364275990329,-75.8033574446054,-79.088747660267
1.106,-79.0249329891678,-75.7795675583961,-79.0690092445049,-79.024241064332,-75.7899291660597,-79.0766030502345
1.10633333333333,-79.0126229299388,-75.7661006056794,-79.0567312637577,-79.0120361568426,-75.7764899163355,-79.0644397598423
1.10666666666667,-79.0002944464985,-75.7526226748074,-79.0444348398157,-78.9998128531281,-75.7630396834294,-79.052257765841
1.107,-78.9879475157714,-75.7391337536673,-79.0321199497344,-78.9875711297772,-75.7495784553165,-79.0400570450125
1.10733333333333,-78.9755821147076,-75.7256338301245,-79.0197865705955,-78.9753109634032,-75.7361062199504,-79.0278375741698
1.10766666666667,-78.9631982202828,-75.7121228920222,-79.0074346795068,-78.9630323306448,-75.7226229652628,-79.0155993301579
1.108,-78.950795809499,-75.698600927182,-78.9950642536027,-78.9507352081659,-75.7091286791637,-79.0033422898531
1.10833333333333,-78.9383748593837,-75.6850679234031,-78.9826752700443,-78.9384195726558,-75.6956233495413,-78.991066430164
1.10866666666667,-78.9259353469907,-75.6715238684627,-78.9702677060194,-78.9260854008296,-75.6821069642616,-78.978771728031
1.109,-78.9134772494005,-75.6579687501157,-78.9578415387427,-78.9137326694279,-75.6685795111689,-78.9664581604268
1.10933333333333,-78.9010005437195,-75.6444025560946,-78.9453967454561,-78.9013613552174,-75.6550409780852,-78.9541257043565
1.10966666666667,-78.8885052070812,-75.6308252741097,-78.9329333034283,-78.8889714349908,-75.6414913528104,-78.9417743368577
1.11,-78.8759912166456,-75.6172368918486,-78.9204511899561,-78.8765628855671,-75.627930623122,-78.9294040350007
1.11033333333333,-78.8634585495995,-75.6036373969765,-78.9079503823631,-78.8641356837916,-75.6143587767752,-78.9170147758887
1.11066666666667,-78.8509071831572,-75.5900267771359,-78.8954308580009,-78.8516898065361,-75.600775801503,-78.9046065366577
1.111,-78.8383370945598,-75.5764050199466,-78.8828925942489,-78.8392252306993,-75.5871816850156,-78.8921792944772
1.11133333333333,-78.8257482610759,-75.5627721130056,-78.8703355685145,-78.8267419332064,-75.5735764150008,-78.8797330265498
1.11166666666667,-78.8131406600015,-75.549128043887,-78.8577597582329,-78.8142398910098,-75.5599599791237,-78.8672677101113
1.112,-78.8005142686601,-75.5354728001419,-78.8451651408679,-78.8017190810889,-75.5463323650266,-78.8547833224317
1.11233333333333,-78.7878690644035,-75.5218063692986,-78.8325516939114,-78.7891794804505,-75.532693560329,-78.8422798408142
1.11266666666667,-78.7752050246106,-75.5081287388619,-78.8199193948838,-78.7766210661287,-75.5190435526276,-78.8297572425961
1.113,-78.762522126689,-75.4944398963137,-78.8072682213343,-78.7640438151851,-75.5053823294959,-78.8172155051489
1.11333333333333,-78.7498203480742,-75.4807398291124,-78.7945981508409,-78.7514477047091,-75.4917098784846,-78.8046546058779
1.11366666666667,-78.7370996662299,-75.4670285246933,-78.7819091610102,-78.7388327118179,-75.478026187121,-78.7920745222232
1.114,-78.7243600586484,-75.4533059704681,-78.7692012294783,-78.7261988136566,-75.4643312429095,-78.7794752316589
1.11433333333333,-78.7116015028505,-75.4395721538248,-78.7564743339102,-78.7135459873986,-75.4506250333307,-78.7668567116941
1.11466666666667,-78.6988239763856,-75.4258270621281,-78.7437284520001,-78.7008742102454,-75.4369075458423,-78.7542189398723
1.115,-78.6860274568323,-75.4120706827187,-78.730963561472,-78.6881834594268,-75.4231787678782,-78.7415618937722
1.11533333333333,-78.6732119217976,-75.3983030029139,-78.718179640079,-78.6754737122013,-75.4094386868488,-78.7288855510073
1.11566666666667,-78.6603773489181,-75.3845240100067,-78.7053766656045,-78.6627449458559,-75.395687290141,-78.7161898892263
1.116,-78.6475237158592,-75.3707336912665,-78.6925546158611,-78.6499971377065,-75.3819245651178,-78.7034748861132
1.11633333333333,-78.6346510003158,-75.3569320339386,-78.6797134686917,-78.6372302650979,-75.3681504991185,-78.6907405193874
1.11666666666667,-78.6217591800124,-75.3431190252439,-78.6668532019692,-78.6244443054039,-75.3543650794584,-78.6779867668037
1.117,-78.6088482327028,-75.3292946523794,-78.6539737935968,-78.6116392360275,-75.3405682934289,-78.6652136061529
1.11733333333333,-78.5959181361706,-75.3154589025178,-78.6410752215078,-78.5988150344008,-75.3267601282974,-78.6524210152614
1.11766666666667,-78.5829688682293,-75.3016117628073,-78.6281574636661,-78.5859716779858,-75.312940571307,-78.6396089719914
1.118,-78.5700004067223,-75.2877532203717,-78.615220498066,-78.5731091442736,-75.2991096096765,-78.6267774542413
1.11833333333333,-78.5570127295229,-75.2738832623102,-78.6022643027327,-78.5602274107851,-75.2852672306008,-78.6139264399457
1.11866666666667,-78.5440058145348,-75.2600018756976,-78.5892888557219,-78.5473264550711,-75.2714134212498,-78.6010559070753
1.119,-78.5309796396919,-75.2461090475837,-78.5762941351204,-78.5344062547122,-75.2575481687693,-78.5881658336374
1.11933333333333,-78.5179341829583,-75.2322047649936,-78.5632801190461,-78.5214667873192,-75.2436714602805,-78.5752561976758
1.11966666666667,-78.5048694223288,-75.2182890149276,-78.5502467856477,-78.5085080305329,-75.2297832828798,-78.5623269772708
1.12,-78.4917853358289,-75.2043617843609,-78.5371941131055,-78.4955299620243,-75.2158836236389,-78.5493781505396
1.12033333333333,-78.4786819015145,-75.1904230602436,-78.5241220796309,-78.482532559495,-75.2019724696047,-78.5364096956362
1.12066666666667,-78.4655590974726,-75.1764728295009,-78.5110306634668,-78.4695158006771,-75.188049807799,-78.5234215907515
1.121,-78.4524169018211,-75.1625110790325,-78.4979198428878,-78.4564796633331,-75.1741156252188,-78.5104138141137
1.12133333333333,-78.4392552927089,-75.1485377957128,-78.4847895961999,-78.4434241252563,-75.1601699088359,-78.497386343988
1.12166666666667,-78.4260742483159,-75.1345529663909,-78.4716399017412,-78.4303491642711,-75.1462126455969,-78.484339158677
1.122,-78.4128737468535,-75.1205565778904,-78.4584707378814,-78.4172547582325,-75.1322438224232,-78.4712722365207
1.12233333333333,-78.3996537665643,-75.1065486170092,-78.4452820830223,-78.4041408850268,-75.1182634262107,-78.4581855558965
1.12266666666667,-78.3864142857223,-75.0925290705195,-78.4320739155978,-78.3910075225712,-75.1042714438299,-78.4450790952196
1.123,-78.3731552826332,-75.0784979251678,-78.4188462140739,-78.3778546488145,-75.0902678621257,-78.4319528329428
1.12333333333333,-78.3598767356341,-75.0644551676748,-78.4055989569487,-78.3646822417366,-75.0762526679174,-78.4188067475567
1.12366666666667,-78.3465786230941,-75.0504007847351,-78.3923321227531,-78.351490279349,-75.0622258479987,-78.4056408175899
1.124,-78.3332609234139,-75.0363347630173,-78.3790456900502,-78.3382787396947,-75.0481873891372,-78.3924550216089
1.12433333333333,-78.3199236150263,-75.0222570891639,-78.3657396374355,-78.3250476008484,-75.0341372780749,-78.3792493382184
1.12466666666667,-78.306566676396,-75.0081677497912,-78.3524139435373,-78.3117968409166,-75.0200755015275,-78.3660237460612
1.125,-78.2931900860198,-74.994066731489,-78.3390685870168,-78.2985264380379,-75.0060020461847,-78.3527782238184
1.12533333333333,-78.2797938224266,-74.9799540208209,-78.3257035465677,-78.2852363703822,-74.9919168987102,-78.3395127502097
1.12566666666667,-78.2663778641778,-74.965829604324,-78.3123188009168,-78.271926616152,-74.9778200457412,-78.3262273039927
1.126,-78.2529421898669,-74.9516934685085,-78.2989143288237,-78.258597153582,-74.9637114738886,-78.3129218639641
1.12633333333333,-78.2394867781199,-74.9375455998582,-78.2854901090813,-78.2452479609387,-74.9495911697369,-78.299596408959
1.12666666666667,-78.2260116075955,-74.9233859848301,-78.2720461205156,-78.2318790165213,-74.9354591198439,-78.2862509178512
1.127,-78.2125166569848,-74.9092146098542,-78.2585823419856,-78.2184902986613,-74.9213153107408,-78.2728853695533
1.12733333333333,-78.1990019050115,-74.8950314613337,-78.245098752384,-78.2050817857226,-74.9071597289322,-78.2594997430168
1.12766666666667,-78.1854673304322,-74.8808365256444,-78.2315953306366,-78.1916534561017,-74.8929923608957,-78.2460940172321
1.128,-78.1719129120364,-74.8666297891353,-78.2180720557027,-78.178205288228,-74.878813193082,-78.2326681712286
1.12833333333333,-78.1583386286464,-74.8524112381281,-78.2045289065752,-78.1647372605633,-74.8646222119148,-78.219222184075
1.12866666666667,-78.1447444591172,-74.8381808589168,-78.1909658622807,-78.1512493516024,-74.8504194037907,-78.2057560348787
1.129,-78.1311303823374,-74.8239386377685,-78.1773829018791,-78.1377415398731,-74.8362047550789,-78.1922697027869
1.12933333333333,-78.1174963772282,-74.8096845609222,-78.1637800044646,-78.1242138039361,-74.8219782521217,-78.1787631669857
1.12966666666667,-78.1038424227442,-74.7954186145897,-78.1501571491647,-78.1106661223849,-74.8077398812336,-78.1652364067006
1.13,-78.0901684978732,-74.7811407849549,-78.1365143151412,-78.0970984738466,-74.7934896287017,-78.1516894011968
1.13033333333333,-78.0764745816363,-74.7668510581737,-78.1228514815895,-78.0835108369811,-74.7792274807855,-78.1381221297786
1.13066666666667,-78.062760653088,-74.7525494203745,-78.1091686277393,-78.0699031904818,-74.764953423717,-78.1245345717902
1.131,-78.0490266913162,-74.7382358576572,-78.0954657328542,-78.0562755130753,-74.7506674437001,-78.1109267066153
1.13133333333333,-78.0352726754422,-74.7239103560939,-78.0817427762319,-78.0426277835217,-74.7363695269109,-78.097298513677
1.13166666666667,-78.0214985846209,-74.7095729017283,-78.0679997372044,-78.0289599806145,-74.7220596594977,-78.0836499724387
1.132,-78.007704398041,-74.695223480576,-78.0542365951379,-78.0152720831807,-74.7077378275806,-78.0699810624029
1.13233333333333,-77.9938900949244,-74.6808620786239,-78.0404533294329,-78.0015640700811,-74.6934040172513,-78.0562917631125
1.13266666666667,-77.9800556545271,-74.6664886818305,-78.0266499195241,-77.9878359202099,-74.6790582145735,-78.0425820541498
1.133,-77.9662010561387,-74.6521032761258,-78.012826344881,-77.9740876124951,-74.6647004055825,-78.0288519151375
1.13333333333333,-77.9523262790825,-74.6377058474109,-77.9989825850071,-77.9603191258986,-74.6503305762849,-78.0151013257378
1.13366666666667,-77.9384313027158,-74.6232963815583,-77.9851186194406,-77.9465304394159,-74.635948712659,-78.0013302656534
1.134,-77.9245161064298,-74.6088748644114,-77.9712344277542,-77.9327215320766,-74.6215548006541,-77.9875387146265
1.13433333333333,-77.9105806696495,-74.5944412817846,-77.9573299895554,-77.9188923829441,-74.6071488261911,-77.9737266524399
1.13466666666667,-77.8966249718339,-74.5799956194633,-77.9434052844859,-77.9050429711156,-74.5927307751616,-77.9598940589161
1.135,-77.8826489924761,-74.5655378632036,-77.9294602922224,-77.8911732757228,-74.5783006334286,-77.9460409139182
1.13533333333333,-77.8686527111033,-74.5510679987322,-77.9154949924763,-77.877283275931,-74.5638583868258,-77.9321671973493
1.13566666666667,-77.8546361072766,-74.5365860117466,-77.9015093649935,-77.8633729509399,-74.5494040211577,-77.9182728891524
1.136,-77.8405991605913,-74.5220918879145,-77.887503389555,-77.8494422799833,-74.5349375221995,-77.9043579693115
1.13633333333333,-77.8265418506769,-74.5075856128743,-77.8734770459764,-77.8354912423292,-74.5204588756973,-77.8904224178501
1.13666666666667,-77.8124641571972,-74.4930671722343,-77.8594303141081,-77.8215198172797,-74.5059680673673,-77.8764662148327
1.137,-77.7983660598499,-74.4785365515733,-77.8453631738356,-77.8075279841715,-74.4914650828964,-77.8624893403636
1.13733333333333,-77.7842475383673,-74.4639937364399,-77.8312756050792,-77.7935157223752,-74.4769499079416,-77.8484917745878
1.13766666666667,-77.7701085725157,-74.4494387123529,-77.817167587794,-77.7794830112962,-74.4624225281303,-77.8344734976906
1.138,-77.7559491420958,-74.4348714648007,-77.8030391019703,-77.7654298303739,-74.4478829290598,-77.8204344898977
1.13833333333333,-77.7417692269426,-74.4202919792418,-77.7888901276331,-77.7513561590823,-74.4333310962975,-77.8063747314751
1.13866666666667,-77.7275688069256,-74.4057002411039,-77.7747206448426,-77.7372619769298,-74.4187670153805,-77.7922942027295
1.139,-77.7133478619483,-74.3910962357846,-77.7605306336939,-77.7231472634593,-74.404190671816,-77.7781928840077
1.13933333333333,-77.6991063719489,-74.3764799486507,-77.7463200743173,-77.7090119982483,-74.3896020510807,-77.7640707556972
1.13966666666667,-77.6848443168999,-74.3618513650386,-77.732088946878,-77.6948561609084,-74.3750011386208,-77.749927798226
1.14,-77.670561676808,-74.3472104702536,-77.7178372315764,-77.6806797310863,-74.360387919852,-77.7357639920625
1.14033333333333,-77.6562584317147,-74.3325572495703,-77.7035649086476,-77.6664826884629,-74.3457623801596,-77.7215793177153
1.14066666666667,-77.6419345616956,-74.3178916882324,-77.6892719583623,-77.6522650127538,-74.3311245048977,-77.707373755734
1.141,-77.6275900468607,-74.3032137714522,-77.6749583610261,-77.6380266837091,-74.3164742793898,-77.6931472867083
1.14133333333333,-77.6132248673547,-74.2885234844111,-77.6606240969794,-77.6237676811136,-74.3018116889286,-77.6788998912685
1.14166666666667,-77.5988390033566,-74.273820812259,-77.6462691465983,-77.6094879847868,-74.2871367187753,-77.6646315500852
1.142,-77.5844324350798,-74.2591057401145,-77.6318934902934,-77.5951875745825,-74.2724493541603,-77.6503422438699
1.14233333333333,-77.5700051427722,-74.2443782530644,-77.6174971085108,-77.5808664303896,-74.2577495802825,-77.636031953374
1.14266666666667,-77.5555571067161,-74.2296383361643,-77.6030799817316,-77.5665245321312,-74.2430373823096,-77.6217006593898
1.143,-77.5410883072281,-74.2148859744377,-77.588642090472,-77.5521618597653,-74.2283127453775,-77.6073483427498
1.14333333333333,-77.5265987246596,-74.2001211528763,-77.5741834152831,-77.5377783932847,-74.2135756545907,-77.592974984327
1.14366666666667,-77.512088339396,-74.1853438564399,-77.5597039367515,-77.5233741127164,-74.1988260950218,-77.5785805650346
1.144,-77.4975571318574,-74.1705540700561,-77.5452036354985,-77.5089489981225,-74.1840640517118,-77.5641650658265
1.14433333333333,-77.4830050824982,-74.1557517786206,-77.5306824921808,-77.4945030295994,-74.1692895096696,-77.5497284676969
1.14466666666667,-77.4684321718072,-74.1409369669964,-77.5161404874898,-77.4800361872785,-74.154502453872,-77.5352707516801
1.145,-77.4538383803073,-74.1261096200143,-77.5015776021522,-77.4655484513255,-74.1397028692638,-77.520791898851
1.14533333333333,-77.4392236885563,-74.1112697224726,-77.4869938169297,-77.451039801941,-74.1248907407573,-77.5062918903245
1.14566666666667,-77.424588077146,-74.0964172591368,-77.4723891126189,-77.43651021936,-74.1100660532324,-77.4917707072561
1.146,-77.4099315267023,-74.0815522147398,-77.4577634700514,-77.4219596838522,-74.0952287915368,-77.4772283308412
1.14633333333333,-77.3952540178858,-74.0666745739815,-77.4431168700939,-77.407388175722,-74.0803789404853,-77.4626647423157
1.14666666666667,-77.3805555313912,-74.0517843215289,-77.4284492936479,-77.3927956753082,-74.06551648486,-77.4480799229554
1.147,-77.3658360479473,-74.0368814420159,-77.41376072165,-77.3781821629843,-74.0506414094102,-77.4334738540763
1.14733333333333,-77.3510955483174,-74.0219659200433,-77.3990511350714,-77.3635476191582,-74.0357536988523,-77.4188465170346
1.14766666666667,-77.3363340132987,-74.0070377401782,-77.3843205149183,-77.3488920242725,-74.0208533378693,-77.4041978932263
1.148,-77.3215514237227,-73.9920968869546,-77.3695688422318,-77.3342153588039,-74.0059403111116,-77.3895279640877
1.14833333333333,-77.3067477604548,-73.9771433448729,-77.3547960980878,-77.3195176032642,-73.9910146031956,-77.3748367110948
1.14866666666667,-77.2919230043947,-73.9621770983997,-77.3400022635966,-77.304798738199,-73.9760761987049,-77.3601241157635
1.149,-77.2770771364762,-73.9471981319679,-77.3251873199038,-77.2900587441888,-73.9611250821891,-77.3453901596497
1.14933333333333,-77.2622101376667,-73.9322064299765,-77.3103512481891,-77.2752976018481,-73.9461612381644,-77.330634824349
1.14966666666667,-77.247321988968,-73.9172019767904,-77.2954940296672,-77.2605152918259,-73.9311846511131,-77.3158580914969
1.15,-77.2324126714154,-73.9021847567404,-77.2806156455872,-77.2457117948056,-73.9161953054837,-77.3010599427682
1.15033333333333,-77.2174821660783,-73.8871547541231,-77.2657160772329,-77.2308870915047,-73.9011931856907,-77.2862403598778
1.15066666666667,-77.2025304540599,-73.8721119532005,-77.2507953059225,-77.216041162675,-73.8861782761142,-77.2713993245797
1.151,-77.187557516497,-73.8570563382005,-77.2358533130086,-77.2011739891025,-73.8711505611006,-77.2565368186679
1.15133333333333,-77.1725633345602,-73.841987893316,-77.2208900798783,-77.1862855516072,-73.8561100249613,-77.2416528239753
1.15166666666667,-77.1575478894538,-73.8269066027053,-77.2059055879528,-77.1713758310435,-73.8410566519737,-77.2267473223745
1.152,-77.1425111624156,-73.8118124504919,-77.1908998186879,-77.1564448082994,-73.8259904263805,-77.2118202957774
1.15233333333333,-77.1274531347169,-73.7967054207643,-77.1758727535735,-77.1414924642974,-73.8109113323894,-77.196871726135
1.15266666666667,-77.1123737876626,-73.7815854975758,-77.1608243741334,-77.1265187799934,-73.7958193541736,-77.1819015954373
1.153,-77.0972731025909,-73.7664526649446,-77.1457546619259,-77.1115237363776,-73.7807144758712,-77.1669098857138
1.15333333333333,-77.0821510608733,-73.7513069068534,-77.1306635985432,-77.096507314474,-73.7655966815852,-77.1518965790326
1.15366666666667,-77.0670076439147,-73.7361482072497,-77.1155511656112,-77.08146949534,-73.7504659553833,-77.1368616575007
1.154,-77.0518428331531,-73.7209765500453,-77.1004173447901,-77.0664102600672,-73.7353222812982,-77.1218051032644
1.15433333333333,-77.0366566100596,-73.705791919116,-77.0852621177737,-77.0513295897804,-73.7201656433267,-77.1067268985081
1.15466666666667,-77.0214489561385,-73.6905942983023,-77.0700854662896,-77.0362274656384,-73.7049960254304,-77.0916270254552
1.155,-77.0062198529269,-73.6753836714083,-77.0548873720989,-77.0211038688332,-73.689813411535,-77.0765054663676
1.15533333333333,-76.990969281995,-73.6601600222022,-77.0396678169966,-77.0059587805904,-73.6746177855304,-77.0613622035458
1.15566666666667,-76.9756972249457,-73.644923334416,-77.0244267828111,-76.9907921821689,-73.6594091312707,-77.0461972193283
1.156,-76.9604036634145,-73.6296735917454,-77.0091642514043,-76.9756040548609,-73.6441874325737,-77.0310104960923
1.15633333333333,-76.9450885790698,-73.6144107778495,-76.9938802046712,-76.9603943799919,-73.6289526732212,-77.0158020162529
1.15666666666667,-76.9297519536125,-73.599134876351,-76.9785746245404,-76.9451631389204,-73.6137048369586,-77.0005717622633
1.157,-76.914393768776,-73.5838458708356,-76.9632474929734,-76.9299103130382,-73.5984439074948,-76.9853197166149
1.15733333333333,-76.8990140063259,-73.5685437448526,-76.9478987919651,-76.9146358837699,-73.5831698685023,-76.9700458618365
1.15766666666667,-76.8836126480603,-73.553228481914,-76.9325285035431,-76.8993398325731,-73.5678827036166,-76.9547501804951
1.158,-76.8681896758095,-73.5379000654949,-76.9171366097681,-76.8840221409381,-73.5525823964368,-76.9394326551952
1.15833333333333,-76.8527450714358,-73.5225584790329,-76.9017230927335,-76.8686827903881,-73.5372689305246,-76.9240932685787
1.15866666666667,-76.8372788168335,-73.5072037059286,-76.8862879345656,-76.8533217624787,-73.5219422894049,-76.908732003325
1.159,-76.821790893929,-73.491835729545,-76.8708311174231,-76.8379390387984,-73.5066024565654,-76.8933488421508
1.15933333333333,-76.8062812846802,-73.4764545332073,-76.8553526234974,-76.8225346009677,-73.4912494154563,-76.8779437678101
1.15966666666667,-76.790749971077,-73.4610601002032,-76.839852435012,-76.8071084306399,-73.4758831494904,-76.8625167630938
1.16,-76.7751969351407,-73.4456524137826,-76.8243305342232,-76.7916605095002,-73.4605036420429,-76.8470678108296
1.16033333333333,-76.7596221589241,-73.4302314571572,-76.808786903419,-76.7761908192663,-73.4451108764514,-76.8315968938823
1.16066666666667,-76.7440256245114,-73.4147972135005,-76.7932215249197,-76.7606993416875,-73.4297048360153,-76.8161039951533
1.161,-76.7284073140181,-73.3993496659481,-76.7776343810777,-76.7451860585456,-73.4142855039965,-76.8005890975803
1.16133333333333,-76.7127672095908,-73.3838887975969,-76.762025454277,-76.7296509516538,-73.3988528636184,-76.7850521841378
1.16166666666667,-76.6971052934071,-73.3684145915053,-76.7463947269335,-76.7140940028572,-73.3834068980662,-76.7694932378362
1.162,-76.6814215476755,-73.3529270306933,-76.7307421814948,-76.6985151940325,-73.3679475904868,-76.7539122417222
1.16233333333333,-76.6657159546353,-73.3374260981417,-76.7150678004397,-76.682914507088,-73.3524749239886,-76.7383091788786
1.16266666666667,-76.6499884965565,-73.3219117767928,-76.6993715662786,-76.6672919239632,-73.3369888816413,-76.7226840324238
1.163,-76.6342391557396,-73.3063840495495,-76.6836534615532,-76.6516474266291,-73.3214894464758,-76.7070367855123
1.16333333333333,-76.6184679145153,-73.2908428992758,-76.6679134688362,-76.6359809970876,-73.3059766014842,-76.6913674213337
1.16366666666667,-76.602674755245,-73.2752883087961,-76.6521515707313,-76.620292617372,-73.2904503296193,-76.6756759231133
1.164,-76.5868596603199,-73.2597202608955,-76.636367749873,-76.604582269546,-73.2749106137949,-76.6599622741116
1.16433333333333,-76.5710226121614,-73.2441387383195,-76.6205619889268,-76.5888499357045,-73.2593574368855,-76.6442264576241
1.16466666666667,-76.5551635932203,-73.2285437237738,-76.6047342705886,-76.5730955979729,-73.2437907817259,-76.6284684569815
1.165,-76.5392825859779,-73.2129351999242,-76.5888845775846,-76.5573192385072,-73.2282106311118,-76.6126882555491
1.16533333333333,-76.5233795729445,-73.1973131493966,-76.5730128926716,-76.5415208394936,-73.2126169677985,-76.5968858367267
1.16566666666667,-76.5074545366599,-73.1816775547766,-76.5571191986364,-76.5257003831488,-73.1970097745019,-76.581061183949
1.166,-76.4915074596936,-73.1660283986098,-76.541203478296,-76.5098578517193,-73.1813890338978,-76.5652142806846
1.16633333333333,-76.4755383246436,-73.150365663401,-76.525265714497,-76.493993227482,-73.1657547286218,-76.5493451104363
1.16666666666667,-76.4595471141375,-73.1346893316148,-76.5093058901159,-76.4781064927433,-73.1501068412692,-76.5334536567411
1.167,-76.4435338108313,-73.1189993856746,-76.4933239880589,-76.4621976298393,-73.1344453543948,-76.5175399031695
1.16733333333333,-76.4274983974101,-73.1032958079635,-76.4773199912614,-76.4462666211359,-73.1187702505131,-76.5016038333259
1.16766666666667,-76.4114408565872,-73.0875785808233,-76.4612938826882,-76.4303134490282,-73.1030815120976,-76.485645430848
1.168,-76.3953611711044,-73.0718476865548,-76.4452456453333,-76.4143380959407,-73.0873791215811,-76.4696646794065
1.16833333333333,-76.3792593237317,-73.0561031074174,-76.4291752622193,-76.3983405443266,-73.0716630613555,-76.4536615627058
1.16866666666667,-76.3631352972671,-73.0403448256291,-76.413082716398,-76.3823207766685,-73.0559333137712,-76.4376360644826
1.169,-76.3469890745366,-73.0245728233665,-76.3969679909496,-76.3662787754777,-73.0401898611379,-76.4215881685067
1.16933333333333,-76.330820638394,-73.0087870827644,-76.3808310689829,-76.3502145232939,-73.0244326857233,-76.4055178585802
1.16966666666667,-76.3146299717203,-72.9929875859157,-76.3646719336349,-76.3341280026854,-73.0086617697539,-76.3894251185377
1.17,-76.2984170574242,-72.9771743148714,-76.3484905680708,-76.3180191962488,-72.9928770954145,-76.3733099322458
1.17033333333333,-76.2821818784416,-72.9613472516404,-76.3322869554835,-76.3018880866089,-72.9770786448479,-76.3571722836032
1.17066666666667,-76.2659244177351,-72.945506378189,-76.3160610790942,-76.2857346564184,-72.9612664001548,-76.3410121565401
1.171,-76.2496446582946,-72.9296516764417,-76.2998129221511,-76.2695588883578,-72.9454403433942,-76.3248295350187
1.17133333333333,-76.2333425831363,-72.9137831282798,-76.2835424679303,-76.2533607651351,-72.9296004565823,-76.308624403032
1.17166666666667,-76.2170181753031,-72.8979007155421,-76.2672496997348,-76.2371402694861,-72.9137467216933,-76.2923967446046
1.172,-76.2006714178641,-72.8820044200248,-76.250934600895,-76.2208973841734,-72.8978791206586,-76.2761465437918
1.17233333333333,-76.1843022939147,-72.8660942234808,-76.2345971547679,-76.2046320919872,-72.8819976353669,-76.2598737846798
1.17266666666667,-76.1679107865759,-72.8501701076198,-76.2182373447372,-76.1883443757441,-72.866102247664,-76.243578451385
1.173,-76.1514968789948,-72.8342320541083,-76.2018551542133,-76.1720342182879,-72.8501929393529,-76.2272605280545
1.17333333333333,-76.1350605543438,-72.8182800445694,-76.1854505666328,-76.1557016024887,-72.834269692193,-76.2109199988654
1.17366666666667,-76.1186017958207,-72.8023140605825,-76.1690235654582,-76.139346511243,-72.8183324879008,-76.1945568480244
1.174,-76.1021205866486,-72.7863340836833,-76.1525741341783,-76.1229689274735,-72.8023813081493,-76.1781710597682
1.17433333333333,-76.0856169100753,-72.7703400953635,-76.1361022563074,-76.1065688341288,-72.7864161345675,-76.1617626183628
1.17466666666667,-76.0690907493735,-72.7543320770707,-76.1196079153852,-76.0901462141834,-72.770436948741,-76.1453315081034
1.175,-76.0525420878405,-72.7383100102085,-76.1030910949771,-76.0737010506373,-72.7544437322115,-76.1288777133143
1.17533333333333,-76.0359709087978,-72.722273876136,-76.0865517786733,-76.0572333265159,-72.7384364664763,-76.1124012183482
1.17566666666667,-76.0193771955912,-72.7062236561676,-76.0699899500888,-76.0407430248699,-72.7224151329888,-76.0959020075869
1.176,-76.0027609315903,-72.6901593315734,-76.0534055928638,-76.0242301287749,-72.7063797131579,-76.07938006544
1.17633333333333,-75.9861221001884,-72.6740808835784,-76.0367986906624,-76.0076946213312,-72.690330188348,-76.0628353763454
1.17666666666667,-75.9694606848024,-72.6579882933627,-76.0201692271734,-75.9911364856639,-72.6742665398786,-76.0462679247688
1.177,-75.9527766688724,-72.6418815420612,-76.0035171861093,-75.9745557049223,-72.6581887490248,-76.0296776952035
1.17733333333333,-75.9360700358616,-72.6257606107636,-75.9868425512069,-75.9579522622799,-72.6420967970163,-76.0130646721699
1.17766666666667,-75.9193407692561,-72.6096254805141,-75.9701453062262,-75.941326140934,-72.6259906650378,-75.9964288402159
1.178,-75.9025888525644,-72.5934761323113,-75.9534254349509,-75.924677324106,-72.6098703342288,-75.979770183916
1.17833333333333,-75.8858142693176,-72.577312547108,-75.9366829211876,-75.9080057950405,-72.5937357856832,-75.9630886878714
1.17866666666667,-75.8690170030689,-72.561134705811,-75.919917748766,-75.8913115370055,-72.5775870004492,-75.9463843367094
1.179,-75.8521970373934,-72.5449425892813,-75.9031299015386,-75.874594533292,-72.5614239595295,-75.9296571150839
1.17933333333333,-75.8353543558881,-72.5287361783334,-75.8863193633803,-75.8578547672139,-72.5452466438806,-75.9129070076741
1.17966666666667,-75.8184889421712,-72.5125154537354,-75.8694861181882,-75.8410922221078,-72.529055034413,-75.8961339991852
1.18,-75.8016007798823,-72.496280396209,-75.8526301498816,-75.8243068813325,-72.512849111991,-75.8793380743475
1.18033333333333,-75.7846898526819,-72.4800309864291,-75.8357514424015,-75.8074987282691,-72.4966288574324,-75.8625192179164
1.18066666666667,-75.7677561442513,-72.4637672050236,-75.8188499797103,-75.7906677463207,-72.4803942515085,-75.8456774146723
1.181,-75.7507996382924,-72.4474890325735,-75.8019257457921,-75.7738139189118,-72.4641452749438,-75.8288126494198
1.18133333333333,-75.7338203185272,-72.4311964496125,-75.7849787246516,-75.7569372294888,-72.4478819084159,-75.811924906988
1.18166666666667,-75.7168181686979,-72.414889436627,-75.7680089003147,-75.7400376615188,-72.4316041325553,-75.79501417223
1.182,-75.6997931725664,-72.3985679740559,-75.7510162568277,-75.7231151984903,-72.4153119279455,-75.7780804300225
1.18233333333333,-75.6827453139141,-72.3822320422902,-75.7340007782573,-75.7061698239124,-72.3990052751224,-75.7611236652659
1.18266666666667,-75.6656745765417,-72.3658816216732,-75.7169624486903,-75.6892015213147,-72.3826841545743,-75.7441438628833
1.183,-75.6485809442689,-72.3495166925002,-75.6999012522331,-75.6722102742468,-72.366348546742,-75.7271410078213
1.18333333333333,-75.6314644009342,-72.3331372350182,-75.6828171730121,-75.6551960662786,-72.3499984320183,-75.7101150850486
1.18366666666667,-75.6143249303946,-72.3167432294258,-75.6657101951726,-75.6381588809996,-72.3336337907478,-75.6930660795566
1.184,-75.5971625165253,-72.3003346558732,-75.6485803028792,-75.6210987020189,-72.3172546032272,-75.6759939763585
1.18433333333333,-75.5799771432196,-72.2839114944618,-75.6314274803151,-75.6040155129647,-72.3008608497045,-75.6588987604894
1.18466666666667,-75.5627687943882,-72.2674737252442,-75.6142517116824,-75.5869092974842,-72.2844525103795,-75.6417804170058
1.185,-75.5455374539596,-72.2510213282239,-75.5970529812011,-75.5697800392434,-72.268029565403,-75.6246389309854
1.18533333333333,-75.5282831058794,-72.2345542833553,-75.5798312731092,-75.5526277219266,-72.251591994877,-75.6074742875269
1.18566666666667,-75.5110057341099,-72.2180725705432,-75.5625865716628,-75.5354523292363,-72.2351397788545,-75.5902864717494
1.186,-75.4937053226304,-72.2015761696432,-75.5453188611351,-75.518253844893,-72.2186728973392,-75.5730754687923
1.18633333333333,-75.4763818554361,-72.1850650604608,-75.5280281258165,-75.5010322526348,-72.2021913302853,-75.5558412638151
1.18666666666667,-75.4590353165386,-72.1685392227518,-75.5107143500145,-75.4837875362173,-72.1856950575978,-75.538583841997
1.187,-75.4416656899652,-72.151998636222,-75.4933775180532,-75.466519679413,-72.1691840591316,-75.5213031885365
1.18733333333333,-75.4242729597589,-72.1354432805269,-75.4760176142729,-75.4492286660113,-72.1526583146918,-75.5039992886513
1.18766666666667,-75.4068571099775,-72.1188731352714,-75.4586346230301,-75.4319144798181,-72.1361178040335,-75.4866721275776
1.188,-75.3894181246942,-72.1022881800102,-75.4412285286971,-75.4145771046557,-72.1195625068615,-75.4693216905704
1.18833333333333,-75.3719559879965,-72.0856883942469,-75.4237993156616,-75.3972165243623,-72.10299240283,-75.4519479629026
1.18866666666667,-75.3544706839866,-72.0690737574343,-75.4063469683266,-75.379832722792,-72.0864074715428,-75.4345509298651
1.189,-75.3369621967806,-72.0524442489741,-75.38887147111,-75.3624256838139,-72.069807692553,-75.4171305767661
1.18933333333333,-75.3194305105084,-72.0357998482166,-75.3713728084442,-75.3449953913125,-72.0531930453624,-75.3996868889312
1.18966666666667,-75.3018756093133,-72.0191405344608,-75.3538509647762,-75.3275418291873,-72.0365635094219,-75.3822198517027
1.19,-75.284297477352,-72.0024662869539,-75.3363059245669,-75.310064981352,-72.0199190641311,-75.3647294504397
1.19033333333333,-75.2666960987939,-71.9857770848915,-75.3187376722909,-75.2925648317348,-72.0032596888381,-75.3472156705173
1.19066666666667,-75.249071457821,-71.9690729074168,-75.3011461924363,-75.2750413642777,-71.9865853628392,-75.3296784973266
1.191,-75.2314235386278,-71.9523537336212,-75.2835314695044,-75.2574945629365,-71.969896065379,-75.3121179162741
1.19133333333333,-75.2137523254204,-71.9356195425435,-75.2658934880091,-75.2399244116803,-71.9531917756499,-75.2945339127819
1.19166666666667,-75.196057802417,-71.91887031317,-75.2482322324772,-75.2223308944913,-71.9364724727924,-75.2769264722866
1.192,-75.1783399538469,-71.9021060244344,-75.2305476874475,-75.2047139953643,-71.9197381358942,-75.2592955802396
1.19233333333333,-75.1605987639503,-71.8853266552174,-75.2128398374706,-75.1870736983067,-71.9029887439908,-75.2416412221065
1.19266666666667,-75.1428342169786,-71.8685321843464,-75.195108667109,-75.1694099873381,-71.8862242760647,-75.2239633833668
1.193,-75.1250462971931,-71.8517225905959,-75.1773541609363,-75.1517228464898,-71.8694447110456,-75.2062620495135
1.19333333333333,-75.1072349888655,-71.8348978526867,-75.1595763035371,-75.1340122598045,-71.85265002781,-75.1885372060528
1.19366666666667,-75.0894002762772,-71.8180579492859,-75.1417750795067,-75.1162782113364,-71.835840205181,-75.1707888385038
1.194,-75.0715421437192,-71.8012028590069,-75.1239504734506,-75.0985206851504,-71.8190152219286,-75.1530169323981
1.19433333333333,-75.0536605754912,-71.7843325604091,-75.1061024699845,-75.080739665322,-71.8021750567686,-75.1352214732796
1.19466666666667,-75.0357555559023,-71.7674470319975,-75.0882310537337,-75.0629351359369,-71.7853196883633,-75.1174024467037
1.195,-75.0178270692696,-71.7505462522229,-75.0703362093329,-75.0451070810909,-71.7684490953209,-75.0995598382376
1.19533333333333,-74.9998750999185,-71.7336301994813,-75.0524179214257,-75.0272554848891,-71.7515632561952,-75.0816936334593
1.19566666666667,-74.9818996321823,-71.7166988521141,-75.0344761746647,-75.0093803314461,-71.7346621494856,-75.0638038179579
1.196,-74.9639006504017,-71.6997521884077,-75.0165109537105,-74.9914816048854,-71.7177457536371,-75.0458903773325
1.19633333333333,-74.9458781389246,-71.6827901865933,-74.9985222432321,-74.9735592893391,-71.7008140470397,-75.0279532971926
1.19666666666667,-74.9278320821055,-71.6658128248467,-74.9805100279059,-74.9556133689476,-71.6838670080284,-75.0099925631571
1.197,-74.9097624643056,-71.6488200812883,-74.9624742924159,-74.9376438278592,-71.6669046148831,-74.9920081608542
1.19733333333333,-74.8916692698922,-71.6318119339826,-74.944415021453,-74.9196506502298,-71.6499268458282,-74.9740000759213
1.19766666666667,-74.8735524832383,-71.6147883609382,-74.9263321997149,-74.9016338202227,-71.6329336790328,-74.955968294004
1.198,-74.8554120887223,-71.5977493401078,-74.9082258119056,-74.8835933220079,-71.6159250926098,-74.9379128007565
1.19833333333333,-74.8372480707277,-71.5806948493874,-74.8900958427349,-74.8655291397621,-71.5989010646166,-74.9198335818404
1.19866666666667,-74.819060413643,-71.5636248666168,-74.8719422769187,-74.8474412576684,-71.5818615730541,-74.901730622925
1.199,-74.8008491018606,-71.5465393695789,-74.8537650991777,-74.8293296599156,-71.5648065958669,-74.8836039096866
1.19933333333333,-74.7826141197774,-71.5294383359997,-74.8355642942381,-74.8111943306981,-71.5477361109433,-74.8654534278083
1.19966666666667,-74.7643554517936,-71.5123217435482,-74.8173398468301,-74.7930352542154,-71.5306500961145,-74.8472791629793
1.2,-74.7460730823131,-71.4951895698361,-74.7990917416887,-74.7748524146721,-71.5135485291551,-74.8290811008949
1.20033333333333,-74.7277669957423,-71.4780417924174,-74.7808199635524,-74.7566457962771,-71.4964313877824,-74.810859227256
1.20066666666667,-74.7094371764907,-71.4608783887886,-74.7625244971634,-74.7384153832433,-71.4792986496562,-74.7926135277683
1.201,-74.6910836089696,-71.4436993363882,-74.7442053272672,-74.7201611597878,-71.462150292379,-74.7743439881428
1.20133333333333,-74.6727062775924,-71.4265046125965,-74.7258624386118,-74.7018831101307,-71.4449862934955,-74.7560505940945
1.20166666666667,-74.6543051667741,-71.4092941947358,-74.707495815948,-74.6835812184953,-71.4278066304925,-74.7377333313424
1.202,-74.6358802609305,-71.3920680600694,-74.6891054440284,-74.6652554691076,-71.4106112807985,-74.7193921856093
1.20233333333333,-74.6174315444785,-71.3748261858023,-74.6706913076075,-74.646905846196,-71.3934002217838,-74.701027142621
1.20266666666667,-74.5989590018352,-71.3575685490804,-74.6522533914409,-74.6285323339907,-71.37617343076,-74.6826381881064
1.203,-74.5804626174177,-71.3402951269904,-74.6337916802857,-74.6101349167237,-71.3589308849801,-74.6642253077964
1.20333333333333,-74.561942375643,-71.3230058965599,-74.6153061588989,-74.5917135786279,-71.3416725616382,-74.6457884874242
1.20366666666667,-74.5433982609271,-71.3057008347568,-74.5967968120383,-74.5732683039372,-71.324398437869,-74.6273277127245
1.204,-74.524830257685,-71.2883799184891,-74.5782636244614,-74.5547990768862,-71.3071084907481,-74.6088429694333
1.20433333333333,-74.5062383503301,-71.2710431246052,-74.559706580925,-74.5363058817092,-71.2898026972912,-74.5903342432872
1.20466666666667,-74.487622523274,-71.253690429893,-74.5411256661851,-74.5177887026405,-71.2724810344545,-74.5718015200233
1.205,-74.4689827609261,-71.2363218110801,-74.5225208649964,-74.4992475239134,-71.2551434791341,-74.5532447853788
1.20533333333333,-74.4503190476932,-71.2189372448337,-74.5038921621122,-74.4806823297606,-71.2377900081658,-74.5346640250903
1.20566666666667,-74.4316313679786,-71.20153670776,-74.4852395422832,-74.4620931044129,-71.2204205983252,-74.5160592248935
1.206,-74.4129197061828,-71.1841201764043,-74.4665629902582,-74.4434798320996,-71.2030352263271,-74.4974303705229
1.20633333333333,-74.3941840467022,-71.1666876272505,-74.4478624907828,-74.4248424970477,-71.1856338688255,-74.4787774477116
1.20666666666667,-74.3754243739288,-71.1492390367213,-74.4291380285996,-74.4061810834814,-71.1682165024134,-74.4601004421901
1.207,-74.3566406722502,-71.1317743811775,-74.4103895884474,-74.3874955756223,-71.1507831036225,-74.4413993396867
1.20733333333333,-74.337832926049,-71.1142936369182,-74.3916171550612,-74.3687859576881,-71.133333648923,-74.4226741259267
1.20766666666667,-74.3190011197024,-71.0967967801805,-74.3728207131714,-74.3500522138932,-71.1158681147235,-74.4039247866321
1.208,-74.3001452375817,-71.0792837871388,-74.3540002475036,-74.3312943284475,-71.0983864773705,-74.3851513075211
1.20833333333333,-74.281265264052,-71.0617546339055,-74.3351557427785,-74.3125122855564,-71.0808887131486,-74.3663536743074
1.20866666666667,-74.2623611834717,-71.0442092965298,-74.3162871837107,-74.2937060694203,-71.0633747982799,-74.3475318727005
1.209,-74.2434329801924,-71.0266477509983,-74.2973945550093,-74.2748756642344,-71.0458447089241,-74.3286858884045
1.20933333333333,-74.2244806385581,-71.0090699732341,-74.2784778413767,-74.2560210541877,-71.0282984211779,-74.3098157071181
1.20966666666667,-74.205504142905,-70.991475939097,-74.2595370275085,-74.2371422234635,-71.0107359110752,-74.2909213145342
1.21,-74.186503477561,-70.9738656243835,-74.2405720980931,-74.218239156238,-70.9931571545865,-74.2720026963392
1.21033333333333,-74.1674786268454,-70.9562390048258,-74.2215830378112,-74.1993118366806,-70.9755621276191,-74.2530598382125
1.21066666666667,-74.1484295750683,-70.9385960560922,-74.2025698313358,-74.1803602489535,-70.9579508060164,-74.2340927258265
1.211,-74.1293563065306,-70.9209367537868,-74.1835324633309,-74.1613843772107,-70.940323165558,-74.2151013448459
1.21133333333333,-74.1102588055229,-70.903261073449,-74.164470918452,-74.1423842055979,-70.9226791819594,-74.1960856809273
1.21166666666667,-74.0911370563256,-70.8855689905536,-74.1453851813452,-74.1233597182526,-70.9050188308718,-74.1770457197184
1.212,-74.0719910432084,-70.8678604805104,-74.1262752366468,-74.1043108993026,-70.8873420878818,-74.1579814468583
1.21233333333333,-74.0528207504298,-70.850135518664,-74.1071410689833,-74.0852377328667,-70.8696489285112,-74.1388928479763
1.21266666666667,-74.0336261622367,-70.8323940802934,-74.0879826629702,-74.0661402030533,-70.8519393282168,-74.1197799086921
1.213,-74.0144072628638,-70.8146361406122,-74.0688000032123,-74.0470182939608,-70.8342132623902,-74.1006426146147
1.21333333333333,-73.9951640365335,-70.796861674768,-74.049593074303,-74.0278719896766,-70.8164707063573,-74.0814809513426
1.21366666666667,-73.9758964674553,-70.7790706578422,-74.0303618608237,-74.0087012742769,-70.7987116353787,-74.0622949044627
1.214,-73.9566045398252,-70.76126306485,-74.0111063473438,-73.9895061318264,-70.7809360246487,-74.0430844595504
1.21433333333333,-73.9372882378257,-70.7434388707399,-73.9918265184197,-73.9702865463775,-70.7631438492957,-74.023849602169
1.21466666666667,-73.9179475456249,-70.7255980503937,-73.972522358595,-73.9510425019703,-70.7453350843815,-74.0045903178688
1.215,-73.8985824473763,-70.7077405786258,-73.9531938523995,-73.9317739826317,-70.7275097049014,-73.9853065921874
1.21533333333333,-73.8791929272184,-70.6898664301839,-73.9338409843492,-73.9124809723754,-70.7096676857838,-73.9659984106486
1.21566666666667,-73.859778969274,-70.6719755797476,-73.9144637389456,-73.8931634552013,-70.6918090018899,-73.9466657587622
1.216,-73.8403405576503,-70.6540680019291,-73.8950621006753,-73.8738214150949,-70.6739336280138,-73.9273086220235
1.21633333333333,-73.8208776764376,-70.6361436712724,-73.8756360540097,-73.8544548360269,-70.6560415388819,-73.907926985913
1.21666666666667,-73.8013903097097,-70.6182025622534,-73.8561855834044,-73.8350637019533,-70.6381327091526,-73.8885208358956
1.217,-73.7818784415231,-70.6002446492795,-73.8367106732988,-73.8156479968139,-70.6202071134166,-73.8690901574204
1.21733333333333,-73.7623420559164,-70.5822699066891,-73.8172113081158,-73.796207704533,-70.6022647261961,-73.8496349359201
1.21766666666667,-73.7427811369101,-70.5642783087521,-73.797687472261,-73.7767428090181,-70.5843055219448,-73.8301551568105
1.218,-73.723195668506,-70.5462698296688,-73.7781391501227,-73.7572532941598,-70.5663294750477,-73.8106508054904
1.21833333333333,-73.7035856346869,-70.5282444435703,-73.7585663260711,-73.7377391438313,-70.5483365598207,-73.7911218673403
1.21866666666667,-73.6839510194159,-70.5102021245179,-73.7389689844581,-73.7182003418881,-70.5303267505104,-73.7715683277229
1.219,-73.6642918066362,-70.492142846503,-73.7193471096166,-73.6986368721672,-70.5123000212941,-73.751990171982
1.21933333333333,-73.6446079802705,-70.4740665834466,-73.6997006858603,-73.679048718487,-70.4942563462792,-73.7323873854422
1.21966666666667,-73.6248995242205,-70.4559733091996,-73.680029697483,-73.6594358646465,-70.4761956995032,-73.7127599534082
1.22,-73.6051664223668,-70.437862997542,-73.6603341287582,-73.6397982944254,-70.4581180549332,-73.6931078611649
1.22033333333333,-73.5854086585676,-70.419735622183,-73.6406139639391,-73.6201359915828,-70.4400233864661,-73.6734310939764
1.22066666666667,-73.5656262166594,-70.4015911567604,-73.6208691872572,-73.6004489398574,-70.4219116679277,-73.6537296370853
1.221,-73.5458190804554,-70.3834295748409,-73.6010997829229,-73.5807371229669,-70.4037828730732,-73.6340034757131
1.22133333333333,-73.525987233746,-70.3652508499191,-73.5813057351241,-73.5610005246075,-70.3856369755863,-73.6142525950589
1.22166666666667,-73.5061306602973,-70.347054955418,-73.5614870280263,-73.5412391284531,-70.3674739490793,-73.5944769802992
1.222,-73.4862493438519,-70.3288418646883,-73.5416436457722,-73.5214529181556,-70.3492937670928,-73.5746766165874
1.22233333333333,-73.4663432681273,-70.3106115510082,-73.5217755724808,-73.5016418773436,-70.3310964030954,-73.5548514890534
1.22266666666667,-73.4464124168158,-70.2923639875833,-73.5018827922471,-73.4818059896224,-70.3128818304833,-73.5350015828028
1.223,-73.4264567735844,-70.274099147546,-73.4819652891419,-73.4619452385734,-70.2946500225805,-73.5151268829169
1.22333333333333,-73.4064763220739,-70.2558170039558,-73.4620230472109,-73.4420596077537,-70.276400952638,-73.4952273744518
1.22366666666667,-73.3864710458983,-70.2375175297985,-73.4420560504745,-73.4221490806955,-70.2581345938338,-73.4753030424378
1.224,-73.3664409286449,-70.2192006979862,-73.4220642829276,-73.4022136409056,-70.2398509192728,-73.4553538718795
1.22433333333333,-73.3463859538732,-70.2008664813571,-73.4020477285382,-73.3822532718652,-70.2215499019862,-73.4353798477546
1.22466666666667,-73.3263061051149,-70.1825148526751,-73.3820063712479,-73.3622679570291,-70.2032315149315,-73.4153809550139
1.225,-73.306201365873,-70.1641457846295,-73.3619401949709,-73.3422576798254,-70.1848957309921,-73.3953571785807
1.22533333333333,-73.2860717196217,-70.1457592498348,-73.3418491835938,-73.3222224236548,-70.1665425229772,-73.3753085033499
1.22566666666667,-73.2659171498057,-70.1273552208305,-73.3217333209748,-73.3021621718904,-70.1481718636212,-73.355234914188
1.226,-73.2457376398396,-70.1089336700809,-73.3015925909434,-73.2820769078771,-70.1297837255838,-73.3351363959325
1.22633333333333,-73.2255331731077,-70.0904945699745,-73.2814269773,-73.261966614931,-70.1113780814496,-73.3150129333911
1.22666666666667,-73.2053037329633,-70.072037892824,-73.2612364638153,-73.2418312763391,-70.0929549037278,-73.2948645113414
1.227,-73.1850493027283,-70.0535636108662,-73.2410210342297,-73.2216708753585,-70.0745141648521,-73.2746911145305
1.22733333333333,-73.1647698656926,-70.0350716962611,-73.2207806722531,-73.2014853952163,-70.0560558371799,-73.2544927276742
1.22766666666667,-73.1444654051139,-70.0165621210924,-73.2005153615641,-73.1812748191089,-70.0375798929929,-73.2342693354567
1.228,-73.1241359042167,-69.9980348573666,-73.1802250858098,-73.1610391302015,-70.019086304496,-73.2140209225301
1.22833333333333,-73.1037813461922,-69.9794898770133,-73.1599098286051,-73.1407783116274,-70.0005750438176,-73.1937474735137
1.22866666666667,-73.0834017141977,-69.9609271518843,-73.1395695735322,-73.1204923464881,-69.982046083009,-73.1734489729936
1.229,-73.0629969913561,-69.9423466537538,-73.1192043041403,-73.1001812178521,-69.9634993940443,-73.1531254055221
1.22933333333333,-73.0425671607554,-69.9237483543179,-73.0988140039449,-73.0798449087549,-69.9449349488198,-73.1327767556176
1.22966666666667,-73.0221122054479,-69.9051322251945,-73.0783986564274,-73.0594834021982,-69.9263527191545,-73.1124030077631
1.23,-73.0016321084505,-69.8864982379227,-73.0579582450344,-73.0390966811496,-69.9077526767888,-73.092004146407
1.23033333333333,-72.981126852743,-69.867846363963,-73.0374927531778,-73.0186847285419,-69.889134793385,-73.0715801559614
1.23066666666667,-72.9605964212689,-69.8491765746965,-73.0170021642334,-72.9982475272727,-69.8704990405267,-73.0511310208021
1.231,-72.9400407969338,-69.830488841425,-72.9964864615412,-72.9777850602039,-69.8518453897186,-73.0306567252683
1.23133333333333,-72.9194599626055,-69.8117831353707,-72.9759456284043,-72.9572973101612,-69.833173812386,-73.0101572536616
1.23166666666667,-72.8988539011133,-69.7930594276754,-72.955379648089,-72.9367842599335,-69.814484279875,-72.9896325902456
1.232,-72.8782225952475,-69.7743176894011,-72.9347885038235,-72.9162458922724,-69.7957767634518,-72.9690827192455
1.23233333333333,-72.8575660277589,-69.7555578915288,-72.9141721787982,-72.8956821898918,-69.7770512343025,-72.9485076248477
1.23266666666667,-72.8368841813583,-69.7367800049591,-72.8935306561647,-72.8750931354673,-69.7583076635329,-72.9279072911987
1.233,-72.8161770387158,-69.717984000511,-72.8728639190354,-72.8544787116356,-69.7395460221681,-72.9072817024053
1.23333333333333,-72.7954445824606,-69.6991698489223,-72.852171950483,-72.8338389009941,-69.7207662811523,-72.8866308425335
1.23366666666667,-72.7746867951803,-69.680337520849,-72.83145473354,-72.8131736861003,-69.7019684113486,-72.8659546956081
1.234,-72.7539036594203,-69.6614869868653,-72.8107122511982,-72.7924830494715,-69.6831523835386,-72.8452532456125
1.23433333333333,-72.7330951576836,-69.6426182174628,-72.789944486408,-72.7717669735839,-69.664318168422,-72.8245264764877
1.23466666666667,-72.7122612724296,-69.6237311830505,-72.7691514220782,-72.7510254408723,-69.6454657366165,-72.8037743721318
1.235,-72.6914019860744,-69.6048258539548,-72.7483330410754,-72.7302584337296,-69.6265950586573,-72.7829969164
1.23533333333333,-72.6705172809899,-69.5859022004186,-72.7274893262231,-72.7094659345062,-69.6077061049971,-72.7621940931033
1.23566666666667,-72.6496071395029,-69.5669601926015,-72.7066202603017,-72.6886479255094,-69.5887988460056,-72.7413658860085
1.236,-72.6286715438954,-69.5479998005791,-72.6857258260476,-72.667804389003,-69.5698732519693,-72.7205122788374
1.23633333333333,-72.6077104764032,-69.5290209943431,-72.664806006153,-72.6469353072067,-69.5509292930909,-72.6996332552664
1.23666666666667,-72.5867239192159,-69.5100237438008,-72.6438607832649,-72.6260406622957,-69.5319669394894,-72.6787287989258
1.237,-72.5657118544765,-69.4910080187748,-72.6228901399852,-72.6051204363999,-69.5129861611999,-72.6577988933995
1.23733333333333,-72.5446742642803,-69.4719737890025,-72.6018940588697,-72.5841746116036,-69.4939869281725,-72.636843522224
1.23766666666667,-72.5236111306745,-69.4529210241362,-72.5808725224276,-72.5632031699446,-69.4749692102731,-72.6158626688883
1.238,-72.5025224356582,-69.4338496937427,-72.5598255131212,-72.5422060934145,-69.4559329772821,-72.5948563168331
1.23833333333333,-72.4814081611814,-69.4147597673025,-72.5387530133653,-72.5211833639571,-69.4368781988949,-72.5738244494506
1.23866666666667,-72.4602682891444,-69.3956512142103,-72.5176550055263,-72.5001349634684,-69.4178048447209,-72.5527670500834
1.239,-72.4391028013975,-69.3765240037741,-72.4965314719224,-72.4790608737962,-69.3987128842838,-72.5316841020241
1.23933333333333,-72.4179116797403,-69.3573781052149,-72.4753823948223,-72.4579610767393,-69.3796022870207,-72.5105755885152
1.23966666666667,-72.3966949059213,-69.3382134876669,-72.4542077564452,-72.4368355540469,-69.3604730222825,-72.4894414927479
1.24,-72.3754524616371,-69.3190301201764,-72.4330075389599,-72.4156842874183,-69.3413250593329,-72.4682817978622
1.24033333333333,-72.3541843285324,-69.2998279717024,-72.4117817244847,-72.3945072585021,-69.3221583673485,-72.4470964869455
1.24066666666667,-72.3328904881985,-69.2806070111153,-72.3905302950861,-72.3733044488958,-69.3029729154183,-72.4258855430329
1.241,-72.3115709221739,-69.2613672071976,-72.3692532327794,-72.3520758401453,-69.2837686725436,-72.4046489491062
1.24133333333333,-72.2902256119428,-69.2421085286426,-72.3479505195268,-72.3308214137442,-69.2645456076373,-72.3833866880932
1.24166666666667,-72.2688545389351,-69.222830944055,-72.326622137238,-72.3095411511332,-69.245303689524,-72.3620987428676
1.242,-72.2474576845255,-69.2035344219498,-72.3052680677691,-72.2882350336999,-69.2260428869395,-72.340785096248
1.24233333333333,-72.2260350300334,-69.1842189307525,-72.2838882929221,-72.2669030427778,-69.2067631685305,-72.3194457309975
1.24266666666667,-72.2045865567217,-69.1648844387984,-72.2624827944444,-72.2455451596459,-69.1874645028541,-72.2980806298231
1.243,-72.1831122457969,-69.1455309143327,-72.2410515540283,-72.2241613655284,-69.1681468583778,-72.2766897753755
1.24333333333333,-72.1616120784082,-69.1261583255097,-72.2195945533105,-72.2027516415937,-69.1488102034791,-72.2552731502476
1.24366666666667,-72.1400860356468,-69.1067666403929,-72.1981117738712,-72.1813159689542,-69.1294545064448,-72.233830736975
1.244,-72.1185340985456,-69.0873558269545,-72.1766031972341,-72.1598543286654,-69.1100797354713,-72.2123625180348
1.24433333333333,-72.0969562480789,-69.0679258530749,-72.1550688048653,-72.1383667017258,-69.0906858586637,-72.1908684758453
1.24466666666667,-72.0753524651609,-69.0484766865427,-72.1335085781732,-72.1168530690758,-69.0712728440358,-72.1693485927649
1.245,-72.0537227306462,-69.029008295054,-72.1119224985076,-72.0953134115977,-69.0518406595099,-72.1478028510925
1.24533333333333,-72.0320670253287,-69.0095206462124,-72.0903105471593,-72.0737477101144,-69.0323892729158,-72.1262312330659
1.24566666666667,-72.010385329941,-68.9900137075285,-72.0686727053595,-72.0521559453897,-69.0129186519914,-72.1046337208619
1.246,-71.9886776251539,-68.9704874464197,-72.0470089542793,-72.030538098127,-68.9934287643815,-72.0830102965954
1.24633333333333,-71.9669438915761,-68.9509418302096,-72.0253192750292,-72.008894148969,-68.9739195776381,-72.0613609423191
1.24666666666667,-71.9451841097531,-68.9313768261277,-72.0036036486581,-71.9872240784974,-68.9543910592198,-72.0396856400225
1.247,-71.9233982601671,-68.9117924013096,-71.9818620561536,-71.9655278672318,-68.9348431764914,-72.0179843716317
1.24733333333333,-71.9015863232364,-68.8921885227959,-71.9600944784403,-71.9438054956296,-68.9152758967237,-71.9962571190086
1.24766666666667,-71.8797482793144,-68.8725651575322,-71.9383008963804,-71.9220569440849,-68.8956891870931,-71.9745038639504
1.248,-71.8578841086895,-68.8529222723689,-71.9164812907722,-71.9002821929287,-68.8760830146812,-71.9527245881892
1.24833333333333,-71.8359937915843,-68.8332598340607,-71.89463564235,-71.8784812224275,-68.8564573464746,-71.930919273391
1.24866666666667,-71.8140773081549,-68.8135778092662,-71.8727639317835,-71.8566540127831,-68.8368121493645,-71.9090879011553
1.249,-71.7921346384908,-68.7938761645475,-71.8508661396773,-71.8348005441321,-68.8171473901462,-71.8872304530148
1.24933333333333,-71.7701657626137,-68.7741548663702,-71.8289422465698,-71.8129207965452,-68.7974630355191,-71.8653469104343
1.24966666666667,-71.7481706604773,-68.7544138811027,-71.8069922329333,-71.7910147500267,-68.777759052086,-71.8434372548106
1.25,-71.7261493119669,-68.7346531750159,-71.7850160791732,-71.7690823845136,-68.7580354063528,-71.8215014674715
1.25033333333333,-71.7041016968981,-68.7148727142831,-71.7630137656273,-71.7471236798754,-68.7382920647285,-71.7995395296755
1.25066666666667,-71.682027795017,-68.6950724649792,-71.7409852725652,-71.7251386159135,-68.7185289935242,-71.777551422611
1.251,-71.6599275859993,-68.6752523930808,-71.7189305801879,-71.7031271723602,-68.6987461589537,-71.755537127396
1.25133333333333,-71.6378010494495,-68.6554124644655,-71.6968496686273,-71.6810893288786,-68.6789435271319,-71.733496625077
1.25166666666667,-71.6156481649006,-68.6355526449119,-71.6747425179452,-71.6590250650618,-68.6591210640757,-71.7114298966291
1.252,-71.5934689118135,-68.6156729000988,-71.6526091081331,-71.636934360432,-68.6392787357027,-71.6893369229547
1.25233333333333,-71.5712632695763,-68.5957731956051,-71.6304494191116,-71.6148171944406,-68.6194165078315,-71.6672176848834
1.25266666666667,-71.5490312175037,-68.5758534969095,-71.6082634307296,-71.592673546467,-68.5995343461806,-71.6450721631711
1.253,-71.5267727348365,-68.55591376939,-71.5860511227639,-71.5705033958183,-68.5796322163691,-71.6229003384996
1.25333333333333,-71.5044878007409,-68.5359539783235,-71.5638124749185,-71.5483067217286,-68.5597100839152,-71.600702191476
1.25366666666667,-71.4821763943082,-68.5159740888856,-71.5415474668242,-71.5260835033582,-68.5397679142365,-71.5784777026319
1.254,-71.4598384945537,-68.4959740661501,-71.5192560780377,-71.5038337197937,-68.5198056726497,-71.556226852423
1.25433333333333,-71.4374740804164,-68.4759538750885,-71.4969382880413,-71.4815573500464,-68.4998233243697,-71.5339496212284
1.25466666666667,-71.4150831307586,-68.45591348057,-71.4745940762423,-71.4592543730526,-68.4798208345097,-71.5116459893499
1.255,-71.3926656243648,-68.435852847361,-71.4522234219721,-71.4369247676723,-68.4597981680809,-71.4893159370117
1.25533333333333,-71.3702215399417,-68.4157719401243,-71.4298263044859,-71.4145685126893,-68.4397552899914,-71.4669594443595
1.25566666666667,-71.347750856117,-68.3956707234194,-71.4074027029623,-71.3921855868099,-68.4196921650468,-71.4445764914601
1.256,-71.3252535514392,-68.3755491617016,-71.384952596502,-71.3697759686625,-68.3996087579492,-71.4221670583005
1.25633333333333,-71.3027296043769,-68.3554072193219,-71.3624759641279,-71.3473396367975,-68.3795050332969,-71.3997311247877
1.25666666666667,-71.2801789933182,-68.3352448605264,-71.3399727847844,-71.3248765696859,-68.3593809555842,-71.3772686707477
1.257,-71.2576016965699,-68.3150620494562,-71.3174430373362,-71.3023867457192,-68.3392364892009,-71.3547796759252
1.25733333333333,-71.2349976923573,-68.2948587501469,-71.2948867005687,-71.2798701432088,-68.3190715984321,-71.3322641199827
1.25766666666667,-71.2123669588233,-68.2746349265279,-71.2723037531865,-71.2573267403849,-68.2988862474573,-71.3097219825002
1.258,-71.1897094740276,-68.2543905424225,-71.2496941738133,-71.2347565153965,-68.2786804003507,-71.2871532429743
1.25833333333333,-71.1670252159466,-68.2341255615475,-71.227057940991,-71.2121594463105,-68.2584540210804,-71.2645578808178
1.25866666666667,-71.1443141624726,-68.2138399475121,-71.2043950331796,-71.189535511111,-68.2382070735081,-71.2419358753588
1.259,-71.1215762914128,-68.1935336638185,-71.1817054287559,-71.1668846876988,-68.2179395213886,-71.2192872058407
1.25933333333333,-71.0988115804894,-68.1732066738608,-71.1589891060134,-71.1442069538909,-68.1976513283698,-71.1966118514208
1.25966666666667,-71.0760200073381,-68.1528589409249,-71.1362460431616,-71.1215022874194,-68.1773424579918,-71.17390979117
1.26,-71.0532015495085,-68.1324904281879,-71.1134762183254,-71.0987706659317,-68.1570128736868,-71.1511810040725
1.26033333333333,-71.0303561844627,-68.1121010987181,-71.0906796095442,-71.0760120669889,-68.1366625387787,-71.1284254690248
1.26066666666667,-71.0074838895749,-68.0916909154741,-71.0678561947717,-71.053226468066,-68.1162914164826,-71.105643164835
1.261,-70.9845846421309,-68.0712598413048,-71.0450059518752,-71.0304138465509,-68.0958994699045,-71.0828340702227
1.26133333333333,-70.9616584193274,-68.0508078389488,-71.0221288586347,-71.0075741797438,-68.0754866620408,-71.0599981638177
1.26166666666667,-70.9387051982715,-68.0303348710339,-70.9992248927426,-70.9847074448566,-68.055052955778,-71.03713542416
1.262,-70.9157249559798,-68.0098409000771,-70.9762940318031,-70.9618136190121,-68.0345983138921,-71.0142458296987
1.26233333333333,-70.8927176693779,-67.9893258884837,-70.9533362533314,-70.9388926792438,-68.0141226990487,-70.9913293587917
1.26266666666667,-70.8696833153001,-67.9687897985471,-70.9303515347531,-70.915944602495,-67.9936260738017,-70.9683859897048
1.263,-70.8466218704882,-67.9482325924486,-70.9073398534037,-70.8929693656179,-67.9731084005941,-70.9454157006113
1.26333333333333,-70.8235333115914,-67.9276542322566,-70.8843011865279,-70.8699669453735,-67.9525696417562,-70.9224184695913
1.26366666666667,-70.8004176151653,-67.9070546799264,-70.8612355112791,-70.8469373184307,-67.9320097595065,-70.899394274631
1.264,-70.7772747576716,-67.8864338973,-70.8381428047187,-70.8238804613656,-67.9114287159504,-70.8763430936221
1.26433333333333,-70.7541047154769,-67.865791846105,-70.8150230438154,-70.8007963506609,-67.8908264730802,-70.8532649043614
1.26466666666667,-70.7309074648529,-67.845128487955,-70.7918762054448,-70.7776849627053,-67.8702029927744,-70.8301596845496
1.265,-70.7076829819752,-67.8244437843488,-70.7687022663883,-70.7545462737932,-67.8495582367976,-70.8070274117913
1.26533333333333,-70.6844312429227,-67.8037376966697,-70.7455012033333,-70.7313802601232,-67.8288921668,-70.7838680635941
1.26566666666667,-70.661152223677,-67.7830101861855,-70.7222729928717,-70.7081868977983,-67.8082047443168,-70.7606816173679
1.266,-70.637845900122,-67.7622612140481,-70.6990176115,-70.684966162825,-67.7874959307678,-70.7374680504242
1.26633333333333,-70.6145122480432,-67.7414907412927,-70.675735035618,-70.6617180311124,-67.7667656874572,-70.7142273399758
1.26666666666667,-70.5911512431266,-67.7206987288376,-70.6524252415288,-70.6384424784719,-67.746013975573,-70.6909594631357
1.267,-70.5677628609588,-67.6998851374838,-70.6290882054378,-70.6151394806163,-67.7252407561866,-70.6676643969171
1.26733333333333,-70.5443470770257,-67.6790499279146,-70.6057239034522,-70.5918090131594,-67.7044459902524,-70.6443421182319
1.26766666666667,-70.5209038667123,-67.6581930606948,-70.5823323115803,-70.5684510516151,-67.6836296386073,-70.6209926038909
1.268,-70.4974332053019,-67.6373144962708,-70.5589134057308,-70.5450655713969,-67.6627916619704,-70.5976158306026
1.26833333333333,-70.4739350679754,-67.6164141949699,-70.5354671617125,-70.5216525478173,-67.6419320209424,-70.5742117749729
1.26866666666667,-70.4504094298109,-67.5954921169998,-70.5119935552333,-70.498211956087,-67.6210506760054,-70.5507804135041
1.269,-70.4268562657825,-67.5745482224482,-70.4884925618997,-70.4747437713143,-67.6001475875219,-70.5273217225946
1.26933333333333,-70.4032755507604,-67.5535824712823,-70.4649641572164,-70.4512479685045,-67.5792227157354,-70.5038356785381
1.26966666666667,-70.3796672595099,-67.5325948233487,-70.4414083165852,-70.4277245225592,-67.5582760207688,-70.4803222575229
1.27,-70.3560313666904,-67.5115852383724,-70.4178250153045,-70.4041734082757,-67.5373074626246,-70.4567814356315
1.27033333333333,-70.3323678468554,-67.4905536759569,-70.3942142285693,-70.3805946003461,-67.5163170011845,-70.4332131888397
1.27066666666667,-70.3086766744515,-67.4695000955833,-70.3705759314694,-70.3569880733573,-67.4953045962088,-70.4096174930158
1.271,-70.2849578238177,-67.4484244566102,-70.3469100989898,-70.3333538017892,-67.4742702073356,-70.3859943239205
1.27133333333333,-70.2612112691849,-67.427326718273,-70.3232167060096,-70.3096917600154,-67.453213794081,-70.3623436572057
1.27166666666667,-70.2374369846753,-67.4062068396834,-70.2994957273012,-70.2860019223015,-67.4321353158384,-70.3386654684143
1.272,-70.2136349443014,-67.3850647798294,-70.2757471375302,-70.2622842628048,-67.4110347318776,-70.3149597329791
1.27233333333333,-70.1898051219659,-67.3639004975743,-70.2519709112541,-70.2385387555737,-67.3899120013452,-70.2912264262225
1.27266666666667,-70.1659474914604,-67.3427139516565,-70.2281670229222,-70.214765374547,-67.3687670832634,-70.2674655233557
1.273,-70.1420620264653,-67.3215051006889,-70.2043354468748,-70.1909640935531,-67.3475999365298,-70.243676999478
1.27333333333333,-70.118148700549,-67.3002739031588,-70.1804761573422,-70.1671348863096,-67.3264105199171,-70.2198608295762
1.27366666666667,-70.0942074871669,-67.2790203174267,-70.1565891284447,-70.1432777264222,-67.3051987920723,-70.1960169885241
1.274,-70.0702383596612,-67.2577443017268,-70.1326743341912,-70.1193925873847,-67.2839647115165,-70.1721454510816
1.27433333333333,-70.0462412912599,-67.2364458141658,-70.1087317484794,-70.0954794425776,-67.2627082366446,-70.1482461918941
1.27466666666667,-70.0222162550766,-67.2151248127226,-70.0847613450943,-70.0715382652679,-67.2414293257241,-70.1243191854918
1.275,-69.9981632241089,-67.1937812552479,-70.0607630977082,-70.0475690286082,-67.2201279368955,-70.1003644062892
1.27533333333333,-69.9740821712391,-67.1724150994638,-70.0367369798798,-70.0235717056362,-67.1988040281713,-70.0763818285845
1.27566666666667,-69.9499730692324,-67.1510263029631,-70.0126829650534,-69.9995462692739,-67.1774575574357,-70.0523714265585
1.276,-69.9258358907365,-67.129614823209,-69.9886010265583,-69.9754926923269,-67.1560884824441,-70.0283331742744
1.27633333333333,-69.9016706082813,-67.1081806175347,-69.9644911376087,-69.9514109474838,-67.1346967608225,-70.0042670456769
1.27666666666667,-69.877477194278,-67.0867236431425,-69.940353271302,-69.9273010073157,-67.1132823500674,-69.9801730145917
1.277,-69.8532556210183,-67.0652438571038,-69.9161874006192,-69.903162844275,-67.0918452075448,-69.9560510547244
1.27733333333333,-69.829005860674,-67.0437412163584,-69.8919934984235,-69.8789964306954,-67.07038529049,-69.9319011396607
1.27766666666667,-69.804727885296,-67.022215677714,-69.8677715374599,-69.8548017387905,-67.0489025560072,-69.9077232428647
1.278,-69.7804216668139,-67.0006671978456,-69.8435214903547,-69.8305787406537,-67.0273969610687,-69.883517337679
1.27833333333333,-69.7560871770354,-66.9790957332952,-69.8192433296145,-69.8063274082573,-67.005868462515,-69.8592833973235
1.27866666666667,-69.7317243876452,-66.9575012404714,-69.7949370276259,-69.7820477134517,-66.9843170170533,-69.8350213948953
1.279,-69.7073332702047,-66.9358836756486,-69.7706025566546,-69.7577396279649,-66.9627425812582,-69.8107313033675
1.27933333333333,-69.6829137961514,-66.9142429949666,-69.7462398888447,-69.7334031234017,-66.9411451115703,-69.7864130955887
1.27966666666667,-69.6584659367977,-66.8925791544303,-69.7218489962183,-69.7090381712431,-66.9195245642961,-69.7620667442825
1.28,-69.6339896633308,-66.8708921099088,-69.6974298506745,-69.6846447428454,-66.8978808956075,-69.7376922220466
1.28033333333333,-69.6094849468117,-66.8491818171354,-69.672982423989,-69.6602228094399,-66.876214061541,-69.7132895013522
1.28066666666667,-69.5849517581748,-66.8274482317066,-69.6485066878133,-69.6357723421317,-66.8545240179977,-69.6888585545435
1.281,-69.5603900682266,-66.8056913090819,-69.624002613674,-69.6112933118995,-66.8328107207424,-69.6643993538366
1.28133333333333,-69.5357998476458,-66.7839110045834,-69.5994701729723,-69.5867856895946,-66.8110741254031,-69.6399118713192
1.28166666666667,-69.5111810669822,-66.7621072733947,-69.5749093369832,-69.5622494459403,-66.7893141874707,-69.6153960789497
1.282,-69.486533696656,-66.7402800705612,-69.5503200768548,-69.5376845515311,-66.7675308622984,-69.5908519485569
1.28233333333333,-69.4618577069571,-66.7184293509888,-69.5257023636077,-69.5130909768323,-66.7457241051012,-69.5662794518387
1.28266666666667,-69.4371530680447,-66.6965550694439,-69.5010561681342,-69.4884686921788,-66.7238938709552,-69.5416785603619
1.283,-69.4124197499464,-66.6746571805527,-69.476381461198,-69.4638176677749,-66.7020401147973,-69.5170492455613
1.28333333333333,-69.3876577225573,-66.6527356388009,-69.4516782134328,-69.4391378736933,-66.6801627914248,-69.4923914787392
1.28366666666667,-69.3628669556398,-66.6307903985326,-69.4269463953426,-69.4144292798746,-66.6582618554944,-69.4677052310645
1.284,-69.3380474188224,-66.6088214139503,-69.4021859773001,-69.3896918561262,-66.6363372615222,-69.442990473572
1.28433333333333,-69.3131990815995,-66.5868286391144,-69.3773969295465,-69.3649255721223,-66.6143889638828,-69.4182471771621
1.28466666666667,-69.2883219133304,-66.5648120279422,-69.3525792221909,-69.3401303974024,-66.5924169168089,-69.3934753125997
1.285,-69.2634158832384,-66.5427715342077,-69.3277328252092,-69.315306301371,-66.570421074391,-69.3686748505135
1.28533333333333,-69.2384809604107,-66.5207071115412,-69.3028577084439,-69.2904532532971,-66.5484013905765,-69.3438457613957
1.28566666666667,-69.2135171137973,-66.4986187134284,-69.277953841603,-69.265571222313,-66.5263578191692,-69.3189880156007
1.286,-69.1885243122102,-66.4765062932101,-69.2530211942596,-69.2406601774138,-66.504290313829,-69.2941015833452
1.28633333333333,-69.1635025243232,-66.4543698040816,-69.2280597358511,-69.2157200874569,-66.4821988280714,-69.2691864347068
1.28666666666667,-69.1384517186706,-66.432209199092,-69.2030694356786,-69.1907509211611,-66.4600833152665,-69.2442425396236
1.287,-69.1133718636467,-66.4100244311439,-69.1780502629061,-69.1657526471055,-66.437943728639,-69.2192698678935
1.28733333333333,-69.0882629275057,-66.3878154529929,-69.1530021865596,-69.1407252337297,-66.4157800212672,-69.1942683891735
1.28766666666667,-69.0631248783599,-66.3655822172467,-69.1279251755271,-69.1156686493323,-66.3935921460828,-69.1692380729791
1.288,-69.0379576841798,-66.3433246763648,-69.1028191985572,-69.0905828620703,-66.3713800558702,-69.1441788886833
1.28833333333333,-69.0127613127934,-66.3210427826579,-69.0776842242589,-69.0654678399587,-66.349143703266,-69.1190908055161
1.28866666666667,-68.9875357318847,-66.2987364882873,-69.0525202211002,-69.0403235508694,-66.3268830407583,-69.0939737925639
1.289,-68.9622809089942,-66.2764057452644,-69.0273271574085,-69.015149962531,-66.3045980206864,-69.0688278187687
1.28933333333333,-68.9369968115171,-66.25405050545,-69.0021050013691,-68.9899470425274,-66.2822885952398,-69.0436528529272
1.28966666666667,-68.9116834067033,-66.2316707205542,-68.9768537210244,-68.9647147582976,-66.2599547164584,-69.0184488636903
1.29,-68.8863406616561,-66.209266342135,-68.9515732842739,-68.9394530771346,-66.2375963362309,-68.9932158195626
1.29033333333333,-68.8609685433323,-66.1868373215986,-68.926263658873,-68.9141619661852,-66.2152134062953,-68.9679536889013
1.29066666666667,-68.8355670185406,-66.1643836101981,-68.9009248124323,-68.8888413924485,-66.1928058782377,-68.9426624399157
1.291,-68.8101360539414,-66.1419051590336,-68.8755567124171,-68.8634913227759,-66.1703737034916,-68.9173420406663
1.29133333333333,-68.7846756160461,-66.119401919051,-68.8501593261467,-68.83811172387,-66.147916833338,-68.8919924590645
1.29166666666667,-68.7591856712162,-66.096873841042,-68.8247326207934,-68.812702562284,-66.1254352189041,-68.8666136628714
1.292,-68.7336661856625,-66.0743208756429,-68.7992765633821,-68.7872638044206,-66.1029288111631,-68.8412056196974
1.29233333333333,-68.7081171254449,-66.0517429733346,-68.7737911207896,-68.761795416532,-66.0803975609338,-68.8157682970014
1.29266666666667,-68.682538456471,-66.0291400844417,-68.7482762597438,-68.7362973647185,-66.0578414188796,-68.7903016620903
1.293,-68.6569301444956,-66.006512159132,-68.7227319468228,-68.7107696149278,-66.035260335508,-68.7648056821176
1.29333333333333,-68.6312921551204,-65.9838591474157,-68.6971581484545,-68.6852121329549,-66.0126542611703,-68.7392803240836
1.29366666666667,-68.6056244537928,-65.9611809991453,-68.6715548309159,-68.6596248844405,-65.9900231460607,-68.7137255548341
1.294,-68.5799270058053,-65.9384776640145,-68.645921960332,-68.634007834871,-65.9673669402159,-68.6881413410597
1.29433333333333,-68.5541997762948,-65.9157490915578,-68.6202595026756,-68.6083609495772,-65.9446855935146,-68.6625276492955
1.29466666666667,-68.528442730242,-65.89299523115,-68.5945674237663,-68.5826841937338,-65.9219790556764,-68.6368844459197
1.295,-68.5026558324704,-65.8702160320056,-68.5688456892696,-68.5569775323587,-65.8992472762618,-68.6112116971536
1.29533333333333,-68.4768390476458,-65.8474114431778,-68.5430942646968,-68.5312409303122,-65.8764902046713,-68.5855093690604
1.29566666666667,-68.4509923402756,-65.8245814135584,-68.5173131154037,-68.5054743522963,-65.8537077901449,-68.5597774275446
1.296,-68.4251156747076,-65.801725891877,-68.4915022065901,-68.4796777628537,-65.8308999817613,-68.5340158383514
1.29633333333333,-68.3992090151302,-65.7788448267004,-68.4656615032989,-68.4538511263674,-65.8080667284376,-68.5082245670657
1.29666666666667,-68.3732723255706,-65.7559381664319,-68.439790970416,-68.4279944070597,-65.7852079789285,-68.4824035791118
1.297,-68.3473055698949,-65.7330058593106,-68.4138905726688,-68.4021075689916,-65.7623236818255,-68.4565528397521
1.29733333333333,-68.3213087118069,-65.7100478534114,-68.3879602746258,-68.376190576062,-65.7394137855569,-68.4306723140869
1.29766666666667,-68.2952817148475,-65.6870640966433,-68.3620000406962,-68.3502433920069,-65.7164782383865,-68.4047619670535
1.298,-68.2692245423941,-65.6640545367499,-68.3360098351285,-68.3242659803986,-65.6935169884133,-68.3788217634253
1.29833333333333,-68.2431371576595,-65.641019121308,-68.3099896220104,-68.298258304645,-65.6705299835709,-68.3528516678111
1.29866666666667,-68.2170195236918,-65.6179577977274,-68.2839393652678,-68.2722203279891,-65.647517171627,-68.3268516446548
1.299,-68.1908716033727,-65.59487051325,-68.257859028664,-68.2461520135077,-65.6244785001823,-68.3008216582339
1.29933333333333,-68.1646933594178,-65.5717572149492,-68.2317485757992,-68.2200533241111,-65.6014139166703,-68.2747616726597
1.29966666666667,-68.1384847543752,-65.5486178497296,-68.2056079701097,-68.1939242225419,-65.5783233683566,-68.2486716518755
1.3,-68.1122457506248,-65.5254523643259,-68.1794371748668,-68.1677646713749,-65.5552068023381,-68.2225515596568
1.30033333333333,-68.085976310378,-65.5022607053026,-68.1532361531769,-68.1415746330157,-65.5320641655426,-68.1964013596101
1.30066666666667,-68.0596763956764,-65.479042819053,-68.1270048679798,-68.1153540697002,-65.508895404728,-68.1702210151721
1.301,-68.0333459683915,-65.4557986517991,-68.1007432820488,-68.0891029434937,-65.4857004664815,-68.1440104896093
1.30133333333333,-68.0069849902234,-65.4325281495905,-68.0744513579893,-68.0628212162903,-65.4624792972195,-68.117769746017
1.30166666666667,-67.9805934227009,-65.4092312583037,-68.0481290582386,-68.0365088498122,-65.4392318431864,-68.0914987473184
1.302,-67.9541712271799,-65.385907923642,-68.0217763450649,-68.0101658056085,-65.4159580504542,-68.0651974562644
1.30233333333333,-67.9277183648431,-65.3625580911342,-67.9953931805664,-67.9837920450549,-65.3926578649217,-68.0388658354324
1.30266666666667,-67.9012347966994,-65.3391817061343,-67.968979526671,-67.9573875293528,-65.3693312323141,-68.0125038472255
1.303,-67.8747204835824,-65.3157787138209,-67.9425353451353,-67.9309522195281,-65.3459780981822,-67.9861114538721
1.30333333333333,-67.8481753861507,-65.2923490591962,-67.9160605975438,-67.9044860764313,-65.3225984079018,-67.9596886174251
1.30366666666667,-67.8215994648863,-65.2688926870856,-67.8895552453083,-67.8779890607356,-65.2991921066727,-67.9332352997607
1.304,-67.7949926800942,-65.2454095421371,-67.8630192496671,-67.8514611329373,-65.2757591395186,-67.9067514625783
1.30433333333333,-67.7683549919016,-65.2218995688203,-67.8364525716843,-67.824902253354,-65.2522994512861,-67.8802370673992
1.30466666666667,-67.7416863602573,-65.1983627114262,-67.809855172249,-67.7983123821244,-65.228812986644,-67.8536920755663
1.305,-67.7149867449304,-65.174798914066,-67.7832270120746,-67.7716914792075,-65.2052996900828,-67.8271164482428
1.30533333333333,-67.6882561055104,-65.1512081206708,-67.756568051698,-67.7450395043814,-65.181759505914,-67.8005101464122
1.30566666666667,-67.6614944014056,-65.1275902749909,-67.729878251479,-67.718356417243,-65.1581923782691,-67.7738731308766
1.306,-67.6347015918429,-65.1039453205948,-67.7031575715993,-67.691642177207,-65.1345982510996,-67.7472053622568
1.30633333333333,-67.6078776358667,-65.0802732008689,-67.6764059720621,-67.6648967435049,-65.1109770681756,-67.7205068009911
1.30666666666667,-67.5810224923383,-65.0565738590167,-67.6496234126909,-67.6381200751848,-65.0873287730854,-67.6937774073347
1.307,-67.5541361199353,-65.0328472380578,-67.6228098531292,-67.6113121311098,-65.0636533092352,-67.6670171413586
1.30733333333333,-67.5272184771505,-65.0090932808278,-67.5959652528395,-67.5844728699579,-65.0399506198477,-67.6402259629496
1.30766666666667,-67.5002695222912,-64.9853119299771,-67.5690895711027,-67.5576022502209,-65.0162206479618,-67.6134038318085
1.308,-67.4732892134786,-64.9615031279703,-67.5421827670171,-67.5307002302036,-64.9924633364321,-67.5865507074501
1.30833333333333,-67.4462775086471,-64.9376668170858,-67.5152447994978,-67.5037667680231,-64.9686786279277,-67.5596665492024
1.30866666666667,-67.4192343655431,-64.9138029394147,-67.488275627276,-67.4768018216078,-64.944866464932,-67.5327513162054
1.309,-67.3921597417248,-64.8899114368604,-67.4612752088982,-67.4498053486969,-64.9210267897415,-67.5058049674106
1.30933333333333,-67.3650535945608,-64.8659922511375,-67.4342435027255,-67.4227773068394,-64.8971595444658,-67.4788274615804
1.30966666666667,-67.3379158812301,-64.8420453237717,-67.4071804669326,-67.3957176533934,-64.8732646710261,-67.4518187572869
1.31,-67.3107465587205,-64.8180705960986,-67.3800860595073,-67.368626345525,-64.8493421111549,-67.4247788129114
1.31033333333333,-67.2835455838284,-64.794068009263,-67.3529602382498,-67.341503340208,-64.8253918063953,-67.3977075866437
1.31066666666667,-67.2563129131579,-64.7700375042185,-67.3258029607716,-67.3143485942226,-64.8014136981004,-67.3706050364813
1.311,-67.2290485031199,-64.7459790217265,-67.2986141844951,-67.287162064155,-64.777407727432,-67.3434711202282
1.31133333333333,-67.2017523099313,-64.7218925023556,-67.2713938666524,-67.2599437063963,-64.7533738353607,-67.3163057954949
1.31166666666667,-67.1744242896145,-64.6977778864807,-67.2441419642852,-67.2326934771418,-64.7293119626646,-67.2891090196968
1.312,-67.1470643979964,-64.6736351142826,-67.2168584342433,-67.20541133239,-64.7052220499287,-67.261880750054
1.31233333333333,-67.1196725907077,-64.649464125747,-67.1895432331844,-67.1780972279424,-64.6811040375442,-67.2346209435905
1.31266666666667,-67.0922488231818,-64.6252648606638,-67.1621963175731,-67.1507511194019,-64.6569578657081,-67.2073295571328
1.313,-67.0647930506546,-64.6010372586265,-67.1348176436801,-67.1233729621724,-64.6327834744216,-67.18000654731
1.31333333333333,-67.0373052281634,-64.5767812590312,-67.1074071675814,-67.0959627114578,-64.6085808034904,-67.1526518705523
1.31366666666667,-67.0097853105461,-64.5524968010763,-67.0799648451579,-67.0685203222616,-64.5843497925234,-67.1252654830908
1.314,-66.9822332524402,-64.5281838237612,-67.0524906320939,-67.0410457493856,-64.5600903809317,-67.0978473409561
1.31433333333333,-66.9546490082828,-64.503842265886,-67.0249844838773,-67.013538947429,-64.5358025079286,-67.070397399978
1.31466666666667,-66.9270325323088,-64.4794720660506,-66.9974463557979,-66.9859998707883,-64.5114861125283,-67.0429156157846
1.315,-66.8993837785507,-64.4550731626538,-66.9698762029473,-66.9584284736557,-64.4871411335452,-67.0154019438013
1.31533333333333,-66.871702700838,-64.4306454938928,-66.9422739802176,-66.9308247100187,-64.4627675095935,-66.9878563392501
1.31566666666667,-66.8439892527958,-64.4061889977623,-66.9146396423012,-66.9031885336589,-64.4383651790859,-66.9602787571493
1.316,-66.8162433878444,-64.3817036120537,-66.8869731436894,-66.8755198981519,-64.4139340802333,-66.9326691523117
1.31633333333333,-66.7884650591986,-64.3571892743545,-66.8592744386722,-66.8478187568654,-64.3894741510439,-66.9050274793449
1.31666666666667,-66.7606542198666,-64.3326459220473,-66.8315434813371,-66.8200850629595,-64.3649853293224,-66.8773536926496
1.317,-66.7328108226494,-64.3080734923093,-66.8037802255685,-66.792318769385,-64.3404675526691,-66.8496477464195
1.31733333333333,-66.70493482014,-64.2834719221112,-66.7759846250471,-66.7645198288831,-64.3159207584796,-66.82190959464
1.31766666666667,-66.6770261647226,-64.2588411482169,-66.7481566332486,-66.736688193984,-64.2913448839433,-66.7941391910877
1.318,-66.6490848085717,-64.2341811071821,-66.7202962034436,-66.708823817007,-64.2667398660434,-66.7663364893295
1.31833333333333,-66.6211107036514,-64.2094917353543,-66.6924032886963,-66.6809266500585,-64.2421056415557,-66.7385014427219
1.31866666666667,-66.5931038017148,-64.1847729688711,-66.6644778418637,-66.6529966450321,-64.2174421470476,-66.7106340044099
1.319,-66.5650640543027,-64.1600247436601,-66.6365198155954,-66.6250337536073,-64.192749318878,-66.6827341273264
1.31933333333333,-66.5369914127433,-64.1352469954382,-66.6085291623322,-66.5970379272489,-64.1680270931958,-66.6548017641918
1.31966666666667,-66.5088858281512,-64.11043965971,-66.5805058343055,-66.5690091172058,-64.1432754059397,-66.6268368675124
1.32,-66.4807472514265,-64.0856026717678,-66.5524497835367,-66.5409472745105,-64.118494192837,-66.59883938958
1.32033333333333,-66.4525756332543,-64.0607359666907,-66.5243609618362,-66.5128523499781,-64.0936833894029,-66.5708092824713
1.32066666666667,-66.4243709241036,-64.0358394793432,-66.4962393208027,-66.4847242942056,-64.0688429309399,-66.5427464980468
1.321,-66.3961330742265,-64.0109131443752,-66.4680848118224,-66.4565630575709,-64.0439727525368,-66.51465098795
1.32133333333333,-66.3678620336577,-63.9859568962207,-66.4398973860683,-66.4283685902319,-64.0190727890678,-66.4865227036068
1.32166666666667,-66.3395577522136,-63.9609706690971,-66.4116769944991,-66.4001408421257,-63.9941429751923,-66.4583615962245
1.322,-66.311220179491,-63.9359543970044,-66.3834235878589,-66.3718797629681,-63.969183245353,-66.4301676167909
1.32233333333333,-66.2828492648672,-63.9109080137246,-66.3551371166761,-66.3435853022522,-63.9441935337764,-66.4019407160739
1.32266666666667,-66.2544449574985,-63.8858314528203,-66.3268175312625,-66.3152574092478,-63.919173774471,-66.3736808446202
1.323,-66.2260072063195,-63.8607246476347,-66.2984647817128,-66.2868960330006,-63.8941239012267,-66.3453879527549
1.32333333333333,-66.1975359600425,-63.83558753129,-66.2700788179038,-66.2585011223313,-63.8690438476144,-66.3170619905803
1.32366666666667,-66.1690311671567,-63.8104200366873,-66.2416595894932,-66.2300726258347,-63.8439335469848,-66.2887029079753
1.324,-66.1404927759271,-63.785222096505,-66.2132070459194,-66.2016104918787,-63.8187929324674,-66.2603106545947
1.32433333333333,-66.1119207343942,-63.7599936431986,-66.1847211364003,-66.173114668604,-63.7936219369703,-66.2318851798682
1.32466666666667,-66.0833149903725,-63.7347346089997,-66.1562018099326,-66.1445851039226,-63.7684204931789,-66.2034264329996
1.325,-66.0546754914504,-63.709444925915,-66.1276490152908,-66.116021745517,-63.7431885335551,-66.1749343629658
1.32533333333333,-66.0260021849888,-63.6841245257256,-66.0990627010272,-66.08742454084,-63.7179259903365,-66.1464089185166
1.32566666666667,-65.9972950181209,-63.6587733399863,-66.0704428154701,-66.058793437113,-63.6926327955357,-66.1178500481731
1.326,-65.9685539377507,-63.6333913000242,-66.0417893067234,-66.0301283813256,-63.6673088809396,-66.0892577002275
1.32633333333333,-65.9397788905528,-63.6079783369388,-66.0131021226661,-66.0014293202346,-63.6419541781078,-66.0606318227418
1.32666666666667,-65.9109698229714,-63.5825343816001,-65.9843812109512,-65.9726962003634,-63.6165686183729,-66.0319723635473
1.327,-65.8821266812192,-63.5570593646487,-65.9556265190048,-65.9439289680005,-63.5911521328385,-66.0032792702438
1.32733333333333,-65.853249411277,-63.5315532164941,-65.9268379940256,-65.9151275691995,-63.5657046523794,-65.9745524901983
1.32766666666667,-65.8243379588928,-63.5060158673147,-65.8980155829841,-65.8862919497773,-63.5402261076398,-65.9457919705449
1.328,-65.7953922695806,-63.4804472470561,-65.8691592326212,-65.8574220553141,-63.514716429033,-65.9169976581832
1.32833333333333,-65.7664122886203,-63.454847285431,-65.8402688894484,-65.828517831152,-63.4891755467408,-65.8881694997784
1.32866666666667,-65.7373979610563,-63.4292159119176,-65.8113444997463,-65.799579222394,-63.4636033907118,-65.8593074417594
1.329,-65.7083492316968,-63.4035530557594,-65.7823860095637,-65.7706061739038,-63.4379998906613,-65.8304114303187
1.32933333333333,-65.6792660451134,-63.3778586459641,-65.7533933647176,-65.7415986303042,-63.41236497607,-65.8014814114116
1.32966666666667,-65.6501483456396,-63.3521326113023,-65.7243665107914,-65.7125565359767,-63.3866985761834,-65.7725173307548
1.33,-65.6209960773706,-63.3263748803075,-65.6953053931348,-65.6834798350604,-63.3610006200107,-65.743519133826
1.33033333333333,-65.5918091841624,-63.3005853812744,-65.6662099568629,-65.6543684714511,-63.3352710363242,-65.7144867658633
1.33066666666667,-65.5625876096304,-63.2747640422584,-65.6370801468551,-65.6252223888008,-63.3095097536581,-65.6854201718635
1.331,-65.5333312971494,-63.2489107910748,-65.6079159077545,-65.5960415305161,-63.2837167003077,-65.6563192965822
1.33133333333333,-65.5040401898524,-63.2230255552977,-65.5787171839672,-65.5668258397581,-63.257891804329,-65.6271840845326
1.33166666666667,-65.4747142306297,-63.1971082622593,-65.5494839196614,-65.5375752594411,-63.2320349935371,-65.5980144799845
1.332,-65.4453533621284,-63.1711588390488,-65.5202160587664,-65.5082897322316,-63.2061461955057,-65.5688104269635
1.33233333333333,-65.4159575267511,-63.1451772125118,-65.4909135449723,-65.478969200548,-63.1802253375663,-65.5395718692507
1.33266666666667,-65.3865266666558,-63.1191633092491,-65.4615763217287,-65.4496136065589,-63.1542723468069,-65.5102987503809
1.333,-65.3570607237544,-63.0931170556159,-65.4322043322441,-65.4202228921829,-63.1282871500715,-65.4809910136427
1.33333333333333,-65.3275596397124,-63.0670383777212,-65.4027975194851,-65.3907969990874,-63.1022696739592,-65.4516486020772
1.33366666666667,-65.2980233559476,-63.0409272014264,-65.3733558261758,-65.3613358686878,-63.076219844823,-65.4222714584772
1.334,-65.2684518136299,-63.0147834523448,-65.3438791947965,-65.3318394421465,-63.0501375887692,-65.3928595253861
1.33433333333333,-65.2388449536799,-62.9886070558404,-65.3143675675834,-65.3023076603724,-63.0240228316562,-65.3634127450979
1.33466666666667,-65.2092027167686,-62.9623979370274,-65.2848208865278,-65.2727404640195,-62.997875499094,-65.3339310596555
1.335,-65.1795250433162,-62.9361560207687,-65.2552390933746,-65.2431377934862,-62.9716955164429,-65.30441441085
1.33533333333333,-65.1498118734915,-62.9098812316756,-65.2256221296225,-65.2134995889145,-62.9454828088129,-65.2748627402205
1.33566666666667,-65.1200631472111,-62.8835734941064,-65.1959699365225,-65.1838257901893,-62.9192373010623,-65.2452759890523
1.336,-65.0902788041385,-62.8572327321658,-65.1662824550774,-65.1541163369369,-62.8929589177975,-65.215654098377
1.33633333333333,-65.0604587836834,-62.8308588697039,-65.1365596260408,-65.1243711685249,-62.8666475833716,-65.185997008971
1.33666666666667,-65.0306030250007,-62.804451830315,-65.1068013899168,-65.0945902240606,-62.8403032218834,-65.1563046613547
1.337,-65.00071146699,-62.7780115373374,-65.0770076869584,-65.0647734423906,-62.813925757177,-65.1265769957922
1.33733333333333,-64.9707840482947,-62.7515379138514,-65.0471784571673,-65.0349207620997,-62.7875151128402,-65.0968139522899
1.33766666666667,-64.9408207073009,-62.7250308826796,-65.0173136402932,-65.0050321215099,-62.7610712122041,-65.0670154705958
1.338,-64.9108213821372,-62.6984903663848,-64.9874131758324,-64.97510745868,-62.7345939783419,-65.0371814901988
1.33833333333333,-64.8807860106732,-62.6719162872699,-64.9574770030277,-64.945146711404,-62.7080833340682,-65.0073119503277
1.33866666666667,-64.8507145305193,-62.6453085673766,-64.9275050608669,-64.9151498172107,-62.6815392019376,-64.9774067899506
1.339,-64.8206068790254,-62.6186671284846,-64.8974972880828,-64.8851167133628,-62.6549615042446,-64.9474659477737
1.33933333333333,-64.7904629932809,-62.5919918921106,-64.8674536231518,-64.855047336856,-62.6283501630216,-64.9174893622408
1.33966666666667,-64.7602828101127,-62.5652827795071,-64.8373740042933,-64.8249416244176,-62.6017051000387,-64.887476971532
1.34,-64.7300662660855,-62.5385397116621,-64.807258369469,-64.7947995125063,-62.5750262368028,-64.8574287135636
1.34033333333333,-64.6998132975007,-62.5117626092976,-64.7771066563819,-64.7646209373112,-62.548313494556,-64.8273445259865
1.34066666666667,-64.669523840395,-62.4849513928688,-64.7469188024759,-64.7344058347504,-62.5215667942755,-64.7972243461859
1.341,-64.6391978305407,-62.4581059825631,-64.7166947449345,-64.7041541404706,-62.4947860566718,-64.76706811128
1.34133333333333,-64.6088352034439,-62.4312262982994,-64.6864344206806,-64.6738657898462,-62.4679712021884,-64.7368757581197
1.34166666666667,-64.5784358943445,-62.4043122597269,-64.6561377663751,-64.6435407179781,-62.4411221510007,-64.7066472232871
1.342,-64.5479998382147,-62.3773637862242,-64.6258047184166,-64.613178859693,-62.4142388230147,-64.6763824430953
1.34233333333333,-64.5175269697588,-62.3503807968984,-64.5954352129404,-64.5827801495427,-62.3873211378665,-64.6460813535874
1.34266666666667,-64.4870172234124,-62.3233632105839,-64.5650291858177,-64.5523445218027,-62.360369014921,-64.6157438905352
1.343,-64.4564705333409,-62.296310945842,-64.5345865726551,-64.5218719104719,-62.3333823732713,-64.5853699894388
1.34333333333333,-64.4258868334399,-62.2692239209593,-64.5041073087933,-64.4913622492713,-62.3063611317372,-64.5549595855258
1.34366666666667,-64.3952660573333,-62.2421020539472,-64.4735913293071,-64.4608154716433,-62.2793052088649,-64.5245126137504
1.344,-64.3646081383731,-62.2149452625404,-64.4430385690036,-64.4302315107508,-62.2522145229255,-64.4940290087922
1.34433333333333,-64.3339130096388,-62.1877534641967,-64.4124489624224,-64.3996102994762,-62.2250889919141,-64.463508705056
1.34466666666667,-64.3031806039361,-62.1605265760954,-64.3818224438345,-64.3689517704206,-62.1979285335492,-64.4329516366703
1.345,-64.2724108537965,-62.1332645151366,-64.3511589472411,-64.338255855903,-62.1707330652713,-64.4023577374871
1.34533333333333,-64.2416036914765,-62.10596719794,-64.3204584063734,-64.3075224879593,-62.1435025042422,-64.3717269410806
1.34566666666667,-64.2107590489568,-62.0786345408444,-64.2897207546918,-64.2767515983414,-62.1162367673438,-64.3410591807465
1.346,-64.1798768579413,-62.051266459906,-64.2589459253847,-64.2459431185163,-62.0889357711773,-64.3103543895013
1.34633333333333,-64.148957049857,-62.0238628708983,-64.2281338513682,-64.2150969796655,-62.0615994320623,-64.2796125000812
1.34666666666667,-64.1179995558525,-61.9964236893103,-64.1972844652852,-64.1842131126838,-62.0342276660355,-64.2488334449418
1.347,-64.0870043067976,-61.968948830346,-64.1663976995042,-64.1532914481784,-62.00682038885,-64.2180171562564
1.34733333333333,-64.0559712332826,-61.9414382089233,-64.1354734861197,-64.1223319164684,-61.9793775159741,-64.1871635659161
1.34766666666667,-64.0249002656176,-61.9138917396731,-64.1045117569499,-64.0913344475833,-61.9518989625906,-64.1562726055284
1.348,-63.9937913338315,-61.8863093369381,-64.0735124435375,-64.0602989712628,-61.9243846435956,-64.1253442064165
1.34833333333333,-63.9626443676715,-61.858690914772,-64.0424754771475,-64.0292254169556,-61.8968344735974,-64.0943782996186
1.34866666666667,-63.9314592966021,-61.8310363869383,-64.0114007887679,-63.9981137138184,-61.869248366916,-64.0633748158869
1.349,-63.9002360498047,-61.8033456669098,-63.9802883091077,-63.9669637907153,-61.8416262375813,-64.0323336856869
1.34933333333333,-63.8689745561768,-61.7756186678669,-63.9491379685969,-63.9357755762168,-61.8139679993331,-64.0012548391967
1.34966666666667,-63.8376747443309,-61.7478553026973,-63.9179496973856,-63.9045489985988,-61.7862735656192,-63.9701382063057
1.35,-63.8063365425945,-61.7200554839944,-63.8867234253432,-63.873283985842,-61.758542849595,-63.9389837166145
1.35033333333333,-63.7749598790085,-61.692219124057,-63.8554590820576,-63.8419804656309,-61.7307757641222,-63.9077912994334
1.35066666666667,-63.7435446813273,-61.6643461348875,-63.8241565968348,-63.8106383653529,-61.7029722217679,-63.8765608837821
1.351,-63.7120908770175,-61.6364364281915,-63.7928158986979,-63.7792576120975,-61.6751321348038,-63.8452923983886
1.35133333333333,-63.6805983932577,-61.6084899153767,-63.7614369163863,-63.7478381326554,-61.6472554152047,-63.8139857716884
1.35166666666667,-63.6490671569372,-61.5805065075516,-63.7300195783553,-63.7163798535178,-61.6193419746481,-63.782640931824
1.352,-63.6174970946558,-61.552486115525,-63.6985638127752,-63.684882700875,-61.5913917245126,-63.7512578066436
1.35233333333333,-63.585888132723,-61.5244286498045,-63.6670695475306,-63.6533466006166,-61.5634045758775,-63.7198363237007
1.35266666666667,-63.5542401971573,-61.4963340205958,-63.6355367102197,-63.6217714783294,-61.5353804395213,-63.6883764102533
1.353,-63.5225532136852,-61.4682021378017,-63.6039652281536,-63.5901572592974,-61.507319225921,-63.6568779932628
1.35333333333333,-63.4908271077411,-61.440032911021,-63.5723550283558,-63.5585038685009,-61.4792208452509,-63.6253409993933
1.35366666666667,-63.4590618044661,-61.4118262495475,-63.540706037561,-63.5268112306151,-61.4510852073818,-63.5937653550112
1.354,-63.4272572287077,-61.3835820623691,-63.5090181822151,-63.4950792700098,-61.4229122218797,-63.5621509861837
1.35433333333333,-63.3954133050189,-61.3553002581667,-63.4772913884739,-63.4633079107485,-61.3947017980053,-63.5304978186789
1.35466666666667,-63.3635299576578,-61.3269807453132,-63.4455255822029,-63.4314970765873,-61.3664538447124,-63.4988057779641
1.355,-63.3316071105865,-61.2986234318725,-63.4137206889762,-63.3996466909743,-61.3381682706472,-63.4670747892056
1.35533333333333,-63.299644687471,-61.2702282255988,-63.3818766340763,-63.3677566770485,-61.3098449841473,-63.4353047772679
1.35566666666667,-63.2676426116801,-61.241795033935,-63.3499933424929,-63.3358269576394,-61.2814838932408,-63.4034956667126
1.356,-63.2356008062851,-61.2133237640122,-63.3180707389228,-63.3038574552659,-61.2530849056448,-63.3716473817981
1.35633333333333,-63.203519194059,-61.1848143226485,-63.2861087477688,-63.2718480921354,-61.224647928765,-63.3397598464783
1.35666666666667,-63.1713976974758,-61.1562666163481,-63.2541072931393,-63.2397987901432,-61.1961728696944,-63.3078329844022
1.357,-63.1392362387102,-61.1276805513002,-63.2220662988474,-63.2077094708715,-61.1676596352124,-63.2758667189131
1.35733333333333,-63.1070347396365,-61.099056033378,-63.1899856884108,-63.1755800555889,-61.1391081317834,-63.2438609730478
1.35766666666667,-63.0747931218286,-61.0703929681377,-63.1578653850505,-63.143410465249,-61.1105182655565,-63.2118156695357
1.358,-63.0425113065588,-61.0416912608176,-63.1257053116906,-63.1112006204904,-61.0818899423637,-63.1797307307983
1.35833333333333,-63.0101892147976,-61.0129508163371,-63.0935053909575,-63.0789504416353,-61.0532230677198,-63.1476060789483
1.35866666666667,-62.977826767213,-60.9841715392955,-63.0612655451796,-63.0466598486887,-61.0245175468205,-63.115441635789
1.359,-62.94542388417,-60.9553533339714,-63.0289856963861,-63.014328761338,-60.9957732845419,-63.0832373228133
1.35933333333333,-62.9129804857299,-60.9264961043211,-62.9966657663069,-62.9819570989521,-60.9669901854394,-63.0509930612033
1.35966666666667,-62.8804964916497,-60.8975997539783,-62.9643056763719,-62.9495447805803,-60.9381681537467,-63.0187087718294
1.36,-62.8479718213818,-60.8686641862525,-62.9319053477103,-62.9170917249519,-60.9093070933747,-62.9863843752494
1.36033333333333,-62.8154063940732,-60.8396893041284,-62.8994647011502,-62.8845978504752,-60.8804069079107,-62.9540197917081
1.36066666666667,-62.7828001285653,-60.8106750102648,-62.8669836572176,-62.852063075237,-60.8514675006171,-62.9216149411366
1.361,-62.7501529433927,-60.7816212069935,-62.8344621361364,-62.8194873170014,-60.8224887744308,-62.8891697431511
1.36133333333333,-62.7174647567835,-60.7525277963187,-62.8019000578275,-62.7868704932095,-60.7934706319618,-62.856684117053
1.36166666666667,-62.6847354866582,-60.7233946799152,-62.7692973419084,-62.7542125209784,-60.7644129754924,-62.8241579818274
1.362,-62.6519650506296,-60.6942217591283,-62.7366539076924,-62.7215133171004,-60.7353157069763,-62.7915912561428
1.36233333333333,-62.6191533660019,-60.6650089349726,-62.7039696741885,-62.6887727980427,-60.7061787280374,-62.7589838583506
1.36266666666667,-62.5863003497704,-60.6357561081303,-62.6712445601004,-62.655990879946,-60.6770019399689,-62.726335706484
1.363,-62.5534059186214,-60.6064631789515,-62.6384784838262,-62.6231674786242,-60.6477852437323,-62.6936467182575
1.36333333333333,-62.520469988931,-60.5771300474519,-62.605671363458,-62.5903025095637,-60.6185285399564,-62.6609168110664
1.36366666666667,-62.4874924767652,-60.5477566133128,-62.5728231167812,-62.5573958879225,-60.5892317289365,-62.6281459019858
1.364,-62.4544732978792,-60.5183427758796,-62.5399336612741,-62.5244475285296,-60.5598947106329,-62.5953339077704
1.36433333333333,-62.4214123677172,-60.4888884341613,-62.5070029141075,-62.4914573458841,-60.5305173846707,-62.5624807448533
1.36466666666667,-62.3883096014118,-60.4593934868288,-62.4740307921438,-62.458425254155,-60.501099650338,-62.5295863293459
1.365,-62.3551649137834,-60.4298578322146,-62.4410172119372,-62.42535116718,-60.4716414065855,-62.4966505770367
1.36533333333333,-62.3219782193403,-60.4002813683116,-62.4079620897328,-62.3922349984649,-60.4421425520253,-62.4636734033913
1.36566666666667,-62.2887494322778,-60.3706639927722,-62.3748653414661,-62.3590766611832,-60.4126029849298,-62.4306547235514
1.366,-62.2554784664782,-60.3410056029072,-62.3417268827629,-62.3258760681753,-60.3830226032312,-62.397594452334
1.36633333333333,-62.2221652355103,-60.3113060956849,-62.3085466289385,-62.2926331319477,-60.35340130452,-62.3644925042313
1.36666666666667,-62.1888096526288,-60.2815653677303,-62.2753244949976,-62.2593477646724,-60.3237389860443,-62.3313487934097
1.367,-62.1554116307743,-60.2517833153241,-62.2420603956338,-62.2260198781865,-60.2940355447086,-62.2981632337094
1.36733333333333,-62.121971082573,-60.2219598344015,-62.2087542452289,-62.1926493839913,-60.2642908770734,-62.2649357386439
1.36766666666667,-62.0884879203361,-60.1920948205517,-62.1754059578531,-62.1592361932517,-60.2345048793536,-62.231666221399
1.368,-62.0549620560595,-60.1621881690165,-62.142015447264,-62.1257802167957,-60.2046774474179,-62.1983545948328
1.36833333333333,-62.021393401424,-60.1322397746898,-62.1085826269069,-62.0922813651138,-60.1748084767878,-62.1650007714748
1.36866666666667,-61.9877818677942,-60.1022495321164,-62.0751074099137,-62.0587395483583,-60.1448978626366,-62.1316046635252
1.369,-61.954127366219,-60.0722173354912,-62.0415897091032,-62.0251546763427,-60.1149454997886,-62.098166182855
1.36933333333333,-61.9204298074311,-60.0421430786583,-62.0080294369805,-61.9915266585411,-60.0849512827179,-62.0646852410047
1.36966666666667,-61.8866891018465,-60.0120266551098,-61.9744265057366,-61.957855404088,-60.0549151055478,-62.0311617491843
1.37,-61.8529051595647,-59.9818679579853,-61.9407808272483,-61.924140821777,-60.0248368620495,-61.9975956182726
1.37033333333333,-61.8190778903681,-59.9516668800708,-61.907092313078,-61.8903828200611,-59.9947164456416,-61.9639867588168
1.37066666666667,-61.7852072037222,-59.921423313798,-61.873360874473,-61.8565813070515,-59.9645537493888,-61.9303350810318
1.371,-61.7512930087751,-59.8911371512429,-61.8395864223655,-61.8227361905175,-59.9343486660012,-61.8966404947999
1.37133333333333,-61.7173352143575,-59.8608082841256,-61.8057688673725,-61.7888473778857,-59.9041010878335,-61.8629029096704
1.37166666666667,-61.6833337289826,-59.8304366038088,-61.7719081197955,-61.7549147762395,-59.8738109068837,-61.8291222348589
1.372,-61.6492884608459,-59.8000220012973,-61.7380040896199,-61.720938292319,-59.8434780147926,-61.795298379247
1.37233333333333,-61.6151993178251,-59.7695643672371,-61.7040566865155,-61.68691783252,-59.8131023028427,-61.761431251382
1.37266666666667,-61.58106620748,-59.7390635919146,-61.6700658198356,-61.6528533028938,-59.7826836619575,-61.7275207594762
1.373,-61.5468890370525,-59.7085195652552,-61.6360313986172,-61.6187446091466,-59.7522219827004,-61.6935668114066
1.37333333333333,-61.5126677134664,-59.6779321768233,-61.6019533315811,-61.5845916566395,-59.7217171552738,-61.6595693147146
1.37366666666667,-61.4784021433277,-59.6473013158208,-61.5678315271311,-61.5503943503872,-59.6911690695187,-61.6255281766055
1.374,-61.444092232924,-59.6166268710867,-61.5336658933544,-61.5161525950586,-59.6605776149131,-61.5914433039481
1.37433333333333,-61.4097378882253,-59.5859087310959,-61.4994563380213,-61.4818662949756,-59.629942680572,-61.5573146032746
1.37466666666667,-61.3753390148832,-59.5551467839587,-61.4652027685853,-61.4475353541131,-59.5992641552458,-61.5231419807798
1.375,-61.3408955182316,-59.5243409174197,-61.4309050921825,-61.4131596760984,-59.5685419273198,-61.4889253423212
1.37533333333333,-61.3064073032862,-59.4934910188574,-61.3965632156325,-61.3787391642111,-59.5377758848135,-61.4546645934183
1.37566666666667,-61.2718742747453,-59.4625969752829,-61.3621770454374,-61.3442737213826,-59.5069659153795,-61.4203596392529
1.376,-61.2372963369891,-59.4316586733396,-61.3277464877821,-61.3097632501957,-59.4761119063029,-61.386010384668
1.37633333333333,-61.2026733940806,-59.400675999302,-61.2932714485348,-61.2752076528845,-59.4452137445003,-61.351616734168
1.37666666666667,-61.1680053497649,-59.3696488390754,-61.2587518332462,-61.2406068313336,-59.4142713165191,-61.3171785919186
1.377,-61.1332921074703,-59.3385770781946,-61.2241875471502,-61.2059606870786,-59.3832845085369,-61.2826958617461
1.37733333333333,-61.0985335703079,-59.3074606018236,-61.1895784951637,-61.1712691213052,-59.3522532063605,-61.2481684471375
1.37766666666667,-61.0637296410719,-59.2762992947547,-61.1549245818866,-61.136532034849,-59.3211772954251,-61.2135962512401
1.378,-61.0288802222399,-59.2450930414078,-61.1202257116021,-61.1017493281956,-59.2900566607935,-61.1789791768615
1.37833333333333,-60.9939852159735,-59.2138417258295,-61.0854817882767,-61.0669209014801,-59.2588911871557,-61.1443171264692
1.37866666666667,-60.9590445241178,-59.1825452316927,-61.0506927155605,-61.0320466544871,-59.2276807588279,-61.1096100021907
1.379,-60.9240580482026,-59.1512034422957,-61.0158583967871,-60.9971264866502,-59.1964252597517,-61.074857705813
1.37933333333333,-60.8890256894422,-59.1198162405617,-60.980978734974,-60.962160297052,-59.1651245734935,-61.0400601387827
1.37966666666667,-60.8539473487359,-59.0883835090377,-60.9460536328229,-60.9271479844243,-59.1337785832438,-61.0052172022061
1.38,-60.8188229266686,-59.0569051298944,-60.9110829927196,-60.8920894471473,-59.1023871718164,-60.9703287968486
1.38033333333333,-60.7836523235109,-59.0253809849253,-60.8760667167348,-60.8569845832501,-59.070950221648,-60.9353948231351
1.38066666666667,-60.7484354392198,-58.993810955546,-60.8410047066237,-60.8218332904102,-59.0394676147971,-60.9004151811496
1.381,-60.7131721734391,-58.9621949227935,-60.8058968638268,-60.7866354659536,-59.0079392329435,-60.8653897706354
1.38133333333333,-60.6778624254997,-58.930532767326,-60.7707430894704,-60.7513910068547,-58.976364957388,-60.830318490995
1.38166666666667,-60.6425060944208,-58.8988243694218,-60.7355432843664,-60.7160998097366,-58.9447446690513,-60.7952012412901
1.382,-60.6071030789098,-58.867069608979,-60.7002973490131,-60.6807617708704,-58.9130782484734,-60.7600379202417
1.38233333333333,-60.5716532773629,-58.835268365515,-60.6650051835954,-60.645376786176,-58.8813655758134,-60.72482842623
1.38266666666667,-60.5361565878665,-58.8034205181658,-60.6296666879855,-60.6099447512214,-58.8496065308485,-60.6895726572948
1.383,-60.500612908197,-58.7715259456853,-60.5942817617432,-60.5744655612236,-58.8178009929735,-60.654270511135
1.38333333333333,-60.465022135822,-58.7395845264452,-60.5588503041163,-60.5389391110478,-58.7859488412004,-60.6189218851095
1.38366666666667,-60.4293841679007,-58.7075961384342,-60.5233722140416,-60.5033652952082,-58.7540499541577,-60.5835266762366
1.384,-60.3936989012851,-58.6755606592575,-60.4878473901447,-60.4677440078677,-58.7221042100898,-60.5480847811947
1.38433333333333,-60.3579662325205,-58.6434779661363,-60.4522757307414,-60.4320751428384,-58.6901114868567,-60.5125960963223
1.38466666666667,-60.3221860578463,-58.6113479359078,-60.4166571338378,-60.3963585935815,-58.6580716619333,-60.477060517618
1.385,-60.2863582731971,-58.579170445024,-60.380991497131,-60.3605942532077,-58.6259846124091,-60.4414779407411
1.38533333333333,-60.2504827742036,-58.5469453695519,-60.3452787180102,-60.3247820144774,-58.5938502149873,-60.4058482610118
1.38566666666667,-60.214559456193,-58.5146725851726,-60.3095186935568,-60.2889217698009,-58.5616683459848,-60.3701713734112
1.386,-60.178588214191,-58.4823519671815,-60.2737113205457,-60.2530134112387,-58.5294388813318,-60.3344471725818
1.38633333333333,-60.142568942922,-58.4499833904875,-60.2378564954457,-60.2170568305021,-58.4971616965708,-60.2986755528283
1.38666666666667,-60.1065015368104,-58.4175667296125,-60.2019541144208,-60.1810519189529,-58.4648366668569,-60.262856408117
1.387,-60.0703858899817,-58.3851018586916,-60.1660040733303,-60.1449985676045,-58.4324636669568,-60.226989632077
1.38733333333333,-60.0342218962638,-58.3525886514725,-60.1300062677305,-60.1088966671221,-58.400042571249,-60.1910751180003
1.38766666666667,-59.9980094491882,-58.3200269813151,-60.0939605928751,-60.0727461078227,-58.3675732537228,-60.1551127588426
1.388,-59.9617484419907,-58.2874167211912,-60.0578669437164,-60.0365467796763,-58.3350555879788,-60.1191024472231
1.38833333333333,-59.9254387676135,-58.2547577436849,-60.0217252149063,-60.0002985723057,-58.3024894472277,-60.0830440754258
1.38866666666667,-59.8890803187058,-58.2220499209913,-59.9855353007973,-59.9640013749876,-58.2698747042906,-60.0469375353995
1.389,-59.8526729876257,-58.1892931249172,-59.9492970954433,-59.9276550766529,-58.2372112315988,-60.0107827187586
1.38933333333333,-59.8162166664413,-58.1564872268805,-59.9130104926014,-59.8912595658873,-58.204498901193,-59.9745795167839
1.38966666666667,-59.7797112469323,-58.1236320979102,-59.8766753857326,-59.8548147309319,-58.1717375847237,-59.9383278204228
1.39,-59.7431566205912,-58.0907276086459,-59.8402916680027,-59.8183204596841,-58.1389271534503,-59.9020275202905
1.39033333333333,-59.7065526786253,-58.0577736293385,-59.8038592322845,-59.7817766396982,-58.1060674782418,-59.8656785066701
1.39066666666667,-59.6698993119581,-58.0247700298492,-59.7673779711581,-59.745183158186,-58.0731584295759,-59.8292806695141
1.391,-59.6331964112309,-57.9917166796498,-59.7308477769128,-59.7085399020176,-58.0401998775393,-59.7928338984445
1.39133333333333,-59.5964438668047,-57.9586134478231,-59.6942685415484,-59.6718467577225,-58.0071916918273,-59.7563380827542
1.39166666666667,-59.5596415687616,-57.9254602030621,-59.6576401567766,-59.6351036114902,-57.9741337417441,-59.7197931114073
1.392,-59.5227894069068,-57.8922568136705,-59.6209625140221,-59.5983103491712,-57.9410258962022,-59.6831988730404
1.39233333333333,-59.4858872707709,-57.8590031475629,-59.584235504425,-59.5614668562779,-57.9078680237231,-59.6465552559635
1.39266666666667,-59.448935049611,-57.8256990722645,-59.5474590188416,-59.5245730179855,-57.8746599924365,-59.6098621481608
1.393,-59.4119326324132,-57.7923444549111,-59.510632947846,-59.4876287191333,-57.841401670081,-59.5731194372919
1.39333333333333,-59.3748799078946,-57.75893916225,-59.4737571817325,-59.4506338442253,-57.8080929240038,-59.5363270106928
1.39366666666667,-59.3377767645052,-57.7254830606392,-59.4368316105165,-59.4135882774319,-57.7747336211608,-59.4994847553768
1.394,-59.3006230904302,-57.6919760160481,-59.3998561239368,-59.3764919025904,-57.7413236281168,-59.4625925580361
1.39433333333333,-59.2634187735923,-57.658417894058,-59.3628306114572,-59.3393446032068,-57.7078628110459,-59.4256503050424
1.39466666666667,-59.2261637016537,-57.6248085598618,-59.3257549622684,-59.3021462624566,-57.6743510357309,-59.3886578824487
1.395,-59.1888577620186,-57.5911478782643,-59.2886290652901,-59.2648967631863,-57.6407881675645,-59.3516151759901
1.39533333333333,-59.1515008418356,-57.5574357136832,-59.2514528091726,-59.2275959879148,-57.6071740715487,-59.3145220710856
1.39566666666667,-59.1140928280002,-57.5236719301487,-59.2142260822994,-59.1902438188345,-57.5735086122956,-59.277378452839
1.396,-59.0766336071572,-57.4898563913043,-59.1769487727888,-59.1528401378129,-57.5397916540276,-59.2401842060404
1.39633333333333,-59.0391230657034,-57.4559889604071,-59.1396207684963,-59.1153848263942,-57.5060230605775,-59.202939215168
1.39666666666667,-59.0015610897903,-57.4220695003284,-59.102241957017,-59.0778777658007,-57.4722026953891,-59.1656433643894
1.397,-58.9639475653266,-57.3880978735539,-59.0648122256874,-59.0403188369342,-57.4383304215175,-59.1282965375629
1.39733333333333,-58.9262823779814,-57.3540739421847,-59.0273314615883,-59.0027079203783,-57.4044061016297,-59.0908986182397
1.39766666666667,-58.8885654131867,-57.3199975679374,-58.9897995515466,-58.9650448963992,-57.370429598005,-59.0534494896648
1.398,-58.8507965561406,-57.2858686121451,-58.9522163821385,-58.927329644948,-57.3364007725353,-59.0159490347796
1.39833333333333,-58.8129756918104,-57.2516869357579,-58.9145818396915,-58.8895620456624,-57.3023194867262,-58.9783971362229
1.39866666666667,-58.7751027049351,-57.2174523993434,-58.8768958102871,-58.8517419778688,-57.2681856016969,-58.9407936763331
1.399,-58.7371774800295,-57.1831648630879,-58.8391581797637,-58.8138693205835,-57.2339989781813,-58.90313853715
1.39933333333333,-58.6991999013867,-57.1488241867968,-58.8013688337191,-58.7759439525155,-57.1997594765288,-58.8654316004168
1.39966666666667,-58.6611698530819,-57.1144302298956,-58.7635276575135,-58.7379657520681,-57.1654669567044,-58.8276727475821
1.4,-58.6230872189756,-57.0799828514306,-58.7256345362722,-58.699934597341,-57.1311212782903,-58.7898618598019
1.40033333333333,-58.5849518827172,-57.0454819100704,-58.6876893548887,-58.6618503661327,-57.0967223004859,-58.7519988179415
1.40066666666667,-58.5467637277485,-57.0109272641058,-58.6496919980279,-58.6237129359424,-57.0622698821091,-58.7140835025783
1.401,-58.5085226373076,-56.9763187714519,-58.6116423501287,-58.5855221839726,-57.0277638815973,-58.6761157940032
1.40133333333333,-58.4702284944323,-56.9416562896486,-58.5735402954078,-58.5472779871315,-56.9932041570081,-58.6380955722237
1.40166666666667,-58.4318811819643,-56.9069396758615,-58.5353857178625,-58.5089802220348,-56.9585905660201,-58.6000227169657
1.402,-58.393480582553,-56.8721687868838,-58.4971785012743,-58.4706287650091,-56.9239229659344,-58.5618971076761
1.40233333333333,-58.3550265786596,-56.8373434791368,-58.4589185292123,-58.4322234920937,-56.8892012136755,-58.5237186235257
1.40266666666667,-58.3165190525612,-56.8024636086716,-58.4206056850367,-58.3937642790438,-56.8544251657923,-58.485487143411
1.403,-58.277957886355,-56.76752903117,-58.3822398519022,-58.3552510013327,-56.8195946784595,-58.4472025459575
1.40333333333333,-58.2393429619626,-56.7325396019465,-58.3438209127621,-58.3166835341551,-56.7847096074786,-58.408864709522
1.40366666666667,-58.2006741611347,-56.697495175949,-58.3053487503718,-58.2780617524296,-56.7497698082794,-58.3704735121956
1.404,-58.1619513654553,-56.6623956077608,-58.2668232472925,-58.2393855308017,-56.7147751359214,-58.3320288318066
1.40433333333333,-58.1231744563466,-56.6272407516021,-58.2282442858956,-58.2006547436469,-56.6797254450948,-58.2935305459233
1.40466666666667,-58.0843433150734,-56.5920304613311,-58.1896117483664,-58.1618692650737,-56.6446205901226,-58.2549785318568
1.405,-58.0454578227484,-56.5567645904464,-58.1509255167083,-58.1230289689269,-56.6094604249615,-58.2163726666647
1.40533333333333,-58.0065178603367,-56.5214429920882,-58.1121854727472,-58.0841337287906,-56.5742448032038,-58.1777128271535
1.40566666666667,-57.9675233086615,-56.4860655190402,-58.0733914981356,-58.0451834179919,-56.5389735780789,-58.1389988898825
1.406,-57.9284740484085,-56.4506320237315,-58.0345434743572,-58.006177909604,-56.5036466024552,-58.1002307311666
1.40633333333333,-57.8893699601317,-56.4151423582385,-57.9956412827315,-57.9671170764501,-56.4682637288416,-58.0614082270804
1.40666666666667,-57.8502109242588,-56.3795963742869,-57.9566848044181,-57.9280007911063,-56.4328248093896,-58.0225312534607
1.407,-57.8109968210966,-56.3439939232537,-57.9176739204217,-57.8888289259062,-56.3973296958948,-57.983599685911
1.40733333333333,-57.7717275308367,-56.3083348561692,-57.8786085115971,-57.8496013529439,-56.3617782397992,-57.9446133998046
1.40766666666667,-57.7324029335613,-56.2726190237195,-57.8394884586537,-57.8103179440785,-56.3261702921932,-57.9055722702887
1.408,-57.693022909249,-56.2368462762482,-57.800313642161,-57.7709785709373,-56.2905057038173,-57.8664761722881
1.40833333333333,-57.6535873377812,-56.2010164637595,-57.7610839425537,-57.7315831049209,-56.2547843250649,-57.827324980509
1.40866666666667,-57.6140960989477,-56.1651294359199,-57.7217992401366,-57.6921314172065,-56.2190060059839,-57.7881185694433
1.409,-57.5745490724534,-56.1291850420609,-57.6824594150905,-57.6526233787524,-56.1831705962794,-57.7488568133726
1.40933333333333,-57.5349461379248,-56.0931831311819,-57.6430643474777,-57.6130588603027,-56.1472779453159,-57.7095395863724
1.40966666666667,-57.4952871749161,-56.0571235519522,-57.6036139172473,-57.5734377323913,-56.1113279021198,-57.6701667623165
1.41,-57.4555720629166,-56.0210061527142,-57.5641080042411,-57.5337598653468,-56.0753203153819,-57.6307382148814
1.41033333333333,-57.415800681357,-55.984830781486,-57.5245464881997,-57.4940251292973,-56.0392550334601,-57.5912538175509
1.41066666666667,-57.3759729096164,-55.9485972859642,-57.4849292487685,-57.4542333941745,-56.0031319043819,-57.5517134436207
1.411,-57.3360886270299,-55.9123055135271,-57.4452561655034,-57.4143845297194,-55.9669507758474,-57.5121169662028
1.41133333333333,-57.2961477128955,-55.8759553112375,-57.4055271178778,-57.3744784054872,-55.930711495232,-57.4724642582312
1.41166666666667,-57.2561500464818,-55.8395465258461,-57.3657419852884,-57.334514890852,-55.8944139095893,-57.4327551924661
1.412,-57.2160955070354,-55.8030790037942,-57.3259006470621,-57.2944938550122,-55.8580578656541,-57.392989641499
1.41233333333333,-57.1759839737887,-55.7665525912177,-57.2860029824627,-57.2544151669965,-55.8216432098459,-57.3531674777586
1.41266666666667,-57.135815325968,-55.72996713395,-57.2460488706974,-57.2142786956683,-55.7851697882715,-57.3132885735152
1.413,-57.0955894428014,-55.6933224775258,-57.2060381909242,-57.1740843097325,-55.7486374467288,-57.2733528008869
1.41333333333333,-57.0553062035271,-55.6566184671844,-57.1659708222588,-57.1338318777402,-55.7120460307097,-57.2333600318447
1.41366666666667,-57.0149654874021,-55.6198549478737,-57.125846643782,-57.0935212680954,-55.675395385404,-57.1933101382183
1.414,-56.9745671737103,-55.5830317642536,-57.0856655345468,-57.0531523490604,-55.6386853557029,-57.1532029917018
1.41433333333333,-56.9341111417715,-55.5461487607006,-57.0454273735866,-57.0127249887626,-55.6019157862023,-57.1130384638599
1.41466666666667,-56.8935972709508,-55.5092057813111,-57.0051320399223,-56.9722390551999,-55.5650865212073,-57.0728164261338
1.415,-56.8530254406667,-55.4722026699055,-56.9647794125705,-56.9316944162481,-55.5281974047351,-57.0325367498472
1.41533333333333,-56.8123955304018,-55.4351392700331,-56.9243693705516,-56.8910909396668,-55.4912482805199,-56.992199306213
1.41566666666667,-56.7717074197109,-55.3980154249759,-56.8839017928979,-56.8504284931061,-55.4542389920165,-56.9518039663394
1.416,-56.7309609882319,-55.3608309777529,-56.8433765586622,-56.8097069441139,-55.4171693824045,-56.911350601237
1.41633333333333,-56.6901561156948,-55.3235857711252,-56.8027935469259,-56.7689261601426,-55.3800392945928,-56.8708390818248
1.41666666666667,-56.6492926819324,-55.2862796476002,-56.7621526368084,-56.7280860085562,-55.3428485712239,-56.8302692789379
1.417,-56.6083705668903,-55.2489124494365,-56.7214537074755,-56.6871863566378,-55.3055970546783,-56.7896410633339
1.41733333333333,-56.5673896506375,-55.2114840186489,-56.6806966381488,-56.6462270715969,-55.2682845870795,-56.7489543057005
1.41766666666667,-56.5263498133771,-55.1739941970136,-56.6398813081147,-56.6052080205771,-55.2309110102984,-56.7082088766627
1.418,-56.4852509354573,-55.1364428260728,-56.599007596734,-56.5641290706638,-55.1934761659585,-56.6674046467901
1.41833333333333,-56.4440928973824,-55.0988297471405,-56.5580753834518,-56.5229900888924,-55.1559798954407,-56.626541486605
1.41866666666667,-56.4028755798242,-55.0611548013076,-56.517084547807,-56.481790942256,-55.1184220398883,-56.5856192665897
1.419,-56.361598863634,-55.0234178294479,-56.4760349694426,-56.4405314977139,-55.0808024402127,-56.5446378571949
1.41933333333333,-56.3202626298535,-54.9856186722232,-56.4349265281157,-56.3992116222004,-55.0431209370985,-56.5035971288477
1.41966666666667,-56.2788667597279,-54.9477571700894,-56.3937591037081,-56.3578311826328,-55.005377371009,-56.4624969519597
1.42,-56.2374111347174,-54.9098331633025,-56.3525325762371,-56.3163900459207,-54.9675715821921,-56.4213371969358
1.42033333333333,-56.1958956365104,-54.8718464919247,-56.3112468258662,-56.2748880789747,-54.9297034106859,-56.3801177341829
1.42066666666667,-56.1543201470355,-54.8337969958307,-56.2699017329162,-56.2333251487158,-54.8917726963246,-56.3388384341183
1.421,-56.1126845484753,-54.7956845147136,-56.2284971778763,-56.1917011220848,-54.8537792787447,-56.2974991671791
1.42133333333333,-56.0709887232792,-54.7575088880924,-56.1870330414164,-56.1500158660516,-54.8157229973915,-56.2560998038315
1.42166666666667,-56.029232554177,-54.7192699553178,-56.1455092043977,-56.1082692476251,-54.7776036915249,-56.2146402145796
1.422,-55.9874159241927,-54.6809675555793,-56.1039255478857,-56.0664611338636,-54.7394212002263,-56.1731202699759
1.42233333333333,-55.945538716659,-54.6426015279128,-56.062281953162,-56.024591391884,-54.7011753624053,-56.1315398406303
1.42266666666667,-55.903600815231,-54.6041717112068,-56.0205783017366,-55.9826598888733,-54.6628660168065,-56.0898987972202
1.423,-55.861602103901,-54.5656779442107,-55.9788144753609,-55.9406664920983,-54.6244930020164,-56.0481970105011
1.42333333333333,-55.8195424670137,-54.5271200655415,-55.9369903560405,-55.8986110689168,-54.5860561564707,-56.0064343513166
1.42366666666667,-55.7774217892812,-54.4884979136922,-55.8951058260485,-55.8564934867888,-54.5475553184617,-55.9646106906093
1.424,-55.7352399557981,-54.449811327039,-55.8531607679388,-55.8143136132871,-54.5089903261454,-55.9227258994311
1.42433333333333,-55.6929968520582,-54.41106014385,-55.8111550645599,-55.7720713161096,-54.4703610175499,-55.8807798489549
1.42466666666667,-55.6506923639694,-54.372244202293,-55.7690885990689,-55.7297664630904,-54.4316672305826,-55.8387724104851
1.425,-55.6083263778711,-54.3333633404437,-55.7269612549459,-55.6873989222119,-54.3929088030385,-55.7967034554699
1.42533333333333,-55.5658987805502,-54.2944173962952,-55.684772916008,-55.644968561617,-54.3540855726083,-55.7545728555122
1.42566666666667,-55.5234094592585,-54.2554062077656,-55.6425234664248,-55.6024752496216,-54.3151973768872,-55.7123804823822
1.426,-55.4808583017299,-54.216329612708,-55.6002127907329,-55.5599188547269,-54.2762440533829,-55.6701262080288
1.42633333333333,-55.4382451961981,-54.1771874489191,-55.5578407738517,-55.5172992456327,-54.237225439525,-55.627809904593
1.42666666666667,-55.3955700314144,-54.1379795541487,-55.5154073010987,-55.4746162912506,-54.1981413726732,-55.5854314444195
1.427,-55.3528326966663,-54.0987057661096,-55.4729122582056,-55.431869860717,-54.1589916901275,-55.5429907000703
1.42733333333333,-55.3100330817962,-54.0593659224868,-55.430355531335,-55.3890598234072,-54.1197762291366,-55.5004875443378
1.42766666666667,-55.26717107722,-54.0199598609482,-55.387737007096,-55.3461860489489,-54.0804948269084,-55.4579218502577
1.428,-55.2242465739471,-53.9804874191544,-55.3450565725622,-55.3032484072371,-54.0411473206189,-55.4152934911232
1.42833333333333,-55.1812594635997,-53.9409484347693,-55.3023141152881,-55.260246768448,-54.0017335474229,-55.3726023404988
1.42866666666667,-55.1382096384329,-53.9013427454707,-55.2595095233269,-55.2171810030539,-53.9622533444643,-55.3298482722342
1.429,-55.0950969913557,-53.8616701889613,-55.2166426852485,-55.1740509818385,-53.9227065488857,-55.287031160479
1.42933333333333,-55.0519214159514,-53.8219306029801,-55.1737134901576,-55.1308565759122,-53.8830929978403,-55.2441508796979
1.42966666666667,-55.0086828064989,-53.7821238253131,-55.1307218277121,-55.0875976567276,-53.843412528502,-55.2012073046848
1.43,-54.9653810579946,-53.7422496938058,-55.0876675881422,-55.0442740960954,-53.8036649780766,-55.1582003105788
1.43033333333333,-54.9220160661744,-53.7023080463744,-55.0445506622696,-55.000885766201,-53.7638501838139,-55.1151297728797
1.43066666666667,-54.878587727536,-53.6622987210183,-55.001370941527,-54.957432539621,-53.7239679830184,-55.0719955674639
1.431,-54.835095939362,-53.6222215558325,-54.9581283179781,-54.9139142893397,-53.6840182130619,-55.0287975706004
1.43133333333333,-54.7915405997433,-53.58207638902,-54.9148226843382,-54.8703308887669,-53.6440007113956,-54.9855356589677
1.43166666666667,-54.7479216076024,-53.541863058905,-54.8714539339945,-54.826682211755,-53.6039153155621,-54.9422097096706
1.432,-54.7042388627181,-53.501581403946,-54.8280219610274,-54.782968132617,-53.5637618632084,-54.8988196002571
1.43233333333333,-54.66049226575,-53.4612312627492,-54.7845266602323,-54.7391885261451,-53.523540192099,-54.8553652087361
1.43266666666667,-54.6166817182633,-53.4208124740823,-54.7409679271409,-54.6953432676285,-53.4832501401288,-54.8118464135951
1.433,-54.5728071227546,-53.3803248768888,-54.697345658044,-54.6514322328731,-53.4428915453368,-54.7682630938186
1.43333333333333,-54.5288683826781,-53.3397683103021,-54.653659750014,-54.6074552982203,-53.4024642459198,-54.7246151289065
1.43366666666667,-54.4848654024717,-53.2991426136598,-54.6099101009282,-54.5634123405668,-53.3619680802465,-54.6809023988928
1.434,-54.4407980875841,-53.2584476265194,-54.566096609492,-54.5193032373846,-53.3214028868722,-54.637124784365
1.43433333333333,-54.3966663445026,-53.217683188673,-54.5222191752633,-54.4751278667414,-53.2807685045529,-54.5932821664838
1.43466666666667,-54.3524700807806,-53.1768491401631,-54.478277698677,-54.4308861073213,-53.2400647722607,-54.5493744270026
1.435,-54.3082092050662,-53.1359453212984,-54.4342720810691,-54.3865778384459,-53.199291529199,-54.5054014482882
1.43533333333333,-54.2638836271316,-53.09497157267,-54.3902022247033,-54.3422029400962,-53.1584486148183,-54.4613631133414
1.43566666666667,-54.2194932579022,-53.0539277351679,-54.3460680327956,-54.2977612929341,-53.1175358688316,-54.417259305818
1.436,-54.1750380094866,-53.0128136499983,-54.3018694095414,-54.2532527783249,-53.0765531312315,-54.3730899100504
1.43633333333333,-54.1305177952077,-52.9716291587002,-54.2576062601419,-54.2086772783604,-53.0355002423059,-54.3288548110694
1.43666666666667,-54.0859325296335,-52.9303741031634,-54.2132784908314,-54.1640346758815,-52.9943770426559,-54.2845538946265
1.437,-54.0412821286086,-52.8890483256463,-54.1688860089051,-54.1193248545024,-52.9531833732121,-54.2401870472166
1.43733333333333,-53.9965665092872,-52.8476516687943,-54.1244287227472,-54.0745476986343,-52.9119190752532,-54.1957541561009
1.43766666666667,-53.9517855901654,-52.8061839756585,-54.0799065418602,-54.0297030935099,-52.8705839904235,-54.1512551093309
1.438,-53.9069392911148,-52.7646450897145,-54.0353193768931,-53.9847909252086,-52.8291779607513,-54.1066897957719
1.43833333333333,-53.8620275334168,-52.7230348548823,-53.9906671396725,-53.9398110806819,-52.7877008286679,-54.0620581051278
1.43866666666667,-53.8170502397969,-52.6813531155455,-53.945949743232,-53.8947634477787,-52.7461524370264,-54.0173599279657
1.439,-53.7720073344603,-52.6395997165723,-53.9011671018437,-53.8496479152726,-52.7045326291219,-53.9725951557411
1.43933333333333,-53.7268987431279,-52.5977745033356,-53.8563191310492,-53.8044643728879,-52.6628412487105,-53.9277636808242
1.43966666666667,-53.6817243930725,-52.555877321734,-53.8114057476919,-53.7592127113272,-52.6210781400303,-53.8828653965256
1.44,-53.6364842131565,-52.5139080182138,-53.7664268699498,-53.7138928222995,-52.5792431478223,-53.8379001971234
1.44033333333333,-53.5911781338695,-52.4718664397905,-53.7213824173681,-53.6685045985482,-52.5373361173508,-53.7928679778902
1.44066666666667,-53.5458060873668,-52.4297524340713,-53.6762723108936,-53.6230479338797,-52.4953568944259,-53.7477686351209
1.441,-53.5003680075091,-52.3875658492776,-53.6310964729087,-53.5775227231935,-52.4533053254247,-53.7026020661609
1.44133333333333,-53.454863829902,-52.3453065342687,-53.5858548272667,-53.5319288625112,-52.4111812573146,-53.657368169435
1.44166666666667,-53.4092934919368,-52.3029743385653,-53.5405472993272,-53.4862662490077,-52.3689845376755,-53.6120668444763
1.442,-53.3636569328319,-52.2605691123736,-53.4951738159925,-53.4405347810415,-52.3267150147236,-53.5666979919562
1.44233333333333,-53.317954093675,-52.2180907066102,-53.4497343057446,-53.3947343581868,-52.2843725373354,-53.5212615137148
1.44266666666667,-53.2721849174659,-52.1755389729269,-53.4042286986825,-53.3488648812652,-52.2419569550716,-53.4757573127914
1.443,-53.2263493491599,-52.1329137637365,-53.3586569265609,-53.3029262523782,-52.199468118202,-53.4301852934565
1.44333333333333,-53.1804473357126,-52.0902149322391,-53.3130189228286,-53.2569183749412,-52.1569058777314,-53.3845453612432
1.44366666666667,-53.1344788261247,-52.0474423324488,-53.2673146226686,-53.2108411537165,-52.1142700854247,-53.3388374229802
1.444,-53.088443771488,-52.0045958192204,-53.2215439630382,-53.1646944948481,-52.0715605938335,-53.2930613868245
1.44433333333333,-53.0423421250325,-51.9616752482779,-53.1757068827099,-53.1184783058968,-52.0287772563232,-53.2472171622955
1.44466666666667,-52.9961738421734,-51.9186804762419,-53.1298033223135,-53.0721924958758,-51.9859199270999,-53.2013046603092
1.445,-52.9499388805597,-51.8756113606591,-53.0838332243785,-53.0258369752867,-51.942988461239,-53.1553237932132
1.44533333333333,-52.9036372001241,-51.8324677600316,-53.037796533377,-52.9794116561571,-51.899982714713,-53.1092744748222
1.44566666666667,-52.8572687631318,-51.7892495338465,-52.9916931957684,-52.9329164520774,-51.8569025444212,-53.063156620454
1.446,-52.8108335342328,-51.7459565426067,-52.9455231600434,-52.8863512782396,-51.8137478082186,-53.0169701469667
1.44633333333333,-52.7643314805128,-51.7025886478622,-52.8992863767703,-52.839716051476,-51.7705183649469,-52.9707149727962
1.44666666666667,-52.7177625715466,-51.6591457122416,-52.8529827986408,-52.7930106902989,-51.7272140744647,-52.924391017994
1.447,-52.6711267794511,-51.6156275994844,-52.8066123805175,-52.7462351149404,-51.6838347976794,-52.877998204266
1.44733333333333,-52.6244240789406,-51.5720341744746,-52.7601750794821,-52.6993892473943,-51.6403803965787,-52.8315364550129
1.44766666666667,-52.5776544473818,-51.5283653032735,-52.7136708548836,-52.652473011457,-51.5968507342638,-52.7850056953689
1.448,-52.5308178648506,-51.4846208531545,-52.6670996683887,-52.6054863327701,-51.5532456749823,-52.738405852244
1.44833333333333,-52.4839143141894,-51.4408006926382,-52.6204614840319,-52.5584291388639,-51.5095650841625,-52.6917368543649
1.44866666666667,-52.4369437810655,-51.3969046915275,-52.5737562682674,-52.5113013592007,-51.4658088284476,-52.6449986323175
1.449,-52.3899062540305,-51.3529327209445,-52.5269839900206,-52.4641029252201,-51.4219767757313,-52.59819111859
1.44933333333333,-52.3428017245812,-51.3088846533673,-52.4801446207427,-52.4168337703839,-51.3780687951941,-52.5513142476168
1.44966666666667,-52.2956301872205,-51.2647603626675,-52.4332381344635,-52.3694938302225,-51.334084757339,-52.5043679558231
1.45,-52.2483916395201,-51.220559724149,-52.3862645078472,-52.3220830423821,-51.2900245340301,-52.45735218167
1.45033333333333,-52.2010860821843,-51.1762826145873,-52.3392237202487,-52.2746013466719,-51.24588799853,-52.4102668657014
1.45066666666667,-52.1537135191146,-51.1319289122692,-52.2921157537698,-52.2270486851135,-51.2016750255386,-52.3631119505899
1.451,-52.106273957475,-51.0874984970336,-52.2449405933181,-52.1794250019895,-51.1573854912334,-52.3158873811855
1.45133333333333,-52.0587674077597,-51.0429912503131,-52.1976982266654,-52.1317302438946,-51.1130192733093,-52.268593104564
1.45166666666667,-52.0111938838604,-50.9984070551764,-52.150388644508,-52.083964359786,-51.06857625102,-52.2212290700759
1.452,-51.9635534031357,-50.9537457963711,-52.1030118405276,-52.0361273010356,-51.02405630522,-52.1737952293972
1.45233333333333,-51.9158459864814,-50.9090073603681,-52.0555678114535,-51.9882190214833,-50.9794593184075,-52.1262915365806
1.45266666666667,-51.8680716584019,-50.8641916354063,-52.0080565571258,-51.94023947749,-50.934785174768,-52.0787179481073
1.453,-51.8202304470831,-50.8192985115378,-51.9604780805592,-51.8921886279928,-50.8900337602184,-52.0310744229399
1.45333333333333,-51.7723223844659,-50.7743278806752,-51.912832388009,-51.8440664345603,-50.8452049624531,-51.9833609225762
1.45366666666667,-51.7243475063216,-50.7292796366384,-51.8651194890369,-51.7958728614492,-50.8002986709895,-51.9355774111041
1.454,-51.676305852328,-50.6841536752033,-51.8173393965791,-51.7476078756616,-50.7553147772154,-51.8877238552572
1.45433333333333,-51.6281974661474,-50.6389498941508,-51.7694921270145,-51.6992714470036,-50.7102531744374,-51.8398002244713
1.45466666666667,-51.5800223955052,-50.5936681933172,-51.7215777002349,-51.6508635481441,-50.6651137579291,-51.791806490942
1.455,-51.5317806922699,-50.5483084746451,-51.6735961397156,-51.6023841546757,-50.6198964249815,-51.7437426296831
1.45533333333333,-51.4834724125353,-50.502870642236,-51.6255474725883,-51.5538332451759,-50.5746010749537,-51.6956086185865
1.45566666666667,-51.4350976167026,-50.4573546024028,-51.577431729714,-51.505210801269,-50.5292276093251,-51.6474044384821
1.456,-51.386656369565,-50.4117602637243,-51.5292489457578,-51.4565168076898,-50.4837759317473,-51.5991300732
1.45633333333333,-51.3381487403932,-50.3660875371005,-51.4809991592649,-51.407751252348,-50.4382459480993,-51.5507855096324
1.45666666666667,-51.2895748030223,-50.3203363358081,-51.4326824127378,-51.3589141263931,-50.392637566541,-51.5023707377977
1.457,-51.2409346359404,-50.2745065755586,-51.3842987527144,-51.3100054242813,-50.3469506975701,-51.4538857509048
1.45733333333333,-51.192228322378,-50.2285981745565,-51.3358482298486,-51.2610251438432,-50.3011852540789,-51.405330545419
1.45766666666667,-51.1434559503998,-50.1826110535579,-51.2873308989905,-51.2119732863518,-50.2553411514122,-51.3567051211287
1.458,-51.0946176129967,-50.1365451359323,-51.2387468192692,-51.1628498565925,-50.2094183074265,-51.3080094812133
1.45833333333333,-51.0457134081807,-50.0904003477236,-51.1900960541769,-51.1136548629341,-50.1634166425508,-51.2592436323124
1.45866666666667,-50.9967434390803,-50.044176617713,-51.1413786716537,-51.0643883174006,-50.1173360798477,-51.2104075845957
1.459,-50.9477078140375,-49.9978738774835,-51.092594744174,-51.0150502357442,-50.071176545076,-51.1615013518345
1.45933333333333,-50.8986066467072,-49.9514920614849,-51.0437443488353,-50.9656406375196,-50.0249379667553,-51.1125249514741
1.45966666666667,-50.8494400561569,-49.9050311071001,-50.9948275674467,-50.9161595461594,-49.9786202762302,-51.0634784047072
1.46,-50.8002081669688,-49.8584909547135,-50.9458444866206,-50.8666069890508,-49.9322234077373,-51.0143617365493
1.46033333333333,-50.7509111093439,-49.8118715477797,-50.8967951978644,-50.8169829976132,-49.8857472984727,-50.9651749759143
1.46066666666667,-50.7015490192061,-49.7651728328936,-50.847679797675,-50.7672876073774,-49.8391918886606,-50.9159181556918
1.461,-50.6521220383098,-49.7183947598625,-50.7984983876335,-50.7175208580655,-49.7925571216241,-50.8665913128258
1.46133333333333,-50.6026303143482,-49.6715372817793,-50.749251074503,-50.6676827936727,-49.7458429438564,-50.8171944883943
1.46166666666667,-50.5530740010632,-49.6246003550963,-50.6999379703264,-50.6177734625499,-49.6990493050938,-50.7677277276906
1.462,-50.5034532583573,-49.5775839397015,-50.6505591925268,-50.5677929174874,-49.65217615839,-50.7181910803054
1.46233333333333,-50.4537682524074,-49.5304879989955,-50.6011148640091,-50.5177412158006,-49.6052234601923,-50.6685846002106
1.46266666666667,-50.4040191557798,-49.4833124999707,-50.5516051132634,-50.4676184194161,-49.5581911704181,-50.6189083458442
1.463,-50.3542061475473,-49.4360574132907,-50.5020300744699,-50.4174245949599,-49.5110792525341,-50.5691623801966
1.46333333333333,-50.3043294134082,-49.3887227133729,-50.4523898876055,-50.3671598138463,-49.4638876736362,-50.5193467708985
1.46366666666667,-50.2543891458068,-49.3413083784709,-50.4026846985522,-50.3168241523684,-49.4166164045316,-50.4694615903094
1.464,-50.2043855440557,-49.2938143907596,-50.3529146592069,-50.2664176917902,-49.3692654198214,-50.4195069156087
1.46433333333333,-50.1543188144605,-49.2462407364217,-50.3030799275936,-50.2159405184394,-49.3218346979861,-50.3694828288874
1.46466666666667,-50.1041891704455,-49.1985874057353,-50.2531806679766,-50.1653927238022,-49.2743242214718,-50.3193894172407
1.465,-50.0539968326818,-49.1508543931639,-50.2032170509754,-50.1147744046192,-49.226733976778,-50.2692267728635
1.46533333333333,-50.0037420292175,-49.1030416974474,-50.1531892536828,-50.0640856629827,-49.1790639545481,-50.2189949931464
1.46566666666667,-49.953424995609,-49.0551493216953,-50.1030974597827,-50.0133266064355,-49.1313141496602,-50.168694180773
1.466,-49.9030459750554,-49.0071772734812,-50.0529418596716,-49.9624973480707,-49.0834845613205,-50.1183244438192
1.46633333333333,-49.8526052185334,-48.9591255649399,-50.0027226505809,-49.9115980066341,-49.0355751931588,-50.0678858958539
1.46666666666667,-49.8021029849358,-48.9109942128648,-49.952440036701,-49.8606287066261,-48.9875860533245,-50.017378656041
1.467,-49.7515395412102,-48.8627832388088,-49.9020942293085,-49.8095895784071,-48.9395171545858,-49.9668028492431
1.46733333333333,-49.7009151625017,-48.8144926691861,-49.8516854468939,-49.7584807583031,-48.89136851443,-49.9161586061268
1.46766666666667,-49.6502301322957,-48.7661225353762,-49.8012139152918,-49.7073023887129,-48.8431401551663,-49.8654460632695
1.468,-49.5994847425639,-48.7176728738293,-49.7506798678135,-49.6560546182172,-48.7948321040294,-49.8146653632675
1.46833333333333,-49.548679293912,-48.6691437261751,-49.7000835453811,-49.604737601689,-48.7464443932866,-49.7638166548464
1.46866666666667,-49.4978140957297,-48.6205351393315,-49.6494251966633,-49.5533515004055,-48.6979770603459,-49.7129000929721
1.469,-49.4468894663422,-48.5718471656175,-49.598705078214,-49.501896482161,-48.6494301478664,-49.6619158389646
1.46933333333333,-49.3959057331646,-48.5230798628666,-49.5479234546129,-49.4503727213826,-48.6008037038707,-49.6108640606126
1.46966666666667,-49.3448632328577,-48.4742332945432,-49.4970805986071,-49.398780399246,-48.5520977818599,-49.5597449322898
1.47,-49.293762311486,-48.4253075298605,-49.446176791256,-49.3471197037934,-48.5033124409302,-49.5085586350731
1.47033333333333,-49.242603324679,-48.3763026439015,-49.395212322078,-49.2953908300536,-48.4544477458919,-49.457305356863
1.47066666666667,-49.1913866377924,-48.3272187177413,-49.3441874891989,-49.2435939801623,-48.405503767391,-49.4059852925044
1.471,-49.1401126260737,-48.2780558385724,-49.2931025995029,-49.1917293634851,-48.3564805820324,-49.3545986439101
1.47133333333333,-49.0887816748289,-48.2288140998318,-49.2419579687856,-49.1397971967415,-48.3073782725062,-49.3031456201862
1.47166666666667,-49.0373941795909,-48.1794936013306,-49.1907539219091,-49.0877977041304,-48.2581969277158,-49.251626437758
1.472,-48.9859505462918,-48.1300944493864,-49.1394907929597,-49.0357311174577,-48.208936642909,-49.2000413204992
1.47233333333333,-48.9344511914351,-48.0806167569579,-49.0881689254073,-48.9835976762644,-48.1595975198109,-49.1483904998617
1.47266666666667,-48.8828965422723,-48.0310606437816,-49.0367886722674,-48.9313976279579,-48.1101796667598,-49.0966742150076
1.473,-48.8312870369803,-47.9814262365115,-48.9853503962653,-48.879131227943,-48.0606831988455,-49.0448927129431
1.47333333333333,-48.7796231248414,-47.9317136688616,-48.9338544700024,-48.8267987397558,-48.0111082380507,-48.993046248654
1.47366666666667,-48.727905266426,-47.8819230817504,-48.8823012761252,-48.7744004351987,-47.9614549133941,-48.9411350852428
1.474,-48.6761339337768,-47.8320546234485,-48.8306912074961,-48.7219365944765,-47.9117233610768,-48.8891594940682
1.47433333333333,-48.6243096105955,-47.7821084497291,-48.7790246673669,-48.6694075063353,-47.8619137246319,-48.8371197548857
1.47466666666667,-48.5724327924323,-47.7320847240206,-48.7273020695546,-48.6168134682013,-47.8120261550763,-48.7850161559907
1.475,-48.5205039868765,-47.681983617563,-48.6755238386194,-48.5641547863226,-47.7620608110652,-48.7328489943628
1.47533333333333,-48.4685237137508,-47.6318053095662,-48.6236904100452,-48.5114317759114,-47.7120178590502,-48.6806185758122
1.47566666666667,-48.4164925053064,-47.5815499873722,-48.5718022304225,-48.4586447612889,-47.6618974734404,-48.6283252151284
1.476,-48.364410906421,-47.5312178466192,-48.5198597576336,-48.4057940760299,-47.6116998367655,-48.5759692362297
1.47633333333333,-48.3122794747995,-47.4808090914101,-48.4678634610403,-48.3528800631112,-47.5614251398434,-48.5235509723154
1.47666666666667,-48.2600987811762,-47.4303239344829,-48.415813821674,-48.2999030750597,-47.51107358195,-48.4710707660197
1.477,-48.2078694095192,-47.3797625973848,-48.3637113324281,-48.2468634741024,-47.4606453709924,-48.418528969567
1.47733333333333,-48.1555919572379,-47.3291253106497,-48.3115564982533,-48.1937616323185,-47.410140723686,-48.3659259449296
1.47766666666667,-48.1032670353912,-47.2784123139785,-48.2593498363545,-48.1405979317918,-47.3595598657341,-48.3132620639868
1.478,-48.0508952688999,-47.2276238564232,-48.2070918763913,-48.0873727647658,-47.3089030320114,-48.2605377086862
1.47833333333333,-47.998477296759,-47.1767601965742,-48.1547831606796,-48.0340865337989,-47.2581704667507,-48.2077532712064
1.47866666666667,-47.9460137722544,-47.1258216027508,-48.1024242443972,-47.9807396519221,-47.2073624237339,-48.1549091541221
1.479,-47.8935053631797,-47.0748083531958,-48.0500156957902,-47.927332542797,-47.1564791664852,-48.1020057705703
1.47933333333333,-47.8409527520567,-47.0237207362736,-47.9975580963837,-47.8738656408759,-47.1055209684695,-48.049043544419
1.47966666666667,-47.7883566363574,-46.9725590506712,-47.9450520411931,-47.8203393915629,-47.0544881132937,-47.9960229104374
1.48,-47.7357177287275,-46.9213236056039,-47.8924981389394,-47.7667542513759,-47.0033808949116,-47.9429443144675
1.48033333333333,-47.6830367572132,-46.8700147210245,-47.8398970122663,-47.7131106881106,-46.9521996178339,-47.8898082135983
1.48066666666667,-47.6303144654889,-46.8186327278359,-47.7872492979593,-47.6594091810043,-46.9009445973406,-47.8366150763411
1.481,-47.5775516130876,-46.7671779681085,-47.7345556471687,-47.6056502209027,-46.8496161596988,-47.7833653828065
1.48133333333333,-47.5247489756326,-46.7156507953007,-47.6818167256333,-47.5518343104261,-46.7982146423837,-47.730059624884
1.48166666666667,-47.4719073450722,-46.6640515744841,-47.6290332139079,-47.4979619641372,-46.7467403943046,-47.6766983064218
1.482,-47.4190275299148,-46.612380682573,-47.5762058075925,-47.4440337087103,-46.6951937760342,-47.6232819434097
1.48233333333333,-47.3661103554673,-46.5606385085572,-47.5233352175645,-47.3900500831009,-46.6435751600435,-47.569811064163
1.48266666666667,-47.3131566640742,-46.5088254537407,-47.4704221702126,-47.3360116387163,-46.5918849309401,-47.5162862095078
1.483,-47.2601673153591,-46.4569419319826,-47.4174674076736,-47.2819189395866,-46.5401234857114,-47.4627079329685
1.48333333333333,-47.2071431864677,-46.4049883699451,-47.3644716880719,-47.2277725625379,-46.488291233973,-47.4090768009562
1.48366666666667,-47.1540851723124,-46.3529652073439,-47.31143578576,-47.1735730973637,-46.4363885982209,-47.3553933929591
1.484,-47.1009941858184,-46.3008728972042,-47.2583604915633,-47.1193211469996,-46.3844160140891,-47.301658301734
1.48433333333333,-47.0478711581717,-46.2487119061216,-47.2052466130255,-47.0650173276962,-46.3323739306119,-47.2478721334997
1.48466666666667,-46.9947170390682,-46.1964827145274,-47.1520949746574,-47.0106622691943,-46.2802628104914,-47.1940355081313
1.485,-46.941532796964,-46.1441858169588,-47.0989064181871,-46.9562566148986,-46.2280831303698,-47.1401490593561
1.48533333333333,-46.8883194193282,-46.0918217223348,-47.0456818028134,-46.9018010220539,-46.1758353811076,-47.0862134349507
1.48566666666667,-46.835077912895,-46.039390954236,-46.9924220054604,-46.847296161919,-46.1235200680659,-47.0322292969394
1.486,-46.7818093039189,-45.9868940511908,-46.9391279210348,-46.7927427199427,-46.0711377113953,-46.9781973217936
1.48633333333333,-46.7285146384298,-45.9343315669667,-46.8858004626858,-46.7381413959388,-46.0186888463297,-46.9241182006325
1.48666666666667,-46.6751949824894,-45.8817040708657,-46.8324405620653,-46.6834929042608,-45.966174023486,-46.8699926394248
1.487,-46.6218514224488,-45.8290121480273,-46.7790491695927,-46.6287979739768,-45.9135938091692,-46.8158213591913
1.48733333333333,-46.5684850652064,-45.7762563997353,-46.7256272547194,-46.5740573490444,-45.860948785684,-46.7616050962084
1.48766666666667,-46.515097038467,-45.7234374437316,-46.6721758061964,-46.5192717884835,-45.8082395516514,-46.7073446022124
1.488,-46.4616884910012,-45.6705559145346,-46.6186958323435,-46.4644420665505,-45.7554667223326,-46.6530406446044
1.48833333333333,-46.4082605929055,-45.6176124637651,-46.5651883613205,-46.4095689729103,-45.7026309299578,-46.5986940066566
1.48866666666667,-46.3548145358625,-45.5646077604763,-46.5116544413994,-46.3546533128078,-45.6497328240626,-46.5443054877174
1.489,-46.3013515334014,-45.5115424914919,-46.4580951412392,-46.2996959072384,-45.5967730718299,-46.4898759034195
1.48933333333333,-46.2478728211594,-45.4584173617493,-46.4045115501623,-46.2446975931174,-45.5437523584389,-46.4354060858857
1.48966666666667,-46.1943796571418,-45.4052330946493,-46.3509047784309,-46.1896592234474,-45.4906713874209,-46.3808968839367
1.49,-46.1408733219829,-45.3519904324128,-46.2972759575273,-46.134581667485,-45.4375308810214,-46.3263491632984
1.49033333333333,-46.0873551192065,-45.2986901364436,-46.2436262404333,-46.0794658109049,-45.3843315805696,-46.271763806809
1.49066666666667,-46.0338263754857,-45.2453329876988,-46.1899568019122,-46.0243125559628,-45.3310742468556,-46.2171417146266
1.491,-45.9802884409023,-45.1919197870649,-46.1362688387917,-45.9691228216552,-45.2777596605135,-46.1624838044356
1.49133333333333,-45.9267426892056,-45.1384513557421,-46.0825635702474,-45.9138975438784,-45.2243886224133,-46.1077910116537
1.49166666666667,-45.8731905180698,-45.0849285356349,-46.0288422380879,-45.8586376755828,-45.1709619540595,-46.0530642896372
1.492,-45.8196333493511,-45.031352189751,-45.9751061070407,-45.8033441869266,-45.117480497998,-45.998304609887
1.49233333333333,-45.7660726293432,-44.9777232026064,-45.9213564650381,-45.7480180654251,-45.0639451182308,-45.9435129622521
1.49266666666667,-45.7125098290306,-44.9240424806394,-45.8675946235048,-45.6926603160969,-45.0103567006382,-45.8886903551332
1.493,-45.6589464443418,-44.8703109526313,-45.8138219176452,-45.6372719616071,-44.9567161534098,-45.8338378156849
1.49333333333333,-45.6053839963997,-44.8165295701358,-45.7600397067316,-45.5818540424063,-44.9030244074842,-45.7789563900159
1.49366666666667,-45.5518240317696,-44.762699307916,-45.7062493743921,-45.5264076168656,-44.8492824169966,-45.7240471433878
1.494,-45.4982681227064,-44.7088211643896,-45.6524523288991,-45.4709337614073,-44.7954911597348,-45.6691111604128
1.49433333333333,-45.4447178673976,-44.6548961620832,-45.5986500034574,-45.4154335706312,-44.741651637606,-45.6141495452483
1.49466666666667,-45.3911748902049,-44.600925348094,-45.5448438564924,-45.3599081574352,-44.6877648771102,-45.5591634217893
1.495,-45.3376408419028,-44.5469097945611,-45.4910353719373,-45.3043586531318,-44.6338319298248,-45.5041539338595
1.49533333333333,-45.2841173999128,-44.4928505991459,-45.4372260595207,-45.2487862075578,-44.5798538728982,-45.449122245398
1.49566666666667,-45.2306062685359,-44.4387488855203,-45.3834174550525,-45.1931919891786,-44.5258318095524,-45.3940695406441
1.496,-45.1771091791801,-44.3846058038658,-45.3296111207094,-45.1375771851867,-44.4717668695965,-45.3389970243183
1.49633333333333,-45.123627890585,-44.3304225313808,-45.2758086453193,-45.081943001592,-44.4176602099499,-45.2839059217999
1.49666666666667,-45.0701641890411,-44.2762002727983,-45.2220116446443,-45.0262906633068,-44.3635130151755,-45.2287974793006
1.497,-45.0167198886053,-44.2219402609129,-45.1682217616616,-44.9706214142221,-44.3093264980242,-45.1736729640341
1.49733333333333,-44.9632968313121,-44.1676437571186,-45.114440666844,-44.9149365172762,-44.2551018999894,-45.1185336643809
1.49766666666667,-44.909896887378,-44.1133120519556,-45.0606700584367,-44.8592372545152,-44.2008404918729,-45.0633808900488
1.498,-44.8565219554026,-44.0589464656691,-45.0069116627337,-44.8035249271448,-44.1465435743623,-45.0082159722273
1.49833333333333,-44.8031739625626,-44.0045483487776,-44.9531672343498,-44.7478008555721,-44.092212478619,-44.9530402637376
1.49866666666667,-44.7498548647998,-43.9501190826527,-44.8994385564916,-44.6920663794386,-44.0378485668791,-44.8978551391757
1.499,-44.6965666470035,-43.8956600801095,-44.8457274412243,-44.6363228576416,-43.9834532330652,-44.8426619950494
1.49933333333333,-44.6433113231855,-43.8411727860092,-44.792035729736,-44.5805716683467,-43.929027903411,-44.7874622499092
1.49966666666667,-44.5900909366481,-43.7866586778724,-44.7383652925976,-44.5248142089868,-43.8745740370987,-44.732257344471
1.5,-44.536907560145,-43.7321192665046,-44.6847180300198,-44.4690518962506,-43.8200931269082,-44.6770487417317
1.50033333333333,-44.4837632960336,-43.6775560966343,-44.6310958721052,-44.4132861660581,-43.7655866998801,-44.621837927077
1.50066666666667,-44.4306602764199,-43.6229707475625,-44.5775007790958,-44.3575184735231,-43.7110563179923,-44.5666264083801
1.501,-44.3776006632942,-43.5683648338251,-44.5239347416161,-44.3017502929013,-43.6565035788491,-44.5114157160912
1.50133333333333,-44.3245866486576,-43.513740005869,-44.4703997809109,-44.245983117525,-43.6019301163853,-44.4562074033181
1.50166666666667,-44.2716204546401,-43.4590979507403,-44.4168979490772,-44.1902184597222,-43.5473376015844,-44.401003045896
1.502,-44.2187043336067,-43.4044403927862,-44.36343132929,-44.1344578507189,-43.4927277432101,-44.3458042424463
1.50233333333333,-44.1658405682552,-43.349769094371,-44.3100020360222,-44.0787028405268,-43.4381022885552,-44.2906126144252
1.50266666666667,-44.1130314717022,-43.2950858566057,-44.2566122152573,-44.0229549978116,-43.3834630242023,-44.2354298061588
1.503,-44.0602793875569,-43.2403925200921,-44.2032640446951,-43.9672159097447,-43.3288117768036,-44.1802574848666
1.50333333333333,-44.0075866899853,-43.1856909656817,-44.1499597339491,-43.9114871818352,-43.2741504138735,-44.1250973406713
1.50366666666667,-43.9549557837593,-43.1309831152489,-44.0967015247367,-43.8557704377421,-43.2194808445997,-44.0699510865947
1.504,-43.9023891042949,-43.0762709324803,-44.0434916910595,-43.8000673190657,-43.1648050206692,-44.0148204585386
1.50433333333333,-43.8498891176763,-43.0215564236795,-43.9903325393753,-43.7443794851181,-43.1101249371127,-43.9597072152501
1.50466666666667,-43.7974583206656,-42.9668416385869,-43.93722640876,-43.68870861267,-43.055442633165,-43.9046131382714
1.505,-43.7450992406982,-42.9121286712168,-43.8841756710588,-43.6330563956749,-43.0007601931441,-43.8495400318703
1.50533333333333,-43.6928144358632,-42.8574196607112,-43.8311827310273,-43.5774245449679,-42.9460797473481,-43.7944897229558
1.50566666666667,-43.6406064948676,-42.8027167922098,-43.77825002646,-43.5218147879394,-42.8914034729705,-43.7394640609711
1.506,-43.5884780369839,-42.7480222977381,-43.7253800283072,-43.4662288681818,-42.836733595034,-43.6844649177695
1.50633333333333,-43.5364317119809,-42.6933384571135,-43.672575240779,-43.4106685451082,-42.7820723873455,-43.6294941874683
1.50666666666667,-43.4844702000363,-42.6386675988683,-43.6198382014353,-43.3551355935419,-42.7274221734679,-43.5745537862799
1.507,-43.4325962116307,-42.5840121011931,-43.5671714812615,-43.2996318032755,-42.672785327715,-43.5196456523212
1.50733333333333,-43.3808124874224,-42.5293743928978,-43.5145776847293,-43.244158978599,-42.6181642761653,-43.464771745398
1.50766666666667,-43.3291217981015,-42.474756954393,-43.4620594498408,-43.1887189377936,-42.563561497698,-43.409934046764
1.508,-43.2775269442238,-42.4201623186904,-43.4096194481563,-43.1333135125921,-42.5089795250493,-43.3551345588532
1.50833333333333,-43.2260307560218,-42.3655930724242,-43.3572603848038,-43.0779445476034,-42.4544209458926,-43.3003753049845
1.50866666666667,-43.174636093194,-42.311051856893,-43.3049849984696,-43.0226138996985,-42.3998884039395,-43.2456583290369
1.509,-43.1233458446692,-42.2565413691233,-43.2527960613694,-42.9673234373595,-42.3453846000652,-43.1909856950938
1.50933333333333,-43.0721629283473,-42.2020643629538,-43.2006963791978,-42.912075039986,-42.2909122934567,-43.1363594870552
1.50966666666667,-43.0210902908132,-42.1476236501434,-43.1486887910558,-42.8568705971606,-42.2364743027858,-43.0817818082162
1.51,-42.9701309070244,-42.0932221015003,-43.0967761693549,-42.8017120078699,-42.1820735074057,-43.0272547808098
1.51033333333333,-42.9192877799707,-42.0388626480354,-43.0449614196966,-42.7466011796795,-42.1277128485742,-42.9727805455131
1.51066666666667,-42.8685639403036,-41.9845482821395,-42.9932474807251,-42.6915400278614,-42.0733953307014,-42.9183612609139
1.511,-42.8179624459362,-41.9302820587835,-42.9416373239525,-42.6365304744714,-42.0191240226242,-42.8639991029366
1.51133333333333,-42.7674863816103,-41.8760670967453,-42.8901339535552,-42.5815744473752,-41.9649020589077,-42.8096962642264
1.51166666666667,-42.7171388584301,-41.8219065798601,-42.8387404061387,-42.5266738792196,-41.9107326411738,-42.7554549534869
1.512,-42.6669230133612,-41.7678037582984,-42.7874597504696,-42.471830706348,-41.8566190394583,-42.7012773947722
1.51233333333333,-42.6168420086926,-41.7137619498694,-42.7362950871731,-42.4170468676574,-41.8025645935957,-42.6471658267291
1.51266666666667,-42.5668990314598,-41.6597845413512,-42.6852495483933,-42.3623243033932,-41.7485727146342,-42.5931225017872
1.513,-42.517097292828,-41.6058749898498,-42.6343262974144,-42.3076649538822,-41.6946468862797,-42.5391496852957
1.51333333333333,-42.4674400274326,-41.5520368241858,-42.5835285282406,-42.2530707581972,-41.6407906663703,-42.4852496546027
1.51366666666667,-42.4179304926748,-41.4982736463094,-42.5328594651316,-42.1985436527541,-41.5870076883829,-42.4314246980752
1.514,-42.3685719679702,-41.4445891327452,-42.4823223620908,-42.1440855698356,-41.5333016629691,-42.3776771140558
1.51433333333333,-42.3193677539478,-41.3909870360682,-42.4319205023048,-42.0896984360409,-41.4796763795259,-42.3240092097553
1.51466666666667,-42.2703211715965,-41.3374711864082,-42.3816571975282,-42.0353841706562,-41.4261357077976,-42.2704233000742
1.515,-42.2214355613567,-41.284045492988,-42.3315357874125,-41.9811446839438,-41.3726835995113,-42.2169217063538
1.51533333333333,-42.1727142821523,-41.2307139456916,-42.2815596387748,-41.9269818753464,-41.3193240900475,-42.1635067550501
1.51566666666667,-42.1241607103619,-41.1774806166662,-42.2317321448015,-41.8728976316018,-41.2660613001439,-42.1101807763285
1.516,-42.0757782387232,-41.1243496619568,-42.1820567241826,-41.8188938247654,-41.2128994376356,-42.0569461025739
1.51633333333333,-42.0275702751678,-41.0713253231753,-42.1325368201737,-41.764972310136,-41.1598427992308,-42.0038050668136
1.51666666666667,-41.9795402415818,-41.0184119292031,-42.0831758995774,-41.7111349240804,-41.1068957723227,-41.9507600010469
1.517,-41.9316915724871,-40.9656138979299,-42.033977451641,-41.6573834817529,-41.0540628368388,-41.8978132344774
1.51733333333333,-41.884027713638,-40.9129357380277,-41.9849449868634,-41.6037197747049,-41.0013485671278,-41.8449670916428
1.51766666666667,-41.8365521205275,-40.860382050761,-41.9360820357041,-41.5501455683789,-40.9487576338838,-41.7922238904369
1.518,-41.7892682567975,-40.8079575318344,-41.8873921471878,-41.4966625994837,-40.8962948061103,-41.739585940018
1.51833333333333,-41.7421795925455,-40.7556669732775,-41.8388788873966,-41.4432725732438,-40.8439649531228,-41.6870555385981
1.51866666666667,-41.69528960252,-40.703515265368,-41.7905458378405,-41.3899771605175,-40.7917730465906,-41.6346349711057
1.519,-41.6486017641968,-40.6515073985934,-41.7423965936973,-41.3367779947789,-40.7397241626186,-41.5823265067163
1.51933333333333,-41.6021195557282,-40.5996484656522,-41.6944347619122,-41.2836766689568,-40.6878234838708,-41.5301323962432
1.51966666666667,-41.5558464537528,-40.5479436634941,-41.6466639591441,-41.2306747321233,-40.6360763017323,-41.4780548693803
1.52,-41.5097859310576,-40.4963982954014,-41.5990878095484,-41.1777736860276,-40.584488018514,-41.4260961317906
1.52033333333333,-41.463941454079,-40.4450177731099,-41.5517099423815,-41.1249749814649,-40.5330641496981,-41.3742583620291
1.52066666666667,-41.4183164802299,-40.3938076189715,-41.5045339894129,-41.072280014475,-40.4818103262243,-41.3225437082937
1.521,-41.3729144550393,-40.3427734681578,-41.4575635821283,-41.0196901223621,-40.4307322968183,-41.2709542849928
1.52133333333333,-41.3277388090878,-40.2919210709053,-41.4108023487071,-40.9672065795272,-40.3798359303612,-41.2194921691199
1.52166666666667,-41.2827929547218,-40.2412562948026,-41.3642539107533,-40.9148305931037,-40.3291272183009,-41.1681593964239
1.522,-41.2380802825274,-40.1907851271187,-41.3179218797608,-40.8625632983898,-40.2786122771037,-41.1169579573634
1.52233333333333,-41.1936041575436,-40.1405136771747,-41.2718098532873,-40.8104057540643,-40.228297350748,-41.0658897928338
1.52266666666667,-41.1493679151898,-40.0904481787556,-41.2259214108135,-40.758358937178,-40.1781888132572,-41.0149567896518
1.523,-41.1053748568838,-40.0405949925654,-41.1802601092583,-40.7064237379106,-40.1282931712741,-40.964160775785
1.52333333333333,-41.061628245321,-39.9909606087229,-41.1348294781196,-40.6546009540796,-40.0786170666731,-40.9135035153116
1.52366666666667,-41.0181312993842,-39.941551649299,-41.0896330142058,-40.6028912853919,-40.0291672792115,-40.8629867030924
1.524,-40.9748871886483,-39.8923748708938,-41.0446741759229,-40.5512953274239,-39.9799507292179,-40.8126119591412
1.52433333333333,-40.9318990274434,-39.8434371672552,-40.9999563770736,-40.4998135653201,-39.9309744803174,-40.7623808226726
1.52466666666667,-40.8891698684322,-39.7947455719348,-40.9554829801247,-40.4484463671928,-39.8822457421906,-40.7122947458094
1.525,-40.846702695657,-39.7463072609832,-40.9112572888932,-40.3971939772122,-39.8337718733658,-40.6623550869296
1.52533333333333,-40.8045004170025,-39.6981295556814,-40.8672825405945,-40.3460565083721,-39.7855603840434,-40.6125631036297
1.52566666666667,-40.7625658560183,-39.6502199253077,-40.8235618971948,-40.2950339349124,-39.7376189389473,-40.5629199452824
1.526,-40.7209017430378,-39.6025859899386,-40.7800984359991,-40.2441260843883,-39.6899553602044,-40.5134266451632
1.52633333333333,-40.6795107055215,-39.5552355232811,-40.7368951394016,-40.1933326293639,-39.6425776302469,-40.4640841121204
1.52666666666667,-40.6383952575478,-39.5081764555343,-40.6939548837189,-40.1426530787171,-39.5954938947351,-40.4148931217598
1.527,-40.5975577883647,-39.4614168762779,-40.6512804270139,-40.0920867685363,-39.5487124654969,-40.3658543071147
1.52733333333333,-40.5570005499044,-39.4149650373854,-40.6088743958152,-40.0416328525906,-39.5022418234809,-40.3169681487704
1.52766666666667,-40.5167256431553,-39.3688293559564,-40.5667392706196,-39.9912902923555,-39.4560906217171,-40.2682349644079
1.528,-40.4767350032715,-39.3230184172669,-40.5248773700595,-39.9410578465731,-39.410267688281,-40.2196548977341
1.52833333333333,-40.4370303832871,-39.2775409777325,-40.4832908336024,-39.8909340603292,-39.3647820292574,-40.1712279067579
1.52866666666667,-40.3976133362892,-39.2324059678782,-40.4419816026346,-39.8409172536245,-39.3196428316939,-40.1229537513748
1.529,-40.3584851958838,-39.1876224953126,-40.400951399769,-39.7910055094225,-39.2748594665419,-40.0748319802167
1.52933333333333,-40.3196470547734,-39.1431998476982,-40.3602017061964,-39.7411966611497,-39.2304414915746,-40.0268619167227
1.52966666666667,-40.281099741242,-39.0991474957126,-40.3197337368844,-39.6914882796318,-39.1863986542754,-39.9790426443847
1.53,-40.2428437933211,-39.0554750959935,-40.2795484134058,-39.6418776594414,-39.1427408946881,-39.9313729911175
1.53033333333333,-40.2048794303844,-39.0121924940592,-40.2396463341553,-39.5923618046416,-39.0994783482184,-39.8838515127037
1.53066666666667,-40.167206521888,-38.9693097271963,-40.20002774169,-39.542937413902,-39.0566213483772,-39.8364764752569
1.531,-40.1298245529439,-38.9268370273053,-40.1606924869012,-39.4936008649725,-39.0141804294529,-39.7892458366483
1.53133333333333,-40.092732586374,-38.8847848236939,-40.1216399896946,-39.4443481984972,-38.9721663291024,-39.7421572268389
1.53166666666667,-40.0559292208551,-38.8431637458055,-40.0828691958242,-39.3951751011528,-38.9305899908448,-39.695207927054
1.532,-40.0194125447173,-38.8019846258724,-40.0443785294884,-39.346076888101,-38.8894625664448,-39.6483948477398
1.53233333333333,-39.98318008491,-38.7612585014785,-40.006165841259,-39.2970484847456,-38.8487954181693,-39.6017145052366
1.53266666666667,-39.9472287505902,-38.7209966180176,-39.9682283508711,-39.2480844077889,-38.8086001208996,-39.5551629971031
1.533,-39.9115547707288,-38.6812104310306,-39.9305625843548,-39.1991787455878,-38.7688884640804,-39.5087359760267
1.53333333333333,-39.876153625058,-38.6419116084057,-39.8931643049442,-39.1503251378165,-38.7296724534866,-39.4624286222528
1.53366666666667,-39.8410199676052,-38.6031120324196,-39.8560284371401,-39.1015167544473,-38.6909643127835,-39.416235614468
1.534,-39.8061475419755,-38.5648238016024,-39.819148983256,-39.0527462740737,-38.6527764848593,-39.3701510990743
1.53433333333333,-39.7715290874457,-38.5270592324016,-39.7825189317075,-39.0040058616058,-38.6151216329032,-39.3241686577937
1.53466666666667,-39.7371562348314,-38.4898308606214,-39.7461301562533,-38.9552871453851,-38.5780126412011,-39.2782812735472
1.535,-39.7030193909706,-38.4531514426127,-39.7099733053255,-38.9065811937764,-38.5414626156205,-39.2324812945611
1.53533333333333,-39.6691076105425,-38.4170339561825,-39.6740376805285,-38.8578784913138,-38.505484883753,-39.1867603966585
1.53566666666667,-39.6354084538016,-38.3814916011954,-39.6383111033178,-38.8091689144987,-38.4700929946785,-39.141109543709
1.536,-39.6019078286593,-38.3465377998324,-39.6027797688149,-38.7604417073684,-38.4353007183167,-39.0955189462238
1.53633333333333,-39.5685898153851,-38.3121861964714,-39.5674280856572,-38.7116854569858,-38.4011220443262,-39.0499780181013
1.53666666666667,-39.5354364720282,-38.2784506571532,-39.5322385007375,-38.6628880690288,-38.3675711805085,-39.0044753315526
1.537,-39.5024276184871,-38.2453452685897,-39.4971913076608,-38.6140367436987,-38.3346625506733,-38.9589985702672
1.53733333333333,-39.4695405969667,-38.2128843366726,-39.462264437734,-38.5651179522088,-38.302410791917,-38.9135344809121
1.53766666666667,-39.436750006382,-38.1810823844336,-39.4274332323258,-38.516117414163,-38.2708307512635,-38.868068823104
1.538,-39.4040274080897,-38.1499541494073,-39.3926701954939,-38.4670200761964,-38.2399374816131,-38.8225863180454
1.53833333333333,-39.3713410001633,-38.1195145803426,-39.3579447258894,-38.4178100923099,-38.2097462369426,-38.7770705960785
1.53866666666667,-39.3386552572949,-38.0897788332034,-39.3232228271263,-38.3684708064136,-38.1802724666946,-38.7315041434889
1.539,-39.3059305333135,-38.060762266401,-39.2884667960776,-38.3189847376735,-38.1515318092913,-38.6858682489776
1.53933333333333,-39.2731226232867,-38.0324804351884,-39.2536348889387,-38.2693335693623,-38.1235400847058,-38.6401429503283
1.53966666666667,-39.2401822822489,-38.0049490851508,-39.2186809654263,-38.2194981420207,-38.0963132860151,-38.5943069819232
1.54,-39.2070546978112,-37.9781841447161,-39.1835541121876,-38.1694584518669,-38.0698675698619,-38.5483377239042
1.54033333333333,-39.1736789143156,-37.952201716609,-39.1481982474196,-38.1191936555353,-38.0442192457419,-38.5022111539525
1.54066666666667,-39.1399872068587,-37.9270180681638,-39.1125517099027,-38.0686820823835,-38.0193847640325,-38.4559018028544
1.541,-39.1059044045215,-37.9026496204107,-39.0765468371816,-38.017901255791,-37.9953807026738,-38.4093827152557
1.54133333333333,-39.0713471636086,-37.8791129358417,-39.040109539557,-37.9668279250697,-37.9722237524088,-38.3626254172694
1.54166666666667,-39.0362231937583,-37.8564247047592,-39.0031588789525,-37.9154381098317,-37.9499307004841,-38.3155998929067
1.542,-39.0004304426058,-37.8346017301055,-38.9656066646663,-37.8637071588996,-37.9285184127101,-38.2682745716459
1.54233333333333,-38.9638562484759,-37.8136609106662,-38.9273570815965,-37.811609826115,-37.908003813774,-38.2206163298434
1.54266666666667,-38.9263764755854,-37.7936192225343,-38.8883063708039,-37.7591203656831,-37.888403865696,-38.1725905091289
1.543,-38.8878546527531,-37.7744936987201,-38.8483425873198,-37.7062126500037,-37.8697355443137,-38.1241609554125
1.54333333333333,-38.848141144968,-37.7563014067827,-38.8073454659409,-37.6528603132585,-37.8520158136784,-38.0752900826662
1.54366666666667,-38.8070723977133,-37.7390594243596,-38.7651864323761,-37.5990369243636,-37.8352615982415,-38.0259389662239
1.544,-38.7644703070741,-37.7227848124611,-38.7217288044307,-37.5447161932378,-37.8194897527068,-37.9760674709683
1.54433333333333,-38.7201417846924,-37.7074945863976,-38.6768282357464,-37.4898722146727,-37.8047170294237,-37.9256344204274
1.54466666666667,-38.673878605878,-37.6932056841994,-38.6303334626379,-37.4344797544134,-37.7909600431919,-37.8745978134827
1.545,-38.6254576517017,-37.6799349323891,-38.5820874222508,-37.3785145823416,-37.7782352333483,-37.8229150960622
1.54533333333333,-38.5746416815066,-37.6676990089636,-38.5319288168632,-37.3219538578835,-37.7665588230072,-37.7705434958405
1.54566666666667,-38.5211808002784,-37.6565144034391,-38.4796942036113,-37.2647765729047,-37.7559467753235,-37.7174404285442
1.546,-38.4648148143081,-37.646397373814,-38.4252206898713,-37.2069640573782,-37.746414746651,-37.6635639849239
1.54633333333333,-38.4052766961294,-37.6373639003051,-38.3683493102576,-37.1485005529718,-37.7379780364729,-37.6088735077346
1.54666666666667,-38.3422974020213,-37.6294296357121,-38.3089291496652,-37.0893738593377,-37.7306515339806,-37.5533302680851
1.547,-38.2756122969356,-37.6226098522706,-38.2468222557723,-37.0295760572638,-37.7244496611896,-37.4968982501862
1.54733333333333,-38.2049694350296,-37.6169193848574,-38.1819093516323,-36.9691043118572,-37.7193863124822,-37.4395450527174
1.54766666666667,-38.1301399094983,-37.6123725704191,-38.1140963124789,-36.9079617575368,-37.7154747904816,-37.3812429136263
1.548,-38.050930411765,-37.6089831835038,-38.0433213094217,-36.8461584646972,-37.7127277381717,-37.321969863023
1.54833333333333,-37.9671980151418,-37.606764367787,-37.9695624464344,-36.7837124854003,-37.7111570671899,-37.2617110057673
1.54866666666667,-37.8788670106766,-37.6057285634955,-37.8928456281066,-36.7206509722585,-37.7107738822411,-37.2004599312263
1.549,-37.7859473659498,-37.6058874306535,-37.8132522988906,-36.6570113607238,-37.7115884015979,-37.138220242346
1.54933333333333,-37.688554052229,-37.6072517680904,-37.7309265981197,-36.5928426002164,-37.713609873678,-37.0750071895119
1.54966666666667,-37.5869261062049,-37.6098314281795,-37.6460813903908,-36.5282064138993,-37.7168464897147,-37.0108493866095
1.55,-37.4814438927557,-37.6136352272985,-37.5590025724108,-36.4631785604447,-37.7213052925703,-36.94579057724
1.55033333333333,-37.3726426703675,-37.6186708520422,-37.4700510411233,-36.3978500639223,-37.7269920817747,-36.8798914083334
1.55066666666667,-37.2612203086638,-37.6249447612476,-37.3796617493423,-36.3323283701522,-37.7339113149139,-36.8132311567066
1.551,-37.1480369609195,-37.6324620839408,-37.2883393859631,-36.2667383797895,-37.7420660055355,-36.7459093419169
1.55133333333333,-37.0341047461636,-37.6412265133559,-37.1966504026859,-36.2012233004438,-37.7514576177899,-36.6780471467452
1.55166666666667,-36.9205661136181,-37.6512401972364,-37.1052113622435,-36.1359452528776,-37.7620859580795,-36.6097885557627
1.552,-36.8086605604705,-37.6625036246825,-37.0146738860495,-36.0710855604572,-37.7739490640486,-36.5413011138479
1.55233333333333,-36.6996806844533,-37.6750155098793,-36.9257068014182,-36.0068446474366,-37.7870430913146,-36.4727762016231
1.55266666666667,-36.5949200127405,-37.6887726731075,-36.8389763901554,-35.9434414712881,-37.8013621984097,-36.4044287250611
1.553,-36.4956164134141,-37.7037699195224,-36.7551258780615,-35.8811124181878,-37.8168984304822,-36.3364961234819
1.55333333333333,-36.4028958823273,-37.7199999162685,-36.6747554397209,-35.820109599885,-37.8336416023888,-36.2692366151048
1.55366666666667,-36.3177218561297,-37.7374530685898,-36.5984039984656,-35.7606985053416,-37.8515791818959,-36.2029266231561
1.554,-36.2408547905171,-37.7561173956962,-36.5265339700596,-35.7031549822,-37.8706961738038,-36.1378573584649
1.55433333333333,-36.1728255858042,-37.7759784072471,-36.4595198446328,-35.6477615513052,-37.8909750059021,-36.0743305758507
1.55466666666667,-36.1139247384167,-37.7970189814251,-36.3976411585732,-35.5948030915104,-37.9123954177687,-36.0126535696433
1.555,-36.0642071730824,-37.8192192456858,-36.341080023702,-35.5445619703882,-37.9349343535257,-35.95313352549
1.55533333333333,-36.0235109311876,-37.8425564613857,-36.2899230064705,-35.4973127369888,-37.9585658597731,-35.8960713972022
1.55566666666667,-35.9914865609822,-37.8670049136111,-36.2441668310216,-35.4533165324196,-37.9832609900253,-35.8417555240456
1.556,-35.9676333479345,-37.8925358076475,-36.2037271494669,-35.4128154091824,-38.008987717078,-35.7904552405342
1.55633333333333,-35.9513384552725,-37.9191171736489,-36.1684494961022,-35.3760267770794,-38.0357108548347,-35.7424147527306
1.55666666666667,-35.9419155010684,-37.9467137811788,-36.1381215177891,-35.3431382085157,-38.0633919912125,-35.6978475586163
1.557,-35.9386398891466,-37.9752870653987,-36.1124856347638,-35.3143028363003,-38.0919894338333,-35.6569316732803
1.55733333333333,-35.9407791330039,-38.0047950667789,-36.091251410654,-35.2896355609708,-38.1214581702771,-35.6198058826301
1.55766666666667,-35.9476172951918,-38.0351923862869,-36.0741070706315,-35.2692102521852,-38.1517498447305,-35.5865671945284
1.558,-35.9584733978946,-38.0664301580708,-36.0607297775769,-35.2530580816024,-38.1828127529009,-35.5572695882876
1.55833333333333,-35.972714193056,-38.0984560417022,-36.0507944381219,-35.2411670663608,-38.2145918570797,-35.5319240884684
1.55866666666667,-35.9897620102888,-38.1312142360524,-36.0439809502031,-35.2334828375685,-38.247028823226,-35.510500113849
1.559,-36.0090985567636,-38.1646455168637,-36.0399799143689,-35.2299105827301,-38.280062081895,-35.4929279840183
1.55933333333333,-36.0302655680963,-38.1986873000228,-36.0384969108606,-35.2303180504048,-38.3136269147548,-35.4791024099885
1.55966666666667,-36.0528631471747,-38.2332737324521,-36.0392554955642,-35.2345394546287,-38.3476555683166,-35.468886755517
1.56,-36.0765465170984,-38.2683358123912,-36.0419990946454,-35.2423800794931,-38.3820773963349,-35.462117834366
1.56033333333333,-36.1010217840266,-38.303801540655,-36.0464919853651,-35.2536213628755,-38.4168190321266,-35.4586110053242
1.56066666666667,-36.1260411754567,-38.3395961042122,-36.0525195445619,-35.2680262330338,-38.4518045917975,-35.4581653394661
1.561,-36.1513981010295,-38.3756420931256,-36.0598879313541,-35.2853444813373,-38.486955909052,-35.4605686595359
1.56133333333333,-36.176922282094,-38.4118597515448,-36.0684233506685,-35.3053179763036,-38.5221928019021,-35.4656022855137
1.56166666666667,-36.2024751145673,-38.4481672630248,-36.0779710222217,-35.3276855549939,-38.5574333711807,-35.4730453592379
1.562,-36.2279453662105,-38.4844810699776,-36.0883939576637,-35.3521874640572,-38.5925943303041,-35.4826786606594
1.56233333333333,-36.2532452621056,-38.5207162265419,-36.0995716280945,-35.378569260804,-38.6275913652327,-35.4942878658367
1.56266666666667,-36.2783069781554,-38.5567867835928,-36.1113985858686,-35.4065851216161,-38.6623395230377,-35.5076662299249
1.563,-36.3030795391092,-38.5926062040063,-36.123783088837,-35.436000538423,-38.6967536269237,-35.5226167058374
1.56333333333333,-36.3275261024759,-38.6280878056677,-36.1366457620048,-35.4665944123588,-38.7307487149759,-35.5389535304154
1.56366666666667,-36.351621600622,-38.6631452290647,-36.1499183208595,-35.4981605762281,-38.7642404993219,-35.5565033249109
1.564,-36.3753507086557,-38.6976929256689,-36.1635423721016,-35.5305087938943,-38.797145841822,-35.575105765919
1.56433333333333,-36.3987061040445,-38.7316466626809,-36.1774683009016,-35.5634652954774,-38.8293832418653,-35.5946138873916
1.56466666666667,-36.4216869842845,-38.7649240391343,-36.1916542488059,-35.5968729129794,-38.8608733313465,-35.6148940749873
1.565,-36.444297810585,-38.7974450078185,-36.2060651827316,-35.6305908824831,-38.8915393714591,-35.6358258117086
1.56533333333333,-36.4665472479273,-38.829132397035,-36.2206720528729,-35.6644943773344,-38.9213077455874,-35.6573012294398
1.56566666666667,-36.4884472746091,-38.8599124258398,-36.2354510355562,-35.6984738325869,-38.9501084423109,-35.6792245153918
1.566,-36.5100124372533,-38.8897152061872,-36.2503828559401,-35.732434115302,-38.9778755223852,-35.7015112162142
1.56633333333333,-36.5312592300747,-38.9184752252746,-36.2654521848089,-35.7662935887063,-39.0045475635297,-35.7240874761314
1.56666666666667,-36.5522055798571,-38.9461318014163,-36.2806471034134,-35.799983111294,-39.0300680769519,-35.7468892392538
1.567,-36.5728704205376,-38.9726295069538,-36.2959586302852,-35.8334450051153,-39.054385889773,-35.7698614404327
1.56733333333333,-36.5932733435094,-38.9979185520389,-36.3113803041011,-35.8666320210252,-39.0774554878906,-35.7929572038304
1.56766666666667,-36.6134343117178,-39.0219551236082,-36.3269078169484,-35.8995063227566,-39.0992373143185,-35.8161370638115
1.568,-36.6333734273583,-39.0447016744918,-36.3425386926879,-35.932038506445,-39.1196980186698,-35.8393682188598
1.56833333333333,-36.6531107444971,-39.0661271583565,-36.3582720055055,-35.9642066677019,-39.1388106541893,-35.8626238259577
1.56866666666667,-36.6726661192414,-39.0862072070502,-36.3741081341475,-35.9959955245136,-39.1565548195671,-35.8858823401869
1.569,-36.6920590912192,-39.1049242478759,-36.3900485477471,-36.0273956010834,-39.1729167436719,-35.9091269021588
1.56933333333333,-36.7113087910909,-39.122267559345,-36.40609561954,-36.0584024751911,-39.187889312285,-35.9323447741975
1.56966666666667,-36.7304338696464,-39.1382332650187,-36.4222524651501,-36.0890160896373,-39.201472036888,-35.9555268249082
1.57,-36.7494524447412,-39.1528242661123,-36.4385228024721,-36.1192401268043,-39.2136709665174,-35.9786670608041
1.57033333333333,-36.7683820629267,-39.1660501145729,-36.4549108305077,-36.1490814442246,-39.2244985446287,-36.0017622029829
1.57066666666667,-36.7872396731323,-39.1779268293272,-36.4714211248053,-36.178549568242,-39.2339734137843,-36.0248113063808
1.571,-36.8060416101899,-39.1884766592985,-36.4880585474281,-36.2076562423084,-39.2421201717684,-36.0478154188443
1.57133333333333,-36.8248035863504,-39.1977277975901,-36.5048281696118,-36.2364150261383,-39.2489690834224,-36.0707772771146
1.57166666666667,-36.8435406892481,-39.2057140519084,-36.5217352054988,-36.2648409417857,-39.254555753069,-36.0937010367731
1.572,-36.8622673850257,-39.2124744768355,-36.5387849555244,-36.2929501626879,-39.2589207628425,-36.1165920332334
1.57233333333333,-36.8809975255501,-39.2180529739537,-36.5559827582067,-36.3207597417861,-39.2621092825555,-36.1394565709559
1.57266666666667,-36.899744358829,-39.2224978660686,-36.5733339492452,-36.3482873749816,-39.2641706569182,-36.162301738193
1.573,-36.9185205418935,-39.2258614518703,-36.5908438269691,-36.3755511963703,-39.2651579759769,-36.1851352447283
1.57333333333333,-36.937338155538,-39.2281995473344,-36.608517623294,-36.402569601921,-39.2651276345663,-36.2079652802461
1.57366666666667,-36.956208720417,-39.2295710199855,-36.6263604794549,-36.4293610985023,-39.2641388863865,-36.2308003911452
1.574,-36.9751432140883,-39.2300373218646,-36.6443774258729,-36.4559441754048,-39.2622533980323,-36.2536493737892
1.57433333333333,-36.9941520886677,-39.2296620266535,-36.6625733655973,-36.4823371957515,-39.2595348079342,-36.2765211823632
1.57466666666667,-37.0132452888223,-39.2285103759466,-36.6809530608327,-36.5085583054271,-39.256048294734,-36.2994248496734
1.575,-37.0324322698823,-39.2266488391358,-36.6995211221288,-36.5346253573855,-39.251860159133,-36.3223694193871
1.57533333333333,-37.0517220158958,-39.224144690809,-36.7182819998587,-36.5605558494074,-39.2470374227292,-36.3453638883614
1.57566666666667,-37.0711230574859,-39.2210656089721,-36.7372399776665,-36.5863668735852,-39.2416474468225,-36.3684171578457
1.576,-37.0906434894014,-39.2174792968119,-36.7563991676007,-36.6120750759956,-39.2357575736224,-36.3915379924738
1.57633333333333,-37.1102909876752,-39.2134531301282,-36.775763506691,-36.6376966251898,-39.2294347917653,-36.4147349860776
1.57666666666667,-37.1300728263279,-39.209053832,-36.7953367547564,-36.6632471882923,-39.2227454275298,-36.4380165334608
1.577,-37.1499958935693,-39.2043471757177,-36.8151224932594,-36.6887419136329,-39.2157548626642,-36.4613908073691
1.57733333333333,-37.1700667074644,-39.1993977165211,-36.8351241250489,-36.7141954189721,-39.2085272792896,-36.4848657399796
1.57766666666667,-37.1902914310432,-39.1942685522368,-36.8553448748508,-36.7396217844866,-39.2011254319437,-36.5084490083107
1.578,-37.2106758868424,-39.1890211125152,-36.8757877903892,-36.7650345497914,-39.1936104464705,-36.5321480230249
1.57833333333333,-37.2312255708739,-39.1837149760224,-36.8964557440319,-36.7904467143603,-39.1860416451547,-36.5559699201589
1.57866666666667,-37.2519456660223,-39.1784077146551,-36.9173514348738,-36.8158707407931,-39.1784763972334,-36.5799215553719
1.579,-37.2728410548777,-39.1731547636062,-36.9384773911781,-36.8413185604451,-39.1709699937046,-36.6040095003534
1.57933333333333,-37.2939163320132,-39.1680093159211,-36.9598359731107,-36.866801581002,-39.1635755451793,-36.6282400410744
1.57966666666667,-37.315175815722,-39.1630222400423,-36.9814293757102,-36.8923306956382,-39.1563439013927,-36.652619177608
1.58,-37.3366235592274,-39.1582420187386,-37.0032596320434,-36.9179162934452,-39.149323590899,-36.6771526252763
1.58033333333333,-37.3582633613847,-39.1537147077539,-37.0253286165067,-36.9435682708625,-39.1425607794152,-36.7018458169155
1.58066666666667,-37.3800987768912,-39.1494839124819,-37.0476380482345,-36.9692960438789,-39.1360992452525,-36.7267039060747
1.581,-37.402133126025,-39.1455907809714,-37.0701894945862,-36.9951085608084,-39.12998037027,-36.7517317709898
1.58133333333333,-37.4243695039312,-39.1420740115967,-37.0929843746851,-37.0210143154715,-39.1242431448105,-36.7769340191938
1.58166666666667,-37.4468107894746,-39.1389698737674,-37.1160239629876,-37.0470213606404,-39.1189241851135,-36.8023149926439
1.582,-37.4694596536795,-39.1363122401182,-37.1393093928631,-37.0731373216272,-39.1140577617572,-36.827878773263
1.58233333333333,-37.4923185677751,-39.1341326286924,-37.1628416601706,-37.0993694099143,-39.1096758377479,-36.8536291888036
1.58266666666667,-37.5153898108658,-39.1324602537155,-37.1866216268187,-37.125724436743,-39.1058081149484,-36.8795698189605
1.583,-37.5386754772454,-39.1313220836503,-37.2106500242971,-37.1522088265892,-39.1024820876221,-36.9057040016644
1.58333333333333,-37.5621774833725,-39.1307429053137,-37.2349274571729,-37.1788286304715,-39.0997231019503,-36.9320348395004
1.58366666666667,-37.5858975745247,-39.1307453929379,-37.2594544065433,-37.2055895390419,-39.0975544204708,-36.9585652062036
1.584,-37.6098373311495,-39.1313501811502,-37.2842312334391,-37.2324968954245,-39.0959972904738,-36.9852977531917
1.58433333333333,-37.6339981749266,-39.1325759409449,-37.3092581821757,-37.2595557077717,-39.0950710154739,-37.0122349160987
1.58466666666667,-37.6583813745588,-39.1344394578089,-37.3345353836465,-37.2867706615153,-39.0947930289668,-37.0393789212819
1.585,-37.6829880513043,-39.1369557112556,-37.3600628585579,-37.314146131296,-39.0951789697547,-37.0667317922782
1.58533333333333,-37.7078191842674,-39.1401379551026,-37.3858405206028,-37.3416861925597,-39.0962427582075,-37.094295356189
1.58566666666667,-37.7328756154583,-39.1439977979093,-37.4118681795732,-37.3693946328125,-39.0979966728959,-37.1220712499778
1.586,-37.7581580546371,-39.1485452830649,-37.438145544409,-37.3972749625305,-39.1004514271034,-37.1500609266667
1.58633333333333,-37.7836670839532,-39.1537889680873,-37.4646722261848,-37.4253304257227,-39.1036162447875,-37.1782656614227
1.58666666666667,-37.8094031623913,-39.1597360027529,-37.4914477410346,-37.4535640101491,-39.1074989356195,-37.2066865575228
1.587,-37.835366630037,-39.1663922057407,-37.5184715130143,-37.4819784571959,-39.1121059687871,-37.2353245521944
1.58733333333333,-37.8615577121696,-39.1737621395224,-37.5457428769028,-37.5105762714139,-39.1174425452931,-37.2641804223245
1.58766666666667,-37.8879765231945,-39.1818491832809,-37.573261080944,-37.5393597297252,-39.1235126685285,-37.293254790035
1.588,-37.9146230704227,-39.1906556036797,-37.601025289529,-37.5683308903061,-39.1303192129383,-37.3225481281225
1.58833333333333,-37.9414972577075,-39.2001826233479,-37.6290345858212,-37.5974916011537,-39.1378639906377,-37.3520607653604
1.58866666666667,-37.9685988889458,-39.2104304869747,-37.6572879743248,-37.6268435083451,-39.146147815864,-37.3817928916652
1.589,-37.9959276714518,-39.2213985249412,-37.6857843833985,-37.6563880639987,-39.1551705671821,-37.4117445631254
1.58933333333333,-38.0234832192115,-39.2330852144424,-37.7145226677161,-37.6861265339456,-39.1649312473872,-37.4419157068955
1.58966666666667,-38.051265056023,-39.2454882380736,-37.7435016106739,-37.7160600051225,-39.1754280410658,-37.4723061259565
1.59,-38.0792726185311,-39.2586045398777,-37.7727199267495,-37.7461893926947,-39.1866583698031,-37.5029155037451
1.59033333333333,-38.1075052591607,-39.2724303788655,-37.8021762638095,-37.7765154469185,-39.1986189450332,-37.5337434086532
1.59066666666667,-38.1359622489555,-39.2869613800358,-37.8318692053709,-37.807038759754,-39.2113058185507,-37.5647892984019
1.591,-38.1646427803274,-39.3021925829335,-37.8617972728158,-37.8377597712367,-39.2247144307085,-37.5960525242909
1.59133333333333,-38.1935459697207,-39.318118487796,-37.8919589275605,-37.8686787756172,-39.23883965634,-37.6275323353279
1.59166666666667,-38.2226708601971,-39.3347330993442,-37.9223525731823,-37.8997959272789,-39.2536758484526,-37.6592278822401
1.592,-38.2520164239442,-39.3520299682824,-37.9529765575028,-37.9311112464419,-39.2692168797439,-37.6911382213712
1.59233333333333,-38.2815815647138,-39.3700022305757,-37.9838291746306,-37.9626246246619,-39.2854561820001,-37.7232623184671
1.59266666666667,-38.3113651201909,-39.3886426445793,-38.014908666964,-37.9943358301331,-39.30238678344,-37.7555990523534
1.593,-38.3413658643002,-39.4079436260938,-38.0462132271543,-38.0262445128017,-39.3200013440702,-37.7881472185077
1.59333333333333,-38.3715825094503,-39.4278972814262,-38.0777410000319,-38.0583502092993,-39.3382921891204,-37.8209055325302
1.59366666666667,-38.4020137087208,-39.4484954385343,-38.1094900844953,-38.0906523477026,-39.3572513406298,-37.8538726335146
1.594,-38.4326580579946,-39.4697296763347,-38.141458535364,-38.1231502521281,-39.3768705472549,-37.8870470873243
1.59433333333333,-38.4635140980369,-39.4915913522529,-38.1736443651961,-38.1558431471656,-39.3971413123718,-37.9204273897739
1.59466666666667,-38.4945803165259,-39.514071628095,-38.2060455460727,-38.1887301621614,-39.4180549205429,-37.9540119697218
1.595,-38.525855150034,-39.5371614943171,-38.2386600113477,-38.2218103353534,-39.4396024624199,-37.9877991920746
1.59533333333333,-38.5573369859651,-39.5608517927697,-38.2714856573652,-38.2550826178667,-39.4617748581524,-38.0217873607069
1.59566666666667,-38.5890241644473,-39.5851332379902,-38.3045203451451,-38.2885458775745,-39.4845628793708,-38.0559747212987
1.596,-38.6209149801847,-39.6099964371161,-38.3377619020374,-38.3221989028295,-39.5079571698113,-38.0903594640928
1.59633333333333,-38.6530076842675,-39.6354319084899,-38.3712081233443,-38.356040406072,-39.5319482646469,-38.1249397265753
1.59666666666667,-38.685300485946,-39.6614300990211,-38.404856773914,-38.3900690273182,-39.5565266085889,-38.1597135960804
1.597,-38.7177915543649,-39.687981400374,-38.4387055897033,-38.424283337535,-39.5816825728207,-38.1946791123229
1.59733333333333,-38.750479020263,-39.7150761640413,-38.4727522793107,-38.4586818419042,-39.607406470822,-38.2298342698587
1.59766666666667,-38.7833609776381,-39.7427047153658,-38.5069945254819,-38.4932629829811,-39.6336885731422,-38.2651770204784
1.598,-38.8164354853781,-39.7708573665678,-38.5414299865849,-38.5280251437526,-39.660519121177,-38.3007052755321
1.59833333333333,-38.8497005688592,-39.7995244288331,-38.5760562980589,-38.5629666505958,-39.6878883400014,-38.3364169081903
1.59866666666667,-38.883154221513,-39.8286962235164,-38.6108710738336,-38.5980857761437,-39.7157864503111,-38.3723097556415
1.599,-38.9167944063621,-39.8583630925082,-38.6458719077223,-38.6333807420598,-39.7442036795185,-38.4083816212283
1.59933333333333,-38.9506190575256,-39.8885154078159,-38.6810563747867,-38.6688497217251,-39.7731302720521,-38.4446302765232
1.59966666666667,-38.9846260816959,-39.919143580404,-38.7164220326759,-38.7044908428407,-39.8025564989022,-38.4810534633468
1.6,-39.0188133595857,-39.9502380683364,-38.7519664229375,-38.7403021899496,-39.8324726664567,-38.5176488957287
1.60033333333333,-39.0531787473473,-39.9817893842643,-38.7876870723031,-38.7762818068784,-39.862869124665,-38.5544142618132
1.60066666666667,-39.0877200779644,-40.0137881022966,-38.823581493947,-38.8124276991048,-39.8937362745713,-38.591347225711
1.601,-39.1224351626159,-40.0462248642931,-38.8596471887194,-38.8487378360502,-39.9250645752514,-38.6284454292987
1.60133333333333,-39.1573217920138,-40.0790903856123,-38.895881646353,-38.8852101533017,-39.9568445501892,-38.6657064939659
1.60166666666667,-39.192377737714,-40.1123754603511,-38.9322823466447,-38.9218425547654,-39.989066793125,-38.7031280223133
1.602,-39.2276007534019,-40.1460709661054,-38.9688467606111,-38.9586329147526,-40.0217219734078,-38.7407075998011
1.60233333333333,-39.2629885761511,-40.1801678682823,-39.0055723516192,-38.9955790800019,-40.05480084088,-38.7784427963495
1.60266666666667,-39.2985389276578,-40.2146572239934,-39.0424565764919,-39.0326788716375,-40.0882942303237,-38.8163311678928
1.603,-39.3342495154494,-40.2495301855539,-39.079496886588,-39.0699300870685,-40.1221930654952,-38.8543702578878
1.60333333333333,-39.3701180340689,-40.2847780036145,-39.116690728858,-39.1073305018268,-40.1564883627718,-38.8925575987767
1.60366666666667,-39.4061421662337,-40.320392029949,-39.1540355468747,-39.1448778713498,-40.1911712344359,-38.9308907134071
1.604,-39.4423195839711,-40.3563637199207,-39.1915287818395,-39.1825699327058,-40.226232891619,-38.969367116409
1.60433333333333,-39.4786479497285,-40.3926846346478,-39.2291678735646,-39.2204044062656,-40.2616646469259,-39.0079843155294
1.60466666666667,-39.5151249174604,-40.4293464428891,-39.2669502614301,-39.2583789973219,-40.2974579167601,-39.0467398129264
1.605,-39.5517481336916,-40.4663409226678,-39.3048733853182,-39.2964913976565,-40.3336042233696,-39.0856311064229
1.60533333333333,-39.5885152385556,-40.5036599626512,-39.3429346865228,-39.3347392870578,-40.3700951966301,-39.1246556907209
1.60566666666667,-39.6254238668111,-40.5412955633036,-39.381131608635,-39.3731203347899,-40.4069225755838,-39.1638110585773
1.606,-39.6624716488338,-40.5792398378273,-39.4194615984063,-39.4116322010136,-40.4440782097493,-39.2030947019424
1.60633333333333,-39.6996562115861,-40.6174850129071,-39.4579221065868,-39.4502725381619,-40.4815540602169,-39.2425041130603
1.60666666666667,-39.7369751795626,-40.6560234292717,-39.4965105887416,-39.48903899227,-40.5193422005456,-39.2820367855345
1.607,-39.7744261757141,-40.6948475420853,-39.5352245060436,-39.5279292042607,-40.5574348174728,-39.3216902153567
1.60733333333333,-39.8120068223475,-40.7339499211819,-39.574061326043,-39.5669408111884,-40.5958242114515,-39.3614619019016
1.60766666666667,-39.849714742004,-40.7733232511524,-39.6130185234147,-39.6060714474393,-40.6345027970255,-39.4013493488877
1.608,-39.8875475583148,-40.8129603312984,-39.6520935806837,-39.6453187458929,-40.6734631030551,-39.4413500653037
1.60833333333333,-39.9255028968339,-40.8528540754588,-39.6912839889268,-39.6846803390413,-40.7126977728021,-39.4814615663035
1.60866666666667,-39.9635783858498,-40.892997511722,-39.730587248454,-39.7241538600712,-40.7521995638865,-39.5216813740684
1.609,-40.0017716571742,-40.9333837820317,-39.7700008694669,-39.7637369439075,-40.7919613481225,-39.5620070186379
1.60933333333333,-40.0400803469095,-40.9740061416935,-39.8095223726958,-39.8034272282193,-40.8319761112426,-39.6024360387098
1.60966666666667,-40.0785020961949,-41.014857958792,-39.8491492900158,-39.8432223543897,-40.87223695252,-39.6429659824104
1.61,-40.1170345519303,-41.0559327135245,-39.8888791650413,-39.8831199684511,-40.9127370842949,-39.6835944080353
1.61033333333333,-40.1556753674796,-41.0972239974592,-39.9287095537002,-39.9231177219844,-40.9534698314133,-39.7243188847602
1.61066666666667,-40.1944222033528,-41.138725512723,-39.9686380247868,-39.9632132729853,-40.9944286305849,-39.7651369933252
1.611,-40.233272727867,-41.180431071127,-40.0086621604951,-40.0034042866978,-41.0356070296673,-39.8060463266899
1.61133333333333,-40.2722246177867,-41.2223345932334,-40.0487795569313,-40.0436884364147,-41.0769986868814,-39.8470444906621
1.61166666666667,-40.3112755589444,-41.2644301073702,-40.088987824607,-40.0840634042474,-41.1185973699641,-39.8881291045001
1.612,-40.3504232468395,-41.3067117485989,-40.1292845889126,-40.1245268818639,-41.1603969552655,-39.9292978014887
1.61233333333333,-40.3896653872187,-41.3491737576389,-40.1696674905715,-40.1650765711979,-41.202391426792,-39.9705482294895
1.61266666666667,-40.4289996966351,-41.3918104797537,-40.2101341860753,-40.2057101851278,-41.2445748752043,-40.0118780514678
1.613,-40.4684239029895,-41.4346163636037,-40.2506823481006,-40.2464254481276,-41.2869414967712,-40.0532849459937
1.61333333333333,-40.5079357460502,-41.4775859600667,-40.2913096659067,-40.2872200968891,-41.3294855922859,-40.0947666077202
1.61366666666667,-40.5475329779553,-41.5207139210335,-40.3320138457157,-40.3280918809176,-41.3722015659472,-40.1363207478384
1.614,-40.587213363696,-41.5639949981788,-40.3727926110751,-40.3690385631007,-41.4150839242099,-40.1779450945094
1.61433333333333,-40.6269746815799,-41.6074240417118,-40.4136437032022,-40.410057920251,-41.4581272746078,-40.219637393275
1.61466666666667,-40.6668147236781,-41.6509959991099,-40.454564881312,-40.4511477436234,-41.501326324553,-40.261395407446
1.615,-40.706731296252,-41.6947059138364,-40.4955539229273,-40.4923058394081,-41.5446758801129,-40.3032169184701
1.61533333333333,-40.746722220164,-41.7385489240472,-40.5366086241735,-40.5335300291989,-41.5881708447698,-40.3450997262791
1.61566666666667,-40.7867853312695,-41.7825202612868,-40.5777268000561,-40.5748181504389,-41.6318062181646,-40.3870416496158
1.616,-40.8269184807925,-41.8266152491762,-40.6189062847229,-40.6161680568421,-41.6755770948272,-40.4290405263421
1.61633333333333,-40.8671195356833,-41.8708293020962,-40.6601449317101,-40.6575776187939,-41.7194786628959,-40.4710942137274
1.61666666666667,-40.9073863789602,-41.9151579238654,-40.7014406141738,-40.6990447237288,-41.7635062028279,-40.513200588719
1.617,-40.9477169100346,-41.9595967064174,-40.7427912251059,-40.7405672764882,-41.8076550861037,-40.5553575481943
1.61733333333333,-40.9881090450194,-42.0041413284765,-40.7841946775356,-40.7821431996561,-41.8519207739256,-40.5975630091952
1.61766666666667,-41.0285607170226,-42.0487875542349,-40.8256489047167,-40.8237704338762,-41.8962988159142,-40.6398149091461
1.618,-41.0690698764245,-42.0935312320324,-40.867151860301,-40.8654469381486,-41.9407848488022,-40.682111206055
1.61833333333333,-41.1096344911398,-42.1383682930392,-40.9087015184976,-40.9071706901075,-41.9853745951292,-40.7244498786979
1.61866666666667,-41.1502525468651,-42.1832947499441,-40.9502958742194,-40.9489396862812,-42.0300638619371,-40.7668289267886
1.619,-41.1909220473112,-42.2283066956486,-40.9919329432163,-40.9907519423338,-42.0748485394689,-40.8092463711326
1.61933333333333,-41.2316410144218,-42.2734003019676,-41.0336107621955,-41.0326054932888,-42.1197245998702,-40.8517002537663
1.61966666666667,-41.2724074885773,-42.3185718183382,-41.0753273889302,-41.0744983937373,-42.1646880958973,-40.8941886380818
1.62,-41.3132195287856,-42.3638175705377,-41.1170809023555,-41.1164287180281,-42.2097351596301,-40.9367096089386
1.62033333333333,-41.3540752128589,-42.40913395941,-41.1588694026527,-41.1583945604435,-42.254862001192,-40.9792612727605
1.62066666666667,-41.3949726375778,-42.4545174596032,-41.2006910113227,-41.2003940353584,-42.3000649074784,-41.0218417576202
1.621,-41.4359099188425,-42.4999646183176,-41.2425438712476,-41.2424252773848,-42.3453402408931,-41.0644492133118
1.62133333333333,-41.476885191811,-42.5454720540654,-41.2844261467421,-41.2844864415024,-42.390684438094,-41.1070818114094
1.62166666666667,-41.5178966110258,-42.591036455442,-41.3263360235941,-41.326575703174,-42.4360940087498,-41.1497377453161
1.622,-41.5589423505286,-42.6366545799099,-41.3682717090954,-41.3686912584486,-42.4815655343061,-41.1924152302992
1.62233333333333,-41.6000206039624,-42.6823232525958,-41.410231432062,-41.4108313240501,-42.5270956667633,-41.2351125035162
1.62266666666667,-41.6411295846639,-42.7280393651003,-41.4522134428456,-41.4529941374538,-42.5726811274663,-41.2778278240293
1.623,-41.6822675257437,-42.7737998743218,-41.4942160133353,-41.4951779569512,-42.6183187059059,-41.3205594728092
1.62333333333333,-41.7234326801561,-42.819601801294,-41.5362374369505,-41.5373810617016,-42.6640052585336,-41.3633057527301
1.62366666666667,-41.7646233207587,-42.8654422300373,-41.578276028625,-41.579601751773,-42.7097377075883,-41.4060649885536
1.624,-41.8058377403617,-42.9113183064257,-41.6203301247833,-41.6218383481722,-42.7555130399368,-41.4488355269051
1.62433333333333,-41.8470742517674,-42.9572272370663,-41.6623980833074,-41.6640891928631,-42.8013283059281,-41.4916157362395
1.62466666666667,-41.8883311878001,-43.0031662881957,-41.7044782834977,-41.7063526487758,-42.8471806182609,-41.5344040067996
1.625,-41.9296069013272,-43.0491327845896,-41.7465691260247,-41.7486270998051,-42.8930671508659,-41.5771987505658
1.62533333333333,-41.9708997652704,-43.0951241084886,-41.7886690328741,-41.7909109507994,-42.9389851378013,-41.6199984011978
1.62566666666667,-42.0122081726092,-43.1411376985382,-41.830776447285,-41.8332026275409,-42.9849318721635,-41.662801413969
1.626,-42.0535305363756,-43.1871710487442,-41.8728898336814,-41.8755005767162,-43.0309047050126,-41.7056062656931
1.62633333333333,-42.09486528964,-43.2332217074439,-41.9150076775961,-41.9178032658788,-43.0769010443112,-41.7484114546446
1.62666666666667,-42.136210885491,-43.2792872762913,-41.9571284855905,-41.9601091834033,-43.1229183538794,-41.7912155004713
1.627,-42.1775657970052,-43.3253654092587,-41.999250785166,-42.002416838432,-43.1689541523637,-41.8340169441016
1.62733333333333,-42.2189285172118,-43.3714538116526,-42.0413731246713,-42.0447247608131,-43.2150060122208,-41.8768143476452
1.62766666666667,-42.260297559049,-43.4175502391455,-42.0834940732038,-42.0870315010327,-43.2610715587169,-41.9196062942877
1.628,-42.3016714553135,-43.4636524968221,-42.1256122205051,-42.1293356301394,-43.3071484689411,-41.9623913881799
1.62833333333333,-42.3430487586041,-43.5097584382411,-42.1677261768525,-42.1716357396619,-43.353234470834,-42.0051682543218
1.62866666666667,-42.3844280412585,-43.5558659645117,-42.2098345729445,-42.2139304415208,-43.3993273422311,-42.0479355384414
1.629,-42.425807895284,-43.6019730233856,-42.2519360597829,-42.2562183679343,-43.4454249099213,-42.090691906869
1.62933333333333,-42.4671869322824,-43.6480776083625,-42.2940293085495,-42.2984981713176,-43.4915250487192,-42.1334360464059
1.62966666666667,-42.5085637833695,-43.694177757812,-42.3361130104792,-42.3407685241777,-43.5376256805536,-42.1761666641903
1.63,-42.549937099089,-43.7402715541088,-42.3781858767288,-42.3830281190017,-43.5837247735691,-42.2188824875582
1.63033333333333,-42.591305549321,-43.7863571227829,-42.4202466382425,-42.4252756681412,-43.6298203412431,-42.2615822638999
1.63066666666667,-42.6326678231861,-43.8324326316846,-42.4622940456129,-42.4675099036916,-43.6759104415171,-42.3042647605139
1.631,-42.6740226289443,-43.8784962901628,-42.5043268689399,-42.5097295773666,-43.7219931759422,-42.346928764457
1.63133333333333,-42.7153686938895,-43.9245463482579,-42.5463438976854,-42.5519334603688,-43.7680666888387,-42.3895730823905
1.63166666666667,-42.75670476424,-43.9705810959092,-42.588343940525,-42.5941203432558,-43.8141291664702,-42.432196540424
1.632,-42.7980296050244,-44.0165988621747,-42.6303258251977,-42.6362890358035,-43.8601788362312,-42.4747979839567
1.63233333333333,-42.8393419999635,-44.0625980144663,-42.6722883983519,-42.6784383668642,-43.9062139658492,-42.5173762775145
1.63266666666667,-42.8806407513493,-44.108576957797,-42.7142305253896,-42.7205671842229,-43.9522328625997,-42.5599303045867
1.633,-42.9219246799198,-44.1545341340424,-42.756151090308,-42.7626743544496,-43.9982338725352,-42.6024589674584
1.63333333333333,-42.96319262473,-44.2004680212145,-42.7980489955391,-42.8047587627481,-44.0442153797276,-42.6449611870418
1.63366666666667,-43.004443443021,-44.2463771327498,-42.8399231617866,-42.8468193128034,-44.0901758055243,-42.6874359027058
1.634,-43.0456760100852,-44.2922600168091,-42.8817725278621,-42.8888549266253,-44.1361136078164,-42.7298820721029
1.63433333333333,-43.0868892191283,-44.3381152555901,-42.9235960505186,-42.93086454439,-44.1820272803206,-42.7722986709946
1.63466666666667,-43.12808198113,-44.3839414646531,-42.9653927042824,-42.9728471242792,-44.2279153518738,-42.8146846930763
1.635,-43.1692532247008,-44.4297372922589,-43.0071614812846,-43.014801642318,-44.2737763857404,-42.8570391497991
1.63533333333333,-43.2104018959371,-44.4755014187179,-43.0489013910899,-43.0567270922092,-44.3196089789316,-42.8993610701921
1.63566666666667,-43.2515269582743,-44.5212325557528,-43.0906114605252,-43.0986224851675,-44.3654117615379,-42.9416495006825
1.636,-43.2926273923373,-44.5669294458714,-43.1322907335066,-43.1404868497512,-44.4111833960728,-42.9839035049148
1.63633333333333,-43.3337021957895,-44.6125908617526,-43.1739382708656,-43.1823192316924,-44.4569225768288,-43.0261221635697
1.63666666666667,-43.3747503831798,-44.6582156056426,-43.2155531501748,-43.2241186937264,-44.5026280292458,-43.0683045741821
1.637,-43.4157709857881,-44.7038025087632,-43.2571344655722,-43.2658843154196,-44.5482985092904,-43.1104498509578
1.63733333333333,-43.4567630514695,-44.7493504307308,-43.2986813275857,-43.3076151929959,-44.5939328028465,-43.152557124591
1.63766666666667,-43.4977256444966,-44.7948582589864,-43.340192862956,-43.349310439163,-44.6395297251183,-43.1946255420799
1.638,-43.538657845401,-44.8403249082364,-43.3816682144604,-43.3909691829375,-44.6850881200432,-43.2366542665438
1.63833333333333,-43.5795587508136,-44.885749319904,-43.4231065407353,-43.4325905694689,-44.7306068597165,-43.278642477038
1.63866666666667,-43.6204274733036,-44.9311304615911,-43.4645070160989,-43.4741737598641,-44.7760848438265,-43.3205893683703
1.639,-43.6612631412175,-44.9764673265503,-43.505868830374,-43.5157179310102,-44.8215209991003,-43.3624941509169
1.63933333333333,-43.7020648985156,-45.021758933167,-43.5471911887099,-43.5572222753977,-44.8669142787598,-43.4043560504379
1.63966666666667,-43.7428319046097,-45.0670043244511,-43.5884733114052,-43.5986860009434,-44.9122636619887,-43.4461743078937
1.64,-43.7835633341991,-45.1122025675395,-43.6297144337307,-43.6401083308127,-44.9575681534091,-43.4879481792619
1.64033333333333,-43.8242583771063,-45.1573527532066,-43.6709138057518,-43.6814885032426,-45.0028267825675,-43.529676935353
1.64066666666667,-43.8649162381127,-45.2024539953856,-43.7120706921521,-43.7228257713637,-45.048038603432,-43.5713598616287
1.641,-43.9055361367936,-45.2475054306984,-43.7531843720564,-43.7641194030233,-45.0932026938977,-43.6129962580187
1.64133333333333,-43.9461173073526,-45.2925062179944,-43.7942541388549,-43.8053686806082,-45.1383181553026,-43.6545854387397
1.64166666666667,-43.9866589984574,-45.3374555378987,-43.8352793000277,-43.8465729008677,-45.1833841119522,-43.6961267321136
1.642,-44.0271604730737,-45.382352592369,-43.8762591769694,-43.8877313747373,-45.2283997106533,-43.7376194803875
1.64233333333333,-44.0676210083003,-45.4271966042606,-43.9171931048149,-43.9288434271625,-45.2733641202571,-43.7790630395538
1.64266666666667,-44.1080398952038,-45.4719868169006,-43.9580804322655,-43.9699083969232,-45.318276531211,-43.8204567791715
1.643,-44.1484164386541,-45.51672249367,-43.9989205214161,-44.0109256364589,-45.3631361551189,-43.861800082188
1.64333333333333,-44.188749957159,-45.5614029175935,-44.0397127475824,-44.051894511694,-45.4079422243097,-43.9030923447619
1.64366666666667,-44.2290397827008,-45.6060273909387,-44.0804564991299,-44.0928144018644,-45.4526939914157,-43.9443329760873
1.644,-44.2692852605712,-45.6505952348216,-44.121151177303,-44.1336846993444,-45.4973907289568,-43.985521398218
1.64433333333333,-44.3094857492087,-45.6951057888204,-44.1617961960557,-44.1745048094743,-45.5420317289351,-44.0266570458939
1.64466666666667,-44.3496406200352,-45.7395584105977,-44.2023909818823,-44.2152741503896,-45.586616302436,-44.0677393663678
1.645,-44.3897492572936,-45.7839524755288,-44.2429349736502,-44.2559921528501,-45.6311437792376,-44.1087678192338
1.64533333333333,-44.4298110578856,-45.828287376338,-44.283427622433,-44.2966582600707,-45.6756135074275,-44.149741876256
1.64566666666667,-44.4698254312111,-45.872562522742,-44.3238683913448,-44.3372719275529,-45.7200248530276,-44.1906610211994
1.646,-44.5097917990073,-45.9167773411005,-44.3642567553759,-44.377832622917,-45.7643771996255,-44.2315247496619
1.64633333333333,-44.5497095951891,-45.9609312740734,-44.4045922012293,-44.4183398257362,-45.808669948014,-44.2723325689065
1.64666666666667,-44.5895782656901,-46.0050237802847,-44.4448742271585,-44.4587930273711,-45.8529025158368,-44.3130839976964
1.647,-44.6293972683047,-46.0490543339932,-44.4851023428064,-44.4991917308055,-45.8970743372421,-44.3537785661301
1.64733333333333,-44.6691660725309,-46.09302242477,-44.5252760690459,-44.5395354504834,-45.9411848625419,-44.3944158154784
1.64766666666667,-44.7088841594137,-46.136927557182,-44.5653949378211,-44.5798237121476,-45.9852335578795,-44.4349952980231
1.648,-44.7485510213903,-46.1807692504817,-44.6054584919899,-44.6200560526788,-46.0292199049021,-44.4755165768963
1.64833333333333,-44.7881661621353,-46.2245470383032,-44.6454662851684,-44.6602320199364,-46.0731434004406,-44.5159792259216
1.64866666666667,-44.8277290964079,-46.2682604683644,-44.6854178815762,-44.7003511726007,-46.1170035561958,-44.5563828294567
1.649,-44.8672393498993,-46.3119091021749,-44.7253128558829,-44.7404130800163,-46.1607998984305,-44.5967269822376
1.64933333333333,-44.9066964590817,-46.3554925147496,-44.7651507930563,-44.7804173220362,-46.2045319676679,-44.6370112892235
1.64966666666667,-44.9460999710581,-46.3990102943286,-44.8049312882119,-44.8203634888689,-46.2481993183961,-44.6772353654444
1.65,-44.9854494434138,-46.4424620421019,-44.8446539464635,-44.8602511809246,-46.2918015187778,-44.717398835849
1.65033333333333,-45.0247444440681,-46.4858473719399,-44.8843183827757,-44.9000800086648,-46.3353381503666,-44.7575013351549
1.65066666666667,-45.0639845511285,-46.5291659101294,-44.9239242218173,-44.9398495924525,-46.3788088078286,-44.7975425076999
1.651,-45.1031693527446,-46.5724172951148,-44.9634710978165,-44.9795595624032,-46.4222130986693,-44.8375220072949
1.65133333333333,-45.1422984469642,-46.6156011772442,-45.002958654417,-45.0192095582388,-46.4655506429664,-44.8774394970785
1.65166666666667,-45.1813714415907,-46.658717218521,-45.0423865445367,-45.0587992291412,-46.5088210731073,-44.9172946493729
1.652,-45.2203879540413,-46.70176509236,-45.081754430226,-45.0983282336092,-46.5520240335326,-44.9570871455413
1.65233333333333,-45.2593476112063,-46.7447444833484,-45.1210619825296,-45.1377962393149,-46.5951591804837,-44.9968166758472
1.65266666666667,-45.2982500493105,-46.7876550870124,-45.1603088813481,-45.1772029229637,-46.6382261817567,-45.036482939315
1.653,-45.3370949137754,-46.8304966095871,-45.1994948153021,-45.2165479701536,-46.68122471646,-45.0760856435918
1.65333333333333,-45.3758818590822,-46.873268767792,-45.2386194815972,-45.2558310752379,-46.7241544747776,-45.1156245048116
1.65366666666667,-45.4146105486371,-46.9159712886106,-45.2776825858906,-45.295051941188,-46.7670151577364,-45.1550992474603
1.654,-45.4532806546378,-46.9586039090747,-45.3166838421598,-45.3342102794585,-46.8098064769789,-45.1945096042423
1.65433333333333,-45.4918918579399,-47.0011663760524,-45.3556229725712,-45.3733058098534,-46.8525281545399,-45.2338553159493
1.65466666666667,-45.5304438479271,-47.043658446041,-45.3944997073523,-45.4123382603942,-46.8951799226275,-45.2731361313297
1.655,-45.5689363223802,-47.0860798849636,-45.4333137846634,-45.4513073671887,-46.9377615234095,-45.3123518069606
1.65533333333333,-45.6073689873496,-47.1284304679703,-45.4720649504721,-45.4902128743023,-46.9802727088024,-45.35150210712
1.65566666666667,-45.6457415570276,-47.1707099792423,-45.5107529584284,-45.5290545336302,-47.0227132402666,-45.3905868036622
1.656,-45.684053753623,-47.2129182118012,-45.5493775697422,-45.5678321047711,-47.0650828886038,-45.429605675893
1.65633333333333,-45.7223053072366,-47.2550549673214,-45.5879385530611,-45.6065453549027,-47.1073814337598,-45.4685585104479
1.65666666666667,-45.7604959557382,-47.2971200559463,-45.6264356843509,-45.6451940586581,-47.1496086646305,-45.5074451011708
1.657,-45.7986254446452,-47.3391132961084,-45.6648687467764,-45.6837779980049,-47.1917643788722,-45.5462652489949
1.65733333333333,-45.836693527002,-47.3810345143524,-45.7032375305845,-45.722296962124,-47.2338483827155,-45.5850187618244
1.65766666666667,-45.8746999632612,-47.4228835451631,-45.7415418329882,-45.7607507472915,-47.2758604907827,-45.6237054544184
1.658,-45.9126445211665,-47.4646602307952,-45.7797814580526,-45.7991391567612,-47.3178005259097,-45.662325148276
1.65833333333333,-45.9505269756358,-47.5063644211075,-45.8179562165816,-45.837462000649,-47.35966831897,-45.7008776715228
1.65866666666667,-45.9883471086472,-47.5479959734005,-45.8560659260066,-45.8757190958183,-47.4014637087039,-45.7393628587989
1.659,-46.0261047091248,-47.5895547522564,-45.8941104102767,-45.9139102657671,-47.4431865415498,-45.7777805511486
1.65933333333333,-46.0637995728272,-47.6310406293827,-45.9320894997493,-45.9520353405168,-47.4848366714794,-45.816130595911
1.65966666666667,-46.1014315022366,-47.6724534834599,-45.9700030310837,-45.9900941565021,-47.5264139598366,-45.8544128466131
1.66,-46.1390003064494,-47.7137931999906,-46.0078508471349,-46.0280865564624,-47.5679182751787,-45.892627162863
1.66033333333333,-46.1765058010679,-47.7550596711526,-46.0456327968489,-46.0660123893346,-47.6093494931216,-45.9307734102455
1.66066666666667,-46.2139478080941,-47.7962527956548,-46.0833487351598,-46.1038715101475,-47.6507074961876,-45.9688514602188
1.661,-46.251326155824,-47.8373724785961,-46.1209985228882,-46.1416637799175,-47.6919921736566,-46.0068611900126
1.66133333333333,-46.2886406787436,-47.8784186313266,-46.1585820266406,-46.1793890655453,-47.7332034214199,-46.0448024825276
1.66166666666667,-46.3258912174264,-47.9193911713121,-46.1960991187104,-46.217047239715,-47.7743411418372,-46.0826752262365
1.662,-46.3630776184314,-47.9602900220014,-46.2335496769805,-46.2546381807934,-47.8154052435966,-46.120479315086
1.66233333333333,-46.4001997342038,-48.0011151126953,-46.2709335848262,-46.2921617727314,-47.8563956415767,-46.1582146484008
1.66266666666667,-46.4372574229756,-48.0418663784198,-46.308250731021,-46.3296179049664,-47.8973122567128,-46.1958811307882
1.663,-46.4742505486682,-48.0825437598004,-46.3455010096426,-46.3670064723266,-47.9381550158639,-46.2334786720449
1.66333333333333,-46.5111789807961,-48.1231472029395,-46.3826843199799,-46.4043273749358,-47.9789238516843,-46.2710071870642
1.66366666666667,-46.5480425943724,-48.1636766592964,-46.4198005664426,-46.4415805181201,-48.0196187024962,-46.308466595745
1.664,-46.5848412698143,-48.2041320855694,-46.4568496584709,-46.4787658123158,-48.0602395121661,-46.3458568229026
1.66433333333333,-46.6215748928512,-48.2445134435804,-46.4938315104466,-46.5158831729786,-48.1007862299826,-46.3831777981794
1.66466666666667,-46.6582433544333,-48.2848207001619,-46.5307460416064,-46.5529325204939,-48.1412588105374,-46.4204294559585
1.665,-46.6948465506418,-48.3250538270459,-46.5675931759552,-46.5899137800886,-48.1816572136085,-46.4576117352771
1.66533333333333,-46.7313843825996,-48.3652128007556,-46.6043728421811,-46.6268268817442,-48.2219814040453,-46.4947245797425
1.66566666666667,-46.7678567563845,-48.4052976024985,-46.6410849735723,-46.6636717601106,-48.2622313516567,-46.5317679374482
1.666,-46.8042635829424,-48.4453082180627,-46.6777295079339,-46.7004483544225,-48.3024070311013,-46.568741760892
1.66633333333333,-46.8406047780021,-48.485244637714,-46.7143063875069,-46.7371566084148,-48.3425084217788,-46.6056460068946
1.66666666666667,-46.8768802619915,-48.5251068560961,-46.750815558888,-46.7737964702417,-48.3825355077251,-46.6424806365204
1.667,-46.9130899599551,-48.5648948721323,-46.7872569729506,-46.8103678923952,-48.4224882775088,-46.6792456149982
1.66733333333333,-46.9492338014716,-48.6046086889293,-46.8236305847668,-46.8468708316253,-48.4623667241291,-46.7159409116444
1.66766666666667,-46.9853117205742,-48.6442483136827,-46.8599363535312,-46.883305248862,-48.5021708449171,-46.7525664997863
1.668,-47.0213236556707,-48.6838137575848,-46.8961742424846,-46.9196711091375,-48.5419006414378,-46.7891223566873
1.66833333333333,-47.0572695494657,-48.7233050357341,-46.9323442188401,-46.9559683815101,-48.581556119395,-46.8256084634723
1.66866666666667,-47.0931493488834,-48.7627221670461,-46.9684462537095,-46.9921970389893,-48.6211372885376,-46.8620248050556
1.669,-47.1289630049913,-48.802065174167,-47.0044803220313,-47.0283570584615,-48.6606441625681,-46.8983713700686
1.66933333333333,-47.1647104729257,-48.8413340833877,-47.0404464024991,-47.0644484206176,-48.7000767590521,-46.9346481507893
1.66966666666667,-47.2003917118178,-48.8805289245607,-47.0763444774918,-47.1004711098808,-48.7394350993311,-46.9708551430726
1.67,-47.236006684721,-48.9196497310183,-47.1121745330044,-47.1364251143365,-48.7787192084358,-47.0069923462819
1.67033333333333,-47.2715553585388,-48.9586965394919,-47.14793655858,-47.1723104256621,-48.8179291150011,-47.0430597632213
1.67066666666667,-47.307037703955,-48.997669390034,-47.1836305472429,-47.208127039059,-48.8570648511842,-47.0790574000698
1.671,-47.3424536953633,-49.0365683259406,-47.2192564954325,-47.2438749531849,-48.8961264525824,-47.1149852663152
1.67133333333333,-47.3778033107993,-49.0753933936757,-47.2548144029381,-47.2795541700873,-48.9351139581541,-47.15084337469
1.67166666666667,-47.4130865318727,-49.1141446427978,-47.2903042728356,-47.3151646951384,-48.9740274101406,-47.186631741108
1.672,-47.448303343701,-49.1528221258869,-47.325726111424,-47.3507065369704,-49.0128668539897,-47.222350384602
1.67233333333333,-47.4834537348434,-49.1914258984735,-47.361079928163,-47.386179707412,-49.0516323382809,-47.2579993272621
1.67266666666667,-47.5185376972372,-49.2299560189691,-47.3963657356129,-47.4215842214267,-49.0903239146516,-47.2935785941754
1.673,-47.5535552261332,-49.2684125485978,-47.4315835493738,-47.4569200970505,-49.1289416377256,-47.3290882133667
1.67333333333333,-47.5885063200338,-49.3067955513293,-47.4667333880262,-47.4921873553317,-49.1674855650425,-47.3645282157393
1.67366666666667,-47.6233909806309,-49.3451050938137,-47.5018152730735,-47.5273860202717,-49.2059557569883,-47.3998986350183
1.674,-47.6582092127454,-49.3833412453167,-47.536829228884,-47.5625161187662,-49.2443522767283,-47.4351995076927
1.67433333333333,-47.6929610242672,-49.4215040776571,-47.5717752826344,-47.5975776805471,-49.2826751901399,-47.4704308729607
1.67466666666667,-47.7276464260966,-49.459593665145,-47.6066534642548,-47.6325707381265,-49.3209245657484,-47.505592772674
1.675,-47.7622654320858,-49.4976100845213,-47.6414638063732,-47.6674953267404,-49.3591004746629,-47.5406852512843
1.67533333333333,-47.7968180589823,-49.5355534148982,-47.6762063442624,-47.7023514842938,-49.3972029905139,-47.5757083557894
1.67566666666667,-47.8313043263725,-49.5734237377016,-47.7108811157863,-47.7371392513067,-49.4352321893921,-47.6106621356816
1.676,-47.8657242566259,-49.6112211366136,-47.7454881613483,-47.7718586708605,-49.4731881497884,-47.6455466428958
1.67633333333333,-47.9000778748415,-49.6489456975173,-47.7800275238398,-47.8065097885463,-49.5110709525351,-47.6803619317589
1.67666666666667,-47.9343652087933,-49.6865975084418,-47.8144992485893,-47.8410926524127,-49.5488806807487,-47.7151080589401
1.677,-47.9685862888779,-49.7241766595087,-47.8489033833134,-47.8756073129157,-49.5866174197728,-47.7497850834017
1.67733333333333,-48.0027411480624,-49.7616832428796,-47.8832399780671,-47.9100538228681,-49.6242812571235,-47.7843930663509
1.67766666666667,-48.0368298218333,-49.7991173527048,-47.9175090851963,-47.9444322373911,-49.6618722824345,-47.8189320711924
1.678,-48.0708523481461,-49.8364790850728,-47.9517107592903,-47.9787426138658,-49.6993905874049,-47.8534021634819
1.67833333333333,-48.1048087673755,-49.8737685379607,-47.9858450571348,-48.0129850118855,-49.7368362657461,-47.8878034108796
1.67866666666667,-48.1386991222671,-49.9109858111862,-48.0199120376666,-48.0471594932092,-49.7742094131316,-47.9221358831059
1.679,-48.1725234578888,-49.9481310063599,-48.0539117619281,-48.0812661217156,-49.8115101271468,-47.9563996518963
1.67933333333333,-48.206281821584,-49.9852042268389,-48.0878442930232,-48.1153049633578,-49.8487385072399,-47.9905947909581
1.67966666666667,-48.2399742629247,-50.0222055776811,-48.1217096960734,-48.149276086119,-49.885894654674,-48.0247213759272
1.68,-48.2736008336661,-50.0591351656008,-48.1555080381752,-48.1831795599685,-49.9229786724802,-48.0587794843261
1.68033333333333,-48.3071615877013,-50.0959930989247,-48.1892393883574,-48.2170154568191,-49.9599906654113,-48.0927691955221
1.68066666666667,-48.3406565810173,-50.1327794875495,-48.22290381754,-48.2507838504845,-49.9969307398969,-48.1266905906866
1.681,-48.3740858716509,-50.1694944428992,-48.2565013984932,-48.2844848166377,-50.033799003999,-48.1605437527551
1.68133333333333,-48.4074495196461,-50.2061380778846,-48.2900322057968,-48.3181184327701,-50.0705955673685,-48.1943287663872
1.68166666666667,-48.4407475870122,-50.2427105068626,-48.3234963158015,-48.3516847781515,-50.1073205412032,-48.2280457179283
1.682,-48.4739801376816,-50.2792118455969,-48.3568938065892,-48.3851839337903,-50.1439740382056,-48.261694695371
1.68233333333333,-48.5071472374695,-50.3156422112189,-48.3902247579351,-48.4186159823945,-50.1805561725426,-48.2952757883178
1.68266666666667,-48.5402489540334,-50.3520017221903,-48.4234892512704,-48.4519810083339,-50.2170670598051,-48.3287890879443
1.683,-48.5732853568337,-50.3882904982656,-48.4566873696445,-48.4852790976021,-50.2535068169692,-48.3622346869623
1.68333333333333,-48.6062565170948,-50.4245086604555,-48.4898191976896,-48.5185103377793,-50.2898755623577,-48.3956126795849
1.68366666666667,-48.639162507767,-50.4606563309918,-48.5228848215842,-48.5516748179968,-50.3261734156025,-48.4289231614908
1.684,-48.6720034034885,-50.4967336332917,-48.5558843290184,-48.5847726289005,-50.3624004976077,-48.4621662297903
1.68433333333333,-48.7047792805487,-50.532740691924,-48.5888178091591,-48.6178038626158,-50.3985569305136,-48.495341982991
1.68466666666667,-48.7374902168516,-50.5686776325756,-48.621685352616,-48.6507686127136,-50.4346428376612,-48.5284505209647
1.685,-48.7701362918802,-50.6045445820183,-48.6544870514082,-48.6836669741757,-50.4706583435579,-48.5614919449147
1.68533333333333,-48.8027175866613,-50.6403416680765,-48.6872229989314,-48.7164990433619,-50.5066035738431,-48.5944663573434
1.68566666666667,-48.8352341837307,-50.6760690195961,-48.7198932899255,-48.7492649179768,-50.5424786552551,-48.6273738620208
1.686,-48.8676861670991,-50.7117267664131,-48.752498020443,-48.7819646970381,-50.5782837155988,-48.6602145639533
1.68633333333333,-48.9000736222188,-50.7473150393234,-48.7850372878175,-48.814598480844,-50.6140188837132,-48.6929885693533
1.68666666666667,-48.9323966359508,-50.7828339700535,-48.8175111906332,-48.8471663709431,-50.6496842894407,-48.7256959856092
1.687,-48.9646552965324,-50.8182836912306,-48.8499198286949,-48.8796684701029,-50.6852800635961,-48.7583369212555
1.68733333333333,-48.996849693545,-50.8536643363549,-48.8822633029977,-48.9121048822802,-50.7208063379366,-48.7909114859441
1.68766666666667,-49.0289799178834,-50.8889760397713,-48.9145417156987,-48.9444757125914,-50.7562632451327,-48.8234197904158
1.688,-49.0610460617247,-50.9242189366419,-48.9467551700876,-48.9767810672834,-50.791650918739,-48.8558619464724
1.68833333333333,-49.0930482184979,-50.9593931629195,-48.9789037705588,-49.0090210537048,-50.8269694931659,-48.8882380669485
1.68866666666667,-49.1249864828543,-50.9944988553213,-49.010987622584,-49.0411957802785,-50.8622191036525,-48.9205482656855
1.689,-49.1568609506384,-51.029536151303,-49.0430068326846,-49.0733053564732,-50.897399886239,-48.952792657504
1.68933333333333,-49.188671718859,-51.0645051890337,-49.074961508405,-49.1053498927771,-50.9325119777405,-48.9849713581785
1.68966666666667,-49.2204188856609,-51.0994061073714,-49.1068517582865,-49.1373295006706,-50.9675555157205,-49.0170844844113
1.69,-49.252102550297,-51.1342390458384,-49.1386776918413,-49.169244292601,-51.0025306384661,-49.0491321538073
1.69033333333333,-49.2837228131014,-51.1690041445981,-49.1704394195273,-49.2010943819555,-51.0374374849625,-49.0811144848493
1.69066666666667,-49.3152797754622,-51.2037015444316,-49.202137052723,-49.2328798830374,-51.0722761948689,-49.113031596874
1.691,-49.3467735397951,-51.2383313867148,-49.233770703703,-49.26460091104,-51.1070469084945,-49.1448836100476
1.69133333333333,-49.3782042095176,-51.2728938133964,-49.2653404856139,-49.296257582023,-51.141749766775,-49.1766706453425
1.69166666666667,-49.4095718890237,-51.3073889669761,-49.2968465124508,-49.3278500128883,-51.1763849112494,-49.2083928245143
1.692,-49.4408766836581,-51.341816990483,-49.3282888990338,-49.3593783213565,-51.2109524840382,-49.2400502700793
1.69233333333333,-49.4721186996926,-51.3761780274552,-49.3596677609855,-49.3908426259437,-51.2454526278206,-49.2716431052918
1.69266666666667,-49.503298044301,-51.4104722219185,-49.3909832147081,-49.4222430459388,-51.2798854858133,-49.3031714541227
1.693,-49.5344148255359,-51.4446997183673,-49.4222353773617,-49.4535797013814,-51.3142512017496,-49.3346354412378
1.69333333333333,-49.565469152305,-51.4788606617443,-49.4534243668425,-49.4848527130394,-51.3485499198581,-49.3660351919767
1.69366666666667,-49.5964611343484,-51.5129551974214,-49.4845503017616,-49.5160622023883,-51.3827817848429,-49.3973708323323
1.694,-49.6273908822157,-51.5469834711812,-49.5156133014239,-49.547208291589,-51.4169469418638,-49.4286424889304
1.69433333333333,-49.6582585072441,-51.5809456291979,-49.5466134858078,-49.5782911034681,-51.4510455365166,-49.4598502890094
1.69466666666667,-49.6890641215365,-51.6148418180202,-49.577550975545,-49.6093107614968,-51.4850777148141,-49.4909943604013
1.695,-49.7198078379399,-51.6486721845524,-49.6084258919003,-49.6402673897709,-51.5190436231675,-49.5220748315117
1.69533333333333,-49.7504897700248,-51.6824368760384,-49.6392383567528,-49.6711611129917,-51.5529434083684,-49.5530918313017
1.69566666666667,-49.7811100320642,-51.7161360400435,-49.6699884925761,-49.7019920564462,-51.5867772175706,-49.5840454892687
1.696,-49.8116687390134,-51.7497698244388,-49.7006764224202,-49.7327603459881,-51.6205451982728,-49.6149359354285
1.69633333333333,-49.8421660064899,-51.7833383773845,-49.7313022698922,-49.7634661080195,-51.6542474983012,-49.6457633002973
1.69666666666667,-49.872601950754,-51.8168418473138,-49.7618661591392,-49.7941094694724,-51.6878842657933,-49.6765277148741
1.697,-49.9029766886897,-51.8502803829178,-49.7923682148298,-49.8246905577908,-51.7214556491809,-49.7072293106236
1.69733333333333,-49.9332903377851,-51.88365413313,-49.8228085621366,-49.8552095009132,-51.7549617971742,-49.737868219459
1.69766666666667,-49.9635430161146,-51.9169632471112,-49.8531873267197,-49.8856664272549,-51.7884028587463,-49.7684445737257
1.698,-49.9937348423203,-51.9502078742353,-49.8835046347091,-49.9160614656917,-51.8217789831173,-49.7989585061846
1.69833333333333,-50.0238659355941,-51.9833881640746,-49.9137606126888,-49.9463947455424,-51.85509031974,-49.8294101499966
1.69866666666667,-50.05393641566,-52.0165042663862,-49.94395538768,-49.9766663965532,-51.8883370182842,-49.8597996387062
1.699,-50.0839464027571,-52.049556331098,-49.9740890871256,-50.006876548881,-51.9215192286232,-49.8901271062269
1.69933333333333,-50.1138960176222,-52.0825445082951,-50.0041618388743,-50.037025333078,-51.9546371008186,-49.920392686825
1.69966666666667,-50.1437853814735,-52.1154689482074,-50.0341737711652,-50.0671128800762,-51.9876907851077,-49.9505965151059
1.7,-50.1736146159941,-52.1483298011961,-50.0641250126131,-50.0971393211719,-52.0206804318889,-49.9807387259986
1.70033333333333,-50.2033838433158,-52.1811272177413,-50.094015692193,-50.1271047880113,-52.053606191709,-50.0108194547417
1.70066666666667,-50.2330931860036,-52.2138613484298,-50.1238459392264,-50.1570094125752,-52.0864682152499,-50.0408388368695
1.701,-50.2627427670396,-52.246532343943,-50.1536158833662,-50.1868533271653,-52.1192666533164,-50.070797008198
1.70133333333333,-50.2923327098086,-52.2791403550452,-50.1833256545834,-50.2166366643896,-52.1520016568233,-50.1006941048116
1.70166666666667,-50.3218631380824,-52.311685532572,-50.2129753831528,-50.2463595571488,-52.1846733767833,-50.1305302630493
1.702,-50.3513341760056,-52.3441680274191,-50.2425651996398,-50.2760221386227,-52.2172819642955,-50.1603056194924
1.70233333333333,-50.380745948081,-52.3765879905311,-50.2720952348872,-50.3056245422567,-52.2498275705332,-50.1900203109511
1.70266666666667,-50.4100985791553,-52.408945572891,-50.3015656200019,-50.335166901749,-52.2823103467331,-50.2196744744526
1.703,-50.4393921944057,-52.4412409255095,-50.3309764863425,-50.3646493510378,-52.3147304441837,-50.2492682472279
1.70333333333333,-50.4686269193256,-52.4734741994145,-50.3603279655064,-50.3940720242882,-52.3470880142146,-50.2788017667007
1.70366666666667,-50.4978028797117,-52.5056455456414,-50.3896201893181,-50.4234350558804,-52.3793832081859,-50.308275170475
1.704,-50.5269202016508,-52.537755115223,-50.4188532898162,-50.4527385803975,-52.4116161774778,-50.3376885963234
1.70433333333333,-50.5559790115067,-52.5698030591797,-50.4480273992428,-50.4819827326133,-52.4437870734801,-50.3670421821762
1.70466666666667,-50.5849794359077,-52.6017895285106,-50.4771426500307,-50.511167647481,-52.4758960475826,-50.3963360661099
1.705,-50.613921601734,-52.6337146741835,-50.5061991747929,-50.5402934601215,-52.5079432511653,-50.4255703863362
1.70533333333333,-50.6428056361059,-52.6655786471265,-50.5351971063108,-50.5693603058126,-52.5399288355885,-50.4547452811914
1.70566666666667,-50.6716316663714,-52.6973815982189,-50.5641365775236,-50.5983683199773,-52.5718529521842,-50.4838608891259
1.706,-50.7003998200945,-52.7291236782828,-50.5930177215178,-50.6273176381738,-52.6037157522463,-50.5129173486937
1.70633333333333,-50.7291102250441,-52.7608050380744,-50.6218406715158,-50.6562083960842,-52.6355173870218,-50.5419147985425
1.70666666666667,-50.7577630091821,-52.7924258282759,-50.6506055608664,-50.6850407295049,-52.6672580077025,-50.5708533774036
1.707,-50.7863583006528,-52.8239861994872,-50.6793125230343,-50.7138147743355,-52.6989377654162,-50.5997332240821
1.70733333333333,-50.8148962277718,-52.8554863022187,-50.7079616915901,-50.7425306665698,-52.7305568112184,-50.6285544774476
1.70766666666667,-50.843376919015,-52.8869262868827,-50.7365532002007,-50.7711885422852,-52.762115296084,-50.6573172764246
1.708,-50.8718005030089,-52.9183063037868,-50.7650871826196,-50.7997885376337,-52.7936133708999,-50.6860217599835
1.70833333333333,-50.9001671085195,-52.9496265031257,-50.7935637726777,-50.828330788832,-52.8250511864564,-50.7146680671315
1.70866666666667,-50.9284768644428,-52.9808870349747,-50.8219831042737,-50.8568154321528,-52.8564288934405,-50.7432563369039
1.709,-50.9567298997946,-53.0120880492823,-50.8503453113657,-50.8852426039154,-52.887746642428,-50.7717867083554
1.70933333333333,-50.9849263437009,-53.0432296958636,-50.8786505279617,-50.9136124404769,-52.9190045838761,-50.8002593205514
1.70966666666667,-51.0130663253882,-53.0743121243933,-50.9068988881115,-50.9419250782236,-52.9502028681167,-50.8286743125603
1.71,-51.0411499741745,-53.1053354843995,-50.9350905258976,-50.9701806535626,-52.9813416453494,-50.8570318234447
1.71033333333333,-51.06917741946,-53.1362999252573,-50.9632255754276,-50.9983793029131,-53.0124210656347,-50.885331992254
1.71066666666667,-51.0971487907179,-53.1672055961821,-50.9913041708251,-51.0265211626986,-53.0434412788872,-50.913574958016
1.711,-51.1250642174859,-53.1980526462245,-51.0193264462227,-51.0546063693389,-53.0744024348697,-50.9417608597301
1.71133333333333,-51.1529238293574,-53.2288412242631,-51.0472925357535,-51.0826350592417,-53.1053046831862,-50.9698898363587
1.71166666666667,-51.1807277559731,-53.2595714789997,-51.0752025735434,-51.1106073687959,-53.1361481732764,-50.9979620268211
1.712,-51.2084761270128,-53.2902435589535,-51.1030566937041,-51.138523434363,-53.1669330544095,-51.0259775699852
1.71233333333333,-51.2361690721868,-53.3208576124551,-51.1308550303249,-51.1663833922704,-53.1976594756782,-51.0539366046611
1.71266666666667,-51.2638067212286,-53.3514137876414,-51.1585977174663,-51.1941873788041,-53.2283275859932,-51.0818392695943
1.713,-51.2913892038866,-53.3819122324507,-51.1862848891524,-51.2219355302014,-53.2589375340773,-51.1096857034585
1.71333333333333,-51.3189166499166,-53.4123530946169,-51.2139166793639,-51.2496279826441,-53.2894894684606,-51.1374760448491
1.71366666666667,-51.3463891890742,-53.4427365216652,-51.2414932220317,-51.2772648722519,-53.3199835374746,-51.165210432277
1.714,-51.3738069511077,-53.4730626609065,-51.2690146510299,-51.3048463350752,-53.3504198892471,-51.1928890041622
1.71433333333333,-51.4011700657504,-53.5033316594335,-51.2964811001694,-51.3323725070893,-53.3807986716977,-51.2205118988273
1.71466666666667,-51.4284786627139,-53.5335436641152,-51.3238927031915,-51.3598435241874,-53.411120032532,-51.2480792544917
1.715,-51.4557328716812,-53.5636988215931,-51.3512495937616,-51.3872595221748,-53.4413841192379,-51.2755912092657
1.71533333333333,-51.4829328222997,-53.5937972782763,-51.3785519054629,-51.4146206367626,-53.4715910790797,-51.3030479011444
1.71566666666667,-51.5100786441746,-53.6238391803376,-51.405799771791,-51.4419270035618,-53.5017410590946,-51.3304494680025
1.716,-51.5371704668624,-53.6538246737091,-51.4329933261471,-51.4691787580773,-53.5318342060877,-51.357796047588
1.71633333333333,-51.5642084198647,-53.6837539040781,-51.4601327018331,-51.4963760357023,-53.5618706666278,-51.3850877775175
1.71666666666667,-51.5911926326214,-53.7136270168831,-51.4872180320455,-51.5235189717126,-53.5918505870431,-51.4123247952704
1.717,-51.6181232345053,-53.7434441573105,-51.51424944987,-51.5506077012614,-53.6217741134173,-51.439507238184
1.71733333333333,-51.6450003548156,-53.7732054702899,-51.5412270882759,-51.5776423593734,-53.6516413915855,-51.466635243448
1.71766666666667,-51.6718241227721,-53.8029111004914,-51.5681510801114,-51.6046230809402,-53.6814525671302,-51.4937089481
1.718,-51.6985946675098,-53.8325611923211,-51.5950215580976,-51.6315500007147,-53.7112077853778,-51.5207284890202
1.71833333333333,-51.7253121180726,-53.8621558899186,-51.6218386548242,-51.658423253306,-53.7409071913943,-51.547694002927
1.71866666666667,-51.7519766034083,-53.8916953371529,-51.6486025027441,-51.685242973175,-53.7705509299827,-51.5746056263719
1.719,-51.7785882523631,-53.9211796776195,-51.6753132341687,-51.7120092946292,-53.8001391456784,-51.6014634957354
1.71933333333333,-51.8051471936764,-53.950609054637,-51.7019709812632,-51.7387223518179,-53.8296719827466,-51.6282677472222
1.71966666666667,-51.8316535559752,-53.9799836112442,-51.7285758760417,-51.7653822787281,-53.8591495851787,-51.6550185168572
1.72,-51.8581074677694,-54.0093034901969,-51.7551280503632,-51.7919892091796,-53.888572096689,-51.6817159404808
1.72033333333333,-51.884509057447,-54.0385688339653,-51.7816276359267,-51.8185432768206,-53.9179396607119,-51.7083601537451
1.72066666666667,-51.9108584532688,-54.0677797847306,-51.808074764267,-51.8450446151237,-53.9472524203983,-51.7349512921096
1.721,-51.9371557833639,-54.0969364843829,-51.8344695667506,-51.8714933573814,-53.9765105186134,-51.7614894908376
1.72133333333333,-51.9634011757251,-54.126039074518,-51.8608121745714,-51.8978896367022,-54.0057140979332,-51.7879748849919
1.72166666666667,-51.9895947582043,-54.1550876964351,-51.8871027187465,-51.9242335860067,-54.0348633006419,-51.8144076094312
1.722,-52.0157366585081,-54.1840824911343,-51.9133413301128,-51.9505253380233,-54.0639582687294,-51.8407877988064
1.72233333333333,-52.0418270041931,-54.2130235993137,-51.9395281393226,-51.9767650252848,-54.0929991438884,-51.8671155875571
1.72266666666667,-52.0678659226622,-54.2419111613676,-51.9656632768401,-52.0029527801243,-54.121986067512,-51.8933911099078
1.723,-52.0938535411603,-54.270745317384,-51.9917468729375,-52.0290887346719,-54.1509191806914,-51.9196144998649
1.72333333333333,-52.1197899867698,-54.2995262071424,-52.0177790576916,-52.0551730208509,-54.179798624213,-51.9457858912129
1.72366666666667,-52.1456753864073,-54.3282539701113,-52.0437599609802,-52.0812057703746,-54.2086245385565,-51.9719054175113
1.724,-52.1715098668192,-54.3569287454467,-52.0696897124787,-52.1071871147426,-54.2373970638928,-51.9979732120916
1.72433333333333,-52.1972935545781,-54.3855506719896,-52.0955684416567,-52.1331171852376,-54.2661163400813,-52.0239894080539
1.72466666666667,-52.223026576079,-54.4141198882644,-52.1213962777749,-52.1589961129223,-54.294782506668,-52.0499541382641
1.725,-52.248709057536,-54.4426365324768,-52.1471733498814,-52.1848240286361,-54.3233957028839,-52.0758675353506
1.72533333333333,-52.2743411249783,-54.4711007425118,-52.1728997868092,-52.2106010629923,-54.3519560676423,-52.1017297317019
1.72566666666667,-52.2999229042469,-54.4995126559324,-52.1985757171729,-52.2363273463745,-54.3804637395374,-52.1275408594634
1.726,-52.3254545209915,-54.5278724099776,-52.2242012693657,-52.2620030089346,-54.4089188568422,-52.1533010505349
1.72633333333333,-52.3509361006669,-54.5561801415606,-52.2497765715563,-52.287628180589,-54.4373215575071,-52.1790104365678
1.72666666666667,-52.3763677685297,-54.5844359872678,-52.2753017516868,-52.3132029910166,-54.4656719791574,-52.2046691489625
1.727,-52.4017496496356,-54.6126400833566,-52.300776937469,-52.3387275696557,-54.4939702590928,-52.230277318866
1.72733333333333,-52.4270818688358,-54.6407925657542,-52.3262022563824,-52.3642020457013,-54.5222165342845,-52.2558350771692
1.72766666666667,-52.4523645507745,-54.6688935700565,-52.3515778356714,-52.3896265481029,-54.5504109413747,-52.2813425545048
1.728,-52.4775978198854,-54.6969432315261,-52.3769038023426,-52.4150012055618,-54.5785536166747,-52.3067998812449
1.72833333333333,-52.5027818003896,-54.7249416850916,-52.4021802831625,-52.4403261465285,-54.6066446961632,-52.3322071874985
1.72866666666667,-52.527916616292,-54.7528890653459,-52.427407404655,-52.4656014992005,-54.6346843154855,-52.3575646031094
1.729,-52.5530023913793,-54.7807855065453,-52.4525852930992,-52.4908273915203,-54.6626726099519,-52.3828722576544
1.72933333333333,-52.5780392492168,-54.8086311426081,-52.4777140745267,-52.5160039511726,-54.6906097145361,-52.4081302804406
1.72966666666667,-52.6030273131463,-54.8364261071136,-52.5027938747199,-52.5411313055825,-54.7184957638747,-52.433338800504
1.73,-52.6279667062833,-54.8641705333013,-52.5278248192096,-52.5662095819133,-54.7463308922653,-52.4584979466071
1.73033333333333,-52.6528575515144,-54.8918645540692,-52.5528070332727,-52.5912389070644,-54.774115233666,-52.4836078472371
1.73066666666667,-52.6776999714954,-54.9195083019738,-52.5777406419304,-52.6162194076693,-54.8018489216937,-52.5086686306042
1.731,-52.7024940886486,-54.9471019092281,-52.6026257699463,-52.6411512100938,-54.8295320896238,-52.5336804246396
1.73133333333333,-52.7272400251606,-54.9746455077018,-52.627462541824,-52.6660344404339,-54.8571648703886,-52.5586433569939
1.73166666666667,-52.7519379029802,-55.0021392289193,-52.6522510818057,-52.6908692245141,-54.8847473965765,-52.5835575550353
1.732,-52.7765878438161,-55.0295832040603,-52.6769915138701,-52.7156556878858,-54.9122798004317,-52.608423145848
1.73233333333333,-52.801189969135,-55.0569775639576,-52.7016839617307,-52.7403939558251,-54.9397622138522,-52.6332402562307
1.73266666666667,-52.8257444001594,-55.0843224390974,-52.7263285488342,-52.7650841533315,-54.9671947683903,-52.658009012695
1.733,-52.8502512578659,-55.1116179596184,-52.7509253983587,-52.7897264051264,-54.9945775952509,-52.6827295414639
1.73333333333333,-52.8747106629828,-55.1388642553109,-52.7754746332118,-52.8143208356511,-55.021910825291,-52.7074019684703
1.73366666666667,-52.8991227359888,-55.1660614556164,-52.7999763760297,-52.8388675690656,-55.0491945890194,-52.7320264193556
1.734,-52.9234875971106,-55.1932096896271,-52.8244307491751,-52.863366729247,-55.0764290165956,-52.7566030194688
1.73433333333333,-52.9478053663216,-55.2203090860852,-52.8488378747359,-52.8878184397883,-55.1036142378295,-52.7811318938644
1.73466666666667,-52.9720761633402,-55.2473597733826,-52.8731978745237,-52.9122228239966,-55.1307503821805,-52.8056131673018
1.735,-52.9963001076278,-55.2743618795604,-52.8975108700728,-52.9365800048921,-55.1578375787574,-52.8300469642438
1.73533333333333,-53.0204773183872,-55.3013155323083,-52.9217769826382,-52.9608901052069,-55.1848759563175,-52.8544334088555
1.73566666666667,-53.0446079145615,-55.3282208589646,-52.945996333195,-52.9851532473834,-55.2118656432667,-52.8787726250032
1.736,-53.0686920148321,-55.3550779865155,-52.9701690424365,-53.0093695535734,-55.2388067676582,-52.9030647362534
1.73633333333333,-53.0927297376176,-55.3818870415949,-52.9942952307735,-53.0335391456368,-55.2656994571932,-52.9273098658715
1.73666666666667,-53.116721201072,-55.4086481504842,-53.0183750183329,-53.0576621451405,-55.2925438392194,-52.9515081368209
1.737,-53.1406665230836,-55.4353614391119,-53.0424085249567,-53.0817386733575,-55.3193400407319,-52.9756596717623
1.73733333333333,-53.1645658212735,-55.4620270330535,-53.0663958702005,-53.1057688512656,-55.3460881883717,-52.9997645930525
1.73766666666667,-53.1884192129944,-55.4886450575312,-53.0903371733331,-53.1297527995466,-55.3727884084263,-53.0238230227433
1.738,-53.2122268153296,-55.5152156374139,-53.1142325533352,-53.1536906385852,-55.3994408268292,-53.0478350825814
1.73833333333333,-53.2359887450911,-55.5417388972169,-53.1380821288981,-53.1775824884684,-55.4260455691595,-53.0718008940067
1.73866666666667,-53.2597051188191,-55.5682149611018,-53.1618860184233,-53.201428468984,-55.4526027606423,-53.0957205781523
1.739,-53.2833760527807,-55.5946439528766,-53.1856443400215,-53.2252286996207,-55.4791125261477,-53.1195942558432
1.73933333333333,-53.3070016629685,-55.6210259959953,-53.2093572115112,-53.2489832995662,-55.5055749901916,-53.1434220475957
1.73966666666667,-53.3305820651001,-55.6473612135584,-53.2330247504188,-53.2726923877074,-55.5319902769348,-53.1672040736171
1.74,-53.3541173746167,-55.6736497283123,-53.2566470739769,-53.2963560826289,-55.5583585101838,-53.1909404538047
1.74033333333333,-53.377607706682,-55.6998916626497,-53.2802242991242,-53.3199745026131,-55.5846798133898,-53.214631307745
1.74066666666667,-53.4010531761816,-55.7260871386097,-53.3037565425045,-53.3435477656385,-55.6109543096495,-53.2382767547139
1.741,-53.4244538977222,-55.7522362778774,-53.3272439204659,-53.3670759893802,-55.6371821217048,-53.2618769136753
1.74133333333333,-53.4478099856303,-55.7783392017846,-53.3506865490604,-53.3905592912085,-55.6633633719428,-53.285431903281
1.74166666666667,-53.4711215539515,-55.8043960313095,-53.3740845440433,-53.4139977881884,-55.6894981823959,-53.3089418418703
1.742,-53.49438871645,-55.8304068870772,-53.3974380208723,-53.4373915970795,-55.715586674742,-53.3324068474694
1.74233333333333,-53.5176115866074,-55.8563718893592,-53.420747094707,-53.4607408343352,-55.7416289703043,-53.3558270377908
1.74266666666667,-53.5407902776226,-55.8822911580743,-53.4440118804089,-53.4840456161022,-55.7676251900521,-53.3792025302334
1.743,-53.5639249024101,-55.9081648127886,-53.4672324925401,-53.5073060582199,-55.7935754546003,-53.4025334418817
1.74333333333333,-53.5870155736005,-55.9339929727155,-53.4904090453633,-53.5305222762206,-55.8194798842096,-53.4258198895055
1.74366666666667,-53.6100624035389,-55.959775756716,-53.5135416528413,-53.5536943853282,-55.8453385987872,-53.4490619895597
1.744,-53.6330655042848,-55.9855132832993,-53.5366304286366,-53.5768225004588,-55.8711517178867,-53.4722598581843
1.74433333333333,-53.6560249876116,-56.0112056706225,-53.5596754861108,-53.5999067362193,-55.8969193607084,-53.4954136112034
1.74466666666667,-53.6789409650055,-56.0368530364914,-53.5826769383246,-53.6229472069082,-55.9226416460993,-53.5185233641257
1.745,-53.7018135476657,-56.0624554983609,-53.605634898037,-53.6459440265146,-55.9483186925539,-53.5415892321439
1.74533333333333,-53.7246428465032,-56.0880131733346,-53.6285494777053,-53.6688973087178,-55.9739506182141,-53.5646113301345
1.74566666666667,-53.7474289721412,-56.113526178166,-53.651420789485,-53.6918071668878,-55.9995375408698,-53.5875897726581
1.746,-53.7701720349137,-56.1389946292584,-53.6742489452289,-53.7146737140846,-56.0250795779587,-53.6105246739584
1.74633333333333,-53.7928721448657,-56.1644186426653,-53.6970340564875,-53.7374970630577,-56.0505768465676,-53.6334161479631
1.74666666666667,-53.8155294117527,-56.189798334091,-53.7197762345085,-53.7602773262468,-56.0760294634316,-53.6562643082829
1.747,-53.8381439450403,-56.215133818891,-53.7424755902365,-53.7830146157809,-56.1014375449355,-53.6790692682119
1.74733333333333,-53.8607158539039,-56.2404252120721,-53.7651322343131,-53.8057090434784,-56.1268012071136,-53.7018311407278
1.74766666666667,-53.8832452472284,-56.2656726282933,-53.7877462770767,-53.8283607208472,-56.1521205656506,-53.7245500384912
1.748,-53.9057322336078,-56.2908761818662,-53.8103178285622,-53.8509697590845,-56.1773957358813,-53.747226073846
1.74833333333333,-53.928176921345,-56.316035986755,-53.8328469985008,-53.8735362690765,-56.2026268327919,-53.7698593588194
1.74866666666667,-53.9505794184518,-56.3411521565777,-53.8553338963204,-53.8960603613987,-56.2278139710199,-53.7924500051221
1.749,-53.9729398326484,-56.3662248046059,-53.8777786311453,-53.918542146316,-56.2529572648548,-53.8149981241477
1.74933333333333,-53.9952582713632,-56.3912540437659,-53.9001813117958,-53.9409817337821,-56.2780568282385,-53.8375038269737
1.74966666666667,-54.0175348417328,-56.416239986639,-53.9225420467887,-53.9633792334402,-56.3031127747657,-53.8599672243606
1.75,-54.0397696506017,-56.4411827454619,-53.9448609443371,-53.9857347546226,-56.328125217685,-53.8823884267529
1.75033333333333,-54.0619628045225,-56.4660824321276,-53.9671381123503,-54.0080484063509,-56.3530942698987,-53.9047675442787
1.75066666666667,-54.0841144097551,-56.4909391581856,-53.989373658434,-54.0303202973362,-56.3780200439636,-53.92710468675
1.751,-54.1062245722676,-56.5157530348429,-54.0115676898903,-54.052550535979,-56.4029026520918,-53.9493999636628
1.75133333333333,-54.1282933977353,-56.5405241729641,-54.0337203137177,-54.0747392303697,-56.4277422061511,-53.9716534841973
1.75166666666667,-54.1503209915412,-56.5652526830723,-54.0558316366114,-54.096886488288,-56.4525388176654,-53.9938653572182
1.752,-54.1723074587758,-56.5899386753499,-54.0779017649631,-54.1189924172039,-56.4772925978156,-54.0160356912749
1.75233333333333,-54.1942529042372,-56.6145822596387,-54.0999308048614,-54.1410571242773,-56.5020036574401,-54.0381645946014
1.75266666666667,-54.2161574324307,-56.639183545441,-54.1219188620917,-54.1630807163583,-56.5266721070352,-54.0602521751169
1.753,-54.2380211475696,-56.6637426419202,-54.1438660421367,-54.1850632999876,-56.5512980567563,-54.082298540426
1.75333333333333,-54.2598441535745,-56.6882596579011,-54.1657724501761,-54.2070049813967,-56.5758816164178,-54.104303797819
1.75366666666667,-54.2816265540739,-56.712734701871,-54.1876381910872,-54.2289058665077,-56.6004228954943,-54.1262680542719
1.754,-54.3033684524037,-56.7371678819801,-54.2094633694449,-54.250766060934,-56.6249220031211,-54.148191416447
1.75433333333333,-54.3250699516079,-56.7615593060423,-54.2312480895219,-54.2725856699806,-56.6493790480947,-54.1700739906932
1.75466666666667,-54.3467311544385,-56.7859090815359,-54.2529924552891,-54.294364798644,-56.6737941388736,-54.1919158830462
1.755,-54.3683521633553,-56.8102173156042,-54.2746965704158,-54.3161035516127,-56.6981673835793,-54.2137171992289
1.75533333333333,-54.3899330805266,-56.8344841150564,-54.2963605382696,-54.3378020332676,-56.7224988899965,-54.2354780446516
1.75566666666667,-54.4114740078288,-56.858709586368,-54.3179844619172,-54.3594603476821,-56.746788765574,-54.2571985244128
1.756,-54.4329750468472,-56.8828938356819,-54.3395684441244,-54.3810785986226,-56.7710371174254,-54.2788787432989
1.75633333333333,-54.4544362988756,-56.907036968809,-54.3611125873566,-54.4026568895489,-56.79524405233,-54.3005188057855
1.75666666666667,-54.4758578649168,-56.9311390912288,-54.3826169937788,-54.4241953236142,-56.8194096767333,-54.3221188160368
1.757,-54.4972398456827,-56.9552003080903,-54.4040817652561,-54.4456940036659,-56.8435340967478,-54.3436788779068
1.75733333333333,-54.5185823415948,-56.9792207242126,-54.425507003354,-54.4671530322458,-56.8676174181538,-54.3651990949392
1.75766666666667,-54.539885452784,-57.003200444086,-54.4468928093391,-54.4885725115903,-56.8916597464001,-54.3866795703684
1.758,-54.5611492790913,-57.0271395718724,-54.4682392841787,-54.5099525436312,-56.9156611866047,-54.4081204071193
1.75833333333333,-54.5823739200676,-57.0510382114062,-54.489546528542,-54.5312932299958,-56.9396218435558,-54.4295217078082
1.75866666666667,-54.6035594749745,-57.0748964661952,-54.5108146427997,-54.5525946720073,-56.9635418217122,-54.4508835747431
1.759,-54.6247060427844,-57.0987144394213,-54.5320437270253,-54.5738569706857,-56.9874212252047,-54.4722061099244
1.75933333333333,-54.6458137221803,-57.1224922339411,-54.5532338809945,-54.5950802267476,-57.0112601578359,-54.4934894150448
1.75966666666667,-54.6668826115571,-57.1462299522872,-54.5743852041864,-54.616264540607,-57.0350587230821,-54.5147335914908
1.76,-54.6879128090211,-57.1699276966684,-54.5954977957838,-54.637410012376,-57.0588170240933,-54.535938740342
1.76033333333333,-54.7089044123907,-57.1935855689711,-54.616571754673,-54.6585167418646,-57.0825351636943,-54.5571049623728
1.76066666666667,-54.7298575191966,-57.2172036707595,-54.6376071794451,-54.6795848285819,-57.1062132443855,-54.5782323580519
1.761,-54.7507722266826,-57.240782103277,-54.658604168396,-54.7006143717361,-57.1298513683439,-54.5993210275436
1.76133333333333,-54.7716486318052,-57.2643209674468,-54.679562819527,-54.7216054702354,-57.1534496374233,-54.6203710707079
1.76166666666667,-54.7924868312346,-57.2878203638724,-54.700483230545,-54.7425582226882,-57.177008153156,-54.6413825871013
1.762,-54.8132869213551,-57.3112803928392,-54.7213654988634,-54.7634727274036,-57.2005270167529,-54.6623556759771
1.76233333333333,-54.8340489982648,-57.3347011543143,-54.7422097216024,-54.7843490823922,-57.2240063291046,-54.6832904362862
1.76266666666667,-54.8547731577771,-57.3580827479485,-54.7630159955895,-54.8051873853665,-57.2474461907823,-54.7041869666777
1.763,-54.8754594954202,-57.3814252730762,-54.7837844173598,-54.8259877337414,-57.2708467020389,-54.7250453654993
1.76333333333333,-54.896108106438,-57.4047288287168,-54.8045150831569,-54.8467502246349,-57.2942079628089,-54.7458657307979
1.76366666666667,-54.9167190857904,-57.4279935135752,-54.8252080889332,-54.8674749548683,-57.3175300727105,-54.7666481603204
1.764,-54.9372925281537,-57.4512194260432,-54.8458635303506,-54.8881620209673,-57.3408131310455,-54.7873927515141
1.76433333333333,-54.9578285279214,-57.4744066641996,-54.8664815027806,-54.9088115191622,-57.3640572368007,-54.8080996015274
1.76466666666667,-54.978327179204,-57.4975553258117,-54.8870621013056,-54.9294235453885,-57.3872624886483,-54.8287688072104
1.765,-54.9987885758301,-57.5206655083359,-54.9076054207186,-54.9499981952877,-57.4104289849475,-54.8494004651156
1.76533333333333,-55.0192128113468,-57.5437373089185,-54.9281115555243,-54.9705355642078,-57.4335568237443,-54.8699946714984
1.76566666666667,-55.0395999790198,-57.5667708243968,-54.9485805999397,-54.9910357472038,-57.4566461027736,-54.8905515223178
1.766,-55.0599501718342,-57.5897661512999,-54.9690126478944,-55.0114988390383,-57.479696919459,-54.911071113237
1.76633333333333,-55.080263482495,-57.6127233858495,-54.9894077930313,-55.0319249341824,-57.5027093709144,-54.9315535396242
1.76666666666667,-55.1005400034276,-57.6356426239608,-55.0097661287071,-55.052314126816,-57.5256835539444,-54.9519988965531
1.767,-55.1207798267782,-57.6585239612434,-55.0300877479932,-55.0726665108286,-57.5486195650456,-54.9724072788036
1.76733333333333,-55.1409830444145,-57.6813674930022,-55.0503727436757,-55.0929821798198,-57.5715175004072,-54.9927787808625
1.76766666666667,-55.1611497479261,-57.7041733142385,-55.0706212082569,-55.1132612271003,-57.594377455912,-55.013113496924
1.768,-55.1812800286251,-57.7269415196503,-55.0908332339549,-55.1335037456919,-57.6171995271372,-55.0334115208908
1.76833333333333,-55.2013739775467,-57.749672203634,-55.111008912705,-55.1537098283288,-57.6399838093555,-55.0536729463743
1.76866666666667,-55.2214316854495,-57.7723654602845,-55.1311483361599,-55.1738795674577,-57.6627303975357,-55.0738978666954
1.769,-55.2414532428165,-57.7950213833968,-55.1512515956904,-55.1940130552392,-57.685439386344,-55.0940863748855
1.76933333333333,-55.2614387398552,-57.8176400664663,-55.1713187823864,-55.2141103835474,-57.7081108701444,-55.1142385636868
1.76966666666667,-55.2813882664985,-57.8402216026902,-55.1913499870567,-55.2341716439718,-57.730744943,-55.1343545255533
1.77,-55.3013019124052,-57.8627660849681,-55.2113453002307,-55.2541969278168,-57.7533416986738,-55.1544343526513
1.77033333333333,-55.3211797669604,-57.8852736059029,-55.231304812158,-55.2741863261032,-57.7759012306293,-55.1744781368601
1.77066666666667,-55.3410219192765,-57.907744257802,-55.25122861281,-55.2941399295687,-57.7984236320322,-55.1944859697728
1.771,-55.3608284581931,-57.9301781326776,-55.2711167918799,-55.3140578286681,-57.8209089957502,-55.2144579426972
1.77133333333333,-55.3805994722784,-57.9525753222484,-55.2909694387835,-55.3339401135749,-57.8433574143549,-55.2343941466561
1.77166666666667,-55.4003350498293,-57.9749359179401,-55.31078664266,-55.353786874181,-57.8657689801221,-55.2542946723884
1.772,-55.4200352788721,-57.997260010886,-55.3305684923727,-55.3735982000983,-57.8881437850332,-55.2741596103494
1.77233333333333,-55.4397002471632,-58.0195476919285,-55.3503150765094,-55.3933741806586,-57.9104819207754,-55.2939890507121
1.77266666666667,-55.4593300421894,-58.0417990516196,-55.3700264833834,-55.4131149049149,-57.9327834787433,-55.3137830833674
1.773,-55.4789247511694,-58.0640141802222,-55.3897028010338,-55.4328204616418,-57.9550485500397,-55.3335417979253
1.77333333333333,-55.498484461053,-58.0861931677104,-55.4093441172266,-55.4524909393365,-57.9772772254761,-55.3532652837152
1.77366666666667,-55.5180092585232,-58.1083361037712,-55.4289505194551,-55.4721264262191,-57.9994695955739,-55.3729536297867
1.774,-55.5374992299959,-58.1304430778047,-55.4485220949407,-55.4917270102335,-58.0216257505655,-55.392606924911
1.77433333333333,-55.5569544616207,-58.1525141789252,-55.4680589306335,-55.5112927790484,-58.0437457803949,-55.4122252575804
1.77466666666667,-55.5763750392817,-58.1745494959626,-55.4875611132132,-55.5308238200576,-58.0658297747188,-55.4318087160104
1.775,-55.5957610485984,-58.1965491174628,-55.5070287290895,-55.5503202203809,-58.0878778229074,-55.4513573881396
1.77533333333333,-55.6151125749255,-58.2185131316885,-55.5264618644029,-55.569782066865,-58.1098900140454,-55.4708713616305
1.77566666666667,-55.6344297033545,-58.2404416266207,-55.5458606050258,-55.5892094460839,-58.1318664369328,-55.4903507238707
1.776,-55.6537125187138,-58.2623346899591,-55.5652250365624,-55.60860244434,-58.1538071800862,-55.5097955619732
1.77633333333333,-55.6729611055695,-58.2841924091233,-55.5845552443502,-55.6279611476643,-58.1757123317391,-55.5292059627775
1.77666666666667,-55.692175548226,-58.3060148712535,-55.6038513134602,-55.6472856418178,-58.1975819798433,-55.5485820128501
1.777,-55.7113559307269,-58.3278021632117,-55.623113328698,-55.6665760122918,-58.2194162120697,-55.5679237984855
1.77733333333333,-55.7305023368552,-58.3495543715821,-55.642341374604,-55.6858323443088,-58.2412151158091,-55.5872314057065
1.77766666666667,-55.7496148501345,-58.3712715826726,-55.6615355354546,-55.7050547228232,-58.2629787781732,-55.6065049202658
1.778,-55.7686935538294,-58.3929538825157,-55.6806958952628,-55.7242432325221,-58.2847072859957,-55.6257444276459
1.77833333333333,-55.7877385309462,-58.4146013568686,-55.6998225377787,-55.7433979578258,-58.3064007258328,-55.6449500130603
1.77866666666667,-55.8067498642334,-58.4362140912151,-55.7189155464905,-55.762518982889,-58.3280591839644,-55.6641217614545
1.779,-55.8257276361828,-58.457792170766,-55.7379750046251,-55.7816063916012,-58.3496827463952,-55.683259757506
1.77933333333333,-55.8446719290297,-58.4793356804602,-55.7570009951488,-55.8006602675875,-58.3712714988552,-55.702364085626
1.77966666666667,-55.8635828247542,-58.5008447049653,-55.775993600768,-55.8196806942096,-58.3928255268006,-55.7214348299594
1.78,-55.8824604050811,-58.522319328679,-55.7949529039301,-55.8386677545662,-58.4143449154154,-55.7404720743863
1.78033333333333,-55.9013047514812,-58.5437596357294,-55.813878986824,-55.857621531494,-58.4358297496115,-55.7594759025219
1.78066666666667,-55.9201159451718,-58.5651657099766,-55.8327719313812,-55.8765421075683,-58.4572801140299,-55.7784463977181
1.781,-55.9388940671173,-58.5865376350131,-55.8516318192759,-55.895429565104,-58.4786960930419,-55.797383643064
1.78133333333333,-55.95763919803,-58.6078754941648,-55.8704587319265,-55.9142839861561,-58.5000777707496,-55.8162877213863
1.78166666666667,-55.9763514183708,-58.629179370492,-55.8892527504958,-55.9331054525206,-58.521425230987,-55.8351587152508
1.782,-55.9950308083499,-58.6504493467905,-55.9080139558918,-55.9518940457351,-58.542738557321,-55.8539967069624
1.78233333333333,-56.0136774479273,-58.6716855055919,-55.9267424287686,-55.9706498470801,-58.5640178330521,-55.8728017785665
1.78266666666667,-56.0322914168138,-58.6928879291652,-55.9454382495272,-55.9893729375788,-58.5852631412154,-55.8915740118497
1.783,-56.0508727944717,-58.7140566995171,-55.9641014983159,-56.0080633979988,-58.6064745645815,-55.91031348834
1.78333333333333,-56.0694216601149,-58.7351918983933,-55.9827322550314,-56.0267213088525,-58.6276521856575,-55.9290202893083
1.78366666666667,-56.0879380927106,-58.7562936072793,-56.0013305993194,-56.0453467503975,-58.6487960866877,-55.9476944957689
1.784,-56.1064221709792,-58.7773619074013,-56.0198966105753,-56.0639398026383,-58.6699063496549,-55.9663361884804
1.78433333333333,-56.1248739733952,-58.7983968797271,-56.0384303679448,-56.0825005453259,-58.6909830562807,-55.984945447946
1.78466666666667,-56.1432935781883,-58.8193986049667,-56.0569319503252,-56.1010290579596,-58.7120262880268,-56.0035223544151
1.785,-56.1616810633434,-58.8403671635738,-56.0754014363654,-56.119525419787,-58.7330361260961,-56.0220669878832
1.78533333333333,-56.1800365066021,-58.8613026357461,-56.0938389044672,-56.1379897098053,-58.7540126514331,-56.0405794280936
1.78566666666667,-56.1983599854628,-58.8822051014265,-56.1122444327859,-56.1564220067619,-58.7749559447249,-56.0590597545373
1.786,-56.2166515771815,-58.9030746403041,-56.1306180992309,-56.174822389155,-58.7958660864025,-56.0775080464544
1.78633333333333,-56.2349113587729,-58.9239113318146,-56.1489599814664,-56.1931909352344,-58.8167431566412,-56.0959243828346
1.78666666666667,-56.2531394070107,-58.9447152551417,-56.1672701569126,-56.2115277230026,-58.8375872353619,-56.1143088424182
1.787,-56.2713357984286,-58.9654864892179,-56.1855487027461,-56.2298328302153,-58.8583984022316,-56.1326615036966
1.78733333333333,-56.2895006093206,-58.9862251127249,-56.2037956959004,-56.2481063343822,-58.8791767366647,-56.1509824449134
1.78766666666667,-56.3076339157422,-59.0069312040952,-56.2220112130671,-56.2663483127675,-58.8999223178235,-56.1692717440648
1.788,-56.3257357935108,-59.0276048415125,-56.2401953306966,-56.2845588423914,-58.9206352246194,-56.1875294789008
1.78833333333333,-56.3438063182067,-59.0482461029127,-56.2583481249985,-56.30273800003,-58.9413155357134,-56.2057557269257
1.78866666666667,-56.3618455651734,-59.0688550659846,-56.2764696719428,-56.3208858622169,-58.9619633295175,-56.223950565399
1.789,-56.3798536095186,-59.0894318081713,-56.2945600472603,-56.3390025052431,-58.9825786841952,-56.2421140713361
1.78933333333333,-56.397830526115,-59.1099764066706,-56.3126193264432,-56.3570880051585,-59.0031616776625,-56.2602463215092
1.78966666666667,-56.4157763896007,-59.1304889384357,-56.3306475847466,-56.3751424377724,-59.0237123875888,-56.2783473924479
1.79,-56.4336912743801,-59.1509694801769,-56.3486448971884,-56.393165878654,-59.0442308913976,-56.2964173604403
1.79033333333333,-56.4515752546247,-59.1714181083615,-56.3666113385504,-56.4111584031337,-59.0647172662677,-56.3144563015335
1.79066666666667,-56.4694284042737,-59.1918348992152,-56.3845469833793,-56.4291200863034,-59.0851715891337,-56.3324642915343
1.791,-56.4872507970347,-59.212219928723,-56.402451905987,-56.4470510030176,-59.1055939366873,-56.3504414060104
1.79133333333333,-56.5050425063844,-59.2325732726298,-56.4203261804514,-56.4649512278938,-59.1259843853777,-56.3683877202907
1.79166666666667,-56.5228036055695,-59.2528950064413,-56.4381698806176,-56.4828208353136,-59.1463430114128,-56.3863033094663
1.792,-56.5405341676072,-59.2731852054252,-56.4559830800979,-56.5006598994235,-59.16666989076,-56.4041882483916
1.79233333333333,-56.5582342652859,-59.2934439446116,-56.4737658522734,-56.5184684941351,-59.1869650991468,-56.4220426116842
1.79266666666667,-56.5759039711662,-59.3136712987939,-56.4915182702939,-56.5362466931265,-59.2072287120622,-56.4398664737267
1.793,-56.5935433575814,-59.3338673425302,-56.5092404070793,-56.5539945698431,-59.2274608047571,-56.4576599086668
1.79333333333333,-56.6111524966379,-59.3540321501434,-56.52693233532,-56.5717121974975,-59.2476614522451,-56.4754229904183
1.79366666666667,-56.6287314602168,-59.3741657957224,-56.5445941274777,-56.5893996490713,-59.2678307293037,-56.4931557926616
1.794,-56.6462803199736,-59.3942683531233,-56.5622258557861,-56.6070569973152,-59.2879687104753,-56.5108583888453
1.79433333333333,-56.6637991473397,-59.4143398959694,-56.5798275922518,-56.62468431475,-59.3080754700672,-56.5285308521857
1.79466666666667,-56.6812880135224,-59.4343804976528,-56.597399408655,-56.6422816736673,-59.3281510821533,-56.5461732556687
1.795,-56.6987469895065,-59.4543902313348,-56.6149413765499,-56.6598491461305,-59.3481956205748,-56.56378567205
1.79533333333333,-56.7161761460541,-59.4743691699472,-56.6324535672659,-56.6773868039748,-59.3682091589405,-56.581368173856
1.79566666666667,-56.7335755537059,-59.4943173861924,-56.6499360519081,-56.694894718809,-59.3881917706282,-56.5989208333845
1.796,-56.7509452827817,-59.514234952545,-56.6673889013581,-56.7123729620156,-59.4081435287856,-56.6164437227055
1.79633333333333,-56.7682854033812,-59.5341219412521,-56.6848121862747,-56.7298216047514,-59.4280645063306,-56.6339369136621
1.79666666666667,-56.7855959853845,-59.5539784243344,-56.7022059770946,-56.7472407179489,-59.4479547759525,-56.6514004778711
1.797,-56.802877098453,-59.573804473587,-56.7195703440331,-56.7646303723166,-59.4678144101129,-56.6688344867236
1.79733333333333,-56.8201288120303,-59.5936001605799,-56.7369053570851,-56.7819906383396,-59.4876434810463,-56.6862390113864
1.79766666666667,-56.8373511953423,-59.6133655566594,-56.7542110860255,-56.7993215862809,-59.5074420607611,-56.7036141228018
1.798,-56.8545443173984,-59.6331007329484,-56.77148760041,-56.8166232861816,-59.5272102210402,-56.7209598916894
1.79833333333333,-56.8717082469923,-59.6528057603475,-56.7887349695759,-56.833895807862,-59.5469480334422,-56.7382763885458
1.79866666666667,-56.8888430527022,-59.6724807095358,-56.805953262643,-56.8511392209221,-59.5666555693019,-56.7555636836464
1.799,-56.905948802892,-59.6921256509715,-56.8231425485138,-56.8683535947426,-59.5863328997312,-56.7728218470453
1.79933333333333,-56.9230255657114,-59.7117406548929,-56.8403028958749,-56.8855389984853,-59.60598009562,-56.7900509485764
1.79966666666667,-56.9400734090976,-59.7313257913192,-56.8574343731972,-56.9026955010942,-59.6255972276369,-56.8072510578544
1.8,-56.9570924007748,-59.7508811300512,-56.8745370487367,-56.919823171296,-59.6451843662301,-56.824422244275
1.80033333333333,-56.9740826082558,-59.7704067406723,-56.8916109905355,-56.936922077601,-59.6647415816281,-56.8415645770161
1.80066666666667,-56.9910440988424,-59.7899026925491,-56.9086562664222,-56.9539922883035,-59.6842689438408,-56.8586781250384
1.801,-57.0079769396259,-59.8093690548321,-56.9256729440128,-56.9710338714831,-59.7037665226598,-56.875762957086
1.80133333333333,-57.0248811974881,-59.8288058964568,-56.9426610907115,-56.9880468950048,-59.7232343876597,-56.8928191416874
1.80166666666667,-57.0417569391018,-59.8482132861445,-56.959620773711,-57.0050314265203,-59.7426726081986,-56.9098467471559
1.802,-57.0586042309317,-59.8675912924027,-56.9765520599937,-57.0219875334684,-59.7620812534191,-56.9268458415909
1.80233333333333,-57.0754231392347,-59.8869399835262,-56.9934550163321,-57.0389152830756,-59.7814603922488,-56.943816492878
1.80266666666667,-57.0922137300611,-59.9062594275978,-57.0103297092898,-57.0558147423572,-59.8008100934013,-56.96075876869
1.803,-57.1089760692549,-59.9255496924893,-57.0271762052218,-57.072685978118,-59.8201304253773,-56.9776727364879
1.80333333333333,-57.1257102224546,-59.9448108458618,-57.0439945702755,-57.0895290569525,-59.8394214564646,-56.9945584635212
1.80366666666667,-57.1424162550941,-59.9640429551668,-57.0607848703914,-57.1063440452462,-59.8586832547396,-57.0114160168288
1.804,-57.1590942324029,-59.9832460876472,-57.0775471713036,-57.1231310091762,-59.8779158880679,-57.0282454632399
1.80433333333333,-57.1757442194074,-60.0024203103374,-57.0942815385408,-57.1398900147116,-59.8971194241047,-57.0450468693745
1.80466666666667,-57.192366280931,-60.0215656900648,-57.1109880374267,-57.1566211276146,-59.9162939302961,-57.0618203016441
1.805,-57.2089604815952,-60.0406822934501,-57.1276667330811,-57.1733244134411,-59.9354394738798,-57.0785658262526
1.80533333333333,-57.2255268858201,-60.0597701869083,-57.1443176904199,-57.1899999375411,-59.9545561218855,-57.0952835091971
1.80566666666667,-57.242065557825,-60.0788294366492,-57.1609409741567,-57.2066477650602,-59.9736439411358,-57.1119734162682
1.806,-57.2585765616294,-60.0978601086785,-57.1775366488028,-57.2232679609392,-59.9927029982476,-57.1286356130513
1.80633333333333,-57.2750599610532,-60.1168622687984,-57.194104778668,-57.2398605899158,-60.0117333596317,-57.1452701649266
1.80666666666667,-57.2915158197178,-60.1358359826082,-57.2106454278617,-57.2564257165248,-60.0307350914947,-57.1618771370705
1.807,-57.3079442010466,-60.1547813155054,-57.2271586602932,-57.2729634050988,-60.049708259839,-57.1784565944561
1.80733333333333,-57.3243451682657,-60.1736983326861,-57.2436445396723,-57.2894737197693,-60.0686529304638,-57.1950086018536
1.80766666666667,-57.3407187844045,-60.192587099146,-57.2601031295106,-57.3059567244668,-60.0875691689662,-57.2115332238314
1.808,-57.3570651122963,-60.2114476796809,-57.2765344931213,-57.3224124829219,-60.1064570407413,-57.2280305247566
1.80833333333333,-57.3733842145794,-60.2302801388878,-57.2929386936207,-57.3388410586662,-60.1253166109834,-57.2445005687959
1.80866666666667,-57.3896761536972,-60.2490845411654,-57.3093157939284,-57.3552425150323,-60.1441479446867,-57.2609434199161
1.809,-57.4059409918993,-60.2678609507147,-57.325665856768,-57.3716169151552,-60.1629511066459,-57.2773591418846
1.80933333333333,-57.4221787912417,-60.28660943154,-57.3419889446682,-57.3879643219725,-60.1817261614571,-57.2937477982709
1.80966666666667,-57.4383896135881,-60.3053300474497,-57.3582851199629,-57.4042847982254,-60.2004731735184,-57.3101094524464
1.81,-57.4545735206099,-60.3240228620566,-57.3745544447921,-57.4205784064593,-60.2191922070308,-57.3264441675856
1.81033333333333,-57.4707305737875,-60.3426879387792,-57.3907969811029,-57.4368452090245,-60.2378833259986,-57.3427520066665
1.81066666666667,-57.4868608344102,-60.3613253408418,-57.4070127906497,-57.4530852680765,-60.2565465942308,-57.3590330324717
1.811,-57.5029643635777,-60.3799351312759,-57.4232019349951,-57.4692986455776,-60.2751820753411,-57.3752873075888
1.81133333333333,-57.5190412222,-60.3985173729203,-57.4393644755104,-57.4854854032966,-60.2937898327489,-57.3915148944109
1.81166666666667,-57.5350914709986,-60.4170721284223,-57.4555004733766,-57.5016456028099,-60.3123699296803,-57.4077158551378
1.812,-57.5511151705069,-60.435599460238,-57.4716099895848,-57.5177793055025,-60.3309224291684,-57.4238902517764
1.81233333333333,-57.5671123810707,-60.4540994306335,-57.4876930849369,-57.533886572568,-60.3494473940542,-57.4400381461412
1.81266666666667,-57.5830831628493,-60.472572101685,-57.5037498200461,-57.5499674650097,-60.3679448869876,-57.4561595998553
1.813,-57.5990275758157,-60.4910175352801,-57.5197802553381,-57.5660220436414,-60.3864149704275,-57.4722546743509
1.81333333333333,-57.6149456797575,-60.5094357931183,-57.5357844510511,-57.5820503690875,-60.4048577066431,-57.4883234308701
1.81366666666667,-57.6308375342774,-60.5278269367113,-57.5517624672368,-57.5980525017845,-60.4232731577142,-57.5043659304655
1.814,-57.646703198794,-60.5461910273845,-57.5677143637612,-57.6140285019807,-60.4416613855322,-57.5203822340007
1.81433333333333,-57.6625427325422,-60.5645281262769,-57.5836402003049,-57.6299784297377,-60.4600224518005,-57.5363724021515
1.81466666666667,-57.6783561945742,-60.5828382943424,-57.5995400363639,-57.6459023449306,-60.4783564180358,-57.5523364954059
1.815,-57.6941436437596,-60.60112159235,-57.6154139312503,-57.6618003072488,-60.496663345568,-57.5682745740652
1.81533333333333,-57.7099051387867,-60.6193780808851,-57.6312619440929,-57.6776723761966,-60.5149432955413,-57.5841866982446
1.81566666666667,-57.7256407381625,-60.6376078203495,-57.6470841338379,-57.6935186110941,-60.5331963289152,-57.6000729278738
1.816,-57.7413505002138,-60.6558108709625,-57.6628805592493,-57.7093390710773,-60.5514225064645,-57.6159333226976
1.81633333333333,-57.7570344830875,-60.6739872927616,-57.67865127891,-57.7251338150994,-60.5696218887807,-57.6317679422766
1.81666666666667,-57.7726927447516,-60.692137145603,-57.6943963512219,-57.7409029019311,-60.5877945362721,-57.6475768459882
1.817,-57.7883253429953,-60.7102604891623,-57.7101158344071,-57.7566463901612,-60.6059405091649,-57.6633600930265
1.81733333333333,-57.80393233543,-60.7283573829353,-57.725809786508,-57.7723643381975,-60.6240598675037,-57.6791177424038
1.81766666666667,-57.8195137794901,-60.7464278862387,-57.7414782653883,-57.7880568042671,-60.6421526711523,-57.6948498529507
1.818,-57.8350697324331,-60.7644720582106,-57.7571213287334,-57.8037238464175,-60.660218979794,-57.7105564833167
1.81833333333333,-57.8506002513404,-60.7824899578111,-57.7727390340514,-57.8193655225167,-60.6782588529329,-57.7262376919715
1.81866666666667,-57.8661053931182,-60.8004816438235,-57.788331438673,-57.8349818902544,-60.696272349894,-57.7418935372047
1.819,-57.8815852144979,-60.8184471748541,-57.8038985997531,-57.8505730071421,-60.7142595298243,-57.7575240771273
1.81933333333333,-57.8970397720367,-60.8363866093338,-57.8194405742707,-57.8661389305142,-60.7322204516932,-57.7731293696718
1.81966666666667,-57.9124691221181,-60.8543000055179,-57.8349574190295,-57.8816797175282,-60.7501551742932,-57.7887094725932
1.82,-57.9278733209528,-60.8721874214876,-57.8504491906591,-57.8971954251659,-60.7680637562407,-57.8042644434691
1.82033333333333,-57.9432524245791,-60.8900489151498,-57.8659159456152,-57.9126861102333,-60.7859462559765,-57.8197943397012
1.82066666666667,-57.9586064888635,-60.9078845442384,-57.8813577401802,-57.9281518293619,-60.8038027317666,-57.8352992185149
1.821,-57.9739355695015,-60.9256943663146,-57.896774630464,-57.9435926390088,-60.8216332417027,-57.8507791369608
1.82133333333333,-57.989239722018,-60.9434784387678,-57.9121666724044,-57.9590085954578,-60.8394378437031,-57.866234151915
1.82166666666667,-58.0045190017678,-60.9612368188161,-57.927533921768,-57.9743997548197,-60.857216595513,-57.8816643200794
1.822,-58.0197734639367,-60.9789695635068,-57.9428764341504,-57.9897661730329,-60.8749695547055,-57.8970696979829
1.82233333333333,-58.0350031635414,-60.9966767297172,-57.9581942649773,-58.0051079058642,-60.892696778682,-57.9124503419817
1.82266666666667,-58.0502081554307,-61.0143583741555,-57.9734874695047,-58.0204250089092,-60.910398324673,-57.92780630826
1.823,-58.0653884942859,-61.0320145533609,-57.9887561028197,-58.0357175375934,-60.9280742497387,-57.9431376528305
1.82333333333333,-58.0805442346209,-61.0496453237046,-58.004000219841,-58.0509855471721,-60.9457246107696,-57.9584444315352
1.82366666666667,-58.0956754307839,-61.0672507413903,-58.0192198753196,-58.0662290927314,-60.963349464487,-57.973726700046
1.824,-58.1107821369567,-61.0848308624548,-58.0344151238394,-58.081448229189,-60.980948867444,-57.988984513865
1.82433333333333,-58.1258644071563,-61.1023857427689,-58.0495860198176,-58.0966430112944,-60.9985228760258,-58.0042179283255
1.82466666666667,-58.140922295235,-61.1199154380375,-58.0647326175056,-58.1118134936297,-61.0160715464507,-58.0194269985926
1.825,-58.1559558548808,-61.1374200038008,-58.0798549709893,-58.1269597306102,-61.03359493477,-58.0346117796635
1.82533333333333,-58.1709651396187,-61.1548994954345,-58.09495313419,-58.1420817764851,-61.0510930968696,-58.0497723263682
1.82566666666667,-58.1859502028104,-61.1723539681506,-58.1100271608645,-58.1571796853376,-61.0685660884698,-58.0649086933703
1.826,-58.2009110976557,-61.189783476998,-58.1250771046062,-58.1722535110864,-61.0860139651265,-58.0800209351675
1.82633333333333,-58.2158478771923,-61.207188076863,-58.1401030188456,-58.1873033074853,-61.1034367822313,-58.0951091060921
1.82666666666667,-58.2307605942971,-61.2245678224701,-58.1551049568505,-58.2023291281246,-61.1208345950126,-58.1101732603116
1.827,-58.2456493016862,-61.2419227683825,-58.1700829717269,-58.2173310264312,-61.1382074585359,-58.1252134518296
1.82733333333333,-58.2605140519158,-61.2592529690026,-58.1850371164197,-58.2323090556693,-61.1555554277046,-58.1402297344859
1.82766666666667,-58.2753548973825,-61.2765584785728,-58.1999674437129,-58.247263268941,-61.1728785572604,-58.1552221619574
1.828,-58.2901718903242,-61.293839351176,-58.2148740062303,-58.2621937191871,-61.190176901784,-58.1701907877588
1.82833333333333,-58.3049650828205,-61.3110956407363,-58.2297568564364,-58.2771004591872,-61.207450515696,-58.1851356652428
1.82866666666667,-58.3197345267932,-61.3283274010192,-58.2446160466365,-58.2919835415608,-61.2246994532569,-58.2000568476011
1.829,-58.3344802740068,-61.3455346856329,-58.2594516289775,-58.3068430187675,-61.2419237685681,-58.2149543878646
1.82933333333333,-58.3492023760693,-61.3627175480282,-58.2742636554486,-58.3216789431078,-61.2591235155726,-58.2298283389042
1.82966666666667,-58.3639008844327,-61.3798760414994,-58.2890521778815,-58.3364913667235,-61.2762987480553,-58.2446787534315
1.83,-58.3785758503934,-61.397010219185,-58.3038172479513,-58.3512803415985,-61.2934495196436,-58.2595056839991
1.83033333333333,-58.3932273250927,-61.4141201340681,-58.3185589171768,-58.366045919559,-61.3105758838084,-58.2743091830012
1.83066666666667,-58.4078553595176,-61.431205838977,-58.3332772369214,-58.3807881522746,-61.3276778938641,-58.2890893026745
1.831,-58.4224600045014,-61.4482673865857,-58.3479722583933,-58.3955070912583,-61.3447556029696,-58.3038460950983
1.83133333333333,-58.4370413107239,-61.4653048294148,-58.3626440326461,-58.4102027878674,-61.3618090641288,-58.3185796121955
1.83166666666667,-58.4515993287121,-61.4823182198316,-58.3772926105797,-58.424875293304,-61.378838330191,-58.3332899057327
1.832,-58.466134108841,-61.4993076100511,-58.3919180429406,-58.4395246586156,-61.3958434538518,-58.3479770273214
1.83233333333333,-58.4806457013335,-61.5162730521365,-58.406520380322,-58.4541509346956,-61.4128244876533,-58.3626410284179
1.83266666666667,-58.4951341562618,-61.5332145979994,-58.4210996731655,-58.4687541722837,-61.429781483985,-58.3772819603242
1.833,-58.5095995235473,-61.5501322994009,-58.4356559717604,-58.4833344219668,-61.4467144950843,-58.3918998741886
1.83333333333333,-58.5240418529613,-61.5670262079516,-58.4501893262449,-58.4978917341792,-61.4636235730367,-58.4064948210061
1.83366666666667,-58.5384611941256,-61.5838963751127,-58.4646997866068,-58.5124261592036,-61.4805087697772,-58.4210668516192
1.834,-58.552857596513,-61.6007428521963,-58.4791874026835,-58.5269377471709,-61.4973701370898,-58.4356160167179
1.83433333333333,-58.5672311094478,-61.6175656903658,-58.4936522241629,-58.5414265480616,-61.5142077266089,-58.450142366841
1.83466666666667,-58.5815817821065,-61.6343649406367,-58.5080943005838,-58.5558926117059,-61.5310215898195,-58.464645952376
1.835,-58.5959096635181,-61.6511406538772,-58.5225136813365,-58.570335987784,-61.5478117780579,-58.4791268235601
1.83533333333333,-58.6102148025645,-61.6678928808086,-58.5369104156635,-58.5847567258273,-61.5645783425121,-58.4935850304805
1.83566666666667,-58.6244972479816,-61.6846216720057,-58.5512845526594,-58.5991548752184,-61.5813213342223,-58.508020623075
1.836,-58.6387570483592,-61.7013270778977,-58.5656361412724,-58.6135304851918,-61.5980408040818,-58.5224336511324
1.83633333333333,-58.6529942521419,-61.7180091487685,-58.5799652303039,-58.6278836048345,-61.6147368028373,-58.5368241642935
1.83666666666667,-58.6672089076294,-61.7346679347574,-58.5942718684095,-58.6422142830863,-61.6314093810894,-58.5511922120511
1.837,-58.6814010629773,-61.7513034858593,-58.6085561040997,-58.6565225687407,-61.6480585892933,-58.5655378437507
1.83733333333333,-58.6955707661971,-61.7679158519258,-58.6228179857399,-58.6708085104452,-61.6646844777592,-58.5798611085912
1.83766666666667,-58.7097180651574,-61.7845050826652,-58.6370575615512,-58.6850721567017,-61.681287096653,-58.5941620556253
1.838,-58.7238430075838,-61.8010712276433,-58.651274879611,-58.6993135558675,-61.6978664959966,-58.6084407337601
1.83833333333333,-58.7379456410598,-61.8176143362839,-58.6654699878533,-58.7135327561552,-61.7144227256688,-58.6226971917574
1.83866666666667,-58.7520260130271,-61.8341344578694,-58.6796429340695,-58.7277298056336,-61.7309558354053,-58.6369314782344
1.839,-58.7660841707863,-61.8506316415411,-58.6937937659087,-58.7419047522282,-61.7474658748,-58.6511436416646
1.83933333333333,-58.7801201614969,-61.8671059362999,-58.7079225308781,-58.7560576437216,-61.7639528933046,-58.6653337303773
1.83966666666667,-58.7941340321787,-61.8835573910069,-58.7220292763438,-58.7701885277542,-61.78041694023,-58.6795017925593
1.84,-58.8081258297114,-61.8999860543835,-58.7361140495312,-58.7842974518245,-61.7968580647462,-58.6936478762547
1.84033333333333,-58.8220956008357,-61.9163919750126,-58.7501768975254,-58.7983844632896,-61.8132763158831,-58.7077720293654
1.84066666666667,-58.8360433921535,-61.9327752013384,-58.7642178672716,-58.812449609366,-61.8296717425311,-58.7218742996521
1.841,-58.8499692501283,-61.9491357816676,-58.7782370055762,-58.8264929371298,-61.8460443934413,-58.7359547347342
1.84133333333333,-58.8638732210862,-61.9654737641693,-58.7922343591066,-58.8405144935173,-61.8623943172264,-58.750013382091
1.84166666666667,-58.8777553512157,-61.9817891968758,-58.8062099743918,-58.8545143253257,-61.8787215623609,-58.7640502890615
1.842,-58.891615686569,-61.9980821276831,-58.8201638978235,-58.8684924792132,-61.8950261771818,-58.7780655028453
1.84233333333333,-58.9054542730615,-62.0143526043516,-58.8340961756558,-58.8824490016999,-61.9113082098891,-58.7920590705031
1.84266666666667,-58.9192711564732,-62.030600674506,-58.8480068540062,-58.896383939168,-61.9275677085462,-58.8060310389573
1.843,-58.9330663824487,-62.0468263856365,-58.861895978856,-58.9102973378626,-61.9438047210805,-58.819981454992
1.84333333333333,-58.9468399964977,-62.0630297850988,-58.8757635960507,-58.9241892438918,-61.9600192952838,-58.833910365254
1.84366666666667,-58.9605920439958,-62.079210920115,-58.8896097513002,-58.9380597032276,-61.9762114788129,-58.8478178162531
1.844,-58.9743225701844,-62.0953698377737,-58.9034344901802,-58.951908761706,-61.9923813191903,-58.8617038543628
1.84433333333333,-58.9880316201719,-62.1115065850307,-58.9172378581315,-58.9657364650279,-62.0085288638041,-58.8755685258204
1.84466666666667,-59.0017192389336,-62.1276212087096,-58.9310199004615,-58.9795428587593,-62.0246541599091,-58.8894118767277
1.845,-59.0153854713123,-62.1437137555019,-58.944780662344,-58.9933279883317,-62.0407572546272,-58.9032339530518
1.84533333333333,-59.029030362019,-62.1597842719679,-58.95852018882,-59.0070918990432,-62.0568381949474,-58.9170348006249
1.84566666666667,-59.0426539556332,-62.1758328045372,-58.972238524798,-59.0208346360579,-62.072897027727,-58.9308144651453
1.846,-59.0562562966034,-62.1918593995088,-58.9859357150548,-59.0345562444075,-62.0889337996915,-58.944572992178
1.84633333333333,-59.0698374292474,-62.2078641030517,-58.9996118042355,-59.0482567689911,-62.1049485574354,-58.9583104271545
1.84666666666667,-59.0833973977531,-62.2238469612058,-59.0132668368544,-59.061936254576,-62.1209413474227,-58.9720268153741
1.847,-59.0969362461789,-62.2398080198817,-59.026900857295,-59.0755947457977,-62.1369122159872,-58.9857222020038
1.84733333333333,-59.1104540184536,-62.2557473248618,-59.0405139098112,-59.0892322871611,-62.152861209333,-58.9993966320789
1.84766666666667,-59.1239507583778,-62.2716649218003,-59.0541060385269,-59.1028489230403,-62.1687883735353,-59.0130501505038
1.848,-59.1374265096235,-62.2875608562241,-59.0676772874371,-59.1164446976796,-62.1846937545404,-59.0266828020519
1.84833333333333,-59.1508813157352,-62.3034351735327,-59.0812277004081,-59.1300196551935,-62.2005773981665,-59.0402946313667
1.84866666666667,-59.1643152201299,-62.3192879189994,-59.0947573211779,-59.1435738395674,-62.216439350104,-59.0538856829617
1.849,-59.1777282660979,-62.3351191377711,-59.1082661933569,-59.1571072946583,-62.2322796559161,-59.0674560012212
1.84933333333333,-59.1911204968028,-62.3509288748692,-59.1217543604281,-59.1706200641948,-62.2480983610394,-59.0810056304008
1.84966666666667,-59.2044919552826,-62.3667171751898,-59.1352218657477,-59.1841121917776,-62.2638955107838,-59.0945346146276
1.85,-59.2178426844495,-62.3824840835042,-59.1486687525457,-59.1975837208806,-62.2796711503337,-59.1080429979008
1.85033333333333,-59.2311727270908,-62.3982296444596,-59.1620950639259,-59.2110346948505,-62.2954253247478,-59.1215308240923
1.85066666666667,-59.2444821258691,-62.4139539025794,-59.1755008428667,-59.2244651569077,-62.3111580789603,-59.134998136947
1.851,-59.2577709233228,-62.4296569022633,-59.1888861322216,-59.2378751501468,-62.3268694577804,-59.1484449800831
1.85133333333333,-59.2710391618667,-62.4453386877884,-59.2022509747195,-59.251264717537,-62.3425595058937,-59.1618713969931
1.85166666666667,-59.2842868837922,-62.4609993033093,-59.2155954129649,-59.2646339019222,-62.3582282678622,-59.1752774310435
1.852,-59.2975141312678,-62.4766387928585,-59.228919489439,-59.2779827460222,-62.3738757881246,-59.1886631254759
1.85233333333333,-59.3107209463397,-62.4922572003469,-59.2422232464994,-59.2913112924323,-62.389502110997,-59.2020285234071
1.85266666666667,-59.323907370932,-62.5078545695643,-59.2555067263812,-59.3046195836242,-62.4051072806735,-59.2153736678296
1.853,-59.3370734468475,-62.52343094418,-59.2687699711968,-59.3179076619466,-62.4206913412262,-59.2286986016123
1.85333333333333,-59.3502192157674,-62.5389863677428,-59.282013022937,-59.3311755696252,-62.4362543366061,-59.2420033675004
1.85366666666667,-59.3633447192527,-62.5545208836818,-59.2952359234708,-59.3444233487636,-62.4517963106431,-59.2552880081164
1.854,-59.376449998744,-62.5700345353068,-59.3084387145463,-59.3576510413431,-62.4673173070471,-59.2685525659603
1.85433333333333,-59.3895350955619,-62.5855273658085,-59.321621437791,-59.370858689224,-62.4828173694075,-59.2817970834101
1.85466666666667,-59.4026000509078,-62.6009994182595,-59.334784134712,-59.3840463341452,-62.4982965411945,-59.2950216027219
1.855,-59.415644905864,-62.6164507356138,-59.3479268466967,-59.3972140177252,-62.5137548657592,-59.3082261660309
1.85533333333333,-59.4286697013943,-62.6318813607082,-59.3610496150133,-59.4103617814623,-62.5291923863338,-59.3214108153517
1.85566666666667,-59.4416744783445,-62.6472913362621,-59.374152480811,-59.4234896667352,-62.5446091460325,-59.3345755925781
1.856,-59.4546592774424,-62.6626807048783,-59.3872354851202,-59.436597714803,-62.5600051878516,-59.3477205394845
1.85633333333333,-59.4676241392987,-62.6780495090429,-59.4002986688537,-59.449685966806,-62.5753805546701,-59.3608456977255
1.85666666666667,-59.4805691044072,-62.6933977911265,-59.4133420728063,-59.4627544637664,-62.59073528925,-59.3739511088371
1.857,-59.4934942131452,-62.7087255933839,-59.4263657376558,-59.4758032465878,-62.6060694342367,-59.3870368142362
1.85733333333333,-59.5063995057739,-62.724032957955,-59.4393697039628,-59.4888323560567,-62.6213830321597,-59.4001028552219
1.85766666666667,-59.519285022439,-62.739319926865,-59.4523540121718,-59.5018418328422,-62.6366761254326,-59.4131492729754
1.858,-59.5321508031709,-62.7545865420247,-59.4653187026112,-59.5148317174965,-62.6519487563541,-59.4261761085607
1.85833333333333,-59.5449968878851,-62.7698328452313,-59.478263815494,-59.5278020504556,-62.6672009671076,-59.4391834029248
1.85866666666667,-59.5578233163828,-62.7850588781685,-59.4911893909177,-59.5407528720396,-62.6824327997626,-59.452171196898
1.859,-59.5706301283512,-62.8002646824069,-59.5040954688652,-59.553684222453,-62.6976442962742,-59.465139531195
1.85933333333333,-59.5834173633639,-62.8154502994047,-59.5169820892051,-59.5665961417851,-62.7128354984841,-59.4780884464145
1.85966666666667,-59.5961850608811,-62.8306157705076,-59.5298492916919,-59.5794886700108,-62.7280064481208,-59.49101798304
1.86,-59.6089332602504,-62.8457611369499,-59.5426971159667,-59.5923618469903,-62.7431571868001,-59.5039281814402
1.86033333333333,-59.6216620007071,-62.8608864398543,-59.5555256015574,-59.6052157124702,-62.7582877560253,-59.5168190818694
1.86066666666667,-59.6343713213741,-62.8759917202325,-59.5683347878791,-59.6180503060836,-62.773398197188,-59.5296907244678
1.861,-59.6470612612632,-62.8910770189857,-59.5811247142346,-59.6308656673504,-62.7884885515681,-59.5425431492622
1.86133333333333,-59.6597318592747,-62.9061423769051,-59.5938954198148,-59.6436618356779,-62.8035588603343,-59.555376396166
1.86166666666667,-59.672383154198,-62.9211878346717,-59.6066469436989,-59.6564388503611,-62.8186091645446,-59.5681905049797
1.862,-59.6850151847122,-62.9362134328576,-59.6193793248551,-59.6691967505832,-62.833639505147,-59.5809855153916
1.86233333333333,-59.6976279893865,-62.9512192119256,-59.6320926021409,-59.6819355754158,-62.8486499229791,-59.5937614669781
1.86266666666667,-59.7102216066803,-62.96620521223,-59.6447868143031,-59.6946553638195,-62.8636404587693,-59.6065183992036
1.863,-59.7227960749437,-62.9811714740169,-59.657461999979,-59.7073561546443,-62.8786111531367,-59.6192563514216
1.86333333333333,-59.735351432418,-62.9961180374247,-59.6701181976959,-59.7200379866297,-62.8935620465916,-59.6319753628748
1.86366666666667,-59.747887717236,-63.0110449424842,-59.682755445872,-59.7327008984055,-62.9084931795362,-59.6446754726953
1.864,-59.7604049674225,-63.0259522291194,-59.6953737828169,-59.7453449284919,-62.9234045922645,-59.6573567199054
1.86433333333333,-59.7729032208945,-63.0408399371474,-59.7079732467316,-59.7579701152999,-62.9382963249631,-59.6700191434175
1.86466666666667,-59.7853825154615,-63.0557081062791,-59.7205538757089,-59.770576497132,-62.9531684177112,-59.6826627820351
1.865,-59.7978428888263,-63.0705567761197,-59.7331157077343,-59.783164112182,-62.9680209104815,-59.6952876744524
1.86533333333333,-59.8102843785849,-63.0853859861687,-59.7456587806856,-59.7957329985362,-62.9828538431401,-59.7078938592555
1.86566666666667,-59.8227070222273,-63.1001957758206,-59.7581831323341,-59.8082831941729,-62.9976672554469,-59.7204813749223
1.866,-59.8351108571375,-63.1149861843651,-59.7706888003443,-59.8208147369634,-63.0124611870567,-59.733050259823
1.86633333333333,-59.8474959205941,-63.1297572509875,-59.7831758222746,-59.8333276646721,-63.0272356775184,-59.7456005522203
1.86666666666667,-59.8598622497706,-63.1445090147692,-59.7956442355777,-59.8458220149571,-63.0419907662763,-59.7581322902704
1.867,-59.8722098817358,-63.1592415146878,-59.8080940776008,-59.8582978253704,-63.0567264926704,-59.7706455120225
1.86733333333333,-59.8845388534541,-63.173954789618,-59.8205253855862,-59.870755133358,-63.0714428959361,-59.7831402554198
1.86766666666667,-59.896849201786,-63.1886488783311,-59.8329381966713,-59.8831939762611,-63.0861400152054,-59.7956165582996
1.868,-59.9091409634884,-63.2033238194965,-59.8453325478895,-59.8956143913156,-63.1008178895067,-59.808074458394
1.86833333333333,-59.9214141752148,-63.2179796516808,-59.8577084761701,-59.9080164156529,-63.1154765577655,-59.8205139933298
1.86866666666667,-59.9336688735158,-63.2326164133494,-59.8700660183388,-59.9204000863002,-63.1301160588045,-59.8329352006292
1.869,-59.9459050948397,-63.247234142866,-59.8824052111182,-59.932765440181,-63.1447364313443,-59.84533811771
1.86933333333333,-59.9581228755325,-63.2618328784932,-59.8947260911279,-59.9451125141151,-63.1593377140034,-59.8577227818862
1.86966666666667,-59.9703222518384,-63.2764126583929,-59.9070286948854,-59.9574413448194,-63.1739199452989,-59.8700892303681
1.87,-59.9825032599,-63.2909735206269,-59.9193130588058,-59.969751968908,-63.1884831636465,-59.8824375002628
1.87033333333333,-59.9946659357591,-63.3055155031568,-59.9315792192024,-59.9820444228925,-63.2030274073613,-59.8947676285746
1.87066666666667,-60.0068103153565,-63.3200386438446,-59.9438272122871,-59.9943187431827,-63.2175527146577,-59.9070796522053
1.871,-60.0189364345329,-63.3345429804531,-59.9560570741711,-60.0065749660865,-63.2320591236502,-59.9193736079545
1.87133333333333,-60.0310443290285,-63.3490285506462,-59.9682688408645,-60.0188131278108,-63.2465466723532,-59.93164953252
1.87166666666667,-60.0431340344843,-63.363495391989,-59.9804625482773,-60.0310332644613,-63.2610153986822,-59.9439074624983
1.872,-60.0552055864417,-63.3779435419487,-59.9926382322195,-60.0432354120432,-63.2754653404531,-59.9561474343849
1.87233333333333,-60.0672590203433,-63.3923730378945,-60.0047959284013,-60.0554196064615,-63.2898965353834,-59.9683694845743
1.87266666666667,-60.0792943715328,-63.4067839170981,-60.0169356724338,-60.0675858835213,-63.3043090210923,-59.9805736493611
1.873,-60.0913116752558,-63.4211762167339,-60.0290574998292,-60.0797342789282,-63.3187028351009,-59.9927599649395
1.87333333333333,-60.1033109666599,-63.4355499738796,-60.041161446001,-60.0918648282885,-63.3330780148325,-60.0049284674042
1.87366666666667,-60.1152922807951,-63.4499052255164,-60.0532475462644,-60.1039775671099,-63.3474345976133,-60.0170791927508
1.874,-60.1272556526142,-63.4642420085294,-60.0653158358369,-60.1160725308014,-63.3617726206724,-60.0292121768757
1.87433333333333,-60.1392011169729,-63.4785603597077,-60.0773663498383,-60.1281497546739,-63.3760921211425,-60.0413274555768
1.87466666666667,-60.1511287086305,-63.4928603157451,-60.0893991232912,-60.1402092739406,-63.3903931360597,-60.0534250645537
1.875,-60.16303846225,-63.5071419132403,-60.1014141911213,-60.1522511237173,-63.4046757023644,-60.0655050394082
1.87533333333333,-60.1749304123983,-63.5214051886971,-60.1134115881579,-60.1642753390224,-63.4189398569013,-60.0775674156445
1.87566666666667,-60.186804593547,-63.5356501785249,-60.125391349134,-60.1762819547779,-63.4331856364198,-60.0896122286696
1.876,-60.1986610400724,-63.5498769190389,-60.1373535086867,-60.1882710058091,-63.4474130775745,-60.1016395137935
1.87633333333333,-60.2104997862557,-63.5640854464605,-60.1492981013578,-60.2002425268454,-63.4616222169254,-60.1136493062298
1.87666666666667,-60.2223208662837,-63.5782757969177,-60.1612251615934,-60.2121965525203,-63.475813090938,-60.1256416410958
1.877,-60.2341243142489,-63.5924480064454,-60.1731347237454,-60.2241331173718,-63.4899857359842,-60.1376165534132
1.87733333333333,-60.24591016415,-63.6066021109857,-60.1850268220707,-60.2360522558432,-63.504140188342,-60.1495740781076
1.87766666666667,-60.2576784498917,-63.6207381463879,-60.1969014907321,-60.2479540022826,-63.5182764841965,-60.1615142500101
1.878,-60.269429205286,-63.6348561484097,-60.2087587637986,-60.2598383909439,-63.5323946596395,-60.1734371038565
1.87833333333333,-60.2811624640515,-63.6489561527164,-60.2205986752456,-60.271705455987,-63.5464947506703,-60.185342674288
1.87866666666667,-60.2928782598145,-63.6630381948821,-60.2324212589553,-60.2835552314778,-63.5605767931961,-60.197230995852
1.879,-60.3045766261087,-63.6771023103898,-60.244226548717,-60.2953877513889,-63.5746408230319,-60.2091021030018
1.87933333333333,-60.316257596376,-63.6911485346313,-60.2560145782274,-60.3072030495998,-63.5886868759011,-60.220956030097
1.87966666666667,-60.3279212039667,-63.705176902908,-60.267785381091,-60.3190011598971,-63.6027149874359,-60.2327928114042
1.88,-60.3395674821396,-63.7191874504312,-60.2795389908204,-60.3307821159752,-63.6167251931773,-60.2446124810971
1.88033333333333,-60.3511964640626,-63.733180212322,-60.2912754408363,-60.342545951436,-63.6307175285759,-60.2564150732566
1.88066666666667,-60.3628081828129,-63.7471552236122,-60.3029947644686,-60.3542926997899,-63.6446920289916,-60.2682006218718
1.881,-60.3744026713772,-63.761112519244,-60.3146969949557,-60.3660223944556,-63.6586487296946,-60.2799691608394
1.88133333333333,-60.3859799626522,-63.7750521340708,-60.3263821654458,-60.3777350687606,-63.672587665865,-60.2917207239648
1.88166666666667,-60.3975400894448,-63.7889741028572,-60.3380503089964,-60.3894307559417,-63.6865088725938,-60.303455344962
1.882,-60.4090830844725,-63.8028784602797,-60.3497014585751,-60.401109489145,-63.7004123848828,-60.3151730574539
1.88233333333333,-60.4206089803636,-63.8167652409264,-60.3613356470599,-60.4127713014266,-63.7142982376448,-60.3268738949731
1.88266666666667,-60.4321178096576,-63.8306344792979,-60.3729529072392,-60.4244162257523,-63.7281664657043,-60.3385578909615
1.883,-60.4436096048055,-63.8444862098071,-60.3845532718124,-60.4360442949987,-63.7420171037977,-60.3502250787711
1.88333333333333,-60.45508439817,-63.85832046678,-60.3961367733899,-60.4476555419527,-63.7558501865733,-60.3618754916643
1.88366666666667,-60.4665422220259,-63.8721372844557,-60.4077034444941,-60.4592499993126,-63.7696657485919,-60.3735091628139
1.884,-60.4779831085606,-63.8859366969866,-60.4192533175587,-60.4708276996878,-63.7834638243272,-60.3851261253037
1.88433333333333,-60.4894070898737,-63.899718738439,-60.4307864249297,-60.4823886755993,-63.7972444481656,-60.3967264121289
1.88466666666667,-60.5008141979784,-63.9134834427934,-60.4423027988657,-60.4939329594801,-63.8110076544073,-60.4083100561958
1.885,-60.5122044648008,-63.9272308439443,-60.4538024715377,-60.5054605836756,-63.8247534772657,-60.419877090323
1.88533333333333,-60.5235779221806,-63.9409609757011,-60.4652854750301,-60.5169715804434,-63.8384819508684,-60.4314275472409
1.88566666666667,-60.5349346018715,-63.9546738717881,-60.4767518413404,-60.5284659819542,-63.8521931092571,-60.4429614595924
1.886,-60.5462745355415,-63.9683695658448,-60.4882016023797,-60.5399438202917,-63.865886986388,-60.4544788599332
1.88633333333333,-60.5575977547728,-63.9820480914263,-60.4996347899731,-60.5514051274533,-63.8795636161324,-60.4659797807321
1.88666666666667,-60.5689042910627,-63.9957094820035,-60.5110514358601,-60.5628499353499,-63.8932230322765,-60.4774642543712
1.887,-60.5801941758233,-64.0093537709633,-60.5224515716943,-60.5742782758064,-63.9068652685218,-60.4889323131461
1.88733333333333,-60.5914674403822,-64.0229809916092,-60.5338352290446,-60.5856901805623,-63.9204903584858,-60.5003839892665
1.88766666666667,-60.6027241159826,-64.0365911771613,-60.5452024393946,-60.5970856812716,-63.9340983357017,-60.5118193148563
1.888,-60.6139642337837,-64.0501843607567,-60.5565532341435,-60.6084648095031,-63.9476892336193,-60.523238321954
1.88833333333333,-60.625187824861,-64.0637605754496,-60.5678876446061,-60.6198275967411,-63.9612630856047,-60.5346410425127
1.88866666666667,-60.6363949202063,-64.0773198542119,-60.5792057020134,-60.6311740743851,-63.974819924941,-60.5460275084009
1.889,-60.6475855507285,-64.0908622299335,-60.5905074375124,-60.6425042737506,-63.9883597848284,-60.5573977514023
1.88933333333333,-60.6587597472533,-64.104387735422,-60.6017928821667,-60.6538182260693,-64.0018826983845,-60.5687518032164
1.88966666666667,-60.669917540524,-64.1178964034037,-60.6130620669569,-60.665115962489,-64.0153886986447,-60.5800896954587
1.89,-60.6810589612015,-64.1313882665235,-60.6243150227805,-60.6763975140744,-64.0288778185624,-60.5914114596609
1.89033333333333,-60.6921840398646,-64.1448633573453,-60.6355517804527,-60.6876629118071,-64.0423500910091,-60.6027171272714
1.89066666666667,-60.7032928070104,-64.1583217083521,-60.6467723707061,-60.6989121865859,-64.0558055487751,-60.6140067296553
1.891,-60.7143852930546,-64.1717633519464,-60.6579768241914,-60.7101453692272,-64.0692442245694,-60.625280298095
1.89133333333333,-60.7254615283314,-64.1851883204507,-60.6691651714776,-60.721362490465,-64.08266615102,-60.6365378637902
1.89166666666667,-60.7365215430943,-64.1985966461073,-60.6803374430522,-60.7325635809518,-64.0960713606746,-60.6477794578584
1.892,-60.7475653675162,-64.211988361079,-60.6914936693215,-60.7437486712581,-64.1094598860002,-60.659005111335
1.89233333333333,-60.7585930316893,-64.2253634974491,-60.7026338806108,-60.7549177918731,-64.1228317593841,-60.6702148551738
1.89266666666667,-60.769604565626,-64.2387220872218,-60.7137581071651,-60.7660709732052,-64.1361870131335,-60.6814087202469
1.893,-60.7805999992587,-64.2520641623223,-60.7248663791486,-60.7772082455818,-64.1495256794763,-60.6925867373455
1.89333333333333,-60.7915793624405,-64.2653897545975,-60.7359587266457,-60.7883296392498,-64.162847790561,-60.7037489371797
1.89366666666667,-60.8025426849448,-64.2786988958158,-60.7470351796609,-60.7994351843758,-64.1761533784572,-60.7148953503793
1.894,-60.8134899964663,-64.2919916176675,-60.7580957681193,-60.8105249110465,-64.1894424751559,-60.7260260074933
1.89433333333333,-60.8244213266209,-64.3052679517651,-60.7691405218665,-60.8215988492691,-64.2027151125693,-60.737140938991
1.89466666666667,-60.835336704946,-64.3185279296436,-60.7801694706693,-60.8326570289711,-64.2159713225318,-60.7482401752618
1.895,-60.8462361609007,-64.3317715827609,-60.7911826442156,-60.843699480001,-64.2292111367998,-60.7593237466155
1.89533333333333,-60.8571197238662,-64.3449989424975,-60.802180072115,-60.8547262321284,-64.2424345870519,-60.7703916832827
1.89566666666667,-60.8679874231461,-64.3582100401576,-60.8131617838989,-60.8657373150441,-64.2556417048894,-60.7814440154151
1.896,-60.8788392879666,-64.3714049069685,-60.8241278090207,-60.876732758361,-64.2688325218367,-60.7924807730855
1.89633333333333,-60.8896753474767,-64.3845835740816,-60.8350781768561,-60.8877125916134,-64.2820070693408,-60.8035019862884
1.89666666666667,-60.9004956307483,-64.3977460725722,-60.8460129167036,-60.8986768442583,-64.2951653787728,-60.8145076849402
1.897,-60.9113001667771,-64.4108924334398,-60.8569320577843,-60.9096255456748,-64.3083074814268,-60.8254978988791
1.89733333333333,-60.9220889844822,-64.4240226876085,-60.8678356292426,-60.9205587251648,-64.3214334085212,-60.836472657866
1.89766666666667,-60.9328621127064,-64.4371368659272,-60.8787236601463,-60.9314764119533,-64.3345431911985,-60.8474319915842
1.898,-60.9436195802171,-64.4502349991699,-60.8895961794869,-60.9423786351884,-64.3476368605256,-60.8583759296399
1.89833333333333,-60.9543614157057,-64.4633171180358,-60.9004532161795,-60.9532654239417,-64.3607144474941,-60.8693045015625
1.89866666666667,-60.9650876477886,-64.4763832531497,-60.9112947990636,-60.9641368072089,-64.3737759830204,-60.8802177368048
1.899,-60.9757983050068,-64.4894334350622,-60.9221209569033,-60.9749928139092,-64.3868214979463,-60.8911156647431
1.89933333333333,-60.9864934158267,-64.5024676942499,-60.932931718387,-60.9858334728864,-64.3998510230388,-60.901998314678
1.89966666666667,-60.99717300864,-64.5154860611157,-60.9437271121283,-60.9966588129089,-64.4128645889909,-60.9128657158338
1.9,-61.0078371117643,-64.5284885659891,-60.9545071666658,-61.0074688626697,-64.4258622264213,-60.9237178973596
1.90033333333333,-61.0184857534429,-64.5414752391264,-60.9652719104638,-61.018263650787,-64.4388439658749,-60.9345548883291
1.90066666666667,-61.0291189618453,-64.5544461107108,-60.976021371912,-61.0290432058041,-64.451809837823,-60.9453767177408
1.901,-61.0397367650676,-64.567401210853,-60.9867555793262,-61.0398075561901,-64.4647598726637,-60.9561834145185
1.90133333333333,-61.0503391911324,-64.5803405695909,-60.9974745609484,-61.0505567303397,-64.4776941007221,-60.9669750075115
1.90166666666667,-61.0609262679894,-64.5932642168905,-61.0081783449469,-61.0612907565739,-64.4906125522501,-60.9777515254948
1.902,-61.0714980235153,-64.6061721826455,-61.018866959417,-61.0720096631397,-64.5035152574274,-60.9885129971693
1.90233333333333,-61.0820544855144,-64.6190644966781,-61.0295404323805,-61.082713478211,-64.5164022463611,-60.9992594511621
1.90266666666667,-61.0925956817186,-64.6319411887388,-61.0401987917868,-61.0934022298881,-64.5292735490863,-61.0099909160268
1.903,-61.1031216397876,-64.644802288507,-61.0508420655125,-61.1040759461989,-64.5421291955662,-61.0207074202436
1.90333333333333,-61.1136323873093,-64.6576478255908,-61.0614702813619,-61.114734655098,-64.5549692156925,-61.0314089922198
1.90366666666667,-61.1241279518002,-64.6704778295276,-61.0720834670672,-61.1253783844679,-64.5677936392852,-61.0420956602898
1.904,-61.1346083607053,-64.6832923297844,-61.0826816502889,-61.1360071621188,-64.5806024960935,-61.0527674527153
1.90433333333333,-61.1450736413983,-64.6960913557576,-61.0932648586157,-61.1466210157891,-64.5933958157954,-61.063424397686
1.90466666666667,-61.1555238211823,-64.7088749367736,-61.103833119565,-61.1572199731451,-64.6061736279983,-61.0740665233193
1.905,-61.1659589272896,-64.7216431020891,-61.1143864605831,-61.1678040617819,-64.6189359622393,-61.0846938576609
1.90533333333333,-61.1763789868822,-64.7343958808908,-61.1249249090456,-61.1783733092233,-64.6316828479851,-61.0953064286847
1.90566666666667,-61.1867840270517,-64.7471333022962,-61.1354484922571,-61.1889277429221,-64.6444143146325,-61.1059042642934
1.906,-61.1971740748201,-64.7598553953536,-61.1459572374521,-61.1994673902602,-64.6571303915085,-61.1164873923185
1.90633333333333,-61.2075491571395,-64.7725621890424,-61.1564511717947,-61.2099922785491,-64.6698311078705,-61.1270558405209
1.90666666666667,-61.2179093008925,-64.7852537122732,-61.1669303223792,-61.2205024350301,-64.6825164929069,-61.1376096365905
1.907,-61.2282545328925,-64.797929993888,-61.1773947162302,-61.2309978868742,-64.6951865757367,-61.1481488081469
1.90733333333333,-61.238584879884,-64.8105910626607,-61.1878443803027,-61.2414786611828,-64.7078413854103,-61.1586733827397
1.90766666666667,-61.2489003685427,-64.823236947297,-61.1982793414827,-61.2519447849875,-64.7204809509093,-61.1691833878484
1.908,-61.2592010254756,-64.835867676435,-61.208699626587,-61.2623962852506,-64.733105301147,-61.1796788508829
1.90833333333333,-61.2694868772216,-64.8484832786448,-61.2191052623636,-61.2728331888655,-64.7457144649686,-61.1901597991835
1.90866666666667,-61.2797579502513,-64.8610837824295,-61.2294962754921,-61.2832555226564,-64.7583084711512,-61.2006262600214
1.909,-61.2900142709678,-64.8736692162249,-61.2398726925838,-61.2936633133791,-64.7708873484044,-61.2110782605987
1.90933333333333,-61.3002558657061,-64.8862396083998,-61.2502345401816,-61.3040565877207,-64.7834511253702,-61.2215158280489
1.90966666666667,-61.3104827607343,-64.8987949872564,-61.2605818447609,-61.3144353723002,-64.7959998306232,-61.2319389894368
1.91,-61.3206949822528,-64.9113353810302,-61.2709146327293,-61.3247996936688,-64.8085334926712,-61.2423477717589
1.91033333333333,-61.3308925563955,-64.9238608178905,-61.2812329304271,-61.3351495783096,-64.8210521399548,-61.2527422019437
1.91066666666667,-61.3410755092293,-64.9363713259407,-61.2915367641271,-61.3454850526386,-64.8335558008485,-61.2631223068517
1.911,-61.3512438667548,-64.9488669332181,-61.3018261600356,-61.3558061430041,-64.84604450366,-61.2734881132758
1.91133333333333,-61.3613976549061,-64.9613476676944,-61.3121011442919,-61.3661128756875,-64.8585182766309,-61.2838396479417
1.91166666666667,-61.3715368995513,-64.9738135572761,-61.3223617429686,-61.3764052769034,-64.8709771479369,-61.2941769375077
1.912,-61.3816616264928,-64.9862646298042,-61.3326079820725,-61.3866833727997,-64.8834211456879,-61.3045000085651
1.91233333333333,-61.3917718614671,-64.9987009130547,-61.3428398875437,-61.3969471894579,-64.8958502979283,-61.3148088876386
1.91266666666667,-61.4018676301456,-65.0111224347391,-61.3530574852571,-61.4071967528933,-64.9082646326372,-61.3251036011864
1.913,-61.4119489581344,-65.0235292225041,-61.3632608010214,-61.4174320890552,-64.9206641777285,-61.3353841756003
1.91333333333333,-61.4220158709744,-65.035921303932,-61.3734498605802,-61.4276532238272,-64.9330489610512,-61.3456506372059
1.91366666666667,-61.4320683941421,-65.048298706541,-61.3836246896117,-61.4378601830274,-64.9454190103897,-61.3559030122633
1.914,-61.4421065530492,-65.0606614577853,-61.3937853137294,-61.4480529924086,-64.9577743534638,-61.3661413269666
1.91433333333333,-61.4521303730433,-65.0730095850556,-61.4039317584817,-61.4582316776582,-64.9701150179292,-61.3763656074447
1.91466666666667,-61.4621398794076,-65.0853431156786,-61.4140640493526,-61.4683962643992,-64.9824410313774,-61.3865758797613
1.915,-61.4721350973616,-65.097662076918,-61.4241822117618,-61.4785467781897,-64.994752421336,-61.3967721699148
1.91533333333333,-61.4821160520611,-65.1099664959743,-61.4342862710647,-61.4886832445232,-65.0070492152691,-61.4069545038392
1.91566666666667,-61.4920827685984,-65.122256399985,-61.4443762525529,-61.4988056888291,-65.0193314405773,-61.4171229074038
1.916,-61.5020352720024,-65.134531816025,-61.4544521814542,-61.5089141364729,-65.0315991245978,-61.4272774064134
1.91633333333333,-61.5119735872391,-65.1467927711065,-61.4645140829331,-61.519008612756,-65.0438522946049,-61.4374180266089
1.91666666666667,-61.5218977392116,-65.1590392921796,-61.4745619820906,-61.5290891429165,-65.0560909778101,-61.4475447936671
1.917,-61.5318077527604,-65.171271406132,-61.4845959039647,-61.5391557521288,-65.0683152013623,-61.4576577332011
1.91733333333333,-61.5417036526634,-65.1834891397897,-61.4946158735304,-61.5492084655043,-65.0805249923477,-61.4677568707606
1.91766666666667,-61.5515854636365,-65.1956925199169,-61.5046219157003,-61.5592473080915,-65.0927203777906,-61.477842231832
1.918,-61.5614532103333,-65.2078815732162,-61.5146140553243,-61.5692723048759,-65.104901384653,-61.4879138418384
1.91833333333333,-61.5713069173459,-65.2200563263291,-61.5245923171901,-61.5792834807806,-65.1170680398352,-61.4979717261402
1.91866666666667,-61.5811466092046,-65.2322168058356,-61.5345567260234,-61.5892808606662,-65.1292203701759,-61.508015910035
1.919,-61.5909723103782,-65.2443630382551,-61.544507306488,-61.5992644693313,-65.1413584024523,-61.5180464187582
1.91933333333333,-61.6007840452744,-65.2564950500461,-61.5544440831861,-61.6092343315125,-65.1534821633802,-61.5280632774826
1.91966666666667,-61.6105818382399,-65.2686128676064,-61.5643670806584,-61.6191904718845,-65.1655916796147,-61.538066511319
1.92,-61.6203657135606,-65.2807165172739,-61.5742763233844,-61.6291329150608,-65.1776869777497,-61.5480561453166
1.92033333333333,-61.6301356954617,-65.2928060253259,-61.5841718357825,-61.6390616855932,-65.1897680843187,-61.5580322044627
1.92066666666667,-61.6398918081081,-65.3048814179798,-61.5940536422105,-61.6489768079726,-65.2018350257945,-61.5679947136831
1.921,-61.6496340756044,-65.3169427213934,-61.6039217669651,-61.6588783066288,-65.2138878285897,-61.5779436978425
1.92133333333333,-61.6593625219952,-65.3289899616648,-61.613776234283,-61.668766205931,-65.2259265190571,-61.5878791817446
1.92166666666667,-61.6690771712653,-65.3410231648325,-61.6236170683405,-61.6786405301877,-65.2379511234891,-61.5978011901319
1.922,-61.6787780473399,-65.3530423568763,-61.6334442932537,-61.6885013036472,-65.2499616681188,-61.6077097476867
1.92233333333333,-61.6884651740847,-65.3650475637164,-61.643257933079,-61.6983485504977,-65.2619581791196,-61.6176048790306
1.92266666666667,-61.6981385753062,-65.3770388112145,-61.6530580118133,-61.7081822948672,-65.2739406826056,-61.6274866087248
1.923,-61.7077982747519,-65.3890161251735,-61.6628445533936,-61.7180025608241,-65.2859092046318,-61.6373549612708
1.92333333333333,-61.7174442961105,-65.4009795313379,-61.6726175816981,-61.7278093723774,-65.2978637711942,-61.6472099611099
1.92366666666667,-61.7270766630118,-65.4129290553939,-61.6823771205456,-61.7376027534764,-65.3098044082301,-61.6570516326238
1.924,-61.7366953990275,-65.4248647229696,-61.6921231936961,-61.7473827280115,-65.3217311416181,-61.666880000135
1.92433333333333,-61.7463005276706,-65.4367865596352,-61.7018558248512,-61.757149319814,-65.3336439971785,-61.6766950879063
1.92466666666667,-61.7558920723966,-65.4486945909032,-61.7115750376534,-61.7669025526564,-65.3455430006734,-61.6864969201416
1.925,-61.7654700566025,-65.4605888422283,-61.7212808556876,-61.7766424502528,-65.3574281778069,-61.6962855209859
1.92533333333333,-61.775034503628,-65.4724693390082,-61.7309733024799,-61.7863690362587,-65.369299554225,-61.7060609145256
1.92566666666667,-61.7845854367551,-65.4843361065832,-61.740652401499,-61.7960823342713,-65.3811571555163,-61.7158231247883
1.926,-61.7941228792085,-65.4961891702365,-61.7503181761555,-61.8057823678301,-65.3930010072119,-61.7255721757435
1.92633333333333,-61.8036468541559,-65.5080285551946,-61.7599706498027,-61.8154691604165,-65.4048311347855,-61.7353080913025
1.92666666666667,-61.8131573847078,-65.5198542866274,-61.7696098457365,-61.8251427354543,-65.4166475636536,-61.7450308953187
1.927,-61.8226544939182,-65.5316663896483,-61.7792357871954,-61.8348031163099,-65.428450319176,-61.7547406115876
1.92733333333333,-61.8321382047843,-65.5434648893142,-61.7888484973611,-61.8444503262924,-65.4402394266555,-61.7644372638471
1.92766666666667,-61.841608540247,-65.555249810626,-61.7984479993585,-61.8540843886538,-65.4520149113385,-61.7741208757779
1.928,-61.851065523191,-65.5670211785288,-61.8080343162557,-61.8637053265893,-65.4637767984147,-61.7837914710034
1.92833333333333,-61.860509176445,-65.5787790179116,-61.8176074710646,-61.8733131632372,-65.4755251130179,-61.79344907309
1.92866666666667,-61.8699395227816,-65.5905233536081,-61.8271674867407,-61.8829079216794,-65.4872598802256,-61.8030937055472
1.929,-61.8793565849181,-65.6022542103965,-61.8367143861833,-61.8924896249414,-65.4989811250595,-61.8127253918278
1.92933333333333,-61.888760385516,-65.6139716129996,-61.846248192236,-61.9020582959925,-65.5106888724856,-61.8223441553283
1.92966666666667,-61.8981509471816,-65.6256755860852,-61.8557689276867,-61.9116139577461,-65.5223831474142,-61.8319500193887
1.93,-61.9075282924663,-65.6373661542663,-61.8652766152677,-61.9211566330597,-65.5340639747005,-61.8415430072932
1.93033333333333,-61.9168924438661,-65.6490433421009,-61.8747712776557,-61.9306863447353,-65.5457313791443,-61.8511231422698
1.93066666666667,-61.9262434238225,-65.6607071740927,-61.8842529374727,-61.9402031155193,-65.5573853854904,-61.8606904474907
1.931,-61.9355812547224,-65.6723576746908,-61.8937216172853,-61.9497069681029,-65.5690260184288,-61.8702449460729
1.93133333333333,-61.9449059588982,-65.6839948682902,-61.9031773396054,-61.9591979251222,-65.5806533025947,-61.8797866610775
1.93166666666667,-61.9542175586281,-65.6956187792317,-61.9126201268903,-61.9686760091584,-65.5922672625689,-61.8893156155109
1.932,-61.9635160761363,-65.7072294318022,-61.9220500015429,-61.978141242738,-65.6038679228778,-61.8988318323241
1.93233333333333,-61.9728015335929,-65.7188268502351,-61.9314669859115,-61.9875936483329,-65.6154553079936,-61.9083353344134
1.93266666666667,-61.9820739531145,-65.7304110587098,-61.9408711022907,-61.9970332483606,-65.6270294423346,-61.9178261446204
1.933,-61.991333356764,-65.7419820813528,-61.9502623729208,-62.0064600651844,-65.6385903502649,-61.9273042857321
1.93333333333333,-62.000579766551,-65.7535399422369,-61.9596408199884,-62.0158741211136,-65.6501380560954,-61.9367697804814
1.93366666666667,-62.0098132044318,-65.7650846653821,-61.9690064656267,-62.0252754384036,-65.6616725840831,-61.9462226515467
1.934,-62.0190336923099,-65.7766162747555,-61.9783593319152,-62.0346640392561,-65.6731939584318,-61.9556629215527
1.93433333333333,-62.0282412520356,-65.7881347942712,-61.9876994408803,-62.0440399458193,-65.6847022032921,-61.9650906130701
1.93466666666667,-62.0374359054068,-65.7996402477909,-61.9970268144953,-62.0534031801881,-65.6961973427616,-61.9745057486161
1.935,-62.0466176741687,-65.8111326591239,-62.0063414746806,-62.0627537644042,-65.7076794008848,-61.9839083506544
1.93533333333333,-62.0557865800142,-65.8226120520271,-62.0156434433037,-62.0720917204563,-65.7191484016539,-61.9932984415954
1.93566666666667,-62.0649426445841,-65.8340784502054,-62.0249327421796,-62.0814170702801,-65.7306043690081,-62.0026760437962
1.936,-62.074085889467,-65.8455318773116,-62.0342093930711,-62.0907298357589,-65.7420473268346,-62.0120411795612
1.93633333333333,-62.0832163361999,-65.8569723569469,-62.0434734176884,-62.1000300387234,-65.7534772989681,-62.0213938711418
1.93666666666667,-62.0923340062678,-65.8683999126608,-62.0527248376899,-62.1093177009519,-65.7648943091914,-62.030734140737
1.937,-62.1014389211044,-65.8798145679512,-62.0619636746819,-62.1185928441706,-65.7762983812354,-62.0400620104931
1.93733333333333,-62.1105311020919,-65.8912163462648,-62.071189950219,-62.1278554900537,-65.787689538779,-62.0493775025042
1.93766666666667,-62.1196105705616,-65.9026052709971,-62.0804036858043,-62.1371056602235,-65.7990678054497,-62.0586806388124
1.938,-62.1286773477934,-65.9139813654926,-62.0896049028896,-62.1463433762509,-65.8104332048237,-62.0679714414077
1.93833333333333,-62.1377314550166,-65.925344653045,-62.098793622875,-62.1555686596549,-65.8217857604256,-62.0772499322284
1.93866666666667,-62.1467729134096,-65.9366951568972,-62.10796986711,-62.1647815319035,-65.8331254957291,-62.0865161331609
1.939,-62.1558017441005,-65.9480329002416,-62.1171336568928,-62.1739820144133,-65.8444524341568,-62.0957700660406
1.93933333333333,-62.1648179681668,-65.9593579062202,-62.1262850134712,-62.18317012855,-65.8557665990806,-62.1050117526513
1.93966666666667,-62.1738216066358,-65.9706701979247,-62.135423958042,-62.1923458956284,-65.8670680138215,-62.1142412147256
1.94,-62.1828126804849,-65.9819697983968,-62.1445505117519,-62.2015093369128,-65.8783567016504,-62.1234584739453
1.94033333333333,-62.1917912106416,-65.9932567306282,-62.1536646956972,-62.2106604736166,-65.8896326857874,-62.1326635519414
1.94066666666667,-62.2007572179833,-66.0045310175609,-62.1627665309239,-62.2197993269032,-65.9008959894026,-62.141856470294
1.941,-62.2097107233383,-66.0157926820872,-62.1718560384282,-62.2289259178857,-65.9121466356161,-62.1510372505331
1.94133333333333,-62.2186517474853,-66.0270417470498,-62.1809332391566,-62.238040267627,-65.9233846474979,-62.1602059141379
1.94166666666667,-62.2275803111535,-66.0382782352422,-62.1899981540058,-62.2471423971402,-65.9346100480684,-62.1693624825377
1.942,-62.2364964350234,-66.0495021694088,-62.1990508038229,-62.2562323273888,-65.9458228602983,-62.1785069771119
1.94233333333333,-62.2454001397262,-66.0607135722446,-62.208091209406,-62.2653100792865,-65.9570231071089,-62.1876394191897
1.94266666666667,-62.2542914458445,-66.0719124663961,-62.2171193915038,-62.2743756736977,-65.9682108113722,-62.1967598300509
1.943,-62.2631703739122,-66.0830988744609,-62.2261353708159,-62.2834291314376,-65.9793859959108,-62.2058682309255
1.94333333333333,-62.2720369444147,-66.0942728189877,-62.2351391679932,-62.2924704732723,-65.9905486834987,-62.2149646429942
1.94366666666667,-62.2808911777891,-66.1054343224773,-62.2441308036377,-62.3014997199187,-66.0016988968607,-62.2240490873887
1.944,-62.2897330944242,-66.1165834073817,-62.2531102983032,-62.3105168920453,-66.0128366586729,-62.2331215851913
1.94433333333333,-62.298562714661,-66.127720096105,-62.2620776724947,-62.3195220102716,-66.0239619915629,-62.2421821574355
1.94466666666667,-62.3073800587923,-66.1388444110031,-62.2710329466692,-62.3285150951688,-66.0350749181098,-62.2512308251059
1.945,-62.3161851470635,-66.1499563743841,-62.2799761412354,-62.3374961672597,-66.0461754608446,-62.2602676091388
1.94533333333333,-62.3249779996723,-66.1610560085085,-62.2889072765542,-62.3464652470191,-66.0572636422499,-62.2692925304216
1.94566666666667,-62.3337586367689,-66.1721433355889,-62.2978263729387,-62.3554223548735,-66.0683394847603,-62.2783056097938
1.946,-62.3425270784563,-66.1832183777906,-62.3067334506542,-62.3643675112016,-66.0794030107627,-62.2873068680464
1.94633333333333,-62.3512833447903,-66.1942811572315,-62.3156285299187,-62.3733007363345,-66.0904542425961,-62.2962963259226
1.94666666666667,-62.3600274557799,-66.2053316959825,-62.3245116309028,-62.3822220505555,-66.101493202552,-62.3052740041177
1.947,-62.3687594313871,-66.2163700160673,-62.3333827737297,-62.3911314741008,-66.1125199128746,-62.3142399232791
1.94733333333333,-62.3774792915272,-66.2273961394628,-62.3422419784757,-62.400029027159,-66.1235343957604,-62.3231941040069
1.94766666666667,-62.3861870560691,-66.2384100880989,-62.3510892651704,-62.4089147298716,-66.1345366733592,-62.3321365668537
1.948,-62.3948827448353,-66.2494118838592,-62.3599246537962,-62.4177886023334,-66.1455267677734,-62.3410673323247
1.94833333333333,-62.4035663776019,-66.2604015485806,-62.3687481642893,-62.426650664592,-66.1565047010588,-62.3499864208781
1.94866666666667,-62.4122379740991,-66.2713791040537,-62.3775598165392,-62.4355009366486,-66.1674704952241,-62.3588938529251
1.949,-62.420897554011,-66.2823445720229,-62.3863596303891,-62.4443394384576,-66.1784241722318,-62.36778964883
1.94933333333333,-62.4295451369761,-66.2932979741865,-62.3951476256362,-62.4531661899273,-66.1893657539975,-62.3766738289107
1.94966666666667,-62.4381807425869,-66.3042393321968,-62.4039238220313,-62.4619812109194,-66.2002952623909,-62.3855464134381
1.95,-62.4468043903906,-66.3151686676605,-62.4126882392798,-62.4707845212497,-66.2112127192351,-62.3944074226371
1.95033333333333,-62.4554160998891,-66.3260860021383,-62.4214408970409,-62.4795761406881,-66.2221181463074,-62.4032568766862
1.95066666666667,-62.4640158905389,-66.3369913571456,-62.4301818149285,-62.4883560889585,-66.2330115653389,-62.4120947957177
1.951,-62.4726037817515,-66.3478847541525,-62.4389110125109,-62.4971243857392,-66.2438929980153,-62.4209211998182
1.95133333333333,-62.4811797928933,-66.3587662145834,-62.4476285093112,-62.505881050663,-66.2547624659761,-62.4297361090282
1.95166666666667,-62.4897439432861,-66.3696357598178,-62.4563343248072,-62.5146261033172,-66.2656199908158,-62.4385395433426
1.952,-62.498296252207,-66.3804934111904,-62.4650284784316,-62.523359563244,-66.276465594083,-62.447331522711
1.95233333333333,-62.5068367388883,-66.3913391899907,-62.4737109895726,-62.5320814499403,-66.2872992972814,-62.4561120670373
1.95266666666667,-62.5153654225183,-66.4021731174634,-62.4823818775731,-62.5407917828581,-66.2981211218694,-62.4648811961802
1.953,-62.5238823222407,-66.412995214809,-62.4910411617318,-62.5494905814048,-66.3089310892604,-62.4736389299534
1.95333333333333,-62.5323874571554,-66.423805503183,-62.4996888613027,-62.5581778649427,-66.319729220823,-62.4823852881256
1.95366666666667,-62.5408808463181,-66.4346040036969,-62.5083249954955,-62.5668536527898,-66.3305155378809,-62.4911202904206
1.954,-62.5493625087406,-66.4453907374179,-62.5169495834759,-62.5755179642196,-66.3412900617132,-62.4998439565176
1.95433333333333,-62.5578324633913,-66.4561657253688,-62.5255626443652,-62.5841708184614,-66.3520528135547,-62.508556306051
1.95466666666667,-62.5662907291947,-66.4669289885289,-62.5341641972409,-62.5928122347002,-66.3628038145957,-62.5172573586112
1.955,-62.5747373250321,-66.4776805478333,-62.542754261137,-62.6014422320773,-66.3735430859821,-62.5259471337438
1.95533333333333,-62.5831722697415,-66.4884204241734,-62.5513328550433,-62.6100608296898,-66.384270648816,-62.5346256509508
1.95566666666667,-62.5915955821174,-66.4991486383972,-62.5598999979066,-62.6186680465911,-66.3949865241552,-62.5432929296897
1.956,-62.6000072809118,-66.509865211309,-62.5684557086299,-62.6272639017913,-66.405690733014,-62.5519489893744
1.95633333333333,-62.6084073848334,-66.5205701636699,-62.5770000060733,-62.6358484142567,-66.4163832963627,-62.560593849375
1.95666666666667,-62.6167959125483,-66.5312635161978,-62.5855329090535,-62.6444216029105,-66.427064235128,-62.569227529018
1.957,-62.62517288268,-66.5419452895672,-62.5940544363445,-62.6529834866325,-66.4377335701933,-62.5778500475863
1.95733333333333,-62.6335383138093,-66.55261550441,-62.602564606677,-62.6615340842596,-66.4483913223984,-62.5864614243197
1.95766666666667,-62.6418922244749,-66.5632741813151,-62.6110634387395,-62.6700734145857,-66.4590375125401,-62.5950616784145
1.958,-62.6502346331732,-66.5739213408286,-62.6195509511775,-62.678601496362,-66.469672161372,-62.6036508290242
1.95833333333333,-62.6585655583583,-66.5845570034541,-62.6280271625944,-62.6871183482969,-66.4802952896047,-62.6122288952592
1.95866666666667,-62.6668850184425,-66.5951811896525,-62.6364920915509,-62.6956239890564,-66.4909069179058,-62.6207958961871
1.959,-62.6751930317964,-66.6057939198427,-62.6449457565658,-62.7041184372639,-66.5015070669003,-62.6293518508329
1.95933333333333,-62.6834896167485,-66.616395214401,-62.6533881761157,-62.7126017115006,-66.5120957571707,-62.6378967781789
1.95966666666667,-62.6917747915861,-66.6269850936618,-62.6618193686354,-62.7210738303058,-66.5226730092568,-62.6464306971652
1.96,-62.7000485745548,-66.6375635779173,-62.6702393525176,-62.7295348121765,-66.5332388436561,-62.6549536266893
1.96033333333333,-62.708310983859,-66.648130687418,-62.6786481461136,-62.7379846755679,-66.5437932808238,-62.6634655856069
1.96066666666667,-62.7165620376618,-66.6586864423726,-62.6870457677331,-62.7464234388935,-66.554336341173,-62.6719665927314
1.961,-62.7248017540853,-66.669230862948,-62.6954322356442,-62.754851120525,-66.5648680450746,-62.6804566668343
1.96133333333333,-62.7330301512106,-66.6797639692698,-62.7038075680739,-62.7632677387929,-66.575388412858,-62.6889358266456
1.96166666666667,-62.7412472470781,-66.6902857814219,-62.712171783208,-62.771673311986,-66.5858974648104,-62.6974040908532
1.962,-62.7494530596873,-66.7007963194471,-62.7205248991913,-62.7800678583521,-66.5963952211775,-62.7058614781039
1.96233333333333,-62.7576476069974,-66.711295603347,-62.7288669341274,-62.7884513960977,-66.6068817021635,-62.714308007003
1.96266666666667,-62.7658309069268,-66.7217836530822,-62.7371979060794,-62.7968239433884,-66.6173569279312,-62.7227436961142
1.963,-62.774002977354,-66.7322604885721,-62.7455178330696,-62.805185518349,-66.6278209186018,-62.7311685639605
1.96333333333333,-62.7821638361169,-66.7427261296954,-62.75382673308,-62.8135361390635,-66.6382736942556,-62.7395826290237
1.96366666666667,-62.7903135010136,-66.7531805962903,-62.7621246240517,-62.8218758235751,-66.6487152749316,-62.7479859097446
1.964,-62.7984519898021,-66.7636239081541,-62.7704115238859,-62.8302045898867,-66.6591456806281,-62.7563784245234
1.96433333333333,-62.8065793202007,-66.7740560850437,-62.7786874504436,-62.8385224559609,-66.6695649313022,-62.7647601917195
1.96466666666667,-62.814695509888,-66.7844771466756,-62.7869524215455,-62.8468294397198,-66.6799730468705,-62.7731312296519
1.965,-62.8228005765027,-66.7948871127261,-62.7952064549727,-62.8551255590456,-66.6903700472089,-62.7814915565991
1.96533333333333,-62.8308945376445,-66.8052860028313,-62.8034495684662,-62.8634108317804,-66.7007559521528,-62.7898411907994
1.96566666666667,-62.8389774108735,-66.8156738365872,-62.8116817797274,-62.8716852757263,-66.7111307814971,-62.7981801504509
1.966,-62.8470492137106,-66.8260506335501,-62.8199031064183,-62.879948908646,-66.7214945549965,-62.8065084537117
1.96633333333333,-62.8551099636375,-66.8364164132362,-62.8281135661613,-62.888201748262,-66.7318472923655,-62.8148261186998
1.96666666666667,-62.8631596780972,-66.8467711951222,-62.8363131765394,-62.8964438122578,-66.7421890132786,-62.8231331634937
1.967,-62.8711983744936,-66.857114998645,-62.8445019550966,-62.9046751182773,-66.7525197373703,-62.831429606132
1.96733333333333,-62.879226070192,-66.8674478432022,-62.8526799193377,-62.912895683925,-66.762839484235,-62.8397154646139
1.96766666666667,-62.8872427825188,-66.877769748152,-62.8608470867285,-62.9211055267664,-66.7731482734278,-62.847990756899
1.968,-62.8952485287623,-66.8880807328132,-62.869003474696,-62.9293046643279,-66.7834461244639,-62.8562555009076
1.96833333333333,-62.903243326172,-66.8983808164655,-62.8771491006285,-62.937493114097,-66.793733056819,-62.864509714521
1.96866666666667,-62.9112271919595,-66.9086700183497,-62.8852839818757,-62.9456708935223,-66.8040090899295,-62.8727534155811
1.969,-62.919200143298,-66.9189483576675,-62.8934081357486,-62.9538380200139,-66.8142742431923,-62.8809866218912
1.96933333333333,-62.9271621973227,-66.9292158535817,-62.9015215795201,-62.9619945109432,-66.8245285359654,-62.8892093512155
1.96966666666667,-62.935113371131,-66.9394725252165,-62.9096243304247,-62.970140383643,-66.8347719875674,-62.8974216212795
1.97,-62.9430536817822,-66.9497183916576,-62.9177164056587,-62.978275655408,-66.8450046172782,-62.9056234497701
1.97033333333333,-62.9509831462983,-66.9599534719518,-62.9257978223804,-62.9864003434945,-66.8552264443386,-62.9138148543357
1.97066666666667,-62.9589017816633,-66.9701777851079,-62.9338685977103,-62.9945144651209,-66.8654374879507,-62.9219958525864
1.971,-62.9668096048241,-66.9803913500961,-62.941928748731,-63.0026180374674,-66.8756377672781,-62.9301664620938
1.97133333333333,-62.9747066326901,-66.9905941858485,-62.9499782924874,-63.0107110776765,-66.8858273014456,-62.9383267003917
1.97166666666667,-62.9825928821333,-67.0007863112592,-62.9580172459868,-63.0187936028526,-66.8960061095398,-62.9464765849756
1.972,-62.9904683699888,-67.0109677451843,-62.966045626199,-63.0268656300629,-66.9061742106086,-62.9546161333031
1.97233333333333,-62.9983331130546,-67.0211385064417,-62.9740634500567,-63.0349271763367,-66.9163316236621,-62.962745362794
1.97266666666667,-63.0061871280919,-67.031298613812,-62.982070734455,-63.0429782586661,-66.9264783676719,-62.9708642908305
1.973,-63.0140304318248,-67.0414480860377,-62.9900674962523,-63.0510188940057,-66.9366144615719,-62.978972934757
1.97333333333333,-63.0218630409411,-67.0515869418241,-62.9980537522695,-63.0590490992731,-66.9467399242576,-62.9870713118807
1.97366666666667,-63.0296849720918,-67.0617151998386,-63.0060295192909,-63.0670688913486,-66.9568547745872,-62.9951594394712
1.974,-63.0374962418915,-67.0718328787115,-63.0139948140641,-63.0750782870756,-66.9669590313808,-63.0032373347609
1.97433333333333,-63.0452968669184,-67.0819399970359,-63.0219496532997,-63.0830773032607,-66.9770527134211,-63.0113050149452
1.97466666666667,-63.0530868637146,-67.0920365733675,-63.029894053672,-63.0910659566737,-66.9871358394531,-63.0193624971822
1.975,-63.0608662487859,-67.1021226262251,-63.0378280318187,-63.0990442640478,-66.9972084281845,-63.0274097985934
1.97533333333333,-63.0686350386022,-67.1121981740904,-63.0457516043411,-63.1070122420795,-67.0072704982857,-63.0354469362632
1.97566666666667,-63.0763932495974,-67.1222632354083,-63.0536647878045,-63.114969907429,-67.0173220683897,-63.0434739272395
1.976,-63.0841408981697,-67.1323178285869,-63.0615675987378,-63.1229172767201,-67.0273631570926,-63.0514907885335
1.97633333333333,-63.0918780006816,-67.1423619719978,-63.069460053634,-63.1308543665405,-67.0373937829534,-63.0594975371199
1.97666666666667,-63.0996045734597,-67.1523956839757,-63.0773421689501,-63.1387811934418,-67.0474139644942,-63.0674941899371
1.977,-63.1073206327957,-67.1624189828191,-63.0852139611074,-63.1466977739394,-67.0574237202001,-63.0754807638871
1.97733333333333,-63.1150261949453,-67.1724318867899,-63.0930754464915,-63.154604124513,-67.0674230685198,-63.083457275836
1.97766666666667,-63.1227212761294,-67.182434414114,-63.1009266414522,-63.1625002616065,-67.0774120278651,-63.0914237426135
1.978,-63.1304058925335,-67.1924265829809,-63.1087675623041,-63.1703862016281,-67.0873906166113,-63.0993801810136
1.97833333333333,-63.1380800603082,-67.2024084115441,-63.1165982253261,-63.1782619609504,-67.0973588530975,-63.1073266077943
1.97866666666667,-63.1457437955688,-67.2123799179211,-63.1244186467621,-63.1861275559105,-67.1073167556263,-63.1152630396781
1.979,-63.1533971143963,-67.2223411201935,-63.1322288428207,-63.1939830028102,-67.117264342464,-63.1231894933516
1.97933333333333,-63.1610400328364,-67.232292036407,-63.1400288296754,-63.2018283179161,-67.1272016318408,-63.1311059854659
1.97966666666667,-63.1686725669005,-67.2422326845718,-63.1478186234647,-63.2096635174596,-67.137128641951,-63.1390125326369
1.98,-63.1762947325654,-67.2521630826624,-63.1555982402925,-63.217488617637,-67.1470453909528,-63.146909151445
1.98033333333333,-63.1839065457734,-67.2620832486177,-63.1633676962275,-63.2253036346097,-67.1569518969686,-63.1547958584353
1.98066666666667,-63.1915080224325,-67.2719932003414,-63.1711270073042,-63.2331085845044,-67.166848178085,-63.1626726701181
1.981,-63.1990991784166,-67.2818929557016,-63.1788761895222,-63.2409034834128,-67.1767342523529,-63.1705396029685
1.98133333333333,-63.2066800295652,-67.2917825325315,-63.1866152588468,-63.2486883473921,-67.1866101377879,-63.1783966734265
1.98166666666667,-63.2142505916839,-67.3016619486288,-63.1943442312091,-63.2564631924651,-67.1964758523698,-63.1862438978977
1.982,-63.2218108805446,-67.3115312217565,-63.2020631225055,-63.2642280346199,-67.2063314140431,-63.1940812927527
1.98233333333333,-63.229360911885,-67.3213903696423,-63.2097719485988,-63.2719828898106,-67.2161768407171,-63.2019088743277
1.98266666666667,-63.2369007014094,-67.3312394099794,-63.2174707253174,-63.2797277739567,-67.2260121502658,-63.2097266589242
1.983,-63.2444302647882,-67.341078360426,-63.2251594684559,-63.2874627029439,-67.2358373605283,-63.2175346628095
1.98333333333333,-63.2519496176585,-67.3509072386057,-63.2328381937749,-63.2951876926238,-67.2456524893084,-63.2253329022164
1.98366666666667,-63.2594587756238,-67.3607260621075,-63.2405069170015,-63.302902758814,-67.2554575543751,-63.2331213933437
1.984,-63.2669577542545,-67.370534848486,-63.248165653829,-63.3106079172983,-67.2652525734627,-63.2409001523561
1.98433333333333,-63.2744465690876,-67.3803336152612,-63.2558144199171,-63.3183031838268,-67.2750375642705,-63.2486691953841
1.98466666666667,-63.281925235627,-67.3901223799189,-63.2634532308922,-63.325988574116,-67.2848125444633,-63.2564285385245
1.985,-63.2893937693437,-67.3999011599108,-63.2710821023474,-63.3336641038488,-67.2945775316716,-63.2641781978402
1.98533333333333,-63.2968521856755,-67.4096699726543,-63.2787010498423,-63.3413297886747,-67.3043325434908,-63.2719181893605
1.98566666666667,-63.3043005000277,-67.4194288355327,-63.2863100889035,-63.34898564421,-67.3140775974826,-63.2796485290811
1.986,-63.3117387277725,-67.4291777658956,-63.2939092350246,-63.3566316860376,-67.3238127111739,-63.2873692329639
1.98633333333333,-63.3191668842499,-67.4389167810586,-63.3014985036662,-63.3642679297073,-67.3335379020577,-63.2950803169379
1.98666666666667,-63.326584984767,-67.4486458983034,-63.309077910256,-63.371894390736,-67.3432531875928,-63.3027817968984
1.987,-63.3339930445986,-67.4583651348782,-63.316647470189,-63.3795110846076,-67.3529585852039,-63.3104736887076
1.98733333333333,-63.3413910789872,-67.4680745079975,-63.3242071988274,-63.3871180267729,-67.3626541122818,-63.3181560081946
1.98766666666667,-63.3487791031428,-67.4777740348423,-63.3317571115011,-63.3947152326504,-67.3723397861836,-63.3258287711556
1.988,-63.3561571322437,-67.4874637325602,-63.3392972235072,-63.4023027176257,-67.3820156242325,-63.3334919933536
1.98833333333333,-63.3635251814356,-67.4971436182654,-63.3468275501107,-63.4098804970518,-67.391681643718,-63.3411456905191
1.98866666666667,-63.3708832658326,-67.5068137090389,-63.3543481065441,-63.4174485862494,-67.401337861896,-63.3487898783496
1.989,-63.3782314005169,-67.5164740219286,-63.3618589080078,-63.4250070005067,-67.4109842959891,-63.3564245725101
1.98933333333333,-63.3855696005388,-67.5261245739492,-63.3693599696703,-63.4325557550796,-67.4206209631862,-63.3640497886329
1.98966666666667,-63.3928978809168,-67.5357653820823,-63.3768513066677,-63.4400948651922,-67.4302478806432,-63.3716655423182
1.99,-63.4002162566381,-67.5453964632769,-63.3843329341045,-63.4476243460359,-67.4398650654824,-63.3792718491335
1.99033333333333,-63.4075247426583,-67.5550178344489,-63.3918048670532,-63.4551442127707,-67.4494725347931,-63.3868687246142
1.99066666666667,-63.4148233539015,-67.5646295124815,-63.3992671205548,-63.4626544805243,-67.4590703056317,-63.3944561842634
1.991,-63.4221121052605,-67.5742315142255,-63.4067197096185,-63.4701551643928,-67.4686583950213,-63.4020342435524
1.99133333333333,-63.4293910115969,-67.5838238564987,-63.4141626492219,-63.4776462794406,-67.4782368199523,-63.4096029179201
1.99166666666667,-63.4366600877413,-67.5934065560867,-63.4215959543114,-63.4851278407003,-67.4878055973823,-63.417162222774
1.992,-63.443919348493,-67.6029796297426,-63.4290196398019,-63.4925998631733,-67.4973647442359,-63.4247121734894
1.99233333333333,-63.4511688086206,-67.6125430941873,-63.4364337205769,-63.5000623618291,-67.5069142774053,-63.43225278541
1.99266666666667,-63.4584084828617,-67.6220969661092,-63.443838211489,-63.5075153516063,-67.51645421375,-63.439784073848
1.993,-63.4656383859232,-67.6316412621646,-63.4512331273596,-63.5149588474121,-67.5259845700972,-63.4473060540841
1.99333333333333,-63.4728585324811,-67.6411759989781,-63.458618482979,-63.5223928641224,-67.5355053632414,-63.4548187413673
1.99366666666667,-63.4800689371813,-67.6507011931417,-63.4659942931068,-63.5298174165823,-67.545016609945,-63.4623221509155
1.994,-63.4872696146386,-67.660216861216,-63.4733605724717,-63.5372325196056,-67.5545183269381,-63.4698162979152
1.99433333333333,-63.4944605794379,-67.6697230197294,-63.4807173357716,-63.5446381879755,-67.5640105309185,-63.477301197522
1.99466666666667,-63.5016418461335,-67.6792196851787,-63.4880645976739,-63.5520344364441,-67.5734932385521,-63.48477686486
1.995,-63.5088134292495,-67.6887068740291,-63.4954023728154,-63.5594212797332,-67.5829664664728,-63.4922433150227
1.99533333333333,-63.5159753432799,-67.6981846027141,-63.5027306758025,-63.5667987325337,-67.5924302312823,-63.4997005630725
1.99566666666667,-63.5231276026887,-67.7076528876357,-63.5100495212111,-63.5741668095058,-67.6018845495509,-63.5071486240411
1.996,-63.5302702219097,-67.7171117451644,-63.5173589235869,-63.5815255252797,-67.6113294378168,-63.5145875129293
1.99633333333333,-63.5374032153472,-67.7265611916395,-63.5246588974455,-63.5888748944548,-67.6207649125867,-63.5220172447075
1.99666666666667,-63.5445265973753,-67.7360012433689,-63.5319494572723,-63.5962149316006,-67.6301909903354,-63.5294378343153
1.997,-63.5516403823386,-67.7454319166294,-63.5392306175227,-63.6035456512562,-67.6396076875066,-63.5368492966621
1.99733333333333,-63.5587445845522,-67.7548532276664,-63.5465023926221,-63.6108670679306,-67.6490150205123,-63.5442516466269
1.99766666666667,-63.5658392183014,-67.7642651926948,-63.5537647969662,-63.6181791961029,-67.6584130057331,-63.5516448990581
1.998,-63.5729242978422,-67.7736678278979,-63.5610178449208,-63.6254820502221,-67.6678016595184,-63.5590290687744
1.99833333333333,-63.5799998374012,-67.7830611494285,-63.5682615508222,-63.6327756447076,-67.6771809981865,-63.5664041705638
1.99866666666667,-63.5870658511757,-67.7924451734086,-63.575495928977,-63.640059993949,-67.6865510380244,-63.5737702191849
1.999,-63.5941223533338,-67.8018199159294,-63.5827209936623,-63.647335112306,-67.695911795288,-63.5811272293659
1.99933333333333,-63.6011693580147,-67.8111853930512,-63.5899367591257,-63.6546010141088,-67.7052632862024,-63.5884752158052
1.99966666666667,-63.6082068793281,-67.8205416208042,-63.5971432395858,-63.6618577136585,-67.7146055269616,-63.5958141931717
2,-63.6152349313554,-67.8298886151876,-63.6043404492316,-63.6691052252262,-67.723938533729,-63.6031441761044
