"Freq [GHz]","dB(S(1,1)) []"
1.55,-6.41540157550791
1.550005,-6.41801781350928
1.55001,-6.42063095972639
1.550015,-6.42324100089197
1.55002,-6.42584792373069
1.550025,-6.42845171496039
1.55003,-6.43105236129152
1.550035,-6.43364984942729
1.55004,-6.43624416606446
1.550045,-6.43883529789253
1.55005,-6.44142323159485
1.550055,-6.44400795384821
1.55006,-6.44658945132284
1.550065,-6.44916771068322
1.55007,-6.45174271858774
1.550075,-6.45431446168869
1.55008,-6.45688292663317
1.550085,-6.45944810006223
1.55009,-6.46200996861203
1.550095,-6.46456851891335
1.5501,-6.46712373759171
1.550105,-6.46967561126818
1.55011,-6.47222412655866
1.550115,-6.47476927007475
1.55012,-6.47731102842365
1.550125,-6.47984938820813
1.55013,-6.48238433602703
1.550135,-6.48491585847529
1.55014,-6.48744394214392
1.550145,-6.48996857362058
1.55015,-6.49248973948918
1.550155,-6.49500742633059
1.55016,-6.49752162072272
1.550165,-6.50003230924014
1.55017,-6.50253947845501
1.550175,-6.50504311493668
1.55018,-6.50754320525219
1.550185,-6.51003973596637
1.55019,-6.5125326936417
1.550195,-6.51502206483895
1.5502,-6.5175078361173
1.550205,-6.51998999403391
1.55021,-6.52246852514498
1.550215,-6.52494341600505
1.55022,-6.52741465316803
1.550225,-6.52988222318677
1.55023,-6.53234611261325
1.550235,-6.53480630799921
1.55024,-6.53726279589569
1.550245,-6.53971556285391
1.55025,-6.54216459542497
1.550255,-6.54460988015995
1.55026,-6.5470514036105
1.550265,-6.54948915232884
1.55027,-6.55192311286764
1.550275,-6.55435327178077
1.55028,-6.55677961562295
1.550285,-6.55920213095029
1.55029,-6.56162080432039
1.550295,-6.56403562229224
1.5503,-6.56644657142692
1.550305,-6.56885363828723
1.55031,-6.57125680943835
1.550315,-6.57365607144782
1.55032,-6.57605141088558
1.550325,-6.57844281432442
1.55033,-6.58083026834013
1.550335,-6.58321375951134
1.55034,-6.58559327442032
1.550345,-6.58796879965248
1.55035,-6.59034032179717
1.550355,-6.5927078274476
1.55036,-6.59507130320081
1.550365,-6.5974307356584
1.55037,-6.59978611142608
1.550375,-6.60213741711446
1.55038,-6.60448463933897
1.550385,-6.6068277647198
1.55039,-6.6091667798826
1.550395,-6.61150167145848
1.5504,-6.61383242608382
1.550405,-6.61615903040121
1.55041,-6.61848147105886
1.550415,-6.62079973471142
1.55042,-6.62311380801996
1.550425,-6.62542367765186
1.55043,-6.62772933028163
1.550435,-6.63003075259043
1.55044,-6.63232793126683
1.550445,-6.63462085300683
1.55045,-6.63690950451373
1.550455,-6.63919387249886
1.55046,-6.64147394368154
1.550465,-6.64374970478904
1.55047,-6.64602114255735
1.550475,-6.64828824373069
1.55048,-6.65055099506236
1.550485,-6.65280938331463
1.55049,-6.65506339525877
1.550495,-6.65731301767567
1.5505,-6.65955823735562
1.550505,-6.66179904109893
1.55051,-6.66403541571594
1.550515,-6.66626734802696
1.55052,-6.66849482486297
1.550525,-6.67071783306562
1.55053,-6.67293635948714
1.550535,-6.67515039099121
1.55054,-6.67735991445228
1.550545,-6.67956491675669
1.55055,-6.68176538480238
1.550555,-6.68396130549898
1.55056,-6.68615266576849
1.550565,-6.688339452545
1.55057,-6.6905216527752
1.550575,-6.69269925341865
1.55058,-6.69487224144756
1.550585,-6.69704060384758
1.55059,-6.69920432761766
1.550595,-6.70136339977018
1.5506,-6.7035178073315
1.550605,-6.7056675373418
1.55061,-6.70781257685564
1.550615,-6.70995291294208
1.55062,-6.7120885326845
1.550625,-6.71421942318151
1.55063,-6.7163455715465
1.550635,-6.71846696490839
1.55064,-6.72058359041152
1.550645,-6.72269543521581
1.55065,-6.72480248649732
1.550655,-6.72690473144831
1.55066,-6.72900215727705
1.550665,-6.73109475120885
1.55067,-6.73318250048545
1.550675,-6.73526539236587
1.55068,-6.7373434141263
1.550685,-6.73941655306024
1.55069,-6.7414847964791
1.550695,-6.74354813171207
1.5507,-6.74560654610633
1.550705,-6.74766002702772
1.55071,-6.74970856186019
1.550715,-6.75175213800679
1.55072,-6.75379074288959
1.550725,-6.7558243639495
1.55073,-6.75785298864728
1.550735,-6.75987660446305
1.55074,-6.76189519889689
1.550745,-6.76390875946908
1.55075,-6.76591727372
1.550755,-6.76792072921067
1.55076,-6.76991911352298
1.550765,-6.77191241425944
1.55077,-6.77390061904417
1.550775,-6.77588371552238
1.55078,-6.77786169136104
1.550785,-6.77983453424908
1.55079,-6.78180223189729
1.550795,-6.78376477203893
1.5508,-6.78572214242965
1.550805,-6.78767433084791
1.55081,-6.78962132509525
1.550815,-6.79156311299609
1.55082,-6.79349968239855
1.550825,-6.7954310211743
1.55083,-6.79735711721871
1.550835,-6.79927795845153
1.55084,-6.8011935328164
1.550845,-6.80310382828185
1.55085,-6.80500883284099
1.550855,-6.80690853451183
1.55086,-6.80880292133772
1.550865,-6.81069198138725
1.55087,-6.81257570275474
1.550875,-6.81445407356046
1.55088,-6.81632708195046
1.550885,-6.8181947160974
1.55089,-6.82005696420032
1.550895,-6.82191381448495
1.5509,-6.82376525520409
1.550905,-6.82561127463763
1.55091,-6.82745186109294
1.550915,-6.82928700290502
1.55092,-6.83111668843665
1.550925,-6.83294090607877
1.55093,-6.83475964425053
1.550935,-6.83657289139964
1.55094,-6.83838063600268
1.550945,-6.84018286656486
1.55095,-6.8419795716209
1.550955,-6.84377073973485
1.55096,-6.84555635950014
1.550965,-6.84733641954044
1.55097,-6.84911090850909
1.550975,-6.85087981509002
1.55098,-6.8526431279976
1.550985,-6.85440083597672
1.55099,-6.85615292780355
1.550995,-6.85789939228511
1.551,-6.85964021825997
1.551005,-6.86137539459843
1.55101,-6.8631049102023
1.551015,-6.86482875400565
1.55102,-6.86654691497488
1.551025,-6.86825938210862
1.55103,-6.86996614443843
1.551035,-6.87166719102865
1.55104,-6.87336251097683
1.551045,-6.87505209341388
1.55105,-6.87673592750421
1.551055,-6.87841400244614
1.55106,-6.88008630747178
1.551065,-6.88175283184771
1.55107,-6.88341356487488
1.551075,-6.88506849588873
1.55108,-6.88671761425973
1.551085,-6.8883609093935
1.55109,-6.88999837073073
1.551095,-6.89162998774783
1.5511,-6.8932557499568
1.551105,-6.89487564690567
1.55111,-6.89648966817867
1.551115,-6.89809780339617
1.55112,-6.89970004221545
1.551125,-6.90129637433027
1.55113,-6.90288678947161
1.551135,-6.90447127740763
1.55114,-6.90604982794375
1.551145,-6.90762243092326
1.55115,-6.90918907622725
1.551155,-6.91074975377469
1.55116,-6.91230445352305
1.551165,-6.91385316546805
1.55117,-6.91539587964431
1.551175,-6.91693258612529
1.55118,-6.9184632750234
1.551185,-6.91998793649057
1.55119,-6.92150656071802
1.551195,-6.92301913793685
1.5512,-6.92452565841815
1.551205,-6.92602611247289
1.55121,-6.92752049045258
1.551215,-6.92900878274924
1.55122,-6.93049097979551
1.551225,-6.93196707206515
1.55123,-6.93343705007287
1.551235,-6.93490090437485
1.55124,-6.93635862556893
1.551245,-6.9378102042944
1.55125,-6.93925563123278
1.551255,-6.94069489710752
1.55126,-6.94212799268458
1.551265,-6.94355490877243
1.55127,-6.94497563622217
1.551275,-6.94639016592795
1.55128,-6.94779848882709
1.551285,-6.94920059590005
1.55129,-6.95059647817105
1.551295,-6.9519861267078
1.5513,-6.9533695326221
1.551305,-6.95474668706982
1.55131,-6.95611758125098
1.551315,-6.95748220641033
1.55132,-6.95884055383704
1.551325,-6.96019261486533
1.55133,-6.96153838087443
1.551335,-6.96287784328878
1.55134,-6.96421099357826
1.551345,-6.96553782325844
1.55135,-6.96685832389055
1.551355,-6.96817248708198
1.55136,-6.96948030448613
1.551365,-6.97078176780288
1.55137,-6.97207686877865
1.551375,-6.97336559920646
1.55138,-6.97464795092642
1.551385,-6.97592391582551
1.55139,-6.97719348583815
1.551395,-6.9784566529462
1.5514,-6.97971340917897
1.551405,-6.98096374661374
1.55141,-6.98220765737577
1.551415,-6.98344513363831
1.55142,-6.98467616762313
1.551425,-6.98590075160033
1.55143,-6.98711887788881
1.551435,-6.98833053885628
1.55144,-6.98953572691938
1.551445,-6.99073443454406
1.55145,-6.9919266542456
1.551455,-6.99311237858872
1.55146,-6.99429160018794
1.551465,-6.99546431170753
1.55147,-6.99663050586189
1.551475,-6.99779017541556
1.55148,-6.99894331318338
1.551485,-7.00008991203081
1.55149,-7.00122996487388
1.551495,-7.00236346467952
1.5515,-7.00349040446572
1.551505,-7.00461077730142
1.55151,-7.00572457630708
1.551515,-7.00683179465458
1.55152,-7.00793242556733
1.551525,-7.00902646232068
1.55153,-7.01011389824171
1.551535,-7.01119472670976
1.55154,-7.0122689411564
1.551545,-7.01333653506545
1.55155,-7.01439750197347
1.551555,-7.01545183546946
1.55156,-7.01649952919548
1.551565,-7.0175405768465
1.55157,-7.01857497217055
1.551575,-7.019602708969
1.55158,-7.02062378109665
1.551585,-7.02163818246177
1.55159,-7.02264590702642
1.551595,-7.02364694880642
1.5516,-7.02464130187161
1.551605,-7.02562896034601
1.55161,-7.02660991840769
1.551615,-7.02758417028934
1.55162,-7.028551710278
1.551625,-7.02951253271542
1.55163,-7.03046663199818
1.551635,-7.0314140025777
1.55164,-7.03235463896045
1.551645,-7.03328853570816
1.55165,-7.03421568743775
1.551655,-7.03513608882165
1.55166,-7.03604973458774
1.551665,-7.03695661951969
1.55167,-7.03785673845693
1.551675,-7.03875008629472
1.55168,-7.03963665798453
1.551685,-7.04051644853378
1.55169,-7.04138945300632
1.551695,-7.04225566652239
1.5517,-7.04311508425859
1.551705,-7.0439677014483
1.55171,-7.04481351338156
1.551715,-7.04565251540523
1.55172,-7.04648470292322
1.551725,-7.04731007139634
1.55173,-7.04812861634273
1.551735,-7.04894033333775
1.55174,-7.04974521801409
1.551745,-7.05054326606201
1.55175,-7.05133447322928
1.551755,-7.05211883532138
1.55176,-7.05289634820165
1.551765,-7.05366700779122
1.55177,-7.05443081006922
1.551775,-7.05518775107295
1.55178,-7.05593782689773
1.551785,-7.05668103369732
1.55179,-7.05741736768366
1.551795,-7.0581468251273
1.5518,-7.05886940235727
1.551805,-7.05958509576117
1.55181,-7.06029390178542
1.551815,-7.06099581693514
1.55182,-7.06169083777439
1.551825,-7.06237896092622
1.55183,-7.06306018307263
1.551835,-7.06373450095486
1.55184,-7.06440191137332
1.551845,-7.06506241118762
1.55185,-7.06571599731688
1.551855,-7.06636266673949
1.55186,-7.06700241649349
1.551865,-7.06763524367641
1.55187,-7.06826114544545
1.551875,-7.06888011901755
1.55188,-7.06949216166939
1.551885,-7.07009727073755
1.55189,-7.07069544361849
1.551895,-7.07128667776866
1.5519,-7.07187097070454
1.551905,-7.07244832000275
1.55191,-7.07301872330002
1.551915,-7.07358217829333
1.55192,-7.0741386827399
1.551925,-7.07468823445733
1.55193,-7.07523083132357
1.551935,-7.075766471277
1.55194,-7.07629515231651
1.551945,-7.07681687250147
1.55195,-7.0773316299519
1.551955,-7.07783942284843
1.55196,-7.0783402494323
1.551965,-7.07883410800557
1.55197,-7.07932099693098
1.551975,-7.07980091463207
1.55198,-7.08027385959328
1.551985,-7.08073983035986
1.55199,-7.08119882553798
1.551995,-7.08165084379483
1.552,-7.08209588385846
1.552005,-7.08253394451805
1.55201,-7.08296502462369
1.552015,-7.08338912308667
1.55202,-7.08380623887933
1.552025,-7.08421637103509
1.55203,-7.08461951864856
1.552035,-7.08501568087555
1.55204,-7.08540485693299
1.552045,-7.08578704609909
1.55205,-7.08616224771324
1.552055,-7.08653046117612
1.55206,-7.08689168594967
1.552065,-7.08724592155708
1.55207,-7.08759316758285
1.552075,-7.08793342367278
1.55208,-7.088266689534
1.552085,-7.08859296493495
1.55209,-7.08891224970538
1.552095,-7.0892245437364
1.5521,-7.08952984698046
1.552105,-7.08982815945131
1.55211,-7.09011948122411
1.552115,-7.0904038124353
1.55212,-7.09068115328267
1.552125,-7.09095150402539
1.55213,-7.09121486498391
1.552135,-7.09147123654003
1.55214,-7.09172061913686
1.552145,-7.09196301327881
1.55215,-7.09219841953163
1.552155,-7.09242683852229
1.55216,-7.09264827093908
1.552165,-7.09286271753153
1.55217,-7.0930701791104
1.552175,-7.0932706565477
1.55218,-7.09346415077661
1.552185,-7.09365066279151
1.55219,-7.09383019364796
1.552195,-7.0940027444626
1.5522,-7.09416831641322
1.552205,-7.0943269107387
1.55221,-7.09447852873893
1.552215,-7.09462317177489
1.55222,-7.09476084126849
1.552225,-7.09489153870264
1.55223,-7.09501526562118
1.552235,-7.0951320236288
1.55224,-7.09524181439111
1.552245,-7.09534463963447
1.55225,-7.09544050114606
1.552255,-7.09552940077379
1.55226,-7.09561134042624
1.552265,-7.09568632207267
1.55227,-7.09575434774291
1.552275,-7.09581541952737
1.55228,-7.09586953957697
1.552285,-7.09591671010306
1.55229,-7.09595693337742
1.552295,-7.09599021173217
1.5523,-7.09601654755974
1.552305,-7.09603594331281
1.55231,-7.09604840150422
1.552315,-7.09605392470695
1.55232,-7.09605251555407
1.552325,-7.09604417673862
1.55233,-7.09602891101361
1.552335,-7.09600672119192
1.55234,-7.09597761014625
1.552345,-7.09594158080905
1.55235,-7.09589863617243
1.552355,-7.09584877928813
1.55236,-7.09579201326743
1.552365,-7.09572834128106
1.55237,-7.09565776655916
1.552375,-7.09558029239118
1.55238,-7.0954959221258
1.552385,-7.09540465917088
1.55239,-7.09530650699336
1.552395,-7.09520146911918
1.5524,-7.09508954913319
1.552405,-7.09497075067911
1.55241,-7.09484507745936
1.552415,-7.09471253323509
1.55242,-7.09457312182597
1.552425,-7.09442684711021
1.55243,-7.0942737130244
1.552435,-7.09411372356341
1.55244,-7.09394688278038
1.552445,-7.09377319478655
1.55245,-7.09359266375115
1.552455,-7.09340529390141
1.55246,-7.09321108952234
1.552465,-7.0930100549567
1.55247,-7.09280219460489
1.552475,-7.09258751292481
1.55248,-7.09236601443183
1.552485,-7.09213770369862
1.55249,-7.09190258535506
1.552495,-7.09166066408816
1.5525,-7.0914119446419
1.552505,-7.0911564318172
1.55251,-7.09089413047171
1.552515,-7.09062504551978
1.55252,-7.09034918193232
1.552525,-7.09006654473666
1.55253,-7.08977713901646
1.552535,-7.08948096991162
1.55254,-7.08917804261808
1.552545,-7.08886836238778
1.55255,-7.08855193452851
1.552555,-7.08822876440378
1.55256,-7.08789885743271
1.552565,-7.08756221908989
1.55257,-7.0872188549053
1.552575,-7.0868687704641
1.55258,-7.08651197140656
1.552585,-7.08614846342797
1.55259,-7.0857782522784
1.552595,-7.08540134376265
1.5526,-7.08501774374013
1.552605,-7.08462745812463
1.55261,-7.08423049288433
1.552615,-7.0838268540415
1.55262,-7.08341654767247
1.552625,-7.08299957990753
1.55263,-7.08257595693062
1.552635,-7.08214568497941
1.55264,-7.08170877034495
1.552645,-7.08126521937166
1.55265,-7.08081503845718
1.552655,-7.08035823405215
1.55266,-7.07989481266011
1.552665,-7.07942478083739
1.55267,-7.07894814519288
1.552675,-7.07846491238796
1.55268,-7.07797508913627
1.552685,-7.07747868220363
1.55269,-7.07697569840787
1.552695,-7.07646614461865
1.5527,-7.07595002775732
1.552705,-7.07542735479679
1.55271,-7.07489813276128
1.552715,-7.07436236872635
1.55272,-7.07382006981851
1.552725,-7.07327124321522
1.55273,-7.07271589614472
1.552735,-7.07215403588576
1.55274,-7.07158566976759
1.552745,-7.07101080516965
1.55275,-7.07042944952148
1.552755,-7.06984161030261
1.55276,-7.06924729504224
1.552765,-7.06864651131926
1.55277,-7.06803926676189
1.552775,-7.06742556904767
1.55278,-7.0668054259032
1.552785,-7.06617884510402
1.55279,-7.06554583447438
1.552795,-7.06490640188713
1.5528,-7.06426055526349
1.552805,-7.06360830257295
1.55281,-7.06294965183301
1.552815,-7.06228461110901
1.55282,-7.06161318851407
1.552825,-7.06093539220877
1.55283,-7.06025123040104
1.552835,-7.05956071134597
1.55284,-7.05886384334561
1.552845,-7.05816063474885
1.55285,-7.05745109395118
1.552855,-7.05673522939444
1.55286,-7.05601304956687
1.552865,-7.05528456300265
1.55287,-7.05454977828191
1.552875,-7.05380870403044
1.55288,-7.05306134891952
1.552885,-7.05230772166582
1.55289,-7.05154783103103
1.552895,-7.05078168582193
1.5529,-7.05000929488991
1.552905,-7.04923066713096
1.55291,-7.04844581148555
1.552915,-7.04765473693816
1.55292,-7.04685745251733
1.552925,-7.04605396729548
1.55293,-7.04524429038847
1.552935,-7.0444284309557
1.55294,-7.04360639819971
1.552945,-7.04277820136603
1.55295,-7.0419438497431
1.552955,-7.0411033526619
1.55296,-7.04025671949582
1.552965,-7.03940395966058
1.55297,-7.03854508261381
1.552975,-7.03768009785504
1.55298,-7.03680901492537
1.552985,-7.03593184340733
1.55299,-7.03504859292477
1.552995,-7.03415927314237
1.553,-7.03326389376584
1.553005,-7.03236246454135
1.55301,-7.03145499525552
1.553015,-7.03054149573525
1.55302,-7.02962197584732
1.553025,-7.02869644549837
1.55303,-7.02776491463467
1.553035,-7.02682739324177
1.55304,-7.02588389134454
1.553045,-7.0249344190067
1.55305,-7.0239789863307
1.553055,-7.02301760345772
1.55306,-7.02205028056708
1.553065,-7.02107702787642
1.55307,-7.02009785564116
1.553075,-7.01911277415448
1.55308,-7.01812179374715
1.553085,-7.01712492478708
1.55309,-7.01612217767934
1.553095,-7.01511356286593
1.5531,-7.01409909082537
1.553105,-7.01307877207278
1.55311,-7.0120526171594
1.553115,-7.01102063667247
1.55312,-7.00998284123518
1.553125,-7.00893924150611
1.55313,-7.00788984817942
1.553135,-7.00683467198427
1.55314,-7.00577372368483
1.553145,-7.00470701408
1.55315,-7.00363455400319
1.553155,-7.00255635432205
1.55316,-7.00147242593845
1.553165,-7.00038277978795
1.55317,-6.99928742683991
1.553175,-6.99818637809703
1.55318,-6.99707964459518
1.553185,-6.99596723740338
1.55319,-6.99484916762323
1.553195,-6.99372544638907
1.5532,-6.99259608486745
1.553205,-6.99146109425703
1.55321,-6.99032048578849
1.553215,-6.98917427072408
1.55322,-6.98802246035749
1.553225,-6.98686506601379
1.55323,-6.9857020990489
1.553235,-6.9845335708497
1.55324,-6.98335949283349
1.553245,-6.98217987644801
1.55325,-6.98099473317119
1.553255,-6.97980407451073
1.55326,-6.97860791200419
1.553265,-6.97740625721848
1.55327,-6.97619912174976
1.553275,-6.97498651722333
1.55328,-6.97376845529321
1.553285,-6.97254494764196
1.55329,-6.97131600598066
1.553295,-6.97008164204834
1.5533,-6.96884186761214
1.553305,-6.96759669446679
1.55331,-6.96634613443444
1.553315,-6.96509019936466
1.55332,-6.96382890113386
1.553325,-6.96256225164544
1.55333,-6.96129026282926
1.553335,-6.96001294664149
1.55334,-6.95873031506468
1.553345,-6.95744238010707
1.55335,-6.95614915380262
1.553355,-6.95485064821091
1.55336,-6.95354687541656
1.553365,-6.95223784752941
1.55337,-6.95092357668402
1.553375,-6.94960407503945
1.55338,-6.94827935477928
1.553385,-6.94694942811108
1.55339,-6.94561430726643
1.553395,-6.94427400450059
1.5534,-6.94292853209219
1.553405,-6.94157790234326
1.55341,-6.94022212757871
1.553415,-6.93886122014631
1.55342,-6.93749519241649
1.553425,-6.93612405678185
1.55343,-6.93474782565731
1.553435,-6.93336651147962
1.55344,-6.93198012670715
1.553445,-6.93058868381992
1.55345,-6.92919219531896
1.553455,-6.92779067372661
1.55346,-6.92638413158578
1.553465,-6.92497258145998
1.55347,-6.92355603593328
1.553475,-6.9221345076097
1.55348,-6.92070800911319
1.553485,-6.91927655308751
1.55349,-6.9178401521958
1.553495,-6.91639881912056
1.5535,-6.91495256656322
1.553505,-6.91350140724405
1.55351,-6.91204535390204
1.553515,-6.91058441929434
1.55352,-6.90911861619655
1.553525,-6.90764795740194
1.55353,-6.90617245572162
1.553535,-6.90469212398429
1.55354,-6.90320697503577
1.553545,-6.90171702173903
1.55355,-6.90022227697396
1.553555,-6.8987227536369
1.55356,-6.89721846464088
1.553565,-6.89570942291485
1.55357,-6.89419564140388
1.553575,-6.89267713306887
1.55358,-6.89115391088605
1.553585,-6.88962598784729
1.55359,-6.88809337695932
1.553595,-6.88655609124386
1.5536,-6.88501414373738
1.553605,-6.88346754749078
1.55361,-6.8819163155691
1.553615,-6.8803604610517
1.55362,-6.87879999703148
1.553625,-6.87723493661518
1.55363,-6.87566529292285
1.553635,-6.87409107908761
1.55364,-6.87251230825589
1.553645,-6.8709289935865
1.55365,-6.86934114825117
1.553655,-6.86774878543371
1.55366,-6.86615191833014
1.553665,-6.86455056014848
1.55367,-6.86294472410844
1.553675,-6.86133442344106
1.55368,-6.85971967138902
1.553685,-6.8581004812057
1.55369,-6.85647686615571
1.553695,-6.85484883951413
1.5537,-6.85321641456644
1.553705,-6.85157960460866
1.55371,-6.84993842294655
1.553715,-6.84829288289587
1.55372,-6.84664299778202
1.553725,-6.84498878093977
1.55373,-6.8433302457132
1.553735,-6.84166740545534
1.55374,-6.84000027352802
1.553745,-6.83832886330181
1.55375,-6.83665318815553
1.553755,-6.83497326147636
1.55376,-6.83328909665938
1.553765,-6.83160070710748
1.55377,-6.82990810623124
1.553775,-6.82821130744856
1.55378,-6.82651032418453
1.553785,-6.82480516987136
1.55379,-6.8230958579479
1.553795,-6.82138240185977
1.5538,-6.81966481505888
1.553805,-6.81794311100335
1.55381,-6.8162173031574
1.553815,-6.81448740499093
1.55382,-6.81275342997968
1.553825,-6.81101539160456
1.55383,-6.80927330335177
1.553835,-6.80752717871273
1.55384,-6.80577703118352
1.553845,-6.80402287426478
1.55385,-6.80226472146188
1.553855,-6.80050258628421
1.55386,-6.79873648224537
1.553865,-6.79696642286275
1.55387,-6.79519242165738
1.553875,-6.79341449215404
1.55388,-6.79163264788042
1.553885,-6.78984690236773
1.55389,-6.78805726914983
1.553895,-6.78626376176339
1.5539,-6.78446639374772
1.553905,-6.7826651786444
1.55391,-6.78086012999714
1.553915,-6.77905126135189
1.55392,-6.77723858625605
1.553925,-6.77542211825901
1.55393,-6.77360187091134
1.553935,-6.7717778577649
1.55394,-6.76995009237286
1.553945,-6.76811858828888
1.55395,-6.76628335906773
1.553955,-6.76444441826448
1.55396,-6.76260177943453
1.553965,-6.76075545613367
1.55397,-6.7589054619175
1.553975,-6.75705181034135
1.55398,-6.75519451496047
1.553985,-6.75333358932929
1.55399,-6.75146904700177
1.553995,-6.74960090153078
1.554,-6.74772916646815
1.554005,-6.74585385536466
1.55401,-6.74397498176932
1.554015,-6.74209255922995
1.55402,-6.74020660129233
1.554025,-6.73831712150034
1.55403,-6.73642413339593
1.554035,-6.73452765051859
1.55404,-6.73262768640537
1.554045,-6.73072425459088
1.55405,-6.72881736860672
1.554055,-6.7269070419818
1.55406,-6.72499328824163
1.554065,-6.72307612090854
1.55407,-6.72115555350157
1.554075,-6.71923159953587
1.55408,-6.7173042725231
1.554085,-6.71537358597075
1.55409,-6.71343955338223
1.554095,-6.71150218825684
1.5541,-6.70956150408928
1.554105,-6.70761751436965
1.55411,-6.70567023258351
1.554115,-6.7037196722112
1.55412,-6.70176584672831
1.554125,-6.69980876960495
1.55413,-6.69784845430587
1.554135,-6.69588491429047
1.55414,-6.69391816301217
1.554145,-6.69194821391881
1.55415,-6.68997508045203
1.554155,-6.68799877604728
1.55416,-6.6860193141339
1.554165,-6.68403670813457
1.55417,-6.68205097146531
1.554175,-6.68006211753561
1.55418,-6.67807015974769
1.554185,-6.6760751114971
1.55419,-6.67407698617184
1.554195,-6.67207579715257
1.5542,-6.67007155781263
1.554205,-6.66806428151742
1.55421,-6.6660539816248
1.554215,-6.66404067148447
1.55422,-6.662024364438
1.554225,-6.66000507381894
1.55423,-6.65798281295219
1.554235,-6.65595759515421
1.55424,-6.65392943373291
1.554245,-6.65189834198711
1.55425,-6.64986433320696
1.554255,-6.64782742067329
1.55426,-6.64578761765769
1.554265,-6.64374493742256
1.55427,-6.64169939322058
1.554275,-6.63965099829498
1.55428,-6.63759976587901
1.554285,-6.63554570919598
1.55429,-6.63348884145938
1.554295,-6.63142917587223
1.5543,-6.62936672562733
1.554305,-6.62730150390714
1.55431,-6.62523352388327
1.554315,-6.62316279871688
1.55432,-6.62108934155803
1.554325,-6.6190131655459
1.55433,-6.61693428380868
1.554335,-6.61485270946304
1.55434,-6.61276845561454
1.554345,-6.61068153535714
1.55435,-6.60859196177306
1.554355,-6.60649974793302
1.55436,-6.60440490689561
1.554365,-6.60230745170755
1.55437,-6.60020739540353
1.554375,-6.59810475100574
1.55438,-6.59599953152427
1.554385,-6.59389174995659
1.55439,-6.59178141928749
1.554395,-6.58966855248921
1.5544,-6.587553162521
1.554405,-6.58543526232929
1.55441,-6.58331486484727
1.554415,-6.58119198299488
1.55442,-6.57906662967908
1.554425,-6.57693881779308
1.55443,-6.57480856021654
1.554435,-6.57267586981576
1.55444,-6.57054075944291
1.554445,-6.56840324193655
1.55445,-6.56626333012113
1.554455,-6.56412103680683
1.55446,-6.56197637479002
1.554465,-6.55982935685238
1.55447,-6.55767999576116
1.554475,-6.55552830426941
1.55448,-6.55337429511511
1.554485,-6.55121798102177
1.55449,-6.54905937469795
1.554495,-6.54689848883706
1.5545,-6.54473533611784
1.554505,-6.54256992920342
1.55451,-6.54040228074196
1.554515,-6.53823240336612
1.55452,-6.53606030969291
1.554525,-6.53388601232417
1.55453,-6.53170952384564
1.554535,-6.52953085682743
1.55454,-6.52735002382386
1.554545,-6.52516703737311
1.55455,-6.52298190999741
1.554555,-6.52079465420277
1.55456,-6.51860528247879
1.554565,-6.51641380729894
1.55457,-6.51422024112004
1.554575,-6.51202459638251
1.55458,-6.50982688551002
1.554585,-6.50762712090938
1.55459,-6.50542531497092
1.554595,-6.50322148006768
1.5546,-6.50101562855583
1.554605,-6.49880777277452
1.55461,-6.49659792504551
1.554615,-6.49438609767359
1.55462,-6.49217230294583
1.554625,-6.48995655313199
1.55463,-6.48773886048439
1.554635,-6.48551923723754
1.55464,-6.48329769560841
1.554645,-6.48107424779609
1.55465,-6.47884890598163
1.554655,-6.47662168232849
1.55466,-6.47439258898181
1.554665,-6.47216163806854
1.55467,-6.46992884169777
1.554675,-6.46769421195984
1.55468,-6.46545776092719
1.554685,-6.46321950065353
1.55469,-6.46097944317398
1.554695,-6.45873760050541
1.5547,-6.45649398464556
1.554705,-6.45424860757386
1.55471,-6.45200148125066
1.554715,-6.44975261761729
1.55472,-6.44750202859648
1.554725,-6.44524972609166
1.55473,-6.44299572198699
1.554735,-6.44074002814786
1.55474,-6.43848265642
1.554745,-6.43622361863007
1.55475,-6.43396292658516
1.554755,-6.43170059207291
1.55476,-6.42943662686152
1.554765,-6.4271710426994
1.55477,-6.42490385131556
1.554775,-6.42263506441896
1.55478,-6.42036469369881
1.554785,-6.41809275082474
1.55479,-6.41581924744603
1.554795,-6.4135441951921
1.5548,-6.41126760567251
1.554805,-6.40898949047637
1.55481,-6.40670986117282
1.554815,-6.40442872931064
1.55482,-6.40214610641821
1.554825,-6.39986200400387
1.55483,-6.39757643355502
1.554835,-6.39528940653905
1.55484,-6.39300093440251
1.554845,-6.39071102857131
1.55485,-6.38841970045099
1.554855,-6.38612696142602
1.55486,-6.38383282286019
1.554865,-6.38153729609664
1.55487,-6.37924039245733
1.554875,-6.37694212324361
1.55488,-6.37464249973548
1.554885,-6.372341533192
1.55489,-6.37003923485135
1.554895,-6.3677356159302
1.5549,-6.36543068762437
1.554905,-6.36312446110818
1.55491,-6.36081694753456
1.554915,-6.35850815803543
1.55492,-6.35619810372102
1.554925,-6.3538867956801
1.55493,-6.35157424498022
1.554935,-6.34926046266701
1.55494,-6.3469454597649
1.554945,-6.34462924727631
1.55495,-6.34231183618209
1.554955,-6.33999323744158
1.55496,-6.33767346199202
1.554965,-6.33535252074913
1.55497,-6.33303042460657
1.554975,-6.33070718443606
1.55498,-6.32838281108766
1.554985,-6.32605731538916
1.55499,-6.32373070814637
1.554995,-6.32140300014325
1.555,-6.31907420214132
1.555005,-6.31674432488037
1.55501,-6.3144133790776
1.555015,-6.31208137542814
1.55502,-6.30974832460506
1.555025,-6.30741423725879
1.55503,-6.3050791240178
1.555035,-6.30274299548792
1.55504,-6.30040586225259
1.555045,-6.29806773487307
1.55505,-6.29572862388789
1.555055,-6.29338853981312
1.55506,-6.2910474931425
1.555065,-6.28870549434688
1.55507,-6.28636255387487
1.555075,-6.28401868215219
1.55508,-6.2816738895819
1.555085,-6.27932818654457
1.55509,-6.27698158339787
1.555095,-6.2746340904769
1.5551,-6.27228571809381
1.555105,-6.26993647653791
1.55511,-6.26758637607595
1.555115,-6.26523542695158
1.55512,-6.26288363938555
1.555125,-6.26053102357594
1.55513,-6.25817758969759
1.555135,-6.25582334790268
1.55514,-6.25346830832019
1.555145,-6.25111248105604
1.55515,-6.2487558761934
1.555155,-6.24639850379209
1.55516,-6.24404037388913
1.555165,-6.24168149649819
1.55517,-6.23932188160983
1.555175,-6.23696153919173
1.55518,-6.23460047918813
1.555185,-6.23223871152011
1.55519,-6.22987624608575
1.555195,-6.22751309275969
1.5552,-6.22514926139355
1.555205,-6.22278476181547
1.55521,-6.22041960383033
1.555215,-6.21805379721991
1.55522,-6.21568735174256
1.555225,-6.21332027713318
1.55523,-6.21095258310362
1.555235,-6.20858427934203
1.55524,-6.2062153755135
1.555245,-6.20384588125958
1.55525,-6.20147580619831
1.555255,-6.19910515992462
1.55526,-6.19673395200964
1.555265,-6.19436219200139
1.55527,-6.19198988942431
1.555275,-6.18961705377921
1.55528,-6.18724369454378
1.555285,-6.18486982117187
1.55529,-6.18249544309401
1.555295,-6.1801205697173
1.5553,-6.17774521042508
1.555305,-6.17536937457742
1.55531,-6.17299307151075
1.555315,-6.17061631053783
1.55532,-6.16823910094811
1.555325,-6.16586145200728
1.55533,-6.16348337295769
1.555335,-6.16110487301785
1.55534,-6.15872596138281
1.555345,-6.15634664722418
1.55535,-6.15396693968977
1.555355,-6.15158684790376
1.55536,-6.14920638096709
1.555365,-6.14682554795664
1.55537,-6.14444435792605
1.555375,-6.14206281990518
1.55538,-6.13968094290014
1.555385,-6.13729873589385
1.55539,-6.13491620784512
1.555395,-6.1325333676895
1.5554,-6.13015022433881
1.555405,-6.12776678668108
1.55541,-6.125383063581
1.555415,-6.12299906387951
1.55542,-6.12061479639375
1.555425,-6.11823026991766
1.55543,-6.11584549322112
1.555435,-6.1134604750507
1.55544,-6.11107522412923
1.555445,-6.10868974915576
1.55545,-6.10630405880617
1.555455,-6.10391816173217
1.55546,-6.10153206656243
1.555465,-6.09914578190156
1.55547,-6.09675931633074
1.555475,-6.09437267840769
1.55548,-6.09198587666627
1.555485,-6.0895989196169
1.55549,-6.0872118157465
1.555495,-6.08482457351823
1.5555,-6.08243720137185
1.555505,-6.08004970772349
1.55551,-6.07766210096554
1.555515,-6.07527438946726
1.55552,-6.07288658157388
1.555525,-6.07049868560758
1.55553,-6.06811070986658
1.555535,-6.06572266262579
1.55554,-6.06333455213665
1.555545,-6.06094638662705
1.55555,-6.05855817430119
1.555555,-6.05616992334017
1.55556,-6.05378164190131
1.555565,-6.05139333811863
1.55557,-6.04900502010265
1.555575,-6.04661669594027
1.55558,-6.04422837369536
1.555585,-6.0418400614079
1.55559,-6.0394517670949
1.555595,-6.03706349874973
1.5556,-6.03467526434224
1.555605,-6.03228707181935
1.55561,-6.02989892910419
1.555615,-6.02751084409665
1.55562,-6.02512282467359
1.555625,-6.02273487868805
1.55563,-6.02034701397028
1.555635,-6.01795923832682
1.55564,-6.01557155954108
1.555645,-6.01318398537343
1.55565,-6.01079652356056
1.555655,-6.00840918181639
1.55566,-6.00602196783136
1.555665,-6.0036348892726
1.55567,-6.00124795378442
1.555675,-5.99886116898775
1.55568,-5.99647454248021
1.555685,-5.99408808183668
1.55569,-5.9917017946086
1.555695,-5.98931568832451
1.5557,-5.98692977048975
1.555705,-5.98454404858658
1.55571,-5.98215853007449
1.555715,-5.97977322238948
1.55572,-5.97738813294503
1.555725,-5.97500326913139
1.55573,-5.97261863831568
1.555735,-5.97023424784249
1.55574,-5.96785010503319
1.555745,-5.96546621718626
1.55575,-5.96308259157745
1.555755,-5.96069923545943
1.55576,-5.95831615606229
1.555765,-5.95593336059311
1.55577,-5.95355085623616
1.555775,-5.95116865015306
1.55578,-5.9487867494825
1.555785,-5.94640516134069
1.55579,-5.94402389282094
1.555795,-5.94164295099374
1.5558,-5.93926234290728
1.555805,-5.93688207558682
1.55581,-5.93450215603502
1.555815,-5.93212259123216
1.55582,-5.92974338813567
1.555825,-5.92736455368063
1.55583,-5.92498609477948
1.555835,-5.92260801832212
1.55584,-5.92023033117621
1.555845,-5.91785304018663
1.55585,-5.9154761521762
1.555855,-5.91309967394497
1.55586,-5.91072361227075
1.555865,-5.90834797390919
1.55587,-5.90597276559335
1.555875,-5.90359799403403
1.55588,-5.90122366591997
1.555885,-5.89884978791735
1.55589,-5.89647636667045
1.555895,-5.89410340880111
1.5559,-5.89173092090904
1.555905,-5.88935890957195
1.55591,-5.88698738134521
1.555915,-5.8846163427624
1.55592,-5.8822458003348
1.555925,-5.87987576055164
1.55593,-5.87750622988042
1.555935,-5.87513721476641
1.55594,-5.87276872163291
1.555945,-5.87040075688159
1.55595,-5.86803332689187
1.555955,-5.86566643802166
1.55596,-5.86330009660676
1.555965,-5.86093430896121
1.55597,-5.8585690813775
1.555975,-5.85620442012612
1.55598,-5.85384033145587
1.555985,-5.8514768215941
1.55599,-5.84911389674617
1.555995,-5.84675156309616
1.556,-5.84438982680631
1.556005,-5.84202869401729
1.55601,-5.83966817084847
1.556015,-5.83730826339741
1.55602,-5.83494897774052
1.556025,-5.83259031993254
1.55603,-5.83023229600677
1.556035,-5.8278749119754
1.55604,-5.82551817382902
1.556045,-5.82316208753691
1.55605,-5.82080665904729
1.556055,-5.81845189428687
1.55606,-5.81609779916141
1.556065,-5.81374437955524
1.55607,-5.81139164133155
1.556075,-5.80903959033266
1.55608,-5.80668823237944
1.556085,-5.80433757327208
1.55609,-5.80198761878946
1.556095,-5.79963837468946
1.5561,-5.79728984670933
1.556105,-5.79494204056508
1.55611,-5.79259496195183
1.556115,-5.79024861654411
1.55612,-5.78790300999528
1.556125,-5.78555814793825
1.55613,-5.78321403598488
1.556135,-5.78087067972644
1.55614,-5.77852808473363
1.556145,-5.77618625655621
1.55615,-5.77384520072363
1.556155,-5.77150492274451
1.55616,-5.76916542810699
1.556165,-5.76682672227886
1.55617,-5.7644888107072
1.556175,-5.76215169881864
1.55618,-5.75981539201961
1.556185,-5.75747989569597
1.55619,-5.75514521521344
1.556195,-5.7528113559172
1.5562,-5.75047832313215
1.556205,-5.74814612216331
1.55621,-5.74581475829505
1.556215,-5.74348423679195
1.55622,-5.74115456289815
1.556225,-5.73882574183786
1.55623,-5.73649777881532
1.556235,-5.73417067901456
1.55624,-5.73184444759959
1.556245,-5.72951908971482
1.55625,-5.72719461048431
1.556255,-5.72487101501258
1.55626,-5.72254830838416
1.556265,-5.72022649566367
1.55627,-5.71790558189622
1.556275,-5.71558557210697
1.55628,-5.71326647130158
1.556285,-5.71094828446584
1.55629,-5.70863101656601
1.556295,-5.70631467254891
1.5563,-5.70399925734156
1.556305,-5.70168477585161
1.55631,-5.69937123296732
1.556315,-5.69705863355724
1.55632,-5.69474698247094
1.556325,-5.69243628453827
1.55633,-5.69012654456977
1.556335,-5.68781776735704
1.55634,-5.68550995767196
1.556345,-5.68320312026769
1.55635,-5.68089725987784
1.556355,-5.67859238121689
1.55636,-5.67628848898061
1.556365,-5.67398558784528
1.55637,-5.67168368246833
1.556375,-5.66938277748832
1.55638,-5.66708287752458
1.556385,-5.66478398717793
1.55639,-5.66248611102996
1.556395,-5.66018925364355
1.5564,-5.6578934195629
1.556405,-5.6555986133133
1.55641,-5.65330483940147
1.556415,-5.65101210231537
1.55642,-5.64872040652418
1.556425,-5.64642975647887
1.55643,-5.64414015661145
1.556435,-5.64185161133557
1.55644,-5.63956412504649
1.556445,-5.63727770212084
1.55645,-5.63499234691702
1.556455,-5.63270806377498
1.55646,-5.6304248570162
1.556465,-5.62814273094423
1.55647,-5.62586168984394
1.556475,-5.62358173798243
1.55648,-5.62130287960824
1.556485,-5.61902511895195
1.55649,-5.6167484602261
1.556495,-5.61447290762513
1.5565,-5.61219846532527
1.556505,-5.60992513748516
1.55651,-5.60765292824516
1.556515,-5.60538184172795
1.55652,-5.60311188203826
1.556525,-5.60084305326285
1.55653,-5.59857535947106
1.556535,-5.59630880471415
1.55654,-5.59404339302591
1.556545,-5.59177912842235
1.55655,-5.58951601490174
1.556555,-5.58725405644509
1.55656,-5.58499325701565
1.556565,-5.58273362055903
1.55657,-5.58047515100376
1.556575,-5.57821785226058
1.55658,-5.57596172822309
1.556585,-5.5737067827674
1.55659,-5.57145301975232
1.556595,-5.56920044301951
1.5566,-5.56694905639321
1.556605,-5.56469886368079
1.55661,-5.5624498686721
1.556615,-5.56020207514002
1.55662,-5.55795548684058
1.556625,-5.55571010751244
1.55663,-5.55346594087739
1.556635,-5.5512229906405
1.55664,-5.54898126048949
1.556645,-5.54674075409566
1.55665,-5.54450147511318
1.556655,-5.5422634271795
1.55666,-5.54002661391542
1.556665,-5.5377910389249
1.55667,-5.5355567057952
1.556675,-5.53332361809724
1.55668,-5.53109177938488
1.556685,-5.52886119319589
1.55669,-5.52663186305124
1.556695,-5.52440379245546
1.5567,-5.52217698489679
1.556705,-5.51995144384685
1.55671,-5.5177271727612
1.556715,-5.51550417507884
1.55672,-5.51328245422255
1.556725,-5.51106201359898
1.55673,-5.50884285659846
1.556735,-5.50662498659516
1.55674,-5.50440840694733
1.556745,-5.5021931209969
1.55675,-5.49997913206994
1.556755,-5.49776644347643
1.55676,-5.49555505851032
1.556765,-5.49334498044992
1.55677,-5.49113621255731
1.556775,-5.48892875807908
1.55678,-5.4867226202458
1.556785,-5.48451780227218
1.55679,-5.48231430735757
1.556795,-5.48011213868535
1.5568,-5.47791129942328
1.556805,-5.47571179272373
1.55681,-5.47351362172322
1.556815,-5.47131678954305
1.55682,-5.46912129928883
1.556825,-5.46692715405073
1.55683,-5.46473435690366
1.556835,-5.46254291090697
1.55684,-5.46035281910495
1.556845,-5.4581640845264
1.55685,-5.45597671018484
1.556855,-5.45379069907885
1.55686,-5.45160605419159
1.556865,-5.44942277849111
1.55687,-5.44724087493061
1.556875,-5.44506034644792
1.55688,-5.44288119596618
1.556885,-5.44070342639332
1.55689,-5.43852704062236
1.556895,-5.43635204153165
1.5569,-5.43417843198438
1.556905,-5.43200621482925
1.55691,-5.42983539289995
1.556915,-5.42766596901543
1.55692,-5.4254979459802
1.556925,-5.42333132658385
1.55693,-5.42116611360139
1.556935,-5.41900230979347
1.55694,-5.41683991790589
1.556945,-5.41467894067027
1.55695,-5.41251938080354
1.556955,-5.4103612410082
1.55696,-5.40820452397261
1.556965,-5.40604923237047
1.55697,-5.4038953688615
1.556975,-5.40174293609092
1.55698,-5.39959193668968
1.556985,-5.39744237327488
1.55699,-5.39529424844915
1.556995,-5.39314756480103
1.557,-5.39100232490523
1.557005,-5.38885853132212
1.55701,-5.38671618659838
1.557015,-5.3845752932665
1.55702,-5.38243585384507
1.557025,-5.38029787083897
1.55703,-5.37816134673909
1.557035,-5.37602628402265
1.55704,-5.37389268515297
1.557045,-5.37176055257961
1.55705,-5.3696298887387
1.557055,-5.36750069605248
1.55706,-5.36537297692955
1.557065,-5.36324673376526
1.55707,-5.36112196894105
1.557075,-5.35899868482515
1.55708,-5.35687688377216
1.557085,-5.35475656812319
1.55709,-5.35263774020633
1.557095,-5.35052040233588
1.5571,-5.34840455681322
1.557105,-5.3462902059262
1.55711,-5.34417735194942
1.557115,-5.34206599714463
1.55712,-5.33995614376006
1.557125,-5.3378477940309
1.55713,-5.33574095017943
1.557135,-5.3336356144147
1.55714,-5.33153178893294
1.557145,-5.32942947591725
1.55715,-5.32732867753774
1.557155,-5.32522939595198
1.55716,-5.32313163330427
1.557165,-5.32103539172642
1.55717,-5.31894067333722
1.557175,-5.31684748024282
1.55718,-5.31475581453678
1.557185,-5.31266567829976
1.55719,-5.31057707359991
1.557195,-5.30849000249291
1.5572,-5.30640446702157
1.557205,-5.30432046921658
1.55721,-5.30223801109584
1.557215,-5.3001570946648
1.55722,-5.29807772191681
1.557225,-5.29599989483247
1.55723,-5.29392361538033
1.557235,-5.29184888551652
1.55724,-5.28977570718482
1.557245,-5.287704082317
1.55725,-5.2856340128325
1.557255,-5.28356550063855
1.55726,-5.28149854763044
1.557265,-5.27943315569123
1.55727,-5.27736932669205
1.557275,-5.27530706249198
1.55728,-5.273246364938
1.557285,-5.27118723586539
1.55729,-5.26912967709734
1.557295,-5.26707369044533
1.5573,-5.26501927770893
1.557305,-5.26296644067578
1.55731,-5.26091518112213
1.557315,-5.25886550081218
1.55732,-5.25681740149845
1.557325,-5.25477088492216
1.55733,-5.25272595281244
1.557335,-5.25068260688731
1.55734,-5.24864084885288
1.557345,-5.24660068040391
1.55735,-5.24456210322373
1.557355,-5.24252511898414
1.55736,-5.24048972934564
1.557365,-5.23845593595733
1.55737,-5.23642374045681
1.557375,-5.23439314447076
1.55738,-5.23236414961425
1.557385,-5.23033675749126
1.55739,-5.22831096969464
1.557395,-5.22628678780599
1.5574,-5.22426421339588
1.557405,-5.22224324802376
1.55741,-5.22022389323788
1.557415,-5.21820615057583
1.55742,-5.21619002156387
1.557425,-5.21417550771741
1.55743,-5.21216261054118
1.557435,-5.21015133152863
1.55744,-5.20814167216281
1.557445,-5.20613363391559
1.55745,-5.20412721824818
1.557455,-5.20212242661128
1.55746,-5.20011926044447
1.557465,-5.19811772117711
1.55747,-5.19611781022755
1.557475,-5.19411952900365
1.55748,-5.19212287890293
1.557485,-5.19012786131204
1.55749,-5.18813447760726
1.557495,-5.18614272915451
1.5575,-5.18415261730908
1.557505,-5.18216414341613
1.55751,-5.18017730881015
1.557515,-5.17819211481542
1.55752,-5.1762085627461
1.557525,-5.17422665390572
1.55753,-5.17224638958796
1.557535,-5.17026777107609
1.55754,-5.1682907996431
1.557545,-5.16631547655218
1.55755,-5.1643418030562
1.557555,-5.16236978039786
1.55756,-5.16039940981014
1.557565,-5.15843069251571
1.55757,-5.15646362972758
1.557575,-5.15449822264852
1.55758,-5.15253447247149
1.557585,-5.15057238037979
1.55759,-5.14861194754652
1.557595,-5.14665317513535
1.5576,-5.14469606429991
1.557605,-5.14274061618415
1.55761,-5.14078683192241
1.557615,-5.13883471263927
1.55762,-5.13688425944959
1.557625,-5.13493547345886
1.55763,-5.13298835576275
1.557635,-5.13104290744753
1.55764,-5.12909912958988
1.557645,-5.12715702325695
1.55765,-5.12521658950664
1.557655,-5.1232778293872
1.55766,-5.12134074393767
1.557665,-5.1194053341876
1.55767,-5.11747160115722
1.557675,-5.11553954585765
1.55768,-5.11360916929055
1.557685,-5.11168047244838
1.55769,-5.10975345631452
1.557695,-5.10782812186298
1.5577,-5.10590447005889
1.557705,-5.10398250185809
1.55771,-5.1020622182073
1.557715,-5.10014362004445
1.55772,-5.09822670829819
1.557725,-5.09631148388836
1.55773,-5.09439794772576
1.557735,-5.09248610071221
1.55774,-5.09057594374088
1.557745,-5.08866747769586
1.55775,-5.08676070345241
1.557755,-5.08485562187719
1.55776,-5.08295223382783
1.557765,-5.0810505401535
1.55777,-5.07915054169445
1.557775,-5.07725223928228
1.55778,-5.07535563374007
1.557785,-5.07346072588209
1.55779,-5.07156751651427
1.557795,-5.06967600643378
1.5578,-5.06778619642927
1.557805,-5.06589808728108
1.55781,-5.06401167976089
1.557815,-5.06212697463194
1.55782,-5.06024397264927
1.557825,-5.05836267455927
1.55783,-5.05648308110025
1.557835,-5.05460519300199
1.55784,-5.05272901098599
1.557845,-5.05085453576569
1.55785,-5.04898176804602
1.557855,-5.047110708524
1.55786,-5.04524135788824
1.557865,-5.04337371681924
1.55787,-5.04150778598956
1.557875,-5.03964356606349
1.55788,-5.03778105769725
1.557885,-5.03592026153921
1.55789,-5.03406117822955
1.557895,-5.03220380840068
1.5579,-5.03034815267686
1.557905,-5.02849421167448
1.55791,-5.02664198600221
1.557915,-5.0247914762606
1.55792,-5.02294268304265
1.557925,-5.02109560693335
1.55793,-5.01925024850992
1.557935,-5.01740660834202
1.55794,-5.01556468699139
1.557945,-5.01372448501215
1.55795,-5.01188600295089
1.557955,-5.0100492413463
1.55796,-5.00821420072975
1.557965,-5.00638088162483
1.55797,-5.00454928454758
1.557975,-5.00271941000671
1.55798,-5.00089125850315
1.557985,-4.99906483053071
1.55799,-4.99724012657548
1.557995,-4.99541714711614
1.558,-4.99359589262423
1.558005,-4.99177636356365
1.55801,-4.9899585603911
1.558015,-4.98814248355606
1.55802,-4.98632813350051
1.558025,-4.98451551065943
1.55803,-4.98270461546036
1.558035,-4.98089544832375
1.55804,-4.97908800966294
1.558045,-4.97728229988393
1.55805,-4.97547831938586
1.558055,-4.97367606856055
1.55806,-4.97187554779284
1.558065,-4.97007675746065
1.55807,-4.96827969793471
1.558075,-4.96648436957875
1.55808,-4.9646907727498
1.558085,-4.96289890779765
1.55809,-4.96110877506539
1.558095,-4.95932037488917
1.5581,-4.95753370759817
1.558105,-4.95574877351498
1.55811,-4.95396557295509
1.558115,-4.95218410622756
1.55812,-4.95040437363441
1.558125,-4.94862637547095
1.55813,-4.94685011202606
1.558135,-4.94507558358166
1.55814,-4.94330279041304
1.558145,-4.94153173278912
1.55815,-4.9397624109719
1.558155,-4.93799482521704
1.55816,-4.93622897577356
1.558165,-4.93446486288387
1.55817,-4.93270248678407
1.558175,-4.9309418477037
1.55818,-4.92918294586569
1.558185,-4.9274257814869
1.55819,-4.92567035477743
1.558195,-4.92391666594124
1.5582,-4.92216471517589
1.558205,-4.92041450267248
1.55821,-4.918666028616
1.558215,-4.91691929318504
1.55822,-4.91517429655203
1.558225,-4.91343103888313
1.55823,-4.91168952033816
1.558235,-4.90994974107107
1.55824,-4.90821170122939
1.558245,-4.90647540095452
1.55825,-4.90474084038201
1.558255,-4.90300801964097
1.55826,-4.90127693885483
1.558265,-4.89954759814066
1.55827,-4.89781999760966
1.558275,-4.89609413736709
1.55828,-4.89437001751212
1.558285,-4.89264763813812
1.55829,-4.89092699933246
1.558295,-4.88920810117651
1.5583,-4.88749094374608
1.558305,-4.88577552711081
1.55831,-4.88406185133464
1.558315,-4.88234991647579
1.55832,-4.88063972258657
1.558325,-4.87893126971365
1.55833,-4.87722455789791
1.558335,-4.87551958717442
1.55834,-4.87381635757284
1.558345,-4.87211486911682
1.55835,-4.87041512182471
1.558355,-4.86871711570903
1.55836,-4.86702085077667
1.558365,-4.86532632702918
1.55837,-4.86363354446232
1.558375,-4.86194250306641
1.55838,-4.86025320282634
1.558385,-4.85856564372137
1.55839,-4.85687982572552
1.558395,-4.85519574880711
1.5584,-4.85351341292919
1.558405,-4.85183281804945
1.55841,-4.85015396412005
1.558415,-4.84847685108808
1.55842,-4.84680147889499
1.558425,-4.84512784747704
1.55843,-4.84345595676537
1.558435,-4.84178580668561
1.55844,-4.84011739715822
1.558445,-4.83845072809863
1.55845,-4.83678579941673
1.558455,-4.83512261101757
1.55846,-4.83346116280089
1.558465,-4.83180145466116
1.55847,-4.83014348648805
1.558475,-4.82848725816588
1.55848,-4.82683276957406
1.558485,-4.82518002058684
1.55849,-4.82352901107346
1.558495,-4.82187974089825
1.5585,-4.82023220992046
1.558505,-4.81858641799433
1.55851,-4.81694236496938
1.558515,-4.81530005068988
1.55852,-4.81365947499553
1.558525,-4.8120206377209
1.55853,-4.8103835386958
1.558535,-4.80874817774522
1.55854,-4.80711455468922
1.558545,-4.80548266934327
1.55855,-4.80385252151789
1.558555,-4.80222411101875
1.55856,-4.80059743764709
1.558565,-4.79897250119917
1.55857,-4.7973493014666
1.558575,-4.79572783823648
1.55858,-4.79410811129094
1.558585,-4.7924901204078
1.55859,-4.79087386536006
1.558595,-4.78925934591612
1.5586,-4.78764656183998
1.558605,-4.7860355128908
1.55861,-4.78442619882349
1.558615,-4.78281861938825
1.55862,-4.78121277433077
1.558625,-4.77960866339246
1.55863,-4.77800628631006
1.558635,-4.77640564281591
1.55864,-4.77480673263802
1.558645,-4.77320955549985
1.55865,-4.77161411112066
1.558655,-4.7700203992152
1.55866,-4.76842841949386
1.558665,-4.76683817166287
1.55867,-4.76524965542393
1.558675,-4.76366287047471
1.55868,-4.76207781650834
1.558685,-4.76049449321379
1.55869,-4.75891290027595
1.558695,-4.75733303737532
1.5587,-4.7557549041882
1.558705,-4.75417850038687
1.55871,-4.75260382563926
1.558715,-4.75103087960935
1.55872,-4.74945966195685
1.558725,-4.74789017233737
1.55873,-4.74632241040258
1.558735,-4.74475637579989
1.55874,-4.74319206817285
1.558745,-4.74162948716085
1.55875,-4.74006863239924
1.558755,-4.73850950351956
1.55876,-4.73695210014919
1.558765,-4.73539642191157
1.55877,-4.73384246842635
1.558775,-4.73229023930905
1.55878,-4.73073973417149
1.558785,-4.72919095262144
1.55879,-4.72764389426283
1.558795,-4.72609855869587
1.5588,-4.72455494551672
1.558805,-4.72301305431795
1.55881,-4.72147288468816
1.558815,-4.71993443621219
1.55882,-4.71839770847125
1.558825,-4.71686270104264
1.55883,-4.71532941349997
1.558835,-4.71379784541324
1.55884,-4.71226799634855
1.558845,-4.71073986586862
1.55885,-4.70921345353224
1.558855,-4.70768875889461
1.55886,-4.70616578150745
1.558865,-4.70464452091864
1.55887,-4.7031249766727
1.558875,-4.70160714831041
1.55888,-4.70009103536899
1.558885,-4.69857663738223
1.55889,-4.69706395388034
1.558895,-4.69555298438992
1.5589,-4.69404372843427
1.558905,-4.692536185533
1.55891,-4.69103035520247
1.558915,-4.68952623695539
1.55892,-4.68802383030115
1.558925,-4.6865231347458
1.55893,-4.68502414979185
1.558935,-4.68352687493843
1.55894,-4.68203130968146
1.558945,-4.68053745351331
1.55895,-4.67904530592326
1.558955,-4.67755486639706
1.55896,-4.67606613441719
1.558965,-4.67457910946296
1.55897,-4.67309379101029
1.558975,-4.67161017853199
1.55898,-4.67012827149747
1.558985,-4.66864806937295
1.55899,-4.66716957162156
1.558995,-4.66569277770316
1.559,-4.66421768707436
1.559005,-4.66274429918879
1.55901,-4.66127261349671
1.559015,-4.65980262944552
1.55902,-4.65833434647928
1.559025,-4.65686776403896
1.55903,-4.65540288156268
1.559035,-4.65393969848519
1.55904,-4.65247821423844
1.559045,-4.65101842825114
1.55905,-4.64956033994907
1.559055,-4.64810394875509
1.55906,-4.64664925408887
1.559065,-4.64519625536724
1.55907,-4.64374495200408
1.559075,-4.64229534341015
1.55908,-4.64084742899358
1.559085,-4.6394012081593
1.55909,-4.63795668030937
1.559095,-4.63651384484317
1.5591,-4.63507270115692
1.559105,-4.63363324864426
1.55911,-4.63219548669577
1.559115,-4.63075941469921
1.55912,-4.62932503203971
1.559125,-4.62789233809941
1.55913,-4.62646133225764
1.559135,-4.62503201389118
1.55914,-4.62360438237376
1.559145,-4.62217843707665
1.55915,-4.62075417736815
1.559155,-4.61933160261393
1.55916,-4.61791071217704
1.559165,-4.61649150541762
1.55917,-4.61507398169344
1.559175,-4.61365814035932
1.55918,-4.61224398076757
1.559185,-4.61083150226787
1.55919,-4.60942070420727
1.559195,-4.60801158593007
1.5592,-4.60660414677827
1.559205,-4.60519838609097
1.55921,-4.60379430320497
1.559215,-4.60239189745432
1.55922,-4.6009911681706
1.559225,-4.5995921146829
1.55923,-4.59819473631774
1.559235,-4.59679903239918
1.55924,-4.5954050022488
1.559245,-4.59401264518556
1.55925,-4.59262196052625
1.559255,-4.59123294758492
1.55926,-4.58984560567331
1.559265,-4.58845993410079
1.55927,-4.58707593217421
1.559275,-4.58569359919814
1.55928,-4.58431293447468
1.559285,-4.58293393730351
1.55929,-4.58155660698214
1.559295,-4.58018094280555
1.5593,-4.57880694406651
1.559305,-4.57743461005542
1.55931,-4.57606394006029
1.559315,-4.57469493336705
1.55932,-4.57332758925913
1.559325,-4.57196190701776
1.55933,-4.57059788592205
1.559335,-4.56923552524861
1.55934,-4.56787482427207
1.559345,-4.56651578226472
1.55935,-4.56515839849654
1.559355,-4.56380267223559
1.55936,-4.56244860274742
1.559365,-4.56109618929571
1.55937,-4.55974543114182
1.559375,-4.55839632754489
1.55938,-4.55704887776215
1.559385,-4.55570308104856
1.55939,-4.5543589366569
1.559395,-4.55301644383807
1.5594,-4.55167560184068
1.559405,-4.55033640991139
1.55941,-4.54899886729475
1.559415,-4.54766297323319
1.55942,-4.54632872696732
1.559425,-4.5449961277354
1.55943,-4.543665174774
1.559435,-4.5423358673175
1.55944,-4.54100820459822
1.559445,-4.53968218584674
1.55945,-4.53835781029147
1.559455,-4.53703507715892
1.55946,-4.53571398567369
1.559465,-4.53439453505834
1.55947,-4.53307672453369
1.559475,-4.53176055331848
1.55948,-4.53044602062959
1.559485,-4.52913312568206
1.55949,-4.52782186768896
1.559495,-4.52651224586164
1.5595,-4.52520425940947
1.559505,-4.52389790753991
1.55951,-4.52259318945882
1.559515,-4.52129010437003
1.55952,-4.51998865147559
1.559525,-4.51868882997588
1.55953,-4.51739063906931
1.559535,-4.51609407795265
1.55954,-4.51479914582081
1.559545,-4.51350584186694
1.55955,-4.51221416528256
1.559555,-4.51092411525729
1.55956,-4.50963569097921
1.559565,-4.50834889163448
1.55957,-4.50706371640764
1.559575,-4.50578016448164
1.55958,-4.50449823503759
1.559585,-4.50321792725496
1.55959,-4.50193924031167
1.559595,-4.50066217338382
1.5596,-4.49938672564602
1.559605,-4.49811289627118
1.55961,-4.49684068443048
1.559615,-4.49557008929372
1.55962,-4.49430111002886
1.559625,-4.49303374580249
1.55963,-4.49176799577945
1.559635,-4.49050385912304
1.55964,-4.4892413349951
1.559645,-4.4879804225558
1.55965,-4.48672112096379
1.559655,-4.48546342937628
1.55966,-4.48420734694881
1.559665,-4.48295287283557
1.55967,-4.48170000618914
1.559675,-4.48044874616059
1.55968,-4.47919909189963
1.559685,-4.47795104255438
1.55969,-4.47670459727151
1.559695,-4.47545975519634
1.5597,-4.47421651547259
1.559705,-4.47297487724272
1.55971,-4.47173483964763
1.559715,-4.4704964018268
1.55972,-4.46925956291845
1.559725,-4.46802432205922
1.55973,-4.46679067838453
1.559735,-4.46555863102833
1.55974,-4.46432817912315
1.559745,-4.46309932180032
1.55975,-4.46187205818971
1.559755,-4.46064638741981
1.55976,-4.45942230861793
1.559765,-4.45819982090988
1.55977,-4.45697892342034
1.559775,-4.45575961527256
1.55978,-4.45454189558849
1.559785,-4.45332576348891
1.55979,-4.45211121809318
1.559795,-4.45089825851954
1.5598,-4.44968688388485
1.559805,-4.44847709330474
1.55981,-4.44726888589368
1.559815,-4.44606226076485
1.55982,-4.44485721703016
1.559825,-4.44365375380046
1.55983,-4.44245187018518
1.559835,-4.44125156529278
1.55984,-4.44005283823037
1.559845,-4.43885568810386
1.55985,-4.43766011401821
1.559855,-4.43646611507696
1.55986,-4.43527369038269
1.559865,-4.43408283903671
1.55987,-4.43289356013919
1.559875,-4.43170585278934
1.55988,-4.43051971608506
1.559885,-4.42933514912319
1.55989,-4.42815215099956
1.559895,-4.42697072080873
1.5599,-4.42579085764442
1.559905,-4.42461256059906
1.55991,-4.42343582876405
1.559915,-4.42226066122982
1.55992,-4.42108705708566
1.559925,-4.4199150154199
1.55993,-4.41874453531975
1.559935,-4.41757561587135
1.55994,-4.41640825616003
1.559945,-4.41524245526989
1.55995,-4.41407821228409
1.559955,-4.41291552628486
1.55996,-4.41175439635335
1.559965,-4.41059482156984
1.55997,-4.40943680101351
1.559975,-4.40828033376263
1.55998,-4.40712541889459
1.559985,-4.40597205548566
1.55999,-4.40482024261139
1.559995,-4.40366997934621
1.56,-4.40252126476363
1.560005,-4.40137409793645
1.56001,-4.40022847793632
1.560015,-4.39908440383404
1.56002,-4.39794187469968
1.560025,-4.3968008896022
1.56003,-4.39566144760982
1.560035,-4.39452354778986
1.56004,-4.39338718920871
1.560045,-4.39225237093201
1.56005,-4.39111909202445
1.560055,-4.38998735154996
1.56006,-4.38885714857161
1.560065,-4.38772848215157
1.56007,-4.38660135135129
1.560075,-4.38547575523139
1.56008,-4.38435169285156
1.560085,-4.38322916327093
1.56009,-4.38210816554757
1.560095,-4.38098869873902
1.5601,-4.37987076190185
1.560105,-4.37875435409188
1.56011,-4.37763947436432
1.560115,-4.37652612177342
1.56012,-4.37541429537289
1.560125,-4.3743039942155
1.56013,-4.3731952173534
1.560135,-4.372087963838
1.56014,-4.37098223271999
1.560145,-4.36987802304924
1.56015,-4.36877533387514
1.560155,-4.36767416424611
1.56016,-4.36657451321013
1.560165,-4.3654763798143
1.56017,-4.36437976310512
1.560175,-4.36328466212844
1.56018,-4.36219107592937
1.560185,-4.36109900355245
1.56019,-4.36000844404152
1.560195,-4.3589193964397
1.5602,-4.35783185978966
1.560205,-4.35674583313323
1.56021,-4.35566131551171
1.560215,-4.35457830596585
1.56022,-4.3534968035356
1.560225,-4.35241680726053
1.56023,-4.35133831617941
1.560235,-4.35026132933051
1.56024,-4.34918584575153
1.560245,-4.34811186447951
1.56025,-4.34703938455105
1.560255,-4.34596840500201
1.56026,-4.34489892486778
1.560265,-4.34383094318325
1.56027,-4.34276445898265
1.560275,-4.34169947129969
1.56028,-4.3406359791676
1.560285,-4.339573981619
1.56029,-4.33851347768612
1.560295,-4.3374544664005
1.5603,-4.33639694679323
1.560305,-4.335340917895
1.56031,-4.33428637873579
1.560315,-4.33323332834531
1.56032,-4.33218176575264
1.560325,-4.33113168998635
1.56033,-4.33008310007468
1.560335,-4.3290359950453
1.56034,-4.32799037392536
1.560345,-4.32694623574169
1.56035,-4.32590357952055
1.560355,-4.32486240428787
1.56036,-4.32382270906901
1.560365,-4.32278449288892
1.56037,-4.32174775477225
1.560375,-4.32071249374302
1.56038,-4.31967870882502
1.560385,-4.31864639904152
1.56039,-4.31761556341539
1.560395,-4.31658620096915
1.5604,-4.31555831072488
1.560405,-4.31453189170423
1.56041,-4.3135069429286
1.560415,-4.31248346341888
1.56042,-4.31146145219566
1.560425,-4.31044090827911
1.56043,-4.30942183068905
1.560435,-4.30840421844502
1.56044,-4.30738807056612
1.560445,-4.30637338607106
1.56045,-4.30536016397836
1.560455,-4.30434840330607
1.56046,-4.30333810307202
1.560465,-4.30232926229365
1.56047,-4.301321879988
1.560475,-4.300315955172
1.56048,-4.29931148686206
1.560485,-4.29830847407447
1.56049,-4.29730691582508
1.560495,-4.29630681112949
1.5605,-4.29530815900308
1.560505,-4.29431095846087
1.56051,-4.29331520851756
1.560515,-4.29232090818772
1.56052,-4.29132805648552
1.560525,-4.29033665242497
1.56053,-4.28934669501975
1.560535,-4.28835818328328
1.56054,-4.28737111622883
1.560545,-4.28638549286929
1.56055,-4.28540131221746
1.560555,-4.28441857328579
1.56056,-4.28343727508654
1.560565,-4.28245741663178
1.56057,-4.28147899693331
1.560575,-4.28050201500274
1.56058,-4.27952646985151
1.560585,-4.27855236049077
1.56059,-4.2775796859316
1.560595,-4.27660844518477
1.5606,-4.27563863726086
1.560605,-4.27467026117039
1.56061,-4.27370331592355
1.560615,-4.27273780053049
1.56062,-4.2717737140011
1.560625,-4.27081105534509
1.56063,-4.26984982357212
1.560635,-4.26889001769159
1.56064,-4.26793163671276
1.560645,-4.26697467964483
1.56065,-4.26601914549672
1.560655,-4.26506503327737
1.56066,-4.26411234199547
1.560665,-4.26316107065958
1.56067,-4.26221121827822
1.560675,-4.26126278385972
1.56068,-4.26031576641237
1.560685,-4.25937016494426
1.56069,-4.25842597846338
1.560695,-4.25748320597773
1.5607,-4.25654184649508
1.560705,-4.25560189902315
1.56071,-4.25466336256965
1.560715,-4.25372623614205
1.56072,-4.25279051874792
1.560725,-4.2518562093946
1.56073,-4.25092330708943
1.560735,-4.24999181083972
1.56074,-4.24906171965261
1.560745,-4.24813303253531
1.56075,-4.24720574849487
1.560755,-4.2462798665383
1.56076,-4.24535538567267
1.560765,-4.24443230490486
1.56077,-4.24351062324181
1.560775,-4.24259033969042
1.56078,-4.2416714532575
1.560785,-4.24075396294993
1.56079,-4.23983786777446
1.560795,-4.23892316673788
1.5608,-4.23800985884701
1.560805,-4.23709794310855
1.56081,-4.23618741852932
1.560815,-4.23527828411603
1.56082,-4.23437053887543
1.560825,-4.23346418181434
1.56083,-4.2325592119395
1.560835,-4.23165562825767
1.56084,-4.23075342977569
1.560845,-4.22985261550038
1.56085,-4.22895318443863
1.560855,-4.22805513559729
1.56086,-4.22715846798323
1.560865,-4.22626318060351
1.56087,-4.22536927246503
1.560875,-4.22447674257489
1.56088,-4.22358558994018
1.560885,-4.22269581356798
1.56089,-4.22180741246556
1.560895,-4.22092038564012
1.5609,-4.22003473209898
1.560905,-4.21915045084959
1.56091,-4.21826754089931
1.560915,-4.21738600125577
1.56092,-4.21650583092653
1.560925,-4.21562702891923
1.56093,-4.21474959424174
1.560935,-4.21387352590185
1.56094,-4.21299882290756
1.560945,-4.21212548426691
1.56095,-4.21125350898802
1.560955,-4.21038289607917
1.56096,-4.20951364454872
1.560965,-4.20864575340509
1.56097,-4.20777922165694
1.560975,-4.2069140483129
1.56098,-4.20605023238182
1.560985,-4.20518777287264
1.56099,-4.20432666879437
1.560995,-4.2034669191563
1.561,-4.20260852296768
1.561005,-4.20175147923801
1.56101,-4.2008957869769
1.561015,-4.20004144519405
1.56102,-4.19918845289943
1.561025,-4.19833680910303
1.56103,-4.19748651281505
1.561035,-4.19663756304589
1.56104,-4.19578995880598
1.561045,-4.19494369910609
1.56105,-4.194098782957
1.561055,-4.19325520936972
1.56106,-4.19241297735547
1.561065,-4.19157208592557
1.56107,-4.19073253409159
1.561075,-4.18989432086525
1.56108,-4.18905744525839
1.561085,-4.18822190628319
1.56109,-4.18738770295187
1.561095,-4.18655483427692
1.5611,-4.18572329927102
1.561105,-4.18489309694704
1.56111,-4.18406422631806
1.561115,-4.18323668639738
1.56112,-4.18241047619843
1.561125,-4.18158559473499
1.56113,-4.1807620410209
1.561135,-4.17993981407036
1.56114,-4.17911891289773
1.561145,-4.17829933651752
1.56115,-4.17748108394463
1.561155,-4.17666415419404
1.56116,-4.17584854628101
1.561165,-4.17503425922109
1.56117,-4.17422129202996
1.561175,-4.1734096437237
1.56118,-4.17259931331847
1.561185,-4.17179029983075
1.56119,-4.17098260227728
1.561195,-4.17017621967504
1.5612,-4.16937115104123
1.561205,-4.16856739539339
1.56121,-4.16776495174921
1.561215,-4.16696381912679
1.56122,-4.16616399654434
1.561225,-4.16536548302041
1.56123,-4.16456827757387
1.561235,-4.16377237922375
1.56124,-4.16297778698948
1.561245,-4.1621844998907
1.56125,-4.16139251694728
1.561255,-4.16060183717952
1.56126,-4.1598124596079
1.561265,-4.15902438325317
1.56127,-4.15823760713647
1.561275,-4.15745213027916
1.56128,-4.15666795170293
1.561285,-4.15588507042975
1.56129,-4.15510348548188
1.561295,-4.15432319588198
1.5613,-4.15354420065285
1.561305,-4.15276649881777
1.56131,-4.15199008940023
1.561315,-4.15121497142406
1.56132,-4.15044114391343
1.561325,-4.14966860589279
1.56133,-4.14889735638692
1.561335,-4.148127394421
1.56134,-4.1473587190204
1.561345,-4.14659132921095
1.56135,-4.14582522401874
1.561355,-4.1450604024702
1.56136,-4.14429686359215
1.561365,-4.14353460641164
1.56137,-4.14277362995619
1.561375,-4.1420139332536
1.56138,-4.14125551533197
1.561385,-4.14049837521987
1.56139,-4.1397425119461
1.561395,-4.13898792453985
1.5614,-4.13823461203073
1.561405,-4.1374825734486
1.56141,-4.13673180782378
1.561415,-4.13598231418691
1.56142,-4.13523409156894
1.561425,-4.13448713900129
1.56143,-4.13374145551565
1.561435,-4.13299704014418
1.56144,-4.13225389191934
1.561445,-4.13151200987395
1.56145,-4.13077139304129
1.561455,-4.13003204045497
1.56146,-4.12929395114894
1.561465,-4.12855712415765
1.56147,-4.12782155851578
1.561475,-4.12708725325855
1.56148,-4.12635420742147
1.561485,-4.12562242004047
1.56149,-4.1248918901519
1.561495,-4.12416261679245
1.5615,-4.1234345989993
1.561505,-4.12270783580992
1.56151,-4.12198232626224
1.561515,-4.12125806939462
1.56152,-4.12053506424579
1.561525,-4.11981330985484
1.56153,-4.1190928052614
1.561535,-4.11837354950538
1.56154,-4.1176555416272
1.561545,-4.11693878066765
1.56155,-4.1162232656679
1.561555,-4.11550899566964
1.56156,-4.11479596971489
1.561565,-4.11408418684617
1.56157,-4.11337364610636
1.561575,-4.11266434653877
1.56158,-4.11195628718721
1.561585,-4.11124946709586
1.56159,-4.11054388530931
1.561595,-4.10983954087268
1.5616,-4.10913643283141
1.561605,-4.10843456023151
1.56161,-4.1077339221193
1.561615,-4.1070345175416
1.56162,-4.10633634554571
1.561625,-4.1056394051793
1.56163,-4.10494369549058
1.561635,-4.10424921552813
1.56164,-4.10355596434097
1.561645,-4.10286394097868
1.56165,-4.10217314449119
1.561655,-4.1014835739289
1.56166,-4.10079522834273
1.561665,-4.10010810678397
1.56167,-4.09942220830449
1.561675,-4.09873753195651
1.56168,-4.09805407679275
1.561685,-4.09737184186643
1.56169,-4.09669082623118
1.561695,-4.09601102894118
1.5617,-4.095332449051
1.561705,-4.09465508561571
1.56171,-4.09397893769089
1.561715,-4.09330400433256
1.56172,-4.09263028459719
1.561725,-4.0919577775418
1.56173,-4.09128648222383
1.561735,-4.09061639770127
1.56174,-4.08994752303252
1.561745,-4.08927985727648
1.56175,-4.08861339949258
1.561755,-4.0879481487407
1.56176,-4.08728410408125
1.561765,-4.08662126457508
1.56177,-4.08595962928353
1.561775,-4.08529919726853
1.56178,-4.0846399675924
1.561785,-4.08398193931797
1.56179,-4.08332511150864
1.561795,-4.08266948322823
1.5618,-4.08201505354114
1.561805,-4.0813618215122
1.56181,-4.08070978620675
1.561815,-4.08005894669073
1.56182,-4.07940930203045
1.561825,-4.07876085129285
1.56183,-4.07811359354532
1.561835,-4.07746752785573
1.56184,-4.07682265329256
1.561845,-4.07617896892472
1.56185,-4.07553647382166
1.561855,-4.07489516705336
1.56186,-4.07425504769031
1.561865,-4.07361611480355
1.56187,-4.07297836746456
1.561875,-4.07234180474542
1.56188,-4.07170642571872
1.561885,-4.07107222945753
1.56189,-4.07043921503554
1.561895,-4.06980738152686
1.5619,-4.06917672800617
1.561905,-4.06854725354874
1.56191,-4.06791895723027
1.561915,-4.06729183812706
1.56192,-4.06666589531595
1.561925,-4.06604112787424
1.56193,-4.06541753487988
1.561935,-4.06479511541126
1.56194,-4.06417386854735
1.561945,-4.06355379336768
1.56195,-4.06293488895227
1.561955,-4.0623171543817
1.56196,-4.06170058873715
1.561965,-4.06108519110026
1.56197,-4.06047096055328
1.561975,-4.059857896179
1.56198,-4.05924599706067
1.561985,-4.05863526228225
1.56199,-4.05802569092809
1.561995,-4.05741728208323
1.562,-4.05681003483315
1.562005,-4.05620394826394
1.56201,-4.05559902146225
1.562015,-4.05499525351528
1.56202,-4.05439264351074
1.562025,-4.053791190537
1.56203,-4.05319089368287
1.562035,-4.05259175203784
1.56204,-4.05199376469186
1.562045,-4.05139693073548
1.56205,-4.05080124925986
1.562055,-4.05020671935664
1.56206,-4.0496133401181
1.562065,-4.04902111063705
1.56207,-4.04843003000685
1.562075,-4.04784009732149
1.56208,-4.04725131167549
1.562085,-4.0466636721639
1.56209,-4.04607717788246
1.562095,-4.04549182792734
1.5621,-4.0449076213954
1.562105,-4.04432455738403
1.56211,-4.04374263499115
1.562115,-4.04316185331536
1.56212,-4.04258221145573
1.562125,-4.042003708512
1.56213,-4.04142634358444
1.562135,-4.04085011577386
1.56214,-4.04027502418177
1.562145,-4.03970106791017
1.56215,-4.03912824606163
1.562155,-4.03855655773939
1.56216,-4.0379860020472
1.562165,-4.03741657808944
1.56217,-4.03684828497105
1.562175,-4.03628112179755
1.56218,-4.0357150876751
1.562185,-4.03515018171037
1.56219,-4.03458640301073
1.562195,-4.03402375068403
1.5622,-4.03346222383874
1.562205,-4.03290182158402
1.56221,-4.03234254302948
1.562215,-4.03178438728539
1.56222,-4.03122735346265
1.562225,-4.03067144067271
1.56223,-4.03011664802763
1.562235,-4.02956297464007
1.56224,-4.02901041962325
1.562245,-4.0284589820911
1.56225,-4.027908661158
1.562255,-4.02735945593906
1.56226,-4.02681136554991
1.562265,-4.02626438910681
1.56227,-4.02571852572665
1.562275,-4.02517377452688
1.56228,-4.02463013462555
1.562285,-4.02408760514138
1.56229,-4.02354618519364
1.562295,-4.02300587390221
1.5623,-4.02246667038762
1.562305,-4.02192857377092
1.56231,-4.02139158317389
1.562315,-4.02085569771882
1.56232,-4.02032091652866
1.562325,-4.01978723872696
1.56233,-4.01925466343786
1.562335,-4.01872318978616
1.56234,-4.01819281689723
1.562345,-4.01766354389706
1.56235,-4.0171353699123
1.562355,-4.01660829407014
1.56236,-4.01608231549845
1.562365,-4.01555743332569
1.56237,-4.01503364668091
1.562375,-4.01451095469385
1.56238,-4.01398935649478
1.562385,-4.01346885121468
1.56239,-4.01294943798508
1.562395,-4.01243111593815
1.5624,-4.01191388420669
1.562405,-4.01139774192412
1.56241,-4.01088268822446
1.562415,-4.0103687222424
1.56242,-4.00985584311318
1.562425,-4.00934404997276
1.56243,-4.00883334195764
1.562435,-4.00832371820497
1.56244,-4.00781517785256
1.562445,-4.00730772003878
1.56245,-4.00680134390271
1.562455,-4.00629604858399
1.56246,-4.00579183322289
1.562465,-4.00528869696035
1.56247,-4.00478663893792
1.562475,-4.00428565829775
1.56248,-4.00378575418268
1.562485,-4.0032869257361
1.56249,-4.00278917210213
1.562495,-4.00229249242543
1.5625,-4.00179688585132
1.562505,-4.0013023515258
1.56251,-4.00080888859542
1.562515,-4.00031649620745
1.56252,-3.99982517350973
1.562525,-3.99933491965073
1.56253,-3.99884573377962
1.562535,-3.99835761504616
1.56254,-3.99787056260071
1.562545,-3.99738457559435
1.56255,-3.99689965317872
1.562555,-3.99641579450617
1.56256,-3.99593299872961
1.562565,-3.99545126500263
1.56257,-3.99497059247947
1.562575,-3.99449098031496
1.56258,-3.99401242766464
1.562585,-3.99353493368462
1.56259,-3.99305849753168
1.562595,-3.99258311836325
1.5626,-3.99210879533739
1.562605,-3.99163552761279
1.56261,-3.99116331434881
1.562615,-3.9906921547054
1.56262,-3.99022204784324
1.562625,-3.98975299292355
1.56263,-3.98928498910826
1.562635,-3.98881803555993
1.56264,-3.98835213144175
1.562645,-3.98788727591757
1.56265,-3.98742346815188
1.562655,-3.98696070730978
1.56266,-3.9864989925571
1.562665,-3.98603832306022
1.56267,-3.98557869798622
1.562675,-3.98512011650282
1.56268,-3.98466257777836
1.562685,-3.98420608098188
1.56269,-3.98375062528301
1.562695,-3.98329620985205
1.5627,-3.98284283385996
1.562705,-3.98239049647834
1.56271,-3.98193919687941
1.562715,-3.9814889342361
1.56272,-3.9810397077219
1.562725,-3.98059151651107
1.56273,-3.9801443597784
1.562735,-3.97969823669938
1.56274,-3.97925314645019
1.562745,-3.97880908820757
1.56275,-3.97836606114901
1.562755,-3.97792406445256
1.56276,-3.97748309729698
1.562765,-3.97704315886168
1.56277,-3.97660424832668
1.562775,-3.97616636487268
1.56278,-3.97572950768105
1.562785,-3.97529367593375
1.56279,-3.97485886881349
1.562795,-3.97442508550353
1.5628,-3.97399232518784
1.562805,-3.97356058705105
1.56281,-3.9731298702784
1.562815,-3.97270017405583
1.56282,-3.97227149756992
1.562825,-3.97184384000785
1.56283,-3.97141720055756
1.562835,-3.97099157840756
1.56284,-3.97056697274701
1.562845,-3.97014338276581
1.56285,-3.96972080765441
1.562855,-3.96929924660401
1.56286,-3.9688786988064
1.562865,-3.96845916345401
1.56287,-3.96804063974003
1.562875,-3.96762312685816
1.56288,-3.96720662400291
1.562885,-3.96679113036932
1.56289,-3.96637664515314
1.562895,-3.96596316755079
1.5629,-3.96555069675931
1.562905,-3.96513923197642
1.56291,-3.96472877240049
1.562915,-3.96431931723055
1.56292,-3.9639108656663
1.562925,-3.96350341690807
1.56293,-3.96309697015685
1.562935,-3.96269152461432
1.56294,-3.96228707948277
1.562945,-3.9618836339652
1.56295,-3.96148118726523
1.562955,-3.96107973858714
1.56296,-3.9606792871359
1.562965,-3.9602798321171
1.56297,-3.95988137273698
1.562975,-3.95948390820251
1.56298,-3.95908743772123
1.562985,-3.95869196050141
1.56299,-3.95829747575194
1.562995,-3.95790398268234
1.563,-3.95751148050289
1.563005,-3.9571199684244
1.56301,-3.95672944565845
1.563015,-3.95633991141721
1.56302,-3.95595136491352
1.563025,-3.95556380536093
1.56303,-3.95517723197357
1.563035,-3.95479164396628
1.56304,-3.95440704055456
1.563045,-3.95402342095453
1.56305,-3.95364078438304
1.563055,-3.95325913005752
1.56306,-3.95287845719609
1.563065,-3.95249876501757
1.56307,-3.95212005274137
1.563075,-3.95174231958762
1.56308,-3.95136556477708
1.563085,-3.95098978753114
1.56309,-3.95061498707194
1.563095,-3.95024116262217
1.5631,-3.94986831340525
1.563105,-3.94949643864526
1.56311,-3.9491255375669
1.563115,-3.94875560939556
1.56312,-3.94838665335728
1.563125,-3.94801866867875
1.56313,-3.94765165458735
1.563135,-3.94728561031108
1.56314,-3.94692053507864
1.563145,-3.94655642811936
1.56315,-3.94619328866322
1.563155,-3.94583111594092
1.56316,-3.94546990918375
1.563165,-3.94510966762368
1.56317,-3.94475039049336
1.563175,-3.94439207702608
1.56318,-3.94403472645582
1.563185,-3.94367833801718
1.56319,-3.94332291094541
1.563195,-3.94296844447648
1.5632,-3.94261493784696
1.563205,-3.94226239029414
1.56321,-3.94191080105589
1.563215,-3.94156016937079
1.56322,-3.94121049447809
1.563225,-3.94086177561766
1.56323,-3.94051401203006
1.563235,-3.9401672029565
1.56324,-3.93982134763882
1.563245,-3.93947644531958
1.56325,-3.93913249524194
1.563255,-3.93878949664976
1.56326,-3.93844744878752
1.563265,-3.93810635090039
1.56327,-3.9377662022342
1.563275,-3.93742700203542
1.56328,-3.93708874955116
1.563285,-3.93675144402924
1.56329,-3.9364150847181
1.563295,-3.93607967086686
1.5633,-3.93574520172527
1.563305,-3.93541167654375
1.56331,-3.93507909457341
1.563315,-3.93474745506597
1.56332,-3.93441675727381
1.563325,-3.93408700045002
1.56333,-3.93375818384828
1.563335,-3.93343030672298
1.56334,-3.93310336832914
1.563345,-3.93277736792243
1.56335,-3.9324523047592
1.563355,-3.93212817809644
1.56336,-3.93180498719181
1.563365,-3.93148273130361
1.56337,-3.9311614096908
1.563375,-3.93084102161301
1.56338,-3.93052156633051
1.563385,-3.93020304310423
1.56339,-3.92988545119577
1.563395,-3.92956878986736
1.5634,-3.92925305838191
1.563405,-3.92893825600297
1.56341,-3.92862438199473
1.563415,-3.92831143562208
1.56342,-3.92799941615053
1.563425,-3.92768832284624
1.56343,-3.92737815497606
1.563435,-3.92706891180744
1.56344,-3.92676059260854
1.563445,-3.92645319664816
1.56345,-3.92614672319571
1.563455,-3.92584117152131
1.56346,-3.92553654089571
1.563465,-3.92523283059029
1.56347,-3.92493003987714
1.563475,-3.92462816802894
1.56348,-3.92432721431907
1.563485,-3.92402717802155
1.56349,-3.92372805841102
1.563495,-3.92342985476282
1.5635,-3.92313256635291
1.563505,-3.92283619245792
1.56351,-3.92254073235513
1.563515,-3.92224618532244
1.56352,-3.92195255063846
1.563525,-3.92165982758239
1.56353,-3.92136801543411
1.563535,-3.92107711347417
1.56354,-3.92078712098372
1.563545,-3.92049803724462
1.56355,-3.92020986153933
1.563555,-3.91992259315096
1.56356,-3.91963623136333
1.563565,-3.91935077546084
1.56357,-3.91906622472857
1.563575,-3.91878257845225
1.56358,-3.91849983591824
1.563585,-3.91821799641358
1.56359,-3.91793705922593
1.563595,-3.9176570236436
1.5636,-3.91737788895557
1.563605,-3.91709965445144
1.56361,-3.91682231942148
1.563615,-3.9165458831566
1.56362,-3.91627034494833
1.563625,-3.9159957040889
1.56363,-3.91572195987113
1.563635,-3.91544911158853
1.56364,-3.91517715853523
1.563645,-3.914906100006
1.56365,-3.9146359352963
1.563655,-3.91436666370219
1.56366,-3.91409828452036
1.563665,-3.91383079704821
1.56367,-3.91356420058373
1.563675,-3.91329849442557
1.56368,-3.91303367787303
1.563685,-3.91276975022604
1.56369,-3.91250671078518
1.563695,-3.91224455885168
1.5637,-3.91198329372741
1.563705,-3.91172291471487
1.56371,-3.9114634211172
1.563715,-3.91120481223822
1.56372,-3.91094708738234
1.563725,-3.91069024585464
1.56373,-3.91043428696084
1.563735,-3.91017921000728
1.56374,-3.90992501430099
1.563745,-3.90967169914958
1.56375,-3.90941926386133
1.563755,-3.90916770774517
1.56376,-3.90891703011063
1.563765,-3.90866723026793
1.56377,-3.90841830752789
1.563775,-3.90817026120197
1.56378,-3.9079230906023
1.563785,-3.90767679504162
1.56379,-3.90743137383331
1.563795,-3.9071868262914
1.5638,-3.90694315173053
1.563805,-3.90670034946602
1.56381,-3.90645841881378
1.563815,-3.90621735909038
1.56382,-3.90597716961304
1.563825,-3.90573784969957
1.56383,-3.90549939866847
1.563835,-3.90526181583883
1.56384,-3.90502510053039
1.563845,-3.90478925206355
1.56385,-3.90455426975929
1.563855,-3.90432015293926
1.56386,-3.90408690092575
1.563865,-3.90385451304165
1.56387,-3.90362298861052
1.563875,-3.90339232695652
1.56388,-3.90316252740446
1.563885,-3.90293358927977
1.56389,-3.90270551190853
1.563895,-3.90247829461742
1.5639,-3.9022519367338
1.563905,-3.90202643758559
1.56391,-3.90180179650141
1.563915,-3.90157801281046
1.56392,-3.90135508584259
1.563925,-3.90113301492829
1.56393,-3.90091179939864
1.563935,-3.9006914385854
1.56394,-3.90047193182091
1.563945,-3.90025327843816
1.56395,-3.90003547777078
1.563955,-3.89981852915299
1.56396,-3.89960243191968
1.563965,-3.89938718540632
1.56397,-3.89917278894904
1.563975,-3.8989592418846
1.56398,-3.89874654355035
1.563985,-3.89853469328429
1.56399,-3.89832369042505
1.563995,-3.89811353431184
1.564,-3.89790422428456
1.564005,-3.89769575968369
1.56401,-3.89748813985033
1.564015,-3.89728136412623
1.56402,-3.89707543185373
1.564025,-3.89687034237582
1.56403,-3.89666609503611
1.564035,-3.89646268917879
1.56404,-3.89626012414872
1.564045,-3.89605839929136
1.56405,-3.8958575139528
1.564055,-3.89565746747972
1.56406,-3.89545825921944
1.564065,-3.89525988851993
1.56407,-3.89506235472971
1.564075,-3.89486565719797
1.56408,-3.89466979527451
1.564085,-3.89447476830972
1.56409,-3.89428057565465
1.564095,-3.89408721666092
1.5641,-3.8938946906808
1.564105,-3.89370299706717
1.56411,-3.8935121351735
1.564115,-3.89332210435391
1.56412,-3.89313290396313
1.564125,-3.89294453335647
1.56413,-3.89275699188989
1.564135,-3.89257027891994
1.56414,-3.8923843938038
1.564145,-3.89219933589927
1.56415,-3.89201510456473
1.564155,-3.89183169915919
1.56416,-3.89164911904228
1.564165,-3.89146736357421
1.56417,-3.89128643211586
1.564175,-3.89110632402866
1.56418,-3.89092703867467
1.564185,-3.89074857541658
1.56419,-3.89057093361765
1.564195,-3.89039411264178
1.5642,-3.89021811185346
1.564205,-3.89004293061781
1.56421,-3.88986856830054
1.564215,-3.88969502426796
1.56422,-3.889522297887
1.564225,-3.88935038852519
1.56423,-3.88917929555067
1.564235,-3.8890090183322
1.56424,-3.8888395562391
1.564245,-3.88867090864134
1.56425,-3.88850307490947
1.564255,-3.88833605441466
1.56426,-3.88816984652867
1.564265,-3.88800445062386
1.56427,-3.8878398660732
1.564275,-3.88767609225027
1.56428,-3.88751312852924
1.564285,-3.88735097428487
1.56429,-3.88718962889256
1.564295,-3.88702909172825
1.5643,-3.88686936216855
1.564305,-3.88671043959061
1.56431,-3.88655232337221
1.564315,-3.88639501289173
1.56432,-3.88623850752812
1.564325,-3.88608280666097
1.56433,-3.88592790967043
1.564335,-3.88577381593726
1.56434,-3.88562052484282
1.564345,-3.88546803576908
1.56435,-3.88531634809857
1.564355,-3.88516546121444
1.56436,-3.88501537450043
1.564365,-3.88486608734088
1.56437,-3.88471759912071
1.564375,-3.88456990922543
1.56438,-3.88442301704118
1.564385,-3.88427692195465
1.56439,-3.88413162335314
1.564395,-3.88398712062454
1.5644,-3.88384341315734
1.564405,-3.88370050034059
1.56441,-3.88355838156398
1.564415,-3.88341705621774
1.56442,-3.88327652369273
1.564425,-3.88313678338036
1.56443,-3.88299783467266
1.564435,-3.88285967696225
1.56444,-3.88272230964229
1.564445,-3.88258573210661
1.56445,-3.88244994374953
1.564455,-3.88231494396604
1.56446,-3.88218073215167
1.564465,-3.88204730770254
1.56447,-3.88191467001537
1.564475,-3.88178281848744
1.56448,-3.88165175251665
1.564485,-3.88152147150146
1.56449,-3.8813919748409
1.564495,-3.88126326193462
1.5645,-3.88113533218283
1.564505,-3.88100818498629
1.56451,-3.88088181974642
1.564515,-3.88075623586515
1.56452,-3.88063143274502
1.564525,-3.88050740978915
1.56453,-3.88038416640123
1.564535,-3.88026170198553
1.56454,-3.88014001594691
1.564545,-3.8800191076908
1.56455,-3.87989897662321
1.564555,-3.87977962215072
1.56456,-3.87966104368049
1.564565,-3.87954324062028
1.56457,-3.87942621237837
1.564575,-3.87930995836367
1.56458,-3.87919447798565
1.564585,-3.87907977065434
1.56459,-3.87896583578035
1.564595,-3.87885267277486
1.5646,-3.87874028104965
1.564605,-3.87862866001704
1.56461,-3.87851780908993
1.564615,-3.8784077276818
1.56462,-3.87829841520669
1.564625,-3.87818987107923
1.56463,-3.8780820947146
1.564635,-3.87797508552855
1.56464,-3.87786884293741
1.564645,-3.87776336635808
1.56465,-3.87765865520802
1.564655,-3.87755470890526
1.56466,-3.87745152686839
1.564665,-3.87734910851659
1.56467,-3.87724745326958
1.564675,-3.87714656054766
1.56468,-3.8770464297717
1.564685,-3.87694706036311
1.56469,-3.8768484517439
1.564695,-3.87675060333662
1.5647,-3.87665351456438
1.564705,-3.87655718485087
1.56471,-3.87646161362034
1.564715,-3.87636680029759
1.56472,-3.87627274430798
1.564725,-3.87617944507746
1.56473,-3.87608690203251
1.564735,-3.87599511460017
1.56474,-3.87590408220806
1.564745,-3.87581380428435
1.56475,-3.87572428025776
1.564755,-3.87563550955759
1.56476,-3.87554749161367
1.564765,-3.8754602258564
1.56477,-3.87537371171675
1.564775,-3.87528794862622
1.56478,-3.87520293601689
1.564785,-3.87511867332138
1.56479,-3.87503515997286
1.564795,-3.87495239540507
1.5648,-3.87487037905232
1.564805,-3.87478911034941
1.56481,-3.87470858873177
1.564815,-3.87462881363532
1.56482,-3.87454978449657
1.564825,-3.87447150075256
1.56483,-3.8743939618409
1.564835,-3.87431716719974
1.56484,-3.87424111626777
1.564845,-3.87416580848426
1.56485,-3.87409124328898
1.564855,-3.87401742012229
1.56486,-3.8739443384251
1.564865,-3.87387199763883
1.56487,-3.87380039720547
1.564875,-3.87372953656756
1.56488,-3.87365941516819
1.564885,-3.87359003245098
1.56489,-3.8735213878601
1.564895,-3.87345348084026
1.5649,-3.87338631083673
1.564905,-3.87331987729531
1.56491,-3.87325417966234
1.564915,-3.87318921738472
1.56492,-3.87312498990987
1.564925,-3.87306149668578
1.56493,-3.87299873716094
1.564935,-3.87293671078441
1.56494,-3.87287541700579
1.564945,-3.8728148552752
1.56495,-3.87275502504333
1.564955,-3.87269592576138
1.56496,-3.8726375568811
1.564965,-3.87257991785477
1.56497,-3.87252300813521
1.564975,-3.87246682717579
1.56498,-3.87241137443041
1.564985,-3.87235664935347
1.56499,-3.87230265139997
1.564995,-3.87224938002539
1.565,-3.87219683468577
1.565005,-3.87214501483766
1.56501,-3.87209391993819
1.565015,-3.87204354944497
1.56502,-3.87199390281617
1.565025,-3.87194497951048
1.56503,-3.87189677898714
1.565035,-3.87184930070589
1.56504,-3.87180254412702
1.565045,-3.87175650871136
1.56505,-3.87171119392024
1.565055,-3.87166659921554
1.56506,-3.87162272405966
1.565065,-3.87157956791552
1.56507,-3.87153713024659
1.565075,-3.87149541051683
1.56508,-3.87145440819077
1.565085,-3.87141412273343
1.56509,-3.87137455361037
1.565095,-3.87133570028767
1.5651,-3.87129756223194
1.565105,-3.8712601389103
1.56511,-3.87122342979041
1.565115,-3.87118743434044
1.56512,-3.87115215202908
1.565125,-3.87111758232556
1.56513,-3.8710837246996
1.565135,-3.87105057862147
1.56514,-3.87101814356194
1.565145,-3.87098641899232
1.56515,-3.87095540438441
1.565155,-3.87092509921054
1.56516,-3.87089550294358
1.565165,-3.87086661505688
1.56517,-3.87083843502434
1.565175,-3.87081096232034
1.56518,-3.87078419641982
1.565185,-3.87075813679819
1.56519,-3.87073278293141
1.565195,-3.87070813429594
1.5652,-3.87068419036874
1.565205,-3.87066095062732
1.56521,-3.87063841454965
1.565215,-3.87061658161427
1.56522,-3.87059545130018
1.565225,-3.87057502308693
1.56523,-3.87055529645454
1.565235,-3.8705362708836
1.56524,-3.87051794585515
1.565245,-3.87050032085076
1.56525,-3.87048339535252
1.565255,-3.87046716884301
1.56526,-3.87045164080535
1.565265,-3.87043681072311
1.56527,-3.87042267808042
1.565275,-3.87040924236189
1.56528,-3.87039650305264
1.565285,-3.87038445963829
1.56529,-3.87037311160498
1.565295,-3.87036245843934
1.5653,-3.8703524996285
1.565305,-3.8703432346601
1.56531,-3.87033466302229
1.565315,-3.87032678420371
1.56532,-3.8703195976935
1.565325,-3.87031310298131
1.56533,-3.87030729955729
1.565335,-3.87030218691206
1.56534,-3.8702977645368
1.565345,-3.87029403192312
1.56535,-3.87029098856319
1.565355,-3.87028863394962
1.56536,-3.87028696757556
1.565365,-3.87028598893464
1.56537,-3.87028569752099
1.565375,-3.87028609282923
1.56538,-3.87028717435448
1.565385,-3.87028894159235
1.56539,-3.87029139403895
1.565395,-3.87029453119088
1.5654,-3.87029835254522
1.565405,-3.87030285759958
1.56541,-3.87030804585201
1.565415,-3.8703139168011
1.56542,-3.8703204699459
1.565425,-3.87032770478596
1.56543,-3.87033562082132
1.565435,-3.8703442175525
1.56544,-3.87035349448054
1.565445,-3.87036345110692
1.56545,-3.87037408693365
1.565455,-3.8703854014632
1.56546,-3.87039739419854
1.565465,-3.87041006464313
1.56547,-3.87042341230091
1.565475,-3.87043743667629
1.56548,-3.87045213727419
1.565485,-3.87046751359999
1.56549,-3.87048356515958
1.565495,-3.87050029145932
1.5655,-3.87051769200604
1.565505,-3.87053576630708
1.56551,-3.87055451387023
1.565515,-3.87057393420378
1.56552,-3.87059402681649
1.565525,-3.87061479121762
1.56553,-3.87063622691689
1.565535,-3.87065833342451
1.56554,-3.87068111025115
1.565545,-3.87070455690798
1.56555,-3.87072867290664
1.565555,-3.87075345775924
1.56556,-3.87077891097837
1.565565,-3.8708050320771
1.56557,-3.87083182056897
1.565575,-3.870859275968
1.56558,-3.87088739778867
1.565585,-3.87091618554597
1.56559,-3.87094563875531
1.565595,-3.87097575693262
1.5656,-3.87100653959427
1.565605,-3.87103798625712
1.56561,-3.8710700964385
1.565615,-3.87110286965619
1.56562,-3.87113630542847
1.565625,-3.87117040327407
1.56563,-3.87120516271219
1.565635,-3.87124058326251
1.56564,-3.87127666444517
1.565645,-3.87131340578078
1.56565,-3.87135080679041
1.565655,-3.87138886699559
1.56566,-3.87142758591835
1.565665,-3.87146696308114
1.56567,-3.87150699800692
1.565675,-3.87154769021908
1.56568,-3.87158903924148
1.565685,-3.87163104459845
1.56569,-3.87167370581479
1.565695,-3.87171702241575
1.5657,-3.87176099392704
1.565705,-3.87180561987484
1.56571,-3.87185089978579
1.565715,-3.87189683318698
1.56572,-3.87194341960597
1.565725,-3.87199065857078
1.56573,-3.87203854960988
1.565735,-3.8720870922522
1.56574,-3.87213628602713
1.565745,-3.87218613046452
1.56575,-3.87223662509468
1.565755,-3.87228776944836
1.56576,-3.87233956305677
1.565765,-3.87239200545159
1.56577,-3.87244509616494
1.565775,-3.87249883472939
1.56578,-3.87255322067799
1.565785,-3.87260825354421
1.56579,-3.87266393286199
1.565795,-3.87272025816573
1.5658,-3.87277722899025
1.565805,-3.87283484487084
1.56581,-3.87289310534326
1.565815,-3.87295200994368
1.56582,-3.87301155820875
1.565825,-3.87307174967556
1.56583,-3.87313258388165
1.565835,-3.87319406036498
1.56584,-3.87325617866401
1.565845,-3.87331893831761
1.56585,-3.87338233886509
1.565855,-3.87344637984624
1.56586,-3.87351106080125
1.565865,-3.87357638127081
1.56587,-3.87364234079599
1.565875,-3.87370893891836
1.56588,-3.87377617517989
1.565885,-3.87384404912304
1.56589,-3.87391256029066
1.565895,-3.87398170822607
1.5659,-3.87405149247303
1.565905,-3.87412191257573
1.56591,-3.87419296807882
1.565915,-3.87426465852736
1.56592,-3.87433698346688
1.565925,-3.87440994244332
1.56593,-3.87448353500308
1.565935,-3.87455776069298
1.56594,-3.87463261906029
1.565945,-3.87470810965271
1.56595,-3.87478423201838
1.565955,-3.87486098570586
1.56596,-3.87493837026417
1.565965,-3.87501638524274
1.56597,-3.87509503019145
1.565975,-3.87517430466062
1.56598,-3.87525420820096
1.565985,-3.87533474036367
1.56599,-3.87541590070035
1.565995,-3.87549768876302
1.566,-3.87558010410416
1.566005,-3.87566314627666
1.56601,-3.87574681483384
1.566015,-3.87583110932946
1.56602,-3.8759160293177
1.566025,-3.87600157435319
1.56603,-3.87608774399093
1.566035,-3.87617453778642
1.56604,-3.87626195529553
1.566045,-3.87634999607459
1.56605,-3.87643865968033
1.566055,-3.87652794566993
1.56606,-3.87661785360098
1.566065,-3.87670838303149
1.56607,-3.8767995335199
1.566075,-3.87689130462508
1.56608,-3.87698369590631
1.566085,-3.87707670692329
1.56609,-3.87717033723615
1.566095,-3.87726458640544
1.5661,-3.87735945399214
1.566105,-3.87745493955762
1.56611,-3.8775510426637
1.566115,-3.8776477628726
1.56612,-3.87774509974696
1.566125,-3.87784305284985
1.56613,-3.87794162174475
1.566135,-3.87804080599555
1.56614,-3.87814060516657
1.566145,-3.87824101882253
1.56615,-3.87834204652857
1.566155,-3.87844368785026
1.56616,-3.87854594235356
1.566165,-3.87864880960487
1.56617,-3.87875228917097
1.566175,-3.87885638061907
1.56618,-3.87896108351681
1.566185,-3.87906639743222
1.56619,-3.87917232193374
1.566195,-3.87927885659023
1.5662,-3.87938600097094
1.566205,-3.87949375464557
1.56621,-3.8796021171842
1.566215,-3.8797110881573
1.56622,-3.8798206671358
1.566225,-3.87993085369099
1.56623,-3.88004164739459
1.566235,-3.88015304781872
1.56624,-3.88026505453592
1.566245,-3.8803776671191
1.56625,-3.88049088514162
1.566255,-3.88060470817721
1.56626,-3.88071913580003
1.566265,-3.88083416758461
1.56627,-3.88094980310592
1.566275,-3.8810660419393
1.56628,-3.88118288366051
1.566285,-3.88130032784572
1.56629,-3.88141837407148
1.566295,-3.88153702191475
1.5663,-3.88165627095289
1.566305,-3.88177612076365
1.56631,-3.8818965709252
1.566315,-3.8820176210161
1.56632,-3.88213927061528
1.566325,-3.88226151930212
1.56633,-3.88238436665634
1.566335,-3.8825078122581
1.56634,-3.88263185568793
1.566345,-3.88275649652678
1.56635,-3.88288173435596
1.566355,-3.8830075687572
1.56636,-3.88313399931263
1.566365,-3.88326102560475
1.56637,-3.88338864721646
1.566375,-3.88351686373106
1.56638,-3.88364567473224
1.566385,-3.88377507980408
1.56639,-3.88390507853105
1.566395,-3.88403567049799
1.5664,-3.88416685529017
1.566405,-3.88429863249323
1.56641,-3.88443100169318
1.566415,-3.88456396247645
1.56642,-3.88469751442984
1.566425,-3.88483165714054
1.56643,-3.88496639019612
1.566435,-3.88510171318455
1.56644,-3.88523762569418
1.566445,-3.88537412731374
1.56645,-3.88551121763234
1.566455,-3.88564889623951
1.56646,-3.88578716272511
1.566465,-3.88592601667941
1.56647,-3.88606545769309
1.566475,-3.88620548535715
1.56648,-3.88634609926303
1.566485,-3.88648729900252
1.56649,-3.88662908416779
1.566495,-3.88677145435141
1.5665,-3.88691440914631
1.566505,-3.88705794814581
1.56651,-3.88720207094361
1.566515,-3.88734677713378
1.56652,-3.88749206631077
1.566525,-3.8876379380694
1.56653,-3.88778439200489
1.566535,-3.88793142771282
1.56654,-3.88807904478914
1.566545,-3.88822724283018
1.56655,-3.88837602143267
1.566555,-3.88852538019366
1.56656,-3.88867531871062
1.566565,-3.88882583658137
1.56657,-3.88897693340413
1.566575,-3.88912860877746
1.56658,-3.88928086230029
1.566585,-3.88943369357196
1.56659,-3.88958710219215
1.566595,-3.8897410877609
1.5666,-3.88989564987867
1.566605,-3.89005078814622
1.56661,-3.89020650216473
1.566615,-3.89036279153574
1.56662,-3.89051965586114
1.566625,-3.8906770947432
1.56663,-3.89083510778454
1.566635,-3.89099369458819
1.56664,-3.8911528547575
1.566645,-3.89131258789619
1.56665,-3.89147289360838
1.566655,-3.89163377149851
1.56666,-3.89179522117141
1.566665,-3.89195724223229
1.56667,-3.89211983428666
1.566675,-3.89228299694046
1.56668,-3.89244672979995
1.566685,-3.89261103247178
1.56669,-3.89277590456294
1.566695,-3.89294134568078
1.5667,-3.89310735543302
1.566705,-3.89327393342774
1.56671,-3.89344107927338
1.566715,-3.89360879257872
1.56672,-3.89377707295291
1.566725,-3.89394592000547
1.56673,-3.89411533334627
1.566735,-3.89428531258551
1.56674,-3.89445585733378
1.566745,-3.89462696720202
1.56675,-3.8947986418015
1.566755,-3.89497088074388
1.56676,-3.89514368364115
1.566765,-3.89531705010565
1.56677,-3.89549097975009
1.566775,-3.89566547218754
1.56678,-3.89584052703138
1.566785,-3.89601614389538
1.56679,-3.89619232239366
1.566795,-3.89636906214067
1.5668,-3.89654636275121
1.566805,-3.89672422384046
1.56681,-3.89690264502393
1.566815,-3.89708162591745
1.56682,-3.89726116613725
1.566825,-3.89744126529988
1.56683,-3.89762192302222
1.566835,-3.89780313892155
1.56684,-3.89798491261544
1.566845,-3.89816724372184
1.56685,-3.89835013185902
1.566855,-3.89853357664562
1.56686,-3.89871757770061
1.566865,-3.89890213464331
1.56687,-3.89908724709337
1.566875,-3.8992729146708
1.56688,-3.89945913699594
1.566885,-3.8996459136895
1.56689,-3.89983324437246
1.566895,-3.90002112866623
1.5669,-3.90020956619251
1.566905,-3.90039855657333
1.56691,-3.90058809943111
1.566915,-3.90077819438855
1.56692,-3.90096884106872
1.566925,-3.90116003909504
1.56693,-3.90135178809123
1.566935,-3.90154408768138
1.56694,-3.90173693748992
1.566945,-3.90193033714156
1.56695,-3.90212428626142
1.566955,-3.90231878447491
1.56696,-3.90251383140779
1.566965,-3.90270942668614
1.56697,-3.90290556993639
1.566975,-3.90310226078531
1.56698,-3.90329949885996
1.566985,-3.90349728378778
1.56699,-3.90369561519652
1.566995,-3.90389449271426
1.567,-3.90409391596943
1.567005,-3.90429388459076
1.56701,-3.90449439820733
1.567015,-3.90469545644855
1.56702,-3.90489705894414
1.567025,-3.90509920532417
1.56703,-3.90530189521903
1.567035,-3.90550512825944
1.56704,-3.90570890407644
1.567045,-3.9059132223014
1.56705,-3.90611808256602
1.567055,-3.90632348450232
1.56706,-3.90652942774264
1.567065,-3.90673591191966
1.56707,-3.90694293666639
1.567075,-3.90715050161611
1.56708,-3.9073586064025
1.567085,-3.9075672506595
1.56709,-3.90777643402142
1.567095,-3.90798615612286
1.5671,-3.90819641659874
1.567105,-3.90840721508432
1.56711,-3.90861855121516
1.567115,-3.90883042462717
1.56712,-3.90904283495656
1.567125,-3.90925578183985
1.56713,-3.90946926491388
1.567135,-3.90968328381583
1.56714,-3.90989783818318
1.567145,-3.91011292765374
1.56715,-3.91032855186561
1.567155,-3.91054471045722
1.56716,-3.91076140306734
1.567165,-3.91097862933502
1.56717,-3.91119638889964
1.567175,-3.9114146814009
1.56718,-3.91163350647879
1.567185,-3.91185286377365
1.56719,-3.9120727529261
1.567195,-3.91229317357708
1.5672,-3.91251412536786
1.567205,-3.91273560794
1.56721,-3.9129576209354
1.567215,-3.91318016399621
1.56722,-3.91340323676495
1.567225,-3.91362683888444
1.56723,-3.91385096999779
1.567235,-3.91407562974841
1.56724,-3.91430081778006
1.567245,-3.91452653373677
1.56725,-3.91475277726291
1.567255,-3.91497954800309
1.56726,-3.91520684560231
1.567265,-3.91543466970584
1.56727,-3.91566301995923
1.567275,-3.91589189600839
1.56728,-3.91612129749948
1.567285,-3.91635122407898
1.56729,-3.91658167539371
1.567295,-3.91681265109074
1.5673,-3.91704415081747
1.567305,-3.91727617422162
1.56731,-3.91750872095116
1.567315,-3.91774179065441
1.56732,-3.91797538297995
1.567325,-3.91820949757671
1.56733,-3.9184441340939
1.567335,-3.91867929218097
1.56734,-3.91891497148778
1.567345,-3.91915117166438
1.56735,-3.9193878923612
1.567355,-3.91962513322893
1.56736,-3.91986289391854
1.567365,-3.92010117408134
1.56737,-3.92033997336891
1.567375,-3.92057929143311
1.56738,-3.92081912792615
1.567385,-3.92105948250047
1.56739,-3.92130035480884
1.567395,-3.92154174450434
1.5674,-3.92178365124029
1.567405,-3.92202607467036
1.56741,-3.92226901444847
1.567415,-3.92251247022885
1.56742,-3.92275644166603
1.567425,-3.92300092841481
1.56743,-3.9232459301303
1.567435,-3.9234914464679
1.56744,-3.92373747708327
1.567445,-3.92398402163241
1.56745,-3.92423107977155
1.567455,-3.92447865115725
1.56746,-3.92472673544636
1.567465,-3.92497533229599
1.56747,-3.92522444136355
1.567475,-3.92547406230675
1.56748,-3.92572419478355
1.567485,-3.92597483845226
1.56749,-3.92622599297139
1.567495,-3.9264776579998
1.5675,-3.92672983319663
1.567505,-3.92698251822125
1.56751,-3.92723571273339
1.567515,-3.927489416393
1.56752,-3.92774362886033
1.567525,-3.92799834979595
1.56753,-3.92825357886065
1.567535,-3.92850931571555
1.56754,-3.92876556002201
1.567545,-3.92902231144172
1.56755,-3.92927956963661
1.567555,-3.92953733426889
1.56756,-3.92979560500107
1.567565,-3.93005438149595
1.56757,-3.93031366341654
1.567575,-3.93057345042622
1.56758,-3.93083374218858
1.567585,-3.93109453836751
1.56759,-3.93135583862718
1.567595,-3.93161764263202
1.5676,-3.93187995004676
1.567605,-3.93214276053637
1.56761,-3.93240607376613
1.567615,-3.93266988940159
1.56762,-3.93293420710854
1.567625,-3.93319902655307
1.56763,-3.93346434740156
1.567635,-3.93373016932061
1.56764,-3.93399649197716
1.567645,-3.93426331503833
1.56765,-3.93453063817161
1.567655,-3.93479846104471
1.56766,-3.9350667833256
1.567665,-3.93533560468254
1.56767,-3.93560492478405
1.567675,-3.93587474329893
1.56768,-3.93614505989624
1.567685,-3.93641587424531
1.56769,-3.93668718601573
1.567695,-3.93695899487737
1.5677,-3.93723130050035
1.567705,-3.93750410255509
1.56771,-3.93777740071221
1.567715,-3.93805119464266
1.56772,-3.93832548401765
1.567725,-3.93860026850859
1.56773,-3.93887554778725
1.567735,-3.93915132152557
1.56774,-3.93942758939581
1.567745,-3.93970435107049
1.56775,-3.93998160622237
1.567755,-3.94025935452447
1.56776,-3.94053759565011
1.567765,-3.94081632927282
1.56777,-3.94109555506644
1.567775,-3.94137527270501
1.56778,-3.94165548186288
1.567785,-3.94193618221466
1.56779,-3.94221737343517
1.567795,-3.94249905519955
1.5678,-3.94278122718314
1.567805,-3.94306388906158
1.56781,-3.94334704051074
1.567815,-3.94363068120677
1.56782,-3.94391481082606
1.567825,-3.94419942904526
1.56783,-3.94448453554126
1.567835,-3.94477012999125
1.56784,-3.94505621207262
1.567845,-3.94534278146303
1.56785,-3.94562983784042
1.567855,-3.94591738088296
1.56786,-3.94620541026907
1.567865,-3.94649392567743
1.56787,-3.94678292678696
1.567875,-3.94707241327687
1.56788,-3.94736238482655
1.567885,-3.94765284111572
1.56789,-3.9479437818243
1.567895,-3.94823520663246
1.5679,-3.94852711522066
1.567905,-3.94881950726953
1.56791,-3.94911238246004
1.567915,-3.94940574047336
1.56792,-3.9496995809909
1.567925,-3.94999390369433
1.56793,-3.95028870826558
1.567935,-3.9505839943868
1.56794,-3.95087976174041
1.567945,-3.95117601000904
1.56795,-3.95147273887561
1.567955,-3.95176994802326
1.56796,-3.95206763713537
1.567965,-3.95236580589558
1.56797,-3.95266445398774
1.567975,-3.95296358109599
1.56798,-3.95326318690468
1.567985,-3.9535632710984
1.56799,-3.95386383336201
1.567995,-3.95416487338058
1.568,-3.95446639083944
1.568005,-3.95476838542414
1.56801,-3.95507085682049
1.568015,-3.95537380471453
1.56802,-3.95567722879256
1.568025,-3.95598112874106
1.56803,-3.95628550424683
1.568035,-3.95659035499683
1.56804,-3.9568956806783
1.568045,-3.95720148097873
1.56805,-3.9575077555858
1.568055,-3.95781450418745
1.56806,-3.95812172647189
1.568065,-3.95842942212749
1.56807,-3.95873759084293
1.568075,-3.95904623230705
1.56808,-3.959355346209
1.568085,-3.95966493223812
1.56809,-3.95997499008398
1.568095,-3.96028551943641
1.5681,-3.96059651998543
1.568105,-3.96090799142133
1.56811,-3.96121993343462
1.568115,-3.96153234571604
1.56812,-3.96184522795655
1.568125,-3.96215857984737
1.56813,-3.9624724010799
1.568135,-3.96278669134583
1.56814,-3.96310145033701
1.568145,-3.96341667774557
1.56815,-3.96373237326388
1.568155,-3.96404853658447
1.56816,-3.96436516740017
1.568165,-3.96468226540398
1.56817,-3.96499983028917
1.568175,-3.96531786174922
1.56818,-3.9656363594778
1.568185,-3.96595532316885
1.56819,-3.96627475251655
1.568195,-3.96659464721525
1.5682,-3.96691500695956
1.568205,-3.96723583144429
1.56821,-3.96755712036449
1.568215,-3.96787887341545
1.56822,-3.96820109029263
1.568225,-3.96852377069177
1.56823,-3.96884691430878
1.568235,-3.96917052083982
1.56824,-3.96949458998128
1.568245,-3.96981912142974
1.56825,-3.97014411488202
1.568255,-3.97046957003517
1.56826,-3.97079548658641
1.568265,-3.97112186423324
1.56827,-3.97144870267334
1.568275,-3.97177600160461
1.56828,-3.97210376072519
1.568285,-3.9724319797334
1.56829,-3.97276065832783
1.568295,-3.97308979620722
1.5683,-3.97341939307056
1.568305,-3.97374944861709
1.56831,-3.9740799625462
1.568315,-3.97441093455752
1.56832,-3.97474236435092
1.568325,-3.97507425162645
1.56833,-3.97540659608438
1.568335,-3.97573939742519
1.56834,-3.97607265534958
1.568345,-3.9764063695585
1.56835,-3.97674053975301
1.568355,-3.9770751656345
1.56836,-3.97741024690448
1.568365,-3.97774578326471
1.56837,-3.97808177441717
1.568375,-3.97841822006401
1.56838,-3.97875511990763
1.568385,-3.97909247365063
1.56839,-3.97943028099579
1.568395,-3.97976854164613
1.5684,-3.98010725530485
1.568405,-3.98044642167539
1.56841,-3.98078604046138
1.568415,-3.98112611136664
1.56842,-3.98146663409522
1.568425,-3.98180760835137
1.56843,-3.98214903383953
1.568435,-3.98249091026438
1.56844,-3.98283323733074
1.568445,-3.98317601474372
1.56845,-3.98351924220856
1.568455,-3.98386291943073
1.56846,-3.98420704611593
1.568465,-3.98455162197
1.56847,-3.98489664669904
1.568475,-3.98524212000933
1.56848,-3.98558804160734
1.568485,-3.98593441119976
1.56849,-3.98628122849346
1.568495,-3.98662849319552
1.5685,-3.98697620501325
1.568505,-3.98732436365409
1.56851,-3.98767296882573
1.568515,-3.98802202023607
1.56852,-3.98837151759315
1.568525,-3.98872146060527
1.56853,-3.98907184898087
1.568535,-3.98942268242863
1.56854,-3.98977396065744
1.568545,-3.9901256833763
1.56855,-3.99047785029452
1.568555,-3.9908304611215
1.56856,-3.99118351556692
1.568565,-3.9915370133406
1.56857,-3.99189095415257
1.568575,-3.99224533771305
1.56858,-3.99260016373248
1.568585,-3.99295543192144
1.56859,-3.99331114199077
1.568595,-3.99366729365143
1.5686,-3.99402388661462
1.568605,-3.99438092059172
1.56861,-3.99473839529429
1.568615,-3.99509631043411
1.56862,-3.99545466572309
1.568625,-3.9958134608734
1.56863,-3.99617269559736
1.568635,-3.99653236960749
1.56864,-3.99689248261648
1.568645,-3.99725303433724
1.56865,-3.99761402448283
1.568655,-3.99797545276654
1.56866,-3.9983373189018
1.568665,-3.99869962260227
1.56867,-3.99906236358179
1.568675,-3.99942554155433
1.56868,-3.99978915623411
1.568685,-4.00015320733554
1.56869,-4.00051769457313
1.568695,-4.00088261766169
1.5687,-4.00124797631611
1.568705,-4.00161377025153
1.56871,-4.00197999918325
1.568715,-4.00234666282675
1.56872,-4.00271376089771
1.568725,-4.00308129311195
1.56873,-4.00344925918552
1.568735,-4.00381765883464
1.56874,-4.00418649177568
1.568745,-4.0045557577252
1.56875,-4.0049254564
1.568755,-4.00529558751696
1.56876,-4.00566615079323
1.568765,-4.00603714594607
1.56877,-4.00640857269294
1.568775,-4.00678043075153
1.56878,-4.00715271983962
1.568785,-4.00752543967523
1.56879,-4.00789858997653
1.568795,-4.00827217046186
1.5688,-4.00864618084978
1.568805,-4.00902062085897
1.56881,-4.00939549020831
1.568815,-4.00977078861688
1.56882,-4.01014651580388
1.568825,-4.01052267148873
1.56883,-4.01089925539099
1.568835,-4.01127626723042
1.56884,-4.01165370672697
1.568845,-4.01203157360069
1.56885,-4.01240986757189
1.568855,-4.01278858836098
1.56886,-4.01316773568857
1.568865,-4.01354730927548
1.56887,-4.01392730884262
1.568875,-4.01430773411114
1.56888,-4.01468858480233
1.568885,-4.01506986063765
1.56889,-4.01545156133873
1.568895,-4.01583368662737
1.5689,-4.01621623622554
1.568905,-4.0165992098554
1.56891,-4.01698260723923
1.568915,-4.0173664280995
1.56892,-4.01775067215887
1.568925,-4.01813533914012
1.56893,-4.01852042876626
1.568935,-4.0189059407604
1.56894,-4.01929187484584
1.568945,-4.01967823074608
1.56895,-4.02006500818471
1.568955,-4.02045220688557
1.56896,-4.02083982657259
1.568965,-4.02122786696991
1.56897,-4.02161632780183
1.568975,-4.02200520879277
1.56898,-4.02239450966737
1.568985,-4.02278423015039
1.56899,-4.02317436996677
1.568995,-4.02356492884162
1.569,-4.02395590650019
1.569005,-4.02434730266789
1.56901,-4.02473911707034
1.569015,-4.02513134943323
1.56902,-4.0255239994825
1.569025,-4.02591706694417
1.56903,-4.02631055154449
1.569035,-4.02670445300982
1.56904,-4.0270987710667
1.569045,-4.02749350544182
1.56905,-4.02788865586202
1.569055,-4.02828422205431
1.56906,-4.02868020374587
1.569065,-4.02907660066398
1.56907,-4.02947341253614
1.569075,-4.02987063908999
1.56908,-4.03026828005328
1.569085,-4.03066633515399
1.56909,-4.03106480412016
1.569095,-4.03146368668008
1.5691,-4.03186298256214
1.569105,-4.03226269149487
1.56911,-4.03266281320702
1.569115,-4.03306334742742
1.56912,-4.03346429388507
1.569125,-4.03386565230916
1.56913,-4.03426742242898
1.569135,-4.03466960397401
1.56914,-4.03507219667386
1.569145,-4.0354752002583
1.56915,-4.03587861445724
1.569155,-4.03628243900074
1.56916,-4.03668667361901
1.569165,-4.03709131804245
1.56917,-4.03749637200152
1.569175,-4.03790183522691
1.56918,-4.03830770744941
1.569185,-4.03871398839998
1.56919,-4.03912067780975
1.569195,-4.03952777540991
1.5692,-4.03993528093189
1.569205,-4.04034319410723
1.56921,-4.04075151466761
1.569215,-4.04116024234486
1.56922,-4.04156937687094
1.569225,-4.04197891797798
1.56923,-4.04238886539827
1.569235,-4.04279921886417
1.56924,-4.04320997810826
1.569245,-4.04362114286323
1.56925,-4.0440327128619
1.569255,-4.04444468783727
1.56926,-4.04485706752244
1.569265,-4.04526985165068
1.56927,-4.0456830399554
1.569275,-4.04609663217013
1.56928,-4.04651062802857
1.569285,-4.04692502726452
1.56929,-4.04733982961196
1.569295,-4.047755034805
1.5693,-4.04817064257785
1.569305,-4.04858665266494
1.56931,-4.04900306480074
1.569315,-4.04941987871992
1.56932,-4.0498370941573
1.569325,-4.05025471084777
1.56933,-4.05067272852642
1.569335,-4.05109114692848
1.56934,-4.05150996578924
1.569345,-4.05192918484422
1.56935,-4.052348803829
1.569355,-4.05276882247933
1.56936,-4.05318924053113
1.569365,-4.05361005772036
1.56937,-4.05403127378322
1.569375,-4.05445288845595
1.56938,-4.05487490147499
1.569385,-4.0552973125769
1.56939,-4.05572012149834
1.569395,-4.05614332797613
1.5694,-4.05656693174723
1.569405,-4.0569909325487
1.56941,-4.05741533011776
1.569415,-4.05784012419175
1.56942,-4.05826531450812
1.569425,-4.05869090080451
1.56943,-4.0591168828186
1.569435,-4.05954326028829
1.56944,-4.05997003295156
1.569445,-4.06039720054651
1.56945,-4.06082476281141
1.569455,-4.06125271948461
1.56946,-4.06168107030461
1.569465,-4.06210981501007
1.56947,-4.06253895333971
1.569475,-4.06296848503244
1.56948,-4.06339840982724
1.569485,-4.06382872746325
1.56949,-4.06425943767976
1.569495,-4.06469054021611
1.5695,-4.06512203481183
1.569505,-4.06555392120657
1.56951,-4.06598619914006
1.569515,-4.06641886835221
1.56952,-4.06685192858299
1.569525,-4.06728537957254
1.56953,-4.06771922106114
1.569535,-4.06815345278912
1.56954,-4.06858807449702
1.569545,-4.0690230859254
1.56955,-4.06945848681504
1.569555,-4.0698942769068
1.56956,-4.07033045594163
1.569565,-4.07076702366066
1.56957,-4.0712039798051
1.569575,-4.07164132411628
1.56958,-4.07207905633569
1.569585,-4.07251717620485
1.56959,-4.0729556834655
1.569595,-4.07339457785947
1.5696,-4.07383385912864
1.569605,-4.07427352701511
1.56961,-4.07471358126101
1.569615,-4.07515402160863
1.56962,-4.07559484780039
1.569625,-4.07603605957878
1.56963,-4.07647765668646
1.569635,-4.07691963886616
1.56964,-4.07736200586074
1.569645,-4.07780475741321
1.56965,-4.07824789326661
1.569655,-4.07869141316417
1.56966,-4.07913531684923
1.569665,-4.07957960406519
1.56967,-4.08002427455563
1.569675,-4.08046932806416
1.56968,-4.08091476433459
1.569685,-4.08136058311081
1.56969,-4.08180678413678
1.569695,-4.08225336715662
1.5697,-4.08270033191458
1.569705,-4.08314767815494
1.56971,-4.08359540562218
1.569715,-4.0840435140608
1.56972,-4.08449200321548
1.569725,-4.08494087283102
1.56973,-4.08539012265224
1.569735,-4.08583975242417
1.56974,-4.08628976189187
1.569745,-4.08674015080056
1.56975,-4.08719091889555
1.569755,-4.08764206592223
1.56976,-4.08809359162615
1.569765,-4.08854549575295
1.56977,-4.08899777804833
1.569775,-4.08945043825816
1.56978,-4.08990347612835
1.569785,-4.09035689140498
1.56979,-4.09081068383422
1.569795,-4.0912648531623
1.5698,-4.09171939913562
1.569805,-4.09217432150061
1.56981,-4.09262962000387
1.569815,-4.09308529439207
1.56982,-4.09354134441199
1.569825,-4.0939977698105
1.56983,-4.09445457033461
1.569835,-4.09491174573137
1.56984,-4.09536929574801
1.569845,-4.09582722013178
1.56985,-4.09628551863008
1.569855,-4.09674419099042
1.56986,-4.09720323696037
1.569865,-4.09766265628763
1.56987,-4.09812244871997
1.569875,-4.0985826140053
1.56988,-4.09904315189161
1.569885,-4.09950406212695
1.56989,-4.09996534445955
1.569895,-4.10042699863768
1.5699,-4.10088902440969
1.569905,-4.1013514215241
1.56991,-4.10181418972945
1.569915,-4.10227732877441
1.56992,-4.10274083840779
1.569925,-4.1032047183784
1.56993,-4.10366896843523
1.569935,-4.10413358832731
1.56994,-4.10459857780379
1.569945,-4.10506393661394
1.56995,-4.10552966450706
1.569955,-4.10599576123261
1.56996,-4.10646222654011
1.569965,-4.10692906017915
1.56997,-4.10739626189948
1.569975,-4.10786383145086
1.56998,-4.10833176858321
1.569985,-4.10880007304652
1.56999,-4.10926874459086
1.569995,-4.1097377829664
1.57,-4.11020718792339
1.570005,-4.11067695921219
1.57001,-4.11114709658327
1.570015,-4.11161759978711
1.57002,-4.11208846857435
1.570025,-4.11255970269572
1.57003,-4.11303130190199
1.570035,-4.11350326594408
1.57004,-4.11397559457292
1.570045,-4.11444828753961
1.57005,-4.1149213445953
1.570055,-4.11539476549121
1.57006,-4.11586854997869
1.570065,-4.11634269780911
1.57007,-4.11681720873401
1.570075,-4.11729208250498
1.57008,-4.11776731887364
1.570085,-4.11824291759179
1.57009,-4.11871887841126
1.570095,-4.11919520108396
1.5701,-4.11967188536194
1.570105,-4.12014893099724
1.57011,-4.12062633774207
1.570115,-4.12110410534869
1.57012,-4.12158223356944
1.570125,-4.12206072215674
1.57013,-4.1225395708631
1.570135,-4.12301877944111
1.57014,-4.12349834764347
1.570145,-4.1239782752229
1.57015,-4.12445856193224
1.570155,-4.12493920752443
1.57016,-4.12542021175245
1.570165,-4.12590157436938
1.57017,-4.12638329512837
1.570175,-4.12686537378266
1.57018,-4.12734781008558
1.570185,-4.1278306037905
1.57019,-4.1283137546509
1.570195,-4.12879726242037
1.5702,-4.12928112685248
1.570205,-4.12976534770097
1.57021,-4.13024992471962
1.570215,-4.13073485766228
1.57022,-4.13122014628291
1.570225,-4.1317057903355
1.57023,-4.13219178957416
1.570235,-4.13267814375304
1.57024,-4.13316485262639
1.570245,-4.13365191594853
1.57025,-4.13413933347384
1.570255,-4.13462710495678
1.57026,-4.13511523015192
1.570265,-4.13560370881384
1.57027,-4.13609254069725
1.570275,-4.13658172555689
1.57028,-4.1370712631476
1.570285,-4.1375611532243
1.57029,-4.13805139554194
1.570295,-4.1385419898556
1.5703,-4.13903293592037
1.570305,-4.13952423349146
1.57031,-4.14001588232414
1.570315,-4.14050788217372
1.57032,-4.14100023279561
1.570325,-4.14149293394531
1.57033,-4.14198598537834
1.570335,-4.14247938685032
1.57034,-4.14297313811691
1.570345,-4.14346723893388
1.57035,-4.14396168905706
1.570355,-4.14445648824232
1.57036,-4.14495163624562
1.570365,-4.14544713282298
1.57037,-4.14594297773048
1.570375,-4.14643917072431
1.57038,-4.14693571156065
1.570385,-4.14743259999581
1.57039,-4.14792983578616
1.570395,-4.14842741868807
1.5704,-4.14892534845809
1.570405,-4.14942362485272
1.57041,-4.14992224762859
1.570415,-4.1504212165424
1.57042,-4.15092053135086
1.570425,-4.15142019181081
1.57043,-4.15192019767909
1.570435,-4.15242054871265
1.57044,-4.15292124466849
1.570445,-4.15342228530365
1.57045,-4.15392367037526
1.570455,-4.15442539964053
1.57046,-4.15492747285666
1.570465,-4.15542988978099
1.57047,-4.15593265017086
1.570475,-4.15643575378369
1.57048,-4.15693920037702
1.570485,-4.15744298970835
1.57049,-4.1579471215353
1.570495,-4.15845159561553
1.5705,-4.15895641170676
1.570505,-4.1594615695668
1.57051,-4.15996706895348
1.570515,-4.16047290962468
1.57052,-4.16097909133839
1.570525,-4.1614856138526
1.57053,-4.16199247692541
1.570535,-4.16249968031491
1.57054,-4.16300722377932
1.570545,-4.16351510707688
1.57055,-4.16402332996586
1.570555,-4.16453189220466
1.57056,-4.16504079355165
1.570565,-4.16555003376529
1.57057,-4.16605961260415
1.570575,-4.16656952982676
1.57058,-4.16707978519175
1.570585,-4.16759037845782
1.57059,-4.16810130938369
1.570595,-4.16861257772817
1.5706,-4.16912418325006
1.570605,-4.16963612570828
1.57061,-4.17014840486179
1.570615,-4.17066102046957
1.57062,-4.17117397229068
1.570625,-4.17168726008419
1.57063,-4.17220088360928
1.570635,-4.17271484262517
1.57064,-4.17322913689106
1.570645,-4.1737437661663
1.57065,-4.17425873021024
1.570655,-4.17477402878224
1.57066,-4.17528966164182
1.570665,-4.17580562854841
1.57067,-4.17632192926161
1.570675,-4.17683856354101
1.57068,-4.17735553114623
1.570685,-4.17787283183699
1.57069,-4.17839046537301
1.570695,-4.17890843151409
1.5707,-4.17942673002008
1.570705,-4.17994536065084
1.57071,-4.18046432316629
1.570715,-4.18098361732644
1.57072,-4.18150324289126
1.570725,-4.18202319962087
1.57073,-4.18254348727533
1.570735,-4.18306410561483
1.57074,-4.18358505439955
1.570745,-4.18410633338973
1.57075,-4.18462794234568
1.570755,-4.1851498810277
1.57076,-4.18567214919617
1.570765,-4.18619474661153
1.57077,-4.18671767303421
1.570775,-4.18724092822472
1.57078,-4.18776451194363
1.570785,-4.18828842395146
1.57079,-4.18881266400892
1.570795,-4.1893372318766
1.5708,-4.18986212731525
1.570805,-4.19038735008564
1.57081,-4.1909128999485
1.570815,-4.19143877666471
1.57082,-4.19196497999511
1.570825,-4.1924915097006
1.57083,-4.19301836554217
1.570835,-4.19354554728076
1.57084,-4.19407305467741
1.570845,-4.1946008874932
1.57085,-4.1951290454892
1.570855,-4.19565752842658
1.57086,-4.19618633606648
1.570865,-4.19671546817013
1.57087,-4.19724492449879
1.570875,-4.19777470481372
1.57088,-4.19830480887626
1.570885,-4.19883523644775
1.57089,-4.19936598728959
1.570895,-4.19989706116322
1.5709,-4.20042845783008
1.570905,-4.20096017705167
1.57091,-4.20149221858956
1.570915,-4.20202458220525
1.57092,-4.2025572676604
1.570925,-4.2030902747166
1.57093,-4.20362360313553
1.570935,-4.2041572526789
1.57094,-4.20469122310841
1.570945,-4.20522551418585
1.57095,-4.20576012567302
1.570955,-4.20629505733171
1.57096,-4.20683030892382
1.570965,-4.2073658802112
1.57097,-4.20790177095581
1.570975,-4.20843798091958
1.57098,-4.20897450986448
1.570985,-4.20951135755255
1.57099,-4.21004852374579
1.570995,-4.21058600820629
1.571,-4.21112381069617
1.571005,-4.21166193097751
1.57101,-4.2122003688125
1.571015,-4.21273912396332
1.57102,-4.21327819619218
1.571025,-4.21381758526132
1.57103,-4.21435729093298
1.571035,-4.21489731296948
1.57104,-4.21543765113316
1.571045,-4.21597830518632
1.57105,-4.21651927489137
1.571055,-4.21706056001068
1.57106,-4.21760216030668
1.571065,-4.21814407554186
1.57107,-4.21868630547862
1.571075,-4.21922884987951
1.57108,-4.21977170850707
1.571085,-4.2203148811238
1.57109,-4.2208583674923
1.571095,-4.22140216737515
1.5711,-4.22194628053498
1.571105,-4.22249070673443
1.57111,-4.22303544573614
1.571115,-4.22358049730285
1.57112,-4.2241258611972
1.571125,-4.22467153718196
1.57113,-4.22521752501989
1.571135,-4.22576382447374
1.57114,-4.2263104353063
1.571145,-4.22685735728041
1.57115,-4.2274045901589
1.571155,-4.22795213370461
1.57116,-4.22849998768041
1.571165,-4.2290481518492
1.57117,-4.22959662597391
1.571175,-4.23014540981746
1.57118,-4.2306945031428
1.571185,-4.23124390571289
1.57119,-4.23179361729073
1.571195,-4.23234363763934
1.5712,-4.23289396652171
1.571205,-4.23344460370089
1.57121,-4.23399554893996
1.571215,-4.23454680200197
1.57122,-4.23509836265002
1.571225,-4.23565023064721
1.57123,-4.23620240575665
1.571235,-4.23675488774152
1.57124,-4.23730767636492
1.571245,-4.23786077139006
1.57125,-4.23841417258009
1.571255,-4.23896787969821
1.57126,-4.23952189250768
1.571265,-4.24007621077165
1.57127,-4.24063083425341
1.571275,-4.24118576271621
1.57128,-4.24174099592329
1.571285,-4.24229653363795
1.57129,-4.24285237562345
1.571295,-4.24340852164311
1.5713,-4.24396497146026
1.571305,-4.2445217248382
1.57131,-4.2450787815403
1.571315,-4.24563614132984
1.57132,-4.24619380397025
1.571325,-4.24675176922488
1.57133,-4.24731003685708
1.571335,-4.24786860663027
1.57134,-4.24842747830785
1.571345,-4.2489866516532
1.57135,-4.24954612642976
1.571355,-4.25010590240095
1.57136,-4.25066597933018
1.571365,-4.25122635698096
1.57137,-4.25178703511667
1.571375,-4.25234801350081
1.57138,-4.25290929189682
1.571385,-4.25347087006817
1.57139,-4.25403274777839
1.571395,-4.25459492479091
1.5714,-4.25515740086923
1.571405,-4.25572017577689
1.57141,-4.25628324927733
1.571415,-4.25684662113413
1.57142,-4.25741029111075
1.571425,-4.25797425897072
1.57143,-4.2585385244776
1.571435,-4.25910308739487
1.57144,-4.2596679474861
1.571445,-4.26023310451481
1.57145,-4.26079855824453
1.571455,-4.26136430843883
1.57146,-4.26193035486123
1.571465,-4.2624966972753
1.57147,-4.26306333544458
1.571475,-4.26363026913263
1.57148,-4.26419749810301
1.571485,-4.26476502211925
1.57149,-4.26533284094492
1.571495,-4.26590095434362
1.5715,-4.26646936207885
1.571505,-4.26703806391421
1.57151,-4.26760705961324
1.571515,-4.26817634893951
1.57152,-4.2687459316566
1.571525,-4.26931580752802
1.57153,-4.26988597631737
1.571535,-4.27045643778822
1.57154,-4.27102719170408
1.571545,-4.27159823782853
1.57155,-4.27216957592513
1.571555,-4.27274120575741
1.57156,-4.27331312708895
1.571565,-4.27388533968326
1.57157,-4.27445784330391
1.571575,-4.27503063771441
1.57158,-4.27560372267831
1.571585,-4.27617709795918
1.57159,-4.27675076332048
1.571595,-4.27732471852577
1.5716,-4.27789896333857
1.571605,-4.27847349752237
1.57161,-4.27904832084072
1.571615,-4.27962343305708
1.57162,-4.28019883393496
1.571625,-4.28077452323788
1.57163,-4.28135050072926
1.571635,-4.28192676617264
1.57164,-4.28250331933148
1.571645,-4.28308015996922
1.57165,-4.28365728784934
1.571655,-4.28423470273526
1.57166,-4.28481240439045
1.571665,-4.28539039257834
1.57167,-4.28596866706234
1.571675,-4.28654722760588
1.57168,-4.28712607397234
1.571685,-4.28770520592514
1.57169,-4.28828462322769
1.571695,-4.28886432564332
1.5717,-4.28944431293542
1.571705,-4.29002458486737
1.57171,-4.29060514120248
1.571715,-4.29118598170412
1.57172,-4.29176710613557
1.571725,-4.29234851426018
1.57173,-4.29293020584127
1.571735,-4.29351218064207
1.57174,-4.29409443842592
1.571745,-4.29467697895604
1.57175,-4.29525980199569
1.571755,-4.29584290730815
1.57176,-4.2964262946566
1.571765,-4.29700996380426
1.57177,-4.29759391451436
1.571775,-4.29817814655005
1.57178,-4.29876265967453
1.571785,-4.29934745365092
1.57179,-4.29993252824238
1.571795,-4.30051788321206
1.5718,-4.30110351832303
1.571805,-4.30168943333843
1.57181,-4.30227562802129
1.571815,-4.3028621021347
1.57182,-4.30344885544173
1.571825,-4.30403588770535
1.57183,-4.30462319868862
1.571835,-4.30521078815454
1.57184,-4.30579865586605
1.571845,-4.30638680158615
1.57185,-4.30697522507774
1.571855,-4.30756392610378
1.57186,-4.30815290442718
1.571865,-4.30874215981079
1.57187,-4.30933169201751
1.571875,-4.30992150081018
1.57188,-4.31051158595161
1.571885,-4.31110194720465
1.57189,-4.31169258433205
1.571895,-4.31228349709658
1.5719,-4.31287468526103
1.571905,-4.31346614858808
1.57191,-4.31405788684048
1.571915,-4.31464989978086
1.57192,-4.31524218717191
1.571925,-4.3158347487763
1.57193,-4.3164275843566
1.571935,-4.31702069367545
1.57194,-4.31761407649537
1.571945,-4.31820773257895
1.57195,-4.31880166168873
1.571955,-4.31939586358716
1.57196,-4.31999033803678
1.571965,-4.32058508480002
1.57197,-4.32118010363928
1.571975,-4.32177539431703
1.57198,-4.32237095659561
1.571985,-4.32296679023738
1.57199,-4.32356289500469
1.571995,-4.32415927065982
1.572,-4.3247559169651
1.572005,-4.32535283368272
1.57201,-4.32595002057494
1.572015,-4.32654747740398
1.57202,-4.32714520393198
1.572025,-4.3277431999211
1.57203,-4.32834146513349
1.572035,-4.3289399993312
1.57204,-4.32953880227632
1.572045,-4.33013787373086
1.57205,-4.33073721345686
1.572055,-4.33133682121629
1.57206,-4.33193669677108
1.572065,-4.3325368398832
1.57207,-4.33313725031448
1.572075,-4.33373792782681
1.57208,-4.33433887218206
1.572085,-4.33494008314196
1.57209,-4.33554156046833
1.572095,-4.33614330392292
1.5721,-4.3367453132674
1.572105,-4.33734758826349
1.57211,-4.33795012867281
1.572115,-4.33855293425697
1.57212,-4.3391560047776
1.572125,-4.33975933999619
1.57213,-4.3403629396743
1.572135,-4.34096680357341
1.57214,-4.34157093145495
1.572145,-4.34217532308039
1.57215,-4.34277997821106
1.572155,-4.34338489660834
1.57216,-4.34399007803357
1.572165,-4.34459552224799
1.57217,-4.34520122901291
1.572175,-4.34580719808947
1.57218,-4.3464134292389
1.572185,-4.34701992222235
1.57219,-4.34762667680091
1.572195,-4.34823369273566
1.5722,-4.34884096978764
1.572205,-4.34944850771783
1.57221,-4.35005630628725
1.572215,-4.35066436525675
1.57222,-4.35127268438729
1.572225,-4.35188126343971
1.57223,-4.3524901021748
1.572235,-4.35309920035337
1.57224,-4.35370855773613
1.572245,-4.35431817408379
1.57225,-4.35492804915706
1.572255,-4.3555381827165
1.57226,-4.35614857452275
1.572265,-4.3567592243363
1.57227,-4.35737013191771
1.572275,-4.35798129702743
1.57228,-4.35859271942589
1.572285,-4.35920439887346
1.57229,-4.35981633513052
1.572295,-4.36042852795735
1.5723,-4.36104097711423
1.572305,-4.36165368236136
1.57231,-4.36226664345895
1.572315,-4.36287986016715
1.57232,-4.36349333224602
1.572325,-4.36410705945565
1.57233,-4.36472104155603
1.572335,-4.36533527830715
1.57234,-4.36594976946894
1.572345,-4.36656451480127
1.57235,-4.36717951406398
1.572355,-4.3677947670169
1.57236,-4.36841027341974
1.572365,-4.36902603303227
1.57237,-4.36964204561407
1.572375,-4.37025831092483
1.57238,-4.37087482872412
1.572385,-4.37149159877143
1.57239,-4.37210862082628
1.572395,-4.37272589464811
1.5724,-4.37334341999629
1.572405,-4.37396119663021
1.57241,-4.37457922430911
1.572415,-4.37519750279228
1.57242,-4.37581603183895
1.572425,-4.37643481120824
1.57243,-4.3770538406593
1.572435,-4.37767311995113
1.57244,-4.37829264884282
1.572445,-4.37891242709332
1.57245,-4.37953245446153
1.572455,-4.38015273070632
1.57246,-4.38077325558656
1.572465,-4.38139402886097
1.57247,-4.38201505028833
1.572475,-4.38263631962724
1.57248,-4.38325783663639
1.572485,-4.38387960107435
1.57249,-4.38450161269961
1.572495,-4.38512387127069
1.5725,-4.38574637654596
1.572505,-4.38636912828383
1.57251,-4.38699212624263
1.572515,-4.38761537018061
1.57252,-4.38823885985599
1.572525,-4.38886259502694
1.57253,-4.38948657545158
1.572535,-4.39011080088798
1.57254,-4.39073527109411
1.572545,-4.39135998582796
1.57255,-4.39198494484745
1.572555,-4.39261014791037
1.57256,-4.39323559477458
1.572565,-4.39386128519777
1.57257,-4.39448721893766
1.572575,-4.39511339575189
1.57258,-4.395739815398
1.572585,-4.39636647763354
1.57259,-4.396993382216
1.572595,-4.39762052890275
1.5726,-4.39824791745119
1.572605,-4.39887554761857
1.57261,-4.39950341916218
1.572615,-4.40013153183921
1.57262,-4.40075988540676
1.572625,-4.40138847962195
1.57263,-4.40201731424176
1.572635,-4.40264638902316
1.57264,-4.40327570372309
1.572645,-4.40390525809835
1.57265,-4.40453505190575
1.572655,-4.40516508490204
1.57266,-4.40579535684385
1.572665,-4.40642586748785
1.57267,-4.40705661659053
1.572675,-4.40768760390842
1.57268,-4.40831882919798
1.572685,-4.40895029221554
1.57269,-4.40958199271746
1.572695,-4.41021393045996
1.5727,-4.41084610519925
1.572705,-4.41147851669149
1.57271,-4.41211116469272
1.572715,-4.41274404895896
1.57272,-4.4133771692462
1.572725,-4.41401052531028
1.57273,-4.41464411690708
1.572735,-4.41527794379232
1.57274,-4.41591200572173
1.572745,-4.41654630245097
1.57275,-4.41718083373558
1.572755,-4.41781559933113
1.57276,-4.41845059899304
1.572765,-4.41908583247668
1.57277,-4.41972129953744
1.572775,-4.42035699993052
1.57278,-4.42099293341116
1.572785,-4.4216290997345
1.57279,-4.42226549865558
1.572795,-4.42290212992944
1.5728,-4.42353899331099
1.572805,-4.42417608855513
1.57281,-4.42481341541668
1.572815,-4.42545097365034
1.57282,-4.42608876301084
1.572825,-4.42672678325275
1.57283,-4.42736503413064
1.572835,-4.42800351539902
1.57284,-4.42864222681225
1.572845,-4.4292811681247
1.57285,-4.42992033909066
1.572855,-4.43055973946432
1.57286,-4.43119936899986
1.572865,-4.43183922745131
1.57287,-4.43247931457269
1.572875,-4.43311963011798
1.57288,-4.43376017384099
1.572885,-4.43440094549558
1.57289,-4.43504194483544
1.572895,-4.43568317161424
1.5729,-4.43632462558561
1.572905,-4.43696630650303
1.57291,-4.43760821411998
1.572915,-4.43825034818984
1.57292,-4.43889270846591
1.572925,-4.43953529470146
1.57293,-4.44017810664964
1.572935,-4.44082114406354
1.57294,-4.44146440669623
1.572945,-4.44210789430062
1.57295,-4.44275160662966
1.572955,-4.44339554343609
1.57296,-4.44403970447268
1.572965,-4.44468408949215
1.57297,-4.44532869824702
1.572975,-4.44597353048984
1.57298,-4.44661858597311
1.572985,-4.44726386444912
1.57299,-4.44790936567024
1.572995,-4.44855508938868
1.573,-4.44920103535657
1.573005,-4.44984720332604
1.57301,-4.45049359304906
1.573015,-4.45114020427759
1.57302,-4.45178703676345
1.573025,-4.45243409025845
1.57303,-4.4530813645143
1.573035,-4.4537288592826
1.57304,-4.45437657431493
1.573045,-4.45502450936278
1.57305,-4.45567266417752
1.573055,-4.45632103851052
1.57306,-4.45696963211297
1.573065,-4.45761844473609
1.57307,-4.45826747613096
1.573075,-4.4589167260486
1.57308,-4.45956619423995
1.573085,-4.46021588045587
1.57309,-4.46086578444712
1.573095,-4.46151590596446
1.5731,-4.46216624475848
1.573105,-4.46281680057972
1.57311,-4.46346757317871
1.573115,-4.46411856230575
1.57312,-4.46476976771124
1.573125,-4.46542118914534
1.57313,-4.46607282635823
1.573135,-4.46672467910001
1.57314,-4.46737674712062
1.573145,-4.46802903016999
1.57315,-4.46868152799799
1.573155,-4.4693342403543
1.57316,-4.46998716698866
1.573165,-4.47064030765058
1.57317,-4.47129366208962
1.573175,-4.47194723005519
1.57318,-4.47260101129663
1.573185,-4.4732550055632
1.57319,-4.47390921260407
1.573195,-4.47456363216833
1.5732,-4.47521826400503
1.573205,-4.47587310786304
1.57321,-4.47652816349122
1.573215,-4.47718343063839
1.57322,-4.47783890905313
1.573225,-4.47849459848413
1.57323,-4.47915049867983
1.573235,-4.47980660938866
1.57324,-4.48046293035901
1.573245,-4.48111946133908
1.57325,-4.48177620207708
1.573255,-4.48243315232107
1.57326,-4.48309031181904
1.573265,-4.48374768031895
1.57327,-4.48440525756857
1.573275,-4.48506304331568
1.57328,-4.48572103730795
1.573285,-4.48637923929289
1.57329,-4.48703764901805
1.573295,-4.48769626623076
1.5733,-4.48835509067836
1.573305,-4.4890141221081
1.57331,-4.48967336026705
1.573315,-4.49033280490231
1.57332,-4.4909924557608
1.573325,-4.4916523125894
1.57333,-4.49231237513491
1.573335,-4.49297264314398
1.57334,-4.49363311636325
1.573345,-4.49429379453923
1.57335,-4.49495467741831
1.573355,-4.49561576474688
1.57336,-4.49627705627113
1.573365,-4.49693855173722
1.57337,-4.49760025089128
1.573375,-4.4982621534792
1.57338,-4.49892425924694
1.573385,-4.49958656794021
1.57339,-4.50024907930477
1.573395,-4.50091179308623
1.5734,-4.50157470903008
1.573405,-4.50223782688177
1.57341,-4.50290114638664
1.573415,-4.5035646672899
1.57342,-4.50422838933676
1.573425,-4.50489231227221
1.57343,-4.50555643584125
1.573435,-4.50622075978877
1.57344,-4.50688528385953
1.573445,-4.50755000779823
1.57345,-4.50821493134943
1.573455,-4.50888005425766
1.57346,-4.50954537626733
1.573465,-4.51021089712274
1.57347,-4.51087661656809
1.573475,-4.51154253434756
1.57348,-4.51220865020511
1.573485,-4.51287496388473
1.57349,-4.5135414751302
1.573495,-4.5142081836853
1.5735,-4.51487508929367
1.573505,-4.51554219169886
1.57351,-4.51620949064435
1.573515,-4.51687698587345
1.57352,-4.51754467712945
1.573525,-4.51821256415554
1.57353,-4.51888064669474
1.573535,-4.51954892449004
1.57354,-4.52021739728434
1.573545,-4.52088606482038
1.57355,-4.52155492684088
1.573555,-4.52222398308837
1.57356,-4.52289323330537
1.573565,-4.52356267723429
1.57357,-4.52423231461736
1.573575,-4.52490214519681
1.57358,-4.52557216871471
1.573585,-4.52624238491304
1.57359,-4.52691279353374
1.573595,-4.52758339431854
1.5736,-4.52825418700917
1.573605,-4.52892517134724
1.57361,-4.52959634707418
1.573615,-4.53026771393146
1.57362,-4.5309392716603
1.573625,-4.53161102000192
1.57363,-4.53228295869744
1.573635,-4.5329550874878
1.57364,-4.53362740611393
1.573645,-4.53429991431657
1.57365,-4.53497261183644
1.573655,-4.53564549841413
1.57366,-4.53631857379009
1.573665,-4.53699183770471
1.57367,-4.5376652898983
1.573675,-4.53833893011097
1.57368,-4.53901275808284
1.573685,-4.53968677355385
1.57369,-4.54036097626387
1.573695,-4.5410353659527
1.5737,-4.54170994235993
1.573705,-4.54238470522517
1.57371,-4.54305965428783
1.573715,-4.54373478928726
1.57372,-4.54441010996275
1.573725,-4.54508561605337
1.57373,-4.54576130729817
1.573735,-4.54643718343612
1.57374,-4.54711324420598
1.573745,-4.54778948934651
1.57375,-4.54846591859628
1.573755,-4.54914253169381
1.57376,-4.54981932837754
1.573765,-4.5504963083857
1.57377,-4.55117347145651
1.573775,-4.55185081732802
1.57378,-4.55252834573823
1.573785,-4.55320605642502
1.57379,-4.55388394912609
1.573795,-4.55456202357913
1.5738,-4.5552402795217
1.573805,-4.55591871669119
1.57381,-4.55659733482498
1.573815,-4.55727613366022
1.57382,-4.55795511293407
1.573825,-4.55863427238353
1.57383,-4.55931361174547
1.573835,-4.55999313075673
1.57384,-4.5606728291539
1.573845,-4.56135270667359
1.57385,-4.56203276305229
1.573855,-4.5627129980263
1.57386,-4.56339341133185
1.573865,-4.56407400270512
1.57387,-4.56475477188208
1.573875,-4.56543571859866
1.57388,-4.56611684259063
1.573885,-4.56679814359368
1.57389,-4.56747962134345
1.573895,-4.56816127557529
1.5739,-4.56884310602463
1.573905,-4.5695251124267
1.57391,-4.5702072945166
1.573915,-4.57088965202937
1.57392,-4.57157218469991
1.573925,-4.57225489226298
1.57393,-4.57293777445332
1.573935,-4.57362083100544
1.57394,-4.57430406165383
1.573945,-4.5749874661328
1.57395,-4.57567104417659
1.573955,-4.57635479551933
1.57396,-4.57703871989499
1.573965,-4.57772281703747
1.57397,-4.57840708668055
1.573975,-4.57909152855788
1.57398,-4.579776142403
1.573985,-4.58046092794933
1.57399,-4.5811458849302
1.573995,-4.58183101307881
1.574,-4.58251631212824
1.574005,-4.58320178181145
1.57401,-4.5838874218613
1.574015,-4.5845732320105
1.57402,-4.58525921199173
1.574025,-4.58594536153745
1.57403,-4.58663168038004
1.574035,-4.58731816825183
1.57404,-4.58800482488491
1.574045,-4.58869165001138
1.57405,-4.58937864336309
1.574055,-4.5900658046719
1.57406,-4.59075313366949
1.574065,-4.5914406300874
1.57407,-4.59212829365713
1.574075,-4.59281612410998
1.57408,-4.59350412117715
1.574085,-4.5941922845898
1.57409,-4.59488061407884
1.574095,-4.59556910937518
1.5741,-4.59625777020955
1.574105,-4.59694659631255
1.57411,-4.59763558741472
1.574115,-4.59832474324642
1.57412,-4.5990140635379
1.574125,-4.59970354801937
1.57413,-4.60039319642078
1.574135,-4.60108300847209
1.57414,-4.60177298390304
1.574145,-4.60246312244332
1.57415,-4.6031534238225
1.574155,-4.60384388776993
1.57416,-4.60453451401498
1.574165,-4.60522530228683
1.57417,-4.60591625231449
1.574175,-4.60660736382695
1.57418,-4.60729863655298
1.574185,-4.6079900702213
1.57419,-4.60868166456051
1.574195,-4.609373419299
1.5742,-4.61006533416517
1.574205,-4.61075740888715
1.57421,-4.61144964319306
1.574215,-4.61214203681089
1.57422,-4.61283458946842
1.574225,-4.61352730089338
1.57423,-4.61422017081341
1.574235,-4.61491319895591
1.57424,-4.61560638504826
1.574245,-4.61629972881766
1.57425,-4.61699322999122
1.574255,-4.61768688829592
1.57426,-4.61838070345857
1.574265,-4.61907467520594
1.57427,-4.61976880326456
1.574275,-4.62046308736096
1.57428,-4.62115752722149
1.574285,-4.62185212257232
1.57429,-4.62254687313957
1.574295,-4.62324177864924
1.5743,-4.62393683882714
1.574305,-4.62463205339901
1.57431,-4.62532742209039
1.574315,-4.6260229446268
1.57432,-4.62671862073359
1.574325,-4.62741445013592
1.57433,-4.62811043255891
1.574335,-4.62880656772749
1.57434,-4.62950285536652
1.574345,-4.63019929520072
1.57435,-4.63089588695461
1.574355,-4.63159263035266
1.57436,-4.63228952511923
1.574365,-4.63298657097846
1.57437,-4.63368376765446
1.574375,-4.63438111487112
1.57438,-4.63507861235226
1.574385,-4.6357762598216
1.57439,-4.63647405700263
1.574395,-4.63717200361883
1.5744,-4.63787009939342
1.574405,-4.63856834404962
1.57441,-4.63926673731045
1.574415,-4.63996527889878
1.57442,-4.64066396853742
1.574425,-4.64136280594903
1.57443,-4.64206179085606
1.574435,-4.64276092298095
1.57444,-4.64346020204591
1.574445,-4.64415962777308
1.57445,-4.64485919988446
1.574455,-4.64555891810187
1.57446,-4.6462587821471
1.574465,-4.64695879174169
1.57447,-4.64765894660712
1.574475,-4.64835924646475
1.57448,-4.64905969103574
1.574485,-4.64976028004118
1.57449,-4.65046101320202
1.574495,-4.65116189023903
1.5745,-4.65186291087293
1.574505,-4.6525640748242
1.57451,-4.65326538181328
1.574515,-4.65396683156046
1.57452,-4.65466842378584
1.574525,-4.65537015820948
1.57453,-4.65607203455119
1.574535,-4.65677405253073
1.57454,-4.65747621186776
1.574545,-4.65817851228167
1.57455,-4.65888095349184
1.574555,-4.6595835352175
1.57456,-4.66028625717766
1.574565,-4.66098911909131
1.57457,-4.6616921206772
1.574575,-4.66239526165401
1.57458,-4.66309854174031
1.574585,-4.66380196065444
1.57459,-4.6645055181147
1.574595,-4.66520921383917
1.5746,-4.66591304754587
1.574605,-4.66661701895266
1.57461,-4.66732112777722
1.574615,-4.66802537373716
1.57462,-4.66872975654994
1.574625,-4.66943427593281
1.57463,-4.67013893160299
1.574635,-4.67084372327748
1.57464,-4.67154865067318
1.574645,-4.6722537135069
1.57465,-4.67295891149519
1.574655,-4.67366424435457
1.57466,-4.67436971180141
1.574665,-4.67507531355187
1.57467,-4.67578104932207
1.574675,-4.6764869188279
1.57468,-4.67719292178517
1.574685,-4.67789905790957
1.57469,-4.67860532691657
1.574695,-4.6793117285216
1.5747,-4.68001826243983
1.574705,-4.68072492838642
1.57471,-4.68143172607633
1.574715,-4.68213865522435
1.57472,-4.68284571554519
1.574725,-4.68355290675342
1.57473,-4.68426022856338
1.574735,-4.6849676806894
1.57474,-4.68567526284556
1.574745,-4.68638297474586
1.57475,-4.68709081610416
1.574755,-4.68779878663414
1.57476,-4.68850688604939
1.574765,-4.68921511406329
1.57477,-4.68992347038917
1.574775,-4.69063195474016
1.57478,-4.69134056682923
1.574785,-4.69204930636926
1.57479,-4.69275817307301
1.574795,-4.69346716665298
1.5748,-4.69417628682165
1.574805,-4.6948855332913
1.57481,-4.69559490577406
1.574815,-4.69630440398198
1.57482,-4.69701402762688
1.574825,-4.69772377642055
1.57483,-4.69843365007447
1.574835,-4.69914364830015
1.57484,-4.6998537708089
1.574845,-4.70056401731181
1.57485,-4.70127438751991
1.574855,-4.70198488114411
1.57486,-4.70269549789506
1.574865,-4.70340623748339
1.57487,-4.70411709961951
1.574875,-4.7048280840137
1.57488,-4.70553919037616
1.574885,-4.70625041841682
1.57489,-4.70696176784559
1.574895,-4.70767323837215
1.5749,-4.70838482970607
1.574905,-4.70909654155682
1.57491,-4.70980837363362
1.574915,-4.71052032564562
1.57492,-4.71123239730185
1.574925,-4.71194458831108
1.57493,-4.71265689838209
1.574935,-4.71336932722335
1.57494,-4.7140818745433
1.574945,-4.71479454005025
1.57495,-4.71550732345222
1.574955,-4.71622022445727
1.57496,-4.71693324277314
1.574965,-4.71764637810756
1.57497,-4.71835963016805
1.574975,-4.71907299866198
1.57498,-4.71978648329658
1.574985,-4.72050008377897
1.57499,-4.72121379981604
1.574995,-4.72192763111466
1.575,-4.72264157738138
1.575005,-4.72335563832277
1.57501,-4.72406981364514
1.575015,-4.72478410305478
1.57502,-4.72549850625762
1.575025,-4.72621302295963
1.57503,-4.72692765286656
1.575035,-4.72764239568404
1.57504,-4.72835725111755
1.575045,-4.72907221887234
1.57505,-4.7297872986536
1.575055,-4.73050249016636
1.57506,-4.73121779311547
1.575065,-4.73193320720568
1.57507,-4.73264873214157
1.575075,-4.73336436762749
1.57508,-4.73408011336774
1.575085,-4.73479596906647
1.57509,-4.73551193442761
1.575095,-4.73622800915506
1.5751,-4.7369441929524
1.575105,-4.73766048552315
1.57511,-4.73837688657074
1.575115,-4.73909339579833
1.57512,-4.73981001290911
1.575125,-4.74052673760585
1.57513,-4.74124356959136
1.575135,-4.74196050856829
1.57514,-4.74267755423908
1.575145,-4.74339470630612
1.57515,-4.74411196447145
1.575155,-4.74482932843715
1.57516,-4.74554679790507
1.575165,-4.74626437257692
1.57517,-4.74698205215432
1.575175,-4.74769983633854
1.57518,-4.74841772483093
1.575185,-4.74913571733256
1.57519,-4.74985381354438
1.575195,-4.75057201316719
1.5752,-4.75129031590168
1.575205,-4.75200872144826
1.57521,-4.75272722950729
1.575215,-4.75344583977898
1.57522,-4.75416455196336
1.575225,-4.75488336576032
1.57523,-4.75560228086956
1.575235,-4.75632129699063
1.57524,-4.75704041382297
1.575245,-4.75775963106587
1.57525,-4.75847894841846
1.575255,-4.75919836557962
1.57526,-4.75991788224821
1.575265,-4.76063749812285
1.57527,-4.76135721290204
1.575275,-4.76207702628419
1.57528,-4.76279693796736
1.575285,-4.76351694764966
1.57529,-4.76423705502898
1.575295,-4.76495725980296
1.5753,-4.76567756166933
1.575305,-4.76639796032532
1.57531,-4.76711845546826
1.575315,-4.76783904679526
1.57532,-4.76855973400328
1.575325,-4.76928051678905
1.57533,-4.77000139484934
1.575335,-4.77072236788047
1.57534,-4.77144343557882
1.575345,-4.77216459764058
1.57535,-4.77288585376176
1.575355,-4.77360720363824
1.57536,-4.77432864696562
1.575365,-4.77505018343952
1.57537,-4.77577181275529
1.575375,-4.7764935346082
1.57538,-4.77721534869337
1.575385,-4.77793725470558
1.57539,-4.77865925233965
1.575395,-4.7793813412902
1.5754,-4.78010352125167
1.575405,-4.78082579191838
1.57541,-4.78154815298435
1.575415,-4.78227060414364
1.57542,-4.78299314509006
1.575425,-4.78371577551721
1.57543,-4.78443849511872
1.575435,-4.78516130358778
1.57544,-4.78588420061762
1.575445,-4.78660718590129
1.57545,-4.78733025913166
1.575455,-4.78805342000141
1.57546,-4.78877666820313
1.575465,-4.78950000342916
1.57547,-4.79022342537175
1.575475,-4.79094693372297
1.57548,-4.79167052817473
1.575485,-4.79239420841886
1.57549,-4.79311797414685
1.575495,-4.79384182505016
1.5755,-4.79456576082008
1.575505,-4.79528978114775
1.57551,-4.79601388572416
1.575515,-4.79673807424001
1.57552,-4.797462346386
1.575525,-4.79818670185258
1.57553,-4.79891114033007
1.575535,-4.79963566150871
1.57554,-4.8003602650784
1.575545,-4.801084950729
1.57555,-4.80180971815019
1.575555,-4.80253456703151
1.57556,-4.80325949706237
1.575565,-4.80398450793183
1.57557,-4.80470959932901
1.575575,-4.80543477094277
1.57558,-4.8061600224618
1.575585,-4.8068853535747
1.57559,-4.8076107639699
1.575595,-4.8083362533355
1.5756,-4.80906182135963
1.575605,-4.80978746773022
1.57561,-4.81051319213501
1.575615,-4.81123899426162
1.57562,-4.81196487379739
1.575625,-4.8126908304296
1.57563,-4.81341686384536
1.575635,-4.81414297373162
1.57564,-4.81486915977522
1.575645,-4.81559542166263
1.57565,-4.81632175908039
1.575655,-4.81704817171475
1.57566,-4.81777465925184
1.575665,-4.81850122137773
1.57567,-4.81922785777803
1.575675,-4.81995456813849
1.57568,-4.82068135214458
1.575685,-4.82140820948158
1.57569,-4.82213513983472
1.575695,-4.82286214288886
1.5757,-4.82358921832887
1.575705,-4.82431636583945
1.57571,-4.82504358510504
1.575715,-4.82577087581
1.57572,-4.82649823763856
1.575725,-4.8272256702746
1.57573,-4.82795317340203
1.575735,-4.82868074670451
1.57574,-4.82940838986554
1.575745,-4.83013610256858
1.57575,-4.83086388449663
1.575755,-4.83159173533281
1.57576,-4.83231965475999
1.575765,-4.83304764246083
1.57577,-4.83377569811792
1.575775,-4.83450382141352
1.57578,-4.83523201202988
1.575785,-4.83596026964903
1.57579,-4.83668859395284
1.575795,-4.83741698462306
1.5758,-4.83814544134112
1.575805,-4.83887396378849
1.57581,-4.83960255164631
1.575815,-4.8403312045957
1.57582,-4.84105992231745
1.575825,-4.84178870449239
1.57583,-4.84251755080095
1.575835,-4.84324646092355
1.57584,-4.84397543454043
1.575845,-4.84470447133161
1.57585,-4.84543357097705
1.575855,-4.84616273315635
1.57586,-4.84689195754913
1.575865,-4.84762124383476
1.57587,-4.84835059169248
1.575875,-4.84908000080137
1.57588,-4.84980947084024
1.575885,-4.85053900148784
1.57589,-4.85126859242276
1.575895,-4.85199824332336
1.5759,-4.85272795386793
1.575905,-4.8534577237344
1.57591,-4.85418755260075
1.575915,-4.85491744014466
1.57592,-4.85564738604372
1.575925,-4.85637738997535
1.57593,-4.85710745161668
1.575935,-4.85783757064481
1.57594,-4.85856774673663
1.575945,-4.85929797956885
1.57595,-4.86002826881805
1.575955,-4.86075861416064
1.57596,-4.86148901527275
1.575965,-4.86221947183047
1.57597,-4.86294998350971
1.575975,-4.86368054998616
1.57598,-4.86441117093544
1.575985,-4.86514184603279
1.57599,-4.86587257495352
1.575995,-4.86660335737264
1.576,-4.86733419296506
1.576005,-4.8680650814055
1.57601,-4.86879602236844
1.576015,-4.86952701552827
1.57602,-4.87025806055921
1.576025,-4.87098915713529
1.57603,-4.87172030493044
1.576035,-4.87245150361823
1.57604,-4.87318275287229
1.576045,-4.87391405236595
1.57605,-4.87464540177237
1.576055,-4.8753768007647
1.57606,-4.87610824901565
1.576065,-4.87683974619794
1.57607,-4.87757129198413
1.576075,-4.87830288604654
1.57608,-4.87903452805737
1.576085,-4.87976621768866
1.57609,-4.88049795461217
1.576095,-4.88122973849962
1.5761,-4.88196156902252
1.576105,-4.8826934458522
1.57611,-4.88342536865984
1.576115,-4.88415733711641
1.57612,-4.88488935089272
1.576125,-4.88562140965944
1.57613,-4.88635351308708
1.576135,-4.88708566084598
1.57614,-4.88781785260621
1.576145,-4.88855008803778
1.57615,-4.88928236681052
1.576155,-4.89001468859407
1.57616,-4.89074705305789
1.576165,-4.89147945987127
1.57617,-4.89221190870332
1.576175,-4.89294439922301
1.57618,-4.89367693109915
1.576185,-4.89440950400038
1.57619,-4.89514211759507
1.576195,-4.89587477155156
1.5762,-4.89660746553792
1.576205,-4.89734019922208
1.57621,-4.89807297227186
1.576215,-4.89880578435484
1.57622,-4.89953863513841
1.576225,-4.90027152428984
1.57623,-4.90100445147619
1.576235,-4.90173741636443
1.57624,-4.90247041862132
1.576245,-4.90320345791331
1.57625,-4.90393653390689
1.576255,-4.90466964626829
1.57626,-4.90540279466353
1.576265,-4.90613597875857
1.57627,-4.90686919821903
1.576275,-4.90760245271049
1.57628,-4.90833574189835
1.576285,-4.90906906544781
1.57629,-4.90980242302393
1.576295,-4.91053581429147
1.5763,-4.9112692389152
1.576305,-4.91200269655959
1.57631,-4.91273618688904
1.576315,-4.91346970956777
1.57632,-4.91420326425965
1.576325,-4.91493685062856
1.57633,-4.91567046833819
1.576335,-4.91640411705203
1.57634,-4.91713779643337
1.576345,-4.91787150614541
1.57635,-4.91860524585105
1.576355,-4.91933901521313
1.57636,-4.92007281389427
1.576365,-4.92080664155692
1.57637,-4.92154049786345
1.576375,-4.92227438247587
1.57638,-4.92300829505614
1.576385,-4.92374223526604
1.57639,-4.92447620276719
1.576395,-4.92521019722107
1.5764,-4.92594421828881
1.576405,-4.92667826563154
1.57641,-4.92741233891019
1.576415,-4.92814643778551
1.57642,-4.92888056191808
1.576425,-4.9296147109682
1.57643,-4.93034888459617
1.576435,-4.93108308246203
1.57644,-4.93181730422563
1.576445,-4.93255154954673
1.57645,-4.93328581808479
1.576455,-4.93402010949922
1.57646,-4.93475442344917
1.576465,-4.93548875959366
1.57647,-4.93622311759157
1.576475,-4.9369574971016
1.57648,-4.93769189778213
1.576485,-4.93842631929156
1.57649,-4.93916076128801
1.576495,-4.93989522342947
1.5765,-4.94062970537381
1.576505,-4.94136420677857
1.57651,-4.94209872730123
1.576515,-4.94283326659908
1.57652,-4.94356782432927
1.576525,-4.94430240014878
1.57653,-4.94503699371425
1.576535,-4.94577160468236
1.57654,-4.94650623270951
1.576545,-4.94724087745194
1.57655,-4.94797553856581
1.576555,-4.94871021570693
1.57656,-4.94944490853105
1.576565,-4.95017961669375
1.57657,-4.95091433985039
1.576575,-4.95164907765619
1.57658,-4.95238382976627
1.576585,-4.95311859583538
1.57659,-4.95385337551824
1.576595,-4.95458816846941
1.5766,-4.9553229743432
1.576605,-4.95605779279386
1.57661,-4.95679262347526
1.576615,-4.95752746604129
1.57662,-4.95826232014562
1.576625,-4.95899718544173
1.57663,-4.95973206158297
1.576635,-4.96046694822237
1.57664,-4.96120184501294
1.576645,-4.96193675160748
1.57665,-4.96267166765859
1.576655,-4.96340659281875
1.57666,-4.96414152674017
1.576665,-4.96487646907497
1.57667,-4.96561141947506
1.576675,-4.96634637759221
1.57668,-4.96708134307803
1.576685,-4.96781631558383
1.57669,-4.96855129476088
1.576695,-4.96928628026024
1.5767,-4.97002127173277
1.576705,-4.9707562688292
1.57671,-4.97149127120014
1.576715,-4.97222627849577
1.57672,-4.97296129036641
1.576725,-4.97369630646204
1.57673,-4.97443132643249
1.576735,-4.97516634992751
1.57674,-4.97590137659645
1.576745,-4.97663640608872
1.57675,-4.97737143805343
1.576755,-4.9781064721396
1.57676,-4.97884150799602
1.576765,-4.97957654527127
1.57677,-4.98031158361381
1.576775,-4.98104662267194
1.57678,-4.98178166209379
1.576785,-4.98251670152729
1.57679,-4.98325174062016
1.576795,-4.98398677901996
1.5768,-4.98472181637419
1.576805,-4.98545685232999
1.57681,-4.98619188653455
1.576815,-4.98692691863465
1.57682,-4.98766194827703
1.576825,-4.98839697510827
1.57683,-4.9891319987747
1.576835,-4.98986701892256
1.57684,-4.99060203519789
1.576845,-4.99133704724647
1.57685,-4.99207205471399
1.576855,-4.992807057246
1.57686,-4.99354205448778
1.576865,-4.99427704608459
1.57687,-4.99501203168127
1.576875,-4.99574701092271
1.57688,-4.99648198345352
1.576885,-4.99721694891819
1.57689,-4.99795190696103
1.576895,-4.9986868572261
1.5769,-4.99942179935734
1.576905,-5.00015673299857
1.57691,-5.00089165779338
1.576915,-5.00162657338518
1.57692,-5.00236147941722
1.576925,-5.00309637553253
1.57693,-5.0038312613741
1.576935,-5.00456613658457
1.57694,-5.00530100080665
1.576945,-5.00603585368255
1.57695,-5.00677069485454
1.576955,-5.00750552396468
1.57696,-5.0082403406548
1.576965,-5.00897514456664
1.57697,-5.00970993534173
1.576975,-5.01044471262133
1.57698,-5.01117947604665
1.576985,-5.01191422525871
1.57699,-5.01264895989831
1.576995,-5.01338367960617
1.577,-5.01411838402266
1.577005,-5.01485307278815
1.57701,-5.01558774554278
1.577015,-5.01632240192645
1.57702,-5.01705704157908
1.577025,-5.01779166414014
1.57703,-5.01852626924912
1.577035,-5.0192608565453
1.57704,-5.01999542566777
1.577045,-5.02072997625551
1.57705,-5.02146450794716
1.577055,-5.02219902038137
1.57706,-5.02293351319653
1.577065,-5.02366798603085
1.57707,-5.02440243852249
1.577075,-5.0251368703092
1.57708,-5.02587128102873
1.577085,-5.02660567031866
1.57709,-5.02734003781634
1.577095,-5.02807438315897
1.5771,-5.02880870598364
1.577105,-5.02954300592705
1.57711,-5.030277282626
1.577115,-5.03101153571694
1.57712,-5.03174576483622
1.577125,-5.03247996962006
1.57713,-5.03321414970435
1.577135,-5.03394830472495
1.57714,-5.03468243431752
1.577145,-5.03541653811752
1.57715,-5.03615061576028
1.577155,-5.03688466688087
1.57716,-5.03761869111425
1.577165,-5.03835268809525
1.57717,-5.03908665745848
1.577175,-5.0398205988384
1.57718,-5.04055451186917
1.577185,-5.04128839618498
1.57719,-5.04202225141972
1.577195,-5.04275607720716
1.5772,-5.04348987318094
1.577205,-5.04422363897435
1.57721,-5.04495737422066
1.577215,-5.04569107855297
1.57722,-5.04642475160415
1.577225,-5.04715839300696
1.57723,-5.04789200239398
1.577235,-5.04862557939747
1.57724,-5.04935912364969
1.577245,-5.05009263478271
1.57725,-5.05082611242838
1.577255,-5.05155955621844
1.57726,-5.05229296578429
1.577265,-5.05302634075737
1.57727,-5.05375968076885
1.577275,-5.05449298544972
1.57728,-5.05522625443088
1.577285,-5.05595948734291
1.57729,-5.05669268381633
1.577295,-5.05742584348149
1.5773,-5.05815896596855
1.577305,-5.05889205090752
1.57731,-5.05962509792811
1.577315,-5.06035810666003
1.57732,-5.06109107673276
1.577325,-5.06182400777558
1.57733,-5.0625568994176
1.577335,-5.06328975128788
1.57734,-5.0640225630151
1.577345,-5.0647553342279
1.57735,-5.06548806455473
1.577355,-5.0662207536239
1.57736,-5.06695340106357
1.577365,-5.06768600650153
1.57737,-5.06841856956565
1.577375,-5.06915108988349
1.57738,-5.06988356708249
1.577385,-5.07061600078997
1.57739,-5.07134839063292
1.577395,-5.07208073623829
1.5774,-5.07281303723282
1.577405,-5.07354529324312
1.57741,-5.07427750389566
1.577415,-5.07500966881653
1.57742,-5.07574178763188
1.577425,-5.07647385996764
1.57743,-5.07720588544947
1.577435,-5.07793786370304
1.57744,-5.07866979435364
1.577445,-5.07940167702652
1.57745,-5.08013351134673
1.577455,-5.08086529693919
1.57746,-5.08159703342861
1.577465,-5.08232872043958
1.57747,-5.08306035759638
1.577475,-5.08379194452325
1.57748,-5.08452348084425
1.577485,-5.08525496618327
1.57749,-5.08598640016406
1.577495,-5.08671778241003
1.5775,-5.08744911254464
1.577505,-5.08818039019105
1.57751,-5.08891161497229
1.577515,-5.08964278651132
1.57752,-5.09037390443072
1.577525,-5.09110496835303
1.57753,-5.09183597790066
1.577535,-5.09256693269576
1.57754,-5.09329783236045
1.577545,-5.09402867651643
1.57755,-5.09475946478547
1.577555,-5.0954901967891
1.57756,-5.09622087214867
1.577565,-5.0969514904854
1.57757,-5.09768205142024
1.577575,-5.09841255457407
1.57758,-5.09914299956758
1.577585,-5.09987338602127
1.57759,-5.10060371355551
1.577595,-5.10133398179053
1.5776,-5.10206419034628
1.577605,-5.10279433884261
1.57761,-5.10352442689925
1.577615,-5.10425445413567
1.57762,-5.10498442017131
1.577625,-5.10571432462523
1.57763,-5.10644416711653
1.577635,-5.10717394726402
1.57764,-5.1079036646864
1.577645,-5.1086333190023
1.57765,-5.10936290982987
1.577655,-5.11009243678742
1.57766,-5.11082189949298
1.577665,-5.11155129756436
1.57767,-5.11228063061935
1.577675,-5.11300989827534
1.57768,-5.11373910014977
1.577685,-5.1144682358598
1.57769,-5.1151973050225
1.577695,-5.11592630725476
1.5777,-5.1166552421732
1.577705,-5.11738410939439
1.57771,-5.11811290853471
1.577715,-5.11884163921035
1.57772,-5.11957030103739
1.577725,-5.12029889363171
1.57773,-5.12102741660894
1.577735,-5.12175586958472
1.57774,-5.12248425217437
1.577745,-5.12321256399318
1.57775,-5.12394080465618
1.577755,-5.12466897377823
1.57776,-5.12539707097405
1.577765,-5.12612509585828
1.57777,-5.12685304804524
1.577775,-5.12758092714929
1.57778,-5.12830873278434
1.577785,-5.12903646456441
1.57779,-5.1297641221032
1.577795,-5.13049170501436
1.5778,-5.13121921291127
1.577805,-5.13194664540719
1.57781,-5.13267400211519
1.577815,-5.13340128264826
1.57782,-5.13412848661911
1.577825,-5.13485561364048
1.57783,-5.13558266332464
1.577835,-5.13630963528399
1.57784,-5.1370365291306
1.577845,-5.13776334447649
1.57785,-5.1384900809334
1.577855,-5.13921673811305
1.57786,-5.13994331562682
1.577865,-5.14066981308605
1.57787,-5.14139623010192
1.577875,-5.1421225662854
1.57788,-5.14284882124741
1.577885,-5.14357499459847
1.57789,-5.14430108594918
1.577895,-5.14502709490986
1.5779,-5.14575302109073
1.577905,-5.14647886410183
1.57791,-5.14720462355297
1.577915,-5.14793029905386
1.57792,-5.14865589021409
1.577925,-5.14938139664305
1.57793,-5.15010681794994
1.577935,-5.15083215374383
1.57794,-5.15155740363362
1.577945,-5.15228256722805
1.57795,-5.15300764413574
1.577955,-5.15373263396515
1.57796,-5.15445753632446
1.577965,-5.15518235082182
1.57797,-5.1559070770652
1.577975,-5.15663171466238
1.57798,-5.157356263221
1.577985,-5.15808072234861
1.57799,-5.15880509165238
1.577995,-5.15952937073954
1.578,-5.1602535592171
1.578005,-5.16097765669188
1.57801,-5.16170166277066
1.578015,-5.16242557705983
1.57802,-5.16314939916582
1.578025,-5.16387312869488
1.57803,-5.164596765253
1.578035,-5.16532030844616
1.57804,-5.16604375788002
1.578045,-5.16676711316017
1.57805,-5.16749037389209
1.578055,-5.16821353968101
1.57806,-5.16893661013212
1.578065,-5.16965958485029
1.57807,-5.17038246344033
1.578075,-5.17110524550691
1.57808,-5.17182793065452
1.578085,-5.17255051848748
1.57809,-5.17327300861005
1.578095,-5.17399540062615
1.5781,-5.17471769413967
1.578105,-5.17543988875432
1.57811,-5.17616198407369
1.578115,-5.1768839797012
1.57812,-5.17760587524004
1.578125,-5.17832767029333
1.57813,-5.179049364464
1.578135,-5.17977095735483
1.57814,-5.18049244856853
1.578145,-5.18121383770747
1.57815,-5.18193512437398
1.578155,-5.18265630817029
1.57816,-5.18337738869837
1.578165,-5.18409836556014
1.57817,-5.18481923835724
1.578175,-5.18554000669126
1.57818,-5.18626067016358
1.578185,-5.18698122837546
1.57819,-5.18770168092805
1.578195,-5.18842202742222
1.5782,-5.18914226745878
1.578205,-5.18986240063836
1.57821,-5.19058242656149
1.578215,-5.19130234482849
1.57822,-5.19202215503957
1.578225,-5.19274185679467
1.57823,-5.19346144969375
1.578235,-5.19418093333651
1.57824,-5.19490030732256
1.578245,-5.19561957125137
1.57825,-5.19633872472209
1.578255,-5.19705776733391
1.57826,-5.19777669868582
1.578265,-5.19849551837666
1.57827,-5.19921422600512
1.578275,-5.19993282116962
1.57828,-5.20065130346866
1.578285,-5.20136967250037
1.57829,-5.20208792786288
1.578295,-5.20280606915418
1.5783,-5.20352409597192
1.578305,-5.20424200791377
1.57831,-5.20495980457726
1.578315,-5.2056774855597
1.57832,-5.20639505045831
1.578325,-5.20711249887002
1.57833,-5.20782983039181
1.578335,-5.2085470446204
1.57834,-5.20926414115237
1.578345,-5.20998111958416
1.57835,-5.21069797951217
1.578355,-5.21141472053238
1.57836,-5.2121313422409
1.578365,-5.21284784423356
1.57837,-5.21356422610607
1.578375,-5.21428048745404
1.57838,-5.21499662787281
1.578385,-5.21571264695769
1.57839,-5.2164285443038
1.578395,-5.21714431950614
1.5784,-5.21785997215956
1.578405,-5.21857550185865
1.57841,-5.21929090819805
1.578415,-5.22000619077213
1.57842,-5.22072134917513
1.578425,-5.22143638300124
1.57843,-5.2221512918443
1.578435,-5.22286607529817
1.57844,-5.22358073295656
1.578445,-5.224295264413
1.57845,-5.22500966926091
1.578455,-5.22572394709345
1.57846,-5.22643809750375
1.578465,-5.22715212008477
1.57847,-5.22786601442938
1.578475,-5.22857978013017
1.57848,-5.22929341677978
1.578485,-5.2300069239705
1.57849,-5.23072030129458
1.578495,-5.23143354834418
1.5785,-5.23214666471121
1.578505,-5.23285964998756
1.57851,-5.23357250376485
1.578515,-5.23428522563459
1.57852,-5.23499781518824
1.578525,-5.23571027201704
1.57853,-5.23642259571215
1.578535,-5.23713478586446
1.57854,-5.23784684206482
1.578545,-5.23855876390397
1.57855,-5.23927055097242
1.578555,-5.23998220286069
1.57856,-5.24069371915889
1.578565,-5.24140509945725
1.57857,-5.24211634334579
1.578575,-5.24282745041431
1.57858,-5.24353842025261
1.578585,-5.2442492524502
1.57859,-5.24495994659653
1.578595,-5.24567050228093
1.5786,-5.24638091909257
1.578605,-5.24709119662047
1.57861,-5.24780133445358
1.578615,-5.24851133218056
1.57862,-5.24922118939006
1.578625,-5.24993090567059
1.57863,-5.25064048061048
1.578635,-5.25134991379798
1.57864,-5.25205920482111
1.578645,-5.2527683532678
1.57865,-5.25347735872591
1.578655,-5.25418622078304
1.57866,-5.25489493902685
1.578665,-5.25560351304457
1.57867,-5.25631194242357
1.578675,-5.2570202267509
1.57868,-5.25772836561363
1.578685,-5.25843635859864
1.57869,-5.25914420529255
1.578695,-5.25985190528202
1.5787,-5.26055945815348
1.578705,-5.26126686349329
1.57871,-5.26197412088766
1.578715,-5.26268122992257
1.57872,-5.26338819018399
1.578725,-5.26409500125772
1.57873,-5.26480166272941
1.578735,-5.2655081741846
1.57874,-5.26621453520873
1.578745,-5.26692074538699
1.57875,-5.26762680430454
1.578755,-5.2683327115464
1.57876,-5.26903846669746
1.578765,-5.26974406934246
1.57877,-5.27044951906598
1.578775,-5.27115481545248
1.57878,-5.27185995808641
1.578785,-5.27256494655189
1.57879,-5.27326978043316
1.578795,-5.27397445931403
1.5788,-5.27467898277838
1.578805,-5.27538335040996
1.57881,-5.27608756179231
1.578815,-5.27679161650896
1.57882,-5.27749551414311
1.578825,-5.27819925427804
1.57883,-5.27890283649678
1.578835,-5.2796062603823
1.57884,-5.28030952551739
1.578845,-5.28101263148482
1.57885,-5.28171557786702
1.578855,-5.2824183642465
1.57886,-5.28312099020558
1.578865,-5.28382345532637
1.57887,-5.28452575919107
1.578875,-5.28522790138146
1.57888,-5.2859298814794
1.578885,-5.28663169906659
1.57889,-5.28733335372457
1.578895,-5.28803484503485
1.5789,-5.2887361725786
1.578905,-5.2894373359371
1.57891,-5.29013833469141
1.578915,-5.2908391684224
1.57892,-5.29153983671104
1.578925,-5.29224033913785
1.57893,-5.29294067528346
1.578935,-5.29364084472835
1.57894,-5.29434084705281
1.578945,-5.29504068183712
1.57895,-5.29574034866125
1.578955,-5.29643984710523
1.57896,-5.29713917674889
1.578965,-5.29783833717195
1.57897,-5.29853732795399
1.578975,-5.29923614867457
1.57898,-5.29993479891293
1.578985,-5.30063327824837
1.57899,-5.30133158626002
1.578995,-5.30202972252684
1.579,-5.30272768662782
1.579005,-5.30342547814159
1.57901,-5.30412309664684
1.579015,-5.30482054172211
1.57902,-5.3055178129458
1.579025,-5.30621490989627
1.57903,-5.30691183215159
1.579035,-5.30760857928985
1.57904,-5.30830515088899
1.579045,-5.30900154652685
1.57905,-5.3096977657812
1.579055,-5.31039380822947
1.57906,-5.31108967344926
1.579065,-5.3117853610179
1.57907,-5.31248087051261
1.579075,-5.31317620151061
1.57908,-5.31387135358881
1.579085,-5.31456632632414
1.57909,-5.31526111929338
1.579095,-5.31595573207324
1.5791,-5.31665016424025
1.579105,-5.31734441537092
1.57911,-5.3180384850415
1.579115,-5.31873237282823
1.57912,-5.31942607830721
1.579125,-5.32011960105448
1.57913,-5.32081294064595
1.579135,-5.32150609665728
1.57914,-5.32219906866419
1.579145,-5.32289185624224
1.57915,-5.32358445896688
1.579155,-5.32427687641346
1.57916,-5.3249691081571
1.579165,-5.32566115377299
1.57917,-5.32635301283611
1.579175,-5.32704468492135
1.57918,-5.32773616960352
1.579185,-5.32842746645723
1.57919,-5.32911857505709
1.579195,-5.32980949497752
1.5792,-5.33050022579289
1.579205,-5.3311907670775
1.57921,-5.33188111840539
1.579215,-5.33257127935061
1.57922,-5.33326124948707
1.579225,-5.33395102838861
1.57923,-5.33464061562895
1.579235,-5.3353300107817
1.57924,-5.33601921342026
1.579245,-5.3367082231181
1.57925,-5.3373970394485
1.579255,-5.33808566198461
1.57926,-5.33877409029959
1.579265,-5.33946232396629
1.57927,-5.34015036255762
1.579275,-5.34083820564637
1.57928,-5.3415258528052
1.579285,-5.3422133036067
1.57929,-5.34290055762322
1.579295,-5.3435876144272
1.5793,-5.34427447359087
1.579305,-5.34496113468638
1.57931,-5.34564759728583
1.579315,-5.34633386096107
1.57932,-5.34701992528396
1.579325,-5.34770578982632
1.57933,-5.34839145415976
1.579335,-5.34907691785585
1.57934,-5.34976218048598
1.579345,-5.35044724162152
1.57935,-5.35113210083372
1.579355,-5.35181675769375
1.57936,-5.35250121177266
1.579365,-5.35318546264143
1.57937,-5.35386950987085
1.579375,-5.3545533530317
1.57938,-5.35523699169464
1.579385,-5.35592042543026
1.57939,-5.35660365380908
1.579395,-5.35728667640136
1.5794,-5.35796949277743
1.579405,-5.35865210250747
1.57941,-5.35933450516157
1.579415,-5.36001670030977
1.57942,-5.36069868752184
1.579425,-5.36138046636769
1.57943,-5.36206203641701
1.579435,-5.3627433972394
1.57944,-5.36342454840444
1.579445,-5.36410548948146
1.57945,-5.36478622003986
1.579455,-5.36546673964886
1.57946,-5.36614704787762
1.579465,-5.36682714429529
1.57947,-5.36750702847068
1.579475,-5.36818669997276
1.57948,-5.36886615837032
1.579485,-5.36954540323205
1.57949,-5.37022443412656
1.579495,-5.37090325062241
1.5795,-5.37158185228794
1.579505,-5.37226023869154
1.57951,-5.37293840940147
1.579515,-5.37361636398587
1.57952,-5.37429410201288
1.579525,-5.37497162305043
1.57953,-5.3756489266664
1.579535,-5.37632601242867
1.57954,-5.3770028799049
1.579545,-5.37767952866283
1.57955,-5.37835595826993
1.579555,-5.37903216829368
1.57956,-5.37970815830149
1.579565,-5.38038392786064
1.57957,-5.38105947653843
1.579575,-5.38173480390185
1.57958,-5.38240990951803
1.579585,-5.38308479295392
1.57959,-5.38375945377641
1.579595,-5.38443389155228
1.5796,-5.38510810584832
1.579605,-5.38578209623105
1.57961,-5.38645586226708
1.579615,-5.38712940352286
1.57962,-5.38780271956481
1.579625,-5.38847580995925
1.57963,-5.38914867427236
1.579635,-5.38982131207029
1.57964,-5.39049372291914
1.579645,-5.39116590638488
1.57965,-5.39183786203348
1.579655,-5.39250958943067
1.57966,-5.39318108814226
1.579665,-5.3938523577339
1.57967,-5.39452339777122
1.579675,-5.39519420781977
1.57968,-5.3958647874449
1.579685,-5.39653513621203
1.57969,-5.39720525368645
1.579695,-5.39787513943337
1.5797,-5.39854479301799
1.579705,-5.39921421400526
1.57971,-5.39988340196023
1.579715,-5.40055235644781
1.57972,-5.40122107703286
1.579725,-5.40188956328012
1.57973,-5.40255781475435
1.579735,-5.40322583102007
1.57974,-5.40389361164189
1.579745,-5.40456115618428
1.57975,-5.40522846421161
1.579755,-5.40589553528834
1.57976,-5.40656236897854
1.579765,-5.40722896484655
1.57977,-5.40789532245642
1.579775,-5.40856144137222
1.57978,-5.40922732115799
1.579785,-5.40989296137754
1.57979,-5.41055836159476
1.579795,-5.41122352137343
1.5798,-5.41188844027727
1.579805,-5.41255311786994
1.57981,-5.41321755371494
1.579815,-5.41388174737583
1.57982,-5.414545698416
1.579825,-5.41520940639889
1.57983,-5.4158728708878
1.579835,-5.4165360914459
1.57984,-5.41719906763641
1.579845,-5.41786179902244
1.57985,-5.41852428516704
1.579855,-5.41918652563319
1.57986,-5.41984851998387
1.579865,-5.42051026778184
1.57987,-5.42117176858992
1.579875,-5.42183302197084
1.57988,-5.4224940274873
1.579885,-5.42315478470191
1.57989,-5.42381529317718
1.579895,-5.42447555247558
1.5799,-5.42513556215959
1.579905,-5.42579532179156
1.57991,-5.42645483093382
1.579915,-5.42711408914852
1.57992,-5.42777309599791
1.579925,-5.42843185104411
1.57993,-5.42909035384921
1.579935,-5.42974860397526
1.57994,-5.43040660098411
1.579945,-5.43106434443769
1.57995,-5.43172183389787
1.579955,-5.43237906892642
1.57996,-5.43303604908513
1.579965,-5.43369277393558
1.57997,-5.43434924303942
1.579975,-5.4350054559582
1.57998,-5.43566141225347
1.579985,-5.43631711148665
1.57999,-5.43697255321921
1.579995,-5.43762773701243
1.58,-5.43828266242759
1.580005,-5.43893732902597
1.58001,-5.43959173636877
1.580015,-5.44024588401716
1.58002,-5.44089977153216
1.580025,-5.44155339847485
1.58003,-5.4422067644062
1.580035,-5.44285986888715
1.58004,-5.44351271147866
1.580045,-5.44416529174148
1.58005,-5.44481760923643
1.580055,-5.44546966352423
1.58006,-5.44612145416564
1.580065,-5.44677298072133
1.58007,-5.44742424275178
1.580075,-5.44807523981761
1.58008,-5.44872597147934
1.580085,-5.44937643729744
1.58009,-5.45002663683236
1.580095,-5.45067656964437
1.5801,-5.45132623529387
1.580105,-5.45197563334114
1.58011,-5.45262476334641
1.580115,-5.45327362486988
1.58012,-5.45392221747176
1.580125,-5.45457054071208
1.58013,-5.45521859415094
1.580135,-5.45586637734835
1.58014,-5.45651388986434
1.580145,-5.4571611312589
1.58015,-5.45780810109182
1.580155,-5.45845479892301
1.58016,-5.45910122431232
1.580165,-5.45974737681955
1.58017,-5.46039325600447
1.580175,-5.46103886142669
1.58018,-5.46168419264597
1.580185,-5.46232924922193
1.58019,-5.46297403071416
1.580195,-5.46361853668226
1.5802,-5.46426276668572
1.580205,-5.464906720284
1.58021,-5.46555039703661
1.580215,-5.46619379650297
1.58022,-5.46683691824249
1.580225,-5.46747976181443
1.58023,-5.46812232677819
1.580235,-5.46876461269304
1.58024,-5.46940661911823
1.580245,-5.47004834561299
1.58025,-5.47068979173654
1.580255,-5.47133095704795
1.58026,-5.47197184110641
1.580265,-5.47261244347103
1.58027,-5.47325276370084
1.580275,-5.47389280135496
1.58028,-5.47453255599228
1.580285,-5.47517202717182
1.58029,-5.47581121445256
1.580295,-5.47645011739343
1.5803,-5.47708873555335
1.580305,-5.47772706849111
1.58031,-5.47836511576559
1.580315,-5.47900287693561
1.58032,-5.47964035155999
1.580325,-5.48027753919749
1.58033,-5.48091443940679
1.580335,-5.48155105174668
1.58034,-5.4821873757758
1.580345,-5.48282341105287
1.58035,-5.48345915713651
1.580355,-5.48409461358538
1.58036,-5.48472977995804
1.580365,-5.48536465581306
1.58037,-5.48599924070903
1.580375,-5.48663353420451
1.58038,-5.48726753585802
1.580385,-5.48790124522801
1.58039,-5.48853466187298
1.580395,-5.48916778535141
1.5804,-5.48980061522172
1.580405,-5.49043315104238
1.58041,-5.49106539237176
1.580415,-5.49169733876823
1.58042,-5.4923289897902
1.580425,-5.49296034499603
1.58043,-5.49359140394408
1.580435,-5.49422216619262
1.58044,-5.49485263129999
1.580445,-5.4954827988245
1.58045,-5.49611266832441
1.580455,-5.49674223935807
1.58046,-5.49737151148361
1.580465,-5.49800048425935
1.58047,-5.49862915724351
1.580475,-5.4992575299943
1.58048,-5.49988560206999
1.580485,-5.50051337302874
1.58049,-5.50114084242872
1.580495,-5.50176800982811
1.5805,-5.5023948747851
1.580505,-5.50302143685788
1.58051,-5.5036476956046
1.580515,-5.50427365058335
1.58052,-5.50489930135229
1.580525,-5.50552464746959
1.58053,-5.50614968849333
1.580535,-5.5067744239817
1.58054,-5.50739885349273
1.580545,-5.50802297658457
1.58055,-5.50864679281531
1.580555,-5.50927030174308
1.58056,-5.50989350292599
1.580565,-5.51051639592207
1.58057,-5.51113898028945
1.580575,-5.51176125558622
1.58058,-5.51238322137045
1.580585,-5.5130048772003
1.58059,-5.51362622263376
1.580595,-5.51424725722895
1.5806,-5.51486798054396
1.580605,-5.5154883921369
1.58061,-5.51610849156582
1.580615,-5.51672827838888
1.58062,-5.51734775216407
1.580625,-5.51796691244955
1.58063,-5.51858575880339
1.580635,-5.51920429078373
1.58064,-5.51982250794867
1.580645,-5.52044040985628
1.58065,-5.52105799606471
1.580655,-5.52167526613204
1.58066,-5.52229221961646
1.580665,-5.52290885607609
1.58067,-5.52352517506904
1.580675,-5.52414117615346
1.58068,-5.52475685888751
1.580685,-5.52537222282937
1.58069,-5.52598726753724
1.580695,-5.52660199256925
1.5807,-5.52721639748361
1.580705,-5.52783048183853
1.58071,-5.52844424519222
1.580715,-5.52905768710297
1.58072,-5.5296708071289
1.580725,-5.53028360482834
1.58073,-5.53089607975955
1.580735,-5.53150823148076
1.58074,-5.53212005955033
1.580745,-5.53273156352656
1.58075,-5.53334274296769
1.580755,-5.53395359743213
1.58076,-5.53456412647819
1.580765,-5.53517432966428
1.58077,-5.53578420654879
1.580775,-5.53639375669008
1.58078,-5.53700297964659
1.580785,-5.53761187497674
1.58079,-5.53822044223904
1.580795,-5.53882868099196
1.5808,-5.53943659079393
1.580805,-5.54004417120353
1.58081,-5.54065142177927
1.580815,-5.54125834207973
1.58082,-5.54186493166355
1.580825,-5.54247119008919
1.58083,-5.54307711691541
1.580835,-5.54368271170079
1.58084,-5.54428797400403
1.580845,-5.54489290338388
1.58085,-5.54549749939896
1.580855,-5.54610176160809
1.58086,-5.54670568957005
1.580865,-5.54730928284362
1.58087,-5.54791254098763
1.580875,-5.548515463561
1.58088,-5.54911805012251
1.580885,-5.54972030023115
1.58089,-5.55032221344585
1.580895,-5.55092378932558
1.5809,-5.55152502742937
1.580905,-5.5521259273162
1.58091,-5.55272648854515
1.580915,-5.55332671067535
1.58092,-5.55392659326592
1.580925,-5.55452613587606
1.58093,-5.55512533806486
1.580935,-5.55572419939163
1.58094,-5.55632271941563
1.580945,-5.55692089769614
1.58095,-5.55751873379253
1.580955,-5.55811622726412
1.58096,-5.55871337767032
1.580965,-5.55931018457062
1.58097,-5.55990664752448
1.580975,-5.56050276609144
1.58098,-5.56109853983099
1.580985,-5.56169396830278
1.58099,-5.56228905106645
1.580995,-5.56288378768166
1.581,-5.56347817770812
1.581005,-5.56407222070565
1.58101,-5.56466591623397
1.581015,-5.56525926385295
1.58102,-5.56585226312246
1.581025,-5.56644491360246
1.58103,-5.56703721485297
1.581035,-5.56762916643389
1.58104,-5.56822076790533
1.581045,-5.56881201882742
1.58105,-5.5694029187603
1.581055,-5.5699934672642
1.58106,-5.57058366389929
1.581065,-5.57117350822592
1.58107,-5.57176299980443
1.581075,-5.57235213819519
1.58108,-5.57294092295868
1.581085,-5.57352935365533
1.58109,-5.57411742984572
1.581095,-5.57470515109042
1.5811,-5.57529251695008
1.581105,-5.57587952698541
1.58111,-5.57646618075718
1.581115,-5.57705247782611
1.58112,-5.5776384177531
1.581125,-5.57822400009905
1.58113,-5.5788092244249
1.581135,-5.57939409029175
1.58114,-5.57997859726057
1.581145,-5.58056274489253
1.58115,-5.58114653274879
1.581155,-5.58172996039063
1.58116,-5.58231302737939
1.581165,-5.58289573327631
1.58117,-5.58347807764289
1.581175,-5.58406006004058
1.58118,-5.58464168003091
1.581185,-5.58522293717553
1.58119,-5.58580383103604
1.581195,-5.58638436117417
1.5812,-5.58696452715171
1.581205,-5.5875443285305
1.58121,-5.58812376487248
1.581215,-5.58870283573957
1.58122,-5.58928154069384
1.581225,-5.58985987929737
1.58123,-5.59043785111235
1.581235,-5.591015455701
1.58124,-5.59159269262565
1.581245,-5.59216956144863
1.58125,-5.59274606173234
1.581255,-5.59332219303935
1.58126,-5.59389795493221
1.581265,-5.5944733469736
1.58127,-5.59504836872615
1.581275,-5.59562301975268
1.58128,-5.59619729961603
1.581285,-5.59677120787916
1.58129,-5.59734474410507
1.581295,-5.59791790785676
1.5813,-5.59849069869743
1.581305,-5.59906311619027
1.58131,-5.5996351598986
1.581315,-5.60020682938579
1.58132,-5.60077812421523
1.581325,-5.60134904395047
1.58133,-5.60191958815508
1.581335,-5.60248975639276
1.58134,-5.60305954822731
1.581345,-5.60362896322244
1.58135,-5.60419800094213
1.581355,-5.60476666095034
1.58136,-5.60533494281116
1.581365,-5.60590284608872
1.58137,-5.60647037034729
1.581375,-5.6070375151511
1.58138,-5.60760428006459
1.581385,-5.60817066465222
1.58139,-5.60873666847854
1.581395,-5.60930229110828
1.5814,-5.60986753210603
1.581405,-5.6104323910367
1.58141,-5.61099686746513
1.581415,-5.61156096095633
1.58142,-5.61212467107543
1.581425,-5.61268799738748
1.58143,-5.61325093945778
1.581435,-5.61381349685166
1.58144,-5.61437566913455
1.581445,-5.61493745587199
1.58145,-5.61549885662953
1.581455,-5.61605987097288
1.58146,-5.61662049846785
1.581465,-5.61718073868029
1.58147,-5.61774059117625
1.581475,-5.61830005552168
1.58148,-5.6188591312828
1.581485,-5.61941781802585
1.58149,-5.61997611531719
1.581495,-5.62053402272325
1.5815,-5.62109153981063
1.581505,-5.62164866614586
1.58151,-5.62220540129574
1.581515,-5.62276174482708
1.58152,-5.62331769630683
1.581525,-5.62387325530204
1.58153,-5.62442842137978
1.581535,-5.62498319410729
1.58154,-5.62553757305193
1.581545,-5.6260915577811
1.58155,-5.62664514786241
1.581555,-5.62719834286338
1.58156,-5.62775114235181
1.581565,-5.62830354589554
1.58157,-5.62885555306251
1.581575,-5.62940716342081
1.58158,-5.62995837653853
1.581585,-5.63050919198395
1.58159,-5.63105960932547
1.581595,-5.63160962813156
1.5816,-5.63215924797081
1.581605,-5.63270846841188
1.58161,-5.63325728902358
1.581615,-5.63380570937483
1.58162,-5.63435372903466
1.581625,-5.63490134757218
1.58163,-5.6354485645567
1.581635,-5.63599537955748
1.58164,-5.63654179214404
1.581645,-5.63708780188595
1.58165,-5.63763340835291
1.581655,-5.63817861111477
1.58166,-5.63872340974137
1.581665,-5.63926780380281
1.58167,-5.63981179286921
1.581675,-5.64035537651089
1.58168,-5.64089855429822
1.581685,-5.64144132580167
1.58169,-5.6419836905919
1.581695,-5.64252564823964
1.5817,-5.64306719831578
1.581705,-5.64360834039131
1.58171,-5.64414907403729
1.581715,-5.64468939882499
1.58172,-5.6452293143257
1.581725,-5.64576882011098
1.58173,-5.64630791575241
1.581735,-5.64684660082162
1.58174,-5.64738487489053
1.581745,-5.64792273753108
1.58175,-5.6484601883154
1.581755,-5.64899722681568
1.58176,-5.64953385260432
1.581765,-5.65007006525369
1.58177,-5.65060586433647
1.581775,-5.65114124942536
1.58178,-5.65167622009325
1.581785,-5.65221077591317
1.58179,-5.65274491645811
1.581795,-5.65327864130143
1.5818,-5.65381195001648
1.581805,-5.65434484217677
1.58181,-5.65487731735601
1.581815,-5.6554093751279
1.58182,-5.65594101506636
1.581825,-5.65647223674551
1.58183,-5.65700303973948
1.581835,-5.65753342362264
1.58184,-5.6580633879694
1.581845,-5.65859293235437
1.58185,-5.6591220563523
1.581855,-5.65965075953803
1.58186,-5.66017904148661
1.581865,-5.6607069017732
1.58187,-5.66123433997305
1.581875,-5.66176135566161
1.58188,-5.66228794841444
1.581885,-5.66281411780727
1.58189,-5.663339863416
1.581895,-5.66386518481656
1.5819,-5.66439008158511
1.581905,-5.66491455329794
1.58191,-5.66543859953151
1.581915,-5.66596221986241
1.58192,-5.66648541386733
1.581925,-5.66700818112316
1.58193,-5.66753052120691
1.581935,-5.66805243369575
1.58194,-5.66857391816706
1.581945,-5.66909497419822
1.58195,-5.66961560136687
1.581955,-5.67013579925079
1.58196,-5.6706555674279
1.581965,-5.67117490547632
1.58197,-5.67169381297418
1.581975,-5.67221228949989
1.58198,-5.67273033463199
1.581985,-5.67324794794919
1.58199,-5.67376512903028
1.581995,-5.67428187745432
1.582,-5.67479819280039
1.582005,-5.67531407464784
1.58201,-5.67582952257612
1.582015,-5.67634453616483
1.58202,-5.67685911499386
1.582025,-5.677373258643
1.58203,-5.67788696669244
1.582035,-5.67840023872243
1.58204,-5.67891307431338
1.582045,-5.6794254730459
1.58205,-5.6799374345007
1.582055,-5.68044895825871
1.58206,-5.68096004390099
1.582065,-5.68147069100879
1.58207,-5.68198089916356
1.582075,-5.68249066794678
1.58208,-5.68299999694023
1.582085,-5.6835088857258
1.58209,-5.68401733388556
1.582095,-5.68452534100177
1.5821,-5.6850329066568
1.582105,-5.68554003043323
1.58211,-5.68604671191382
1.582115,-5.68655295068147
1.58212,-5.68705874631927
1.582125,-5.6875640984105
1.58213,-5.68806900653855
1.582135,-5.68857347028704
1.58214,-5.68907748923974
1.582145,-5.68958106298061
1.58215,-5.6900841910938
1.582155,-5.69058687316354
1.58216,-5.69108910877436
1.582165,-5.69159089751091
1.58217,-5.692092238958
1.582175,-5.69259313270069
1.58218,-5.69309357832409
1.582185,-5.69359357541361
1.58219,-5.69409312355478
1.582195,-5.69459222233334
1.5822,-5.69509087133522
1.582205,-5.69558907014647
1.58221,-5.69608681835338
1.582215,-5.6965841155424
1.58222,-5.69708096130016
1.582225,-5.69757735521354
1.58223,-5.69807329686947
1.582235,-5.69856878585516
1.58224,-5.69906382175804
1.582245,-5.69955840416561
1.58225,-5.70005253266566
1.582255,-5.70054620684618
1.58226,-5.70103942629521
1.582265,-5.70153219060111
1.58227,-5.70202449935239
1.582275,-5.70251635213776
1.58228,-5.70300774854612
1.582285,-5.7034986881665
1.58229,-5.70398917058824
1.582295,-5.70447919540076
1.5823,-5.70496876219375
1.582305,-5.70545787055711
1.58231,-5.7059465200808
1.582315,-5.70643471035513
1.58232,-5.70692244097052
1.582325,-5.70740971151762
1.58233,-5.70789652158731
1.582335,-5.70838287077056
1.58234,-5.70886875865862
1.582345,-5.70935418484295
1.58235,-5.70983914891517
1.582355,-5.71032365046717
1.58236,-5.71080768909089
1.582365,-5.71129126437863
1.58237,-5.71177437592282
1.582375,-5.71225702331612
1.58238,-5.71273920615136
1.582385,-5.71322092402163
1.58239,-5.71370217652016
1.582395,-5.71418296324039
1.5824,-5.71466328377606
1.582405,-5.71514313772098
1.58241,-5.71562252466933
1.582415,-5.71610144421528
1.58242,-5.71657989595343
1.582425,-5.71705787947844
1.58243,-5.71753539438528
1.582435,-5.71801244026908
1.58244,-5.71848901672516
1.582445,-5.71896512334906
1.58245,-5.71944075973662
1.582455,-5.71991592548375
1.58246,-5.72039062018677
1.582465,-5.72086484344194
1.58247,-5.721338594846
1.582475,-5.72181187399574
1.58248,-5.72228468048825
1.582485,-5.72275701392084
1.58249,-5.72322887389093
1.582495,-5.7237002599963
1.5825,-5.72417117183485
1.582505,-5.72464160900476
1.58251,-5.7251115711044
1.582515,-5.72558105773241
1.58252,-5.72605006848753
1.582525,-5.72651860296884
1.58253,-5.72698666077561
1.582535,-5.72745424150733
1.58254,-5.72792134476373
1.582545,-5.72838797014471
1.58255,-5.72885411725045
1.582555,-5.72931978568136
1.58256,-5.72978497503804
1.582565,-5.73024968492135
1.58257,-5.73071391493236
1.582575,-5.73117766467234
1.58258,-5.73164093374285
1.582585,-5.73210372174565
1.58259,-5.73256602828278
1.582595,-5.73302785295637
1.5826,-5.73348919536894
1.582605,-5.73395005512316
1.58261,-5.73441043182197
1.582615,-5.73487032506852
1.58262,-5.73532973446623
1.582625,-5.73578865961867
1.58263,-5.73624710012972
1.582635,-5.7367050556035
1.58264,-5.73716252564433
1.582645,-5.73761950985684
1.58265,-5.73807600784575
1.582655,-5.73853201921618
1.58266,-5.73898754357341
1.582665,-5.73944258052294
1.58267,-5.73989712967064
1.582675,-5.74035119062241
1.58268,-5.74080476298455
1.582685,-5.74125784636358
1.58269,-5.74171044036624
1.582695,-5.74216254459954
1.5827,-5.74261415867069
1.582705,-5.74306528218715
1.58271,-5.74351591475667
1.582715,-5.74396605598722
1.58272,-5.74441570548706
1.582725,-5.74486486286461
1.58273,-5.7453135277286
1.582735,-5.74576169968801
1.58274,-5.74620937835203
1.582745,-5.74665656333016
1.58275,-5.74710325423214
1.582755,-5.7475494506679
1.58276,-5.74799515224769
1.582765,-5.74844035858197
1.58277,-5.74888506928148
1.582775,-5.74932928395724
1.58278,-5.74977300222044
1.582785,-5.75021622368261
1.58279,-5.75065894795551
1.582795,-5.75110117465113
1.5828,-5.75154290338179
1.582805,-5.75198413375995
1.58281,-5.75242486539845
1.582815,-5.75286509791032
1.58282,-5.75330483090886
1.582825,-5.75374406400769
1.58283,-5.75418279682057
1.582835,-5.75462102896164
1.58284,-5.75505876004526
1.582845,-5.75549598968603
1.58285,-5.75593271749887
1.582855,-5.75636894309888
1.58286,-5.75680466610152
1.582865,-5.75723988612244
1.58287,-5.75767460277761
1.582875,-5.75810881568325
1.58288,-5.75854252445588
1.582885,-5.75897572871217
1.58289,-5.75940842806919
1.582895,-5.75984062214424
1.5829,-5.76027231055489
1.582905,-5.76070349291899
1.58291,-5.76113416885459
1.582915,-5.76156433798011
1.58292,-5.76199399991421
1.582925,-5.76242315427582
1.58293,-5.76285180068415
1.582935,-5.76327993875864
1.58294,-5.76370756811908
1.582945,-5.76413468838549
1.58295,-5.76456129917817
1.582955,-5.76498740011776
1.58296,-5.76541299082507
1.582965,-5.76583807092125
1.58297,-5.76626264002774
1.582975,-5.76668669776623
1.58298,-5.76711024375875
1.582985,-5.76753327762751
1.58299,-5.7679557989951
1.582995,-5.76837780748433
1.583,-5.76879930271832
1.583005,-5.76922028432049
1.58301,-5.76964075191456
1.583015,-5.77006070512442
1.58302,-5.77048014357437
1.583025,-5.77089906688896
1.58303,-5.77131747469301
1.583035,-5.77173536661169
1.58304,-5.77215274227035
1.583045,-5.7725696012947
1.58305,-5.77298594331076
1.583055,-5.77340176794479
1.58306,-5.77381707482338
1.583065,-5.77423186357337
1.58307,-5.77464613382193
1.583075,-5.77505988519651
1.58308,-5.77547311732486
1.583085,-5.77588582983504
1.58309,-5.77629802235533
1.583095,-5.77670969451441
1.5831,-5.77712084594117
1.583105,-5.77753147626486
1.58311,-5.77794158511504
1.583115,-5.77835117212146
1.58312,-5.77876023691427
1.583125,-5.77916877912388
1.58313,-5.77957679838102
1.583135,-5.77998429431672
1.58314,-5.78039126656233
1.583145,-5.78079771474941
1.58315,-5.78120363850993
1.583155,-5.78160903747611
1.58316,-5.7820139112805
1.583165,-5.78241825955595
1.58317,-5.78282208193556
1.583175,-5.78322537805284
1.58318,-5.7836281475415
1.583185,-5.78403039003565
1.58319,-5.78443210516968
1.583195,-5.78483329257822
1.5832,-5.78523395189629
1.583205,-5.78563408275919
1.58321,-5.78603368480255
1.583215,-5.78643275766231
1.58322,-5.78683130097466
1.583225,-5.78722931437618
1.58323,-5.78762679750372
1.583235,-5.7880237499945
1.58324,-5.78842017148595
1.583245,-5.78881606161597
1.58325,-5.78921142002258
1.583255,-5.78960624634427
1.58326,-5.7900005402198
1.583265,-5.79039430128824
1.58327,-5.79078752918902
1.583275,-5.79118022356178
1.58328,-5.79157238404659
1.583285,-5.7919640102838
1.58329,-5.79235510191409
1.583295,-5.79274565857847
1.5833,-5.79313567991822
1.583305,-5.79352516557499
1.58331,-5.79391411519076
1.583315,-5.7943025284078
1.58332,-5.79469040486877
1.583325,-5.79507774421653
1.58333,-5.79546454609439
1.583335,-5.79585081014593
1.58334,-5.79623653601508
1.583345,-5.79662172334609
1.58335,-5.79700637178351
1.583355,-5.79739048097224
1.58336,-5.79777405055754
1.583365,-5.79815708018495
1.58337,-5.79853956950038
1.583375,-5.79892151815007
1.58338,-5.79930292578055
1.583385,-5.79968379203871
1.58339,-5.80006411657179
1.583395,-5.80044389902734
1.5834,-5.8008231390533
1.583405,-5.80120183629783
1.58341,-5.80157999040952
1.583415,-5.80195760103729
1.58342,-5.80233466783037
1.583425,-5.80271119043835
1.58343,-5.80308716851112
1.583435,-5.80346260169894
1.58344,-5.80383748965242
1.583445,-5.80421183202249
1.58345,-5.80458562846047
1.583455,-5.80495887861789
1.58346,-5.80533158214678
1.583465,-5.80570373869943
1.58347,-5.80607534792846
1.583475,-5.80644640948694
1.58348,-5.80681692302811
1.583485,-5.8071868882057
1.58349,-5.80755630467375
1.583495,-5.80792517208661
1.5835,-5.80829349009902
1.583505,-5.80866125836607
1.58351,-5.80902847654315
1.583515,-5.80939514428603
1.58352,-5.80976126125084
1.583525,-5.81012682709404
1.58353,-5.8104918414725
1.583535,-5.81085630404333
1.58354,-5.81122021446408
1.583545,-5.81158357239261
1.58355,-5.81194637748719
1.583555,-5.8123086294064
1.58356,-5.81267032780915
1.583565,-5.81303147235475
1.58357,-5.81339206270286
1.583575,-5.81375209851351
1.58358,-5.81411157944704
1.583585,-5.81447050516418
1.58359,-5.81482887532602
1.583595,-5.81518668959398
1.5836,-5.8155439476299
1.583605,-5.81590064909594
1.58361,-5.81625679365459
1.583615,-5.81661238096877
1.58362,-5.8169674107017
1.583625,-5.81732188251703
1.58363,-5.81767579607871
1.583635,-5.8180291510511
1.58364,-5.81838194709887
1.583645,-5.81873418388711
1.58365,-5.81908586108126
1.583655,-5.81943697834712
1.58366,-5.81978753535089
1.583665,-5.82013753175903
1.58367,-5.82048696723851
1.583675,-5.82083584145658
1.58368,-5.8211841540809
1.583685,-5.82153190477952
1.58369,-5.82187909322075
1.583695,-5.82222571907338
1.5837,-5.82257178200655
1.583705,-5.82291728168977
1.58371,-5.82326221779292
1.583715,-5.82360658998622
1.58372,-5.82395039794031
1.583725,-5.82429364132619
1.58373,-5.82463631981524
1.583735,-5.82497843307925
1.58374,-5.82531998079027
1.583745,-5.82566096262086
1.58375,-5.8260013782439
1.583755,-5.82634122733265
1.58376,-5.82668050956076
1.583765,-5.82701922460226
1.58377,-5.82735737213154
1.583775,-5.82769495182338
1.58378,-5.82803196335297
1.583785,-5.82836840639586
1.58379,-5.82870428062799
1.583795,-5.82903958572564
1.5838,-5.82937432136554
1.583805,-5.82970848722479
1.58381,-5.83004208298083
1.583815,-5.83037510831157
1.58382,-5.83070756289519
1.583825,-5.83103944641037
1.58383,-5.83137075853611
1.583835,-5.83170149895182
1.58384,-5.83203166733734
1.583845,-5.83236126337281
1.58385,-5.83269028673881
1.583855,-5.83301873711633
1.58386,-5.83334661418672
1.583865,-5.83367391763177
1.58387,-5.83400064713357
1.583875,-5.83432680237469
1.58388,-5.83465238303806
1.583885,-5.83497738880699
1.58389,-5.83530181936523
1.583895,-5.83562567439692
1.5839,-5.83594895358653
1.583905,-5.83627165661897
1.58391,-5.83659378317958
1.583915,-5.83691533295406
1.58392,-5.83723630562853
1.583925,-5.83755670088945
1.58393,-5.83787651842379
1.583935,-5.83819575791878
1.58394,-5.83851441906219
1.583945,-5.83883250154214
1.58395,-5.83915000504707
1.583955,-5.83946692926594
1.58396,-5.83978327388807
1.583965,-5.84009903860317
1.58397,-5.8404142231014
1.583975,-5.84072882707324
1.58398,-5.84104285020964
1.583985,-5.84135629220196
1.58399,-5.84166915274194
1.583995,-5.84198143152175
1.584,-5.84229312823397
1.584005,-5.84260424257153
1.58401,-5.84291477422784
1.584015,-5.84322472289668
1.58402,-5.84353408827229
1.584025,-5.84384287004926
1.58403,-5.84415106792261
1.584035,-5.8444586815878
1.58404,-5.84476571074065
1.584045,-5.84507215507747
1.58405,-5.84537801429492
1.584055,-5.84568328809007
1.58406,-5.84598797616045
1.584065,-5.846292078204
1.58407,-5.84659559391903
1.584075,-5.84689852300435
1.58408,-5.84720086515906
1.584085,-5.8475026200828
1.58409,-5.84780378747557
1.584095,-5.8481043670378
1.5841,-5.84840435847039
1.584105,-5.84870376147452
1.58411,-5.84900257575193
1.584115,-5.84930080100474
1.58412,-5.84959843693547
1.584125,-5.84989548324708
1.58413,-5.85019193964298
1.584135,-5.85048780582693
1.58414,-5.85078308150317
1.584145,-5.85107776637636
1.58415,-5.85137186015157
1.584155,-5.85166536253434
1.58416,-5.85195827323057
1.584165,-5.8522505919466
1.58417,-5.85254231838925
1.584175,-5.85283345226572
1.58418,-5.85312399328368
1.584185,-5.85341394115115
1.58419,-5.85370329557667
1.584195,-5.85399205626916
1.5842,-5.85428022293799
1.584205,-5.85456779529297
1.58421,-5.85485477304428
1.584215,-5.85514115590263
1.58422,-5.85542694357908
1.584225,-5.85571213578517
1.58423,-5.85599673223289
1.584235,-5.85628073263459
1.58424,-5.85656413670311
1.584245,-5.85684694415174
1.58425,-5.85712915469416
1.584255,-5.85741076804454
1.58426,-5.85769178391745
1.584265,-5.85797220202789
1.58427,-5.85825202209133
1.584275,-5.85853124382367
1.58428,-5.85880986694124
1.584285,-5.85908789116084
1.58429,-5.85936531619964
1.584295,-5.85964214177532
1.5843,-5.85991836760599
1.584305,-5.86019399341019
1.58431,-5.86046901890693
1.584315,-5.86074344381559
1.58432,-5.86101726785607
1.584325,-5.8612904907487
1.58433,-5.86156311221423
1.584335,-5.8618351319739
1.58434,-5.86210654974932
1.584345,-5.86237736526264
1.58435,-5.86264757823637
1.584355,-5.86291718839355
1.58436,-5.86318619545762
1.584365,-5.86345459915246
1.58437,-5.86372239920241
1.584375,-5.8639895953323
1.58438,-5.86425618726736
1.584385,-5.8645221747333
1.58439,-5.86478755745628
1.584395,-5.86505233516288
1.5844,-5.86531650758016
1.584405,-5.86558007443564
1.58441,-5.8658430354573
1.584415,-5.86610539037355
1.58442,-5.86636713891324
1.584425,-5.86662828080572
1.58443,-5.86688881578077
1.584435,-5.86714874356864
1.58444,-5.86740806390004
1.584445,-5.86766677650611
1.58445,-5.86792488111846
1.584455,-5.86818237746918
1.58446,-5.8684392652908
1.584465,-5.86869554431632
1.58447,-5.86895121427919
1.584475,-5.86920627491332
1.58448,-5.86946072595307
1.584485,-5.86971456713331
1.58449,-5.86996779818934
1.584495,-5.87022041885689
1.5845,-5.87047242887222
1.584505,-5.870723827972
1.58451,-5.87097461589341
1.584515,-5.87122479237403
1.58452,-5.87147435715201
1.584525,-5.87172330996584
1.58453,-5.87197165055456
1.584535,-5.87221937865766
1.58454,-5.87246649401509
1.584545,-5.87271299636729
1.58455,-5.87295888545512
1.584555,-5.87320416101995
1.58456,-5.87344882280361
1.584565,-5.8736928705484
1.58457,-5.8739363039971
1.584575,-5.87417912289293
1.58458,-5.87442132697962
1.584585,-5.87466291600134
1.58459,-5.87490388970276
1.584595,-5.87514424782901
1.5846,-5.87538399012568
1.584605,-5.87562311633886
1.58461,-5.87586162621511
1.584615,-5.87609951950143
1.58462,-5.87633679594537
1.584625,-5.87657345529486
1.58463,-5.87680949729838
1.584635,-5.87704492170487
1.58464,-5.87727972826374
1.584645,-5.87751391672487
1.58465,-5.87774748683865
1.584655,-5.87798043835589
1.58466,-5.87821277102795
1.584665,-5.87844448460662
1.58467,-5.8786755788442
1.584675,-5.87890605349346
1.58468,-5.87913590830764
1.584685,-5.87936514304047
1.58469,-5.87959375744619
1.584695,-5.87982175127947
1.5847,-5.88004912429552
1.584705,-5.88027587624998
1.58471,-5.88050200689901
1.584715,-5.88072751599926
1.58472,-5.88095240330783
1.584725,-5.88117666858236
1.58473,-5.88140031158091
1.584735,-5.88162333206206
1.58474,-5.8818457297849
1.584745,-5.88206750450898
1.58475,-5.88228865599435
1.584755,-5.88250918400155
1.58476,-5.88272908829156
1.584765,-5.88294836862594
1.58477,-5.88316702476667
1.584775,-5.88338505647626
1.58478,-5.88360246351769
1.584785,-5.88381924565443
1.58479,-5.88403540265044
1.584795,-5.88425093427021
1.5848,-5.88446584027866
1.584805,-5.88468012044129
1.58481,-5.884893774524
1.584815,-5.88510680229324
1.58482,-5.88531920351592
1.584825,-5.88553097795951
1.58483,-5.88574212539193
1.584835,-5.88595264558156
1.58484,-5.88616253829735
1.584845,-5.88637180330871
1.58485,-5.88658044038553
1.584855,-5.88678844929827
1.58486,-5.88699582981779
1.584865,-5.88720258171551
1.58487,-5.88740870476334
1.584875,-5.8876141987337
1.58488,-5.8878190633995
1.584885,-5.88802329853415
1.58489,-5.88822690391155
1.584895,-5.8884298793061
1.5849,-5.88863222449273
1.584905,-5.88883393924687
1.58491,-5.88903502334444
1.584915,-5.88923547656185
1.58492,-5.88943529867603
1.584925,-5.88963448946442
1.58493,-5.88983304870495
1.584935,-5.89003097617611
1.58494,-5.89022827165678
1.584945,-5.89042493492646
1.58495,-5.89062096576511
1.584955,-5.89081636395319
1.58496,-5.8910111292717
1.584965,-5.89120526150209
1.58497,-5.89139876042638
1.584975,-5.89159162582707
1.58498,-5.89178385748718
1.584985,-5.89197545519024
1.58499,-5.89216641872027
1.584995,-5.89235674786181
1.585,-5.89254644239992
1.585005,-5.89273550212017
1.58501,-5.89292392680864
1.585015,-5.89311171625194
1.58502,-5.89329887023715
1.585025,-5.89348538855189
1.58503,-5.8936712709843
1.585035,-5.89385651732303
1.58504,-5.89404112735725
1.585045,-5.89422510087661
1.58505,-5.89440843767131
1.585055,-5.89459113753205
1.58506,-5.89477320025008
1.585065,-5.89495462561714
1.58507,-5.89513541342545
1.585075,-5.89531556346781
1.58508,-5.89549507553752
1.585085,-5.89567394942838
1.58509,-5.89585218493473
1.585095,-5.89602978185141
1.5851,-5.89620673997379
1.585105,-5.89638305909776
1.58511,-5.89655873901973
1.585115,-5.89673377953664
1.58512,-5.89690818044593
1.585125,-5.89708194154557
1.58513,-5.89725506263407
1.585135,-5.89742754351043
1.58514,-5.8975993839742
1.585145,-5.89777058382547
1.58515,-5.89794114286479
1.585155,-5.89811106089329
1.58516,-5.89828033771259
1.585165,-5.89844897312488
1.58517,-5.89861696693282
1.585175,-5.89878431893964
1.58518,-5.89895102894907
1.585185,-5.89911709676538
1.58519,-5.89928252219336
1.585195,-5.89944730503833
1.5852,-5.89961144510614
1.585205,-5.89977494220316
1.58521,-5.89993779613629
1.585215,-5.90010000671297
1.58522,-5.90026157374117
1.585225,-5.90042249702936
1.58523,-5.90058277638657
1.585235,-5.90074241162235
1.58524,-5.90090140254679
1.585245,-5.90105974897051
1.58525,-5.90121745070463
1.585255,-5.90137450756085
1.58526,-5.90153091935137
1.585265,-5.90168668588893
1.58527,-5.90184180698681
1.585275,-5.90199628245883
1.58528,-5.9021501121193
1.585285,-5.90230329578313
1.58529,-5.90245583326571
1.585295,-5.90260772438299
1.5853,-5.90275896895147
1.585305,-5.90290956678814
1.58531,-5.90305951771056
1.585315,-5.90320882153683
1.58532,-5.90335747808556
1.585325,-5.90350548717594
1.58533,-5.90365284862766
1.585335,-5.90379956226093
1.58534,-5.90394562789657
1.585345,-5.90409104535586
1.58535,-5.90423581446069
1.585355,-5.90437993503342
1.58536,-5.904523406897
1.585365,-5.9046662298749
1.58537,-5.90480840379114
1.585375,-5.90494992847028
1.58538,-5.90509080373739
1.585385,-5.90523102941813
1.58539,-5.90537060533867
1.585395,-5.90550953132573
1.5854,-5.90564780720658
1.585405,-5.90578543280903
1.58541,-5.90592240796142
1.585415,-5.90605873249264
1.58542,-5.90619440623214
1.585425,-5.90632942900989
1.58543,-5.90646380065643
1.585435,-5.90659752100281
1.58544,-5.90673058988066
1.585445,-5.90686300712213
1.58545,-5.90699477255995
1.585455,-5.90712588602737
1.58546,-5.90725634735816
1.585465,-5.90738615638669
1.58547,-5.90751531294786
1.585475,-5.9076438168771
1.58548,-5.90777166801042
1.585485,-5.90789886618432
1.58549,-5.90802541123592
1.585495,-5.90815130300285
1.5855,-5.90827654132329
1.585505,-5.90840112603596
1.58551,-5.90852505698019
1.585515,-5.90864833399576
1.58552,-5.90877095692309
1.585525,-5.9088929256031
1.58553,-5.90901423987729
1.585535,-5.90913489958769
1.58554,-5.90925490457689
1.585545,-5.90937425468804
1.58555,-5.90949294976483
1.585555,-5.9096109896515
1.58556,-5.90972837419288
1.585565,-5.90984510323429
1.58557,-5.90996117662165
1.585575,-5.91007659420143
1.58558,-5.91019135582064
1.585585,-5.91030546132685
1.58559,-5.9104189105682
1.585595,-5.91053170339334
1.5856,-5.91064383965153
1.585605,-5.91075531919257
1.58561,-5.91086614186679
1.585615,-5.9109763075251
1.58562,-5.91108581601896
1.585625,-5.91119466720039
1.58563,-5.91130286092197
1.585635,-5.91141039703684
1.58564,-5.91151727539868
1.585645,-5.91162349586175
1.58565,-5.91172905828084
1.585655,-5.91183396251133
1.58566,-5.91193820840915
1.585665,-5.91204179583079
1.58567,-5.91214472463328
1.585675,-5.91224699467422
1.58568,-5.9123486058118
1.585685,-5.91244955790472
1.58569,-5.9125498508123
1.585695,-5.91264948439435
1.5857,-5.9127484585113
1.585705,-5.91284677302412
1.58571,-5.91294442779434
1.585715,-5.91304142268405
1.58572,-5.91313775755591
1.585725,-5.91323343227315
1.58573,-5.91332844669955
1.585735,-5.91342280069943
1.58574,-5.91351649413774
1.585745,-5.91360952687993
1.58575,-5.91370189879204
1.585755,-5.91379360974066
1.58576,-5.91388465959299
1.585765,-5.91397504821674
1.58577,-5.91406477548021
1.585775,-5.91415384125226
1.58578,-5.91424224540231
1.585785,-5.91432998780037
1.58579,-5.91441706831699
1.585795,-5.91450348682331
1.5858,-5.91458924319099
1.585805,-5.91467433729232
1.58581,-5.91475876900013
1.585815,-5.91484253818779
1.58582,-5.91492564472927
1.585825,-5.91500808849912
1.58583,-5.91508986937242
1.585835,-5.91517098722483
1.58584,-5.9152514419326
1.585845,-5.91533123337253
1.58585,-5.915410361422
1.585855,-5.91548882595894
1.58586,-5.91556662686187
1.585865,-5.91564376400986
1.58587,-5.9157202372826
1.585875,-5.91579604656027
1.58588,-5.91587119172368
1.585885,-5.9159456726542
1.58589,-5.91601948923376
1.585895,-5.91609264134486
1.5859,-5.9161651288706
1.585905,-5.9162369516946
1.58591,-5.91630810970111
1.585915,-5.91637860277491
1.58592,-5.91644843080136
1.585925,-5.91651759366643
1.58593,-5.91658609125659
1.585935,-5.91665392345896
1.58594,-5.91672109016117
1.585945,-5.91678759125147
1.58595,-5.91685342661868
1.585955,-5.91691859615215
1.58596,-5.91698309974185
1.585965,-5.9170469372783
1.58597,-5.91711010865262
1.585975,-5.91717261375647
1.58598,-5.91723445248212
1.585985,-5.91729562472239
1.58599,-5.91735613037067
1.585995,-5.91741596932096
1.586,-5.91747514146782
1.586005,-5.91753364670636
1.58601,-5.9175914849323
1.586015,-5.91764865604192
1.58602,-5.91770515993208
1.586025,-5.91776099650023
1.58603,-5.91781616564438
1.586035,-5.91787066726311
1.58604,-5.9179245012556
1.586045,-5.9179776675216
1.58605,-5.91803016596143
1.586055,-5.918081996476
1.58606,-5.91813315896678
1.586065,-5.91818365333584
1.58607,-5.91823347948581
1.586075,-5.91828263731992
1.58608,-5.91833112674196
1.586085,-5.91837894765631
1.58609,-5.91842609996791
1.586095,-5.91847258358231
1.5861,-5.91851839840561
1.586105,-5.91856354434453
1.58611,-5.91860802130631
1.586115,-5.91865182919883
1.58612,-5.91869496793053
1.586125,-5.91873743741039
1.58613,-5.91877923754805
1.586135,-5.91882036825366
1.58614,-5.91886082943798
1.586145,-5.91890062101236
1.58615,-5.91893974288872
1.586155,-5.91897819497955
1.58616,-5.91901597719795
1.586165,-5.91905308945757
1.58617,-5.91908953167268
1.586175,-5.9191253037581
1.58618,-5.91916040562923
1.586185,-5.91919483720209
1.58619,-5.91922859839324
1.586195,-5.91926168911985
1.5862,-5.91929410929967
1.586205,-5.91932585885102
1.58621,-5.91935693769281
1.586215,-5.91938734574453
1.58622,-5.91941708292627
1.586225,-5.91944614915869
1.58623,-5.91947454436303
1.586235,-5.91950226846112
1.58624,-5.91952932137538
1.586245,-5.91955570302881
1.58625,-5.91958141334499
1.586255,-5.91960645224808
1.58626,-5.91963081966284
1.586265,-5.91965451551461
1.58627,-5.91967753972932
1.586275,-5.91969989223345
1.58628,-5.91972157295413
1.586285,-5.91974258181901
1.58629,-5.91976291875636
1.586295,-5.91978258369504
1.5863,-5.91980157656448
1.586305,-5.9198198972947
1.58631,-5.9198375458163
1.586315,-5.9198545220605
1.58632,-5.91987082595906
1.586325,-5.91988645744434
1.58633,-5.91990141644932
1.586335,-5.91991570290751
1.58634,-5.91992931675306
1.586345,-5.91994225792068
1.58635,-5.91995452634566
1.586355,-5.9199661219639
1.58636,-5.91997704471186
1.586365,-5.91998729452662
1.58637,-5.91999687134583
1.586375,-5.92000577510771
1.58638,-5.9200140057511
1.586385,-5.92002156321542
1.58639,-5.92002844744066
1.586395,-5.92003465836741
1.5864,-5.92004019593685
1.586405,-5.92004506009074
1.58641,-5.92004925077144
1.586415,-5.9200527679219
1.58642,-5.92005561148564
1.586425,-5.92005778140679
1.58643,-5.92005927763003
1.586435,-5.9200601001007
1.58644,-5.92006024876466
1.586445,-5.92005972356838
1.58645,-5.92005852445894
1.586455,-5.92005665138399
1.58646,-5.92005410429176
1.586465,-5.9200508831311
1.58647,-5.92004698785142
1.586475,-5.92004241840274
1.58648,-5.92003717473565
1.586485,-5.92003125680133
1.58649,-5.92002466455159
1.586495,-5.92001739793878
1.5865,-5.92000945691586
1.586505,-5.92000084143638
1.58651,-5.91999155145448
1.586515,-5.91998158692489
1.58652,-5.91997094780293
1.586525,-5.91995963404451
1.58653,-5.91994764560613
1.586535,-5.91993498244487
1.58654,-5.91992164451843
1.586545,-5.91990763178507
1.58655,-5.91989294420366
1.586555,-5.91987758173364
1.58656,-5.91986154433505
1.586565,-5.91984483196854
1.58657,-5.91982744459533
1.586575,-5.91980938217723
1.58658,-5.91979064467665
1.586585,-5.91977123205659
1.58659,-5.91975114428063
1.586595,-5.91973038131295
1.5866,-5.91970894311832
1.586605,-5.91968682966212
1.58661,-5.91966404091028
1.586615,-5.91964057682935
1.58662,-5.91961643738647
1.586625,-5.91959162254936
1.58663,-5.91956613228634
1.586635,-5.91953996656632
1.58664,-5.9195131253588
1.586645,-5.91948560863387
1.58665,-5.91945741636222
1.586655,-5.91942854851512
1.58666,-5.91939900506443
1.586665,-5.91936878598262
1.58667,-5.91933789124274
1.586675,-5.91930632081842
1.58668,-5.91927407468389
1.586685,-5.919241152814
1.58669,-5.91920755518414
1.586695,-5.91917328177032
1.5867,-5.91913833254916
1.586705,-5.91910270749784
1.58671,-5.91906640659413
1.586715,-5.91902942981642
1.58672,-5.91899177714367
1.586725,-5.91895344855545
1.58673,-5.9189144440319
1.586735,-5.91887476355378
1.58674,-5.91883440710239
1.586745,-5.91879337465969
1.58675,-5.91875166620818
1.586755,-5.91870928173097
1.58676,-5.91866622121177
1.586765,-5.91862248463487
1.58677,-5.91857807198515
1.586775,-5.9185329832481
1.58678,-5.91848721840978
1.586785,-5.91844077745686
1.58679,-5.91839366037658
1.586795,-5.91834586715679
1.5868,-5.91829739778594
1.586805,-5.91824825225304
1.58681,-5.91819843054772
1.586815,-5.91814793266019
1.58682,-5.91809675858126
1.586825,-5.91804490830232
1.58683,-5.91799238181536
1.586835,-5.91793917911295
1.58684,-5.91788530018828
1.586845,-5.91783074503511
1.58685,-5.91777551364779
1.586855,-5.91771960602127
1.58686,-5.91766302215106
1.586865,-5.91760576203334
1.58687,-5.9175478256648
1.586875,-5.91748921304277
1.58688,-5.91742992416513
1.586885,-5.9173699590304
1.58689,-5.91730931763765
1.586895,-5.91724799998658
1.5869,-5.91718600607746
1.586905,-5.91712333591113
1.58691,-5.91705998948907
1.586915,-5.9169959668133
1.58692,-5.91693126788648
1.586925,-5.91686589271182
1.58693,-5.91679984129315
1.586935,-5.91673311363488
1.58694,-5.91666570974201
1.586945,-5.91659762962012
1.58695,-5.91652887327541
1.586955,-5.91645944071465
1.58696,-5.91638933194521
1.586965,-5.91631854697504
1.58697,-5.91624708581269
1.586975,-5.9161749484673
1.58698,-5.91610213494859
1.586985,-5.91602864526689
1.58699,-5.9159544794331
1.586995,-5.91587963745873
1.587,-5.91580411935588
1.587005,-5.91572792513721
1.58701,-5.915651054816
1.587015,-5.91557350840613
1.58702,-5.91549528592201
1.587025,-5.91541638737874
1.58703,-5.91533681279191
1.587035,-5.91525656217776
1.58704,-5.9151756355531
1.587045,-5.91509403293533
1.58705,-5.91501175434245
1.587055,-5.91492879979305
1.58706,-5.91484516930628
1.587065,-5.91476086290192
1.58707,-5.91467588060031
1.587075,-5.9145902224224
1.58708,-5.91450388838972
1.587085,-5.91441687852438
1.58709,-5.9143291928491
1.587095,-5.91424083138717
1.5871,-5.91415179416248
1.587105,-5.91406208119952
1.58711,-5.91397169252333
1.587115,-5.91388062815957
1.58712,-5.91378888813449
1.587125,-5.91369647247492
1.58713,-5.91360338120828
1.587135,-5.91350961436258
1.58714,-5.9134151719664
1.587145,-5.91332005404895
1.58715,-5.91322426063997
1.587155,-5.91312779176984
1.58716,-5.9130306474695
1.587165,-5.91293282777051
1.58717,-5.91283433270497
1.587175,-5.91273516230559
1.58718,-5.91263531660567
1.587185,-5.91253479563911
1.58719,-5.91243359944037
1.587195,-5.91233172804451
1.5872,-5.91222918148719
1.587205,-5.91212595980463
1.58721,-5.91202206303366
1.587215,-5.91191749121168
1.58722,-5.91181224437669
1.587225,-5.91170632256726
1.58723,-5.91159972582258
1.587235,-5.91149245418238
1.58724,-5.91138450768701
1.587245,-5.91127588637739
1.58725,-5.91116659029503
1.587255,-5.91105661948203
1.58726,-5.91094597398108
1.587265,-5.91083465383543
1.58727,-5.91072265908895
1.587275,-5.91060998978606
1.58728,-5.91049664597179
1.587285,-5.91038262769176
1.58729,-5.91026793499215
1.587295,-5.91015256791974
1.5873,-5.91003652652188
1.587305,-5.90991981084653
1.58731,-5.90980242094223
1.587315,-5.90968435685807
1.58732,-5.90956561864376
1.587325,-5.90944620634958
1.58733,-5.90932612002638
1.587335,-5.90920535972564
1.58734,-5.90908392549937
1.587345,-5.90896181740019
1.58735,-5.9088390354813
1.587355,-5.90871557979647
1.58736,-5.90859145040007
1.587365,-5.90846664734706
1.58737,-5.90834117069296
1.587375,-5.90821502049386
1.58738,-5.90808819680647
1.587385,-5.90796069968808
1.58739,-5.90783252919652
1.587395,-5.90770368539023
1.5874,-5.90757416832825
1.587405,-5.90744397807016
1.58741,-5.90731311467613
1.587415,-5.90718157820696
1.58742,-5.90704936872397
1.587425,-5.90691648628908
1.58743,-5.9067829309648
1.587435,-5.9066487028142
1.58744,-5.90651380190097
1.587445,-5.90637822828934
1.58745,-5.90624198204414
1.587455,-5.90610506323075
1.58746,-5.90596747191516
1.587465,-5.90582920816396
1.58747,-5.90569027204426
1.587475,-5.90555066362379
1.58748,-5.90541038297084
1.587485,-5.90526943015427
1.58749,-5.90512780524358
1.587495,-5.90498550830876
1.5875,-5.90484253942044
1.587505,-5.9046988986498
1.58751,-5.90455458606859
1.587515,-5.90440960174919
1.58752,-5.90426394576448
1.587525,-5.90411761818797
1.58753,-5.90397061909374
1.587535,-5.90382294855642
1.58754,-5.90367460665124
1.587545,-5.90352559345401
1.58755,-5.9033759090411
1.587555,-5.90322555348946
1.58756,-5.90307452687662
1.587565,-5.90292282928067
1.58757,-5.90277046078031
1.587575,-5.90261742145477
1.58758,-5.9024637113839
1.587585,-5.90230933064807
1.58759,-5.90215427932827
1.587595,-5.90199855750605
1.5876,-5.90184216526354
1.587605,-5.90168510268343
1.58761,-5.90152736984897
1.587615,-5.90136896684402
1.58762,-5.90120989375299
1.587625,-5.90105015066088
1.58763,-5.90088973765323
1.587635,-5.90072865481618
1.58764,-5.90056690223642
1.587645,-5.90040448000124
1.58765,-5.90024138819849
1.587655,-5.90007762691658
1.58766,-5.89991319624451
1.587665,-5.89974809627181
1.58767,-5.89958232708863
1.587675,-5.89941588878566
1.58768,-5.89924878145419
1.587685,-5.89908100518604
1.58769,-5.89891256007363
1.587695,-5.89874344620991
1.5877,-5.89857366368847
1.587705,-5.8984032126034
1.58771,-5.89823209304939
1.587715,-5.8980603051217
1.58772,-5.89788784891613
1.587725,-5.89771472452909
1.58773,-5.89754093205752
1.587735,-5.89736647159896
1.58774,-5.89719134325149
1.587745,-5.89701554711375
1.58775,-5.896839083285
1.587755,-5.89666195186501
1.58776,-5.89648415295414
1.587765,-5.8963056866533
1.58777,-5.896126553064
1.587775,-5.89594675228825
1.58778,-5.89576628442872
1.587785,-5.89558514958856
1.58779,-5.89540334787152
1.587795,-5.89522087938192
1.5878,-5.89503774422461
1.587805,-5.89485394250507
1.58781,-5.89466947432926
1.587815,-5.89448433980377
1.58782,-5.89429853903572
1.587825,-5.89411207213277
1.58783,-5.89392493920323
1.587835,-5.89373714035588
1.58784,-5.8935486757001
1.587845,-5.89335954534582
1.58785,-5.89316974940354
1.587855,-5.89297928798432
1.58786,-5.8927881611998
1.587865,-5.89259636916213
1.58787,-5.89240391198406
1.587875,-5.89221078977889
1.58788,-5.89201700266049
1.587885,-5.89182255074326
1.58789,-5.89162743414219
1.587895,-5.89143165297281
1.5879,-5.89123520735121
1.587905,-5.89103809739405
1.58791,-5.89084032321853
1.587915,-5.89064188494243
1.58792,-5.89044278268406
1.587925,-5.89024301656231
1.58793,-5.89004258669659
1.587935,-5.88984149320695
1.58794,-5.88963973621389
1.587945,-5.88943731583853
1.58795,-5.88923423220254
1.587955,-5.8890304854281
1.58796,-5.88882607563802
1.587965,-5.88862100295561
1.58797,-5.88841526750476
1.587975,-5.88820886940987
1.58798,-5.88800180879593
1.587985,-5.8877940857885
1.58799,-5.88758570051368
1.587995,-5.88737665309808
1.588,-5.88716694366892
1.588005,-5.88695657235392
1.58801,-5.88674553928141
1.588015,-5.88653384458024
1.58802,-5.88632148837978
1.588025,-5.88610847081001
1.58803,-5.88589479200142
1.588035,-5.88568045208505
1.58804,-5.88546545119253
1.588045,-5.88524978945599
1.58805,-5.88503346700815
1.588055,-5.88481648398223
1.58806,-5.88459884051202
1.588065,-5.88438053673191
1.58807,-5.88416157277676
1.588075,-5.88394194878202
1.58808,-5.88372166488367
1.588085,-5.88350072121823
1.58809,-5.8832791179228
1.588095,-5.88305685513501
1.5881,-5.88283393299301
1.588105,-5.88261035163553
1.58811,-5.8823861112018
1.588115,-5.88216121183167
1.58812,-5.88193565366548
1.588125,-5.8817094368441
1.58813,-5.88148256150899
1.588135,-5.8812550278021
1.58814,-5.88102683586599
1.588145,-5.8807979858437
1.58815,-5.88056847787885
1.588155,-5.88033831211559
1.58816,-5.8801074886986
1.588165,-5.8798760077731
1.58817,-5.8796438694849
1.588175,-5.87941107398029
1.58818,-5.87917762140613
1.588185,-5.8789435119098
1.58819,-5.87870874563923
1.588195,-5.87847332274291
1.5882,-5.87823724336984
1.588205,-5.87800050766957
1.58821,-5.87776311579218
1.588215,-5.87752506788828
1.58822,-5.87728636410906
1.588225,-5.8770470046062
1.58823,-5.87680698953194
1.588235,-5.87656631903904
1.58824,-5.87632499328079
1.588245,-5.87608301241106
1.58825,-5.87584037658421
1.588255,-5.87559708595515
1.58826,-5.87535314067934
1.588265,-5.87510854091271
1.58827,-5.87486328681182
1.588275,-5.8746173785337
1.58828,-5.87437081623591
1.588285,-5.87412360007657
1.58829,-5.87387573021433
1.588295,-5.87362720680833
1.5883,-5.87337803001831
1.588305,-5.87312820000448
1.58831,-5.8728777169276
1.588315,-5.87262658094899
1.58832,-5.87237479223044
1.588325,-5.87212235093433
1.58833,-5.87186925722353
1.588335,-5.87161551126146
1.58834,-5.87136111321203
1.588345,-5.87110606323971
1.58835,-5.87085036150952
1.588355,-5.87059400818696
1.58836,-5.87033700343808
1.588365,-5.87007934742945
1.58837,-5.86982104032814
1.588375,-5.86956208230182
1.58838,-5.86930247351862
1.588385,-5.8690422141472
1.58839,-5.86878130435675
1.588395,-5.86851974431699
1.5884,-5.86825753419819
1.588405,-5.8679946741711
1.58841,-5.86773116440699
1.588415,-5.86746700507768
1.58842,-5.86720219635552
1.588425,-5.86693673841332
1.58843,-5.86667063142449
1.588435,-5.86640387556291
1.58844,-5.86613647100298
1.588445,-5.86586841791965
1.58845,-5.86559971648835
1.588455,-5.86533036688509
1.58846,-5.86506036928631
1.588465,-5.86478972386905
1.58847,-5.86451843081083
1.588475,-5.86424649028965
1.58848,-5.86397390248412
1.588485,-5.86370066757329
1.58849,-5.86342678573675
1.588495,-5.8631522571546
1.5885,-5.86287708200745
1.588505,-5.86260126047646
1.58851,-5.86232479274325
1.588515,-5.86204767899001
1.58852,-5.86176991939939
1.588525,-5.86149151415458
1.58853,-5.86121246343926
1.588535,-5.86093276743768
1.58854,-5.86065242633456
1.588545,-5.8603714403151
1.58855,-5.86008980956505
1.588555,-5.85980753427067
1.58856,-5.85952461461875
1.588565,-5.85924105079653
1.58857,-5.8589568429918
1.588575,-5.85867199139285
1.58858,-5.85838649618846
1.588585,-5.85810035756797
1.58859,-5.85781357572117
1.588595,-5.85752615083839
1.5886,-5.85723808311044
1.588605,-5.85694937272864
1.58861,-5.85666001988485
1.588615,-5.85637002477142
1.58862,-5.85607938758118
1.588625,-5.85578810850746
1.58863,-5.85549618774411
1.588635,-5.85520362548552
1.58864,-5.85491042192653
1.588645,-5.8546165772625
1.58865,-5.8543220916893
1.588655,-5.85402696540327
1.58866,-5.85373119860127
1.588665,-5.85343479148069
1.58867,-5.85313774423938
1.588675,-5.8528400570757
1.58868,-5.85254173018852
1.588685,-5.85224276377717
1.58869,-5.85194315804156
1.588695,-5.851642913182
1.5887,-5.85134202939936
1.588705,-5.85104050689498
1.58871,-5.85073834587069
1.588715,-5.85043554652887
1.58872,-5.85013210907234
1.588725,-5.84982803370441
1.58873,-5.84952332062893
1.588735,-5.84921797005017
1.58874,-5.84891198217302
1.588745,-5.84860535720272
1.58875,-5.84829809534508
1.588755,-5.8479901968064
1.58876,-5.84768166179343
1.588765,-5.84737249051348
1.58877,-5.84706268317429
1.588775,-5.84675223998412
1.58878,-5.8464411611517
1.588785,-5.84612944688625
1.58879,-5.84581709739748
1.588795,-5.84550411289564
1.5888,-5.84519049359139
1.588805,-5.84487623969591
1.58881,-5.84456135142087
1.588815,-5.8442458289784
1.58882,-5.84392967258118
1.588825,-5.84361288244232
1.58883,-5.84329545877541
1.588835,-5.84297740179456
1.58884,-5.84265871171431
1.588845,-5.84233938874977
1.58885,-5.84201943311645
1.588855,-5.84169884503038
1.58886,-5.84137762470805
1.588865,-5.84105577236646
1.58887,-5.84073328822307
1.588875,-5.84041017249585
1.58888,-5.8400864254032
1.588885,-5.83976204716403
1.58889,-5.83943703799771
1.588895,-5.83911139812412
1.5889,-5.83878512776363
1.588905,-5.83845822713699
1.58891,-5.83813069646555
1.588915,-5.83780253597104
1.58892,-5.83747374587572
1.588925,-5.83714432640232
1.58893,-5.83681427777403
1.588935,-5.83648360021451
1.58894,-5.83615229394793
1.588945,-5.83582035919884
1.58895,-5.83548779619241
1.588955,-5.83515460515415
1.58896,-5.83482078631012
1.588965,-5.83448633988679
1.58897,-5.83415126611116
1.588975,-5.83381556521066
1.58898,-5.83347923741322
1.588985,-5.83314228294722
1.58899,-5.83280470204149
1.588995,-5.83246649492535
1.589,-5.83212766182861
1.589005,-5.83178820298151
1.58901,-5.83144811861478
1.589015,-5.83110740895959
1.58902,-5.83076607424757
1.589025,-5.83042411471089
1.58903,-5.83008153058209
1.589035,-5.82973832209424
1.58904,-5.82939448948082
1.589045,-5.82905003297582
1.58905,-5.82870495281364
1.589055,-5.82835924922921
1.58906,-5.8280129224579
1.589065,-5.82766597273547
1.58907,-5.82731840029823
1.589075,-5.8269702053829
1.58908,-5.8266213882267
1.589085,-5.82627194906726
1.58909,-5.82592188814271
1.589095,-5.8255712056916
1.5891,-5.82521990195293
1.589105,-5.82486797716625
1.58911,-5.82451543157146
1.589115,-5.82416226540894
1.58912,-5.82380847891957
1.589125,-5.82345407234459
1.58913,-5.82309904592583
1.589135,-5.82274339990548
1.58914,-5.82238713452618
1.589145,-5.82203025003106
1.58915,-5.82167274666365
1.589155,-5.82131462466802
1.58916,-5.82095588428861
1.589165,-5.82059652577034
1.58917,-5.82023654935857
1.589175,-5.81987595529913
1.58918,-5.81951474383823
1.589185,-5.81915291522267
1.58919,-5.81879046969955
1.589195,-5.81842740751648
1.5892,-5.81806372892154
1.589205,-5.81769943416316
1.58921,-5.81733452349035
1.589215,-5.81696899715249
1.58922,-5.81660285539938
1.589225,-5.81623609848131
1.58923,-5.81586872664895
1.589235,-5.81550074015353
1.58924,-5.81513213924663
1.589245,-5.81476292418028
1.58925,-5.81439309520696
1.589255,-5.81402265257956
1.58926,-5.81365159655152
1.589265,-5.81327992737659
1.58927,-5.81290764530901
1.589275,-5.81253475060346
1.58928,-5.81216124351506
1.589285,-5.81178712429933
1.58929,-5.8114123932123
1.589295,-5.81103705051039
1.5893,-5.81066109645042
1.589305,-5.81028453128973
1.58931,-5.80990735528597
1.589315,-5.80952956869737
1.58932,-5.80915117178251
1.589325,-5.80877216480041
1.58933,-5.8083925480105
1.589335,-5.80801232167266
1.58934,-5.80763148604727
1.589345,-5.80725004139503
1.58935,-5.80686798797712
1.589355,-5.80648532605514
1.58936,-5.80610205589112
1.589365,-5.80571817774756
1.58937,-5.80533369188731
1.589375,-5.80494859857369
1.58938,-5.80456289807045
1.589385,-5.80417659064173
1.58939,-5.80378967655216
1.589395,-5.80340215606674
1.5894,-5.80301402945089
1.589405,-5.8026252969705
1.58941,-5.80223595889183
1.589415,-5.80184601548155
1.58942,-5.80145546700688
1.589425,-5.80106431373531
1.58943,-5.80067255593481
1.589435,-5.80028019387377
1.58944,-5.79988722782098
1.589445,-5.79949365804571
1.58945,-5.79909948481758
1.589455,-5.79870470840663
1.58946,-5.79830932908336
1.589465,-5.79791334711864
1.58947,-5.7975167627838
1.589475,-5.79711957635056
1.58948,-5.79672178809105
1.589485,-5.79632339827783
1.58949,-5.79592440718383
1.589495,-5.79552481508249
1.5895,-5.79512462224756
1.589505,-5.79472382895323
1.58951,-5.79432243547414
1.589515,-5.79392044208527
1.58952,-5.79351784906209
1.589525,-5.79311465668044
1.58953,-5.79271086521656
1.589535,-5.79230647494708
1.58954,-5.7919014861491
1.589545,-5.79149589910006
1.58955,-5.79108971407786
1.589555,-5.79068293136077
1.58956,-5.79027555122749
1.589565,-5.7898675739571
1.58957,-5.78945899982906
1.589575,-5.78904982912334
1.58958,-5.78864006212019
1.589585,-5.78822969910035
1.58959,-5.78781874034488
1.589595,-5.78740718613527
1.5896,-5.7869950367535
1.589605,-5.78658229248182
1.58961,-5.78616895360295
1.589615,-5.78575502039998
1.58962,-5.78534049315639
1.589625,-5.78492537215613
1.58963,-5.78450965768345
1.589635,-5.78409335002305
1.58964,-5.78367644946003
1.589645,-5.78325895627981
1.58965,-5.78284087076834
1.589655,-5.78242219321185
1.58966,-5.78200292389699
1.589665,-5.78158306311083
1.58967,-5.7811626111408
1.589675,-5.78074156827471
1.58968,-5.78031993480084
1.589685,-5.77989771100777
1.58969,-5.77947489718451
1.589695,-5.77905149362045
1.5897,-5.77862750060535
1.589705,-5.77820291842942
1.58971,-5.7777777473832
1.589715,-5.77735198775762
1.58972,-5.776925639844
1.589725,-5.77649870393405
1.58973,-5.7760711803199
1.589735,-5.775643069294
1.58974,-5.77521437114922
1.589745,-5.7747850861788
1.58975,-5.77435521467634
1.589755,-5.77392475693591
1.58976,-5.77349371325186
1.589765,-5.77306208391897
1.58977,-5.77262986923239
1.589775,-5.7721970694876
1.58978,-5.77176368498059
1.589785,-5.77132971600759
1.58979,-5.77089516286527
1.589795,-5.77046002585067
1.5898,-5.7700243052612
1.589805,-5.76958800139462
1.58981,-5.76915111454913
1.589815,-5.76871364502327
1.58982,-5.76827559311591
1.589825,-5.76783695912639
1.58983,-5.76739774335425
1.589835,-5.76695794609966
1.58984,-5.76651756766293
1.589845,-5.76607660834486
1.58985,-5.76563506844655
1.589855,-5.76519294826951
1.58986,-5.76475024811564
1.589865,-5.76430696828719
1.58987,-5.76386310908672
1.589875,-5.76341867081725
1.58988,-5.76297365378205
1.589885,-5.76252805828492
1.58989,-5.76208188462987
1.589895,-5.76163513312137
1.5899,-5.76118780406416
1.589905,-5.76073989776342
1.58991,-5.76029141452472
1.589915,-5.75984235465389
1.58992,-5.7593927184572
1.589925,-5.75894250624124
1.58993,-5.75849171831299
1.589935,-5.75804035497971
1.58994,-5.75758841654917
1.589945,-5.75713590332936
1.58995,-5.75668281562869
1.589955,-5.75622915375591
1.58996,-5.75577491802008
1.589965,-5.75532010873073
1.58997,-5.75486472619767
1.589975,-5.75440877073103
1.58998,-5.75395224264136
1.589985,-5.7534951422395
1.58999,-5.75303746983674
1.589995,-5.75257922574464
1.59,-5.7521204102751
1.590005,-5.75166102374042
1.59001,-5.75120106645322
1.590015,-5.7507405387265
1.59002,-5.75027944087358
1.590025,-5.74981777320813
1.59003,-5.74935553604417
1.590035,-5.74889272969606
1.59004,-5.74842935447848
1.590045,-5.74796541070658
1.59005,-5.74750089869569
1.590055,-5.74703581876158
1.59006,-5.74657017122034
1.590065,-5.74610395638836
1.59007,-5.74563717458249
1.590075,-5.74516982611978
1.59008,-5.74470191131772
1.590085,-5.74423343049409
1.59009,-5.74376438396698
1.590095,-5.74329477205494
1.5901,-5.74282459507676
1.590105,-5.74235385335157
1.59011,-5.74188254719885
1.590115,-5.7414106769384
1.59012,-5.74093824289044
1.590125,-5.74046524537541
1.59013,-5.73999168471414
1.590135,-5.73951756122781
1.59014,-5.73904287523786
1.590145,-5.73856762706618
1.59015,-5.73809181703489
1.590155,-5.73761544546647
1.59016,-5.73713851268373
1.590165,-5.73666101900983
1.59017,-5.73618296476822
1.590175,-5.73570435028274
1.59018,-5.7352251758775
1.590185,-5.73474544187696
1.59019,-5.73426514860588
1.590195,-5.73378429638936
1.5902,-5.73330288555291
1.590205,-5.73282091642221
1.59021,-5.73233838932338
1.590215,-5.73185530458281
1.59022,-5.73137166252719
1.590225,-5.73088746348365
1.59023,-5.73040270777951
1.590235,-5.72991739574247
1.59024,-5.72943152770053
1.590245,-5.728945103982
1.59025,-5.7284581249156
1.590255,-5.72797059083023
1.59026,-5.7274825020552
1.590265,-5.72699385892011
1.59027,-5.72650466175483
1.590275,-5.72601491088967
1.59028,-5.72552460665514
1.590285,-5.72503374938209
1.59029,-5.72454233940168
1.590295,-5.72405037704543
1.5903,-5.72355786264509
1.590305,-5.72306479653283
1.59031,-5.72257117904103
1.590315,-5.72207701050244
1.59032,-5.7215822912501
1.590325,-5.72108702161729
1.59033,-5.72059120193777
1.590335,-5.72009483254545
1.59034,-5.71959791377463
1.590345,-5.71910044595985
1.59035,-5.71860242943596
1.590355,-5.71810386453824
1.59036,-5.71760475160213
1.590365,-5.71710509096344
1.59037,-5.71660488295826
1.590375,-5.71610412792294
1.59038,-5.71560282619427
1.590385,-5.71510097810921
1.59039,-5.71459858400508
1.590395,-5.71409564421946
1.5904,-5.71359215909021
1.590405,-5.71308812895562
1.59041,-5.71258355415416
1.590415,-5.7120784350246
1.59042,-5.71157277190604
1.590425,-5.71106656513787
1.59043,-5.71055981505973
1.590435,-5.71005252201167
1.59044,-5.70954468633393
1.590445,-5.70903630836708
1.59045,-5.70852738845193
1.590455,-5.70801792692965
1.59046,-5.70750792414171
1.590465,-5.70699738042982
1.59047,-5.70648629613601
1.590475,-5.70597467160256
1.59048,-5.70546250717203
1.590485,-5.7049498031874
1.59049,-5.70443655999178
1.590495,-5.70392277792864
1.5905,-5.70340845734174
1.590505,-5.70289359857504
1.59051,-5.70237820197294
1.590515,-5.70186226788
1.59052,-5.70134579664109
1.590525,-5.70082878860139
1.59053,-5.70031124410631
1.590535,-5.69979316350162
1.59054,-5.69927454713331
1.590545,-5.69875539534767
1.59055,-5.69823570849124
1.590555,-5.69771548691091
1.59056,-5.69719473095371
1.590565,-5.69667344096715
1.59057,-5.69615161729887
1.590575,-5.69562926029679
1.59058,-5.69510637030918
1.590585,-5.69458294768446
1.59059,-5.69405899277151
1.590595,-5.69353450591933
1.5906,-5.69300948747723
1.590605,-5.69248393779483
1.59061,-5.69195785722194
1.590615,-5.69143124610878
1.59062,-5.69090410480571
1.590625,-5.69037643366338
1.59063,-5.6898482330328
1.590635,-5.68931950326509
1.59064,-5.6887902447118
1.590645,-5.68826045772467
1.59065,-5.68773014265569
1.590655,-5.68719929985714
1.59066,-5.68666792968153
1.590665,-5.68613603248174
1.59067,-5.6856036086108
1.590675,-5.68507065842204
1.59068,-5.68453718226905
1.590685,-5.68400318050569
1.59069,-5.68346865348605
1.590695,-5.68293360156455
1.5907,-5.68239802509582
1.590705,-5.68186192443473
1.59071,-5.68132529993646
1.590715,-5.68078815195636
1.59072,-5.68025048085017
1.590725,-5.67971228697378
1.59073,-5.67917357068337
1.590735,-5.67863433233538
1.59074,-5.67809457228644
1.590745,-5.67755429089359
1.59075,-5.67701348851396
1.590755,-5.67647216550502
1.59076,-5.67593032222445
1.590765,-5.67538795903017
1.59077,-5.67484507628045
1.590775,-5.67430167433369
1.59078,-5.6737577535486
1.590785,-5.67321331428412
1.59079,-5.67266835689944
1.590795,-5.67212288175396
1.5908,-5.67157688920743
1.590805,-5.67103037961978
1.59081,-5.67048335335114
1.590815,-5.66993581076195
1.59082,-5.66938775221284
1.590825,-5.66883917806479
1.59083,-5.66829008867889
1.590835,-5.66774048441656
1.59084,-5.66719036563941
1.590845,-5.66663973270929
1.59085,-5.66608858598835
1.590855,-5.66553692583894
1.59086,-5.66498475262364
1.590865,-5.66443206670526
1.59087,-5.66387886844684
1.590875,-5.66332515821173
1.59088,-5.66277093636346
1.590885,-5.66221620326578
1.59089,-5.66166095928268
1.590895,-5.66110520477839
1.5909,-5.66054894011743
1.590905,-5.65999216566448
1.59091,-5.65943488178446
1.590915,-5.65887708884254
1.59092,-5.65831878720411
1.590925,-5.65775997723476
1.59093,-5.65720065930042
1.590935,-5.65664083376713
1.59094,-5.65608050100123
1.590945,-5.6555196613692
1.59095,-5.6549583152378
1.590955,-5.6543964629741
1.59096,-5.65383410494526
1.590965,-5.65327124151872
1.59097,-5.65270787306215
1.590975,-5.65214399994338
1.59098,-5.6515796225306
1.590985,-5.6510147411921
1.59099,-5.65044935629645
1.590995,-5.64988346821239
1.591,-5.64931707730887
1.591005,-5.64875018395521
1.59101,-5.64818278852078
1.591015,-5.64761489137522
1.59102,-5.64704649288838
1.591025,-5.64647759343033
1.59103,-5.64590819337142
1.591035,-5.64533829308211
1.59104,-5.64476789293316
1.591045,-5.64419699329549
1.59105,-5.64362559454024
1.591055,-5.64305369703875
1.59106,-5.64248130116266
1.591065,-5.64190840728371
1.59107,-5.64133501577392
1.591075,-5.64076112700549
1.59108,-5.64018674135079
1.591085,-5.63961185918254
1.59109,-5.63903648087349
1.591095,-5.63846060679671
1.5911,-5.63788423732546
1.591105,-5.63730737283313
1.59111,-5.63673001369346
1.591115,-5.63615216028027
1.59112,-5.63557381296763
1.591125,-5.63499497212979
1.59113,-5.63441563814121
1.591135,-5.63383581137664
1.59114,-5.63325549221089
1.591145,-5.63267468101907
1.59115,-5.63209337817642
1.591155,-5.63151158405838
1.59116,-5.63092929904073
1.591165,-5.63034652349928
1.59117,-5.62976325781011
1.591175,-5.62917950234945
1.59118,-5.62859525749381
1.591185,-5.62801052361979
1.59119,-5.6274253011043
1.591195,-5.62683959032436
1.5912,-5.62625339165724
1.591205,-5.62566670548031
1.59121,-5.62507953217119
1.591215,-5.62449187210778
1.59122,-5.62390372566804
1.591225,-5.62331509323014
1.59123,-5.6227259751725
1.591235,-5.62213637187364
1.59124,-5.62154628371241
1.591245,-5.62095571106769
1.59125,-5.62036465431866
1.591255,-5.61977311384462
1.59126,-5.61918109002505
1.591265,-5.6185885832397
1.59127,-5.61799559386842
1.591275,-5.6174021222913
1.59128,-5.61680816888854
1.591285,-5.61621373404053
1.59129,-5.61561881812799
1.591295,-5.61502342153165
1.5913,-5.61442754463248
1.591305,-5.61383118781164
1.59131,-5.61323435145045
1.591315,-5.61263703593036
1.59132,-5.61203924163316
1.591325,-5.61144096894067
1.59133,-5.61084221823491
1.591335,-5.6102429898981
1.59134,-5.60964328431259
1.591345,-5.60904310186105
1.59135,-5.60844244292612
1.591355,-5.60784130789076
1.59136,-5.60723969713804
1.591365,-5.60663761105116
1.59137,-5.60603505001364
1.591375,-5.60543201440904
1.59138,-5.60482850462112
1.591385,-5.60422452103381
1.59139,-5.60362006403117
1.591395,-5.60301513399757
1.5914,-5.60240973131741
1.591405,-5.60180385637529
1.59141,-5.60119750955598
1.591415,-5.60059069124436
1.59142,-5.59998340182565
1.591425,-5.59937564168505
1.59143,-5.59876741120801
1.591435,-5.59815871078012
1.59144,-5.59754954078712
1.591445,-5.59693990161488
1.59145,-5.59632979364958
1.591455,-5.59571921727741
1.59146,-5.59510817288478
1.591465,-5.59449666085822
1.59147,-5.59388468158443
1.591475,-5.59327223545035
1.59148,-5.59265932284297
1.591485,-5.59204594414948
1.59149,-5.59143209975722
1.591495,-5.59081779005363
1.5915,-5.59020301542647
1.591505,-5.58958777626349
1.59151,-5.58897207295266
1.591515,-5.58835590588209
1.59152,-5.58773927543995
1.591525,-5.58712218201483
1.59153,-5.58650462599517
1.591535,-5.58588660776973
1.59154,-5.58526812772736
1.591545,-5.58464918625706
1.59155,-5.58402978374797
1.591555,-5.58340992058947
1.59156,-5.58278959717099
1.591565,-5.58216881388212
1.59157,-5.58154757111258
1.591575,-5.58092586925226
1.59158,-5.58030370869126
1.591585,-5.57968108981971
1.59159,-5.57905801302795
1.591595,-5.57843447870643
1.5916,-5.57781048724572
1.591605,-5.57718603903664
1.59161,-5.57656113447006
1.591615,-5.57593577393698
1.59162,-5.57530995782859
1.591625,-5.57468368653613
1.59163,-5.57405696045114
1.591635,-5.57342977996515
1.59164,-5.5728021454699
1.591645,-5.5721740573572
1.59165,-5.57154551601903
1.591655,-5.5709165218476
1.59166,-5.57028707523508
1.591665,-5.56965717657391
1.59167,-5.56902682625657
1.591675,-5.56839602467577
1.59168,-5.56776477222418
1.591685,-5.56713306929487
1.59169,-5.56650091628079
1.591695,-5.56586831357518
1.5917,-5.56523526157127
1.591705,-5.56460176066253
1.59171,-5.56396781124253
1.591715,-5.56333341370499
1.59172,-5.56269856844366
1.591725,-5.56206327585253
1.59173,-5.56142753632558
1.591735,-5.56079135025715
1.59174,-5.56015471804144
1.591745,-5.55951764007296
1.59175,-5.55888011674619
1.591755,-5.55824214845585
1.59176,-5.55760373559677
1.591765,-5.55696487856387
1.59177,-5.55632557775219
1.591775,-5.55568583355687
1.59178,-5.55504564637319
1.591785,-5.55440501659661
1.59179,-5.55376394462262
1.591795,-5.55312243084685
1.5918,-5.55248047566507
1.591805,-5.55183807947313
1.59181,-5.55119524266697
1.591815,-5.55055196564279
1.59182,-5.54990824879677
1.591825,-5.54926409252521
1.59183,-5.54861949722456
1.591835,-5.54797446329133
1.59184,-5.54732899112227
1.591845,-5.54668308111412
1.59185,-5.54603673366374
1.591855,-5.54538994916816
1.59186,-5.54474272802439
1.591865,-5.54409507062978
1.59187,-5.54344697738158
1.591875,-5.54279844867722
1.59188,-5.54214948491422
1.591885,-5.5415000864902
1.59189,-5.54085025380298
1.591895,-5.54019998725035
1.5919,-5.53954928723026
1.591905,-5.53889815414082
1.59191,-5.53824658838008
1.591915,-5.53759459034642
1.59192,-5.53694216043817
1.591925,-5.53628929905376
1.59193,-5.53563600659179
1.591935,-5.5349822834509
1.59194,-5.53432813002982
1.591945,-5.53367354672748
1.59195,-5.53301853394281
1.591955,-5.53236309207487
1.59196,-5.53170722152284
1.591965,-5.53105092268587
1.59197,-5.53039419596344
1.591975,-5.52973704175491
1.59198,-5.52907946045983
1.591985,-5.52842145247785
1.59199,-5.5277630182086
1.591995,-5.52710415805203
1.592,-5.52644487240797
1.592005,-5.52578516167643
1.59201,-5.52512502625749
1.592015,-5.52446446655128
1.59202,-5.52380348295816
1.592025,-5.52314207587845
1.59203,-5.52248024571259
1.592035,-5.5218179928611
1.59204,-5.52115531772454
1.592045,-5.52049222070377
1.59205,-5.51982870219945
1.592055,-5.51916476261252
1.59206,-5.51850040234391
1.592065,-5.51783562179467
1.59207,-5.51717042136586
1.592075,-5.51650480145882
1.59208,-5.51583876247478
1.592085,-5.51517230481512
1.59209,-5.51450542888129
1.592095,-5.51383813507476
1.5921,-5.51317042379725
1.592105,-5.51250229545043
1.59211,-5.51183375043606
1.592115,-5.51116478915597
1.59212,-5.51049541201206
1.592125,-5.50982561940643
1.59213,-5.50915541174111
1.592135,-5.50848478941826
1.59214,-5.50781375284009
1.592145,-5.5071423024089
1.59215,-5.50647043852714
1.592155,-5.50579816159721
1.59216,-5.50512547202163
1.592165,-5.50445237020302
1.59217,-5.503778856544
1.592175,-5.50310493144739
1.59218,-5.50243059531595
1.592185,-5.50175584855258
1.59219,-5.50108069156022
1.592195,-5.50040512474188
1.5922,-5.49972914850059
1.592205,-5.49905276323962
1.59221,-5.49837596936215
1.592215,-5.49769876727143
1.59222,-5.49702115737082
1.592225,-5.4963431400637
1.59223,-5.49566471575366
1.592235,-5.49498588484416
1.59224,-5.49430664773882
1.592245,-5.49362700484132
1.59225,-5.49294695655535
1.592255,-5.49226650328477
1.59226,-5.49158564543339
1.592265,-5.49090438340515
1.59227,-5.49022271760401
1.592275,-5.48954064843395
1.59228,-5.48885817629917
1.592285,-5.48817530160377
1.59229,-5.48749202475193
1.592295,-5.48680834614793
1.5923,-5.48612426619612
1.592305,-5.48543978530077
1.59231,-5.48475490386646
1.592315,-5.48406962229759
1.59232,-5.4833839409987
1.592325,-5.4826978603744
1.59233,-5.48201138082929
1.592335,-5.48132450276812
1.59234,-5.48063722659565
1.592345,-5.47994955271665
1.59235,-5.47926148153595
1.592355,-5.47857301345843
1.59236,-5.47788414888913
1.592365,-5.47719488823297
1.59237,-5.47650523189504
1.592375,-5.47581518028042
1.59238,-5.47512473379417
1.592385,-5.4744338928416
1.59239,-5.47374265782789
1.592395,-5.47305102915832
1.5924,-5.47235900723823
1.592405,-5.47166659247288
1.59241,-5.47097378526784
1.592415,-5.47028058602847
1.59242,-5.46958699516027
1.592425,-5.46889301306881
1.59243,-5.46819864015962
1.592435,-5.46750387683832
1.59244,-5.46680872351064
1.592445,-5.4661131805822
1.59245,-5.4654172484588
1.592455,-5.46472092754617
1.59246,-5.46402421825009
1.592465,-5.4633271209765
1.59247,-5.46262963613125
1.592475,-5.46193176412025
1.59248,-5.46123350534947
1.592485,-5.46053486022487
1.59249,-5.45983582915254
1.592495,-5.45913641253852
1.5925,-5.45843661078892
1.592505,-5.45773642430981
1.59251,-5.45703585350738
1.592515,-5.45633489878786
1.59252,-5.45563356055744
1.592525,-5.4549318392224
1.59253,-5.45422973518899
1.592535,-5.4535272488635
1.59254,-5.45282438065235
1.592545,-5.45212113096189
1.59255,-5.4514175001985
1.592555,-5.4507134887686
1.59256,-5.45000909707866
1.592565,-5.44930432553511
1.59257,-5.44859917454454
1.592575,-5.44789364451343
1.59258,-5.44718773584834
1.592585,-5.44648144895586
1.59259,-5.44577478424254
1.592595,-5.44506774211507
1.5926,-5.44436032298009
1.592605,-5.44365252724423
1.59261,-5.44294435531423
1.592615,-5.44223580759669
1.59262,-5.44152688449849
1.592625,-5.44081758642629
1.59263,-5.44010791378691
1.592635,-5.43939786698708
1.59264,-5.43868744643361
1.592645,-5.43797665253335
1.59265,-5.43726548569317
1.592655,-5.43655394631987
1.59266,-5.43584203482036
1.592665,-5.43512975160143
1.59267,-5.43441709707014
1.592675,-5.43370407163329
1.59268,-5.43299067569788
1.592685,-5.43227690967078
1.59269,-5.43156277395902
1.592695,-5.43084826896943
1.5927,-5.43013339510914
1.592705,-5.42941815278511
1.59271,-5.42870254240429
1.592715,-5.42798656437373
1.59272,-5.42727021910036
1.592725,-5.42655350699133
1.59273,-5.42583642845362
1.592735,-5.42511898389428
1.59274,-5.42440117372034
1.592745,-5.42368299833884
1.59275,-5.4229644581569
1.592755,-5.42224555358157
1.59276,-5.42152628501991
1.592765,-5.420806652879
1.59277,-5.42008665756587
1.592775,-5.41936629948769
1.59278,-5.41864557905155
1.592785,-5.41792449666447
1.59279,-5.41720305273359
1.592795,-5.41648124766595
1.5928,-5.41575908186872
1.592805,-5.41503655574897
1.59281,-5.41431366971377
1.592815,-5.41359042417023
1.59282,-5.41286681952543
1.592825,-5.41214285618641
1.59283,-5.41141853456039
1.592835,-5.41069385505435
1.59284,-5.40996881807541
1.592845,-5.40924342403065
1.59285,-5.40851767332707
1.592855,-5.40779156637186
1.59286,-5.40706510357201
1.592865,-5.40633828533459
1.59287,-5.40561111206665
1.592875,-5.40488358417516
1.59288,-5.40415570206729
1.592885,-5.40342746615001
1.59289,-5.40269887683032
1.592895,-5.40196993451526
1.5929,-5.40124063961174
1.592905,-5.40051099252688
1.59291,-5.39978099366759
1.592915,-5.39905064344084
1.59292,-5.3983199422536
1.592925,-5.39758889051278
1.59293,-5.39685748862536
1.592935,-5.39612573699826
1.59294,-5.39539363603834
1.592945,-5.39466118615251
1.59295,-5.39392838774765
1.592955,-5.39319524123058
1.59296,-5.39246174700822
1.592965,-5.39172790548737
1.59297,-5.39099371707481
1.592975,-5.39025918217735
1.59298,-5.38952430120174
1.592985,-5.38878907455482
1.59299,-5.38805350264327
1.592995,-5.3873175858738
1.593,-5.38658132465317
1.593005,-5.38584471938793
1.59301,-5.38510777048488
1.593015,-5.38437047835063
1.59302,-5.38363284339174
1.593025,-5.38289486601483
1.59303,-5.38215654662644
1.593035,-5.38141788563322
1.59304,-5.3806788834416
1.593045,-5.37993954045809
1.59305,-5.3791998570892
1.593055,-5.37845983374137
1.59306,-5.37771947082095
1.593065,-5.37697876873446
1.59307,-5.3762377278882
1.593075,-5.3754963486885
1.59308,-5.37475463154172
1.593085,-5.37401257685409
1.59309,-5.37327018503194
1.593095,-5.37252745648145
1.5931,-5.37178439160885
1.593105,-5.3710409908203
1.59311,-5.37029725452186
1.593115,-5.36955318311976
1.59312,-5.36880877702003
1.593125,-5.36806403662873
1.59313,-5.36731896235183
1.593135,-5.36657355459526
1.59314,-5.3658278137651
1.593145,-5.36508174026718
1.59315,-5.36433533450739
1.593155,-5.36358859689159
1.59316,-5.36284152782549
1.593165,-5.36209412771497
1.59317,-5.36134639696575
1.593175,-5.36059833598349
1.59318,-5.35984994517386
1.593185,-5.35910122494247
1.59319,-5.35835217569485
1.593195,-5.35760279783668
1.5932,-5.35685309177336
1.593205,-5.35610305791038
1.59321,-5.35535269665316
1.593215,-5.35460200840702
1.59322,-5.35385099357743
1.593225,-5.35309965256964
1.59323,-5.35234798578887
1.593235,-5.35159599364035
1.59324,-5.3508436765292
1.593245,-5.35009103486065
1.59325,-5.34933806903975
1.593255,-5.34858477947154
1.59326,-5.34783116656098
1.593265,-5.34707723071297
1.59327,-5.34632297233254
1.593275,-5.34556839182448
1.59328,-5.34481348959361
1.593285,-5.34405826604469
1.59329,-5.34330272158236
1.593295,-5.3425468566114
1.5933,-5.34179067153638
1.593305,-5.34103416676186
1.59331,-5.34027734269236
1.593315,-5.33952019973237
1.59332,-5.3387627382862
1.593325,-5.33800495875838
1.59333,-5.33724686155313
1.593335,-5.33648844707471
1.59334,-5.33572971572736
1.593345,-5.33497066791515
1.59335,-5.33421130404232
1.593355,-5.33345162451286
1.59336,-5.33269162973072
1.593365,-5.33193132009991
1.59337,-5.33117069602422
1.593375,-5.33040975790757
1.59338,-5.32964850615372
1.593385,-5.32888694116634
1.59339,-5.32812506334913
1.593395,-5.32736287310562
1.5934,-5.32660037083947
1.593405,-5.32583755695411
1.59341,-5.32507443185293
1.593415,-5.32431099593936
1.59342,-5.32354724961661
1.593425,-5.32278319328803
1.59343,-5.32201882735678
1.593435,-5.32125415222596
1.59344,-5.32048916829866
1.593445,-5.31972387597784
1.59345,-5.31895827566644
1.593455,-5.31819236776739
1.59346,-5.31742615268349
1.593465,-5.31665963081746
1.59347,-5.31589280257201
1.593475,-5.3151256683497
1.59348,-5.31435822855315
1.593485,-5.31359048358487
1.59349,-5.31282243384721
1.593495,-5.31205407974259
1.5935,-5.31128542167319
1.593505,-5.3105164600414
1.59351,-5.30974719524927
1.593515,-5.3089776276989
1.59352,-5.30820775779232
1.593525,-5.30743758593142
1.59353,-5.30666711251819
1.593535,-5.30589633795437
1.59354,-5.30512526264172
1.593545,-5.30435388698188
1.59355,-5.30358221137645
1.593555,-5.30281023622699
1.59356,-5.30203796193496
1.593565,-5.30126538890171
1.59357,-5.30049251752855
1.593575,-5.29971934821672
1.59358,-5.29894588136734
1.593585,-5.29817211738157
1.59359,-5.29739805666041
1.593595,-5.29662369960476
1.5936,-5.29584904661551
1.593605,-5.29507409809337
1.59361,-5.29429885443918
1.593615,-5.29352331605348
1.59362,-5.29274748333687
1.593625,-5.29197135668979
1.59363,-5.2911949365126
1.593635,-5.29041822320576
1.59364,-5.28964121716939
1.593645,-5.28886391880374
1.59365,-5.2880863285088
1.593655,-5.28730844668461
1.59366,-5.28653027373111
1.593665,-5.28575181004815
1.59367,-5.28497305603547
1.593675,-5.28419401209275
1.59368,-5.28341467861953
1.593685,-5.28263505601544
1.59369,-5.28185514467985
1.593695,-5.28107494501209
1.5937,-5.28029445741145
1.593705,-5.27951368227709
1.59371,-5.27873262000807
1.593715,-5.27795127100348
1.59372,-5.27716963566219
1.593725,-5.27638771438308
1.59373,-5.27560550756484
1.593735,-5.27482301560612
1.59374,-5.2740402389056
1.593745,-5.27325717786171
1.59375,-5.27247383287286
1.593755,-5.27169020433734
1.59376,-5.27090629265335
1.593765,-5.2701220982191
1.59377,-5.2693376214326
1.593775,-5.26855286269183
1.59378,-5.2677678223946
1.593785,-5.26698250093866
1.59379,-5.26619689872183
1.593795,-5.2654110161416
1.5938,-5.2646248535955
1.593805,-5.26383841148091
1.59381,-5.26305169019515
1.593815,-5.26226469013543
1.59382,-5.26147741169891
1.593825,-5.26068985528264
1.59383,-5.25990202128353
1.593835,-5.25911391009842
1.59384,-5.25832552212402
1.593845,-5.25753685775706
1.59385,-5.25674791739406
1.593855,-5.2559587014315
1.59386,-5.25516921026575
1.593865,-5.25437944429298
1.59387,-5.25358940390952
1.593875,-5.25279908951133
1.59388,-5.25200850149442
1.593885,-5.25121764025466
1.59389,-5.25042650618779
1.593895,-5.24963509968956
1.5939,-5.24884342115552
1.593905,-5.24805147098113
1.59391,-5.24725924956175
1.593915,-5.24646675729265
1.59392,-5.24567399456908
1.593925,-5.24488096178606
1.59393,-5.24408765933857
1.593935,-5.24329408762146
1.59394,-5.24250024702948
1.593945,-5.24170613795728
1.59395,-5.24091176079952
1.593955,-5.24011711595056
1.59396,-5.23932220380477
1.593965,-5.23852702475641
1.59397,-5.23773157919956
1.593975,-5.23693586752835
1.59398,-5.23613989013663
1.593985,-5.23534364741827
1.59399,-5.23454713976698
1.593995,-5.23375036757627
1.594,-5.23295333123977
1.594005,-5.23215603115086
1.59401,-5.23135846770274
1.594015,-5.23056064128865
1.59402,-5.2297625523016
1.594025,-5.22896420113463
1.59403,-5.22816558818052
1.594035,-5.22736671383205
1.59404,-5.22656757848184
1.594045,-5.22576818252232
1.59405,-5.22496852634602
1.594055,-5.22416861034521
1.59406,-5.22336843491202
1.594065,-5.22256800043856
1.59407,-5.22176730731679
1.594075,-5.22096635593848
1.59408,-5.22016514669545
1.594085,-5.21936367997931
1.59409,-5.21856195618155
1.594095,-5.21775997569354
1.5941,-5.2169577389065
1.594105,-5.21615524621172
1.59411,-5.2153524980002
1.594115,-5.21454949466283
1.59412,-5.21374623659042
1.594125,-5.21294272417366
1.59413,-5.21213895780319
1.594135,-5.21133493786944
1.59414,-5.21053066476277
1.594145,-5.20972613887338
1.59415,-5.20892136059131
1.594155,-5.20811633030669
1.59416,-5.20731104840934
1.594165,-5.20650551528899
1.59417,-5.20569973133525
1.594175,-5.20489369693762
1.59418,-5.20408741248558
1.594185,-5.20328087836835
1.59419,-5.20247409497508
1.594195,-5.2016670626948
1.5942,-5.2008597819164
1.594205,-5.20005225302862
1.59421,-5.19924447642023
1.594215,-5.19843645247972
1.59422,-5.19762818159551
1.594225,-5.19681966415585
1.59423,-5.19601090054893
1.594235,-5.19520189116283
1.59424,-5.19439263638545
1.594245,-5.19358313660458
1.59425,-5.19277339220787
1.594255,-5.19196340358285
1.59426,-5.19115317111704
1.594265,-5.19034269519765
1.59427,-5.18953197621184
1.594275,-5.18872101454668
1.59428,-5.187909810589
1.594285,-5.18709836472572
1.59429,-5.18628667734342
1.594295,-5.18547474882864
1.5943,-5.18466257956779
1.594305,-5.18385016994703
1.59431,-5.1830375203527
1.594315,-5.18222463117069
1.59432,-5.18141150278688
1.594325,-5.18059813558706
1.59433,-5.17978452995683
1.594335,-5.17897068628163
1.59434,-5.17815660494691
1.594345,-5.17734228633789
1.59435,-5.17652773083961
1.594355,-5.17571293883708
1.59436,-5.17489791071506
1.594365,-5.17408264685832
1.59437,-5.17326714765145
1.594375,-5.17245141347883
1.59438,-5.17163544472474
1.594385,-5.17081924177333
1.59439,-5.17000280500871
1.594395,-5.16918613481474
1.5944,-5.16836923157518
1.594405,-5.16755209567366
1.59441,-5.16673472749358
1.594415,-5.16591712741844
1.59442,-5.16509929583138
1.594425,-5.1642812331155
1.59443,-5.16346293965372
1.594435,-5.16264441582881
1.59444,-5.16182566202354
1.594445,-5.16100667862039
1.59445,-5.16018746600173
1.594455,-5.15936802454986
1.59446,-5.15854835464687
1.594465,-5.15772845667464
1.59447,-5.1569083310152
1.594475,-5.15608797805011
1.59448,-5.155267398161
1.594485,-5.1544465917292
1.59449,-5.15362555913603
1.594495,-5.15280430076265
1.5945,-5.15198281699007
1.594505,-5.15116110819906
1.59451,-5.15033917477042
1.594515,-5.14951701708459
1.59452,-5.14869463552216
1.594525,-5.1478720304633
1.59453,-5.14704920228822
1.594535,-5.14622615137684
1.59454,-5.145402878109
1.594545,-5.14457938286453
1.59455,-5.14375566602291
1.594555,-5.14293172796359
1.59456,-5.14210756906581
1.594565,-5.14128318970873
1.59457,-5.14045859027126
1.594575,-5.13963377113236
1.59458,-5.13880873267065
1.594585,-5.13798347526469
1.59459,-5.13715799929287
1.594595,-5.13633230513341
1.5946,-5.13550639316449
1.594605,-5.13468026376404
1.59461,-5.13385391730986
1.594615,-5.13302735417962
1.59462,-5.13220057475075
1.594625,-5.13137357940074
1.59463,-5.13054636850679
1.594635,-5.12971894244589
1.59464,-5.12889130159501
1.594645,-5.12806344633087
1.59465,-5.12723537703016
1.594655,-5.12640709406932
1.59466,-5.12557859782463
1.594665,-5.1247498886723
1.59467,-5.12392096698825
1.594675,-5.12309183314848
1.59468,-5.12226248752861
1.594685,-5.12143293050422
1.59469,-5.12060316245074
1.594695,-5.11977318374337
1.5947,-5.1189429947572
1.594705,-5.11811259586727
1.59471,-5.1172819874483
1.594715,-5.11645116987497
1.59472,-5.11562014352172
1.594725,-5.11478890876284
1.59473,-5.11395746597266
1.594735,-5.11312581552506
1.59474,-5.11229395779398
1.594745,-5.11146189315311
1.59475,-5.11062962197595
1.594755,-5.109797144636
1.59476,-5.10896446150644
1.594765,-5.10813157296036
1.59477,-5.10729847937072
1.594775,-5.10646518111021
1.59478,-5.10563167855156
1.594785,-5.10479797206718
1.59479,-5.10396406202935
1.594795,-5.10312994881021
1.5948,-5.10229563278171
1.594805,-5.10146111431579
1.59481,-5.10062639378403
1.594815,-5.09979147155797
1.59482,-5.09895634800892
1.594825,-5.09812102350808
1.59483,-5.09728549842643
1.594835,-5.09644977313496
1.59484,-5.09561384800429
1.594845,-5.094777723405
1.59485,-5.09394139970743
1.594855,-5.09310487728176
1.59486,-5.09226815649819
1.594865,-5.09143123772657
1.59487,-5.09059412133659
1.594875,-5.08975680769784
1.59488,-5.08891929717973
1.594885,-5.08808159015154
1.59489,-5.08724368698235
1.594895,-5.08640558804109
1.5949,-5.08556729369649
1.594905,-5.08472880431708
1.59491,-5.08389012027144
1.594915,-5.0830512419278
1.59492,-5.0822121696542
1.594925,-5.0813729038186
1.59493,-5.08053344478873
1.594935,-5.07969379293233
1.59494,-5.07885394861674
1.594945,-5.07801391220925
1.59495,-5.07717368407698
1.594955,-5.07633326458689
1.59496,-5.07549265410567
1.594965,-5.07465185300003
1.59497,-5.0738108616364
1.594975,-5.07296968038105
1.59498,-5.07212830960006
1.594985,-5.0712867496593
1.59499,-5.07044500092471
1.594995,-5.06960306376181
1.595,-5.06876093853603
1.595005,-5.06791862561263
1.59501,-5.06707612535667
1.595015,-5.0662334381332
1.59502,-5.06539056430689
1.595025,-5.06454750424233
1.59503,-5.06370425830397
1.595035,-5.06286082685596
1.59504,-5.06201721026254
1.595045,-5.06117340888755
1.59505,-5.0603294230947
1.595055,-5.05948525324756
1.59506,-5.05864089970948
1.595065,-5.05779636284382
1.59507,-5.05695164301353
1.595075,-5.05610674058149
1.59508,-5.05526165591044
1.595085,-5.05441638936288
1.59509,-5.05357094130114
1.595095,-5.05272531208752
1.5951,-5.05187950208396
1.595105,-5.0510335116523
1.59511,-5.05018734115423
1.595115,-5.04934099095116
1.59512,-5.04849446140455
1.595125,-5.04764775287549
1.59513,-5.04680086572492
1.595135,-5.04595380031364
1.59514,-5.04510655700224
1.595145,-5.04425913615125
1.59515,-5.04341153812091
1.595155,-5.04256376327131
1.59516,-5.04171581196235
1.595165,-5.04086768455371
1.59517,-5.0400193814051
1.595175,-5.03917090287582
1.59518,-5.03832224932511
1.595185,-5.03747342111201
1.59519,-5.03662441859526
1.595195,-5.03577524213375
1.5952,-5.03492589208584
1.595205,-5.0340763688099
1.59521,-5.03322667266406
1.595215,-5.03237680400629
1.59522,-5.03152676319434
1.595225,-5.0306765505859
1.59523,-5.02982616653839
1.595235,-5.02897561140905
1.59524,-5.02812488555494
1.595245,-5.02727398933287
1.59525,-5.02642292309973
1.595255,-5.02557168721195
1.59526,-5.0247202820259
1.595265,-5.02386870789775
1.59527,-5.02301696518345
1.595275,-5.02216505423891
1.59528,-5.02131297541971
1.595285,-5.02046072908132
1.59529,-5.01960831557895
1.595295,-5.0187557352677
1.5953,-5.01790298850252
1.595305,-5.01705007563815
1.59531,-5.01619699702908
1.595315,-5.01534375302965
1.59532,-5.0144903439941
1.595325,-5.0136367702763
1.59533,-5.01278303223021
1.595335,-5.01192913020939
1.59534,-5.01107506456729
1.595345,-5.01022083565716
1.59535,-5.00936644383201
1.595355,-5.00851188944486
1.59536,-5.00765717284836
1.595365,-5.00680229439501
1.59537,-5.00594725443718
1.595375,-5.00509205332692
1.59538,-5.00423669141636
1.595385,-5.00338116905719
1.59539,-5.00252548660104
1.595395,-5.00166964439931
1.5954,-5.00081364280311
1.595405,-4.99995748216369
1.59541,-4.99910116283175
1.595415,-4.99824468515805
1.59542,-4.99738804949299
1.595425,-4.99653125618686
1.59543,-4.99567430558983
1.595435,-4.99481719805183
1.59544,-4.99395993392251
1.595445,-4.9931025135515
1.59545,-4.99224493728807
1.595455,-4.99138720548138
1.59546,-4.99052931848054
1.595465,-4.98967127663425
1.59547,-4.98881308029114
1.595475,-4.98795472979959
1.59548,-4.98709622550779
1.595485,-4.9862375677639
1.59549,-4.9853787569157
1.595495,-4.98451979331085
1.5955,-4.98366067729681
1.595505,-4.98280140922081
1.59551,-4.98194198943006
1.595515,-4.98108241827139
1.59552,-4.98022269609152
1.595525,-4.97936282323694
1.59553,-4.97850280005396
1.595535,-4.97764262688881
1.59554,-4.97678230408738
1.595545,-4.97592183199542
1.59555,-4.97506121095849
1.595555,-4.97420044132194
1.59556,-4.97333952343101
1.595565,-4.97247845763067
1.59557,-4.97161724426571
1.595575,-4.97075588368072
1.59558,-4.96989437622014
1.595585,-4.96903272222809
1.59559,-4.96817092204876
1.595595,-4.96730897602587
1.5956,-4.96644688450312
1.595605,-4.9655846478239
1.59561,-4.96472226633143
1.595615,-4.96385974036891
1.59562,-4.96299707027911
1.595625,-4.96213425640472
1.59563,-4.96127129908824
1.595635,-4.96040819867186
1.59564,-4.95954495549782
1.595645,-4.95868156990791
1.59565,-4.95781804224386
1.595655,-4.95695437284721
1.59566,-4.95609056205913
1.595665,-4.95522661022092
1.59567,-4.95436251767344
1.595675,-4.95349828475737
1.59568,-4.95263391181329
1.595685,-4.95176939918143
1.59569,-4.95090474720206
1.595695,-4.9500399562151
1.5957,-4.94917502656022
1.595705,-4.94830995857703
1.59571,-4.94744475260487
1.595715,-4.94657940898281
1.59572,-4.94571392804994
1.595725,-4.944848310145
1.59573,-4.94398255560648
1.595735,-4.94311666477279
1.59574,-4.94225063798205
1.595745,-4.94138447557233
1.59575,-4.94051817788133
1.595755,-4.93965174524668
1.59576,-4.93878517800568
1.595765,-4.9379184764955
1.59577,-4.93705164105324
1.595775,-4.9361846720156
1.59578,-4.93531756971916
1.595785,-4.93445033450032
1.59579,-4.93358296669523
1.595795,-4.93271546663994
1.5958,-4.93184783467022
1.595805,-4.93098007112162
1.59581,-4.93011217632954
1.595815,-4.92924415062913
1.59582,-4.92837599435549
1.595825,-4.92750770784332
1.59583,-4.92663929142722
1.595835,-4.92577074544158
1.59584,-4.92490207022062
1.595845,-4.92403326609821
1.59585,-4.92316433340827
1.595855,-4.92229527248434
1.59586,-4.92142608365981
1.595865,-4.92055676726783
1.59587,-4.91968732364133
1.595875,-4.91881775311323
1.59588,-4.91794805601605
1.595885,-4.91707823268212
1.59589,-4.91620828344363
1.595895,-4.91533820863252
1.5959,-4.91446800858068
1.595905,-4.91359768361958
1.59591,-4.9127272340806
1.595915,-4.91185666029491
1.59592,-4.91098596259342
1.595925,-4.91011514130697
1.59593,-4.90924419676607
1.595935,-4.90837312930109
1.59594,-4.90750193924217
1.595945,-4.90663062691917
1.59595,-4.90575919266196
1.595955,-4.90488763680003
1.59596,-4.90401595966272
1.595965,-4.90314416157913
1.59597,-4.90227224287819
1.595975,-4.90140020388858
1.59598,-4.90052804493892
1.595985,-4.89965576635747
1.59599,-4.89878336847236
1.595995,-4.89791085161144
1.596,-4.89703821610238
1.596005,-4.8961654622728
1.59601,-4.89529259044993
1.596015,-4.89441960096083
1.59602,-4.89354649413238
1.596025,-4.89267327029121
1.59603,-4.8917999297639
1.596035,-4.89092647287665
1.59604,-4.89005289995553
1.596045,-4.88917921132637
1.59605,-4.88830540731474
1.596055,-4.88743148824623
1.59606,-4.886557454446
1.596065,-4.88568330623908
1.59607,-4.88480904395029
1.596075,-4.88393466790423
1.59608,-4.88306017842523
1.596085,-4.88218557583764
1.59609,-4.88131086046537
1.596095,-4.88043603263223
1.5961,-4.87956109266176
1.596105,-4.87868604087731
1.59611,-4.87781087760216
1.596115,-4.87693560315918
1.59612,-4.87606021787111
1.596125,-4.87518472206052
1.59613,-4.87430911604965
1.596135,-4.87343340016079
1.59614,-4.87255757471574
1.596145,-4.87168164003626
1.59615,-4.87080559644384
1.596155,-4.86992944425968
1.59616,-4.86905318380499
1.596165,-4.86817681540061
1.59617,-4.86730033936716
1.596175,-4.86642375602516
1.59618,-4.86554706569473
1.596185,-4.86467026869609
1.59619,-4.86379336534896
1.596195,-4.862916355973
1.5962,-4.86203924088761
1.596205,-4.86116202041195
1.59621,-4.86028469486501
1.596215,-4.85940726456567
1.59622,-4.85852972983242
1.596225,-4.85765209098366
1.59623,-4.8567743483375
1.596235,-4.85589650221187
1.59624,-4.85501855292458
1.596245,-4.85414050079313
1.59625,-4.85326234613479
1.596255,-4.8523840892667
1.59626,-4.85150573050567
1.596265,-4.85062727016851
1.59627,-4.84974870857161
1.596275,-4.84887004603125
1.59628,-4.84799128286349
1.596285,-4.84711241938405
1.59629,-4.84623345590874
1.596295,-4.84535439275285
1.5963,-4.84447523023165
1.596305,-4.84359596866006
1.59631,-4.84271660835288
1.596315,-4.84183714962472
1.59632,-4.84095759278995
1.596325,-4.84007793816266
1.59633,-4.83919818605678
1.596335,-4.83831833678607
1.59634,-4.83743839066394
1.596345,-4.83655834800384
1.59635,-4.83567820911877
1.596355,-4.83479797432161
1.59636,-4.83391764392502
1.596365,-4.83303721824139
1.59637,-4.83215669758306
1.596375,-4.83127608226201
1.59638,-4.83039537259003
1.596385,-4.82951456887875
1.59639,-4.82863367143944
1.596395,-4.82775268058341
1.5964,-4.82687159662161
1.596405,-4.8259904198647
1.59641,-4.82510915062328
1.596415,-4.82422778920754
1.59642,-4.82334633592778
1.596425,-4.82246479109375
1.59643,-4.82158315501517
1.596435,-4.82070142800152
1.59644,-4.81981961036195
1.596445,-4.81893770240564
1.59645,-4.81805570444133
1.596455,-4.81717361677765
1.59646,-4.81629143972297
1.596465,-4.81540917358549
1.59647,-4.8145268186731
1.596475,-4.81364437529368
1.59648,-4.81276184375468
1.596485,-4.81187922436345
1.59649,-4.81099651742708
1.596495,-4.8101137232524
1.5965,-4.80923084214625
1.596505,-4.80834787441495
1.59651,-4.80746482036481
1.596515,-4.80658168030187
1.59652,-4.80569845453183
1.596525,-4.80481514336048
1.59653,-4.80393174709308
1.596535,-4.80304826603486
1.59654,-4.80216470049074
1.596545,-4.80128105076539
1.59655,-4.80039731716352
1.596555,-4.7995134999893
1.59656,-4.79862959954688
1.596565,-4.79774561614012
1.59657,-4.79686155007262
1.596575,-4.79597740164796
1.59658,-4.79509317116929
1.596585,-4.79420885893965
1.59659,-4.79332446526182
1.596595,-4.79243999043836
1.5966,-4.79155543477164
1.596605,-4.7906707985639
1.59661,-4.78978608211701
1.596615,-4.7889012857327
1.59662,-4.78801640971244
1.596625,-4.78713145435747
1.59663,-4.78624641996904
1.596635,-4.78536130684784
1.59664,-4.78447611529457
1.596645,-4.78359084560965
1.59665,-4.78270549809318
1.596655,-4.78182007304532
1.59666,-4.78093457076573
1.596665,-4.78004899155397
1.59667,-4.77916333570941
1.596675,-4.77827760353108
1.59668,-4.77739179531799
1.596685,-4.7765059113688
1.59669,-4.77561995198193
1.596695,-4.77473391745565
1.5967,-4.77384780808792
1.596705,-4.77296162417672
1.59671,-4.77207536601953
1.596715,-4.77118903391374
1.59672,-4.77030262815652
1.596725,-4.76941614904484
1.59673,-4.76852959687531
1.596735,-4.76764297194462
1.59674,-4.76675627454894
1.596745,-4.76586950498435
1.59675,-4.76498266354675
1.596755,-4.76409575053169
1.59676,-4.76320876623469
1.596765,-4.7623217109509
1.59677,-4.76143458497532
1.596775,-4.76054738860271
1.59678,-4.75966012212753
1.596785,-4.75877278584424
1.59679,-4.7578853800469
1.596795,-4.75699790502941
1.5968,-4.75611036108542
1.596805,-4.7552227485083
1.59681,-4.75433506759145
1.596815,-4.75344731862782
1.59682,-4.75255950191018
1.596825,-4.75167161773112
1.59683,-4.75078366638301
1.596835,-4.74989564815795
1.59684,-4.74900756334794
1.596845,-4.74811941224463
1.59685,-4.74723119513953
1.596855,-4.74634291232391
1.59686,-4.74545456408873
1.596865,-4.74456615072493
1.59687,-4.74367767252309
1.596875,-4.7427891297736
1.59688,-4.74190052276661
1.596885,-4.741011851792
1.59689,-4.74012311713965
1.596895,-4.73923431909903
1.5969,-4.73834545795935
1.596905,-4.73745653400979
1.59691,-4.73656754753908
1.596915,-4.73567849883597
1.59692,-4.73478938818886
1.596925,-4.73390021588593
1.59693,-4.73301098221513
1.596935,-4.73212168746416
1.59694,-4.73123233192071
1.596945,-4.73034291587201
1.59695,-4.72945343960518
1.596955,-4.72856390340709
1.59696,-4.7276743075644
1.596965,-4.72678465236345
1.59697,-4.72589493809063
1.596975,-4.72500516503185
1.59698,-4.72411533347291
1.596985,-4.72322544369937
1.59699,-4.72233549599648
1.596995,-4.72144549064948
1.597,-4.72055542794324
1.597005,-4.71966530816241
1.59701,-4.71877513159147
1.597015,-4.71788489851461
1.59702,-4.71699460921594
1.597025,-4.71610426397917
1.59703,-4.71521386308794
1.597035,-4.71432340682557
1.59704,-4.71343289547515
1.597045,-4.71254232931974
1.59705,-4.7116517086419
1.597055,-4.7107610337242
1.59706,-4.70987030484884
1.597065,-4.70897952229779
1.59707,-4.70808868635302
1.597075,-4.70719779729604
1.59708,-4.70630685540823
1.597085,-4.70541586097074
1.59709,-4.70452481426451
1.597095,-4.70363371557021
1.5971,-4.70274256516838
1.597105,-4.70185136333933
1.59711,-4.70096011036304
1.597115,-4.70006880651934
1.59712,-4.69917745208781
1.597125,-4.69828604734795
1.59713,-4.69739459257886
1.597135,-4.69650308805947
1.59714,-4.69561153406855
1.597145,-4.6947199308845
1.59715,-4.69382827878575
1.597155,-4.69293657805032
1.59716,-4.69204482895598
1.597165,-4.69115303178043
1.59717,-4.69026118680097
1.597175,-4.6893692942949
1.59718,-4.68847735453914
1.597185,-4.68758536781039
1.59719,-4.6866933343852
1.597195,-4.68580125453979
1.5972,-4.68490912855037
1.597205,-4.68401695669271
1.59721,-4.68312473924246
1.597215,-4.68223247647502
1.59722,-4.68134016866559
1.597225,-4.68044781608905
1.59723,-4.67955541902032
1.597235,-4.67866297773382
1.59724,-4.67777049250389
1.597245,-4.67687796360457
1.59725,-4.67598539130971
1.597255,-4.67509277589303
1.59726,-4.67420011762794
1.597265,-4.67330741678759
1.59727,-4.67241467364498
1.597275,-4.6715218884728
1.59728,-4.67062906154373
1.597285,-4.66973619312998
1.59729,-4.66884328350369
1.597295,-4.6679503329367
1.5973,-4.66705734170061
1.597305,-4.66616431006696
1.59731,-4.66527123830692
1.597315,-4.66437812669146
1.59732,-4.66348497549135
1.597325,-4.66259178497706
1.59733,-4.66169855541905
1.597335,-4.66080528708735
1.59734,-4.65991198025186
1.597345,-4.65901863518221
1.59735,-4.65812525214786
1.597355,-4.65723183141794
1.59736,-4.65633837326159
1.597365,-4.65544487794751
1.59737,-4.65455134574425
1.597375,-4.65365777692015
1.59738,-4.65276417174324
1.597385,-4.65187053048154
1.59739,-4.65097685340264
1.597395,-4.65008314077404
1.5974,-4.64918939286287
1.597405,-4.64829560993617
1.59741,-4.64740179226076
1.597415,-4.64650794010317
1.59742,-4.64561405372976
1.597425,-4.64472013340661
1.59743,-4.64382617939958
1.597435,-4.64293219197444
1.59744,-4.6420381713966
1.597445,-4.64114411793127
1.59745,-4.64025003184349
1.597455,-4.63935591339794
1.59746,-4.63846176285933
1.597465,-4.63756758049199
1.59747,-4.63667336655995
1.597475,-4.63577912132719
1.59748,-4.63488484505737
1.597485,-4.63399053801386
1.59749,-4.63309620046006
1.597495,-4.63220183265888
1.5975,-4.63130743487315
1.597505,-4.63041300736543
1.59751,-4.62951855039798
1.597515,-4.62862406423311
1.59752,-4.62772954913265
1.597525,-4.62683500535826
1.59753,-4.62594043317145
1.597535,-4.62504583283336
1.59754,-4.62415120460513
1.597545,-4.62325654874758
1.59755,-4.62236186552118
1.597555,-4.62146715518637
1.59756,-4.62057241800321
1.597565,-4.61967765423171
1.59757,-4.61878286413155
1.597575,-4.61788804796216
1.59758,-4.6169932059828
1.597585,-4.61609833845253
1.59759,-4.61520344563008
1.597595,-4.61430852777416
1.5976,-4.61341358514309
1.597605,-4.612518617995
1.59761,-4.6116236265878
1.597615,-4.61072861117917
1.59762,-4.60983357202671
1.597625,-4.60893850938761
1.59763,-4.60804342351888
1.597635,-4.60714831467743
1.59764,-4.60625318311968
1.597645,-4.6053580291022
1.59765,-4.6044628528811
1.597655,-4.60356765471226
1.59766,-4.6026724348514
1.597665,-4.601777193554
1.59767,-4.60088193107543
1.597675,-4.59998664767066
1.59768,-4.59909134359453
1.597685,-4.59819601910166
1.59769,-4.59730067444638
1.597695,-4.59640530988296
1.5977,-4.59550992566531
1.597705,-4.59461452204711
1.59771,-4.59371909928189
1.597715,-4.59282365762293
1.59772,-4.59192819732327
1.597725,-4.59103271863581
1.59773,-4.59013722181313
1.597735,-4.58924170710765
1.59774,-4.58834617477154
1.597745,-4.58745062505669
1.59775,-4.58655505821494
1.597755,-4.58565947449778
1.59776,-4.58476387415651
1.597765,-4.58386825744217
1.59777,-4.58297262460555
1.597775,-4.58207697589744
1.59778,-4.58118131156819
1.597785,-4.58028563186797
1.59779,-4.57938993704674
1.597795,-4.57849422735422
1.5978,-4.57759850304005
1.597805,-4.5767027643535
1.59781,-4.57580701154364
1.597815,-4.57491124485933
1.59782,-4.57401546454915
1.597825,-4.5731196708617
1.59783,-4.57222386404509
1.597835,-4.57132804434731
1.59784,-4.5704322120161
1.597845,-4.56953636729906
1.59785,-4.56864051044344
1.597855,-4.56774464169641
1.59786,-4.56684876130489
1.597865,-4.56595286951549
1.59787,-4.56505696657465
1.597875,-4.56416105272855
1.59788,-4.56326512822334
1.597885,-4.5623691933047
1.59789,-4.56147324821821
1.597895,-4.56057729320922
1.5979,-4.55968132852278
1.597905,-4.55878535440395
1.59791,-4.55788937109734
1.597915,-4.5569933788474
1.59792,-4.55609737789836
1.597925,-4.55520136849422
1.59793,-4.55430535087889
1.597935,-4.55340932529591
1.59794,-4.55251329198864
1.597945,-4.55161725120019
1.59795,-4.55072120317349
1.597955,-4.54982514815132
1.59796,-4.5489290863761
1.597965,-4.54803301809013
1.59797,-4.54713694353544
1.597975,-4.54624086295388
1.59798,-4.54534477658698
1.597985,-4.54444868467621
1.59799,-4.54355258746277
1.597995,-4.54265648518755
1.598,-4.54176037809127
1.598005,-4.54086426641441
1.59801,-4.53996815039736
1.598015,-4.53907203028017
1.59802,-4.53817590630266
1.598025,-4.53727977870448
1.59803,-4.53638364772499
1.598035,-4.53548751360349
1.59804,-4.5345913765789
1.598045,-4.53369523688998
1.59805,-4.53279909477527
1.598055,-4.53190295047303
1.59806,-4.53100680422148
1.598065,-4.53011065625845
1.59807,-4.52921450682159
1.598075,-4.52831835614836
1.59808,-4.52742220447591
1.598085,-4.52652605204139
1.59809,-4.52562989908152
1.598095,-4.52473374583282
1.5981,-4.52383759253173
1.598105,-4.52294143941431
1.59811,-4.52204528671644
1.598115,-4.52114913467394
1.59812,-4.52025298352221
1.598125,-4.51935683349654
1.59813,-4.51846068483193
1.598135,-4.51756453776318
1.59814,-4.51666839252497
1.598145,-4.51577224935167
1.59815,-4.51487610847742
1.598155,-4.51397997013619
1.59816,-4.51308383456161
1.598165,-4.51218770198737
1.59817,-4.51129157264665
1.598175,-4.51039544677256
1.59818,-4.50949932459794
1.598185,-4.50860320635539
1.59819,-4.50770709227743
1.598195,-4.50681098259623
1.5982,-4.50591487754376
1.598205,-4.5050187773518
1.59821,-4.50412268225188
1.598215,-4.5032265924753
1.59822,-4.50233050825329
1.598225,-4.50143442981668
1.59823,-4.50053835739616
1.598235,-4.49964229122219
1.59824,-4.49874623152495
1.598245,-4.49785017853462
1.59825,-4.4969541324809
1.598255,-4.49605809359344
1.59826,-4.49516206210157
1.598265,-4.49426603823444
1.59827,-4.49337002222106
1.598275,-4.49247401429014
1.59828,-4.49157801467016
1.598285,-4.49068202358943
1.59829,-4.48978604127595
1.598295,-4.48889006795772
1.5983,-4.4879941038623
1.598305,-4.48709814921713
1.59831,-4.48620220424941
1.598315,-4.48530626918605
1.59832,-4.48441034425402
1.598325,-4.48351442967972
1.59833,-4.48261852568959
1.598335,-4.48172263250966
1.59834,-4.4808267503659
1.598345,-4.47993087948393
1.59835,-4.47903502008934
1.598355,-4.47813917240736
1.59836,-4.47724333666297
1.598365,-4.47634751308107
1.59837,-4.47545170188615
1.598375,-4.47455590330278
1.59838,-4.47366011755503
1.598385,-4.47276434486688
1.59839,-4.47186858546212
1.598395,-4.47097283956414
1.5984,-4.47007710739646
1.598405,-4.46918138918209
1.59841,-4.4682856851439
1.598415,-4.46738999550457
1.59842,-4.46649432048649
1.598425,-4.46559866031203
1.59843,-4.46470301520314
1.598435,-4.46380738538162
1.59844,-4.46291177106909
1.598445,-4.46201617248686
1.59845,-4.4611205898562
1.598455,-4.46022502339801
1.59846,-4.459329473333
1.598465,-4.45843393988169
1.59847,-4.45753842326444
1.598475,-4.45664292370118
1.59848,-4.45574744141197
1.598485,-4.4548519766164
1.59849,-4.45395652953389
1.598495,-4.45306110038369
1.5985,-4.45216568938474
1.598505,-4.45127029675594
1.59851,-4.45037492271584
1.598515,-4.44947956748285
1.59852,-4.44858423127504
1.598525,-4.44768891431036
1.59853,-4.44679361680661
1.598535,-4.44589833898125
1.59854,-4.4450030810516
1.598545,-4.44410784323477
1.59855,-4.44321262574751
1.598555,-4.44231742880663
1.59856,-4.4414222526285
1.598565,-4.44052709742934
1.59857,-4.4396319634252
1.598575,-4.43873685083181
1.59858,-4.43784175986486
1.598585,-4.43694669073966
1.59859,-4.4360516436714
1.598595,-4.43515661887502
1.5986,-4.43426161656524
1.598605,-4.43336663695654
1.59861,-4.43247168026332
1.598615,-4.43157674669961
1.59862,-4.43068183647933
1.598625,-4.42978694981615
1.59863,-4.42889208692342
1.598635,-4.42799724801452
1.59864,-4.42710243330243
1.598645,-4.42620764299999
1.59865,-4.42531287731975
1.598655,-4.42441813647407
1.59866,-4.42352342067524
1.598665,-4.4226287301352
1.59867,-4.42173406506566
1.598675,-4.42083942567817
1.59868,-4.41994481218402
1.598685,-4.41905022479443
1.59869,-4.41815566372025
1.598695,-4.41726112917216
1.5987,-4.41636662136066
1.598705,-4.41547214049596
1.59871,-4.41457768678822
1.598715,-4.41368326044721
1.59872,-4.4127888616826
1.598725,-4.41189449070381
1.59873,-4.41100014772003
1.598735,-4.41010583294017
1.59874,-4.4092115465732
1.598745,-4.40831728882758
1.59875,-4.40742305991172
1.598755,-4.40652886003375
1.59876,-4.40563468940155
1.598765,-4.40474054822295
1.59877,-4.40384643670545
1.598775,-4.40295235505635
1.59878,-4.40205830348272
1.598785,-4.40116428219139
1.59879,-4.40027029138919
1.598795,-4.39937633128248
1.5988,-4.39848240207754
1.598805,-4.39758850398044
1.59881,-4.3966946371969
1.598815,-4.39580080193267
1.59882,-4.39490699839313
1.598825,-4.39401322678346
1.59883,-4.39311948730867
1.598835,-4.39222578017348
1.59884,-4.39133210558257
1.598845,-4.39043846374023
1.59885,-4.38954485485063
1.598855,-4.3886512791177
1.59886,-4.38775773674519
1.598865,-4.38686422793656
1.59887,-4.38597075289524
1.598875,-4.38507731182424
1.59888,-4.38418390492649
1.598885,-4.38329053240466
1.59889,-4.38239719446117
1.598895,-4.38150389129843
1.5989,-4.38061062311837
1.598905,-4.37971739012291
1.59891,-4.37882419251366
1.598915,-4.37793103049195
1.59892,-4.37703790425919
1.598925,-4.37614481401628
1.59893,-4.37525175996405
1.598935,-4.37435874230306
1.59894,-4.37346576123369
1.598945,-4.37257281695622
1.59895,-4.37167990967053
1.598955,-4.37078703957638
1.59896,-4.36989420687336
1.598965,-4.36900141176077
1.59897,-4.36810865443773
1.598975,-4.36721593510325
1.59898,-4.36632325395603
1.598985,-4.36543061119453
1.59899,-4.36453800701711
1.598995,-4.36364544162178
1.599,-4.36275291520651
1.599005,-4.36186042796901
1.59901,-4.36096798010668
1.599015,-4.36007557181681
1.59902,-4.3591832032964
1.599025,-4.35829087474241
1.59903,-4.35739858635145
1.599035,-4.35650633831994
1.59904,-4.35561413084412
1.599045,-4.35472196411993
1.59905,-4.35382983834335
1.599055,-4.35293775370988
1.59906,-4.35204571041497
1.599065,-4.35115370865379
1.59907,-4.35026174862127
1.599075,-4.34936983051233
1.59908,-4.34847795452148
1.599085,-4.34758612084307
1.59909,-4.34669432967131
1.599095,-4.34580258120014
1.5991,-4.34491087562321
1.599105,-4.34401921313427
1.59911,-4.3431275939265
1.599115,-4.34223601819314
1.59912,-4.34134448612704
1.599125,-4.34045299792093
1.59913,-4.33956155376736
1.599135,-4.33867015385869
1.59914,-4.33777879838693
1.599145,-4.33688748754408
1.59915,-4.33599622152167
1.599155,-4.33510500051142
1.59916,-4.33421382470446
1.599165,-4.33332269429196
1.59917,-4.33243160946471
1.599175,-4.33154057041338
1.59918,-4.33064957732856
1.599185,-4.32975863040044
1.59919,-4.32886772981908
1.599195,-4.32797687577432
1.5992,-4.32708606845578
1.599205,-4.32619530805299
1.59921,-4.32530459475517
1.599215,-4.32441392875132
1.59922,-4.32352331023031
1.599225,-4.32263273938074
1.59923,-4.32174221639101
1.599235,-4.32085174144941
1.59924,-4.31996131474396
1.599245,-4.31907093646242
1.59925,-4.31818060679244
1.599255,-4.31729032592134
1.59926,-4.31640009403645
1.599265,-4.31550991132476
1.59927,-4.31461977797299
1.599275,-4.31372969416781
1.59928,-4.31283966009548
1.599285,-4.31194967594236
1.59929,-4.31105974189438
1.599295,-4.31016985813729
1.5993,-4.3092800248567
1.599305,-4.30839024223791
1.59931,-4.30750051046624
1.599315,-4.30661082972657
1.59932,-4.30572120020367
1.599325,-4.30483162208219
1.59933,-4.30394209554633
1.599335,-4.30305262078043
1.59934,-4.30216319796842
1.599345,-4.301273827294
1.59935,-4.30038450894078
1.599355,-4.29949524309208
1.59936,-4.29860602993104
1.599365,-4.2977168696407
1.59937,-4.29682776240375
1.599375,-4.29593870840277
1.59938,-4.29504970782011
1.599385,-4.29416076083786
1.59939,-4.29327186763808
1.599395,-4.29238302840245
1.5994,-4.29149424331255
1.599405,-4.29060551254969
1.59941,-4.28971683629496
1.599415,-4.28882821472945
1.59942,-4.28793964803386
1.599425,-4.28705113638869
1.59943,-4.28616267997433
1.599435,-4.28527427897081
1.59944,-4.28438593355823
1.599445,-4.28349764391628
1.59945,-4.28260941022451
1.599455,-4.28172123266224
1.59946,-4.28083311140858
1.599465,-4.27994504664257
1.59947,-4.27905703854291
1.599475,-4.27816908728815
1.59948,-4.27728119305665
1.599485,-4.27639335602653
1.59949,-4.2755055763757
1.599495,-4.27461785428201
1.5995,-4.27373018992296
1.599505,-4.27284258347591
1.59951,-4.27195503511803
1.599515,-4.27106754502617
1.59952,-4.27018011337724
1.599525,-4.26929274034773
1.59953,-4.26840542611401
1.599535,-4.26751817085221
1.59954,-4.26663097473825
1.599545,-4.26574383794803
1.59955,-4.26485676065705
1.599555,-4.26396974304066
1.59956,-4.26308278527407
1.599565,-4.26219588753214
1.59957,-4.26130904998978
1.599575,-4.26042227282154
1.59958,-4.25953555620179
1.599585,-4.25864890030469
1.59959,-4.25776230530417
1.599595,-4.25687577137416
1.5996,-4.2559892986882
1.599605,-4.25510288741964
1.59961,-4.2542165377417
1.599615,-4.2533302498274
1.59962,-4.25244402384947
1.599625,-4.25155785998063
1.59963,-4.25067175839323
1.599635,-4.2497857192595
1.59964,-4.24889974275147
1.599645,-4.24801382904086
1.59965,-4.24712797829943
1.599655,-4.24624219069858
1.59966,-4.24535646640951
1.599665,-4.24447080560329
1.59967,-4.24358520845069
1.599675,-4.24269967512247
1.59968,-4.241814205789
1.599685,-4.24092880062059
1.59969,-4.24004345978728
1.599695,-4.23915818345885
1.5997,-4.2382729718051
1.599705,-4.23738782499547
1.59971,-4.2365027431992
1.599715,-4.23561772658543
1.59972,-4.23473277532303
1.599725,-4.23384788958061
1.59973,-4.2329630695268
1.599735,-4.23207831532987
1.59974,-4.23119362715794
1.599745,-4.23030900517889
1.59975,-4.22942444956039
1.599755,-4.22853996047013
1.59976,-4.22765553807534
1.599765,-4.2267711825432
1.59977,-4.22588689404066
1.599775,-4.22500267273436
1.59978,-4.22411851879106
1.599785,-4.22323443237702
1.59979,-4.2223504136584
1.599795,-4.22146646280123
1.5998,-4.22058257997121
1.599805,-4.21969876533407
1.59981,-4.21881501905516
1.599815,-4.21793134129965
1.59982,-4.21704773223257
1.599825,-4.21616419201872
1.59983,-4.21528072082281
1.599835,-4.21439731880926
1.59984,-4.2135139861423
1.599845,-4.21263072298595
1.59985,-4.21174752950414
1.599855,-4.21086440586042
1.59986,-4.20998135221841
1.599865,-4.20909836874135
1.59987,-4.20821545559232
1.599875,-4.20733261293423
1.59988,-4.20644984092973
1.599885,-4.20556713974148
1.59989,-4.20468450953173
1.599895,-4.20380195046258
1.5999,-4.20291946269607
1.599905,-4.20203704639383
1.59991,-4.20115470171754
1.599915,-4.20027242882855
1.59992,-4.19939022788801
1.599925,-4.19850809905694
1.59993,-4.19762604249606
1.599935,-4.19674405836614
1.59994,-4.19586214682749
1.599945,-4.19498030804038
1.59995,-4.19409854216486
1.599955,-4.19321684936066
1.59996,-4.19233522978764
1.599965,-4.19145368360513
1.59997,-4.19057221097251
1.599975,-4.1896908120488
1.59998,-4.18880948699291
1.599985,-4.18792823596352
1.59999,-4.18704705911925
1.599995,-4.18616595661839
1.6,-4.18528492861908
