"Freq [GHz]","dB(S(1,1)) []"
1.55,-2.49298943971761
1.550005,-2.49355391749301
1.55001,-2.49411853962836
1.550015,-2.49468330614849
1.55002,-2.49524821707808
1.550025,-2.4958132724419
1.55003,-2.49637847226467
1.550035,-2.49694381657104
1.55004,-2.49750930538577
1.550045,-2.49807493873344
1.55005,-2.49864071663877
1.550055,-2.4992066391264
1.55006,-2.4997727062209
1.550065,-2.50033891794692
1.55007,-2.50090527432906
1.550075,-2.50147177539185
1.55008,-2.50203842115992
1.550085,-2.50260521165775
1.55009,-2.50317214690991
1.550095,-2.50373922694093
1.5501,-2.50430645177526
1.550105,-2.50487382143745
1.55011,-2.50544133595191
1.550115,-2.50600899534312
1.55012,-2.50657679963552
1.550125,-2.50714474885353
1.55013,-2.50771284302156
1.550135,-2.50828108216401
1.55014,-2.50884946630523
1.550145,-2.50941799546962
1.55015,-2.50998666968149
1.550155,-2.51055548896516
1.55016,-2.51112445334501
1.550165,-2.51169356284526
1.55017,-2.51226281749024
1.550175,-2.51283221730419
1.55018,-2.51340176231136
1.550185,-2.51397145253603
1.55019,-2.51454128800235
1.550195,-2.51511126873455
1.5502,-2.51568139475685
1.550205,-2.51625166609337
1.55021,-2.5168220827683
1.550215,-2.51739264480574
1.55022,-2.51796335222984
1.550225,-2.51853420506472
1.55023,-2.51910520333443
1.550235,-2.51967634706308
1.55024,-2.52024763627468
1.550245,-2.52081907099331
1.55025,-2.521390651243
1.550255,-2.52196237704772
1.55026,-2.52253424843149
1.550265,-2.52310626541831
1.55027,-2.52367842803207
1.550275,-2.52425073629677
1.55028,-2.52482319023631
1.550285,-2.5253957898746
1.55029,-2.52596853523557
1.550295,-2.52654142634304
1.5503,-2.52711446322091
1.550305,-2.52768764589299
1.55031,-2.52826097438313
1.550315,-2.52883444871514
1.55032,-2.52940806891281
1.550325,-2.5299818349999
1.55033,-2.53055574700021
1.550335,-2.53112980493744
1.55034,-2.53170400883535
1.550345,-2.53227835871761
1.55035,-2.53285285460794
1.550355,-2.53342749653003
1.55036,-2.5340022845075
1.550365,-2.53457721856402
1.55037,-2.5351522987232
1.550375,-2.53572752500864
1.55038,-2.53630289744396
1.550385,-2.5368784160527
1.55039,-2.53745408085844
1.550395,-2.53802989188472
1.5504,-2.53860584915503
1.550405,-2.53918195269292
1.55041,-2.53975820252184
1.550415,-2.54033459866527
1.55042,-2.54091114114669
1.550425,-2.54148782998948
1.55043,-2.54206466521712
1.550435,-2.54264164685296
1.55044,-2.5432187749204
1.550445,-2.54379604944283
1.55045,-2.54437347044357
1.550455,-2.54495103794594
1.55046,-2.5455287519733
1.550465,-2.5461066125489
1.55047,-2.54668461969606
1.550475,-2.54726277343798
1.55048,-2.54784107379795
1.550485,-2.5484195207992
1.55049,-2.54899811446491
1.550495,-2.5495768548183
1.5505,-2.55015574188249
1.550505,-2.55073477568067
1.55051,-2.55131395623599
1.550515,-2.55189328357153
1.55052,-2.55247275771041
1.550525,-2.55305237867573
1.55053,-2.55363214649052
1.550535,-2.55421206117787
1.55054,-2.55479212276076
1.550545,-2.55537233126221
1.55055,-2.55595268670525
1.550555,-2.5565331891128
1.55056,-2.55711383850787
1.550565,-2.55769463491336
1.55057,-2.55827557835219
1.550575,-2.55885666884729
1.55058,-2.5594379064215
1.550585,-2.56001929109771
1.55059,-2.56060082289879
1.550595,-2.56118250184753
1.5506,-2.56176432796676
1.550605,-2.56234630127924
1.55061,-2.56292842180777
1.550615,-2.56351068957513
1.55062,-2.56409310460399
1.550625,-2.56467566691712
1.55063,-2.56525837653718
1.550635,-2.56584123348688
1.55064,-2.56642423778888
1.550645,-2.5670073894658
1.55065,-2.56759068854026
1.550655,-2.56817413503492
1.55066,-2.5687577289723
1.550665,-2.56934147037501
1.55067,-2.56992535926556
1.550675,-2.57050939566651
1.55068,-2.57109357960037
1.550685,-2.57167791108961
1.55069,-2.57226239015672
1.550695,-2.57284701682416
1.5507,-2.57343179111434
1.550705,-2.57401671304971
1.55071,-2.57460178265262
1.550715,-2.57518699994548
1.55072,-2.57577236495066
1.550725,-2.57635787769045
1.55073,-2.57694353818723
1.550735,-2.57752934646325
1.55074,-2.5781153025408
1.550745,-2.57870140644218
1.55075,-2.57928765818958
1.550755,-2.57987405780525
1.55076,-2.58046060531142
1.550765,-2.58104730073021
1.55077,-2.58163414408385
1.550775,-2.58222113539443
1.55078,-2.5828082746841
1.550785,-2.58339556197498
1.55079,-2.58398299728914
1.550795,-2.58457058064865
1.5508,-2.58515831207555
1.550805,-2.58574619159186
1.55081,-2.58633421921964
1.550815,-2.5869223949808
1.55082,-2.58751071889735
1.550825,-2.58809919099125
1.55083,-2.58868781128439
1.550835,-2.58927657979874
1.55084,-2.5898654965561
1.550845,-2.59045456157841
1.55085,-2.5910437748875
1.550855,-2.59163313650518
1.55086,-2.59222264645329
1.550865,-2.59281230475358
1.55087,-2.59340211142783
1.550875,-2.59399206649782
1.55088,-2.59458216998523
1.550885,-2.5951724219118
1.55089,-2.59576282229921
1.550895,-2.59635337116911
1.5509,-2.59694406854318
1.550905,-2.597534914443
1.55091,-2.59812590889022
1.550915,-2.5987170519064
1.55092,-2.5993083435131
1.550925,-2.59989978373189
1.55093,-2.60049137258427
1.550935,-2.60108311009174
1.55094,-2.60167499627582
1.550945,-2.60226703115791
1.55095,-2.6028592147595
1.550955,-2.60345154710202
1.55096,-2.60404402820681
1.550965,-2.60463665809532
1.55097,-2.60522943678883
1.550975,-2.60582236430874
1.55098,-2.60641544067637
1.550985,-2.60700866591295
1.55099,-2.60760204003983
1.550995,-2.60819556307821
1.551,-2.60878923504933
1.551005,-2.60938305597444
1.55101,-2.60997702587469
1.551015,-2.61057114477124
1.55102,-2.6111654126853
1.551025,-2.61175982963793
1.55103,-2.61235439565028
1.551035,-2.6129491107434
1.55104,-2.61354397493837
1.551045,-2.61413898825625
1.55105,-2.61473415071803
1.551055,-2.61532946234473
1.55106,-2.6159249231573
1.551065,-2.61652053317672
1.55107,-2.61711629242394
1.551075,-2.61771220091983
1.55108,-2.6183082586853
1.551085,-2.61890446574125
1.55109,-2.61950082210848
1.551095,-2.62009732780785
1.5511,-2.62069398286014
1.551105,-2.62129078728616
1.55111,-2.62188774110667
1.551115,-2.62248484434237
1.55112,-2.62308209701403
1.551125,-2.62367949914231
1.55113,-2.62427705074789
1.551135,-2.62487475185146
1.55114,-2.62547260247358
1.551145,-2.62607060263491
1.55115,-2.62666875235604
1.551155,-2.6272670516575
1.55116,-2.62786550055986
1.551165,-2.62846409908361
1.55117,-2.62906284724926
1.551175,-2.62966174507733
1.55118,-2.63026079258821
1.551185,-2.63085998980237
1.55119,-2.63145933674019
1.551195,-2.63205883342205
1.5512,-2.63265847986837
1.551205,-2.63325827609944
1.55121,-2.63385822213559
1.551215,-2.63445831799714
1.55122,-2.63505856370433
1.551225,-2.63565895927743
1.55123,-2.63625950473666
1.551235,-2.63686020010221
1.55124,-2.63746104539432
1.551245,-2.6380620406331
1.55125,-2.63866318583871
1.551255,-2.63926448103124
1.55126,-2.63986592623081
1.551265,-2.64046752145749
1.55127,-2.6410692667313
1.551275,-2.64167116207227
1.55128,-2.64227320750044
1.551285,-2.64287540303573
1.55129,-2.64347774869815
1.551295,-2.64408024450758
1.5513,-2.64468289048395
1.551305,-2.64528568664717
1.55131,-2.64588863301706
1.551315,-2.6464917296135
1.55132,-2.64709497645627
1.551325,-2.64769837356517
1.55133,-2.64830192095998
1.551335,-2.64890561866045
1.55134,-2.64950946668629
1.551345,-2.65011346505721
1.55135,-2.65071761379287
1.551355,-2.65132191291295
1.55136,-2.65192636243703
1.551365,-2.65253096238475
1.55137,-2.65313571277571
1.551375,-2.65374061362942
1.55138,-2.65434566496545
1.551385,-2.65495086680329
1.55139,-2.65555621916242
1.551395,-2.65616172206235
1.5514,-2.65676737552245
1.551405,-2.65737317956218
1.55141,-2.65797913420095
1.551415,-2.65858523945806
1.55142,-2.65919149535293
1.551425,-2.65979790190481
1.55143,-2.66040445913304
1.551435,-2.66101116705689
1.55144,-2.66161802569557
1.551445,-2.66222503506832
1.55145,-2.66283219519438
1.551455,-2.66343950609286
1.55146,-2.66404696778297
1.551465,-2.66465458028378
1.55147,-2.66526234361443
1.551475,-2.66587025779399
1.55148,-2.66647832284149
1.551485,-2.667086538776
1.55149,-2.66769490561647
1.551495,-2.66830342338192
1.5515,-2.66891209209132
1.551505,-2.66952091176354
1.55151,-2.67012988241752
1.551515,-2.67073900407216
1.55152,-2.67134827674628
1.551525,-2.67195770045875
1.55153,-2.67256727522833
1.551535,-2.67317700107382
1.55154,-2.673786878014
1.551545,-2.67439690606757
1.55155,-2.67500708525328
1.551555,-2.67561741558975
1.55156,-2.67622789709568
1.551565,-2.6768385297897
1.55157,-2.6774493136904
1.551575,-2.67806024881637
1.55158,-2.67867133518618
1.551585,-2.67928257281834
1.55159,-2.67989396173137
1.551595,-2.68050550194373
1.5516,-2.6811171934739
1.551605,-2.68172903634032
1.55161,-2.68234103056135
1.551615,-2.68295317615542
1.55162,-2.68356547314085
1.551625,-2.68417792153596
1.55163,-2.6847905213591
1.551635,-2.6854032726285
1.55164,-2.68601617536242
1.551645,-2.68662922957913
1.55165,-2.68724243529677
1.551655,-2.68785579253356
1.55166,-2.68846930130761
1.551665,-2.68908296163707
1.55167,-2.68969677354004
1.551675,-2.69031073703457
1.55168,-2.69092485213874
1.551685,-2.69153911887052
1.55169,-2.69215353724792
1.551695,-2.69276810728896
1.5517,-2.6933828290115
1.551705,-2.69399770243351
1.55171,-2.69461272757288
1.551715,-2.69522790444742
1.55172,-2.69584323307504
1.551725,-2.69645871347349
1.55173,-2.69707434566057
1.551735,-2.69769012965407
1.55174,-2.69830606547168
1.551745,-2.69892215313113
1.55175,-2.69953839265008
1.551755,-2.70015478404618
1.55176,-2.70077132733709
1.551765,-2.70138802254037
1.55177,-2.7020048696736
1.551775,-2.70262186875437
1.55178,-2.70323901980012
1.551785,-2.70385632282842
1.55179,-2.70447377785667
1.551795,-2.70509138490235
1.5518,-2.70570914398287
1.551805,-2.70632705511559
1.55181,-2.70694511831789
1.551815,-2.70756333360708
1.55182,-2.70818170100048
1.551825,-2.70880022051538
1.55183,-2.70941889216899
1.551835,-2.71003771597856
1.55184,-2.71065669196131
1.551845,-2.71127582013434
1.55185,-2.71189510051487
1.551855,-2.71251453311993
1.55186,-2.71313411796667
1.551865,-2.71375385507213
1.55187,-2.71437374445334
1.551875,-2.71499378612731
1.55188,-2.715613980111
1.551885,-2.71623432642137
1.55189,-2.71685482507535
1.551895,-2.71747547608982
1.5519,-2.71809627948164
1.551905,-2.71871723526768
1.55191,-2.71933834346472
1.551915,-2.71995960408956
1.55192,-2.72058101715894
1.551925,-2.7212025826896
1.55193,-2.72182430069824
1.551935,-2.72244617120152
1.55194,-2.72306819421611
1.551945,-2.72369036975858
1.55195,-2.72431269784555
1.551955,-2.72493517849359
1.55196,-2.72555781171919
1.551965,-2.72618059753888
1.55197,-2.72680353596916
1.551975,-2.72742662702641
1.55198,-2.72804987072713
1.551985,-2.72867326708764
1.55199,-2.72929681612432
1.551995,-2.72992051785354
1.552,-2.73054437229156
1.552005,-2.73116837945469
1.55201,-2.73179253935913
1.552015,-2.73241685202115
1.55202,-2.73304131745693
1.552025,-2.7336659356826
1.55203,-2.73429070671431
1.552035,-2.7349156305682
1.55204,-2.7355407072603
1.552045,-2.73616593680669
1.55205,-2.73679131922333
1.552055,-2.73741685452627
1.55206,-2.73804254273147
1.552065,-2.73866838385481
1.55207,-2.73929437791224
1.552075,-2.7399205249196
1.55208,-2.74054682489276
1.552085,-2.74117327784753
1.55209,-2.74179988379968
1.552095,-2.74242664276497
1.5521,-2.74305355475914
1.552105,-2.74368061979788
1.55211,-2.74430783789687
1.552115,-2.74493520907172
1.55212,-2.74556273333806
1.552125,-2.74619041071148
1.55213,-2.74681824120749
1.552135,-2.74744622484167
1.55214,-2.74807436162946
1.552145,-2.74870265158634
1.55215,-2.74933109472776
1.552155,-2.74995969106909
1.55216,-2.75058844062571
1.552165,-2.75121734341299
1.55217,-2.75184639944621
1.552175,-2.75247560874067
1.55218,-2.75310497131161
1.552185,-2.75373448717426
1.55219,-2.75436415634383
1.552195,-2.75499397883545
1.5522,-2.75562395466427
1.552205,-2.75625408384541
1.55221,-2.7568843663939
1.552215,-2.75751480232483
1.55222,-2.75814539165317
1.552225,-2.75877613439391
1.55223,-2.75940703056204
1.552235,-2.76003808017243
1.55224,-2.76066928324
1.552245,-2.76130063977959
1.55225,-2.76193214980603
1.552255,-2.76256381333415
1.55226,-2.76319563037868
1.552265,-2.76382760095437
1.55227,-2.76445972507595
1.552275,-2.76509200275806
1.55228,-2.76572443401537
1.552285,-2.76635701886247
1.55229,-2.76698975731396
1.552295,-2.76762264938441
1.5523,-2.76825569508829
1.552305,-2.76888889444015
1.55231,-2.7695222474544
1.552315,-2.77015575414548
1.55232,-2.77078941452783
1.552325,-2.77142322861575
1.55233,-2.77205719642361
1.552335,-2.77269131796573
1.55234,-2.77332559325633
1.552345,-2.77396002230972
1.55235,-2.77459460514005
1.552355,-2.77522934176151
1.55236,-2.77586423218828
1.552365,-2.77649927643443
1.55237,-2.77713447451408
1.552375,-2.77776982644124
1.55238,-2.77840533222996
1.552385,-2.77904099189424
1.55239,-2.77967680544801
1.552395,-2.7803127729052
1.5524,-2.78094889427972
1.552405,-2.7815851695854
1.55241,-2.78222159883611
1.552415,-2.7828581820456
1.55242,-2.78349491922767
1.552425,-2.78413181039605
1.55243,-2.78476885556441
1.552435,-2.78540605474647
1.55244,-2.78604340795581
1.552445,-2.78668091520607
1.55245,-2.78731857651084
1.552455,-2.7879563918836
1.55246,-2.78859436133789
1.552465,-2.78923248488722
1.55247,-2.78987076254497
1.552475,-2.7905091943246
1.55248,-2.79114778023945
1.552485,-2.79178652030287
1.55249,-2.79242541452821
1.552495,-2.79306446292871
1.5525,-2.79370366551764
1.552505,-2.79434302230819
1.55251,-2.79498253331356
1.552515,-2.7956221985469
1.55252,-2.7962620180213
1.552525,-2.79690199174986
1.55253,-2.79754211974566
1.552535,-2.79818240202166
1.55254,-2.79882283859089
1.552545,-2.79946342946627
1.55255,-2.80010417466072
1.552555,-2.80074507418715
1.55256,-2.80138612805837
1.552565,-2.80202733628726
1.55257,-2.80266869888652
1.552575,-2.80331021586895
1.55258,-2.8039518872473
1.552585,-2.80459371303418
1.55259,-2.80523569324228
1.552595,-2.80587782788423
1.5526,-2.80652011697257
1.552605,-2.80716256051991
1.55261,-2.8078051585387
1.552615,-2.80844791104144
1.55262,-2.80909081804064
1.552625,-2.80973387954862
1.55263,-2.81037709557784
1.552635,-2.81102046614058
1.55264,-2.81166399124918
1.552645,-2.81230767091595
1.55265,-2.81295150515308
1.552655,-2.81359549397282
1.55266,-2.81423963738734
1.552665,-2.81488393540876
1.55267,-2.81552838804921
1.552675,-2.81617299532074
1.55268,-2.81681775723541
1.552685,-2.81746267380523
1.55269,-2.81810774504215
1.552695,-2.81875297095812
1.5527,-2.81939835156503
1.552705,-2.82004388687473
1.55271,-2.82068957689912
1.552715,-2.8213354216499
1.55272,-2.82198142113891
1.552725,-2.82262757537785
1.55273,-2.82327388437841
1.552735,-2.82392034815225
1.55274,-2.82456696671099
1.552745,-2.82521374006621
1.55275,-2.82586066822951
1.552755,-2.82650775121234
1.55276,-2.82715498902625
1.552765,-2.82780238168262
1.55277,-2.8284499291929
1.552775,-2.82909763156849
1.55278,-2.82974548882069
1.552785,-2.83039350096081
1.55279,-2.83104166800016
1.552795,-2.83168998994994
1.5528,-2.83233846682137
1.552805,-2.83298709862559
1.55281,-2.83363588537374
1.552815,-2.83428482707696
1.55282,-2.83493392374623
1.552825,-2.83558317539264
1.55283,-2.83623258202713
1.552835,-2.83688214366066
1.55284,-2.83753186030417
1.552845,-2.83818173196851
1.55285,-2.83883175866453
1.552855,-2.83948194040308
1.55286,-2.84013227719487
1.552865,-2.84078276905067
1.55287,-2.84143341598116
1.552875,-2.84208421799701
1.55288,-2.84273517510887
1.552885,-2.84338628732729
1.55289,-2.84403755466287
1.552895,-2.84468897712607
1.5529,-2.84534055472741
1.552905,-2.84599228747735
1.55291,-2.84664417538625
1.552915,-2.84729621846451
1.55292,-2.8479484167225
1.552925,-2.84860077017045
1.55293,-2.84925327881868
1.552935,-2.84990594267737
1.55294,-2.85055876175672
1.552945,-2.85121173606691
1.55295,-2.85186486561803
1.552955,-2.85251815042015
1.55296,-2.85317159048335
1.552965,-2.85382518581759
1.55297,-2.85447893643286
1.552975,-2.85513284233908
1.55298,-2.85578690354614
1.552985,-2.85644112006392
1.55299,-2.85709549190219
1.552995,-2.85775001907079
1.553,-2.85840470157942
1.553005,-2.85905953943779
1.55301,-2.85971453265559
1.553015,-2.86036968124242
1.55302,-2.86102498520789
1.553025,-2.86168044456159
1.55303,-2.86233605931297
1.553035,-2.86299182947158
1.55304,-2.86364775504679
1.553045,-2.86430383604804
1.55305,-2.86496007248473
1.553055,-2.86561646436614
1.55306,-2.86627301170159
1.553065,-2.8669297145003
1.55307,-2.86758657277151
1.553075,-2.86824358652442
1.55308,-2.8689007557681
1.553085,-2.8695580805117
1.55309,-2.87021556076431
1.553095,-2.87087319653488
1.5531,-2.87153098783247
1.553105,-2.87218893466596
1.55311,-2.87284703704429
1.553115,-2.87350529497635
1.55312,-2.87416370847093
1.553125,-2.87482227753687
1.55313,-2.87548100218288
1.553135,-2.87613988241769
1.55314,-2.87679891824999
1.553145,-2.8774581096884
1.55315,-2.87811745674153
1.553155,-2.87877695941795
1.55316,-2.87943661772616
1.553165,-2.88009643167468
1.55317,-2.8807564012719
1.553175,-2.88141652652624
1.55318,-2.88207680744611
1.553185,-2.88273724403978
1.55319,-2.88339783631558
1.553195,-2.88405858428171
1.5532,-2.88471948794641
1.553205,-2.88538054731787
1.55321,-2.88604176240416
1.553215,-2.88670313321341
1.55322,-2.88736465975368
1.553225,-2.88802634203295
1.55323,-2.88868818005922
1.553235,-2.88935017384039
1.55324,-2.89001232338437
1.553245,-2.89067462869903
1.55325,-2.89133708979213
1.553255,-2.8919997066715
1.55326,-2.89266247934483
1.553265,-2.89332540781982
1.55327,-2.89398849210415
1.553275,-2.8946517322054
1.55328,-2.89531512813114
1.553285,-2.89597867988895
1.55329,-2.89664238748626
1.553295,-2.89730625093057
1.5533,-2.89797027022927
1.553305,-2.8986344453897
1.55331,-2.89929877641925
1.553315,-2.89996326332516
1.55332,-2.90062790611471
1.553325,-2.90129270479508
1.55333,-2.90195765937345
1.553335,-2.90262276985699
1.55334,-2.9032880362527
1.553345,-2.90395345856768
1.55335,-2.90461903680895
1.553355,-2.90528477098342
1.55336,-2.90595066109807
1.553365,-2.90661670715974
1.55337,-2.90728290917528
1.553375,-2.90794926715151
1.55338,-2.90861578109514
1.553385,-2.90928245101295
1.55339,-2.90994927691157
1.553395,-2.91061625879764
1.5534,-2.91128339667778
1.553405,-2.9119506905585
1.55341,-2.91261814044635
1.553415,-2.91328574634779
1.55342,-2.91395350826921
1.553425,-2.91462142621705
1.55343,-2.91528950019762
1.553435,-2.91595773021722
1.55344,-2.91662611628213
1.553445,-2.91729465839854
1.55345,-2.91796335657268
1.553455,-2.91863221081062
1.55346,-2.91930122111847
1.553465,-2.91997038750233
1.55347,-2.92063970996813
1.553475,-2.92130918852188
1.55348,-2.92197882316952
1.553485,-2.9226486139169
1.55349,-2.92331856076988
1.553495,-2.92398866373422
1.5535,-2.92465892281572
1.553505,-2.92532933802008
1.55351,-2.92599990935294
1.553515,-2.92667063681999
1.55352,-2.92734152042673
1.553525,-2.92801256017876
1.55353,-2.92868375608158
1.553535,-2.9293551081406
1.55354,-2.93002661636128
1.553545,-2.93069828074898
1.55355,-2.931370101309
1.553555,-2.93204207804669
1.55356,-2.9327142109672
1.553565,-2.93338650007579
1.55357,-2.93405894537762
1.553575,-2.93473154687775
1.55358,-2.93540430458131
1.553585,-2.93607721849327
1.55359,-2.93675028861865
1.553595,-2.93742351496238
1.5536,-2.93809689752935
1.553605,-2.93877043632439
1.55361,-2.93944413135237
1.553615,-2.94011798261798
1.55362,-2.94079199012599
1.553625,-2.94146615388106
1.55363,-2.94214047388781
1.553635,-2.94281495015088
1.55364,-2.94348958267474
1.553645,-2.94416437146397
1.55365,-2.94483931652295
1.553655,-2.94551441785614
1.55366,-2.94618967546791
1.553665,-2.94686508936257
1.55367,-2.94754065954439
1.553675,-2.94821638601765
1.55368,-2.94889226878649
1.553685,-2.9495683078551
1.55369,-2.95024450322755
1.553695,-2.9509208549079
1.5537,-2.95159736290022
1.553705,-2.95227402720839
1.55371,-2.95295084783639
1.553715,-2.95362782478811
1.55372,-2.95430495806736
1.553725,-2.95498224767794
1.55373,-2.95565969362358
1.553735,-2.95633729590799
1.55374,-2.95701505453485
1.553745,-2.95769296950773
1.55375,-2.95837104083023
1.553755,-2.95904926850584
1.55376,-2.95972765253805
1.553765,-2.96040619293031
1.55377,-2.96108488968597
1.553775,-2.96176374280837
1.55378,-2.96244275230085
1.553785,-2.9631219181666
1.55379,-2.96380124040887
1.553795,-2.96448071903078
1.5538,-2.96516035403545
1.553805,-2.96584014542598
1.55381,-2.96652009320534
1.553815,-2.96720019737655
1.55382,-2.96788045794249
1.553825,-2.96856087490607
1.55383,-2.96924144827016
1.553835,-2.96992217803748
1.55384,-2.9706030642108
1.553845,-2.97128410679286
1.55385,-2.97196530578626
1.553855,-2.97264666119364
1.55386,-2.97332817301753
1.553865,-2.97400984126046
1.55387,-2.97469166592491
1.553875,-2.97537364701326
1.55388,-2.97605578452793
1.553885,-2.97673807847121
1.55389,-2.9774205288454
1.553895,-2.97810313565273
1.5539,-2.97878589889538
1.553905,-2.97946881857549
1.55391,-2.98015189469519
1.553915,-2.98083512725646
1.55392,-2.98151851626136
1.553925,-2.9822020617118
1.55393,-2.9828857636097
1.553935,-2.98356962195695
1.55394,-2.98425363675529
1.553945,-2.98493780800656
1.55395,-2.98562213571241
1.553955,-2.98630661987455
1.55396,-2.98699126049461
1.553965,-2.98767605757412
1.55397,-2.98836101111462
1.553975,-2.98904612111764
1.55398,-2.98973138758454
1.553985,-2.99041681051676
1.55399,-2.99110238991559
1.553995,-2.99178812578233
1.554,-2.99247401811826
1.554005,-2.9931600669245
1.55401,-2.99384627220226
1.554015,-2.9945326339526
1.55402,-2.99521915217657
1.554025,-2.9959058268752
1.55403,-2.9965926580494
1.554035,-2.99727964570009
1.55404,-2.99796678982814
1.554045,-2.99865409043433
1.55405,-2.99934154751945
1.554055,-3.00002916108416
1.55406,-3.00071693112915
1.554065,-3.00140485765507
1.55407,-3.00209294066241
1.554075,-3.00278118015176
1.55408,-3.00346957612351
1.554085,-3.00415812857812
1.55409,-3.00484683751597
1.554095,-3.00553570293735
1.5541,-3.00622472484253
1.554105,-3.00691390323177
1.55411,-3.0076032381052
1.554115,-3.00829272946297
1.55412,-3.00898237730513
1.554125,-3.0096721816317
1.55413,-3.01036214244271
1.554135,-3.01105225973801
1.55414,-3.01174253351754
1.554145,-3.01243296378107
1.55415,-3.01312355052841
1.554155,-3.01381429375931
1.55416,-3.01450519347339
1.554165,-3.01519624967031
1.55417,-3.01588746234966
1.554175,-3.01657883151094
1.55418,-3.01727035715367
1.554185,-3.01796203927721
1.55419,-3.01865387788098
1.554195,-3.01934587296433
1.5542,-3.02003802452648
1.554205,-3.02073033256672
1.55421,-3.02142279708417
1.554215,-3.02211541807798
1.55422,-3.02280819554726
1.554225,-3.02350112949097
1.55423,-3.02419421990813
1.554235,-3.02488746679767
1.55424,-3.02558087015842
1.554245,-3.02627442998926
1.55425,-3.02696814628891
1.554255,-3.02766201905611
1.55426,-3.02835604828956
1.554265,-3.02905023398784
1.55427,-3.02974457614955
1.554275,-3.03043907477317
1.55428,-3.03113372985718
1.554285,-3.03182854140003
1.55429,-3.03252350940004
1.554295,-3.03321863385554
1.5543,-3.03391391476481
1.554305,-3.03460935212602
1.55431,-3.03530494593737
1.554315,-3.03600069619692
1.55432,-3.03669660290277
1.554325,-3.03739266605291
1.55433,-3.03808888564527
1.554335,-3.03878526167779
1.55434,-3.03948179414828
1.554345,-3.04017848305455
1.55435,-3.04087532839436
1.554355,-3.04157233016537
1.55436,-3.04226948836525
1.554365,-3.04296680299159
1.55437,-3.04366427404189
1.554375,-3.04436190151369
1.55438,-3.04505968540437
1.554385,-3.04575762571131
1.55439,-3.04645572243189
1.554395,-3.04715397556333
1.5544,-3.04785238510288
1.554405,-3.04855095104768
1.55441,-3.04924967339487
1.554415,-3.04994855214154
1.55442,-3.05064758728463
1.554425,-3.05134677882114
1.55443,-3.05204612674802
1.554435,-3.05274563106203
1.55444,-3.05344529176003
1.554445,-3.05414510883875
1.55445,-3.05484508229486
1.554455,-3.05554521212506
1.55446,-3.05624549832587
1.554465,-3.05694594089384
1.55447,-3.0576465398255
1.554475,-3.0583472951172
1.55448,-3.05904820676537
1.554485,-3.0597492747663
1.55449,-3.06045049911625
1.554495,-3.06115187981147
1.5545,-3.06185341684806
1.554505,-3.06255511022218
1.55451,-3.06325695992984
1.554515,-3.06395896596705
1.55452,-3.06466112832978
1.554525,-3.06536344701385
1.55453,-3.06606592201515
1.554535,-3.06676855332946
1.55454,-3.06747134095248
1.554545,-3.0681742848799
1.55455,-3.06887738510731
1.554555,-3.06958064163028
1.55456,-3.07028405444435
1.554565,-3.07098762354494
1.55457,-3.07169134892747
1.554575,-3.07239523058726
1.55458,-3.0730992685196
1.554585,-3.07380346271977
1.55459,-3.07450781318288
1.554595,-3.07521231990409
1.5546,-3.0759169828785
1.554605,-3.07662180210107
1.55461,-3.0773267775668
1.554615,-3.07803190927055
1.55462,-3.07873719720721
1.554625,-3.07944264137156
1.55463,-3.08014824175833
1.554635,-3.08085399836222
1.55464,-3.08155991117783
1.554645,-3.08226598019975
1.55465,-3.08297220542252
1.554655,-3.08367858684055
1.55466,-3.08438512444825
1.554665,-3.08509181824003
1.55467,-3.08579866821011
1.554675,-3.08650567435279
1.55468,-3.08721283666219
1.554685,-3.08792015513245
1.55469,-3.0886276297577
1.554695,-3.08933526053186
1.5547,-3.09004304744896
1.554705,-3.09075099050286
1.55471,-3.0914590896874
1.554715,-3.09216734499641
1.55472,-3.09287575642358
1.554725,-3.09358432396258
1.55473,-3.09429304760708
1.554735,-3.09500192735058
1.55474,-3.09571096318662
1.554745,-3.09642015510863
1.55475,-3.09712950311001
1.554755,-3.0978390071841
1.55476,-3.09854866732415
1.554765,-3.09925848352343
1.55477,-3.09996845577503
1.554775,-3.10067858407211
1.55478,-3.10138886840772
1.554785,-3.1020993087748
1.55479,-3.10280990516633
1.554795,-3.10352065757519
1.5548,-3.10423156599417
1.554805,-3.10494263041604
1.55481,-3.1056538508335
1.554815,-3.10636522723919
1.55482,-3.10707675962574
1.554825,-3.10778844798561
1.55483,-3.10850029231135
1.554835,-3.1092122925953
1.55484,-3.10992444882985
1.554845,-3.11063676100733
1.55485,-3.1113492291199
1.554855,-3.1120618531598
1.55486,-3.11277463311918
1.554865,-3.11348756899002
1.55487,-3.11420066076442
1.554875,-3.11491390843423
1.55488,-3.1156273119914
1.554885,-3.11634087142779
1.55489,-3.1170545867351
1.554895,-3.1177684579051
1.5549,-3.1184824849294
1.554905,-3.1191966677996
1.55491,-3.1199110065073
1.554915,-3.1206255010439
1.55492,-3.12134015140086
1.554925,-3.12205495756955
1.55493,-3.12276991954123
1.554935,-3.12348503730719
1.55494,-3.12420031085855
1.554945,-3.12491574018649
1.55495,-3.12563132528206
1.554955,-3.12634706613624
1.55496,-3.12706296274002
1.554965,-3.12777901508422
1.55497,-3.12849522315971
1.554975,-3.12921158695727
1.55498,-3.12992810646755
1.554985,-3.13064478168123
1.55499,-3.13136161258891
1.554995,-3.13207859918108
1.555,-3.13279574144825
1.555005,-3.13351303938076
1.55501,-3.13423049296901
1.555015,-3.13494810220329
1.55502,-3.13566586707378
1.555025,-3.13638378757069
1.55503,-3.13710186368408
1.555035,-3.13782009540401
1.55504,-3.13853848272049
1.555045,-3.1392570256234
1.55505,-3.13997572410262
1.555055,-3.14069457814797
1.55506,-3.14141358774915
1.555065,-3.14213275289588
1.55507,-3.14285207357774
1.555075,-3.14357154978429
1.55508,-3.14429118150507
1.555085,-3.14501096872947
1.55509,-3.14573091144689
1.555095,-3.14645100964659
1.5551,-3.14717126331786
1.555105,-3.14789167244992
1.55511,-3.14861223703183
1.555115,-3.14933295705269
1.55512,-3.15005383250153
1.555125,-3.15077486336724
1.55513,-3.15149604963875
1.555135,-3.15221739130482
1.55514,-3.15293888835425
1.555145,-3.15366054077574
1.55515,-3.15438234855791
1.555155,-3.15510431168933
1.55516,-3.15582643015848
1.555165,-3.15654870395384
1.55517,-3.15727113306381
1.555175,-3.15799371747666
1.55518,-3.15871645718068
1.555185,-3.15943935216409
1.55519,-3.16016240241498
1.555195,-3.16088560792145
1.5552,-3.16160896867147
1.555205,-3.16233248465302
1.55521,-3.16305615585399
1.555215,-3.16377998226218
1.55522,-3.16450396386534
1.555225,-3.1652281006512
1.55523,-3.16595239260734
1.555235,-3.16667683972138
1.55524,-3.16740144198078
1.555245,-3.16812619937299
1.55525,-3.16885111188543
1.555255,-3.16957617950535
1.55526,-3.17030140222006
1.555265,-3.1710267800167
1.55527,-3.1717523128824
1.555275,-3.17247800080426
1.55528,-3.17320384376922
1.555285,-3.17392984176425
1.55529,-3.17465599477623
1.555295,-3.17538230279191
1.5553,-3.17610876579808
1.555305,-3.17683538378139
1.55531,-3.17756215672845
1.555315,-3.17828908462584
1.55532,-3.17901616746
1.555325,-3.17974340521739
1.55533,-3.18047079788431
1.555335,-3.1811983454471
1.55534,-3.18192604789197
1.555345,-3.18265390520506
1.55535,-3.18338191737248
1.555355,-3.1841100843803
1.55536,-3.18483840621441
1.555365,-3.18556688286078
1.55537,-3.1862955143052
1.555375,-3.18702430053345
1.55538,-3.18775324153128
1.555385,-3.18848233728425
1.55539,-3.18921158777801
1.555395,-3.18994099299802
1.5554,-3.19067055292973
1.555405,-3.19140026755856
1.55541,-3.19213013686978
1.555415,-3.19286016084864
1.55542,-3.19359033948037
1.555425,-3.19432067275002
1.55543,-3.19505116064269
1.555435,-3.19578180314333
1.55544,-3.19651260023687
1.555445,-3.1972435519082
1.55545,-3.19797465814204
1.555455,-3.19870591892318
1.55546,-3.1994373342362
1.555465,-3.20016890406573
1.55547,-3.2009006283963
1.555475,-3.20163250721233
1.55548,-3.20236454049825
1.555485,-3.20309672823836
1.55549,-3.20382907041691
1.555495,-3.2045615670181
1.5555,-3.20529421802604
1.555505,-3.20602702342478
1.55551,-3.20675998319835
1.555515,-3.20749309733059
1.55552,-3.20822636580546
1.555525,-3.20895978860664
1.55553,-3.20969336571791
1.555535,-3.21042709712292
1.55554,-3.21116098280523
1.555545,-3.21189502274836
1.55555,-3.21262921693581
1.555555,-3.2133635653509
1.55556,-3.21409806797698
1.555565,-3.21483272479726
1.55557,-3.21556753579494
1.555575,-3.21630250095317
1.55558,-3.21703762025492
1.555585,-3.21777289368323
1.55559,-3.21850832122096
1.555595,-3.21924390285096
1.5556,-3.21997963855604
1.555605,-3.22071552831883
1.55561,-3.22145157212203
1.555615,-3.22218776994819
1.55562,-3.22292412177977
1.555625,-3.22366062759927
1.55563,-3.22439728738896
1.555635,-3.22513410113119
1.55564,-3.2258710688082
1.555645,-3.22660819040208
1.55565,-3.22734546589498
1.555655,-3.22808289526887
1.55566,-3.22882047850569
1.555665,-3.22955821558739
1.55567,-3.23029610649569
1.555675,-3.23103415121237
1.55568,-3.23177234971913
1.555685,-3.23251070199751
1.55569,-3.23324920802909
1.555695,-3.23398786779529
1.5557,-3.23472668127753
1.555705,-3.23546564845715
1.55571,-3.23620476931534
1.555715,-3.23694404383337
1.55572,-3.23768347199226
1.555725,-3.2384230537731
1.55573,-3.23916278915689
1.555735,-3.23990267812449
1.55574,-3.24064272065674
1.555745,-3.24138291673441
1.55575,-3.24212326633819
1.555755,-3.24286376944873
1.55576,-3.24360442604652
1.555765,-3.24434523611207
1.55577,-3.24508619962582
1.555775,-3.24582731656806
1.55578,-3.24656858691911
1.555785,-3.24731001065911
1.55579,-3.24805158776821
1.555795,-3.24879331822651
1.5558,-3.24953520201393
1.555805,-3.25027723911042
1.55581,-3.25101942949583
1.555815,-3.2517617731499
1.55582,-3.25250427005235
1.555825,-3.25324692018279
1.55583,-3.2539897235208
1.555835,-3.25473268004588
1.55584,-3.25547578973739
1.555845,-3.25621905257474
1.55585,-3.25696246853712
1.555855,-3.25770603760379
1.55586,-3.25844975975388
1.555865,-3.25919363496641
1.55587,-3.25993766322037
1.555875,-3.26068184449471
1.55588,-3.2614261787682
1.555885,-3.26217066601969
1.55589,-3.26291530622779
1.555895,-3.26366009937116
1.5559,-3.26440504542837
1.555905,-3.26515014437785
1.55591,-3.26589539619807
1.555915,-3.26664080086729
1.55592,-3.2673863583638
1.555925,-3.26813206866581
1.55593,-3.26887793175139
1.555935,-3.26962394759859
1.55594,-3.27037011618542
1.555945,-3.2711164374897
1.55595,-3.27186291148933
1.555955,-3.27260953816198
1.55596,-3.27335631748537
1.555965,-3.27410324943711
1.55597,-3.27485033399468
1.555975,-3.27559757113557
1.55598,-3.27634496083717
1.555985,-3.27709250307674
1.55599,-3.27784019783157
1.555995,-3.27858804507877
1.556,-3.27933604479543
1.556005,-3.2800841969586
1.55601,-3.28083250154517
1.556015,-3.28158095853204
1.55602,-3.28232956789596
1.556025,-3.28307832961366
1.55603,-3.28382724366181
1.556035,-3.28457631001692
1.55604,-3.28532552865551
1.556045,-3.28607489955402
1.55605,-3.28682442268875
1.556055,-3.287574098036
1.55606,-3.28832392557191
1.556065,-3.28907390527264
1.55607,-3.28982403711424
1.556075,-3.29057432107263
1.55608,-3.29132475712376
1.556085,-3.29207534524339
1.55609,-3.29282608540729
1.556095,-3.29357697759116
1.5561,-3.29432802177052
1.556105,-3.29507921792091
1.55611,-3.29583056601781
1.556115,-3.29658206603653
1.55612,-3.2973337179524
1.556125,-3.29808552174059
1.55613,-3.29883747737628
1.556135,-3.29958958483451
1.55614,-3.30034184409025
1.556145,-3.30109425511844
1.55615,-3.30184681789388
1.556155,-3.30259953239135
1.55616,-3.30335239858553
1.556165,-3.30410541645099
1.55617,-3.30485858596229
1.556175,-3.3056119070939
1.55618,-3.30636537982015
1.556185,-3.30711900411536
1.55619,-3.30787277995373
1.556195,-3.30862670730942
1.5562,-3.30938078615653
1.556205,-3.31013501646898
1.55621,-3.31088939822074
1.556215,-3.3116439313856
1.55622,-3.31239861593736
1.556225,-3.31315345184969
1.55623,-3.31390843909617
1.556235,-3.31466357765034
1.55624,-3.3154188674857
1.556245,-3.31617430857554
1.55625,-3.31692990089321
1.556255,-3.31768564441189
1.55626,-3.31844153910472
1.556265,-3.31919758494481
1.55627,-3.3199537819051
1.556275,-3.3207101299585
1.55628,-3.32146662907783
1.556285,-3.32222327923585
1.55629,-3.32298008040524
1.556295,-3.32373703255856
1.5563,-3.32449413566835
1.556305,-3.32525138970706
1.55631,-3.32600879464699
1.556315,-3.3267663504605
1.55632,-3.3275240571197
1.556325,-3.32828191459675
1.55633,-3.32903992286374
1.556335,-3.32979808189254
1.55634,-3.33055639165512
1.556345,-3.33131485212321
1.55635,-3.33207346326857
1.556355,-3.33283222506288
1.55636,-3.33359113747764
1.556365,-3.33435020048439
1.55637,-3.33510941405452
1.556375,-3.33586877815935
1.55638,-3.33662829277016
1.556385,-3.33738795785806
1.55639,-3.3381477733942
1.556395,-3.33890773934957
1.5564,-3.33966785569509
1.556405,-3.34042812240162
1.55641,-3.34118853943992
1.556415,-3.34194910678067
1.55642,-3.34270982439454
1.556425,-3.34347069225197
1.55643,-3.34423171032347
1.556435,-3.3449928785794
1.55644,-3.34575419699003
1.556445,-3.3465156655256
1.55645,-3.34727728415619
1.556455,-3.34803905285186
1.55646,-3.34880097158262
1.556465,-3.34956304031829
1.55647,-3.35032525902874
1.556475,-3.35108762768362
1.55648,-3.35185014625261
1.556485,-3.35261281470529
1.55649,-3.35337563301109
1.556495,-3.35413860113943
1.5565,-3.35490171905967
1.556505,-3.35566498674097
1.55651,-3.35642840415253
1.556515,-3.3571919712634
1.55652,-3.35795568804256
1.556525,-3.35871955445897
1.55653,-3.3594835704814
1.556535,-3.36024773607862
1.55654,-3.36101205121928
1.556545,-3.36177651587195
1.55655,-3.36254113000518
1.556555,-3.36330589358733
1.55656,-3.36407080658673
1.556565,-3.36483586897169
1.55657,-3.36560108071032
1.556575,-3.36636644177073
1.55658,-3.36713195212091
1.556585,-3.36789761172878
1.55659,-3.36866342056221
1.556595,-3.3694293785889
1.5566,-3.37019548577659
1.556605,-3.37096174209278
1.55661,-3.37172814750504
1.556615,-3.3724947019808
1.55662,-3.37326140548734
1.556625,-3.37402825799195
1.55663,-3.37479525946184
1.556635,-3.37556240986401
1.55664,-3.37632970916556
1.556645,-3.37709715733334
1.55665,-3.3778647543342
1.556655,-3.37863250013493
1.55666,-3.37940039470216
1.556665,-3.38016843800249
1.55667,-3.38093663000245
1.556675,-3.3817049706684
1.55668,-3.38247345996673
1.556685,-3.38324209786364
1.55669,-3.38401088432532
1.556695,-3.38477981931786
1.5567,-3.38554890280722
1.556705,-3.38631813475937
1.55671,-3.38708751514007
1.556715,-3.3878570439151
1.55672,-3.38862672105011
1.556725,-3.38939654651067
1.55673,-3.39016652026226
1.556735,-3.39093664227032
1.55674,-3.3917069125001
1.556745,-3.39247733091689
1.55675,-3.39324789748579
1.556755,-3.3940186121719
1.55676,-3.39478947494019
1.556765,-3.39556048575552
1.55677,-3.39633164458275
1.556775,-3.39710295138652
1.55678,-3.3978744061315
1.556785,-3.39864600878228
1.55679,-3.39941775930326
1.556795,-3.40018965765883
1.5568,-3.40096170381332
1.556805,-3.40173389773087
1.55681,-3.40250623937565
1.556815,-3.40327872871164
1.55682,-3.40405136570281
1.556825,-3.40482415031302
1.55683,-3.40559708250604
1.556835,-3.40637016224557
1.55684,-3.40714338949516
1.556845,-3.40791676421835
1.55685,-3.40869028637859
1.556855,-3.40946395593917
1.55686,-3.41023777286335
1.556865,-3.41101173711433
1.55687,-3.41178584865513
1.556875,-3.41256010744879
1.55688,-3.41333451345816
1.556885,-3.41410906664608
1.55689,-3.41488376697531
1.556895,-3.41565861440841
1.5569,-3.41643360890801
1.556905,-3.41720875043651
1.55691,-3.41798403895631
1.556915,-3.41875947442973
1.55692,-3.4195350568189
1.556925,-3.42031078608598
1.55693,-3.421086662193
1.556935,-3.42186268510186
1.55694,-3.42263885477444
1.556945,-3.42341517117246
1.55695,-3.42419163425761
1.556955,-3.42496824399149
1.55696,-3.42574500033556
1.556965,-3.42652190325125
1.55697,-3.42729895269985
1.556975,-3.42807614864259
1.55698,-3.42885349104066
1.556985,-3.42963097985502
1.55699,-3.43040861504667
1.556995,-3.43118639657652
1.557,-3.43196432440529
1.557005,-3.43274239849371
1.55701,-3.43352061880235
1.557015,-3.43429898529172
1.55702,-3.43507749792231
1.557025,-3.43585615665438
1.55703,-3.43663496144822
1.557035,-3.43741391226393
1.55704,-3.43819300906161
1.557045,-3.43897225180126
1.55705,-3.4397516404427
1.557055,-3.44053117494576
1.55706,-3.44131085527018
1.557065,-3.44209068137549
1.55707,-3.44287065322129
1.557075,-3.44365077076695
1.55708,-3.44443103397183
1.557085,-3.44521144279525
1.55709,-3.44599199719626
1.557095,-3.44677269713401
1.5571,-3.44755354256743
1.557105,-3.44833453345542
1.55711,-3.44911566975683
1.557115,-3.44989695143028
1.55712,-3.45067837843442
1.557125,-3.45145995072781
1.55713,-3.45224166826884
1.557135,-3.45302353101588
1.55714,-3.45380553892713
1.557145,-3.45458769196077
1.55715,-3.45536999007492
1.557155,-3.45615243322747
1.55716,-3.45693502137637
1.557165,-3.45771775447935
1.55717,-3.45850063249415
1.557175,-3.45928365537838
1.55718,-3.46006682308952
1.557185,-3.46085013558502
1.55719,-3.46163359282222
1.557195,-3.46241719475831
1.5572,-3.4632009413505
1.557205,-3.46398483255577
1.55721,-3.46476886833112
1.557215,-3.46555304863345
1.55722,-3.46633737341946
1.557225,-3.46712184264589
1.55723,-3.4679064562693
1.557235,-3.46869121424617
1.55724,-3.46947611653296
1.557245,-3.47026116308593
1.55725,-3.47104635386129
1.557255,-3.47183168881522
1.55726,-3.47261716790369
1.557265,-3.47340279108267
1.55727,-3.47418855830798
1.557275,-3.47497446953536
1.55728,-3.47576052472051
1.557285,-3.47654672381895
1.55729,-3.47733306678617
1.557295,-3.47811955357752
1.5573,-3.47890618414828
1.557305,-3.47969295845368
1.55731,-3.48047987644874
1.557315,-3.48126693808848
1.55732,-3.48205414332787
1.557325,-3.48284149212161
1.55733,-3.4836289844245
1.557335,-3.48441662019108
1.55734,-3.48520439937593
1.557345,-3.48599232193347
1.55735,-3.48678038781802
1.557355,-3.48756859698383
1.55736,-3.48835694938503
1.557365,-3.48914544497565
1.55737,-3.48993408370972
1.557375,-3.490722865541
1.55738,-3.49151179042331
1.557385,-3.49230085831031
1.55739,-3.49309006915557
1.557395,-3.49387942291256
1.5574,-3.49466891953465
1.557405,-3.49545855897513
1.55741,-3.49624834118723
1.557415,-3.49703826612396
1.55742,-3.49782833373838
1.557425,-3.4986185439834
1.55743,-3.49940889681176
1.557435,-3.50019939217624
1.55744,-3.50099003002938
1.557445,-3.50178081032374
1.55745,-3.50257173301176
1.557455,-3.50336279804569
1.55746,-3.50415400537783
1.557465,-3.50494535496024
1.55747,-3.50573684674499
1.557475,-3.50652848068404
1.55748,-3.50732025672916
1.557485,-3.50811217483214
1.55749,-3.50890423494463
1.557495,-3.50969643701813
1.5575,-3.51048878100416
1.557505,-3.51128126685397
1.55751,-3.51207389451889
1.557515,-3.51286666395009
1.55752,-3.51365957509854
1.557525,-3.51445262791531
1.55753,-3.51524582235117
1.557535,-3.51603915835692
1.55754,-3.51683263588326
1.557545,-3.51762625488071
1.55755,-3.51842001529974
1.557555,-3.51921391709078
1.55756,-3.52000796020404
1.557565,-3.52080214458975
1.55757,-3.52159647019792
1.557575,-3.52239093697858
1.55758,-3.52318554488162
1.557585,-3.52398029385675
1.55759,-3.52477518385376
1.557595,-3.52557021482213
1.5576,-3.52636538671139
1.557605,-3.52716069947094
1.55761,-3.52795615305004
1.557615,-3.52875174739788
1.55762,-3.52954748246358
1.557625,-3.53034335819608
1.55763,-3.5311393745443
1.557635,-3.53193553145701
1.55764,-3.5327318288829
1.557645,-3.53352826677061
1.55765,-3.53432484506855
1.557655,-3.53512156372517
1.55766,-3.53591842268873
1.557665,-3.53671542190742
1.55767,-3.53751256132937
1.557675,-3.53830984090251
1.55768,-3.53910726057475
1.557685,-3.53990482029391
1.55769,-3.54070252000764
1.557695,-3.54150035966358
1.5577,-3.54229833920914
1.557705,-3.54309645859175
1.55771,-3.54389471775873
1.557715,-3.54469311665719
1.55772,-3.54549165523426
1.557725,-3.54629033343691
1.55773,-3.54708915121202
1.557735,-3.54788810850641
1.55774,-3.5486872052667
1.557745,-3.54948644143949
1.55775,-3.55028581697128
1.557755,-3.5510853318084
1.55776,-3.55188498589718
1.557765,-3.55268477918373
1.55777,-3.55348471161414
1.557775,-3.55428478313441
1.55778,-3.55508499369036
1.557785,-3.55588534322781
1.55779,-3.55668583169236
1.557795,-3.55748645902959
1.5578,-3.55828722518499
1.557805,-3.55908813010387
1.55781,-3.55988917373149
1.557815,-3.56069035601304
1.55782,-3.56149167689351
1.557825,-3.5622931363179
1.55783,-3.563094734231
1.557835,-3.56389647057756
1.55784,-3.56469834530226
1.557845,-3.56550035834957
1.55785,-3.56630250966398
1.557855,-3.56710479918975
1.55786,-3.56790722687114
1.557865,-3.5687097926523
1.55787,-3.56951249647718
1.557875,-3.57031533828973
1.55788,-3.57111831803378
1.557885,-3.571921435653
1.55789,-3.57272469109102
1.557895,-3.57352808429128
1.5579,-3.57433161519722
1.557905,-3.57513528375215
1.55791,-3.5759390898992
1.557915,-3.57674303358151
1.55792,-3.57754711474199
1.557925,-3.57835133332356
1.55793,-3.579155689269
1.557935,-3.57996018252091
1.55794,-3.58076481302192
1.557945,-3.58156958071446
1.55795,-3.58237448554085
1.557955,-3.58317952744337
1.55796,-3.58398470636414
1.557965,-3.58479002224519
1.55797,-3.58559547502849
1.557975,-3.5864010646558
1.55798,-3.58720679106893
1.557985,-3.58801265420938
1.55799,-3.58881865401873
1.557995,-3.58962479043839
1.558,-3.5904310634096
1.558005,-3.59123747287361
1.55801,-3.59204401877149
1.558015,-3.59285070104419
1.55802,-3.59365751963262
1.558025,-3.59446447447752
1.55803,-3.59527156551957
1.558035,-3.59607879269933
1.55804,-3.59688615595721
1.558045,-3.59769365523361
1.55805,-3.5985012904687
1.558055,-3.59930906160267
1.55806,-3.60011696857553
1.558065,-3.60092501132715
1.55807,-3.60173318979738
1.558075,-3.60254150392595
1.55808,-3.60334995365239
1.558085,-3.60415853891624
1.55809,-3.60496725965685
1.558095,-3.60577611581349
1.5581,-3.60658510732537
1.558105,-3.6073942341315
1.55811,-3.60820349617089
1.558115,-3.60901289338231
1.55812,-3.60982242570453
1.558125,-3.61063209307623
1.55813,-3.61144189543584
1.558135,-3.61225183272183
1.55814,-3.61306190487252
1.558145,-3.61387211182605
1.55815,-3.61468245352056
1.558155,-3.615492929894
1.55816,-3.61630354088425
1.558165,-3.6171142864291
1.55817,-3.61792516646617
1.558175,-3.61873618093301
1.55818,-3.61954732976711
1.558185,-3.62035861290572
1.55819,-3.62117003028613
1.558195,-3.62198158184541
1.5582,-3.62279326752056
1.558205,-3.62360508724852
1.55821,-3.62441704096604
1.558215,-3.62522912860981
1.55822,-3.62604135011638
1.558225,-3.6268537054222
1.55823,-3.62766619446367
1.558235,-3.62847881717696
1.55824,-3.62929157349823
1.558245,-3.63010446336354
1.55825,-3.63091748670871
1.558255,-3.63173064346964
1.55826,-3.63254393358192
1.558265,-3.63335735698119
1.55827,-3.63417091360293
1.558275,-3.63498460338245
1.55828,-3.63579842625504
1.558285,-3.6366123821558
1.55829,-3.63742647101977
1.558295,-3.63824069278191
1.5583,-3.63905504737696
1.558305,-3.63986953473965
1.55831,-3.64068415480459
1.558315,-3.6414989075062
1.55832,-3.64231379277889
1.558325,-3.64312881055687
1.55833,-3.64394396077429
1.558335,-3.64475924336524
1.55834,-3.64557465826354
1.558345,-3.64639020540308
1.55835,-3.64720588471751
1.558355,-3.6480216961404
1.55836,-3.6488376396053
1.558365,-3.64965371504546
1.55837,-3.65046992239421
1.558375,-3.65128626158468
1.55838,-3.65210273254986
1.558385,-3.65291933522271
1.55839,-3.65373606953596
1.558395,-3.65455293542235
1.5584,-3.65536993281446
1.558405,-3.65618706164472
1.55841,-3.65700432184554
1.558415,-3.65782171334906
1.55842,-3.65863923608749
1.558425,-3.65945688999284
1.55843,-3.66027467499695
1.558435,-3.66109259103165
1.55844,-3.66191063802865
1.558445,-3.66272881591942
1.55845,-3.66354712463551
1.558455,-3.66436556410817
1.55846,-3.66518413426863
1.558465,-3.66600283504808
1.55847,-3.66682166637743
1.558475,-3.6676406281876
1.55848,-3.66845972040934
1.558485,-3.6692789429733
1.55849,-3.67009829581005
1.558495,-3.67091777884999
1.5585,-3.67173739202343
1.558505,-3.67255713526061
1.55851,-3.67337700849154
1.558515,-3.67419701164627
1.55852,-3.67501714465458
1.558525,-3.67583740744626
1.55853,-3.67665779995093
1.558535,-3.67747832209808
1.55854,-3.67829897381716
1.558545,-3.67911975503738
1.55855,-3.67994066568792
1.558555,-3.68076170569791
1.55856,-3.6815828749962
1.558565,-3.68240417351164
1.55857,-3.68322560117298
1.558575,-3.68404715790873
1.55858,-3.68486884364745
1.558585,-3.68569065831744
1.55859,-3.68651260184697
1.558595,-3.6873346741642
1.5586,-3.68815687519706
1.558605,-3.68897920487356
1.55861,-3.68980166312139
1.558615,-3.69062424986826
1.55862,-3.69144696504174
1.558625,-3.69226980856921
1.55863,-3.69309278037802
1.558635,-3.69391588039539
1.55864,-3.69473910854838
1.558645,-3.69556246476399
1.55865,-3.69638594896903
1.558655,-3.69720956109025
1.55866,-3.69803330105433
1.558665,-3.69885716878767
1.55867,-3.69968116421676
1.558675,-3.70050528726776
1.55868,-3.70132953786691
1.558685,-3.70215391594024
1.55869,-3.70297842141363
1.558695,-3.70380305421289
1.5587,-3.70462781426375
1.558705,-3.7054527014917
1.55871,-3.70627771582226
1.558715,-3.70710285718071
1.55872,-3.70792812549228
1.558725,-3.70875352068211
1.55873,-3.7095790426751
1.558735,-3.71040469139618
1.55874,-3.71123046677003
1.558745,-3.71205636872132
1.55875,-3.71288239717456
1.558755,-3.7137085520541
1.55876,-3.71453483328423
1.558765,-3.71536124078913
1.55877,-3.71618777449277
1.558775,-3.71701443431914
1.55878,-3.71784122019196
1.558785,-3.71866813203494
1.55879,-3.71949516977167
1.558795,-3.72032233332553
1.5588,-3.7211496226199
1.558805,-3.72197703757792
1.55881,-3.7228045781227
1.558815,-3.72363224417724
1.55882,-3.72446003566431
1.558825,-3.72528795250667
1.55883,-3.72611599462697
1.558835,-3.72694416194761
1.55884,-3.72777245439104
1.558845,-3.72860087187943
1.55885,-3.72942941433493
1.558855,-3.73025808167958
1.55886,-3.73108687383521
1.558865,-3.73191579072365
1.55887,-3.73274483226648
1.558875,-3.73357399838526
1.55888,-3.73440328900141
1.558885,-3.73523270403619
1.55889,-3.73606224341075
1.558895,-3.73689190704619
1.5589,-3.73772169486336
1.558905,-3.73855160678312
1.55891,-3.73938164272612
1.558915,-3.74021180261293
1.55892,-3.74104208636401
1.558925,-3.74187249389963
1.55893,-3.74270302514002
1.558935,-3.74353368000528
1.55894,-3.7443644584153
1.558945,-3.74519536029
1.55895,-3.746026385549
1.558955,-3.74685753411193
1.55896,-3.7476888058983
1.558965,-3.7485202008274
1.55897,-3.74935171881848
1.558975,-3.75018335979062
1.55898,-3.75101512366281
1.558985,-3.75184701035395
1.55899,-3.75267901978273
1.558995,-3.75351115186777
1.559,-3.7543434065276
1.559005,-3.75517578368053
1.55901,-3.75600828324489
1.559015,-3.75684090513871
1.55902,-3.75767364928005
1.559025,-3.75850651558681
1.55903,-3.75933950397668
1.559035,-3.76017261436736
1.55904,-3.76100584667631
1.559045,-3.76183920082095
1.55905,-3.76267267671855
1.559055,-3.76350627428621
1.55906,-3.76433999344099
1.559065,-3.7651738340998
1.55907,-3.76600779617934
1.559075,-3.76684187959636
1.55908,-3.76767608426728
1.559085,-3.76851041010854
1.55909,-3.76934485703648
1.559095,-3.77017942496716
1.5591,-3.77101411381669
1.559105,-3.77184892350089
1.55911,-3.77268385393559
1.559115,-3.77351890503649
1.55912,-3.77435407671903
1.559125,-3.77518936889866
1.55913,-3.77602478149073
1.559135,-3.77686031441029
1.55914,-3.77769596757247
1.559145,-3.77853174089209
1.55915,-3.779367634284
1.559155,-3.78020364766286
1.55916,-3.78103978094316
1.559165,-3.78187603403938
1.55917,-3.78271240686572
1.559175,-3.78354889933641
1.55918,-3.78438551136547
1.559185,-3.7852222428668
1.55919,-3.78605909375416
1.559195,-3.78689606394129
1.5592,-3.78773315334163
1.559205,-3.78857036186866
1.55921,-3.7894076894356
1.559215,-3.79024513595565
1.55922,-3.79108270134184
1.559225,-3.79192038550706
1.55923,-3.79275818836409
1.559235,-3.79359610982558
1.55924,-3.79443414980405
1.559245,-3.79527230821196
1.55925,-3.79611058496148
1.559255,-3.79694897996484
1.55926,-3.79778749313404
1.559265,-3.79862612438095
1.55927,-3.79946487361738
1.559275,-3.80030374075492
1.55928,-3.80114272570511
1.559285,-3.80198182837937
1.55929,-3.80282104868889
1.559295,-3.80366038654487
1.5593,-3.80449984185826
1.559305,-3.80533941453995
1.55931,-3.80617910450075
1.559315,-3.80701891165119
1.55932,-3.80785883590183
1.559325,-3.80869887716305
1.55933,-3.80953903534502
1.559335,-3.81037931035794
1.55934,-3.81121970211172
1.559345,-3.81206021051623
1.55935,-3.81290083548127
1.559355,-3.81374157691634
1.55936,-3.814582434731
1.559365,-3.81542340883454
1.55937,-3.81626449913617
1.559375,-3.81710570554504
1.55938,-3.81794702797005
1.559385,-3.81878846632003
1.55939,-3.81963002050376
1.559395,-3.82047169042972
1.5594,-3.82131347600641
1.559405,-3.82215537714211
1.55941,-3.82299739374504
1.559415,-3.82383952572326
1.55942,-3.82468177298465
1.559425,-3.82552413543708
1.55943,-3.82636661298816
1.559435,-3.82720920554544
1.55944,-3.82805191301639
1.559445,-3.82889473530822
1.55945,-3.82973767232812
1.559455,-3.83058072398312
1.55946,-3.83142389018007
1.559465,-3.83226717082581
1.55947,-3.83311056582689
1.559475,-3.83395407508985
1.55948,-3.83479769852108
1.559485,-3.83564143602679
1.55949,-3.83648528751314
1.559495,-3.83732925288605
1.5595,-3.8381733320514
1.559505,-3.83901752491496
1.55951,-3.83986183138224
1.559515,-3.84070625135875
1.55952,-3.84155078474984
1.559525,-3.84239543146065
1.55953,-3.84324019139629
1.559535,-3.84408506446168
1.55954,-3.84493005056163
1.559545,-3.84577514960085
1.55955,-3.84662036148382
1.559555,-3.84746568611501
1.55956,-3.84831112339864
1.559565,-3.84915667323892
1.55957,-3.85000233553987
1.559575,-3.85084811020533
1.55958,-3.85169399713908
1.559585,-3.85253999624478
1.55959,-3.85338610742585
1.559595,-3.85423233058573
1.5596,-3.85507866562757
1.559605,-3.85592511245449
1.55961,-3.8567716709695
1.559615,-3.85761834107538
1.55962,-3.85846512267488
1.559625,-3.85931201567051
1.55963,-3.86015901996473
1.559635,-3.86100613545988
1.55964,-3.86185336205806
1.559645,-3.86270069966134
1.55965,-3.86354814817166
1.559655,-3.86439570749073
1.55966,-3.86524337752025
1.559665,-3.86609115816166
1.55967,-3.86693904931637
1.559675,-3.86778705088565
1.55968,-3.86863516277054
1.559685,-3.86948338487205
1.55969,-3.87033171709104
1.559695,-3.87118015932817
1.5597,-3.87202871148407
1.559705,-3.87287737345912
1.55971,-3.87372614515364
1.559715,-3.87457502646786
1.55972,-3.87542401730173
1.559725,-3.87627311755524
1.55973,-3.87712232712808
1.559735,-3.87797164591993
1.55974,-3.87882107383031
1.559745,-3.87967061075855
1.55975,-3.88052025660388
1.559755,-3.88137001126546
1.55976,-3.88221987464219
1.559765,-3.88306984663295
1.55977,-3.88391992713639
1.559775,-3.88477011605108
1.55978,-3.88562041327549
1.559785,-3.88647081870785
1.55979,-3.88732133224638
1.559795,-3.88817195378904
1.5598,-3.88902268323374
1.559805,-3.88987352047827
1.55981,-3.89072446542021
1.559815,-3.89157551795702
1.55982,-3.89242667798611
1.559825,-3.89327794540462
1.55983,-3.89412932010968
1.559835,-3.89498080199819
1.55984,-3.89583239096697
1.559845,-3.89668408691273
1.55985,-3.89753588973193
1.559855,-3.89838779932102
1.55986,-3.89923981557621
1.559865,-3.90009193839365
1.55987,-3.90094416766938
1.559875,-3.90179650329916
1.55988,-3.90264894517875
1.559885,-3.90350149320377
1.55989,-3.90435414726959
1.559895,-3.90520690727159
1.5599,-3.90605977310486
1.559905,-3.90691274466448
1.55991,-3.90776582184537
1.559915,-3.90861900454224
1.55992,-3.90947229264976
1.559925,-3.91032568606236
1.55993,-3.91117918467442
1.559935,-3.9120327883802
1.55994,-3.91288649707368
1.559945,-3.91374031064886
1.55995,-3.91459422899954
1.559955,-3.91544825201937
1.55996,-3.91630237960189
1.559965,-3.91715661164045
1.55997,-3.91801094802833
1.559975,-3.91886538865866
1.55998,-3.91971993342437
1.559985,-3.92057458221837
1.55999,-3.92142933493326
1.559995,-3.92228419146166
1.56,-3.92313915169603
1.560005,-3.92399421552856
1.56001,-3.92484938285147
1.560015,-3.92570465355678
1.56002,-3.92656002753629
1.560025,-3.92741550468181
1.56003,-3.92827108488488
1.560035,-3.92912676803696
1.56004,-3.92998255402941
1.560045,-3.93083844275336
1.56005,-3.93169443409988
1.560055,-3.93255052795985
1.56006,-3.93340672422402
1.560065,-3.93426302278306
1.56007,-3.93511942352742
1.560075,-3.93597592634743
1.56008,-3.93683253113336
1.560085,-3.93768923777519
1.56009,-3.93854604616292
1.560095,-3.93940295618627
1.5601,-3.94025996773493
1.560105,-3.94111708069844
1.56011,-3.94197429496608
1.560115,-3.94283161042718
1.56012,-3.94368902697073
1.560125,-3.94454654448574
1.56013,-3.94540416286102
1.560135,-3.94626188198521
1.56014,-3.94711970174684
1.560145,-3.94797762203436
1.56015,-3.94883564273593
1.560155,-3.94969376373974
1.56016,-3.95055198493367
1.560165,-3.95141030620562
1.56017,-3.95226872744326
1.560175,-3.95312724853413
1.56018,-3.95398586936564
1.560185,-3.95484458982503
1.56019,-3.95570340979944
1.560195,-3.95656232917591
1.5602,-3.95742134784118
1.560205,-3.95828046568202
1.56021,-3.959139682585
1.560215,-3.95999899843647
1.56022,-3.96085841312281
1.560225,-3.96171792653004
1.56023,-3.96257753854424
1.560235,-3.96343724905125
1.56024,-3.96429705793676
1.560245,-3.96515696508638
1.56025,-3.96601697038547
1.560255,-3.96687707371938
1.56026,-3.96773727497327
1.560265,-3.96859757403206
1.56027,-3.96945797078068
1.560275,-3.97031846510386
1.56028,-3.97117905688612
1.560285,-3.97203974601198
1.56029,-3.97290053236562
1.560295,-3.97376141583128
1.5603,-3.97462239629297
1.560305,-3.9754834736345
1.56031,-3.97634464773966
1.560315,-3.97720591849197
1.56032,-3.97806728577488
1.560325,-3.97892874947176
1.56033,-3.97979030946567
1.560335,-3.98065196563965
1.56034,-3.98151371787662
1.560345,-3.98237556605924
1.56035,-3.98323751007014
1.560355,-3.9840995497917
1.56036,-3.98496168510626
1.560365,-3.985823915896
1.56037,-3.98668624204285
1.560375,-3.98754866342876
1.56038,-3.98841117993539
1.560385,-3.98927379144435
1.56039,-3.99013649783708
1.560395,-3.99099929899484
1.5604,-3.99186219479881
1.560405,-3.99272518513001
1.56041,-3.99358826986925
1.560415,-3.9944514488973
1.56042,-3.99531472209468
1.560425,-3.99617808934184
1.56043,-3.99704155051911
1.560435,-3.99790510550657
1.56044,-3.99876875418421
1.560445,-3.99963249643196
1.56045,-4.00049633212946
1.560455,-4.00136026115631
1.56046,-4.00222428339189
1.560465,-4.00308839871547
1.56047,-4.00395260700627
1.560475,-4.00481690814317
1.56048,-4.00568130200508
1.560485,-4.00654578847064
1.56049,-4.00741036741843
1.560495,-4.00827503872689
1.5605,-4.0091398022742
1.560505,-4.01000465793852
1.56051,-4.01086960559786
1.560515,-4.01173464512998
1.56052,-4.01259977641261
1.560525,-4.01346499932323
1.56053,-4.01433031373927
1.560535,-4.01519571953799
1.56054,-4.01606121659643
1.560545,-4.01692680479161
1.56055,-4.01779248400026
1.560555,-4.01865825409909
1.56056,-4.01952411496463
1.560565,-4.02039006647321
1.56057,-4.02125610850107
1.560575,-4.02212224092432
1.56058,-4.02298846361883
1.560585,-4.02385477646044
1.56059,-4.02472117932474
1.560595,-4.02558767208725
1.5606,-4.02645425462335
1.560605,-4.02732092680817
1.56061,-4.02818768851683
1.560615,-4.02905453962418
1.56062,-4.029921480005
1.560625,-4.03078850953395
1.56063,-4.03165562808542
1.560635,-4.03252283553377
1.56064,-4.03339013175321
1.560645,-4.0342575166177
1.56065,-4.03512499000118
1.560655,-4.03599255177732
1.56066,-4.03686020181974
1.560665,-4.03772794000191
1.56067,-4.03859576619708
1.560675,-4.03946368027841
1.56068,-4.04033168211887
1.560685,-4.04119977159132
1.56069,-4.04206794856851
1.560695,-4.04293621292293
1.5607,-4.04380456452701
1.560705,-4.04467300325305
1.56071,-4.04554152897309
1.560715,-4.04641014155917
1.56072,-4.04727884088303
1.560725,-4.04814762681639
1.56073,-4.04901649923077
1.560735,-4.0498854579975
1.56074,-4.05075450298786
1.560745,-4.05162363407287
1.56075,-4.05249285112349
1.560755,-4.05336215401052
1.56076,-4.05423154260454
1.560765,-4.05510101677608
1.56077,-4.05597057639547
1.560775,-4.05684022133285
1.56078,-4.05770995145833
1.560785,-4.05857976664172
1.56079,-4.05944966675281
1.560795,-4.06031965166121
1.5608,-4.0611897212363
1.560805,-4.06205987534743
1.56081,-4.0629301138637
1.560815,-4.06380043665415
1.56082,-4.06467084358762
1.560825,-4.06554133453276
1.56083,-4.06641190935817
1.560835,-4.06728256793225
1.56084,-4.06815331012323
1.560845,-4.06902413579922
1.56085,-4.06989504482815
1.560855,-4.07076603707784
1.56086,-4.07163711241599
1.560865,-4.07250827071001
1.56087,-4.07337951182733
1.560875,-4.07425083563512
1.56088,-4.07512224200042
1.560885,-4.07599373079019
1.56089,-4.07686530187112
1.560895,-4.07773695510986
1.5609,-4.07860869037287
1.560905,-4.0794805075264
1.56091,-4.08035240643669
1.560915,-4.08122438696965
1.56092,-4.08209644899118
1.560925,-4.08296859236703
1.56093,-4.08384081696267
1.560935,-4.08471312264357
1.56094,-4.08558550927494
1.560945,-4.08645797672189
1.56095,-4.08733052484942
1.560955,-4.08820315352227
1.56096,-4.08907586260511
1.560965,-4.08994865196249
1.56097,-4.09082152145867
1.560975,-4.09169447095794
1.56098,-4.09256750032428
1.560985,-4.0934406094216
1.56099,-4.0943137981137
1.560995,-4.0951870662641
1.561,-4.0960604137363
1.561005,-4.09693384039357
1.56101,-4.09780734609903
1.561015,-4.09868093071575
1.56102,-4.09955459410647
1.561025,-4.10042833613393
1.56103,-4.10130215666069
1.561035,-4.10217605554907
1.56104,-4.1030500326614
1.561045,-4.10392408785964
1.56105,-4.10479822100581
1.561055,-4.10567243196169
1.56106,-4.10654672058885
1.561065,-4.10742108674883
1.56107,-4.1082955303029
1.561075,-4.10917005111223
1.56108,-4.11004464903792
1.561085,-4.11091932394074
1.56109,-4.11179407568147
1.561095,-4.11266890412066
1.5611,-4.1135438091187
1.561105,-4.11441879053589
1.56111,-4.11529384823229
1.561115,-4.11616898206787
1.56112,-4.11704419190248
1.561125,-4.1179194775957
1.56113,-4.1187948390071
1.561135,-4.11967027599596
1.56114,-4.12054578842149
1.561145,-4.12142137614278
1.56115,-4.12229703901864
1.561155,-4.12317277690786
1.56116,-4.12404858966902
1.561165,-4.12492447716052
1.56117,-4.12580043924069
1.561175,-4.12667647576758
1.56118,-4.12755258659921
1.561185,-4.1284287715934
1.56119,-4.1293050306078
1.561195,-4.13018136349992
1.5612,-4.13105777012714
1.561205,-4.13193425034663
1.56121,-4.13281080401551
1.561215,-4.13368743099057
1.56122,-4.13456413112864
1.561225,-4.13544090428633
1.56123,-4.13631775031999
1.561235,-4.13719466908601
1.56124,-4.13807166044043
1.561245,-4.13894872423925
1.56125,-4.13982586033837
1.561255,-4.14070306859337
1.56126,-4.14158034885978
1.561265,-4.14245770099305
1.56127,-4.14333512484828
1.561275,-4.14421262028059
1.56128,-4.14509018714485
1.561285,-4.14596782529583
1.56129,-4.14684553458814
1.561295,-4.14772331487615
1.5613,-4.14860116601425
1.561305,-4.14947908785649
1.56131,-4.15035708025686
1.561315,-4.15123514306922
1.56132,-4.15211327614721
1.561325,-4.15299147934435
1.56133,-4.15386975251403
1.561335,-4.15474809550939
1.56134,-4.15562650818357
1.561345,-4.15650499038938
1.56135,-4.15738354197961
1.561355,-4.15826216280687
1.56136,-4.15914085272353
1.561365,-4.16001961158194
1.56137,-4.16089843923416
1.561375,-4.16177733553219
1.56138,-4.16265630032787
1.561385,-4.1635353334728
1.56139,-4.16441443481852
1.561395,-4.16529360421642
1.5614,-4.16617284151762
1.561405,-4.16705214657322
1.56141,-4.16793151923405
1.561415,-4.16881095935087
1.56142,-4.16969046677427
1.561425,-4.17057004135464
1.56143,-4.17144968294229
1.561435,-4.17232939138726
1.56144,-4.17320916653955
1.561445,-4.17408900824897
1.56145,-4.17496891636512
1.561455,-4.17584889073751
1.56146,-4.1767289312155
1.561465,-4.17760903764819
1.56147,-4.17848920988471
1.561475,-4.17936944777382
1.56148,-4.18024975116428
1.561485,-4.18113011990467
1.56149,-4.18201055384333
1.561495,-4.18289105282856
1.5615,-4.18377161670839
1.561505,-4.18465224533078
1.56151,-4.18553293854353
1.561515,-4.1864136961942
1.56152,-4.18729451813029
1.561525,-4.18817540419913
1.56153,-4.18905635424781
1.561535,-4.1899373681234
1.56154,-4.19081844567267
1.561545,-4.19169958674232
1.56155,-4.19258079117892
1.561555,-4.19346205882878
1.56156,-4.19434338953817
1.561565,-4.1952247831531
1.56157,-4.19610623951948
1.561575,-4.1969877584831
1.56158,-4.19786933988949
1.561585,-4.1987509835841
1.56159,-4.19963268941225
1.561595,-4.20051445721899
1.5616,-4.20139628684934
1.561605,-4.20227817814806
1.56161,-4.20316013095981
1.561615,-4.20404214512912
1.56162,-4.2049242205003
1.561625,-4.20580635691753
1.56163,-4.2066885542248
1.561635,-4.20757081226601
1.56164,-4.20845313088489
1.561645,-4.20933550992494
1.56165,-4.21021794922958
1.561655,-4.21110044864208
1.56166,-4.21198300800546
1.561665,-4.21286562716272
1.56167,-4.21374830595653
1.561675,-4.21463104422955
1.56168,-4.21551384182427
1.561685,-4.21639669858291
1.56169,-4.21727961434768
1.561695,-4.21816258896051
1.5617,-4.21904562226324
1.561705,-4.21992871409756
1.56171,-4.22081186430493
1.561715,-4.22169507272672
1.56172,-4.22257833920417
1.561725,-4.22346166357826
1.56173,-4.22434504568991
1.561735,-4.22522848537979
1.56174,-4.2261119824885
1.561745,-4.22699553685646
1.56175,-4.2278791483239
1.561755,-4.22876281673092
1.56176,-4.22964654191743
1.561765,-4.23053032372321
1.56177,-4.23141416198794
1.561775,-4.232298056551
1.56178,-4.23318200725172
1.561785,-4.23406601392929
1.56179,-4.23495007642263
1.561795,-4.23583419457063
1.5618,-4.23671836821189
1.561805,-4.23760259718498
1.56181,-4.23848688132827
1.561815,-4.23937122047989
1.56182,-4.24025561447796
1.561825,-4.2411400631603
1.56183,-4.24202456636463
1.561835,-4.24290912392858
1.56184,-4.24379373568951
1.561845,-4.24467840148465
1.56185,-4.24556312115116
1.561855,-4.24644789452591
1.56186,-4.24733272144572
1.561865,-4.24821760174715
1.56187,-4.24910253526671
1.561875,-4.2499875218407
1.56188,-4.25087256130521
1.561885,-4.25175765349631
1.56189,-4.25264279824972
1.561895,-4.25352799540116
1.5619,-4.25441324478619
1.561905,-4.25529854624006
1.56191,-4.25618389959802
1.561915,-4.25706930469511
1.56192,-4.25795476136616
1.561925,-4.25884026944595
1.56193,-4.25972582876896
1.561935,-4.26061143916965
1.56194,-4.26149710048224
1.561945,-4.26238281254078
1.56195,-4.26326857517924
1.561955,-4.26415438823138
1.56196,-4.26504025153077
1.561965,-4.2659261649109
1.56197,-4.26681212820501
1.561975,-4.26769814124625
1.56198,-4.26858420386763
1.561985,-4.26947031590188
1.56199,-4.27035647718174
1.561995,-4.27124268753961
1.562,-4.2721289468079
1.562005,-4.27301525481877
1.56201,-4.27390161140422
1.562015,-4.27478801639609
1.56202,-4.27567446962615
1.562025,-4.27656097092585
1.56203,-4.27744752012666
1.562035,-4.27833411705971
1.56204,-4.27922076155612
1.562045,-4.2801074534468
1.56205,-4.28099419256246
1.562055,-4.28188097873372
1.56206,-4.28276781179097
1.562065,-4.28365469156448
1.56207,-4.28454161788441
1.562075,-4.28542859058065
1.56208,-4.286315609483
1.562085,-4.28720267442114
1.56209,-4.28808978522445
1.562095,-4.28897694172235
1.5621,-4.2898641437439
1.562105,-4.29075139111812
1.56211,-4.29163868367389
1.562115,-4.29252602123981
1.56212,-4.29341340364447
1.562125,-4.29430083071616
1.56213,-4.29518830228309
1.562135,-4.29607581817337
1.56214,-4.29696337821477
1.562145,-4.29785098223506
1.56215,-4.29873863006183
1.562155,-4.29962632152242
1.56216,-4.30051405644411
1.562165,-4.30140183465395
1.56217,-4.30228965597887
1.562175,-4.30317752024566
1.56218,-4.30406542728088
1.562185,-4.30495337691103
1.56219,-4.3058413689623
1.562195,-4.30672940326089
1.5622,-4.30761747963277
1.562205,-4.30850559790367
1.56221,-4.30939375789929
1.562215,-4.31028195944514
1.56222,-4.31117020236648
1.562225,-4.31205848648851
1.56223,-4.31294681163622
1.562235,-4.31383517763448
1.56224,-4.31472358430798
1.562245,-4.31561203148119
1.56225,-4.31650051897856
1.562255,-4.31738904662422
1.56226,-4.31827761424226
1.562265,-4.31916622165657
1.56227,-4.32005486869086
1.562275,-4.3209435551687
1.56228,-4.32183228091354
1.562285,-4.32272104574856
1.56229,-4.32360984949691
1.562295,-4.32449869198147
1.5623,-4.32538757302504
1.562305,-4.32627649245024
1.56231,-4.32716545007949
1.562315,-4.3280544457351
1.56232,-4.32894347923918
1.562325,-4.32983255041371
1.56233,-4.33072165908054
1.562335,-4.33161080506126
1.56234,-4.33249998817738
1.562345,-4.33338920825027
1.56235,-4.33427846510103
1.562355,-4.33516775855075
1.56236,-4.33605708842022
1.562365,-4.33694645453015
1.56237,-4.33783585670111
1.562375,-4.33872529475342
1.56238,-4.33961476850733
1.562385,-4.34050427778284
1.56239,-4.34139382239988
1.562395,-4.3422834021782
1.5624,-4.34317301693733
1.562405,-4.34406266649671
1.56241,-4.34495235067561
1.562415,-4.34584206929308
1.56242,-4.34673182216809
1.562425,-4.34762160911938
1.56243,-4.34851142996557
1.562435,-4.34940128452515
1.56244,-4.35029117261637
1.562445,-4.3511810940574
1.56245,-4.35207104866616
1.562455,-4.3529610362605
1.56246,-4.3538510566581
1.562465,-4.3547411096764
1.56247,-4.35563119513275
1.562475,-4.35652131284436
1.56248,-4.3574114626282
1.562485,-4.35830164430116
1.56249,-4.35919185767988
1.562495,-4.36008210258094
1.5625,-4.36097237882073
1.562505,-4.3618626862154
1.56251,-4.36275302458108
1.562515,-4.36364339373359
1.56252,-4.36453379348871
1.562525,-4.36542422366203
1.56253,-4.36631468406891
1.562535,-4.36720517452463
1.56254,-4.36809569484434
1.562545,-4.3689862448429
1.56255,-4.36987682433513
1.562555,-4.3707674331356
1.56256,-4.37165807105879
1.562565,-4.37254873791903
1.56257,-4.37343943353039
1.562575,-4.37433015770691
1.56258,-4.37522091026235
1.562585,-4.3761116910104
1.56259,-4.37700249976458
1.562595,-4.37789333633817
1.5626,-4.37878420054437
1.562605,-4.37967509219623
1.56261,-4.38056601110654
1.562615,-4.38145695708807
1.56262,-4.38234792995329
1.562625,-4.38323892951463
1.56263,-4.3841299555843
1.562635,-4.38502100797433
1.56264,-4.38591208649665
1.562645,-4.38680319096296
1.56265,-4.38769432118486
1.562655,-4.38858547697382
1.56266,-4.38947665814101
1.562665,-4.39036786449757
1.56267,-4.39125909585447
1.562675,-4.39215035202244
1.56268,-4.39304163281216
1.562685,-4.39393293803401
1.56269,-4.39482426749834
1.562695,-4.39571562101532
1.5627,-4.39660699839488
1.562705,-4.39749839944685
1.56271,-4.39838982398094
1.562715,-4.39928127180658
1.56272,-4.4001727427332
1.562725,-4.40106423656989
1.56273,-4.40195575312572
1.562735,-4.40284729220961
1.56274,-4.40373885363016
1.562745,-4.404630437196
1.56275,-4.40552204271546
1.562755,-4.40641366999679
1.56276,-4.40730531884809
1.562765,-4.4081969890772
1.56277,-4.40908868049193
1.562775,-4.40998039289985
1.56278,-4.41087212610836
1.562785,-4.4117638799248
1.56279,-4.41265565415618
1.562795,-4.41354744860952
1.5628,-4.41443926309165
1.562805,-4.4153310974091
1.56281,-4.41622295136843
1.562815,-4.41711482477591
1.56282,-4.41800671743769
1.562825,-4.41889862915983
1.56283,-4.41979055974807
1.562835,-4.42068250900814
1.56284,-4.42157447674561
1.562845,-4.42246646276573
1.56285,-4.4233584668738
1.562855,-4.42425048887478
1.56286,-4.42514252857358
1.562865,-4.42603458577498
1.56287,-4.42692666028345
1.562875,-4.42781875190349
1.56288,-4.42871086043924
1.562885,-4.42960298569486
1.56289,-4.43049512747428
1.562895,-4.43138728558121
1.5629,-4.43227945981932
1.562905,-4.43317164999205
1.56291,-4.43406385590267
1.562915,-4.43495607735434
1.56292,-4.43584831415
1.562925,-4.43674056609247
1.56293,-4.43763283298447
1.562935,-4.4385251146284
1.56294,-4.4394174108267
1.562945,-4.44030972138145
1.56295,-4.44120204609474
1.562955,-4.44209438476842
1.56296,-4.44298673720419
1.562965,-4.44387910320357
1.56297,-4.44477148256802
1.562975,-4.44566387509869
1.56298,-4.4465562805967
1.562985,-4.44744869886294
1.56299,-4.44834112969813
1.562995,-4.44923357290297
1.563,-4.45012602827777
1.563005,-4.45101849562293
1.56301,-4.45191097473845
1.563015,-4.45280346542437
1.56302,-4.45369596748051
1.563025,-4.45458848070643
1.56303,-4.45548100490168
1.563035,-4.45637353986559
1.56304,-4.4572660853973
1.563045,-4.45815864129587
1.56305,-4.45905120736007
1.563055,-4.45994378338868
1.56306,-4.46083636918023
1.563065,-4.46172896453303
1.56307,-4.4626215692454
1.563075,-4.46351418311531
1.56308,-4.46440680594073
1.563085,-4.46529943751942
1.56309,-4.4661920776489
1.563095,-4.46708472612665
1.5631,-4.46797738274998
1.563105,-4.46887004731594
1.56311,-4.46976271962153
1.563115,-4.47065539946353
1.56312,-4.47154808663859
1.563125,-4.47244078094323
1.56313,-4.47333348217373
1.563135,-4.47422619012631
1.56314,-4.47511890459693
1.563145,-4.47601162538149
1.56315,-4.47690435227571
1.563155,-4.47779708507506
1.56316,-4.47868982357496
1.563165,-4.4795825675707
1.56317,-4.48047531685725
1.563175,-4.48136807122961
1.56318,-4.48226083048245
1.563185,-4.48315359441043
1.56319,-4.48404636280801
1.563195,-4.48493913546942
1.5632,-4.48583191218884
1.563205,-4.48672469276017
1.56321,-4.48761747697729
1.563215,-4.48851026463386
1.56322,-4.48940305552333
1.563225,-4.49029584943908
1.56323,-4.4911886461743
1.563235,-4.492081445522
1.56324,-4.4929742472751
1.563245,-4.49386705122625
1.56325,-4.49475985716805
1.563255,-4.49565266489292
1.56326,-4.49654547419307
1.563265,-4.49743828486064
1.56327,-4.49833109668751
1.563275,-4.49922390946548
1.56328,-4.50011672298622
1.563285,-4.50100953704112
1.56329,-4.50190235142153
1.563295,-4.50279516591861
1.5633,-4.50368798032335
1.563305,-4.50458079442661
1.56331,-4.50547360801904
1.563315,-4.50636642089118
1.56332,-4.50725923283346
1.563325,-4.50815204363601
1.56333,-4.50904485308897
1.563335,-4.50993766098219
1.56334,-4.51083046710545
1.563345,-4.51172327124837
1.56335,-4.51261607320033
1.563355,-4.51350887275065
1.56336,-4.51440166968848
1.563365,-4.51529446380275
1.56337,-4.51618725488234
1.563375,-4.51708004271585
1.56338,-4.5179728270918
1.563385,-4.5188656077986
1.56339,-4.51975838462437
1.563395,-4.52065115735722
1.5634,-4.52154392578498
1.563405,-4.52243668969541
1.56341,-4.52332944887611
1.563415,-4.52422220311446
1.56342,-4.52511495219775
1.563425,-4.52600769591312
1.56343,-4.52690043404747
1.563435,-4.52779316638767
1.56344,-4.52868589272032
1.563445,-4.52957861283192
1.56345,-4.53047132650886
1.563455,-4.53136403353725
1.56346,-4.53225673370317
1.563465,-4.53314942679251
1.56347,-4.53404211259095
1.563475,-4.53493479088411
1.56348,-4.53582746145735
1.563485,-4.53672012409596
1.56349,-4.53761277858507
1.563495,-4.53850542470959
1.5635,-4.53939806225437
1.563505,-4.540290691004
1.56351,-4.54118331074299
1.563515,-4.54207592125572
1.56352,-4.54296852232631
1.563525,-4.54386111373883
1.56353,-4.54475369527717
1.563535,-4.545646266725
1.56354,-4.54653882786599
1.563545,-4.54743137848343
1.56355,-4.54832391836066
1.563555,-4.54921644728081
1.56356,-4.55010896502678
1.563565,-4.55100147138143
1.56357,-4.55189396612737
1.563575,-4.55278644904711
1.56358,-4.55367891992302
1.563585,-4.55457137853726
1.56359,-4.55546382467188
1.563595,-4.55635625810883
1.5636,-4.55724867862973
1.563605,-4.55814108601628
1.56361,-4.55903348004981
1.563615,-4.55992586051166
1.56362,-4.56081822718298
1.563625,-4.56171057984467
1.56363,-4.56260291827762
1.563635,-4.56349524226245
1.56364,-4.5643875515797
1.563645,-4.56527984600977
1.56365,-4.5661721253328
1.563655,-4.56706438932889
1.56366,-4.56795663777801
1.563665,-4.56884887045982
1.56367,-4.56974108715401
1.563675,-4.57063328763997
1.56368,-4.57152547169704
1.563685,-4.57241763910439
1.56369,-4.57330978964099
1.563695,-4.57420192308572
1.5637,-4.57509403921724
1.563705,-4.57598613781413
1.56371,-4.57687821865481
1.563715,-4.57777028151746
1.56372,-4.57866232618024
1.563725,-4.5795543524211
1.56373,-4.58044636001777
1.563735,-4.58133834874799
1.56374,-4.58223031838915
1.563745,-4.58312226871865
1.56375,-4.58401419951373
1.563755,-4.58490611055133
1.56376,-4.58579800160844
1.563765,-4.58668987246173
1.56377,-4.58758172288782
1.563775,-4.58847355266321
1.56378,-4.5893653615641
1.563785,-4.59025714936669
1.56379,-4.59114891584698
1.563795,-4.59204066078077
1.5638,-4.59293238394383
1.563805,-4.59382408511161
1.56381,-4.59471576405958
1.563815,-4.59560742056298
1.56382,-4.59649905439688
1.563825,-4.59739066533627
1.56383,-4.5982822531559
1.563835,-4.59917381763043
1.56384,-4.60006535853443
1.563845,-4.60095687564218
1.56385,-4.60184836872789
1.563855,-4.6027398375657
1.56386,-4.60363128192941
1.563865,-4.60452270159287
1.56387,-4.60541409632961
1.563875,-4.60630546591315
1.56388,-4.60719681011681
1.563885,-4.60808812871372
1.56389,-4.60897942147694
1.563895,-4.60987068817932
1.5639,-4.61076192859357
1.563905,-4.61165314249232
1.56391,-4.61254432964794
1.563915,-4.61343548983272
1.56392,-4.61432662281887
1.563925,-4.61521772837827
1.56393,-4.61610880628286
1.563935,-4.61699985630424
1.56394,-4.61789087821401
1.563945,-4.6187818717836
1.56395,-4.61967283678418
1.563955,-4.62056377298695
1.56396,-4.62145468016278
1.563965,-4.62234555808253
1.56397,-4.6232364065169
1.563975,-4.62412722523633
1.56398,-4.62501801401124
1.563985,-4.6259087726119
1.56399,-4.6267995008083
1.563995,-4.62769019837047
1.564,-4.62858086506811
1.564005,-4.62947150067093
1.56401,-4.63036210494844
1.564015,-4.63125267766992
1.56402,-4.63214321860467
1.564025,-4.63303372752168
1.56403,-4.63392420418988
1.564035,-4.6348146483781
1.56404,-4.63570505985491
1.564045,-4.6365954383888
1.56405,-4.63748578374815
1.564055,-4.6383760957011
1.56406,-4.63926637401576
1.564065,-4.64015661845995
1.56407,-4.64104682880149
1.564075,-4.64193700480803
1.56408,-4.64282714624696
1.564085,-4.64371725288567
1.56409,-4.6446073244913
1.564095,-4.64549736083091
1.5641,-4.64638736167144
1.564105,-4.64727732677955
1.56411,-4.64816725592193
1.564115,-4.64905714886504
1.56412,-4.64994700537517
1.564125,-4.65083682521851
1.56413,-4.6517266081611
1.564135,-4.65261635396883
1.56414,-4.65350606240749
1.564145,-4.65439573324262
1.56415,-4.65528536623971
1.564155,-4.65617496116414
1.56416,-4.65706451778102
1.564165,-4.65795403585545
1.56417,-4.65884351515226
1.564175,-4.65973295543623
1.56418,-4.660622356472
1.564185,-4.66151171802402
1.56419,-4.66240103985664
1.564195,-4.66329032173401
1.5642,-4.66417956342019
1.564205,-4.66506876467912
1.56421,-4.66595792527452
1.564215,-4.66684704497001
1.56422,-4.66773612352913
1.564225,-4.66862516071515
1.56423,-4.66951415629134
1.564235,-4.6704031100207
1.56424,-4.67129202166617
1.564245,-4.67218089099055
1.56425,-4.67306971775644
1.564255,-4.67395850172638
1.56426,-4.67484724266269
1.564265,-4.67573594032758
1.56427,-4.67662459448321
1.564275,-4.67751320489143
1.56428,-4.67840177131407
1.564285,-4.67929029351284
1.56429,-4.68017877124917
1.564295,-4.68106720428453
1.5643,-4.68195559238008
1.564305,-4.68284393529697
1.56431,-4.68373223279619
1.564315,-4.68462048463851
1.56432,-4.68550869058467
1.564325,-4.68639685039517
1.56433,-4.68728496383045
1.564335,-4.68817303065081
1.56434,-4.68906105061632
1.564345,-4.68994902348701
1.56435,-4.69083694902278
1.564355,-4.69172482698328
1.56436,-4.69261265712816
1.564365,-4.69350043921681
1.56437,-4.69438817300856
1.564375,-4.69527585826263
1.56438,-4.69616349473799
1.564385,-4.69705108219359
1.56439,-4.69793862038815
1.564395,-4.6988261090803
1.5644,-4.69971354802857
1.564405,-4.70060093699126
1.56441,-4.70148827572662
1.564415,-4.70237556399274
1.56442,-4.70326280154754
1.564425,-4.70414998814885
1.56443,-4.70503712355432
1.564435,-4.70592420752149
1.56444,-4.70681123980783
1.564445,-4.7076982201705
1.56445,-4.70858514836672
1.564455,-4.70947202415343
1.56446,-4.71035884728751
1.564465,-4.71124561752573
1.56447,-4.71213233462461
1.564475,-4.71301899834067
1.56448,-4.71390560843023
1.564485,-4.71479216464943
1.56449,-4.7156786667544
1.564495,-4.71656511450099
1.5645,-4.71745150764503
1.564505,-4.71833784594222
1.56451,-4.71922412914799
1.564515,-4.7201103570178
1.56452,-4.72099652930686
1.564525,-4.72188264577031
1.56453,-4.7227687061632
1.564535,-4.72365471024028
1.56454,-4.72454065775634
1.564545,-4.72542654846599
1.56455,-4.72631238212366
1.564555,-4.72719815848369
1.56456,-4.72808387730025
1.564565,-4.72896953832742
1.56457,-4.7298551413192
1.564575,-4.73074068602928
1.56458,-4.73162617221143
1.564585,-4.73251159961911
1.56459,-4.73339696800578
1.564595,-4.73428227712472
1.5646,-4.73516752672903
1.564605,-4.73605271657177
1.56461,-4.73693784640584
1.564615,-4.73782291598394
1.56462,-4.73870792505876
1.564625,-4.73959287338275
1.56463,-4.74047776070827
1.564635,-4.74136258678761
1.56464,-4.74224735137284
1.564645,-4.74313205421595
1.56465,-4.74401669506876
1.564655,-4.74490127368303
1.56466,-4.74578578981035
1.564665,-4.74667024320215
1.56467,-4.74755463360976
1.564675,-4.74843896078445
1.56468,-4.74932322447723
1.564685,-4.75020742443909
1.56469,-4.75109156042081
1.564695,-4.75197563217313
1.5647,-4.7528596394466
1.564705,-4.75374358199165
1.56471,-4.75462745955861
1.564715,-4.75551127189762
1.56472,-4.75639501875879
1.564725,-4.75727869989204
1.56473,-4.75816231504714
1.564735,-4.75904586397379
1.56474,-4.75992934642159
1.564745,-4.76081276213987
1.56475,-4.76169611087803
1.564755,-4.76257939238515
1.56476,-4.76346260641032
1.564765,-4.76434575270251
1.56477,-4.76522883101043
1.564775,-4.76611184108284
1.56478,-4.76699478266819
1.564785,-4.76787765551498
1.56479,-4.7687604593715
1.564795,-4.7696431939859
1.5648,-4.77052585910622
1.564805,-4.77140845448045
1.56481,-4.7722909798563
1.564815,-4.77317343498154
1.56482,-4.77405581960363
1.564825,-4.77493813347008
1.56483,-4.77582037632819
1.564835,-4.77670254792508
1.56484,-4.77758464800791
1.564845,-4.77846667632351
1.56485,-4.77934863261877
1.564855,-4.78023051664039
1.56486,-4.7811123281349
1.564865,-4.78199406684875
1.56487,-4.78287573252835
1.564875,-4.78375732491981
1.56488,-4.78463884376927
1.564885,-4.78552028882266
1.56489,-4.78640165982583
1.564895,-4.78728295652456
1.5649,-4.78816417866437
1.564905,-4.78904532599077
1.56491,-4.78992639824917
1.564915,-4.79080739518475
1.56492,-4.79168831654266
1.564925,-4.79256916206787
1.56493,-4.79344993150528
1.564935,-4.79433062459969
1.56494,-4.79521124109569
1.564945,-4.79609178073783
1.56495,-4.7969722432705
1.564955,-4.79785262843799
1.56496,-4.79873293598449
1.564965,-4.79961316565401
1.56497,-4.80049331719051
1.564975,-4.80137339033782
1.56498,-4.80225338483957
1.564985,-4.80313330043943
1.56499,-4.80401313688078
1.564995,-4.80489289390697
1.565,-4.80577257126131
1.565005,-4.80665216868681
1.56501,-4.80753168592654
1.565015,-4.8084111227233
1.56502,-4.8092904788199
1.565025,-4.81016975395901
1.56503,-4.8110489478831
1.565035,-4.81192806033459
1.56504,-4.81280709105583
1.565045,-4.81368603978895
1.56505,-4.81456490627606
1.565055,-4.81544369025905
1.56506,-4.81632239147982
1.565065,-4.81720100968009
1.56507,-4.81807954460141
1.565075,-4.81895799598536
1.56508,-4.81983636357322
1.565085,-4.82071464710633
1.56509,-4.82159284632586
1.565095,-4.82247096097279
1.5651,-4.82334899078807
1.565105,-4.82422693551256
1.56511,-4.82510479488687
1.565115,-4.82598256865169
1.56512,-4.82686025654742
1.565125,-4.82773785831446
1.56513,-4.82861537369309
1.565135,-4.82949280242338
1.56514,-4.83037014424545
1.565145,-4.83124739889911
1.56515,-4.83212456612426
1.565155,-4.83300164566059
1.56516,-4.83387863724763
1.565165,-4.8347555406249
1.56517,-4.83563235553178
1.565175,-4.83650908170748
1.56518,-4.83738571889119
1.565185,-4.8382622668219
1.56519,-4.83913872523857
1.565195,-4.84001509388004
1.5652,-4.84089137248496
1.565205,-4.84176756079198
1.56521,-4.84264365853956
1.565215,-4.8435196654661
1.56522,-4.8443955813099
1.565225,-4.84527140580908
1.56523,-4.84614713870172
1.565235,-4.8470227797258
1.56524,-4.84789832861912
1.565245,-4.84877378511947
1.56525,-4.84964914896442
1.565255,-4.85052441989153
1.56526,-4.85139959763824
1.565265,-4.85227468194182
1.56527,-4.85314967253951
1.565275,-4.85402456916837
1.56528,-4.85489937156543
1.565285,-4.8557740794676
1.56529,-4.85664869261161
1.565295,-4.85752321073416
1.5653,-4.85839763357187
1.565305,-4.85927196086114
1.56531,-4.86014619233842
1.565315,-4.86102032773988
1.56532,-4.86189436680173
1.565325,-4.86276830926005
1.56533,-4.86364215485073
1.565335,-4.86451590330969
1.56534,-4.86538955437261
1.565345,-4.86626310777516
1.56535,-4.86713656325292
1.565355,-4.86800992054127
1.56536,-4.86888317937558
1.565365,-4.86975633949112
1.56537,-4.87062940062294
1.565375,-4.87150236250615
1.56538,-4.87237522487563
1.565385,-4.87324798746622
1.56539,-4.8741206500127
1.565395,-4.87499321224964
1.5654,-4.87586567391164
1.565405,-4.87673803473305
1.56541,-4.87761029444823
1.565415,-4.87848245279146
1.56542,-4.8793545094968
1.565425,-4.88022646429832
1.56543,-4.88109831693
1.565435,-4.88197006712559
1.56544,-4.8828417146189
1.565445,-4.8837132591435
1.56545,-4.88458470043298
1.565455,-4.88545603822083
1.56546,-4.88632727224031
1.565465,-4.88719840222473
1.56547,-4.88806942790719
1.565475,-4.88894034902078
1.56548,-4.88981116529852
1.565485,-4.89068187647317
1.56549,-4.89155248227755
1.565495,-4.89242298244437
1.5655,-4.89329337670614
1.565505,-4.89416366479541
1.56551,-4.8950338464445
1.565515,-4.89590392138575
1.56552,-4.89677388935138
1.565525,-4.89764375007343
1.56553,-4.89851350328398
1.565535,-4.8993831487149
1.56554,-4.90025268609802
1.565545,-4.90112211516512
1.56555,-4.90199143564779
1.565555,-4.90286064727757
1.56556,-4.90372974978597
1.565565,-4.90459874290431
1.56557,-4.90546762636388
1.565575,-4.90633639989582
1.56558,-4.90720506323125
1.565585,-4.90807361610119
1.56559,-4.90894205823649
1.565595,-4.90981038936803
1.5656,-4.91067860922645
1.565605,-4.91154671754245
1.56561,-4.91241471404657
1.565615,-4.91328259846922
1.56562,-4.91415037054081
1.565625,-4.91501802999162
1.56563,-4.9158855765518
1.565635,-4.91675300995151
1.56564,-4.91762032992067
1.565645,-4.91848753618927
1.56565,-4.91935462848715
1.565655,-4.92022160654403
1.56566,-4.92108847008955
1.565665,-4.92195521885335
1.56567,-4.92282185256485
1.565675,-4.92368837095351
1.56568,-4.92455477374859
1.565685,-4.92542106067931
1.56569,-4.92628723147491
1.565695,-4.92715328586432
1.5657,-4.92801922357662
1.565705,-4.9288850443406
1.56571,-4.92975074788513
1.565715,-4.93061633393892
1.56572,-4.93148180223058
1.565725,-4.93234715248865
1.56573,-4.93321238444167
1.565735,-4.93407749781792
1.56574,-4.9349424923458
1.565745,-4.93580736775342
1.56575,-4.936672123769
1.565755,-4.93753676012058
1.56576,-4.9384012765361
1.565765,-4.93926567274348
1.56577,-4.9401299484705
1.565775,-4.94099410344489
1.56578,-4.94185813739433
1.565785,-4.94272205004634
1.56579,-4.9435858411284
1.565795,-4.944449510368
1.5658,-4.94531305749235
1.565805,-4.9461764822288
1.56581,-4.94703978430443
1.565815,-4.94790296344635
1.56582,-4.94876601938163
1.565825,-4.9496289518371
1.56583,-4.95049176053971
1.565835,-4.95135444521616
1.56584,-4.95221700559316
1.565845,-4.9530794413974
1.56585,-4.95394175235533
1.565855,-4.95480393819344
1.56586,-4.95566599863818
1.565865,-4.95652793341576
1.56587,-4.95738974225253
1.565875,-4.95825142487457
1.56588,-4.95911298100797
1.565885,-4.95997441037882
1.56589,-4.96083571271297
1.565895,-4.96169688773635
1.5659,-4.96255793517466
1.565905,-4.96341885475368
1.56591,-4.96427964619908
1.565915,-4.96514030923634
1.56592,-4.96600084359102
1.565925,-4.96686124898856
1.56593,-4.96772152515424
1.565935,-4.96858167181338
1.56594,-4.96944168869118
1.565945,-4.97030157551276
1.56595,-4.97116133200323
1.565955,-4.97202095788752
1.56596,-4.97288045289062
1.565965,-4.9737398167373
1.56597,-4.9745990491524
1.565975,-4.97545814986062
1.56598,-4.97631711858659
1.565985,-4.97717595505489
1.56599,-4.97803465899005
1.565995,-4.97889323011645
1.566,-4.97975166815852
1.566005,-4.9806099728405
1.56601,-4.98146814388665
1.566015,-4.98232618102117
1.56602,-4.98318408396807
1.566025,-4.98404185245147
1.56603,-4.98489948619528
1.566035,-4.9857569849234
1.56604,-4.98661434835971
1.566045,-4.98747157622792
1.56605,-4.98832866825175
1.566055,-4.98918562415484
1.56606,-4.99004244366076
1.566065,-4.99089912649305
1.56607,-4.99175567237508
1.566075,-4.99261208103028
1.56608,-4.99346835218199
1.566085,-4.99432448555339
1.56609,-4.99518048086775
1.566095,-4.9960363378481
1.5661,-4.99689205621759
1.566105,-4.99774763569922
1.56611,-4.99860307601589
1.566115,-4.99945837689049
1.56612,-5.00031353804588
1.566125,-5.00116855920476
1.56613,-5.00202344008989
1.566135,-5.00287818042385
1.56614,-5.00373277992924
1.566145,-5.00458723832863
1.56615,-5.0054415553444
1.566155,-5.00629573069901
1.56616,-5.00714976411476
1.566165,-5.00800365531396
1.56617,-5.00885740401887
1.566175,-5.00971100995159
1.56618,-5.01056447283427
1.566185,-5.01141779238899
1.56619,-5.0122709683377
1.566195,-5.01312400040241
1.5662,-5.01397688830493
1.566205,-5.01482963176713
1.56621,-5.01568223051081
1.566215,-5.01653468425765
1.56622,-5.01738699272936
1.566225,-5.0182391556475
1.56623,-5.01909117273366
1.566235,-5.01994304370937
1.56624,-5.02079476829603
1.566245,-5.02164634621507
1.56625,-5.02249777718785
1.566255,-5.02334906093563
1.56626,-5.0242001971797
1.566265,-5.02505118564118
1.56627,-5.02590202604128
1.566275,-5.02675271810106
1.56628,-5.02760326154154
1.566285,-5.02845365608375
1.56629,-5.02930390144857
1.566295,-5.03015399735692
1.5663,-5.03100394352967
1.566305,-5.03185373968755
1.56631,-5.03270338555133
1.566315,-5.03355288084174
1.56632,-5.03440222527935
1.566325,-5.03525141858482
1.56633,-5.03610046047865
1.566335,-5.03694935068135
1.56634,-5.03779808891344
1.566345,-5.03864667489526
1.56635,-5.03949510834721
1.566355,-5.04034338898956
1.56636,-5.04119151654263
1.566365,-5.04203949072665
1.56637,-5.04288731126176
1.566375,-5.04373497786814
1.56638,-5.0445824902659
1.566385,-5.04542984817502
1.56639,-5.04627705131558
1.566395,-5.04712409940751
1.5664,-5.04797099217072
1.566405,-5.04881772932514
1.56641,-5.04966431059055
1.566415,-5.05051073568679
1.56642,-5.05135700433362
1.566425,-5.0522031162507
1.56643,-5.05304907115777
1.566435,-5.05389486877443
1.56644,-5.05474050882026
1.566445,-5.05558599101486
1.56645,-5.05643131507771
1.566455,-5.05727648072833
1.56646,-5.05812148768609
1.566465,-5.05896633567042
1.56647,-5.05981102440075
1.566475,-5.0606555535963
1.56648,-5.0614999229764
1.566485,-5.06234413226037
1.56649,-5.06318818116731
1.566495,-5.0640320694165
1.5665,-5.06487579672702
1.566505,-5.06571936281798
1.56651,-5.06656276740851
1.566515,-5.06740601021761
1.56652,-5.0682490909643
1.566525,-5.06909200936751
1.56653,-5.06993476514623
1.566535,-5.07077735801937
1.56654,-5.07161978770576
1.566545,-5.07246205392426
1.56655,-5.0733041563937
1.566555,-5.07414609483284
1.56656,-5.07498786896042
1.566565,-5.07582947849515
1.56657,-5.07667092315573
1.566575,-5.07751220266082
1.56658,-5.07835331672903
1.566585,-5.07919426507897
1.56659,-5.08003504742918
1.566595,-5.0808756634982
1.5666,-5.0817161130046
1.566605,-5.08255639566677
1.56661,-5.0833965112032
1.566615,-5.08423645933237
1.56662,-5.08507623977259
1.566625,-5.08591585224233
1.56663,-5.08675529645983
1.566635,-5.08759457214348
1.56664,-5.08843367901157
1.566645,-5.08927261678236
1.56665,-5.09011138517411
1.566655,-5.09094998390501
1.56666,-5.09178841269327
1.566665,-5.09262667125712
1.56667,-5.09346475931461
1.566675,-5.09430267658395
1.56668,-5.09514042278322
1.566685,-5.0959779976305
1.56669,-5.09681540084389
1.566695,-5.09765263214135
1.5667,-5.09848969124097
1.566705,-5.09932657786074
1.56671,-5.10016329171862
1.566715,-5.1009998325326
1.56672,-5.10183620002059
1.566725,-5.1026723939005
1.56673,-5.10350841389031
1.566735,-5.10434425970782
1.56674,-5.10517993107092
1.566745,-5.10601542769752
1.56675,-5.10685074930536
1.566755,-5.10768589561235
1.56676,-5.10852086633621
1.566765,-5.10935566119473
1.56677,-5.11019027990577
1.566775,-5.11102472218698
1.56678,-5.11185898775616
1.566785,-5.112693076331
1.56679,-5.11352698762922
1.566795,-5.11436072136854
1.5668,-5.11519427726662
1.566805,-5.11602765504113
1.56681,-5.11686085440976
1.566815,-5.11769387509011
1.56682,-5.11852671679987
1.566825,-5.1193593792566
1.56683,-5.12019186217796
1.566835,-5.12102416528158
1.56684,-5.12185628828495
1.566845,-5.12268823090578
1.56685,-5.12351999286155
1.566855,-5.12435157386986
1.56686,-5.12518297364828
1.566865,-5.12601419191433
1.56687,-5.12684522838556
1.566875,-5.12767608277953
1.56688,-5.12850675481374
1.566885,-5.12933724420574
1.56689,-5.130167550673
1.566895,-5.13099767393304
1.5669,-5.13182761370341
1.566905,-5.13265736970156
1.56691,-5.13348694164503
1.566915,-5.13431632925125
1.56692,-5.13514553223773
1.566925,-5.13597455032201
1.56693,-5.13680338322149
1.566935,-5.13763203065369
1.56694,-5.1384604923361
1.566945,-5.13928876798615
1.56695,-5.14011685732138
1.566955,-5.14094476005919
1.56696,-5.14177247591709
1.566965,-5.14260000461258
1.56697,-5.14342734586308
1.566975,-5.1442544993861
1.56698,-5.14508146489909
1.566985,-5.14590824211955
1.56699,-5.14673483076498
1.566995,-5.1475612305528
1.567,-5.14838744120053
1.567005,-5.14921346242569
1.56701,-5.15003929394571
1.567015,-5.15086493547813
1.56702,-5.15169038674043
1.567025,-5.15251564745011
1.56703,-5.15334071732474
1.567035,-5.15416559608176
1.56704,-5.15499028343875
1.567045,-5.1558147791132
1.56705,-5.15663908282265
1.567055,-5.1574631942847
1.56706,-5.15828711321683
1.567065,-5.15911083933663
1.56707,-5.15993437236171
1.567075,-5.16075771200958
1.56708,-5.16158085799789
1.567085,-5.16240381004419
1.56709,-5.1632265678661
1.567095,-5.16404913118129
1.5671,-5.16487149970732
1.567105,-5.16569367316188
1.56711,-5.16651565126259
1.567115,-5.16733743372717
1.56712,-5.16815902027328
1.567125,-5.16898041061858
1.56713,-5.1698016044808
1.567135,-5.17062260157771
1.56714,-5.17144340162697
1.567145,-5.1722640043464
1.56715,-5.17308440945371
1.567155,-5.17390461666671
1.56716,-5.17472462570324
1.567165,-5.17554443628105
1.56717,-5.17636404811801
1.567175,-5.177183460932
1.56718,-5.17800267444083
1.567185,-5.17882168836246
1.56719,-5.17964050241473
1.567195,-5.1804591163156
1.5672,-5.18127752978305
1.567205,-5.18209574253499
1.56721,-5.18291375428949
1.567215,-5.18373156476446
1.56722,-5.18454917367798
1.567225,-5.18536658074814
1.56723,-5.18618378569296
1.567235,-5.18700078823056
1.56724,-5.18781758807911
1.567245,-5.18863418495668
1.56725,-5.18945057858154
1.567255,-5.19026676867177
1.56726,-5.19108275494566
1.567265,-5.19189853712148
1.56727,-5.19271411491744
1.567275,-5.19352948805191
1.56728,-5.19434465624317
1.567285,-5.19515961920957
1.56729,-5.19597437666954
1.567295,-5.19678892834143
1.5673,-5.19760327394372
1.567305,-5.19841741319492
1.56731,-5.19923134581344
1.567315,-5.20004507151787
1.56732,-5.20085859002673
1.567325,-5.20167190105865
1.56733,-5.20248500433226
1.567335,-5.20329789956617
1.56734,-5.2041105864791
1.567345,-5.20492306478974
1.56735,-5.20573533421687
1.567355,-5.20654739447929
1.56736,-5.20735924529577
1.567365,-5.20817088638522
1.56737,-5.20898231746652
1.567375,-5.20979353825855
1.56738,-5.21060454848034
1.567385,-5.21141534785085
1.56739,-5.21222593608911
1.567395,-5.21303631291423
1.5674,-5.21384647804529
1.567405,-5.21465643120146
1.56741,-5.21546617210189
1.567415,-5.21627570046586
1.56742,-5.21708501601262
1.567425,-5.21789411846144
1.56743,-5.21870300753173
1.567435,-5.21951168294286
1.56744,-5.22032014441422
1.567445,-5.22112839166536
1.56745,-5.22193642441571
1.567455,-5.22274424238487
1.56746,-5.22355184529249
1.567465,-5.22435923285812
1.56747,-5.22516640480153
1.567475,-5.22597336084241
1.56748,-5.22678010070054
1.567485,-5.22758662409582
1.56749,-5.22839293074801
1.567495,-5.22919902037708
1.5675,-5.23000489270305
1.567505,-5.23081054744585
1.56751,-5.23161598432561
1.567515,-5.23242120306238
1.56752,-5.23322620337635
1.567525,-5.23403098498775
1.56753,-5.2348355476168
1.567535,-5.23563989098385
1.56754,-5.23644401480921
1.567545,-5.23724791881334
1.56755,-5.23805160271669
1.567555,-5.23885506623977
1.56756,-5.23965830910313
1.567565,-5.24046133102747
1.56757,-5.24126413173336
1.567575,-5.24206671094164
1.56758,-5.24286906837299
1.567585,-5.24367120374832
1.56759,-5.24447311678852
1.567595,-5.24527480721452
1.5676,-5.24607627474736
1.567605,-5.24687751910807
1.56761,-5.24767854001778
1.567615,-5.24847933719774
1.56762,-5.2492799103691
1.567625,-5.25008025925319
1.56763,-5.25088038357142
1.567635,-5.25168028304512
1.56764,-5.25247995739587
1.567645,-5.25327940634512
1.56765,-5.25407862961454
1.567655,-5.25487762692577
1.56766,-5.25567639800054
1.567665,-5.25647494256066
1.56767,-5.25727326032792
1.567675,-5.2580713510243
1.56768,-5.25886921437179
1.567685,-5.25966685009239
1.56769,-5.26046425790825
1.567695,-5.26126143754154
1.5677,-5.26205838871449
1.567705,-5.26285511114946
1.56771,-5.26365160456875
1.567715,-5.26444786869488
1.56772,-5.26524390325036
1.567725,-5.26603970795771
1.56773,-5.26683528253968
1.567735,-5.26763062671891
1.56774,-5.26842574021822
1.567745,-5.26922062276052
1.56775,-5.2700152740687
1.567755,-5.27080969386576
1.56776,-5.27160388187485
1.567765,-5.27239783781905
1.56777,-5.27319156142163
1.567775,-5.27398505240586
1.56778,-5.27477831049514
1.567785,-5.27557133541294
1.56779,-5.27636412688272
1.567795,-5.27715668462817
1.5678,-5.27794900837289
1.567805,-5.27874109784067
1.56781,-5.27953295275535
1.567815,-5.28032457284082
1.56782,-5.28111595782108
1.567825,-5.28190710742022
1.56783,-5.28269802136233
1.567835,-5.28348869937171
1.56784,-5.28427914117261
1.567845,-5.28506934648943
1.56785,-5.28585931504667
1.567855,-5.28664904656884
1.56786,-5.28743854078063
1.567865,-5.2882277974067
1.56787,-5.28901681617187
1.567875,-5.28980559680105
1.56788,-5.29059413901915
1.567885,-5.29138244255128
1.56789,-5.29217050712259
1.567895,-5.29295833245825
1.5679,-5.29374591828362
1.567905,-5.29453326432406
1.56791,-5.29532037030506
1.567915,-5.29610723595226
1.56792,-5.29689386099124
1.567925,-5.2976802451478
1.56793,-5.29846638814779
1.567935,-5.2992522897171
1.56794,-5.3000379495818
1.567945,-5.30082336746796
1.56795,-5.3016085431018
1.567955,-5.30239347620965
1.56796,-5.30317816651785
1.567965,-5.30396261375295
1.56797,-5.30474681764146
1.567975,-5.30553077791007
1.56798,-5.30631449428559
1.567985,-5.30709796649483
1.56799,-5.30788119426476
1.567995,-5.30866417732248
1.568,-5.30944691539507
1.568005,-5.31022940820985
1.56801,-5.3110116554941
1.568015,-5.31179365697529
1.56802,-5.312575412381
1.568025,-5.31335692143882
1.56803,-5.31413818387655
1.568035,-5.31491919942197
1.56804,-5.31569996780305
1.568045,-5.31648048874788
1.56805,-5.31726076198455
1.568055,-5.31804078724133
1.56806,-5.31882056424661
1.568065,-5.3196000927288
1.56807,-5.32037937241651
1.568075,-5.32115840303835
1.56808,-5.32193718432313
1.568085,-5.32271571599975
1.56809,-5.32349399779714
1.568095,-5.32427202944445
1.5681,-5.32504981067083
1.568105,-5.3258273412056
1.56811,-5.32660462077822
1.568115,-5.32738164911815
1.56812,-5.32815842595506
1.568125,-5.32893495101872
1.56813,-5.32971122403894
1.568135,-5.33048724474572
1.56814,-5.3312630128691
1.568145,-5.33203852813929
1.56815,-5.33281379028663
1.568155,-5.33358879904147
1.56816,-5.33436355413441
1.568165,-5.33513805529603
1.56817,-5.33591230225714
1.568175,-5.33668629474861
1.56818,-5.33746003250139
1.568185,-5.33823351524662
1.56819,-5.33900674271555
1.568195,-5.33977971463947
1.5682,-5.34055243074989
1.568205,-5.34132489077837
1.56821,-5.34209709445658
1.568215,-5.3428690415164
1.56822,-5.3436407316897
1.568225,-5.34441216470862
1.56823,-5.34518334030528
1.568235,-5.34595425821199
1.56824,-5.34672491816121
1.568245,-5.34749531988545
1.56825,-5.34826546311741
1.568255,-5.3490353475899
1.56826,-5.3498049730358
1.568265,-5.3505743391882
1.56827,-5.35134344578023
1.568275,-5.35211229254522
1.56828,-5.35288087921661
1.568285,-5.35364920552791
1.56829,-5.35441727121287
1.568295,-5.35518507600521
1.5683,-5.35595261963891
1.568305,-5.35671990184809
1.56831,-5.35748692236689
1.568315,-5.35825368092964
1.56832,-5.35902017727085
1.568325,-5.35978641112507
1.56833,-5.36055238222705
1.568335,-5.36131809031161
1.56834,-5.36208353511378
1.568345,-5.36284871636872
1.56835,-5.36361363381161
1.568355,-5.36437828717791
1.56836,-5.36514267620312
1.568365,-5.36590680062291
1.56837,-5.36667066017313
1.568375,-5.36743425458966
1.56838,-5.36819758360861
1.568385,-5.36896064696624
1.56839,-5.36972344439882
1.568395,-5.37048597564294
1.5684,-5.37124824043517
1.568405,-5.37201023851232
1.56841,-5.37277196961134
1.568415,-5.37353343346923
1.56842,-5.37429462982326
1.568425,-5.37505555841072
1.56843,-5.37581621896913
1.568435,-5.37657661123616
1.56844,-5.37733673494953
1.568445,-5.37809658984719
1.56845,-5.37885617566725
1.568455,-5.37961549214786
1.56846,-5.38037453902747
1.568465,-5.3811333160445
1.56847,-5.38189182293767
1.568475,-5.3826500594458
1.56848,-5.38340802530782
1.568485,-5.38416572026286
1.56849,-5.38492314405015
1.568495,-5.38568029640911
1.5685,-5.38643717707935
1.568505,-5.38719378580051
1.56851,-5.38795012231251
1.568515,-5.38870618635536
1.56852,-5.38946197766923
1.568525,-5.39021749599445
1.56853,-5.3909727410715
1.568535,-5.391727712641
1.56854,-5.39248241044382
1.568545,-5.39323683422081
1.56855,-5.39399098371318
1.568555,-5.3947448586621
1.56856,-5.39549845880905
1.568565,-5.39625178389564
1.56857,-5.39700483366355
1.568575,-5.39775760785472
1.56858,-5.39851010621123
1.568585,-5.39926232847527
1.56859,-5.40001427438926
1.568595,-5.40076594369573
1.5686,-5.4015173361374
1.568605,-5.40226845145715
1.56861,-5.40301928939802
1.568615,-5.40376984970324
1.56862,-5.40452013211611
1.568625,-5.40527013638024
1.56863,-5.40601986223931
1.568635,-5.40676930943718
1.56864,-5.4075184777179
1.568645,-5.40826736682568
1.56865,-5.40901597650489
1.568655,-5.4097643065001
1.56866,-5.41051235655596
1.568665,-5.41126012641741
1.56867,-5.41200761582952
1.568675,-5.41275482453745
1.56868,-5.41350175228666
1.568685,-5.41424839882274
1.56869,-5.41499476389135
1.568695,-5.41574084723851
1.5687,-5.41648664861024
1.568705,-5.41723216775284
1.56871,-5.41797740441278
1.568715,-5.41872235833664
1.56872,-5.41946702927127
1.568725,-5.42021141696358
1.56873,-5.42095552116078
1.568735,-5.42169934161022
1.56874,-5.42244287805935
1.568745,-5.42318613025588
1.56875,-5.42392909794775
1.568755,-5.42467178088294
1.56876,-5.42541417880974
1.568765,-5.42615629147651
1.56877,-5.42689811863188
1.568775,-5.42763966002468
1.56878,-5.42838091540382
1.568785,-5.4291218845185
1.56879,-5.429862567118
1.568795,-5.43060296295188
1.5688,-5.43134307176988
1.568805,-5.43208289332186
1.56881,-5.43282242735791
1.568815,-5.43356167362834
1.56882,-5.43430063188356
1.568825,-5.43503930187426
1.56883,-5.43577768335126
1.568835,-5.43651577606561
1.56884,-5.43725357976854
1.568845,-5.43799109421144
1.56885,-5.43872831914597
1.568855,-5.43946525432386
1.56886,-5.44020189949712
1.568865,-5.44093825441801
1.56887,-5.44167431883884
1.568875,-5.4424100925122
1.56888,-5.44314557519091
1.568885,-5.44388076662789
1.56889,-5.44461566657635
1.568895,-5.44535027478962
1.5689,-5.44608459102126
1.568905,-5.4468186150251
1.56891,-5.44755234655502
1.568915,-5.44828578536524
1.56892,-5.44901893121009
1.568925,-5.44975178384414
1.56893,-5.45048434302221
1.568935,-5.4512166084992
1.56894,-5.45194858003031
1.568945,-5.45268025737093
1.56895,-5.45341164027662
1.568955,-5.4541427285032
1.56896,-5.4548735218066
1.568965,-5.45560401994307
1.56897,-5.45633422266901
1.568975,-5.45706412974101
1.56898,-5.45779374091592
1.568985,-5.45852305595072
1.56899,-5.45925207460268
1.568995,-5.45998079662927
1.569,-5.4607092217881
1.569005,-5.46143734983706
1.56901,-5.46216518053426
1.569015,-5.46289271363793
1.56902,-5.46361994890666
1.569025,-5.46434688609906
1.56903,-5.46507352497413
1.569035,-5.46579986529104
1.56904,-5.46652590680909
1.569045,-5.46725164928791
1.56905,-5.46797709248725
1.569055,-5.46870223616715
1.56906,-5.46942708008785
1.569065,-5.47015162400977
1.56907,-5.47087586769358
1.569075,-5.47159981090021
1.56908,-5.47232345339071
1.569085,-5.47304679492645
1.56909,-5.47376983526893
1.569095,-5.47449257417994
1.5691,-5.47521501142152
1.569105,-5.47593714675581
1.56911,-5.47665897994532
1.569115,-5.47738051075266
1.56912,-5.47810173894074
1.569125,-5.47882266427269
1.56913,-5.47954328651181
1.569135,-5.48026360542169
1.56914,-5.48098362076617
1.569145,-5.48170333230921
1.56915,-5.4824227398151
1.569155,-5.48314184304828
1.56916,-5.48386064177348
1.569165,-5.48457913575569
1.56917,-5.48529732476002
1.569175,-5.48601520855191
1.56918,-5.48673278689696
1.569185,-5.48745005956106
1.56919,-5.48816702631036
1.569195,-5.48888368691112
1.5692,-5.48960004112995
1.569205,-5.49031608873368
1.56921,-5.49103182948932
1.569215,-5.49174726316417
1.56922,-5.49246238952572
1.569225,-5.49317720834174
1.56923,-5.49389171938028
1.569235,-5.49460592240948
1.56924,-5.49531981719789
1.569245,-5.49603340351418
1.56925,-5.4967466811273
1.569255,-5.4974596498065
1.56926,-5.49817230932115
1.569265,-5.49888465944099
1.56927,-5.49959669993593
1.569275,-5.50030843057611
1.56928,-5.501019851132
1.569285,-5.50173096137419
1.56929,-5.50244176107362
1.569295,-5.50315225000149
1.5693,-5.50386242792911
1.569305,-5.50457229462821
1.56931,-5.50528184987061
1.569315,-5.5059910934285
1.56932,-5.50670002507429
1.569325,-5.50740864458057
1.56933,-5.50811695172028
1.569335,-5.50882494626658
1.56934,-5.50953262799282
1.569345,-5.51023999667271
1.56935,-5.51094705208009
1.569355,-5.51165379398916
1.56936,-5.51236022217437
1.569365,-5.5130663364103
1.56937,-5.51377213647198
1.569375,-5.5144776221345
1.56938,-5.51518279317335
1.569385,-5.51588764936423
1.56939,-5.51659219048308
1.569395,-5.51729641630611
1.5694,-5.51800032660982
1.569405,-5.51870392117093
1.56941,-5.51940719976645
1.569415,-5.52011016217362
1.56942,-5.52081280816996
1.569425,-5.52151513753328
1.56943,-5.52221715004159
1.569435,-5.52291884547322
1.56944,-5.52362022360676
1.569445,-5.52432128422103
1.56945,-5.52502202709515
1.569455,-5.52572245200849
1.56946,-5.52642255874066
1.569465,-5.52712234707164
1.56947,-5.52782181678154
1.569475,-5.52852096765085
1.56948,-5.52921979946025
1.569485,-5.52991831199073
1.56949,-5.53061650502361
1.569495,-5.53131437834033
1.5695,-5.53201193172275
1.569505,-5.53270916495294
1.56951,-5.53340607781322
1.569515,-5.53410267008626
1.56952,-5.53479894155489
1.569525,-5.53549489200233
1.56953,-5.53619052121204
1.569535,-5.53688582896771
1.56954,-5.53758081505338
1.569545,-5.53827547925327
1.56955,-5.53896982135199
1.569555,-5.53966384113439
1.56956,-5.54035753838554
1.569565,-5.54105091289087
1.56957,-5.54174396443607
1.569575,-5.54243669280707
1.56958,-5.54312909779017
1.569585,-5.54382117917181
1.56959,-5.54451293673887
1.569595,-5.54520437027844
1.5696,-5.54589547957786
1.569605,-5.54658626442487
1.56961,-5.54727672460733
1.569615,-5.54796685991354
1.56962,-5.54865667013202
1.569625,-5.54934615505156
1.56963,-5.55003531446129
1.569635,-5.5507241481506
1.56964,-5.55141265590914
1.569645,-5.55210083752696
1.56965,-5.55278869279423
1.569655,-5.55347622150154
1.56966,-5.55416342343979
1.569665,-5.55485029840006
1.56967,-5.55553684617383
1.569675,-5.55622306655277
1.56968,-5.55690895932897
1.569685,-5.55759452429475
1.56969,-5.55827976124267
1.569695,-5.55896466996568
1.5697,-5.55964925025702
1.569705,-5.56033350191016
1.56971,-5.56101742471894
1.569715,-5.56170101847744
1.56972,-5.56238428298006
1.569725,-5.56306721802158
1.56973,-5.56374982339694
1.569735,-5.5644320989015
1.56974,-5.56511404433083
1.569745,-5.56579565948089
1.56975,-5.56647694414789
1.569755,-5.56715789812837
1.56976,-5.56783852121913
1.569765,-5.56851881321737
1.56977,-5.56919877392048
1.569775,-5.56987840312626
1.56978,-5.57055770063272
1.569785,-5.57123666623825
1.56979,-5.57191529974157
1.569795,-5.57259360094161
1.5698,-5.57327156963772
1.569805,-5.57394920562946
1.56981,-5.57462650871679
1.569815,-5.57530347869994
1.56982,-5.57598011537944
1.569825,-5.57665641855616
1.56983,-5.57733238803129
1.569835,-5.57800802360628
1.56984,-5.57868332508301
1.569845,-5.57935829226352
1.56985,-5.58003292495028
1.569855,-5.58070722294607
1.56986,-5.58138118605394
1.569865,-5.5820548140773
1.56987,-5.58272810681982
1.569875,-5.58340106408556
1.56988,-5.5840736856789
1.569885,-5.58474597140447
1.56989,-5.58541792106729
1.569895,-5.58608953447268
1.5699,-5.58676081142626
1.569905,-5.58743175173404
1.56991,-5.58810235520225
1.569915,-5.58877262163753
1.56992,-5.58944255084686
1.569925,-5.59011214263745
1.56993,-5.59078139681693
1.569935,-5.5914503131932
1.56994,-5.5921188915745
1.569945,-5.59278713176947
1.56995,-5.59345503358695
1.569955,-5.5941225968362
1.56996,-5.59478982132684
1.569965,-5.5954567068687
1.56997,-5.59612325327206
1.569975,-5.59678946034744
1.56998,-5.59745532790577
1.569985,-5.5981208557583
1.56999,-5.59878604371657
1.569995,-5.59945089159251
1.57,-5.60011539919833
1.570005,-5.60077956634661
1.57001,-5.60144339285032
1.570015,-5.60210687852262
1.57002,-5.60277002317715
1.570025,-5.60343282662786
1.57003,-5.60409528868898
1.570035,-5.60475740917515
1.57004,-5.60541918790128
1.570045,-5.60608062468271
1.57005,-5.60674171933507
1.570055,-5.60740247167428
1.57006,-5.60806288151675
1.570065,-5.60872294867906
1.57007,-5.60938267297827
1.570075,-5.61004205423176
1.57008,-5.61070109225716
1.570085,-5.61135978687258
1.57009,-5.6120181378964
1.570095,-5.61267614514735
1.5701,-5.61333380844457
1.570105,-5.61399112760744
1.57011,-5.61464810245578
1.570115,-5.61530473280977
1.57012,-5.61596101848987
1.570125,-5.61661695931694
1.57013,-5.61727255511215
1.570135,-5.61792780569708
1.57014,-5.61858271089367
1.570145,-5.61923727052411
1.57015,-5.61989148441107
1.570155,-5.62054535237752
1.57016,-5.62119887424678
1.570165,-5.62185204984254
1.57017,-5.62250487898882
1.570175,-5.62315736151006
1.57018,-5.62380949723102
1.570185,-5.62446128597679
1.57019,-5.62511272757287
1.570195,-5.62576382184513
1.5702,-5.62641456861973
1.570205,-5.62706496772328
1.57021,-5.62771501898268
1.570215,-5.62836472222521
1.57022,-5.62901407727857
1.570225,-5.62966308397076
1.57023,-5.63031174213018
1.570235,-5.63096005158557
1.57024,-5.63160801216604
1.570245,-5.63225562370111
1.57025,-5.63290288602062
1.570255,-5.63354979895478
1.57026,-5.63419636233423
1.570265,-5.63484257598988
1.57027,-5.63548843975311
1.570275,-5.6361339534556
1.57028,-5.63677911692941
1.570285,-5.63742393000703
1.57029,-5.63806839252128
1.570295,-5.63871250430534
1.5703,-5.63935626519278
1.570305,-5.63999967501754
1.57031,-5.64064273361399
1.570315,-5.64128544081676
1.57032,-5.64192779646097
1.570325,-5.64256980038207
1.57033,-5.64321145241588
1.570335,-5.64385275239863
1.57034,-5.64449370016687
1.570345,-5.6451342955576
1.57035,-5.64577453840818
1.570355,-5.64641442855632
1.57036,-5.64705396584015
1.570365,-5.64769315009816
1.57037,-5.64833198116921
1.570375,-5.64897045889263
1.57038,-5.64960858310797
1.570385,-5.65024635365534
1.57039,-5.65088377037517
1.570395,-5.65152083310819
1.5704,-5.65215754169567
1.570405,-5.65279389597914
1.57041,-5.6534298958006
1.570415,-5.6540655410024
1.57042,-5.65470083142728
1.570425,-5.65533576691841
1.57043,-5.65597034731928
1.570435,-5.65660457247383
1.57044,-5.65723844222638
1.570445,-5.65787195642163
1.57045,-5.65850511490466
1.570455,-5.65913791752103
1.57046,-5.65977036411656
1.570465,-5.66040245453757
1.57047,-5.66103418863072
1.570475,-5.66166556624309
1.57048,-5.66229658722219
1.570485,-5.66292725141586
1.57049,-5.66355755867238
1.570495,-5.66418750884041
1.5705,-5.66481710176902
1.570505,-5.66544633730771
1.57051,-5.66607521530632
1.570515,-5.66670373561515
1.57052,-5.66733189808487
1.570525,-5.66795970256654
1.57053,-5.66858714891168
1.570535,-5.66921423697211
1.57054,-5.66984096660019
1.570545,-5.67046733764861
1.57055,-5.67109334997043
1.570555,-5.67171900341921
1.57056,-5.67234429784884
1.570565,-5.67296923311364
1.57057,-5.6735938090684
1.570575,-5.67421802556819
1.57058,-5.67484188246861
1.570585,-5.67546537962562
1.57059,-5.67608851689558
1.570595,-5.67671129413531
1.5706,-5.67733371120198
1.570605,-5.67795576795319
1.57061,-5.67857746424703
1.570615,-5.67919879994188
1.57062,-5.67981977489665
1.570625,-5.68044038897056
1.57063,-5.68106064202331
1.570635,-5.68168053391505
1.57064,-5.68230006450626
1.570645,-5.68291923365789
1.57065,-5.68353804123134
1.570655,-5.68415648708831
1.57066,-5.68477457109109
1.570665,-5.68539229310222
1.57067,-5.6860096529848
1.570675,-5.68662665060228
1.57068,-5.68724328581853
1.570685,-5.68785955849787
1.57069,-5.68847546850503
1.570695,-5.68909101570518
1.5707,-5.68970619996391
1.570705,-5.6903210211472
1.57071,-5.69093547912148
1.570715,-5.69154957375367
1.57072,-5.69216330491099
1.570725,-5.69277667246122
1.57073,-5.69338967627245
1.570735,-5.69400231621329
1.57074,-5.69461459215276
1.570745,-5.69522650396026
1.57075,-5.69583805150569
1.570755,-5.69644923465931
1.57076,-5.69706005329189
1.570765,-5.6976705072746
1.57077,-5.69828059647901
1.570775,-5.69889032077716
1.57078,-5.69949968004155
1.570785,-5.70010867414504
1.57079,-5.70071730296102
1.570795,-5.70132556636322
1.5708,-5.70193346422588
1.570805,-5.70254099642369
1.57081,-5.70314816283167
1.570815,-5.70375496332542
1.57082,-5.70436139778085
1.570825,-5.70496746607442
1.57083,-5.70557316808297
1.570835,-5.70617850368378
1.57084,-5.70678347275461
1.570845,-5.70738807517365
1.57085,-5.70799231081949
1.570855,-5.70859617957125
1.57086,-5.70919968130839
1.570865,-5.7098028159109
1.57087,-5.7104055832592
1.570875,-5.71100798323409
1.57088,-5.71161001571695
1.570885,-5.71221168058945
1.57089,-5.71281297773383
1.570895,-5.71341390703274
1.5709,-5.71401446836926
1.570905,-5.71461466162695
1.57091,-5.71521448668981
1.570915,-5.71581394344227
1.57092,-5.71641303176927
1.570925,-5.71701175155611
1.57093,-5.71761010268865
1.570935,-5.71820808505314
1.57094,-5.71880569853628
1.570945,-5.71940294302525
1.57095,-5.71999981840771
1.570955,-5.7205963245717
1.57096,-5.72119246140581
1.570965,-5.72178822879899
1.57097,-5.72238362664075
1.570975,-5.72297865482099
1.57098,-5.72357331323007
1.570985,-5.72416760175886
1.57099,-5.72476152029863
1.570995,-5.72535506874116
1.571,-5.72594824697869
1.571005,-5.72654105490386
1.57101,-5.72713349240985
1.571015,-5.72772555939029
1.57102,-5.72831725573923
1.571025,-5.72890858135124
1.57103,-5.72949953612127
1.571035,-5.73009011994486
1.57104,-5.73068033271795
1.571045,-5.73127017433691
1.57105,-5.73185964469865
1.571055,-5.7324487437005
1.57106,-5.73303747124027
1.571065,-5.7336258272163
1.57107,-5.73421381152728
1.571075,-5.73480142407245
1.57108,-5.73538866475156
1.571085,-5.73597553346474
1.57109,-5.73656203011266
1.571095,-5.7371481545964
1.5711,-5.73773390681759
1.571105,-5.7383192866783
1.57111,-5.73890429408104
1.571115,-5.73948892892889
1.57112,-5.74007319112527
1.571125,-5.74065708057421
1.57113,-5.74124059718015
1.571135,-5.74182374084801
1.57114,-5.74240651148319
1.571145,-5.74298890899163
1.57115,-5.74357093327964
1.571155,-5.74415258425411
1.57116,-5.74473386182234
1.571165,-5.74531476589214
1.57117,-5.74589529637186
1.571175,-5.74647545317023
1.57118,-5.74705523619653
1.571185,-5.74763464536049
1.57119,-5.74821368057237
1.571195,-5.74879234174288
1.5712,-5.74937062878321
1.571205,-5.74994854160505
1.57121,-5.75052608012061
1.571215,-5.75110324424251
1.57122,-5.75168003388395
1.571225,-5.75225644895855
1.57123,-5.75283248938043
1.571235,-5.75340815506426
1.57124,-5.7539834459251
1.571245,-5.75455836187861
1.57125,-5.75513290284083
1.571255,-5.75570706872838
1.57126,-5.75628085945837
1.571265,-5.75685427494833
1.57127,-5.75742731511637
1.571275,-5.75799997988105
1.57128,-5.75857226916142
1.571285,-5.75914418287706
1.57129,-5.759715720948
1.571295,-5.76028688329479
1.5713,-5.76085766983853
1.571305,-5.76142808050071
1.57131,-5.76199811520344
1.571315,-5.7625677738692
1.57132,-5.76313705642109
1.571325,-5.76370596278265
1.57133,-5.76427449287792
1.571335,-5.76484264663146
1.57134,-5.76541042396833
1.571345,-5.76597782481407
1.57135,-5.76654484909478
1.571355,-5.76711149673698
1.57136,-5.76767776766777
1.571365,-5.76824366181474
1.57137,-5.76880917910595
1.571375,-5.76937431946999
1.57138,-5.76993908283597
1.571385,-5.77050346913347
1.57139,-5.77106747829265
1.571395,-5.77163111024409
1.5714,-5.77219436491893
1.571405,-5.77275724224885
1.57141,-5.77331974216594
1.571415,-5.77388186460292
1.57142,-5.77444360949293
1.571425,-5.77500497676966
1.57143,-5.77556596636734
1.571435,-5.77612657822065
1.57144,-5.77668681226484
1.571445,-5.77724666843564
1.57145,-5.77780614666932
1.571455,-5.77836524690265
1.57146,-5.77892396907292
1.571465,-5.77948231311793
1.57147,-5.78004027897603
1.571475,-5.78059786658603
1.57148,-5.78115507588732
1.571485,-5.78171190681975
1.57149,-5.78226835932374
1.571495,-5.78282443334023
1.5715,-5.78338012881062
1.571505,-5.7839354456769
1.57151,-5.78449038388155
1.571515,-5.78504494336757
1.57152,-5.78559912407852
1.571525,-5.78615292595839
1.57153,-5.78670634895182
1.571535,-5.78725939300392
1.57154,-5.78781205806026
1.571545,-5.78836434406705
1.57155,-5.78891625097093
1.571555,-5.78946777871913
1.57156,-5.7900189272594
1.571565,-5.79056969653997
1.57157,-5.79112008650966
1.571575,-5.79167009711776
1.57158,-5.79221972831415
1.571585,-5.79276898004923
1.57159,-5.79331785227386
1.571595,-5.79386634493951
1.5716,-5.79441445799818
1.571605,-5.79496219140234
1.57161,-5.79550954510508
1.571615,-5.79605651905991
1.57162,-5.79660311322098
1.571625,-5.79714932754295
1.57163,-5.79769516198095
1.571635,-5.79824061649074
1.57164,-5.79878569102857
1.571645,-5.7993303855512
1.57165,-5.799874700016
1.571655,-5.80041863438078
1.57166,-5.80096218860398
1.571665,-5.80150536264454
1.57167,-5.80204815646193
1.571675,-5.80259057001619
1.57168,-5.80313260326785
1.571685,-5.80367425617804
1.57169,-5.80421552870842
1.571695,-5.80475642082114
1.5717,-5.80529693247896
1.571705,-5.80583706364516
1.57171,-5.80637681428352
1.571715,-5.80691618435845
1.57172,-5.80745517383483
1.571725,-5.80799378267811
1.57173,-5.80853201085432
1.571735,-5.80906985832998
1.57174,-5.8096073250722
1.571745,-5.8101444110486
1.57175,-5.81068111622738
1.571755,-5.8112174405773
1.57176,-5.81175338406761
1.571765,-5.81228894666818
1.57177,-5.8128241283494
1.571775,-5.81335892908217
1.57178,-5.81389334883803
1.571785,-5.81442738758898
1.57179,-5.81496104530764
1.571795,-5.81549432196717
1.5718,-5.81602721754122
1.571805,-5.81655973200412
1.57181,-5.81709186533061
1.571815,-5.81762361749609
1.57182,-5.8181549884765
1.571825,-5.81868597824827
1.57183,-5.81921658678846
1.571835,-5.81974681407468
1.57184,-5.82027666008504
1.571845,-5.82080612479829
1.57185,-5.82133520819363
1.571855,-5.82186391025095
1.57186,-5.82239223095062
1.571865,-5.82292017027356
1.57187,-5.82344772820131
1.571875,-5.82397490471592
1.57188,-5.82450169980001
1.571885,-5.8250281134368
1.57189,-5.82555414561
1.571895,-5.82607979630397
1.5719,-5.82660506550359
1.571905,-5.82712995319427
1.57191,-5.82765445936208
1.571915,-5.82817858399353
1.57192,-5.82870232707579
1.571925,-5.8292256885966
1.57193,-5.82974866854419
1.571935,-5.83027126690746
1.57194,-5.83079348367575
1.571945,-5.83131531883907
1.57195,-5.83183677238801
1.571955,-5.83235784431362
1.57196,-5.83287853460764
1.571965,-5.83339884326232
1.57197,-5.83391877027046
1.571975,-5.8344383156255
1.57198,-5.83495747932139
1.571985,-5.83547626135268
1.57199,-5.8359946617145
1.571995,-5.83651268040253
1.572,-5.83703031741306
1.572005,-5.83754757274289
1.57201,-5.83806444638946
1.572015,-5.83858093835077
1.57202,-5.83909704862538
1.572025,-5.83961277721242
1.57203,-5.84012812411164
1.572035,-5.84064308932331
1.57204,-5.84115767284834
1.572045,-5.84167187468813
1.57205,-5.84218569484476
1.572055,-5.84269913332085
1.57206,-5.84321219011954
1.572065,-5.84372486524468
1.57207,-5.84423715870054
1.572075,-5.8447490704921
1.57208,-5.84526060062491
1.572085,-5.845771749105
1.57209,-5.84628251593908
1.572095,-5.84679290113446
1.5721,-5.84730290469892
1.572105,-5.84781252664094
1.57211,-5.84832176696953
1.572115,-5.84883062569427
1.57212,-5.84933910282539
1.572125,-5.84984719837363
1.57213,-5.85035491235037
1.572135,-5.85086224476756
1.57214,-5.85136919563771
1.572145,-5.851875764974
1.57215,-5.85238195279009
1.572155,-5.8528877591003
1.57216,-5.85339318391955
1.572165,-5.85389822726327
1.57217,-5.85440288914759
1.572175,-5.85490716958911
1.57218,-5.85541106860513
1.572185,-5.8559145862135
1.57219,-5.85641772243263
1.572195,-5.85692047728157
1.5722,-5.85742285077993
1.572205,-5.85792484294793
1.57221,-5.85842645380642
1.572215,-5.85892768337675
1.57222,-5.85942853168095
1.572225,-5.85992899874164
1.57223,-5.86042908458197
1.572235,-5.86092878922576
1.57224,-5.86142811269737
1.572245,-5.86192705502181
1.57225,-5.86242561622468
1.572255,-5.86292379633209
1.57226,-5.8634215953709
1.572265,-5.86391901336843
1.57227,-5.86441605035268
1.572275,-5.86491270635223
1.57228,-5.86540898139626
1.572285,-5.86590487551454
1.57229,-5.86640038873746
1.572295,-5.86689552109599
1.5723,-5.86739027262173
1.572305,-5.86788464334686
1.57231,-5.86837863330416
1.572315,-5.86887224252705
1.57232,-5.86936547104951
1.572325,-5.86985831890615
1.57233,-5.87035078613218
1.572335,-5.87084287276341
1.57234,-5.87133457883625
1.572345,-5.87182590438774
1.57235,-5.87231684945551
1.572355,-5.8728074140778
1.57236,-5.87329759829344
1.572365,-5.87378740214192
1.57237,-5.87427682566327
1.572375,-5.87476586889817
1.57238,-5.87525453188793
1.572385,-5.87574281467439
1.57239,-5.8762307173001
1.572395,-5.87671823980816
1.5724,-5.87720538224227
1.572405,-5.87769214464681
1.57241,-5.87817852706667
1.572415,-5.87866452954744
1.57242,-5.87915015213532
1.572425,-5.87963539487705
1.57243,-5.88012025782005
1.572435,-5.88060474101231
1.57244,-5.88108884450249
1.572445,-5.88157256833983
1.57245,-5.88205591257416
1.572455,-5.88253887725596
1.57246,-5.88302146243635
1.572465,-5.883503668167
1.57247,-5.88398549450026
1.572475,-5.88446694148903
1.57248,-5.88494800918691
1.572485,-5.88542869764808
1.57249,-5.88590900692729
1.572495,-5.88638893708
1.5725,-5.8868684881622
1.572505,-5.88734766023057
1.57251,-5.8878264533424
1.572515,-5.88830486755555
1.57252,-5.88878290292854
1.572525,-5.88926055952052
1.57253,-5.88973783739124
1.572535,-5.89021473660111
1.57254,-5.89069125721107
1.572545,-5.8911673992828
1.57255,-5.89164316287854
1.572555,-5.89211854806114
1.57256,-5.89259355489412
1.572565,-5.89306818344159
1.57257,-5.89354243376831
1.572575,-5.89401630593966
1.57258,-5.89448980002161
1.572585,-5.8949629160808
1.57259,-5.8954356541845
1.572595,-5.89590801440056
1.5726,-5.8963799967975
1.572605,-5.89685160144444
1.57261,-5.89732282841115
1.572615,-5.89779367776805
1.57262,-5.89826414958611
1.572625,-5.89873424393703
1.57263,-5.89920396089303
1.572635,-5.89967330052705
1.57264,-5.90014226291266
1.572645,-5.90061084812397
1.57265,-5.90107905623582
1.572655,-5.90154688732364
1.57266,-5.90201434146347
1.572665,-5.90248141873205
1.57267,-5.90294811920666
1.572675,-5.90341444296529
1.57268,-5.90388039008656
1.572685,-5.90434596064965
1.57269,-5.90481115473447
1.572695,-5.90527597242148
1.5727,-5.90574041379183
1.572705,-5.90620447892731
1.57271,-5.90666816791029
1.572715,-5.90713148082383
1.57272,-5.90759441775163
1.572725,-5.90805697877796
1.57273,-5.90851916398781
1.572735,-5.90898097346673
1.57274,-5.90944240730098
1.572745,-5.90990346557742
1.57275,-5.91036414838353
1.572755,-5.9108244558075
1.57276,-5.91128438793807
1.572765,-5.91174394486466
1.57277,-5.91220312667737
1.572775,-5.91266193346686
1.57278,-5.91312036532449
1.572785,-5.91357842234227
1.57279,-5.91403610461277
1.572795,-5.91449341222931
1.5728,-5.91495034528577
1.572805,-5.91540690387671
1.57281,-5.91586308809733
1.572815,-5.91631889804344
1.57282,-5.91677433381156
1.572825,-5.91722939549878
1.57283,-5.91768408320289
1.572835,-5.91813839702231
1.57284,-5.91859233705608
1.572845,-5.91904590340391
1.57285,-5.91949909616615
1.572855,-5.91995191544379
1.57286,-5.92040436133849
1.572865,-5.92085643395251
1.57287,-5.9213081333888
1.572875,-5.92175945975094
1.57288,-5.92221041314315
1.572885,-5.92266099367033
1.57289,-5.92311120143798
1.572895,-5.92356103655227
1.5729,-5.92401049912006
1.572905,-5.92445958924878
1.57291,-5.92490830704657
1.572915,-5.92535665262221
1.57292,-5.92580462608509
1.572925,-5.92625222754531
1.57293,-5.92669945711358
1.572935,-5.92714631490128
1.57294,-5.92759280102042
1.572945,-5.92803891558368
1.57295,-5.92848465870442
1.572955,-5.92893003049656
1.57296,-5.92937503107477
1.572965,-5.92981966055435
1.57297,-5.9302639190512
1.572975,-5.93070780668192
1.57298,-5.9311513235638
1.572985,-5.93159446981468
1.57299,-5.93203724555316
1.572995,-5.93247965089843
1.573,-5.93292168597034
1.573005,-5.93336335088944
1.57301,-5.93380464577689
1.573015,-5.93424557075453
1.57302,-5.93468612594482
1.573025,-5.93512631147093
1.57303,-5.93556612745667
1.573035,-5.93600557402646
1.57304,-5.93644465130544
1.573045,-5.9368833594194
1.57305,-5.93732169849474
1.573055,-5.93775966865857
1.57306,-5.93819727003862
1.573065,-5.9386345027633
1.57307,-5.9390713669617
1.573075,-5.93950786276351
1.57308,-5.93994399029914
1.573085,-5.94037974969963
1.57309,-5.94081514109666
1.573095,-5.94125016462263
1.5731,-5.94168482041055
1.573105,-5.9421191085941
1.57311,-5.94255302930766
1.573115,-5.9429865826862
1.57312,-5.94341976886543
1.573125,-5.94385258798164
1.57313,-5.94428504017186
1.573135,-5.94471712557375
1.57314,-5.94514884432562
1.573145,-5.94558019656644
1.57315,-5.94601118243591
1.573155,-5.94644180207428
1.57316,-5.94687205562258
1.573165,-5.94730194322241
1.57317,-5.9477314650161
1.573175,-5.94816062114661
1.57318,-5.94858941175758
1.573185,-5.94901783699332
1.57319,-5.94944589699877
1.573195,-5.94987359191957
1.5732,-5.95030092190205
1.573205,-5.95072788709314
1.57321,-5.95115448764046
1.573215,-5.95158072369236
1.57322,-5.95200659539775
1.573225,-5.95243210290629
1.57323,-5.95285724636827
1.573235,-5.95328202593466
1.57324,-5.95370644175711
1.573245,-5.95413049398788
1.57325,-5.95455418278001
1.573255,-5.95497750828707
1.57326,-5.9554004706634
1.573265,-5.955823070064
1.57327,-5.95624530664448
1.573275,-5.95666718056117
1.57328,-5.95708869197109
1.573285,-5.95750984103184
1.57329,-5.9579306279018
1.573295,-5.95835105273994
1.5733,-5.95877111570592
1.573305,-5.95919081696012
1.57331,-5.95961015666352
1.573315,-5.96002913497781
1.57332,-5.96044775206535
1.573325,-5.96086600808915
1.57333,-5.96128390321293
1.573335,-5.96170143760105
1.57334,-5.96211861141856
1.573345,-5.96253542483118
1.57335,-5.96295187800527
1.573355,-5.96336797110793
1.57336,-5.96378370430687
1.573365,-5.9641990777705
1.57337,-5.96461409166793
1.573375,-5.9650287461689
1.57338,-5.96544304144384
1.573385,-5.96585697766384
1.57339,-5.9662705550007
1.573395,-5.96668377362689
1.5734,-5.96709663371551
1.573405,-5.96750913544037
1.57341,-5.96792127897597
1.573415,-5.96833306449744
1.57342,-5.96874449218064
1.573425,-5.96915556220205
1.57343,-5.96956627473888
1.573435,-5.96997662996897
1.57344,-5.97038662807087
1.573445,-5.97079626922379
1.57345,-5.97120555360762
1.573455,-5.97161448140292
1.57346,-5.97202305279095
1.573465,-5.97243126795362
1.57347,-5.97283912707353
1.573475,-5.97324663033397
1.57348,-5.97365377791889
1.573485,-5.97406057001293
1.57349,-5.97446700680137
1.573495,-5.97487308847023
1.5735,-5.97527881520619
1.573505,-5.97568418719656
1.57351,-5.97608920462941
1.573515,-5.97649386769342
1.57352,-5.97689817657797
1.573525,-5.97730213147314
1.57353,-5.97770573256967
1.573535,-5.97810898005899
1.57354,-5.9785118741332
1.573545,-5.97891441498508
1.57355,-5.97931660280811
1.573555,-5.9797184377964
1.57356,-5.9801199201448
1.573565,-5.98052105004884
1.57357,-5.98092182770467
1.573575,-5.98132225330919
1.57358,-5.98172232705991
1.573585,-5.98212204915508
1.57359,-5.98252141979362
1.573595,-5.98292043917513
1.5736,-5.98331910749985
1.573605,-5.98371742496879
1.57361,-5.98411539178354
1.573615,-5.98451300814646
1.57362,-5.98491027426053
1.573625,-5.98530719032944
1.57363,-5.98570375655757
1.573635,-5.98609997314995
1.57364,-5.98649584031235
1.573645,-5.98689135825115
1.57365,-5.98728652717347
1.573655,-5.98768134728709
1.57366,-5.98807581880048
1.573665,-5.98846994192279
1.57367,-5.98886371686385
1.573675,-5.98925714383417
1.57368,-5.98965022304498
1.573685,-5.99004295470812
1.57369,-5.9904353390362
1.573695,-5.99082737624247
1.5737,-5.99121906654084
1.573705,-5.99161041014596
1.57371,-5.99200140727312
1.573715,-5.9923920581383
1.57372,-5.99278236295822
1.573725,-5.9931723219502
1.57373,-5.99356193533229
1.573735,-5.99395120332325
1.57374,-5.99434012614246
1.573745,-5.99472870401004
1.57375,-5.99511693714676
1.573755,-5.9955048257741
1.57376,-5.99589237011424
1.573765,-5.99627957038998
1.57377,-5.99666642682488
1.573775,-5.99705293964314
1.57378,-5.99743910906965
1.573785,-5.99782493533003
1.57379,-5.9982104186505
1.573795,-5.99859555925805
1.5738,-5.99898035738034
1.573805,-5.99936481324566
1.57381,-5.99974892708306
1.573815,-6.00013269912221
1.57382,-6.00051612959351
1.573825,-6.00089921872806
1.57383,-6.00128196675759
1.573835,-6.00166437391458
1.57384,-6.00204644043212
1.573845,-6.00242816654406
1.57385,-6.00280955248492
1.573855,-6.00319059848988
1.57386,-6.00357130479481
1.573865,-6.00395167163632
1.57387,-6.00433169925163
1.573875,-6.0047113878787
1.57388,-6.00509073775614
1.573885,-6.00546974912329
1.57389,-6.00584842222017
1.573895,-6.00622675728743
1.5739,-6.00660475456648
1.573905,-6.0069824142994
1.57391,-6.0073597367289
1.573915,-6.00773672209847
1.57392,-6.00811337065221
1.573925,-6.00848968263494
1.57393,-6.0088656582922
1.573935,-6.00924129787014
1.57394,-6.00961660161567
1.573945,-6.00999156977633
1.57395,-6.01036620260041
1.573955,-6.01074050033684
1.57396,-6.01111446323525
1.573965,-6.01148809154595
1.57397,-6.01186138551997
1.573975,-6.01223434540899
1.57398,-6.01260697146541
1.573985,-6.01297926394228
1.57399,-6.01335122309337
1.573995,-6.01372284917314
1.574,-6.01409414243671
1.574005,-6.01446510313992
1.57401,-6.01483573153925
1.574015,-6.01520602789193
1.57402,-6.01557599245585
1.574025,-6.01594562548957
1.57403,-6.01631492725234
1.574035,-6.01668389800417
1.57404,-6.01705253800563
1.574045,-6.0174208475181
1.57405,-6.01778882680357
1.574055,-6.01815647612475
1.57406,-6.01852379574504
1.574065,-6.01889078592851
1.57407,-6.01925744693994
1.574075,-6.01962377904477
1.57408,-6.01998978250916
1.574085,-6.02035545759995
1.57409,-6.02072080458464
1.574095,-6.02108582373145
1.5741,-6.02145051530927
1.574105,-6.0218148795877
1.57411,-6.02217891683699
1.574115,-6.02254262732812
1.57412,-6.02290601133272
1.574125,-6.02326906912316
1.57413,-6.02363180097242
1.574135,-6.02399420715425
1.57414,-6.02435628794302
1.574145,-6.02471804361383
1.57415,-6.02507947444246
1.574155,-6.02544058070536
1.57416,-6.02580136267969
1.574165,-6.02616182064329
1.57417,-6.02652195487467
1.574175,-6.02688176565307
1.57418,-6.02724125325835
1.574185,-6.02760041797113
1.57419,-6.02795926007269
1.574195,-6.02831777984496
1.5742,-6.02867597757062
1.574205,-6.02903385353298
1.57421,-6.02939140801607
1.574215,-6.02974864130463
1.57422,-6.03010555368401
1.574225,-6.03046214544033
1.57423,-6.03081841686036
1.574235,-6.03117436823154
1.57424,-6.03152999984202
1.574245,-6.03188531198063
1.57425,-6.0322403049369
1.574255,-6.03259497900102
1.57426,-6.03294933446389
1.574265,-6.0333033716171
1.57427,-6.03365709075287
1.574275,-6.03401049216419
1.57428,-6.0343635761447
1.574285,-6.03471634298869
1.57429,-6.03506879299117
1.574295,-6.03542092644788
1.5743,-6.03577274365514
1.574305,-6.03612424491006
1.57431,-6.03647543051035
1.574315,-6.03682630075447
1.57432,-6.03717685594156
1.574325,-6.03752709637139
1.57433,-6.03787702234448
1.574335,-6.03822663416198
1.57434,-6.03857593212577
1.574345,-6.0389249165384
1.57435,-6.03927358770309
1.574355,-6.03962194592375
1.57436,-6.03996999150501
1.574365,-6.04031772475213
1.57437,-6.04066514597109
1.574375,-6.04101225546852
1.57438,-6.04135905355178
1.574385,-6.04170554052891
1.57439,-6.04205171670857
1.574395,-6.04239758240019
1.5744,-6.04274313791381
1.574405,-6.0430883835602
1.57441,-6.04343331965081
1.574415,-6.04377794649773
1.57442,-6.0441222644138
1.574425,-6.0444662737125
1.57443,-6.04480997470799
1.574435,-6.04515336771514
1.57444,-6.04549645304946
1.574445,-6.04583923102719
1.57445,-6.04618170196523
1.574455,-6.04652386618114
1.57446,-6.04686572399322
1.574465,-6.04720727572038
1.57447,-6.04754852168227
1.574475,-6.04788946219921
1.57448,-6.04823009759215
1.574485,-6.04857042818279
1.57449,-6.04891045429349
1.574495,-6.04925017624726
1.5745,-6.04958959436783
1.574505,-6.04992870897958
1.57451,-6.05026752040759
1.574515,-6.05060602897762
1.57452,-6.0509442350161
1.574525,-6.05128213885015
1.57453,-6.05161974080754
1.574535,-6.05195704121677
1.57454,-6.05229404040699
1.574545,-6.052630738708
1.57455,-6.05296713645035
1.574555,-6.05330323396521
1.57456,-6.05363903158444
1.574565,-6.05397452964061
1.57457,-6.05430972846691
1.574575,-6.05464462839725
1.57458,-6.05497922976623
1.574585,-6.05531353290908
1.57459,-6.05564753816175
1.574595,-6.05598124586085
1.5746,-6.05631465634364
1.574605,-6.05664776994812
1.57461,-6.05698058701291
1.574615,-6.05731310787733
1.57462,-6.05764533288139
1.574625,-6.05797726236572
1.57463,-6.05830889667169
1.574635,-6.05864023614131
1.57464,-6.05897128111728
1.574645,-6.05930203194298
1.57465,-6.05963248896241
1.574655,-6.05996265252033
1.57466,-6.06029252296213
1.574665,-6.06062210063386
1.57467,-6.06095138588227
1.574675,-6.06128037905475
1.57468,-6.06160908049941
1.574685,-6.06193749056501
1.57469,-6.06226560960096
1.574695,-6.06259343795741
1.5747,-6.06292097598507
1.574705,-6.06324822403544
1.57471,-6.06357518246064
1.574715,-6.06390185161343
1.57472,-6.06422823184729
1.574725,-6.06455432351637
1.57473,-6.06488012697544
1.574735,-6.06520564258002
1.57474,-6.06553087068621
1.574745,-6.06585581165085
1.57475,-6.06618046583143
1.574755,-6.06650483358609
1.57476,-6.06682891527367
1.574765,-6.06715271125363
1.57477,-6.06747622188617
1.574775,-6.06779944753209
1.57478,-6.06812238855291
1.574785,-6.06844504531077
1.57479,-6.06876741816854
1.574795,-6.06908950748967
1.5748,-6.06941131363836
1.574805,-6.06973283697944
1.57481,-6.07005407787839
1.574815,-6.0703750367014
1.57482,-6.07069571381528
1.574825,-6.07101610958755
1.57483,-6.07133622438634
1.574835,-6.07165605858048
1.57484,-6.07197561253949
1.574845,-6.07229488663349
1.57485,-6.07261388123331
1.574855,-6.07293259671046
1.57486,-6.07325103343703
1.574865,-6.07356919178587
1.57487,-6.07388707213042
1.574875,-6.07420467484483
1.57488,-6.07452200030391
1.574885,-6.07483904888307
1.57489,-6.07515582095847
1.574895,-6.07547231690686
1.5749,-6.07578853710568
1.574905,-6.07610448193305
1.57491,-6.07642015176771
1.574915,-6.07673554698907
1.57492,-6.07705066797723
1.574925,-6.07736551511289
1.57493,-6.07768008877749
1.574935,-6.07799438935305
1.57494,-6.07830841722227
1.574945,-6.07862217276856
1.57495,-6.0789356563759
1.574955,-6.079248868429
1.57496,-6.07956180931317
1.574965,-6.07987447941443
1.57497,-6.08018687911941
1.574975,-6.08049900881542
1.57498,-6.08081086889041
1.574985,-6.08112245973303
1.57499,-6.08143378173248
1.574995,-6.08174483527875
1.575,-6.08205562076236
1.575005,-6.08236613857457
1.57501,-6.08267638910724
1.575015,-6.08298637275293
1.57502,-6.08329608990479
1.575025,-6.08360554095666
1.57503,-6.08391472630303
1.575035,-6.08422364633904
1.57504,-6.0845323014605
1.575045,-6.0848406920638
1.57505,-6.08514881854604
1.575055,-6.08545668130497
1.57506,-6.08576428073895
1.575065,-6.08607161724703
1.57507,-6.08637869122891
1.575075,-6.08668550308486
1.57508,-6.08699205321587
1.575085,-6.08729834202358
1.57509,-6.08760436991024
1.575095,-6.08791013727879
1.5751,-6.08821564453275
1.575105,-6.0885208920763
1.57511,-6.08882588031434
1.575115,-6.08913060965232
1.57512,-6.08943508049641
1.575125,-6.08973929325335
1.57513,-6.09004324833055
1.575135,-6.0903469461361
1.57514,-6.09065038707867
1.575145,-6.09095357156766
1.57515,-6.09125650001297
1.575155,-6.09155917282528
1.57516,-6.09186159041583
1.575165,-6.09216375319653
1.57517,-6.09246566157996
1.575175,-6.09276731597921
1.57518,-6.09306871680816
1.575185,-6.09336986448125
1.57519,-6.09367075941357
1.575195,-6.09397140202085
1.5752,-6.09427179271947
1.575205,-6.0945719319264
1.57521,-6.09487182005928
1.575215,-6.0951714575364
1.57522,-6.09547084477664
1.575225,-6.09576998219956
1.57523,-6.0960688702253
1.575235,-6.09636750927469
1.57524,-6.09666589976912
1.575245,-6.09696404213071
1.57525,-6.09726193678215
1.575255,-6.09755958414673
1.57526,-6.09785698464843
1.575265,-6.09815413871184
1.57527,-6.09845104676215
1.575275,-6.09874770922526
1.57528,-6.09904412652757
1.575285,-6.09934029909622
1.57529,-6.09963622735895
1.575295,-6.09993191174407
1.5753,-6.10022735268062
1.575305,-6.10052255059813
1.57531,-6.10081750592687
1.575315,-6.10111221909769
1.57532,-6.10140669054206
1.575325,-6.10170092069207
1.57533,-6.10199490998049
1.575335,-6.10228865884061
1.57534,-6.1025821677064
1.575345,-6.10287543701246
1.57535,-6.10316846719401
1.575355,-6.10346125868687
1.57536,-6.10375381192745
1.575365,-6.10404612735286
1.57537,-6.10433820540075
1.575375,-6.10463004650943
1.57538,-6.10492165111785
1.575385,-6.1052130196655
1.57539,-6.10550415259252
1.575395,-6.1057950503397
1.5754,-6.10608571334843
1.575405,-6.10637614206069
1.57541,-6.10666633691905
1.575415,-6.10695629836678
1.57542,-6.10724602684768
1.575425,-6.1075355228062
1.57543,-6.10782478668742
1.575435,-6.10811381893696
1.57544,-6.10840262000111
1.575445,-6.10869119032675
1.57545,-6.10897953036138
1.575455,-6.1092676405531
1.57546,-6.10955552135062
1.575465,-6.10984317320323
1.57547,-6.11013059656086
1.575475,-6.11041779187404
1.57548,-6.11070475959388
1.575485,-6.11099150017217
1.57549,-6.11127801406118
1.575495,-6.11156430171388
1.5755,-6.11185036358379
1.575505,-6.11213620012508
1.57551,-6.11242181179251
1.575515,-6.11270719904138
1.57552,-6.11299236232765
1.575525,-6.11327730210787
1.57553,-6.11356201883917
1.575535,-6.11384651297932
1.57554,-6.11413078498662
1.575545,-6.11441483532001
1.57555,-6.11469866443901
1.575555,-6.11498227280378
1.57556,-6.11526566087503
1.575565,-6.11554882911403
1.57557,-6.11583177798271
1.575575,-6.11611450794356
1.57558,-6.11639701945966
1.575585,-6.11667931299471
1.57559,-6.11696138901299
1.575595,-6.11724324797931
1.5756,-6.11752489035914
1.575605,-6.11780631661851
1.57561,-6.11808752722407
1.575615,-6.118368522643
1.57562,-6.1186493033431
1.575625,-6.11892986979273
1.57563,-6.11921022246087
1.575635,-6.11949036181708
1.57564,-6.1197702883315
1.575645,-6.1200500024748
1.57565,-6.1203295047183
1.575655,-6.12060879553386
1.57566,-6.12088787539395
1.575665,-6.12116674477162
1.57567,-6.12144540414044
1.575675,-6.12172385397462
1.57568,-6.12200209474894
1.575685,-6.12228012693873
1.57569,-6.12255795101994
1.575695,-6.12283556746901
1.5757,-6.12311297676302
1.575705,-6.12339017937966
1.57571,-6.12366717579708
1.575715,-6.1239439664941
1.57572,-6.1242205519501
1.575725,-6.12449693264496
1.57573,-6.12477310905919
1.575735,-6.12504908167386
1.57574,-6.12532485097059
1.575745,-6.12560041743163
1.57575,-6.12587578153966
1.575755,-6.12615094377807
1.57576,-6.12642590463073
1.575765,-6.12670066458212
1.57577,-6.12697522411727
1.575775,-6.12724958372172
1.57578,-6.12752374388164
1.575785,-6.12779770508373
1.57579,-6.12807146781527
1.575795,-6.12834503256409
1.5758,-6.12861839981853
1.575805,-6.12889157006757
1.57581,-6.12916454380067
1.575815,-6.12943732150793
1.57582,-6.12970990367991
1.575825,-6.12998229080782
1.57583,-6.13025448338332
1.575835,-6.13052648189869
1.57584,-6.13079828684676
1.575845,-6.13106989872089
1.57585,-6.13134131801502
1.575855,-6.13161254522355
1.57586,-6.13188358084155
1.575865,-6.13215442536455
1.57587,-6.13242507928868
1.575875,-6.13269554311058
1.57588,-6.13296581732744
1.575885,-6.133235902437
1.57589,-6.13350579893754
1.575895,-6.13377550732787
1.5759,-6.1340450281074
1.575905,-6.13431436177597
1.57591,-6.13458350883407
1.575915,-6.13485246978264
1.57592,-6.13512124512324
1.575925,-6.13538983535791
1.57593,-6.13565824098921
1.575935,-6.13592646252028
1.57594,-6.13619450045478
1.575945,-6.13646235529691
1.57595,-6.13673002755137
1.575955,-6.13699751772343
1.57596,-6.13726482631885
1.575965,-6.13753195384394
1.57597,-6.13779890080555
1.575975,-6.13806566771104
1.57598,-6.13833225506832
1.575985,-6.13859866338576
1.57599,-6.13886489317233
1.575995,-6.13913094493747
1.576,-6.13939681919119
1.576005,-6.13966251644399
1.57601,-6.13992803720687
1.576015,-6.14019338199139
1.57602,-6.14045855130962
1.576025,-6.14072354567413
1.57603,-6.14098836559804
1.576035,-6.14125301159491
1.57604,-6.14151748417889
1.576045,-6.14178178386464
1.57605,-6.14204591116727
1.576055,-6.14230986660249
1.57606,-6.14257365068642
1.576065,-6.14283726393577
1.57607,-6.14310070686771
1.576075,-6.14336397999995
1.57608,-6.14362708385069
1.576085,-6.14389001893866
1.57609,-6.14415278578302
1.576095,-6.14441538490351
1.5761,-6.14467781682035
1.576105,-6.14494008205426
1.57611,-6.14520218112644
1.576115,-6.14546411455862
1.57612,-6.14572588287301
1.576125,-6.14598748659229
1.57613,-6.1462489262397
1.576135,-6.14651020233895
1.57614,-6.1467713154142
1.576145,-6.14703226599013
1.57615,-6.14729305459195
1.576155,-6.14755368174532
1.57616,-6.14781414797637
1.576165,-6.14807445381178
1.57617,-6.14833459977864
1.576175,-6.14859458640459
1.57618,-6.14885441421773
1.576185,-6.14911408374666
1.57619,-6.14937359552042
1.576195,-6.14963295006858
1.5762,-6.14989214792115
1.576205,-6.15015118960864
1.57621,-6.15041007566205
1.576215,-6.15066880661286
1.57622,-6.15092738299296
1.576225,-6.15118580533481
1.57623,-6.15144407417125
1.576235,-6.15170219003569
1.57624,-6.15196015346195
1.576245,-6.15221796498429
1.57625,-6.15247562513752
1.576255,-6.15273313445687
1.57626,-6.15299049347802
1.576265,-6.15324770273718
1.57627,-6.15350476277094
1.576275,-6.15376167411642
1.57628,-6.15401843731118
1.576285,-6.15427505289324
1.57629,-6.15453152140109
1.576295,-6.15478784337361
1.5763,-6.15504401935025
1.576305,-6.15530004987083
1.57631,-6.15555593547568
1.576315,-6.15581167670556
1.57632,-6.15606727410164
1.576325,-6.15632272820559
1.57633,-6.15657803955954
1.576335,-6.15683320870605
1.57634,-6.15708823618812
1.576345,-6.15734312254921
1.57635,-6.15759786833319
1.576355,-6.15785247408443
1.57636,-6.15810694034769
1.576365,-6.15836126766821
1.57637,-6.15861545659166
1.576375,-6.15886950766412
1.57638,-6.15912342143214
1.576385,-6.15937719844269
1.57639,-6.15963083924319
1.576395,-6.15988434438151
1.5764,-6.16013771440587
1.576405,-6.160390949865
1.57641,-6.16064405130804
1.576415,-6.16089701928456
1.57642,-6.16114985434457
1.576425,-6.16140255703843
1.57643,-6.16165512791702
1.576435,-6.16190756753161
1.57644,-6.16215987643387
1.576445,-6.16241205517592
1.57645,-6.16266410431027
1.576455,-6.16291602438988
1.57646,-6.1631678159681
1.576465,-6.1634194795987
1.57647,-6.16367101583588
1.576475,-6.16392242523426
1.57648,-6.16417370834881
1.576485,-6.16442486573497
1.57649,-6.16467589794857
1.576495,-6.16492680554585
1.5765,-6.16517758908346
1.576505,-6.16542824911844
1.57651,-6.16567878620822
1.576515,-6.16592920091067
1.57652,-6.16617949378404
1.576525,-6.166429665387
1.57653,-6.16667971627854
1.576535,-6.16692964701816
1.57654,-6.16717945816566
1.576545,-6.16742915028127
1.57655,-6.16767872392565
1.576555,-6.16792817965977
1.57656,-6.16817751804504
1.576565,-6.16842673964327
1.57657,-6.1686758450166
1.576575,-6.16892483472758
1.57658,-6.16917370933921
1.576585,-6.16942246941476
1.57659,-6.16967111551793
1.576595,-6.16991964821282
1.5766,-6.17016806806388
1.576605,-6.17041637563597
1.57661,-6.17066457149424
1.576615,-6.1709126562043
1.57662,-6.1711606303321
1.576625,-6.17140849444397
1.57663,-6.1716562491066
1.576635,-6.17190389488702
1.57664,-6.17215143235266
1.576645,-6.17239886207131
1.57665,-6.1726461846111
1.576655,-6.17289340054057
1.57666,-6.17314051042856
1.576665,-6.17338751484429
1.57667,-6.17363441435734
1.576675,-6.17388120953767
1.57668,-6.17412790095555
1.576685,-6.1743744891816
1.57669,-6.17462097478681
1.576695,-6.17486735834254
1.5767,-6.17511364042045
1.576705,-6.17535982159257
1.57671,-6.17560590243131
1.576715,-6.17585188350932
1.57672,-6.17609776539969
1.576725,-6.1763435486758
1.57673,-6.17658923391138
1.576735,-6.17683482168052
1.57674,-6.17708031255758
1.576745,-6.17732570711731
1.57675,-6.17757100593476
1.576755,-6.17781620958534
1.57676,-6.17806131864477
1.576765,-6.17830633368907
1.57677,-6.1785512552946
1.576775,-6.17879608403808
1.57678,-6.17904082049652
1.576785,-6.17928546524725
1.57679,-6.1795300188679
1.576795,-6.17977448193644
1.5768,-6.18001885503115
1.576805,-6.18026313873062
1.57681,-6.18050733361379
1.576815,-6.18075144025981
1.57682,-6.18099545924822
1.576825,-6.18123939115886
1.57683,-6.18148323657184
1.576835,-6.18172699606761
1.57684,-6.1819706702269
1.576845,-6.18221425963072
1.57685,-6.1824577648604
1.576855,-6.18270118649758
1.57686,-6.18294452512417
1.576865,-6.1831877813224
1.57687,-6.18343095567472
1.576875,-6.18367404876395
1.57688,-6.18391706117317
1.576885,-6.18415999348572
1.57689,-6.18440284628528
1.576895,-6.18464562015573
1.5769,-6.18488831568128
1.576905,-6.18513093344644
1.57691,-6.18537347403596
1.576915,-6.18561593803486
1.57692,-6.18585832602845
1.576925,-6.1861006386023
1.57693,-6.18634287634227
1.576935,-6.18658503983444
1.57694,-6.18682712966525
1.576945,-6.18706914642129
1.57695,-6.18731109068945
1.576955,-6.18755296305693
1.57696,-6.18779476411113
1.576965,-6.18803649443973
1.57697,-6.18827815463068
1.576975,-6.18851974527213
1.57698,-6.18876126695251
1.576985,-6.18900272026053
1.57699,-6.18924410578511
1.576995,-6.18948542411543
1.577,-6.18972667584088
1.577005,-6.18996786155113
1.57701,-6.19020898183609
1.577015,-6.19045003728586
1.57702,-6.19069102849086
1.577025,-6.19093195604165
1.57703,-6.19117282052906
1.577035,-6.19141362254418
1.57704,-6.19165436267829
1.577045,-6.19189504152291
1.57705,-6.19213565966977
1.577055,-6.19237621771083
1.57706,-6.19261671623829
1.577065,-6.19285715584451
1.57707,-6.19309753712218
1.577075,-6.19333786066405
1.57708,-6.19357812706319
1.577085,-6.19381833691286
1.57709,-6.1940584908065
1.577095,-6.19429858933779
1.5771,-6.19453863310061
1.577105,-6.19477862268898
1.57711,-6.19501855869722
1.577115,-6.19525844171978
1.57712,-6.19549827235131
1.577125,-6.1957380511867
1.57713,-6.19597777882096
1.577135,-6.19621745584934
1.57714,-6.19645708286729
1.577145,-6.19669666047037
1.57715,-6.19693618925443
1.577155,-6.19717566981542
1.57716,-6.19741510274948
1.577165,-6.19765448865295
1.57717,-6.19789382812236
1.577175,-6.19813312175438
1.57718,-6.19837237014583
1.577185,-6.19861157389376
1.57719,-6.19885073359533
1.577195,-6.19908984984793
1.5772,-6.19932892324905
1.577205,-6.19956795439635
1.57721,-6.19980694388767
1.577215,-6.20004589232099
1.57722,-6.20028480029446
1.577225,-6.20052366840636
1.57723,-6.20076249725517
1.577235,-6.20100128743942
1.57724,-6.20124003955786
1.577245,-6.20147875420938
1.57725,-6.20171743199299
1.577255,-6.20195607350785
1.57726,-6.20219467935323
1.577265,-6.20243325012856
1.57727,-6.20267178643341
1.577275,-6.20291028886744
1.57728,-6.2031487580305
1.577285,-6.20338719452249
1.57729,-6.20362559894347
1.577295,-6.20386397189365
1.5773,-6.2041023139733
1.577305,-6.20434062578287
1.57731,-6.20457890792284
1.577315,-6.20481716099387
1.57732,-6.20505538559671
1.577325,-6.2052935823322
1.57733,-6.20553175180132
1.577335,-6.20576989460513
1.57734,-6.20600801134478
1.577345,-6.20624610262151
1.57735,-6.20648416903669
1.577355,-6.20672221119177
1.57736,-6.20696022968831
1.577365,-6.20719822512787
1.57737,-6.2074361981122
1.577375,-6.20767414924309
1.57738,-6.2079120791224
1.577385,-6.20814998835211
1.57739,-6.20838787753421
1.577395,-6.20862574727083
1.5774,-6.20886359816411
1.577405,-6.20910143081632
1.57741,-6.20933924582979
1.577415,-6.20957704380683
1.57742,-6.20981482534991
1.577425,-6.21005259106152
1.57743,-6.2102903415442
1.577435,-6.21052807740058
1.57744,-6.21076579923327
1.577445,-6.21100350764501
1.57745,-6.21124120323852
1.577455,-6.21147888661663
1.57746,-6.21171655838216
1.577465,-6.211954219138
1.57747,-6.21219186948703
1.577475,-6.21242951003222
1.57748,-6.21266714137653
1.577485,-6.21290476412299
1.57749,-6.21314237887465
1.577495,-6.21337998623453
1.5775,-6.21361758680573
1.577505,-6.21385518119133
1.57751,-6.21409276999447
1.577515,-6.21433035381829
1.57752,-6.21456793326589
1.577525,-6.21480550894043
1.57753,-6.2150430814451
1.577535,-6.21528065138302
1.57754,-6.21551821935739
1.577545,-6.21575578597131
1.57755,-6.21599335182796
1.577555,-6.21623091753051
1.57756,-6.21646848368208
1.577565,-6.2167060508858
1.57757,-6.21694361974476
1.577575,-6.21718119086205
1.57758,-6.21741876484077
1.577585,-6.21765634228395
1.57759,-6.2178939237946
1.577595,-6.21813150997576
1.5776,-6.21836910143035
1.577605,-6.2186066987613
1.57761,-6.21884430257153
1.577615,-6.21908191346386
1.57762,-6.21931953204114
1.577625,-6.2195571589061
1.57763,-6.21979479466147
1.577635,-6.22003243990993
1.57764,-6.22027009525407
1.577645,-6.2205077612965
1.57765,-6.22074543863965
1.577655,-6.22098312788601
1.57766,-6.22122082963794
1.577665,-6.22145854449775
1.57767,-6.2216962730677
1.577675,-6.22193401594991
1.57768,-6.22217177374651
1.577685,-6.22240954705947
1.57769,-6.22264733649077
1.577695,-6.22288514264223
1.5777,-6.22312296611561
1.577705,-6.22336080751257
1.57771,-6.22359866743471
1.577715,-6.22383654648349
1.57772,-6.22407444526031
1.577725,-6.22431236436646
1.57773,-6.22455030440307
1.577735,-6.22478826597127
1.57774,-6.22502624967196
1.577745,-6.22526425610605
1.57775,-6.22550228587423
1.577755,-6.22574033957712
1.57776,-6.2259784178152
1.577765,-6.22621652118885
1.57777,-6.22645465029829
1.577775,-6.22669280574368
1.57778,-6.2269309881249
1.577785,-6.22716919804185
1.57779,-6.2274074360942
1.577795,-6.22764570288153
1.5778,-6.22788399900322
1.577805,-6.22812232505854
1.57781,-6.22836068164657
1.577815,-6.2285990693663
1.57782,-6.22883748881648
1.577825,-6.2290759405958
1.57783,-6.22931442530264
1.577835,-6.22955294353537
1.57784,-6.22979149589207
1.577845,-6.23003008297074
1.57785,-6.23026870536913
1.577855,-6.23050736368485
1.57786,-6.23074605851529
1.577865,-6.23098479045769
1.57787,-6.2312235601091
1.577875,-6.23146236806635
1.57788,-6.23170121492612
1.577885,-6.23194010128482
1.57789,-6.23217902773872
1.577895,-6.23241799488387
1.5779,-6.23265700331611
1.577905,-6.23289605363105
1.57791,-6.23313514642409
1.577915,-6.23337428229044
1.57792,-6.23361346182507
1.577925,-6.23385268562272
1.57793,-6.2340919542779
1.577935,-6.23433126838491
1.57794,-6.23457062853778
1.577945,-6.23481003533034
1.57795,-6.23504948935615
1.577955,-6.23528899120857
1.57796,-6.23552854148064
1.577965,-6.23576814076521
1.57797,-6.23600778965485
1.577975,-6.23624748874187
1.57798,-6.23648723861835
1.577985,-6.23672703987608
1.57799,-6.23696689310655
1.577995,-6.23720679890104
1.578,-6.23744675785052
1.578005,-6.23768677054569
1.57801,-6.23792683757701
1.578015,-6.23816695953454
1.57802,-6.23840713700818
1.578025,-6.23864737058747
1.57803,-6.23888766086166
1.578035,-6.23912800841974
1.57804,-6.23936841385033
1.578045,-6.23960887774181
1.57805,-6.23984940068221
1.578055,-6.24008998325927
1.57806,-6.24033062606044
1.578065,-6.24057132967276
1.57807,-6.24081209468303
1.578075,-6.24105292167769
1.57808,-6.24129381124286
1.578085,-6.24153476396433
1.57809,-6.24177578042757
1.578095,-6.24201686121764
1.5781,-6.24225800691932
1.578105,-6.24249921811702
1.57811,-6.24274049539481
1.578115,-6.24298183933641
1.57812,-6.24322325052514
1.578125,-6.24346472954401
1.57813,-6.24370627697562
1.578135,-6.24394789340223
1.57814,-6.24418957940573
1.578145,-6.2444313355676
1.57815,-6.24467316246896
1.578155,-6.24491506069056
1.57816,-6.24515703081275
1.578165,-6.24539907341547
1.57817,-6.24564118907829
1.578175,-6.24588337838036
1.57818,-6.24612564190045
1.578185,-6.2463679802169
1.57819,-6.24661039390768
1.578195,-6.24685288355028
1.5782,-6.24709544972182
1.578205,-6.24733809299899
1.57821,-6.24758081395805
1.578215,-6.24782361317485
1.57822,-6.24806649122478
1.578225,-6.24830944868278
1.57823,-6.24855248612338
1.578235,-6.24879560412068
1.57824,-6.24903880324828
1.578245,-6.2492820840794
1.57825,-6.2495254471867
1.578255,-6.24976889314247
1.57826,-6.25001242251851
1.578265,-6.25025603588613
1.57827,-6.25049973381622
1.578275,-6.25074351687911
1.57828,-6.25098738564473
1.578285,-6.25123134068249
1.57829,-6.25147538256131
1.578295,-6.25171951184967
1.5783,-6.25196372911544
1.578305,-6.2522080349261
1.57831,-6.25245242984859
1.578315,-6.25269691444934
1.57832,-6.25294148929428
1.578325,-6.25318615494877
1.57833,-6.25343091197772
1.578335,-6.25367576094551
1.57834,-6.25392070241593
1.578345,-6.25416573695229
1.57835,-6.2544108651174
1.578355,-6.25465608747342
1.57836,-6.25490140458206
1.578365,-6.25514681700444
1.57837,-6.25539232530114
1.578375,-6.2556379300322
1.57838,-6.25588363175705
1.578385,-6.2561294310346
1.57839,-6.25637532842318
1.578395,-6.25662132448054
1.5784,-6.25686741976386
1.578405,-6.25711361482971
1.57841,-6.25735991023412
1.578415,-6.25760630653251
1.57842,-6.2578528042797
1.578425,-6.25809940402992
1.57843,-6.25834610633677
1.578435,-6.25859291175327
1.57844,-6.25883982083183
1.578445,-6.25908683412425
1.57845,-6.25933395218169
1.578455,-6.25958117555467
1.57846,-6.25982850479312
1.578465,-6.26007594044632
1.57847,-6.26032348306293
1.578475,-6.26057113319091
1.57848,-6.26081889137767
1.578485,-6.26106675816987
1.57849,-6.26131473411358
1.578495,-6.26156281975419
1.5785,-6.26181101563641
1.578505,-6.26205932230433
1.57851,-6.26230774030131
1.578515,-6.26255627017006
1.57852,-6.26280491245261
1.578525,-6.26305366769031
1.57853,-6.26330253642382
1.578535,-6.26355151919307
1.57854,-6.26380061653732
1.578545,-6.26404982899514
1.57855,-6.26429915710435
1.578555,-6.26454860140211
1.57856,-6.26479816242481
1.578565,-6.26504784070813
1.57857,-6.26529763678707
1.578575,-6.26554755119582
1.57858,-6.26579758446793
1.578585,-6.26604773713611
1.57859,-6.26629800973237
1.578595,-6.266548402788
1.5786,-6.26679891683348
1.578605,-6.26704955239858
1.57861,-6.26730031001228
1.578615,-6.26755119020277
1.57862,-6.2678021934975
1.578625,-6.26805332042316
1.57863,-6.26830457150559
1.578635,-6.26855594726992
1.57864,-6.26880744824044
1.578645,-6.26905907494062
1.57865,-6.26931082789322
1.578655,-6.2695627076201
1.57866,-6.26981471464237
1.578665,-6.27006684948025
1.57867,-6.27031911265323
1.578675,-6.27057150467992
1.57868,-6.27082402607812
1.578685,-6.2710766773648
1.57869,-6.27132945905604
1.578695,-6.27158237166713
1.5787,-6.27183541571248
1.578705,-6.27208859170569
1.57871,-6.27234190015944
1.578715,-6.27259534158558
1.57872,-6.27284891649506
1.578725,-6.27310262539801
1.57873,-6.27335646880364
1.578735,-6.27361044722028
1.57874,-6.27386456115539
1.578745,-6.27411881111549
1.57875,-6.27437319760624
1.578755,-6.27462772113241
1.57876,-6.27488238219782
1.578765,-6.27513718130539
1.57877,-6.27539211895714
1.578775,-6.27564719565411
1.57878,-6.27590241189648
1.578785,-6.27615776818345
1.57879,-6.27641326501334
1.578795,-6.27666890288341
1.5788,-6.27692468229006
1.578805,-6.27718060372873
1.57881,-6.27743666769387
1.578815,-6.277692874679
1.57882,-6.27794922517661
1.578825,-6.27820571967827
1.57883,-6.27846235867455
1.578835,-6.27871914265503
1.57884,-6.27897607210829
1.578845,-6.27923314752197
1.57885,-6.27949036938261
1.578855,-6.27974773817581
1.57886,-6.28000525438615
1.578865,-6.28026291849717
1.57887,-6.28052073099144
1.578875,-6.28077869235041
1.57888,-6.28103680305458
1.578885,-6.28129506358336
1.57889,-6.28155347441515
1.578895,-6.2818120360273
1.5789,-6.28207074889605
1.578905,-6.28232961349665
1.57891,-6.28258863030324
1.578915,-6.28284779978889
1.57892,-6.28310712242565
1.578925,-6.2833665986844
1.57893,-6.28362622903496
1.578935,-6.28388601394611
1.57894,-6.28414595388547
1.578945,-6.2844060493196
1.57895,-6.28466630071389
1.578955,-6.28492670853268
1.57896,-6.28518727323916
1.578965,-6.28544799529539
1.57897,-6.28570887516229
1.578975,-6.28596991329969
1.57898,-6.2862311101662
1.578985,-6.28649246621935
1.57899,-6.2867539819155
1.578995,-6.2870156577098
1.579,-6.28727749405633
1.579005,-6.28753949140789
1.57901,-6.28780165021617
1.579015,-6.28806397093168
1.57902,-6.2883264540037
1.579025,-6.28858909988038
1.57903,-6.28885190900861
1.579035,-6.28911488183408
1.57904,-6.28937801880129
1.579045,-6.28964132035354
1.57905,-6.28990478693289
1.579055,-6.29016841898011
1.57906,-6.29043221693486
1.579065,-6.29069618123545
1.57907,-6.290960312319
1.579075,-6.2912246106214
1.57908,-6.2914890765772
1.579085,-6.29175371061974
1.57909,-6.29201851318109
1.579095,-6.29228348469206
1.5791,-6.29254862558213
1.579105,-6.29281393627957
1.57911,-6.29307941721126
1.579115,-6.29334506880284
1.57912,-6.29361089147864
1.579125,-6.29387688566169
1.57913,-6.29414305177369
1.579135,-6.29440939023498
1.57914,-6.29467590146464
1.579145,-6.29494258588037
1.57915,-6.29520944389855
1.579155,-6.29547647593422
1.57916,-6.295743682401
1.579165,-6.29601106371125
1.57917,-6.2962786202759
1.579175,-6.29654635250454
1.57918,-6.29681426080536
1.579185,-6.29708234558518
1.57919,-6.29735060724943
1.579195,-6.29761904620213
1.5792,-6.29788766284592
1.579205,-6.29815645758204
1.57921,-6.29842543081027
1.579215,-6.29869458292901
1.57922,-6.2989639143352
1.579225,-6.2992334254244
1.57923,-6.2995031165907
1.579235,-6.29977298822674
1.57924,-6.30004304072368
1.579245,-6.30031327447129
1.57925,-6.30058368985783
1.579255,-6.30085428727011
1.57926,-6.30112506709346
1.579265,-6.30139602971168
1.57927,-6.30166717550714
1.579275,-6.30193850486071
1.57928,-6.30221001815174
1.579285,-6.30248171575809
1.57929,-6.30275359805604
1.579295,-6.30302566542043
1.5793,-6.30329791822455
1.579305,-6.30357035684013
1.57931,-6.30384298163739
1.579315,-6.30411579298497
1.57932,-6.30438879124997
1.579325,-6.30466197679795
1.57933,-6.30493534999289
1.579335,-6.30520891119719
1.57934,-6.30548266077167
1.579345,-6.30575659907556
1.57935,-6.3060307264665
1.579355,-6.30630504330056
1.57936,-6.30657954993218
1.579365,-6.30685424671418
1.57937,-6.30712913399774
1.579375,-6.30740421213247
1.57938,-6.3076794814663
1.579385,-6.30795494234555
1.57939,-6.30823059511491
1.579395,-6.30850644011734
1.5794,-6.30878247769422
1.579405,-6.30905870818521
1.57941,-6.30933513192836
1.579415,-6.30961174925999
1.57942,-6.3098885605147
1.579425,-6.3101655660255
1.57943,-6.31044276612362
1.579435,-6.3107201611386
1.57944,-6.31099775139832
1.579445,-6.31127553722882
1.57945,-6.31155351895452
1.579455,-6.31183169689806
1.57946,-6.31211007138035
1.579465,-6.31238864272061
1.57947,-6.31266741123614
1.579475,-6.31294637724265
1.57948,-6.31322554105402
1.579485,-6.31350490298232
1.57949,-6.3137844633379
1.579495,-6.31406422242928
1.5795,-6.31434418056318
1.579505,-6.31462433804453
1.57951,-6.31490469517646
1.579515,-6.31518525226026
1.57952,-6.31546600959541
1.579525,-6.31574696747957
1.57953,-6.31602812620851
1.579535,-6.31630948607623
1.57954,-6.31659104737479
1.579545,-6.31687281039451
1.57955,-6.31715477542371
1.579555,-6.3174369427489
1.57956,-6.31771931265473
1.579565,-6.31800188542391
1.57957,-6.31828466133733
1.579575,-6.31856764067386
1.57958,-6.31885082371057
1.579585,-6.31913421072256
1.57959,-6.31941780198301
1.579595,-6.31970159776318
1.5796,-6.31998559833241
1.579605,-6.32026980395802
1.57961,-6.32055421490545
1.579615,-6.32083883143815
1.57962,-6.32112365381761
1.579625,-6.32140868230336
1.57963,-6.32169391715289
1.579635,-6.32197935862174
1.57964,-6.32226500696347
1.579645,-6.3225508624296
1.57965,-6.32283692526969
1.579655,-6.32312319573118
1.57966,-6.32340967405959
1.579665,-6.32369636049833
1.57967,-6.32398325528883
1.579675,-6.32427035867043
1.57968,-6.3245576708804
1.579685,-6.32484519215398
1.57969,-6.32513292272434
1.579695,-6.32542086282253
1.5797,-6.32570901267757
1.579705,-6.32599737251631
1.57971,-6.32628594256358
1.579715,-6.32657472304204
1.57972,-6.32686371417226
1.579725,-6.32715291617269
1.57973,-6.32744232925964
1.579735,-6.32773195364724
1.57974,-6.32802178954754
1.579745,-6.3283118371704
1.57975,-6.3286020967235
1.579755,-6.32889256841243
1.57976,-6.32918325244044
1.579765,-6.32947414900878
1.57977,-6.32976525831638
1.579775,-6.33005658056001
1.57978,-6.33034811593426
1.579785,-6.33063986463142
1.57979,-6.33093182684165
1.579795,-6.3312240027528
1.5798,-6.33151639255055
1.579805,-6.3318089964183
1.57981,-6.33210181453713
1.579815,-6.33239484708597
1.57982,-6.33268809424138
1.579825,-6.33298155617772
1.57983,-6.33327523306703
1.579835,-6.333569125079
1.57984,-6.3338632323811
1.579845,-6.33415755513844
1.57985,-6.33445209351384
1.579855,-6.33474684766778
1.57986,-6.33504181775841
1.579865,-6.3353370039415
1.57987,-6.3356324063705
1.579875,-6.33592802519651
1.57988,-6.33622386056826
1.579885,-6.33651991263209
1.57989,-6.33681618153196
1.579895,-6.33711266740942
1.5799,-6.33740937040368
1.579905,-6.33770629065149
1.57991,-6.33800342828721
1.579915,-6.33830078344272
1.57992,-6.33859835624755
1.579925,-6.33889614682874
1.57993,-6.33919415531091
1.579935,-6.33949238181623
1.57994,-6.33979082646432
1.579945,-6.34008948937241
1.57995,-6.34038837065526
1.579955,-6.34068747042509
1.57996,-6.34098678879168
1.579965,-6.34128632586222
1.57997,-6.34158608174145
1.579975,-6.34188605653156
1.57998,-6.34218625033226
1.579985,-6.34248666324065
1.57999,-6.34278729535135
1.579995,-6.34308814675637
1.58,-6.34338921754516
1.580005,-6.34369050780463
1.58001,-6.34399201761911
1.580015,-6.34429374707034
1.58002,-6.3445956962374
1.580025,-6.34489786519686
1.58003,-6.34520025402262
1.580035,-6.34550286278594
1.58004,-6.34580569155554
1.580045,-6.34610874039739
1.58005,-6.34641200937486
1.580055,-6.34671549854868
1.58006,-6.3470192079769
1.580065,-6.34732313771494
1.58007,-6.34762728781543
1.580075,-6.34793165832839
1.58008,-6.34823624930117
1.580085,-6.34854106077834
1.58009,-6.34884609280182
1.580095,-6.34915134541071
1.5801,-6.34945681864149
1.580105,-6.34976251252784
1.58011,-6.35006842710068
1.580115,-6.3503745623882
1.58012,-6.35068091841586
1.580125,-6.35098749520623
1.58013,-6.35129429277918
1.580135,-6.35160131115178
1.58014,-6.35190855033829
1.580145,-6.35221601035019
1.58015,-6.35252369119604
1.580155,-6.35283159288168
1.58016,-6.35313971541007
1.580165,-6.35344805878134
1.58017,-6.35375662299278
1.580175,-6.35406540803872
1.58018,-6.35437441391075
1.580185,-6.35468364059751
1.58019,-6.35499308808475
1.580195,-6.35530275635537
1.5802,-6.3556126453893
1.580205,-6.35592275516356
1.58021,-6.35623308565232
1.580215,-6.35654363682675
1.58022,-6.3568544086551
1.580225,-6.35716540110262
1.58023,-6.35747661413169
1.580235,-6.35778804770167
1.58024,-6.35809970176893
1.580245,-6.35841157628688
1.58025,-6.35872367120596
1.580255,-6.35903598647351
1.58026,-6.35934852203396
1.580265,-6.35966127782868
1.58027,-6.35997425379599
1.580275,-6.36028744987122
1.58028,-6.36060086598656
1.580285,-6.36091450207124
1.58029,-6.36122835805137
1.580295,-6.36154243385001
1.5803,-6.36185672938714
1.580305,-6.36217124457959
1.58031,-6.36248597934112
1.580315,-6.3628009335824
1.58032,-6.363116107211
1.580325,-6.36343150013128
1.58033,-6.3637471122445
1.580335,-6.36406294344878
1.58034,-6.36437899363909
1.580345,-6.36469526270722
1.58035,-6.36501175054177
1.580355,-6.36532845702819
1.58036,-6.3656453820487
1.580365,-6.36596252548233
1.58037,-6.36627988720491
1.580375,-6.36659746708905
1.58038,-6.36691526500412
1.580385,-6.36723328081623
1.58039,-6.36755151438826
1.580395,-6.36786996557984
1.5804,-6.36818863424731
1.580405,-6.36850752024379
1.58041,-6.36882662341904
1.580415,-6.36914594361955
1.58042,-6.36946548068853
1.580425,-6.36978523446585
1.58043,-6.37010520478809
1.580435,-6.37042539148844
1.58044,-6.37074579439679
1.580445,-6.37106641333969
1.58045,-6.37138724814029
1.580455,-6.37170829861843
1.58046,-6.37202956459048
1.580465,-6.3723510458695
1.58047,-6.37267274226514
1.580475,-6.37299465358361
1.58048,-6.37331677962775
1.580485,-6.37363912019695
1.58049,-6.37396167508715
1.580495,-6.37428444409084
1.5805,-6.37460742699711
1.580505,-6.37493062359155
1.58051,-6.3752540336563
1.580515,-6.37557765696996
1.58052,-6.3759014933077
1.580525,-6.37622554244118
1.58053,-6.37654980413851
1.580535,-6.37687427816436
1.58054,-6.37719896427975
1.580545,-6.37752386224228
1.58055,-6.37784897180594
1.580555,-6.37817429272118
1.58056,-6.3784998247349
1.580565,-6.37882556759036
1.58057,-6.3791515210273
1.580575,-6.37947768478185
1.58058,-6.37980405858651
1.580585,-6.38013064217022
1.58059,-6.38045743525821
1.580595,-6.38078443757215
1.5806,-6.38111164883004
1.580605,-6.38143906874624
1.58061,-6.38176669703143
1.580615,-6.38209453339266
1.58062,-6.38242257753321
1.580625,-6.38275082915276
1.58063,-6.38307928794723
1.580635,-6.3834079536089
1.58064,-6.38373682582626
1.580645,-6.3840659042841
1.58065,-6.38439518866346
1.580655,-6.38472467864163
1.58066,-6.3850543738922
1.580665,-6.38538427408491
1.58067,-6.38571437888578
1.580675,-6.38604468795699
1.58068,-6.38637520095698
1.580685,-6.38670591754035
1.58069,-6.38703683735793
1.580695,-6.38736796005663
1.5807,-6.38769928527961
1.580705,-6.38803081266619
1.58071,-6.38836254185176
1.580715,-6.38869447246796
1.58072,-6.38902660414241
1.580725,-6.38935893649898
1.58073,-6.38969146915758
1.580735,-6.3900242017342
1.58074,-6.39035713384101
1.580745,-6.39069026508618
1.58075,-6.39102359507393
1.580755,-6.39135712340459
1.58076,-6.39169084967455
1.580765,-6.39202477347618
1.58077,-6.39235889439797
1.580775,-6.39269321202431
1.58078,-6.39302772593571
1.580785,-6.39336243570859
1.58079,-6.39369734091546
1.580795,-6.39403244112474
1.5808,-6.39436773590081
1.580805,-6.39470322480406
1.58081,-6.39503890739082
1.580815,-6.39537478321336
1.58082,-6.3957108518199
1.580825,-6.39604711275448
1.58083,-6.39638356555722
1.580835,-6.39672020976401
1.58084,-6.3970570449067
1.580845,-6.39739407051303
1.58085,-6.39773128610654
1.580855,-6.39806869120671
1.58086,-6.39840628532887
1.580865,-6.39874406798414
1.58087,-6.39908203867951
1.580875,-6.39942019691785
1.58088,-6.39975854219773
1.580885,-6.40009707401361
1.58089,-6.40043579185574
1.580895,-6.40077469521012
1.5809,-6.40111378355857
1.580905,-6.40145305637861
1.58091,-6.4017925131436
1.580915,-6.40213215332261
1.58092,-6.40247197638044
1.580925,-6.40281198177765
1.58093,-6.40315216897043
1.580935,-6.4034925374108
1.58094,-6.40383308654641
1.580945,-6.4041738158206
1.58095,-6.40451472467243
1.580955,-6.40485581253655
1.58096,-6.40519707884335
1.580965,-6.40553852301884
1.58097,-6.40588014448468
1.580975,-6.40622194265815
1.58098,-6.40656391695212
1.580985,-6.40690606677513
1.58099,-6.4072483915313
1.580995,-6.40759089062033
1.581,-6.40793356343749
1.581005,-6.40827640937369
1.58101,-6.40861942781532
1.581015,-6.40896261814434
1.58102,-6.40930597973828
1.581025,-6.40964951197022
1.58103,-6.40999321420875
1.581035,-6.4103370858179
1.58104,-6.41068112615729
1.581045,-6.41102533458203
1.58105,-6.41136971044268
1.581055,-6.4117142530853
1.58106,-6.41205896185138
1.581065,-6.41240383607791
1.58107,-6.41274887509732
1.581075,-6.41309407823743
1.58108,-6.41343944482157
1.581085,-6.41378497416838
1.58109,-6.41413066559201
1.581095,-6.41447651840194
1.5811,-6.41482253190305
1.581105,-6.41516870539564
1.58111,-6.41551503817536
1.581115,-6.41586152953316
1.58112,-6.41620817875541
1.581125,-6.41655498512379
1.58113,-6.41690194791531
1.581135,-6.41724906640236
1.58114,-6.41759633985254
1.581145,-6.41794376752878
1.58115,-6.41829134868936
1.581155,-6.41863908258779
1.58116,-6.41898696847292
1.581165,-6.41933500558871
1.58117,-6.41968319317455
1.581175,-6.42003153046495
1.58118,-6.42038001668972
1.581185,-6.42072865107392
1.58119,-6.42107743283771
1.581195,-6.42142636119656
1.5812,-6.4217754353611
1.581205,-6.42212465453716
1.58121,-6.42247401792573
1.581215,-6.42282352472296
1.58122,-6.4231731741202
1.581225,-6.42352296530389
1.58123,-6.42387289745567
1.581235,-6.42422296975226
1.58124,-6.42457318136555
1.581245,-6.42492353146249
1.58125,-6.42527401920513
1.581255,-6.42562464375067
1.58126,-6.42597540425136
1.581265,-6.42632629985452
1.58127,-6.4266773297025
1.581275,-6.42702849293275
1.58128,-6.42737978867777
1.581285,-6.42773121606508
1.58129,-6.42808277421723
1.581295,-6.42843446225175
1.5813,-6.42878627928124
1.581305,-6.42913822441326
1.58131,-6.42949029675035
1.581315,-6.4298424953901
1.58132,-6.43019481942495
1.581325,-6.43054726794239
1.58133,-6.43089984002484
1.581335,-6.43125253474969
1.58134,-6.43160535118923
1.581345,-6.43195828841065
1.58135,-6.43231134547609
1.581355,-6.4326645214426
1.58136,-6.43301781536212
1.581365,-6.43337122628147
1.58137,-6.43372475324238
1.581375,-6.43407839528137
1.58138,-6.4344321514299
1.581385,-6.43478602071424
1.58139,-6.43514000215553
1.581395,-6.43549409476975
1.5814,-6.43584829756761
1.581405,-6.43620260955476
1.58141,-6.43655702973158
1.581415,-6.43691155709327
1.58142,-6.43726619062985
1.581425,-6.43762092932602
1.58143,-6.43797577216135
1.581435,-6.43833071811012
1.58144,-6.43868576614139
1.581445,-6.43904091521895
1.58145,-6.43939616430129
1.581455,-6.43975151234168
1.58146,-6.44010695828809
1.581465,-6.44046250108316
1.58147,-6.44081813966431
1.581475,-6.44117387296354
1.58148,-6.44152969990762
1.581485,-6.44188561941794
1.58149,-6.4422416304106
1.581495,-6.4425977317963
1.5815,-6.44295392248047
1.581505,-6.44331020136305
1.58151,-6.44366656733872
1.581515,-6.44402301929672
1.58152,-6.44437955612095
1.581525,-6.44473617668988
1.58153,-6.44509287987654
1.581535,-6.4454496645486
1.58154,-6.4458065295683
1.581545,-6.44616347379244
1.58155,-6.44652049607239
1.581555,-6.44687759525401
1.58156,-6.44723477017779
1.581565,-6.4475920196787
1.58157,-6.44794934258628
1.581575,-6.44830673772455
1.58158,-6.44866420391201
1.581585,-6.44902173996174
1.58159,-6.44937934468126
1.581595,-6.44973701687259
1.5816,-6.45009475533222
1.581605,-6.45045255885112
1.58161,-6.45081042621468
1.581615,-6.45116835620279
1.58162,-6.45152634758977
1.581625,-6.45188439914435
1.58163,-6.45224250962974
1.581635,-6.45260067780349
1.58164,-6.45295890241763
1.581645,-6.45331718221855
1.58165,-6.45367551594706
1.581655,-6.45403390233838
1.58166,-6.45439234012203
1.581665,-6.45475082802196
1.58167,-6.45510936475644
1.581675,-6.45546794903819
1.58168,-6.4558265795742
1.581685,-6.45618525506574
1.58169,-6.45654397420853
1.581695,-6.45690273569255
1.5817,-6.45726153820212
1.581705,-6.45762038041588
1.58171,-6.45797926100671
1.581715,-6.45833817864183
1.58172,-6.45869713198271
1.581725,-6.45905611968518
1.58173,-6.45941514039926
1.581735,-6.45977419276921
1.58174,-6.46013327543363
1.581745,-6.46049238702532
1.58175,-6.46085152617132
1.581755,-6.46121069149291
1.58176,-6.46156988160561
1.581765,-6.46192909511909
1.58177,-6.4622883306373
1.581775,-6.46264758675839
1.58178,-6.46300686207467
1.581785,-6.4633661551727
1.58179,-6.4637254646331
1.581795,-6.4640847890308
1.5818,-6.46444412693481
1.581805,-6.46480347690832
1.58181,-6.46516283750873
1.581815,-6.46552220728749
1.58182,-6.46588158479021
1.581825,-6.46624096855672
1.58183,-6.46660035712086
1.581835,-6.46695974901068
1.58184,-6.46731914274826
1.581845,-6.46767853684984
1.58185,-6.46803792982573
1.581855,-6.46839732018034
1.58186,-6.46875670641218
1.581865,-6.46911608701384
1.58187,-6.46947546047192
1.581875,-6.46983482526713
1.58188,-6.47019417987426
1.581885,-6.47055352276209
1.58189,-6.47091285239353
1.581895,-6.47127216722544
1.5819,-6.47163146570874
1.581905,-6.47199074628838
1.58191,-6.47235000740336
1.581915,-6.47270924748667
1.58192,-6.47306846496526
1.581925,-6.47342765826016
1.58193,-6.47378682578632
1.581935,-6.47414596595273
1.58194,-6.47450507716237
1.581945,-6.47486415781213
1.58195,-6.47522320629291
1.581955,-6.47558222098958
1.58196,-6.47594120028097
1.581965,-6.47630014253989
1.58197,-6.47665904613297
1.581975,-6.47701790942091
1.58198,-6.47737673075831
1.581985,-6.47773550849371
1.58199,-6.47809424096951
1.581995,-6.47845292652212
1.582,-6.47881156348177
1.582005,-6.47917015017267
1.58201,-6.47952868491288
1.582015,-6.47988716601438
1.58202,-6.4802455917831
1.582025,-6.4806039605187
1.58203,-6.48096227051484
1.582035,-6.48132052005904
1.58204,-6.48167870743266
1.582045,-6.48203683091098
1.58205,-6.48239488876303
1.582055,-6.48275287925181
1.58206,-6.4831108006341
1.582065,-6.48346865116054
1.58207,-6.48382642907564
1.582075,-6.48418413261768
1.58208,-6.48454176001881
1.582085,-6.48489930950502
1.58209,-6.48525677929608
1.582095,-6.48561416760562
1.5821,-6.48597147264101
1.582105,-6.4863286926035
1.58211,-6.4866858256881
1.582115,-6.48704287008364
1.58212,-6.48739982397271
1.582125,-6.48775668553175
1.58213,-6.48811345293089
1.582135,-6.48847012433411
1.58214,-6.48882669789916
1.582145,-6.48918317177753
1.58215,-6.48953954411453
1.582155,-6.48989581304913
1.58216,-6.49025197671418
1.582165,-6.49060803323622
1.58217,-6.49096398073554
1.582175,-6.49131981732624
1.58218,-6.49167554111604
1.582185,-6.49203115020652
1.58219,-6.49238664269292
1.582195,-6.49274201666426
1.5822,-6.4930972702033
1.582205,-6.49345240138645
1.58221,-6.4938074082839
1.582215,-6.49416228895955
1.58222,-6.49451704147102
1.582225,-6.49487166386967
1.58223,-6.49522615420047
1.582235,-6.49558051050218
1.58224,-6.49593473080726
1.582245,-6.49628881314184
1.58225,-6.49664275552577
1.582255,-6.4969965559726
1.58226,-6.49735021248951
1.582265,-6.49770372307744
1.58227,-6.49805708573099
1.582275,-6.49841029843844
1.58228,-6.49876335918177
1.582285,-6.49911626593656
1.58229,-6.4994690166722
1.582295,-6.49982160935163
1.5823,-6.50017404193152
1.582305,-6.50052631236223
1.58231,-6.5008784185877
1.582315,-6.50123035854562
1.58232,-6.5015821301673
1.582325,-6.50193373137773
1.58233,-6.50228516009555
1.582335,-6.50263641423303
1.58234,-6.50298749169613
1.582345,-6.50333839038444
1.58235,-6.50368910819123
1.582355,-6.50403964300342
1.58236,-6.50438999270149
1.582365,-6.50474015515969
1.58237,-6.50509012824583
1.582375,-6.50543990982141
1.58238,-6.50578949774154
1.582385,-6.506138889855
1.58239,-6.5064880840042
1.582395,-6.50683707802513
1.5824,-6.50718586974754
1.582405,-6.50753445699467
1.58241,-6.50788283758359
1.582415,-6.50823100932475
1.58242,-6.50857897002246
1.582425,-6.50892671747454
1.58243,-6.5092742494725
1.582435,-6.50962156380145
1.58244,-6.50996865824015
1.582445,-6.51031553056094
1.58245,-6.5106621785299
1.582455,-6.51100859990662
1.58246,-6.51135479244446
1.582465,-6.51170075389022
1.58247,-6.51204648198452
1.582475,-6.51239197446149
1.58248,-6.51273722904894
1.582485,-6.51308224346833
1.58249,-6.51342701543467
1.582495,-6.5137715426567
1.5825,-6.51411582283672
1.582505,-6.51445985367072
1.58251,-6.51480363284826
1.582515,-6.51514715805263
1.58252,-6.51549042696062
1.582525,-6.51583343724277
1.58253,-6.5161761865632
1.582535,-6.5165186725797
1.58254,-6.51686089294369
1.582545,-6.51720284530019
1.58255,-6.51754452728791
1.582555,-6.5178859365392
1.58256,-6.51822707068003
1.582565,-6.51856792733002
1.58257,-6.51890850410246
1.582575,-6.51924879860423
1.58258,-6.51958880843593
1.582585,-6.51992853119179
1.58259,-6.52026796445969
1.582595,-6.52060710582113
1.5826,-6.52094595285132
1.582605,-6.52128450311911
1.58261,-6.521622754187
1.582615,-6.5219607036112
1.58262,-6.52229834894155
1.582625,-6.52263568772151
1.58263,-6.52297271748829
1.582635,-6.52330943577278
1.58264,-6.52364584009947
1.582645,-6.52398192798664
1.58265,-6.52431769694611
1.582655,-6.52465314448351
1.58266,-6.52498826809812
1.582665,-6.52532306528286
1.58267,-6.52565753352447
1.582675,-6.52599167030323
1.58268,-6.52632547309322
1.582685,-6.52665893936223
1.58269,-6.52699206657171
1.582695,-6.52732485217689
1.5827,-6.52765729362663
1.582705,-6.52798938836357
1.58271,-6.52832113382404
1.582715,-6.52865252743815
1.58272,-6.5289835666297
1.582725,-6.52931424881622
1.58273,-6.52964457140901
1.582735,-6.5299745318131
1.58274,-6.53030412742726
1.582745,-6.53063335564404
1.58275,-6.53096221384975
1.582755,-6.53129069942441
1.58276,-6.53161880974188
1.582765,-6.53194654216973
1.58277,-6.53227389406936
1.582775,-6.53260086279596
1.58278,-6.53292744569842
1.582785,-6.53325364011952
1.58279,-6.53357944339582
1.582795,-6.53390485285765
1.5828,-6.53422986582918
1.582805,-6.53455447962838
1.58281,-6.53487869156706
1.582815,-6.53520249895085
1.58282,-6.53552589907918
1.582825,-6.53584888924542
1.58283,-6.53617146673666
1.582835,-6.53649362883392
1.58284,-6.53681537281208
1.582845,-6.53713669593983
1.58285,-6.53745759547982
1.582855,-6.53777806868848
1.58286,-6.53809811281621
1.582865,-6.53841772510723
1.58287,-6.53873690279972
1.582875,-6.53905564312574
1.58288,-6.53937394331129
1.582885,-6.53969180057621
1.58289,-6.54000921213435
1.582895,-6.54032617519349
1.5829,-6.54064268695533
1.582905,-6.54095874461555
1.58291,-6.54127434536368
1.582915,-6.54158948638338
1.58292,-6.54190416485218
1.582925,-6.54221837794162
1.58293,-6.54253212281725
1.582935,-6.54284539663857
1.58294,-6.54315819655913
1.582945,-6.54347051972649
1.58295,-6.54378236328221
1.582955,-6.54409372436195
1.58296,-6.54440460009531
1.582965,-6.54471498760601
1.58297,-6.54502488401184
1.582975,-6.54533428642462
1.58298,-6.54564319195028
1.582985,-6.54595159768879
1.58299,-6.54625950073429
1.582995,-6.54656689817495
1.583,-6.54687378709312
1.583005,-6.54718016456525
1.58301,-6.54748602766196
1.583015,-6.54779137344792
1.58302,-6.54809619898207
1.583025,-6.54840050131743
1.58303,-6.54870427750126
1.583035,-6.549007524575
1.58304,-6.54931023957425
1.583045,-6.54961241952883
1.58305,-6.54991406146279
1.583055,-6.55021516239444
1.58306,-6.55051571933628
1.583065,-6.55081572929508
1.58307,-6.55111518927189
1.583075,-6.55141409626201
1.58308,-6.55171244725506
1.583085,-6.55201023923492
1.58309,-6.55230746917979
1.583095,-6.55260413406222
1.5831,-6.55290023084904
1.583105,-6.55319575650149
1.58311,-6.55349070797513
1.583115,-6.55378508221988
1.58312,-6.55407887618004
1.583125,-6.55437208679435
1.58313,-6.5546647109959
1.583135,-6.55495674571224
1.58314,-6.55524818786538
1.583145,-6.55553903437166
1.58315,-6.55582928214199
1.583155,-6.5561189280817
1.58316,-6.55640796909064
1.583165,-6.55669640206312
1.58317,-6.55698422388796
1.583175,-6.55727143144856
1.58318,-6.55755802162278
1.583185,-6.5578439912831
1.58319,-6.55812933729656
1.583195,-6.55841405652471
1.5832,-6.55869814582379
1.583205,-6.55898160204456
1.58321,-6.55926442203248
1.583215,-6.55954660262763
1.58322,-6.55982814066468
1.583225,-6.56010903297304
1.58323,-6.56038927637677
1.583235,-6.56066886769467
1.58324,-6.56094780374016
1.583245,-6.56122608132152
1.58325,-6.56150369724161
1.583255,-6.56178064829819
1.58326,-6.56205693128374
1.583265,-6.5623325429855
1.58327,-6.5626074801856
1.583275,-6.56288173966087
1.58328,-6.56315531818309
1.583285,-6.56342821251882
1.58329,-6.56370041942954
1.583295,-6.5639719356716
1.5833,-6.56424275799623
1.583305,-6.56451288314958
1.58331,-6.56478230787278
1.583315,-6.56505102890189
1.58332,-6.56531904296795
1.583325,-6.56558634679694
1.58333,-6.5658529371099
1.583335,-6.56611881062286
1.58334,-6.56638396404693
1.583345,-6.56664839408825
1.58335,-6.566912097448
1.583355,-6.5671750708225
1.58336,-6.5674373109032
1.583365,-6.56769881437661
1.58337,-6.56795957792447
1.583375,-6.56821959822362
1.58338,-6.5684788719461
1.583385,-6.56873739575917
1.58339,-6.56899516632531
1.583395,-6.56925218030222
1.5834,-6.5695084343429
1.583405,-6.56976392509557
1.58341,-6.5700186492038
1.583415,-6.57027260330644
1.58342,-6.57052578403773
1.583425,-6.57077818802721
1.58343,-6.57102981189982
1.583435,-6.5712806522759
1.58344,-6.5715307057712
1.583445,-6.57177996899691
1.58345,-6.57202843855969
1.583455,-6.57227611106163
1.58346,-6.57252298310037
1.583465,-6.57276905126905
1.58347,-6.57301431215633
1.583475,-6.5732587623465
1.58348,-6.57350239841932
1.583485,-6.57374521695023
1.58349,-6.57398721451028
1.583495,-6.57422838766614
1.5835,-6.57446873298019
1.583505,-6.57470824701048
1.58351,-6.57494692631073
1.583515,-6.57518476743044
1.58352,-6.57542176691486
1.583525,-6.57565792130497
1.58353,-6.57589322713765
1.583535,-6.57612768094546
1.58354,-6.57636127925691
1.583545,-6.57659401859632
1.58355,-6.57682589548393
1.583555,-6.5770569064359
1.58356,-6.57728704796428
1.583565,-6.5775163165771
1.58357,-6.57774470877839
1.583575,-6.57797222106816
1.58358,-6.57819884994245
1.583585,-6.57842459189336
1.58359,-6.57864944340906
1.583595,-6.57887340097381
1.5836,-6.57909646106802
1.583605,-6.57931862016824
1.58361,-6.57953987474714
1.583615,-6.57976022127367
1.58362,-6.57997965621292
1.583625,-6.5801981760263
1.58363,-6.58041577717144
1.583635,-6.58063245610228
1.58364,-6.58084820926906
1.583645,-6.58106303311841
1.58365,-6.5812769240933
1.583655,-6.58148987863309
1.58366,-6.58170189317359
1.583665,-6.581912964147
1.58367,-6.58212308798207
1.583675,-6.58233226110399
1.58368,-6.58254047993451
1.583685,-6.58274774089193
1.58369,-6.58295404039107
1.583695,-6.58315937484344
1.5837,-6.58336374065712
1.583705,-6.58356713423687
1.58371,-6.58376955198413
1.583715,-6.58397099029707
1.58372,-6.58417144557055
1.583725,-6.58437091419625
1.58373,-6.5845693925626
1.583735,-6.5847668770549
1.58374,-6.58496336405523
1.583745,-6.5851588499426
1.58375,-6.58535333109291
1.583755,-6.58554680387897
1.58376,-6.58573926467058
1.583765,-6.58593070983451
1.58377,-6.58612113573455
1.583775,-6.58631053873153
1.58378,-6.58649891518337
1.583785,-6.58668626144507
1.58379,-6.58687257386878
1.583795,-6.58705784880377
1.5838,-6.58724208259656
1.583805,-6.58742527159085
1.58381,-6.58760741212758
1.583815,-6.587788500545
1.58382,-6.58796853317862
1.583825,-6.58814750636133
1.58383,-6.58832541642337
1.583835,-6.58850225969237
1.58384,-6.58867803249339
1.583845,-6.58885273114894
1.58385,-6.58902635197903
1.583855,-6.58919889130118
1.58386,-6.58937034543044
1.583865,-6.5895407106795
1.58387,-6.58970998335857
1.583875,-6.58987815977555
1.58388,-6.59004523623602
1.583885,-6.59021120904324
1.58389,-6.59037607449822
1.583895,-6.59053982889972
1.5839,-6.5907024685443
1.583905,-6.59086398972634
1.58391,-6.59102438873811
1.583915,-6.59118366186975
1.58392,-6.59134180540934
1.583925,-6.59149881564287
1.58393,-6.59165468885438
1.583935,-6.59180942132588
1.58394,-6.59196300933746
1.583945,-6.59211544916733
1.58395,-6.59226673709172
1.583955,-6.59241686938511
1.58396,-6.59256584232012
1.583965,-6.5927136521676
1.58397,-6.59286029519664
1.583975,-6.59300576767462
1.58398,-6.59315006586723
1.583985,-6.59329318603852
1.58399,-6.59343512445094
1.583995,-6.59357587736533
1.584,-6.59371544104101
1.584005,-6.59385381173576
1.58401,-6.5939909857059
1.584015,-6.59412695920629
1.58402,-6.59426172849041
1.584025,-6.59439528981033
1.58403,-6.59452763941678
1.584035,-6.59465877355922
1.58404,-6.5947886884858
1.584045,-6.59491738044346
1.58405,-6.59504484567792
1.584055,-6.59517108043374
1.58406,-6.59529608095435
1.584065,-6.5954198434821
1.58407,-6.59554236425823
1.584075,-6.59566363952303
1.58408,-6.59578366551574
1.584085,-6.59590243847468
1.58409,-6.59601995463722
1.584095,-6.59613621023989
1.5841,-6.59625120151838
1.584105,-6.5963649247075
1.58411,-6.59647737604137
1.584115,-6.59658855175334
1.58412,-6.59669844807606
1.584125,-6.59680706124153
1.58413,-6.59691438748112
1.584135,-6.5970204230256
1.58414,-6.5971251641052
1.584145,-6.59722860694964
1.58415,-6.59733074778816
1.584155,-6.59743158284956
1.58416,-6.59753110836225
1.584165,-6.59762932055424
1.58417,-6.59772621565327
1.584175,-6.59782178988673
1.58418,-6.59791603948183
1.584185,-6.59800896066549
1.58419,-6.5981005496645
1.584195,-6.59819080270553
1.5842,-6.59827971601512
1.584205,-6.59836728581975
1.58421,-6.5984535083459
1.584215,-6.59853837982006
1.58422,-6.59862189646877
1.584225,-6.59870405451866
1.58423,-6.59878485019653
1.584235,-6.5988642797293
1.58424,-6.59894233934415
1.584245,-6.59901902526848
1.58425,-6.59909433372999
1.584255,-6.59916826095673
1.58426,-6.59924080317709
1.584265,-6.59931195661988
1.58427,-6.59938171751437
1.584275,-6.5994500820903
1.58428,-6.59951704657796
1.584285,-6.59958260720819
1.58429,-6.59964676021245
1.584295,-6.59970950182285
1.5843,-6.59977082827217
1.584305,-6.59983073579396
1.58431,-6.59988922062249
1.584315,-6.59994627899289
1.58432,-6.60000190714109
1.584325,-6.60005610130396
1.58433,-6.60010885771927
1.584335,-6.60016017262579
1.58434,-6.60021004226327
1.584345,-6.60025846287255
1.58435,-6.60030543069554
1.584355,-6.60035094197532
1.58436,-6.60039499295611
1.584365,-6.60043757988336
1.58437,-6.60047869900383
1.584375,-6.60051834656551
1.58438,-6.6005565188178
1.584385,-6.60059321201143
1.58439,-6.60062842239862
1.584395,-6.600662146233
1.5844,-6.60069437976975
1.584405,-6.60072511926559
1.58441,-6.60075436097886
1.584415,-6.60078210116951
1.58442,-6.60080833609918
1.584425,-6.60083306203124
1.58443,-6.60085627523082
1.584435,-6.60087797196487
1.58444,-6.60089814850218
1.584445,-6.60091680111344
1.58445,-6.60093392607127
1.584455,-6.60094951965026
1.58446,-6.60096357812706
1.584465,-6.60097609778035
1.58447,-6.60098707489091
1.584475,-6.60099650574173
1.58448,-6.60100438661792
1.584485,-6.60101071380688
1.58449,-6.60101548359827
1.584495,-6.60101869228408
1.5845,-6.60102033615866
1.584505,-6.60102041151879
1.58451,-6.60101891466368
1.584515,-6.60101584189505
1.58452,-6.60101118951717
1.584525,-6.60100495383688
1.58453,-6.60099713116368
1.584535,-6.60098771780969
1.58454,-6.6009767100898
1.584545,-6.60096410432165
1.58455,-6.60094989682564
1.584555,-6.60093408392511
1.58456,-6.60091666194618
1.584565,-6.60089762721802
1.58457,-6.6008769760727
1.584575,-6.60085470484536
1.58458,-6.6008308098742
1.584585,-6.60080528750053
1.58459,-6.60077813406881
1.584595,-6.60074934592673
1.5846,-6.60071891942523
1.584605,-6.60068685091851
1.58461,-6.60065313676414
1.584615,-6.60061777332306
1.58462,-6.60058075695963
1.584625,-6.60054208404172
1.58463,-6.60050175094067
1.584635,-6.6004597540314
1.58464,-6.60041608969247
1.584645,-6.60037075430603
1.58465,-6.60032374425796
1.584655,-6.60027505593792
1.58466,-6.60022468573929
1.584665,-6.60017263005933
1.58467,-6.60011888529915
1.584675,-6.60006344786381
1.58468,-6.60000631416233
1.584685,-6.59994748060773
1.58469,-6.59988694361709
1.584695,-6.59982469961162
1.5847,-6.59976074501666
1.584705,-6.59969507626174
1.58471,-6.59962768978067
1.584715,-6.5995585820115
1.58472,-6.59948774939662
1.584725,-6.59941518838283
1.58473,-6.59934089542132
1.584735,-6.59926486696778
1.58474,-6.59918709948238
1.584745,-6.59910758942988
1.58475,-6.59902633327962
1.584755,-6.59894332750561
1.58476,-6.59885856858657
1.584765,-6.59877205300595
1.58477,-6.59868377725197
1.584775,-6.59859373781771
1.58478,-6.59850193120113
1.584785,-6.59840835390512
1.58479,-6.59831300243753
1.584795,-6.59821587331122
1.5848,-6.59811696304416
1.584805,-6.59801626815937
1.58481,-6.59791378518508
1.584815,-6.59780951065469
1.58482,-6.59770344110687
1.584825,-6.59759557308557
1.58483,-6.59748590314008
1.584835,-6.59737442782509
1.58484,-6.59726114370071
1.584845,-6.59714604733254
1.58485,-6.59702913529171
1.584855,-6.59691040415487
1.58486,-6.59678985050438
1.584865,-6.59666747092819
1.58487,-6.59654326201997
1.584875,-6.59641722037918
1.58488,-6.59628934261104
1.584885,-6.59615962532662
1.58489,-6.59602806514293
1.584895,-6.59589465868288
1.5849,-6.59575940257536
1.584905,-6.59562229345532
1.58491,-6.59548332796377
1.584915,-6.59534250274784
1.58492,-6.59519981446085
1.584925,-6.59505525976232
1.58493,-6.59490883531803
1.584935,-6.59476053780005
1.58494,-6.59461036388688
1.584945,-6.59445831026333
1.58495,-6.5943043736207
1.584955,-6.59414855065677
1.58496,-6.59399083807585
1.584965,-6.59383123258889
1.58497,-6.59366973091339
1.584975,-6.59350632977356
1.58498,-6.59334102590034
1.584985,-6.59317381603142
1.58499,-6.59300469691133
1.584995,-6.59283366529143
1.585,-6.59266071793001
1.585005,-6.59248585159226
1.58501,-6.59230906305044
1.585015,-6.59213034908379
1.58502,-6.59194970647867
1.585025,-6.59176713202855
1.58503,-6.59158262253412
1.585035,-6.59139617480325
1.58504,-6.59120778565109
1.585045,-6.59101745190012
1.58505,-6.59082517038017
1.585055,-6.5906309379285
1.58506,-6.59043475138977
1.585065,-6.59023660761616
1.58507,-6.59003650346744
1.585075,-6.58983443581091
1.58508,-6.58963040152151
1.585085,-6.58942439748188
1.58509,-6.58921642058234
1.585095,-6.58900646772106
1.5851,-6.58879453580395
1.585105,-6.5885806217448
1.58511,-6.5883647224653
1.585115,-6.5881468348951
1.58512,-6.58792695597185
1.585125,-6.58770508264121
1.58513,-6.58748121185694
1.585135,-6.58725534058093
1.58514,-6.58702746578325
1.585145,-6.58679758444213
1.58515,-6.58656569354416
1.585155,-6.58633179008415
1.58516,-6.58609587106531
1.585165,-6.58585793349923
1.58517,-6.58561797440591
1.585175,-6.58537599081389
1.58518,-6.5851319797602
1.585185,-6.58488593829045
1.58519,-6.58463786345887
1.585195,-6.58438775232833
1.5852,-6.58413560197043
1.585205,-6.58388140946553
1.58521,-6.58362517190273
1.585215,-6.58336688638001
1.58522,-6.58310655000419
1.585225,-6.58284415989107
1.58523,-6.58257971316537
1.585235,-6.58231320696085
1.58524,-6.58204463842027
1.585245,-6.58177400469552
1.58525,-6.58150130294766
1.585255,-6.5812265303469
1.58526,-6.58094968407268
1.585265,-6.5806707613137
1.58527,-6.58038975926798
1.585275,-6.58010667514288
1.58528,-6.5798215061552
1.585285,-6.57953424953114
1.58529,-6.5792449025064
1.585295,-6.57895346232618
1.5853,-6.57865992624527
1.585305,-6.57836429152809
1.58531,-6.57806655544867
1.585315,-6.57776671529075
1.58532,-6.5774647683478
1.585325,-6.57716071192307
1.58533,-6.57685454332966
1.585335,-6.57654625989051
1.58534,-6.57623585893842
1.585345,-6.57592333781621
1.58535,-6.57560869387661
1.585355,-6.57529192448246
1.58536,-6.57497302700661
1.585365,-6.57465199883202
1.58537,-6.57432883735184
1.585375,-6.57400353996935
1.58538,-6.57367610409814
1.585385,-6.57334652716203
1.58539,-6.57301480659513
1.585395,-6.57268093984197
1.5854,-6.57234492435739
1.585405,-6.57200675760672
1.58541,-6.5716664370658
1.585415,-6.57132396022089
1.58542,-6.5709793245689
1.585425,-6.57063252761727
1.58543,-6.57028356688406
1.585435,-6.56993243989811
1.58544,-6.56957914419887
1.585445,-6.56922367733659
1.58545,-6.56886603687228
1.585455,-6.56850622037778
1.58546,-6.56814422543588
1.585465,-6.56778004964021
1.58547,-6.56741369059532
1.585475,-6.56704514591683
1.58548,-6.56667441323128
1.585485,-6.56630149017641
1.58549,-6.56592637440093
1.585495,-6.56554906356477
1.5855,-6.56516955533901
1.585505,-6.56478784740596
1.58551,-6.56440393745912
1.585515,-6.56401782320341
1.58552,-6.56362950235494
1.585525,-6.56323897264128
1.58553,-6.56284623180136
1.585535,-6.56245127758553
1.58554,-6.56205410775571
1.585545,-6.56165472008522
1.58555,-6.56125311235899
1.585555,-6.56084928237353
1.58556,-6.56044322793694
1.585565,-6.56003494686905
1.58557,-6.55962443700133
1.585575,-6.55921169617697
1.58558,-6.55879672225097
1.585585,-6.55837951309009
1.58559,-6.55796006657297
1.585595,-6.5575383805901
1.5856,-6.55711445304386
1.585605,-6.55668828184861
1.58561,-6.55625986493062
1.585615,-6.5558292002283
1.58562,-6.55539628569199
1.585625,-6.55496111928413
1.58563,-6.55452369897932
1.585635,-6.55408402276428
1.58564,-6.55364208863788
1.585645,-6.55319789461129
1.58565,-6.55275143870787
1.585655,-6.55230271896329
1.58566,-6.5518517334255
1.585665,-6.5513984801548
1.58567,-6.55094295722396
1.585675,-6.5504851627181
1.58568,-6.55002509473475
1.585685,-6.54956275138398
1.58569,-6.54909813078832
1.585695,-6.54863123108297
1.5857,-6.54816205041555
1.585705,-6.54769058694637
1.58571,-6.54721683884836
1.585715,-6.54674080430712
1.58572,-6.546262481521
1.585725,-6.54578186870101
1.58573,-6.54529896407098
1.585735,-6.54481376586749
1.58574,-6.54432627233996
1.585745,-6.54383648175072
1.58575,-6.54334439237492
1.585755,-6.54285000250066
1.58576,-6.54235331042894
1.585765,-6.5418543144738
1.58577,-6.5413530129622
1.585775,-6.54084940423427
1.58578,-6.54034348664309
1.585785,-6.53983525855486
1.58579,-6.53932471834889
1.585795,-6.53881186441763
1.5858,-6.5382966951668
1.585805,-6.53777920901524
1.58581,-6.53725940439498
1.585815,-6.53673727975144
1.58582,-6.53621283354319
1.585825,-6.53568606424225
1.58583,-6.53515697033391
1.585835,-6.53462555031681
1.58584,-6.53409180270302
1.585845,-6.53355572601801
1.58585,-6.53301731880078
1.585855,-6.5324765796037
1.58586,-6.53193350699271
1.585865,-6.53138809954724
1.58587,-6.53084035586022
1.585875,-6.53029027453837
1.58588,-6.52973785420177
1.585885,-6.52918309348425
1.58589,-6.52862599103328
1.585895,-6.52806654550998
1.5859,-6.52750475558917
1.585905,-6.52694061995951
1.58591,-6.52637413732324
1.585915,-6.5258053063965
1.58592,-6.52523412590915
1.585925,-6.52466059460486
1.58593,-6.5240847112413
1.585935,-6.52350647458982
1.58594,-6.52292588343576
1.585945,-6.52234293657834
1.58595,-6.52175763283066
1.585955,-6.52116997101996
1.58596,-6.52057994998726
1.585965,-6.51998756858766
1.58597,-6.5193928256903
1.585975,-6.51879572017829
1.58598,-6.51819625094894
1.585985,-6.51759441691352
1.58599,-6.51699021699745
1.585995,-6.51638365014025
1.586,-6.5157747152956
1.586005,-6.51516341143143
1.58601,-6.5145497375297
1.586015,-6.51393369258671
1.58602,-6.51331527561288
1.586025,-6.51269448563294
1.58603,-6.51207132168584
1.586035,-6.51144578282488
1.58604,-6.5108178681176
1.586045,-6.51018757664586
1.58605,-6.50955490750589
1.586055,-6.50891985980817
1.58606,-6.50828243267774
1.586065,-6.50764262525385
1.58607,-6.50700043669026
1.586075,-6.50635586615508
1.58608,-6.50570891283087
1.586085,-6.50505957591473
1.58609,-6.50440785461815
1.586095,-6.50375374816711
1.5861,-6.50309725580211
1.586105,-6.50243837677812
1.58611,-6.50177711036477
1.586115,-6.50111345584614
1.58612,-6.50044741252082
1.586125,-6.49977897970213
1.58613,-6.49910815671777
1.586135,-6.49843494291034
1.58614,-6.49775933763678
1.586145,-6.49708134026883
1.58615,-6.49640095019278
1.586155,-6.49571816680966
1.58616,-6.49503298953504
1.586165,-6.49434541779943
1.58617,-6.49365545104776
1.586175,-6.49296308873982
1.58618,-6.4922683303501
1.586185,-6.49157117536776
1.58619,-6.49087162329684
1.586195,-6.49016967365603
1.5862,-6.48946532597878
1.586205,-6.48875857981339
1.58621,-6.48804943472284
1.586215,-6.48733789028508
1.58622,-6.48662394609273
1.586225,-6.48590760175323
1.58623,-6.48518885688895
1.586235,-6.48446771113692
1.58624,-6.48374416414929
1.586245,-6.48301821559281
1.58625,-6.48228986514924
1.586255,-6.48155911251513
1.58626,-6.48082595740197
1.586265,-6.48009039953605
1.58627,-6.47935243865873
1.586275,-6.47861207452616
1.58628,-6.47786930690935
1.586285,-6.47712413559434
1.58629,-6.47637656038197
1.586295,-6.4756265810882
1.5863,-6.47487419754378
1.586305,-6.47411940959441
1.58631,-6.4733622171008
1.586315,-6.47260261993851
1.58632,-6.47184061799828
1.586325,-6.47107621118559
1.58633,-6.47030939942097
1.586335,-6.46954018263996
1.58634,-6.468768560793
1.586345,-6.46799453384564
1.58635,-6.46721810177833
1.586355,-6.46643926458648
1.58636,-6.46565802228057
1.586365,-6.46487437488598
1.58637,-6.46408832244325
1.586375,-6.46329986500783
1.58638,-6.46250900265011
1.586385,-6.46171573545558
1.58639,-6.46092006352474
1.586395,-6.46012198697298
1.5864,-6.45932150593093
1.586405,-6.45851862054403
1.58641,-6.45771333097281
1.586415,-6.45690563739282
1.58642,-6.45609553999457
1.586425,-6.45528303898373
1.58643,-6.45446813458083
1.586435,-6.45365082702149
1.58644,-6.45283111655629
1.586445,-6.45200900345085
1.58645,-6.45118448798593
1.586455,-6.45035757045712
1.58646,-6.4495282511751
1.586465,-6.44869653046553
1.58647,-6.44786240866903
1.586475,-6.44702588614143
1.58648,-6.44618696325338
1.586485,-6.44534564039053
1.58649,-6.44450191795361
1.586495,-6.44365579635819
1.5865,-6.44280727603507
1.586505,-6.44195635742988
1.58651,-6.44110304100326
1.586515,-6.44024732723078
1.58652,-6.43938921660304
1.586525,-6.43852870962559
1.58653,-6.43766580681898
1.586535,-6.4368005087187
1.58654,-6.43593281587517
1.586545,-6.43506272885374
1.58655,-6.43419024823468
1.586555,-6.43331537461338
1.58656,-6.43243810859997
1.586565,-6.43155845081954
1.58657,-6.4306764019121
1.586575,-6.42979196253255
1.58658,-6.42890513335083
1.586585,-6.4280159150516
1.58659,-6.42712430833445
1.586595,-6.42623031391392
1.5866,-6.42533393251928
1.586605,-6.42443516489485
1.58661,-6.42353401179964
1.586615,-6.4226304740076
1.58662,-6.42172455230745
1.586625,-6.4208162475027
1.58663,-6.41990556041183
1.586635,-6.41899249186802
1.58664,-6.41807704271922
1.586645,-6.4171592138282
1.58665,-6.41623900607248
1.586655,-6.41531642034433
1.58666,-6.41439145755093
1.586665,-6.41346411861399
1.58667,-6.41253440447
1.586675,-6.41160231607025
1.58668,-6.4106678543806
1.586685,-6.40973102038175
1.58669,-6.40879181506905
1.586695,-6.40785023945238
1.5867,-6.40690629455642
1.586705,-6.40595998142036
1.58671,-6.40501130109823
1.586715,-6.40406025465846
1.58672,-6.40310684318415
1.586725,-6.40215106777301
1.58673,-6.40119292953721
1.586735,-6.40023242960371
1.58674,-6.39926956911383
1.586745,-6.3983043492234
1.58675,-6.39733677110282
1.586755,-6.39636683593693
1.58676,-6.39539454492523
1.586765,-6.39441989928141
1.58677,-6.39344290023386
1.586775,-6.39246354902519
1.58678,-6.39148184691253
1.586785,-6.39049779516734
1.58679,-6.38951139507563
1.586795,-6.38852264793761
1.5868,-6.38753155506787
1.586805,-6.38653811779531
1.58681,-6.38554233746308
1.586815,-6.38454421542886
1.58682,-6.38354375306435
1.586825,-6.38254095175563
1.58683,-6.38153581290297
1.586835,-6.38052833792072
1.58684,-6.37951852823782
1.586845,-6.37850638529697
1.58685,-6.3774919105552
1.586855,-6.37647510548369
1.58686,-6.3754559715676
1.586865,-6.37443451030648
1.58687,-6.37341072321365
1.586875,-6.37238461181662
1.58688,-6.37135617765693
1.586885,-6.37032542229
1.58689,-6.36929234728549
1.586895,-6.36825695422685
1.5869,-6.36721924471147
1.586905,-6.36617922035076
1.58691,-6.36513688276993
1.586915,-6.36409223360806
1.58692,-6.36304527451829
1.586925,-6.36199600716736
1.58693,-6.36094443323593
1.586935,-6.35989055441834
1.58694,-6.35883437242279
1.586945,-6.35777588897129
1.58695,-6.35671510579938
1.586955,-6.35565202465642
1.58696,-6.35458664730537
1.586965,-6.35351897552281
1.58697,-6.35244901109909
1.586975,-6.351376755838
1.58698,-6.35030221155692
1.586985,-6.34922538008681
1.58699,-6.34814626327201
1.586995,-6.34706486297064
1.587,-6.34598118105401
1.587005,-6.34489521940697
1.58701,-6.34380697992775
1.587015,-6.342716464528
1.58702,-6.34162367513261
1.587025,-6.34052861368006
1.58703,-6.3394312821219
1.587035,-6.33833168242296
1.58704,-6.33722981656147
1.587045,-6.3361256865286
1.58705,-6.33501929432916
1.587055,-6.33391064198068
1.58706,-6.3327997315141
1.587065,-6.33168656497325
1.58707,-6.33057114441521
1.587075,-6.32945347191007
1.58708,-6.32833354954097
1.587085,-6.32721137940387
1.58709,-6.32608696360792
1.587095,-6.3249603042749
1.5871,-6.32383140353995
1.587105,-6.32270026355061
1.58711,-6.32156688646754
1.587115,-6.32043127446413
1.58712,-6.31929342972641
1.587125,-6.31815335445352
1.58713,-6.31701105085694
1.587135,-6.31586652116105
1.58714,-6.31471976760278
1.587145,-6.31357079243176
1.58715,-6.31241959791004
1.587155,-6.31126618631259
1.58716,-6.31011055992656
1.587165,-6.30895272105174
1.58717,-6.30779267200033
1.587175,-6.30663041509696
1.58718,-6.30546595267882
1.587185,-6.30429928709527
1.58719,-6.30313042070803
1.587195,-6.30195935589117
1.5872,-6.300786095031
1.587205,-6.29961064052613
1.58721,-6.29843299478729
1.587215,-6.29725316023742
1.58722,-6.2960711393115
1.587225,-6.29488693445666
1.58723,-6.29370054813222
1.587235,-6.29251198280936
1.58724,-6.29132124097127
1.587245,-6.29012832511319
1.58725,-6.2889332377421
1.587255,-6.28773598137715
1.58726,-6.2865365585492
1.587265,-6.28533497180079
1.58727,-6.28413122368646
1.587275,-6.2829253167724
1.58728,-6.28171725363639
1.587285,-6.28050703686823
1.58729,-6.27929466906901
1.587295,-6.27808015285159
1.5873,-6.27686349084032
1.587305,-6.27564468567105
1.58731,-6.27442373999138
1.587315,-6.2732006564601
1.58732,-6.27197543774745
1.587325,-6.27074808653515
1.58733,-6.26951860551608
1.587335,-6.26828699739472
1.58734,-6.26705326488666
1.587345,-6.26581741071862
1.58735,-6.26457943762867
1.587355,-6.2633393483659
1.58736,-6.26209714569075
1.587365,-6.26085283237452
1.58737,-6.25960641119959
1.587375,-6.25835788495937
1.58738,-6.25710725645821
1.587385,-6.25585452851156
1.58739,-6.2545997039455
1.587395,-6.25334278559711
1.5874,-6.2520837763142
1.587405,-6.25082267895538
1.58741,-6.24955949638996
1.587415,-6.24829423149815
1.58742,-6.24702688717052
1.587425,-6.24575746630836
1.58743,-6.2444859718236
1.587435,-6.24321240663856
1.58744,-6.24193677368626
1.587445,-6.24065907591002
1.58745,-6.23937931626355
1.587455,-6.23809749771099
1.58746,-6.23681362322676
1.587465,-6.23552769579578
1.58747,-6.23423971841293
1.587475,-6.23294969408343
1.58748,-6.2316576258227
1.587485,-6.23036351665616
1.58749,-6.22906736961953
1.587495,-6.22776918775837
1.5875,-6.22646897412835
1.587505,-6.22516673179508
1.58751,-6.22386246383395
1.587515,-6.22255617333058
1.58752,-6.22124786338008
1.587525,-6.21993753708747
1.58753,-6.21862519756759
1.587535,-6.21731084794493
1.58754,-6.21599449135351
1.587545,-6.21467613093733
1.58755,-6.2133557698497
1.587555,-6.21203341125353
1.58756,-6.21070905832121
1.587565,-6.20938271423451
1.58757,-6.20805438218495
1.587575,-6.20672406537305
1.58758,-6.20539176700884
1.587585,-6.2040574903116
1.58759,-6.2027212385097
1.587595,-6.20138301484106
1.5876,-6.20004282255248
1.587605,-6.19870066489995
1.58761,-6.1973565451485
1.587615,-6.19601046657209
1.58762,-6.19466243245404
1.587625,-6.19331244608626
1.58763,-6.19196051076959
1.587635,-6.19060662981379
1.58764,-6.18925080653738
1.587645,-6.18789304426781
1.58765,-6.18653334634109
1.587655,-6.18517171610196
1.58766,-6.1838081569037
1.587665,-6.18244267210827
1.58767,-6.18107526508611
1.587675,-6.17970593921634
1.58768,-6.17833469788638
1.587685,-6.17696154449208
1.58769,-6.17558648243759
1.587695,-6.1742095151354
1.5877,-6.17283064600655
1.587705,-6.17144987847997
1.58771,-6.17006721599294
1.587715,-6.16868266199085
1.58772,-6.16729621992707
1.587725,-6.16590789326332
1.58773,-6.16451768546911
1.587735,-6.1631256000219
1.58774,-6.16173164040721
1.587745,-6.16033581011822
1.58775,-6.15893811265621
1.587755,-6.15753855153012
1.58776,-6.15613713025655
1.587765,-6.15473385235986
1.58777,-6.15332872137209
1.587775,-6.15192174083274
1.58778,-6.1505129142892
1.587785,-6.14910224529608
1.58779,-6.14768973741542
1.587795,-6.14627539421697
1.5878,-6.14485921927746
1.587805,-6.14344121618139
1.58781,-6.14202138852027
1.587815,-6.14059973989287
1.58782,-6.13917627390525
1.587825,-6.13775099417041
1.58783,-6.13632390430884
1.587835,-6.13489500794779
1.58784,-6.13346430872146
1.587845,-6.13203181027129
1.58785,-6.1305975162453
1.587855,-6.12916143029878
1.58786,-6.1277235560936
1.587865,-6.1262838972984
1.58787,-6.12484245758866
1.587875,-6.12339924064636
1.58788,-6.12195425016052
1.587885,-6.12050748982636
1.58789,-6.11905896334585
1.587895,-6.11760867442736
1.5879,-6.11615662678584
1.587905,-6.11470282414249
1.58791,-6.11324727022508
1.587915,-6.11178996876766
1.58792,-6.11033092351036
1.587925,-6.10887013819981
1.58793,-6.10740761658847
1.587935,-6.10594336243549
1.58794,-6.10447737950561
1.587945,-6.10300967156979
1.58795,-6.10154024240503
1.587955,-6.10006909579413
1.58796,-6.09859623552613
1.587965,-6.09712166539557
1.58797,-6.09564538920304
1.587975,-6.09416741075473
1.58798,-6.09268773386259
1.587985,-6.09120636234444
1.58799,-6.08972330002356
1.587995,-6.08823855072877
1.588,-6.08675211829454
1.588005,-6.08526400656065
1.58801,-6.08377421937272
1.588015,-6.08228276058137
1.58802,-6.08078963404276
1.588025,-6.07929484361829
1.58803,-6.07779839317468
1.588035,-6.07630028658371
1.58804,-6.07480052772269
1.588045,-6.07329912047369
1.58805,-6.07179606872404
1.588055,-6.070291376366
1.58806,-6.06878504729675
1.588065,-6.06727708541886
1.58807,-6.0657674946392
1.588075,-6.06425627886991
1.58808,-6.06274344202761
1.588085,-6.06122898803389
1.58809,-6.05971292081508
1.588095,-6.05819524430206
1.5881,-6.05667596243039
1.588105,-6.05515507914011
1.58811,-6.05363259837581
1.588115,-6.05210852408676
1.58812,-6.05058286022646
1.588125,-6.04905561075279
1.58813,-6.04752677962811
1.588135,-6.04599637081883
1.58814,-6.04446438829606
1.588145,-6.04293083603466
1.58815,-6.04139571801388
1.588155,-6.03985903821711
1.58816,-6.03832080063161
1.588165,-6.03678100924878
1.58817,-6.03523966806425
1.588175,-6.03369678107718
1.58818,-6.03215235229084
1.588185,-6.03060638571227
1.58819,-6.02905888535226
1.588195,-6.02750985522559
1.5882,-6.02595929935049
1.588205,-6.02440722174904
1.58821,-6.02285362644671
1.588215,-6.02129851747265
1.58822,-6.01974189885981
1.588225,-6.01818377464421
1.58823,-6.01662414886553
1.588235,-6.01506302556675
1.58824,-6.01350040879412
1.588245,-6.01193630259763
1.58825,-6.01037071102997
1.588255,-6.00880363814737
1.58826,-6.00723508800916
1.588265,-6.00566506467761
1.58827,-6.00409357221851
1.588275,-6.00252061470025
1.58828,-6.0009461961944
1.588285,-5.99937032077549
1.58829,-5.99779299252093
1.588295,-5.99621421551079
1.5883,-5.99463399382843
1.588305,-5.99305233155952
1.58831,-5.99146923279264
1.588315,-5.98988470161908
1.58832,-5.98829874213261
1.588325,-5.98671135842989
1.58833,-5.98512255460988
1.588335,-5.98353233477407
1.58834,-5.98194070302646
1.588345,-5.98034766347341
1.58835,-5.97875322022393
1.588355,-5.97715737738899
1.58836,-5.97556013908205
1.588365,-5.97396150941871
1.58837,-5.97236149251674
1.588375,-5.97076009249641
1.58838,-5.96915731347976
1.588385,-5.96755315959093
1.58839,-5.96594763495617
1.588395,-5.96434074370363
1.5884,-5.9627324899637
1.588405,-5.96112287786829
1.58841,-5.95951191155131
1.588415,-5.95789959514856
1.58842,-5.95628593279754
1.588425,-5.95467092863733
1.58843,-5.95305458680914
1.588435,-5.95143691145536
1.58844,-5.94981790672018
1.588445,-5.94819757674938
1.58845,-5.9465759256901
1.588455,-5.94495295769124
1.58846,-5.94332867690285
1.588465,-5.94170308747654
1.58847,-5.94007619356522
1.588475,-5.93844799932293
1.58848,-5.93681850890538
1.588485,-5.93518772646921
1.58849,-5.93355565617231
1.588495,-5.93192230217367
1.5885,-5.9302876686333
1.588505,-5.92865175971268
1.58851,-5.92701457957384
1.588515,-5.92537613238004
1.58852,-5.9237364222954
1.588525,-5.92209545348488
1.58853,-5.92045323011426
1.588535,-5.91880975635049
1.58854,-5.91716503636094
1.588545,-5.91551907431373
1.58855,-5.91387187437777
1.588555,-5.91222344072252
1.58856,-5.91057377751838
1.588565,-5.90892288893585
1.58857,-5.90727077914633
1.588575,-5.90561745232148
1.58858,-5.90396291263337
1.588585,-5.90230716425491
1.58859,-5.90065021135894
1.588595,-5.89899205811875
1.5886,-5.89733270870793
1.588605,-5.89567216730029
1.58861,-5.89401043807008
1.588615,-5.89234752519148
1.58862,-5.89068343283888
1.588625,-5.88901816518672
1.58863,-5.88735172640941
1.588635,-5.88568412068181
1.58864,-5.88401535217828
1.588645,-5.88234542507335
1.58865,-5.88067434354141
1.588655,-5.87900211175666
1.58866,-5.87732873389304
1.588665,-5.87565421412473
1.58867,-5.87397855662514
1.588675,-5.87230176556768
1.58868,-5.87062384512527
1.588685,-5.86894479947048
1.58869,-5.86726463277579
1.588695,-5.86558334921282
1.5887,-5.86390095295288
1.588705,-5.86221744816684
1.58871,-5.86053283902476
1.588715,-5.85884712969659
1.58872,-5.85716032435122
1.588725,-5.85547242715705
1.58873,-5.85378344228177
1.588735,-5.85209337389209
1.58874,-5.85040222615456
1.588745,-5.84871000323432
1.58875,-5.84701670929588
1.588755,-5.84532234850291
1.58876,-5.84362692501795
1.588765,-5.84193044300304
1.58877,-5.84023290661877
1.588775,-5.83853432002494
1.58878,-5.83683468738021
1.588785,-5.83513401284205
1.58879,-5.83343230056695
1.588795,-5.8317295547103
1.5888,-5.83002577942606
1.588805,-5.8283209788671
1.58881,-5.82661515718494
1.588815,-5.82490831852973
1.58882,-5.82320046705059
1.588825,-5.82149160689493
1.58883,-5.81978174220884
1.588835,-5.81807087713701
1.58884,-5.81635901582246
1.588845,-5.81464616240712
1.58885,-5.81293232103094
1.588855,-5.81121749583247
1.58886,-5.80950169094858
1.588865,-5.80778491051445
1.58887,-5.80606715866381
1.588875,-5.80434843952845
1.58888,-5.80262875723847
1.588885,-5.80090811592202
1.58889,-5.79918651970565
1.588895,-5.79746397271406
1.5889,-5.79574047907003
1.588905,-5.79401604289421
1.58891,-5.79229066830563
1.588915,-5.790564359421
1.58892,-5.78883712035525
1.588925,-5.78710895522125
1.58893,-5.78537986812979
1.588935,-5.7836498631893
1.58894,-5.78191894450644
1.588945,-5.7801871161852
1.58895,-5.77845438232808
1.588955,-5.77672074703462
1.58896,-5.77498621440256
1.588965,-5.77325078852699
1.58897,-5.77151447350089
1.588975,-5.76977727341489
1.58898,-5.76803919235712
1.588985,-5.76630023441334
1.58899,-5.76456040366675
1.588995,-5.76281970419807
1.589,-5.76107814008573
1.589005,-5.75933571540538
1.58901,-5.75759243423008
1.589015,-5.7558483006304
1.58902,-5.75410331867404
1.589025,-5.75235749242647
1.58903,-5.75061082595003
1.589035,-5.74886332330451
1.58904,-5.74711498854687
1.589045,-5.74536582573137
1.58905,-5.74361583890923
1.589055,-5.74186503212921
1.58906,-5.74011340943697
1.589065,-5.73836097487509
1.58907,-5.73660773248348
1.589075,-5.73485368629889
1.58908,-5.73309884035535
1.589085,-5.73134319868362
1.58909,-5.72958676531144
1.589095,-5.72782954426355
1.5891,-5.72607153956137
1.589105,-5.72431275522367
1.58911,-5.72255319526556
1.589115,-5.72079286369914
1.58912,-5.71903176453342
1.589125,-5.71726990177373
1.58913,-5.71550727942283
1.589135,-5.71374390147964
1.58914,-5.71197977193985
1.589145,-5.71021489479589
1.58915,-5.70844927403661
1.589155,-5.7066829136479
1.58916,-5.70491581761172
1.589165,-5.70314798990681
1.58917,-5.70137943450841
1.589175,-5.69961015538824
1.58918,-5.69784015651428
1.589185,-5.69606944185142
1.58919,-5.69429801536048
1.589195,-5.69252588099888
1.5892,-5.69075304272044
1.589205,-5.68897950447497
1.58921,-5.68720527020919
1.589215,-5.68543034386566
1.58922,-5.68365472938325
1.589225,-5.68187843069717
1.58923,-5.68010145173859
1.589235,-5.67832379643529
1.58924,-5.67654546871093
1.589245,-5.67476647248533
1.58925,-5.67298681167437
1.589255,-5.67120649018995
1.58926,-5.66942551194055
1.589265,-5.66764388082996
1.58927,-5.66586160075845
1.589275,-5.66407867562216
1.58928,-5.66229510931309
1.589285,-5.66051090571919
1.58929,-5.65872606872469
1.589295,-5.65694060220933
1.5893,-5.65515451004876
1.589305,-5.65336779611464
1.58931,-5.65158046427415
1.589315,-5.64979251839078
1.58932,-5.64800396232342
1.589325,-5.64621479992683
1.58933,-5.64442503505143
1.589335,-5.6426346715433
1.58934,-5.64084371324464
1.589345,-5.63905216399289
1.58935,-5.63726002762119
1.589355,-5.63546730795839
1.58936,-5.63367400882888
1.589365,-5.63188013405293
1.58937,-5.63008568744596
1.589375,-5.62829067281911
1.58938,-5.62649509397909
1.589385,-5.62469895472795
1.58939,-5.62290225886351
1.589395,-5.62110501017876
1.5894,-5.61930721246229
1.589405,-5.61750886949806
1.58941,-5.61570998506536
1.589415,-5.61391056293882
1.58942,-5.61211060688883
1.589425,-5.6103101206807
1.58943,-5.60850910807512
1.589435,-5.60670757282814
1.58944,-5.60490551869103
1.589445,-5.60310294941062
1.58945,-5.60129986872856
1.589455,-5.5994962803819
1.58946,-5.59769218810295
1.589465,-5.59588759561903
1.58947,-5.59408250665294
1.589475,-5.59227692492229
1.58948,-5.59047085414003
1.589485,-5.58866429801408
1.58949,-5.58685726024746
1.589495,-5.58504974453857
1.5895,-5.58324175458043
1.589505,-5.58143329406128
1.58951,-5.57962436666445
1.589515,-5.57781497606809
1.58952,-5.57600512594557
1.589525,-5.57419481996516
1.58953,-5.57238406178991
1.589535,-5.57057285507792
1.58954,-5.56876120348226
1.589545,-5.56694911065073
1.58955,-5.5651365802263
1.589555,-5.56332361584652
1.58956,-5.56151022114395
1.589565,-5.55969639974588
1.58957,-5.55788215527439
1.589575,-5.55606749134669
1.58958,-5.55425241157428
1.589585,-5.55243691956385
1.58959,-5.55062101891653
1.589595,-5.5488047132282
1.5896,-5.54698800608987
1.589605,-5.5451709010868
1.58961,-5.54335340179914
1.589615,-5.54153551180169
1.58962,-5.5397172346637
1.589625,-5.53789857394951
1.58963,-5.53607953321778
1.589635,-5.53426011602178
1.58964,-5.5324403259095
1.589645,-5.53062016642327
1.58965,-5.52879964110052
1.589655,-5.52697875347273
1.58966,-5.525157507066
1.589665,-5.52333590540122
1.58967,-5.52151395199349
1.589675,-5.51969165035244
1.58968,-5.51786900398259
1.589685,-5.51604601638245
1.58969,-5.51422269104524
1.589695,-5.5123990314585
1.5897,-5.5105750411042
1.589705,-5.50875072345899
1.58971,-5.50692608199367
1.589715,-5.5051011201735
1.58972,-5.50327584145799
1.589725,-5.5014502493012
1.58973,-5.49962434715165
1.589735,-5.49779813845191
1.58974,-5.49597162663909
1.589745,-5.49414481514448
1.58975,-5.49231770739369
1.589755,-5.49049030680687
1.58976,-5.48866261679822
1.589765,-5.48683464077619
1.58977,-5.48500638214363
1.589775,-5.48317784429736
1.58978,-5.48134903062897
1.589785,-5.47951994452379
1.58979,-5.47769058936157
1.589795,-5.47586096851615
1.5898,-5.47403108535572
1.589805,-5.47220094324242
1.58981,-5.47037054553285
1.589815,-5.46853989557768
1.58982,-5.4667089967215
1.589825,-5.4648778523034
1.58983,-5.46304646565611
1.589835,-5.46121484010721
1.58984,-5.45938297897767
1.589845,-5.45755088558304
1.58985,-5.45571856323257
1.589855,-5.45388601522987
1.58986,-5.45205324487261
1.589865,-5.4502202554525
1.58987,-5.44838705025506
1.589875,-5.44655363256025
1.58988,-5.44472000564154
1.589885,-5.44288617276718
1.58989,-5.44105213719866
1.589895,-5.43921790219202
1.5899,-5.43738347099688
1.589905,-5.43554884685707
1.58991,-5.43371403301061
1.589915,-5.43187903268908
1.58992,-5.43004384911827
1.589925,-5.42820848551779
1.58993,-5.42637294510132
1.589935,-5.42453723107624
1.58994,-5.42270134664434
1.589945,-5.42086529500086
1.58995,-5.41902907933517
1.589955,-5.41719270283043
1.58996,-5.41535616866372
1.589965,-5.41351948000625
1.58997,-5.41168264002284
1.589975,-5.40984565187223
1.58998,-5.4080085187071
1.589985,-5.40617124367379
1.58999,-5.40433382991292
1.589995,-5.40249628055868
1.59,-5.40065859873896
1.590005,-5.39882078757576
1.59001,-5.39698285018467
1.590015,-5.39514478967543
1.59002,-5.39330660915131
1.590025,-5.39146831170942
1.59003,-5.38962990044079
1.590035,-5.38779137843012
1.59004,-5.38595274875582
1.590045,-5.38411401449063
1.59005,-5.38227517870034
1.590055,-5.38043624444496
1.59006,-5.37859721477814
1.590065,-5.37675809274712
1.59007,-5.3749188813934
1.590075,-5.3730795837517
1.59008,-5.37124020285076
1.590085,-5.36940074171294
1.59009,-5.36756120335426
1.590095,-5.36572159078492
1.5901,-5.36388190700838
1.590105,-5.36204215502193
1.59011,-5.36020233781667
1.590115,-5.35836245837717
1.59012,-5.3565225196822
1.590125,-5.35468252470375
1.59013,-5.35284247640769
1.590135,-5.35100237775364
1.59014,-5.34916223169472
1.590145,-5.34732204117806
1.59015,-5.34548180914422
1.590155,-5.34364153852745
1.59016,-5.34180123225571
1.590165,-5.33996089325071
1.59017,-5.33812052442765
1.590175,-5.33628012869569
1.59018,-5.3344397089574
1.590185,-5.33259926810901
1.59019,-5.33075880904051
1.590195,-5.32891833463539
1.5902,-5.32707784777117
1.590205,-5.32523735131857
1.59021,-5.32339684814217
1.590215,-5.3215563411001
1.59022,-5.31971583304405
1.590225,-5.31787532681975
1.59023,-5.31603482526619
1.590235,-5.314194331216
1.59024,-5.31235384749551
1.590245,-5.31051337692462
1.59025,-5.30867292231717
1.590255,-5.30683248648015
1.59026,-5.30499207221441
1.590265,-5.30315168231442
1.59027,-5.30131131956811
1.590275,-5.29947098675734
1.59028,-5.29763068665731
1.590285,-5.29579042203683
1.59029,-5.2939501956584
1.590295,-5.29211001027817
1.5903,-5.2902698686457
1.590305,-5.28842977350451
1.59031,-5.28658972759134
1.590315,-5.28474973363679
1.59032,-5.28290979436494
1.590325,-5.2810699124933
1.59033,-5.27923009073343
1.590335,-5.27739033179017
1.59034,-5.275550638362
1.590345,-5.27371101314095
1.59035,-5.27187145881258
1.590355,-5.27003197805646
1.59036,-5.26819257354529
1.590365,-5.26635324794559
1.59037,-5.26451400391742
1.590375,-5.26267484411423
1.59038,-5.26083577118353
1.590385,-5.25899678776607
1.59039,-5.25715789649629
1.590395,-5.25531910000214
1.5904,-5.25348040090511
1.590405,-5.25164180182072
1.59041,-5.24980330535762
1.590415,-5.24796491411817
1.59042,-5.24612663069834
1.590425,-5.24428845768777
1.59043,-5.24245039766945
1.590435,-5.24061245322046
1.59044,-5.23877462691105
1.590445,-5.2369369213051
1.59045,-5.23509933896019
1.590455,-5.23326188242741
1.59046,-5.23142455425172
1.590465,-5.22958735697139
1.59047,-5.22775029311841
1.590475,-5.22591336521827
1.59048,-5.22407657579
1.590485,-5.22223992734673
1.59049,-5.22040342239462
1.590495,-5.21856706343374
1.5905,-5.21673085295769
1.590505,-5.21489479345348
1.59051,-5.21305888740221
1.590515,-5.21122313727825
1.59052,-5.2093875455496
1.590525,-5.207552114678
1.59053,-5.20571684711861
1.590535,-5.20388174532056
1.59054,-5.20204681172626
1.590545,-5.20021204877193
1.59055,-5.19837745888735
1.590555,-5.19654304449599
1.59056,-5.19470880801472
1.590565,-5.19287475185457
1.59057,-5.19104087841975
1.590575,-5.18920719010813
1.59058,-5.18737368931151
1.590585,-5.18554037841491
1.59059,-5.18370725979751
1.590595,-5.18187433583181
1.5906,-5.18004160888399
1.590605,-5.17820908131398
1.59061,-5.17637675547514
1.590615,-5.17454463371499
1.59062,-5.17271271837427
1.590625,-5.17088101178742
1.59063,-5.16904951628281
1.590635,-5.1672182341821
1.59064,-5.1653871678011
1.590645,-5.163556319449
1.59065,-5.16172569142867
1.590655,-5.15989528603681
1.59066,-5.15806510556354
1.590665,-5.15623515229318
1.59067,-5.15440542850326
1.590675,-5.15257593646527
1.59068,-5.15074667844426
1.590685,-5.14891765669912
1.59069,-5.14708887348228
1.590695,-5.14526033104014
1.5907,-5.14343203161274
1.590705,-5.14160397743361
1.59071,-5.13977617073039
1.590715,-5.13794861372401
1.59072,-5.13612130862963
1.590725,-5.13429425765586
1.59073,-5.13246746300504
1.590735,-5.1306409268734
1.59074,-5.12881465145067
1.590745,-5.12698863892083
1.59075,-5.12516289146114
1.590755,-5.12333741124288
1.59076,-5.12151220043096
1.590765,-5.11968726118409
1.59077,-5.117862595655
1.590775,-5.11603820598995
1.59078,-5.11421409432903
1.590785,-5.11239026280621
1.59079,-5.11056671354916
1.590795,-5.10874344867934
1.5908,-5.1069204703123
1.590805,-5.10509778055712
1.59081,-5.10327538151673
1.590815,-5.10145327528802
1.59082,-5.09963146396142
1.590825,-5.09780994962174
1.59083,-5.09598873434712
1.590835,-5.09416782020979
1.59084,-5.0923472092757
1.590845,-5.0905269036047
1.59085,-5.08870690525071
1.590855,-5.08688721626123
1.59086,-5.08506783867786
1.590865,-5.08324877453581
1.59087,-5.0814300258644
1.590875,-5.07961159468684
1.59088,-5.07779348302018
1.590885,-5.07597569287537
1.59089,-5.07415822625723
1.590895,-5.07234108516445
1.5909,-5.07052427158993
1.590905,-5.06870778752023
1.59091,-5.06689163493585
1.590915,-5.06507581581135
1.59092,-5.06326033211511
1.590925,-5.06144518580944
1.59093,-5.0596303788509
1.590935,-5.05781591318968
1.59094,-5.05600179077016
1.590945,-5.05418801353044
1.59095,-5.05237458340273
1.590955,-5.05056150231352
1.59096,-5.04874877218285
1.590965,-5.04693639492498
1.59097,-5.0451243724481
1.590975,-5.04331270665438
1.59098,-5.04150139944027
1.590985,-5.03969045269592
1.59099,-5.0378798683058
1.590995,-5.03606964814806
1.591,-5.03425979409512
1.591005,-5.03245030801368
1.59101,-5.03064119176408
1.591015,-5.02883244720097
1.59102,-5.02702407617294
1.591025,-5.02521608052267
1.59103,-5.02340846208718
1.591035,-5.02160122269725
1.59104,-5.01979436417798
1.591045,-5.01798788834848
1.59105,-5.01618179702194
1.591055,-5.01437609200566
1.59106,-5.01257077510133
1.591065,-5.01076584810444
1.59107,-5.00896131280482
1.591075,-5.00715717098641
1.59108,-5.00535342442709
1.591085,-5.00355007489942
1.59109,-5.00174712416962
1.591095,-4.9999445739983
1.5911,-4.99814242614028
1.591105,-4.99634068234442
1.59111,-4.99453934435409
1.591115,-4.9927384139066
1.59112,-4.99093789273349
1.591125,-4.98913778256059
1.59113,-4.98733808510789
1.591135,-4.98553880208991
1.59114,-4.98373993521502
1.591145,-4.98194148618607
1.59115,-4.98014345670005
1.591155,-4.97834584844816
1.59116,-4.97654866311629
1.591165,-4.97475190238422
1.59117,-4.97295556792604
1.591175,-4.97115966141024
1.59118,-4.96936418449965
1.591185,-4.96756913885125
1.59119,-4.96577452611663
1.591195,-4.96398034794142
1.5912,-4.96218660596585
1.591205,-4.96039330182414
1.59121,-4.95860043714509
1.591215,-4.9568080135521
1.59122,-4.95501603266251
1.591225,-4.95322449608821
1.59123,-4.95143340543555
1.591235,-4.94964276230509
1.59124,-4.9478525682921
1.591245,-4.94606282498595
1.59125,-4.94427353397061
1.591255,-4.94248469682442
1.59126,-4.94069631511998
1.591265,-4.93890839042475
1.59127,-4.93712092430034
1.591275,-4.93533391830287
1.59128,-4.93354737398289
1.591285,-4.93176129288535
1.59129,-4.92997567655012
1.591295,-4.92819052651106
1.5913,-4.92640584429679
1.591305,-4.92462163143037
1.59131,-4.92283788942934
1.591315,-4.92105461980566
1.59132,-4.9192718240663
1.591325,-4.91748950371232
1.59133,-4.9157076602394
1.591335,-4.91392629513784
1.59134,-4.91214540989244
1.591345,-4.9103650059829
1.59135,-4.90858508488302
1.591355,-4.9068056480616
1.59136,-4.90502669698175
1.591365,-4.90324823310119
1.59137,-4.90147025787271
1.591375,-4.89969277274325
1.59138,-4.89791577915451
1.591385,-4.89613927854284
1.59139,-4.89436327233924
1.591395,-4.89258776196958
1.5914,-4.89081274885417
1.591405,-4.88903823440807
1.59141,-4.88726422004095
1.591415,-4.88549070715714
1.59142,-4.88371769715609
1.591425,-4.88194519143149
1.59143,-4.88017319137199
1.591435,-4.87840169836092
1.59144,-4.87663071377629
1.591445,-4.8748602389908
1.59145,-4.87309027537234
1.591455,-4.87132082428308
1.59146,-4.86955188708022
1.591465,-4.86778346511562
1.59147,-4.86601555973593
1.591475,-4.86424817228293
1.59148,-4.86248130409278
1.591485,-4.86071495649663
1.59149,-4.85894913082055
1.591495,-4.85718382838518
1.5915,-4.85541905050653
1.591505,-4.85365479849498
1.59151,-4.85189107365598
1.591515,-4.85012787728985
1.59152,-4.84836521069152
1.591525,-4.84660307515151
1.59153,-4.84484147195455
1.591535,-4.84308040238056
1.59154,-4.84131986770441
1.591545,-4.83955986919581
1.59155,-4.8378004081194
1.591555,-4.83604148573502
1.59156,-4.8342831032972
1.591565,-4.83252526205555
1.59157,-4.83076796325451
1.591575,-4.82901120813367
1.59158,-4.82725499792774
1.591585,-4.82549933386611
1.59159,-4.82374421717344
1.591595,-4.82198964906926
1.5916,-4.82023563076814
1.591605,-4.81848216347994
1.59161,-4.81672924840933
1.591615,-4.81497688675604
1.59162,-4.81322507971498
1.591625,-4.81147382847594
1.59163,-4.80972313422423
1.591635,-4.80797299813982
1.59164,-4.80622342139801
1.591645,-4.8044744051691
1.59165,-4.80272595061853
1.591655,-4.80097805890715
1.59166,-4.79923073119051
1.591665,-4.79748396861971
1.59167,-4.79573777234068
1.591675,-4.79399214349486
1.59168,-4.79224708321839
1.591685,-4.79050259264336
1.59169,-4.78875867289632
1.591695,-4.7870153250995
1.5917,-4.78527255037002
1.591705,-4.78353034982045
1.59171,-4.78178872455861
1.591715,-4.78004767568756
1.59172,-4.77830720430541
1.591725,-4.77656731150584
1.59173,-4.7748279983774
1.591735,-4.7730892660046
1.59174,-4.77135111546654
1.591745,-4.76961354783811
1.59175,-4.76787656418916
1.591755,-4.76614016558509
1.59176,-4.76440435308667
1.591765,-4.76266912774991
1.59177,-4.76093449062619
1.591775,-4.75920044276222
1.59178,-4.75746698520005
1.591785,-4.75573411897738
1.59179,-4.75400184512704
1.591795,-4.75227016467728
1.5918,-4.75053907865186
1.591805,-4.74880858806987
1.59181,-4.74707869394581
1.591815,-4.74534939728986
1.59182,-4.74362069910742
1.591825,-4.74189260039935
1.59183,-4.74016510216209
1.591835,-4.73843820538732
1.59184,-4.73671191106263
1.591845,-4.73498622017087
1.59185,-4.73326113369022
1.591855,-4.73153665259473
1.59186,-4.7298127778535
1.591865,-4.72808951043182
1.59187,-4.72636685129004
1.591875,-4.72464480138415
1.59188,-4.72292336166581
1.591885,-4.72120253308199
1.59189,-4.71948231657578
1.591895,-4.71776271308532
1.5919,-4.71604372354459
1.591905,-4.71432534888324
1.59191,-4.71260759002618
1.591915,-4.7108904478946
1.59192,-4.70917392340481
1.591925,-4.70745801746887
1.59193,-4.70574273099462
1.591935,-4.70402806488543
1.59194,-4.70231402004036
1.591945,-4.70060059735441
1.59195,-4.69888779771794
1.591955,-4.69717562201725
1.59196,-4.69546407113426
1.591965,-4.69375314594645
1.59197,-4.6920428473275
1.591975,-4.6903331761464
1.59198,-4.68862413326803
1.591985,-4.68691571955318
1.59199,-4.68520793585799
1.591995,-4.68350078303503
1.592,-4.68179426193219
1.592005,-4.68008837339326
1.59201,-4.67838311825791
1.592015,-4.67667849736142
1.59202,-4.67497451153532
1.592025,-4.67327116160667
1.59203,-4.67156844839846
1.592035,-4.66986637272947
1.59204,-4.6681649354143
1.592045,-4.66646413726388
1.59205,-4.6647639790844
1.592055,-4.66306446167838
1.59206,-4.66136558584408
1.592065,-4.65966735237566
1.59207,-4.65796976206313
1.592075,-4.65627281569286
1.59208,-4.65457651404676
1.592085,-4.65288085790272
1.59209,-4.65118584803475
1.592095,-4.64949148521259
1.5921,-4.64779777020238
1.592105,-4.64610470376594
1.59211,-4.64441228666116
1.592115,-4.64272051964191
1.59212,-4.64102940345799
1.592125,-4.63933893885566
1.59213,-4.6376491265768
1.592135,-4.63595996735941
1.59214,-4.63427146193762
1.592145,-4.63258361104153
1.59215,-4.63089641539766
1.592155,-4.62920987572817
1.59216,-4.62752399275152
1.592165,-4.62583876718233
1.59217,-4.62415419973115
1.592175,-4.62247029110496
1.59218,-4.62078704200658
1.592185,-4.61910445313514
1.59219,-4.6174225251859
1.592195,-4.61574125885018
1.5922,-4.61406065481545
1.592205,-4.61238071376575
1.59221,-4.61070143638092
1.592215,-4.60902282333705
1.59222,-4.6073448753065
1.592225,-4.60566759295778
1.59223,-4.60399097695595
1.592235,-4.60231502796188
1.59224,-4.60063974663286
1.592245,-4.59896513362252
1.59225,-4.59729118958055
1.592255,-4.59561791515324
1.59226,-4.59394531098284
1.592265,-4.59227337770809
1.59227,-4.59060211596391
1.592275,-4.58893152638156
1.59228,-4.58726160958887
1.592285,-4.58559236620962
1.59229,-4.58392379686412
1.592295,-4.58225590216905
1.5923,-4.58058868273741
1.592305,-4.57892213917837
1.59231,-4.57725627209804
1.592315,-4.57559108209836
1.59232,-4.57392656977786
1.592325,-4.57226273573152
1.59233,-4.5705995805506
1.592335,-4.56893710482298
1.59234,-4.56727530913294
1.592345,-4.56561419406101
1.59235,-4.56395376018432
1.592355,-4.56229400807635
1.59236,-4.56063493830738
1.592365,-4.55897655144371
1.59237,-4.55731884804852
1.592375,-4.55566182868118
1.59238,-4.5540054938976
1.592385,-4.55234984425059
1.59239,-4.55069488028902
1.592395,-4.54904060255856
1.5924,-4.54738701160132
1.592405,-4.54573410795575
1.59241,-4.54408189215751
1.592415,-4.54243036473817
1.59242,-4.54077952622612
1.592425,-4.5391293771464
1.59243,-4.53747991802055
1.592435,-4.53583114936668
1.59244,-4.53418307169983
1.592445,-4.53253568553119
1.59245,-4.53088899136899
1.592455,-4.52924298971782
1.59246,-4.52759768107892
1.592465,-4.52595306595058
1.59247,-4.52430914482733
1.592475,-4.52266591820057
1.59248,-4.5210233865583
1.592485,-4.51938155038521
1.59249,-4.51774041016292
1.592495,-4.51609996636953
1.5925,-4.51446021947994
1.592505,-4.51282116996565
1.59251,-4.51118281829507
1.592515,-4.50954516493343
1.59252,-4.50790821034249
1.592525,-4.50627195498094
1.59253,-4.50463639930412
1.592535,-4.50300154376419
1.59254,-4.50136738881029
1.592545,-4.49973393488818
1.59255,-4.49810118244039
1.592555,-4.49646913190641
1.59256,-4.49483778372243
1.592565,-4.49320713832148
1.59257,-4.49157719613369
1.592575,-4.48994795758577
1.59258,-4.48831942310134
1.592585,-4.48669159310097
1.59259,-4.48506446800197
1.592595,-4.48343804821875
1.5926,-4.48181233416256
1.592605,-4.48018732624134
1.59261,-4.47856302486028
1.592615,-4.47693943042106
1.59262,-4.47531654332294
1.592625,-4.47369436396146
1.59263,-4.47207289272957
1.592635,-4.47045213001684
1.59264,-4.46883207621001
1.592645,-4.46721273169282
1.59265,-4.46559409684599
1.592655,-4.46397617204701
1.59266,-4.46235895767068
1.592665,-4.46074245408843
1.59267,-4.45912666166929
1.592675,-4.45751158077874
1.59268,-4.45589721177967
1.592685,-4.45428355503171
1.59269,-4.45267061089187
1.592695,-4.45105837971381
1.5927,-4.44944686184881
1.592705,-4.44783605764482
1.59271,-4.44622596744695
1.592715,-4.44461659159747
1.59272,-4.44300793043557
1.592725,-4.44139998429798
1.59273,-4.43979275351811
1.592735,-4.43818623842671
1.59274,-4.43658043935158
1.592745,-4.43497535661764
1.59275,-4.43337099054719
1.592755,-4.43176734145951
1.59276,-4.43016440967097
1.592765,-4.42856219549531
1.59277,-4.42696069924319
1.592775,-4.42535992122287
1.59278,-4.42375986173958
1.592785,-4.42216052109561
1.59279,-4.42056189959072
1.592795,-4.41896399752171
1.5928,-4.41736681518289
1.592805,-4.41577035286556
1.59281,-4.41417461085831
1.592815,-4.41257958944707
1.59282,-4.41098528891496
1.592825,-4.4093917095423
1.59283,-4.40779885160713
1.592835,-4.40620671538421
1.59284,-4.40461530114596
1.592845,-4.403024609162
1.59285,-4.40143463969911
1.592855,-4.39984539302184
1.59286,-4.39825686939162
1.592865,-4.39666906906746
1.59287,-4.39508199230559
1.592875,-4.39349563935956
1.59288,-4.39191001048066
1.592885,-4.39032510591716
1.59289,-4.3887409259148
1.592895,-4.38715747071677
1.5929,-4.3855747405635
1.592905,-4.3839927356932
1.59291,-4.3824114563411
1.592915,-4.38083090274
1.59292,-4.37925107512018
1.592925,-4.3776719737092
1.59293,-4.37609359873233
1.592935,-4.3745159504121
1.59294,-4.37293902896846
1.592945,-4.3713628346189
1.59295,-4.36978736757847
1.592955,-4.36821262805949
1.59296,-4.36663861627208
1.592965,-4.36506533242363
1.59297,-4.36349277671904
1.592975,-4.36192094936077
1.59298,-4.36034985054877
1.592985,-4.35877948048077
1.59299,-4.35720983935166
1.592995,-4.35564092735405
1.593,-4.35407274467821
1.593005,-4.35250529151158
1.59301,-4.3509385680398
1.593015,-4.34937257444559
1.59302,-4.34780731090936
1.593025,-4.34624277760917
1.59303,-4.34467897472058
1.593035,-4.34311590241705
1.59304,-4.34155356086931
1.593045,-4.33999195024582
1.59305,-4.33843107071275
1.593055,-4.33687092243385
1.59306,-4.33531150557036
1.593065,-4.33375282028158
1.59307,-4.33219486672407
1.593075,-4.3306376450522
1.59308,-4.32908115541806
1.593085,-4.32752539797128
1.59309,-4.32597037285944
1.593095,-4.32441608022755
1.5931,-4.32286252021848
1.593105,-4.32130969297274
1.59311,-4.31975759862845
1.593115,-4.31820623732179
1.59312,-4.3166556091864
1.593125,-4.31510571435375
1.59313,-4.31355655295296
1.593135,-4.31200812511091
1.59314,-4.31046043095255
1.593145,-4.30891347060022
1.59315,-4.30736724417423
1.593155,-4.30582175179264
1.59316,-4.30427699357112
1.593165,-4.30273296962352
1.59317,-4.30118968006123
1.593175,-4.29964712499351
1.59318,-4.29810530452739
1.593185,-4.29656421876776
1.59319,-4.29502386781732
1.593195,-4.29348425177685
1.5932,-4.29194537074464
1.593205,-4.29040722481696
1.59321,-4.28886981408803
1.593215,-4.28733313864969
1.59322,-4.28579719859212
1.593225,-4.28426199400298
1.59323,-4.28272752496791
1.593235,-4.28119379157047
1.59324,-4.27966079389207
1.593245,-4.27812853201228
1.59325,-4.27659700600835
1.593255,-4.27506621595551
1.59326,-4.27353616192687
1.593265,-4.27200684399344
1.59327,-4.27047826222454
1.593275,-4.26895041668702
1.59328,-4.2674233074459
1.593285,-4.26589693456411
1.59329,-4.26437129810241
1.593295,-4.26284639811991
1.5933,-4.26132223467343
1.593305,-4.25979880781781
1.59331,-4.25827611760596
1.593315,-4.25675416408878
1.59332,-4.25523294731495
1.593325,-4.25371246733178
1.59333,-4.25219272418401
1.593335,-4.25067371791461
1.59334,-4.24915544856468
1.593345,-4.24763791617315
1.59335,-4.24612112077741
1.593355,-4.24460506241254
1.59336,-4.24308974111173
1.593365,-4.24157515690646
1.59337,-4.24006130982596
1.593375,-4.23854819989795
1.59338,-4.23703582714797
1.593385,-4.23552419159972
1.59339,-4.23401329327504
1.593395,-4.23250313219372
1.5934,-4.23099370837408
1.593405,-4.2294850218322
1.59341,-4.22797707258231
1.593415,-4.22646986063701
1.59342,-4.22496338600672
1.593425,-4.2234576487004
1.59343,-4.22195264872494
1.593435,-4.22044838608537
1.59344,-4.218944860785
1.593445,-4.21744207282525
1.59345,-4.21594002220568
1.593455,-4.21443870892429
1.59346,-4.21293813297704
1.593465,-4.21143829435812
1.59347,-4.20993919306
1.593475,-4.20844082907328
1.59348,-4.20694320238692
1.593485,-4.2054463129881
1.59349,-4.20395016086202
1.593495,-4.20245474599242
1.5935,-4.20096006836091
1.593505,-4.19946612794795
1.59351,-4.19797292473169
1.593515,-4.19648045868877
1.59352,-4.19498872979416
1.593525,-4.19349773802088
1.59353,-4.19200748334068
1.593535,-4.19051796572316
1.59354,-4.18902918513646
1.593545,-4.1875411415469
1.59355,-4.1860538349191
1.593555,-4.18456726521623
1.59356,-4.18308143239957
1.593565,-4.18159633642872
1.59357,-4.18011197726174
1.593575,-4.1786283548549
1.59358,-4.17714546916284
1.593585,-4.17566332013875
1.59359,-4.17418190773398
1.593595,-4.17270123189825
1.5936,-4.17122129257973
1.593605,-4.1697420897248
1.59361,-4.16826362327861
1.593615,-4.16678589318429
1.59362,-4.16530889938359
1.593625,-4.16383264181653
1.59363,-4.16235712042151
1.593635,-4.16088233513574
1.59364,-4.1594082858943
1.593645,-4.15793497263108
1.59365,-4.15646239527813
1.593655,-4.15499055376611
1.59366,-4.15351944802415
1.593665,-4.15204907797974
1.59367,-4.15057944355886
1.593675,-4.14911054468589
1.59368,-4.14764238128365
1.593685,-4.14617495327369
1.59369,-4.14470826057578
1.593695,-4.14324230310819
1.5937,-4.14177708078779
1.593705,-4.14031259352984
1.59371,-4.13884884124811
1.593715,-4.13738582385505
1.59372,-4.13592354126138
1.593725,-4.13446199337655
1.59373,-4.13300118010829
1.593735,-4.13154110136297
1.59374,-4.13008175704573
1.593745,-4.12862314705989
1.59375,-4.12716527130751
1.593755,-4.1257081296891
1.59376,-4.12425172210374
1.593765,-4.12279604844924
1.59377,-4.12134110862178
1.593775,-4.11988690251625
1.59378,-4.11843343002592
1.593785,-4.11698069104277
1.59379,-4.11552868545756
1.593795,-4.11407741315932
1.5938,-4.11262687403587
1.593805,-4.11117706797353
1.59381,-4.10972799485727
1.593815,-4.1082796545707
1.59382,-4.1068320469961
1.593825,-4.10538517201431
1.59383,-4.10393902950481
1.593835,-4.10249361934567
1.59384,-4.10104894141361
1.593845,-4.09960499558417
1.59385,-4.09816178173134
1.593855,-4.09671929972787
1.59386,-4.09527754944516
1.593865,-4.09383653075312
1.59387,-4.09239624352071
1.593875,-4.09095668761522
1.59388,-4.08951786290272
1.593885,-4.08807976924806
1.59389,-4.08664240651463
1.593895,-4.08520577456475
1.5939,-4.08376987325926
1.593905,-4.08233470245772
1.59391,-4.08090026201844
1.593915,-4.07946655179841
1.59392,-4.07803357165358
1.593925,-4.07660132143831
1.59393,-4.07516980100589
1.593935,-4.07373901020823
1.59394,-4.07230894889605
1.593945,-4.07087961691879
1.59395,-4.06945101412486
1.593955,-4.06802314036111
1.59396,-4.0665959954733
1.593965,-4.06516957930601
1.59397,-4.06374389170244
1.593975,-4.06231893250484
1.59398,-4.06089470155398
1.593985,-4.05947119868958
1.59399,-4.0580484237501
1.593995,-4.05662637657267
1.594,-4.05520505699355
1.594005,-4.05378446484762
1.59401,-4.05236459996843
1.594015,-4.05094546218861
1.59402,-4.04952705133942
1.594025,-4.04810936725116
1.59403,-4.04669240975277
1.594035,-4.04527617867213
1.59404,-4.04386067383596
1.594045,-4.04244589506965
1.59405,-4.04103184219782
1.594055,-4.03961851504366
1.59406,-4.03820591342926
1.594065,-4.03679403717568
1.59407,-4.03538288610277
1.594075,-4.03397246002915
1.59408,-4.03256275877265
1.594085,-4.03115378214972
1.59409,-4.02974552997581
1.594095,-4.02833800206516
1.5941,-4.02693119823089
1.594105,-4.02552511828537
1.59411,-4.02411976203953
1.594115,-4.02271512930327
1.59412,-4.02131121988545
1.594125,-4.01990803359383
1.59413,-4.01850557023527
1.594135,-4.01710382961538
1.59414,-4.01570281153875
1.594145,-4.01430251580888
1.59415,-4.01290294222816
1.594155,-4.01150409059825
1.59416,-4.01010596071949
1.594165,-4.00870855239116
1.59417,-4.00731186541158
1.594175,-4.005915899578
1.59418,-4.00452065468686
1.594185,-4.00312613053332
1.59419,-4.00173232691163
1.594195,-4.00033924361496
1.5942,-3.99894688043553
1.594205,-3.99755523716448
1.59421,-3.99616431359218
1.594215,-3.9947741095078
1.59422,-3.99338462469954
1.594225,-3.99199585895458
1.59423,-3.9906078120592
1.594235,-3.98922048379879
1.59424,-3.98783387395755
1.594245,-3.98644798231888
1.59425,-3.98506280866511
1.594255,-3.98367835277759
1.59426,-3.98229461443699
1.594265,-3.98091159342267
1.59427,-3.97952928951319
1.594275,-3.97814770248622
1.59428,-3.97676683211829
1.594285,-3.9753866781854
1.59429,-3.97400724046221
1.594295,-3.97262851872265
1.5943,-3.9712505127397
1.594305,-3.96987322228523
1.59431,-3.96849664713068
1.594315,-3.96712078704612
1.59432,-3.96574564180083
1.594325,-3.96437121116332
1.59433,-3.96299749490104
1.594335,-3.96162449278058
1.59434,-3.96025220456782
1.594345,-3.95888063002758
1.59435,-3.95750976892377
1.594355,-3.95613962101954
1.59436,-3.95477018607703
1.594365,-3.95340146385769
1.59437,-3.95203345412204
1.594375,-3.95066615662964
1.59438,-3.94929957113926
1.594385,-3.94793369740876
1.59439,-3.94656853519538
1.594395,-3.94520408425526
1.5944,-3.94384034434377
1.594405,-3.94247731521551
1.59441,-3.94111499662403
1.594415,-3.93975338832248
1.59442,-3.93839249006275
1.594425,-3.93703230159616
1.59443,-3.93567282267305
1.594435,-3.93431405304302
1.59444,-3.93295599245499
1.594445,-3.93159864065689
1.59445,-3.93024199739589
1.594455,-3.92888606241842
1.59446,-3.92753083547007
1.594465,-3.92617631629547
1.59447,-3.92482250463896
1.594475,-3.92346940024356
1.59448,-3.92211700285183
1.594485,-3.92076531220535
1.59449,-3.91941432804505
1.594495,-3.91806405011113
1.5945,-3.916714478143
1.594505,-3.91536561187916
1.59451,-3.91401745105758
1.594515,-3.91266999541514
1.59452,-3.91132324468853
1.594525,-3.90997719861312
1.59453,-3.90863185692391
1.594535,-3.9072872193549
1.59454,-3.90594328563947
1.594545,-3.90460005551047
1.59455,-3.90325752869969
1.594555,-3.90191570493839
1.59456,-3.90057458395701
1.594565,-3.89923416548536
1.59457,-3.89789444925236
1.594575,-3.89655543498659
1.59458,-3.89521712241554
1.594585,-3.8938795112662
1.59459,-3.89254260126477
1.594595,-3.89120639213672
1.5946,-3.88987088360705
1.594605,-3.88853607539988
1.59461,-3.88720196723862
1.594615,-3.88586855884613
1.59462,-3.88453584994436
1.594625,-3.88320384025494
1.59463,-3.88187252949864
1.594635,-3.88054191739542
1.59464,-3.8792120036648
1.594645,-3.87788278802545
1.59465,-3.87655427019564
1.594655,-3.87522644989276
1.59466,-3.87389932683359
1.594665,-3.87257290073432
1.59467,-3.87124717131034
1.594675,-3.86992213827673
1.59468,-3.86859780134761
1.594685,-3.86727416023657
1.59469,-3.86595121465667
1.594695,-3.86462896432012
1.5947,-3.86330740893862
1.594705,-3.86198654822347
1.59471,-3.86066638188499
1.594715,-3.8593469096331
1.59472,-3.85802813117699
1.594725,-3.85671004622523
1.59473,-3.85539265448611
1.594735,-3.85407595566685
1.59474,-3.85275994947437
1.594745,-3.85144463561492
1.59475,-3.850130013794
1.594755,-3.8488160837169
1.59476,-3.84750284508796
1.594765,-3.84619029761107
1.59477,-3.84487844098959
1.594775,-3.84356727492614
1.59478,-3.84225679912305
1.594785,-3.84094701328184
1.59479,-3.83963791710351
1.594795,-3.8383295102885
1.5948,-3.83702179253668
1.594805,-3.83571476354755
1.59481,-3.83440842301978
1.594815,-3.83310277065165
1.59482,-3.83179780614079
1.594825,-3.83049352918435
1.59483,-3.82918993947887
1.594835,-3.8278870367206
1.59484,-3.82658482060493
1.594845,-3.82528329082689
1.59485,-3.82398244708089
1.594855,-3.82268228906077
1.59486,-3.82138281646016
1.594865,-3.82008402897186
1.59487,-3.8187859262882
1.594875,-3.81748850810102
1.59488,-3.81619177410166
1.594885,-3.81489572398099
1.59489,-3.81360035742934
1.594895,-3.81230567413652
1.5949,-3.81101167379182
1.594905,-3.80971835608395
1.59491,-3.80842572070146
1.594915,-3.8071337673321
1.59492,-3.80584249566316
1.594925,-3.80455190538151
1.59493,-3.80326199617347
1.594935,-3.8019727677251
1.59494,-3.8006842197217
1.594945,-3.7993963518482
1.59495,-3.7981091637891
1.594955,-3.79682265522841
1.59496,-3.79553682584952
1.594965,-3.79425167533568
1.59497,-3.79296720336945
1.594975,-3.79168340963297
1.59498,-3.7904002938079
1.594985,-3.78911785557538
1.59499,-3.78783609461641
1.594995,-3.78655501061126
1.595,-3.78527460323978
1.595005,-3.78399487218142
1.59501,-3.78271581711514
1.595015,-3.78143743771971
1.59502,-3.78015973367315
1.595025,-3.77888270465315
1.59503,-3.77760635033706
1.595035,-3.7763306704016
1.59504,-3.77505566452342
1.595045,-3.77378133237845
1.59505,-3.77250767364226
1.595055,-3.77123468799002
1.59506,-3.76996237509646
1.595065,-3.76869073463611
1.59507,-3.7674197662828
1.595075,-3.76614946971007
1.59508,-3.76487984459112
1.595085,-3.76361089059865
1.59509,-3.76234260740497
1.595095,-3.76107499468219
1.5951,-3.75980805210177
1.595105,-3.75854177933486
1.59511,-3.75727617605232
1.595115,-3.75601124192439
1.59512,-3.75474697662133
1.595125,-3.7534833798127
1.59513,-3.7522204511677
1.595135,-3.75095819035524
1.59514,-3.74969659704379
1.595145,-3.74843567090163
1.59515,-3.7471754115965
1.595155,-3.74591581879583
1.59516,-3.74465689216661
1.595165,-3.74339863137547
1.59517,-3.74214103608897
1.595175,-3.74088410597297
1.59518,-3.73962784069313
1.595185,-3.73837223991474
1.59519,-3.73711730330258
1.595195,-3.73586303052152
1.5952,-3.73460942123567
1.595205,-3.73335647510891
1.59521,-3.73210419180488
1.595215,-3.73085257098676
1.59522,-3.72960161231741
1.595225,-3.72835131545955
1.59523,-3.72710168007535
1.595235,-3.72585270582676
1.59524,-3.72460439237532
1.595245,-3.72335673938223
1.59525,-3.72210974650864
1.595255,-3.72086341341507
1.59526,-3.7196177397619
1.595265,-3.71837272520908
1.59527,-3.71712836941628
1.595275,-3.71588467204302
1.59528,-3.71464163274835
1.595285,-3.71339925119106
1.59529,-3.71215752702954
1.595295,-3.71091645992203
1.5953,-3.70967604952646
1.595305,-3.70843629550046
1.59531,-3.70719719750127
1.595315,-3.7059587551859
1.59532,-3.70472096821112
1.595325,-3.70348383623323
1.59533,-3.70224735890862
1.595335,-3.70101153589304
1.59534,-3.69977636684212
1.595345,-3.69854185141117
1.59535,-3.69730798925517
1.595355,-3.69607478002903
1.59536,-3.69484222338722
1.595365,-3.69361031898395
1.59537,-3.69237906647321
1.595375,-3.69114846550859
1.59538,-3.68991851574377
1.595385,-3.68868921683179
1.59539,-3.68746056842564
1.595395,-3.68623257017798
1.5954,-3.68500522174109
1.595405,-3.6837785227674
1.59541,-3.68255247290866
1.595415,-3.68132707181666
1.59542,-3.6801023191427
1.595425,-3.67887821453801
1.59543,-3.67765475765359
1.595435,-3.67643194814019
1.59544,-3.67520978564814
1.595445,-3.67398826982783
1.59545,-3.67276740032913
1.595455,-3.6715471768018
1.59546,-3.67032759889557
1.595465,-3.66910866625962
1.59547,-3.66789037854311
1.595475,-3.66667273539485
1.59548,-3.66545573646345
1.595485,-3.66423938139748
1.59549,-3.6630236698451
1.595495,-3.66180860145429
1.5955,-3.66059417587286
1.595505,-3.65938039274826
1.59551,-3.65816725172809
1.595515,-3.65695475245937
1.59552,-3.65574289458909
1.595525,-3.65453167776397
1.59553,-3.65332110163052
1.595535,-3.65211116583522
1.59554,-3.65090187002418
1.595545,-3.64969321384331
1.59555,-3.64848519693838
1.595555,-3.64727781895497
1.59556,-3.64607107953849
1.595565,-3.64486497833415
1.59557,-3.64365951498694
1.595575,-3.64245468914165
1.59558,-3.64125050044297
1.595585,-3.64004694853523
1.59559,-3.63884403306292
1.595595,-3.63764175367
1.5956,-3.63644011000047
1.595605,-3.63523910169803
1.59561,-3.63403872840619
1.595615,-3.63283898976858
1.59562,-3.63163988542828
1.595625,-3.63044141502842
1.59563,-3.62924357821193
1.595635,-3.62804637462142
1.59564,-3.62684980389971
1.595645,-3.62565386568908
1.59565,-3.62445855963183
1.595655,-3.62326388537014
1.59566,-3.62206984254577
1.595665,-3.62087643080079
1.59567,-3.61968364977675
1.595675,-3.61849149911515
1.59568,-3.61729997845736
1.595685,-3.61610908744451
1.59569,-3.61491882571782
1.595695,-3.61372919291822
1.5957,-3.61254018868638
1.595705,-3.61135181266304
1.59571,-3.6101640644887
1.595715,-3.60897694380364
1.59572,-3.60779045024825
1.595725,-3.60660458346265
1.59573,-3.60541934308669
1.595735,-3.60423472876033
1.59574,-3.60305074012319
1.595745,-3.60186737681501
1.59575,-3.60068463847518
1.595755,-3.59950252474313
1.59576,-3.59832103525799
1.595765,-3.59714016965885
1.59577,-3.59595992758488
1.595775,-3.59478030867486
1.59578,-3.59360131256752
1.595785,-3.59242293890157
1.59579,-3.59124518731549
1.595795,-3.59006805744781
1.5958,-3.58889154893683
1.595805,-3.58771566142071
1.59581,-3.58654039453759
1.595815,-3.58536574792542
1.59582,-3.58419172122227
1.595825,-3.58301831406584
1.59583,-3.58184552609383
1.595835,-3.58067335694389
1.59584,-3.57950180625354
1.595845,-3.57833087366008
1.59585,-3.577160558801
1.595855,-3.5759908613135
1.59586,-3.57482178083472
1.595865,-3.57365331700168
1.59587,-3.57248546945129
1.595875,-3.57131823782062
1.59588,-3.5701516217464
1.595885,-3.5689856208653
1.59589,-3.56782023481398
1.595895,-3.56665546322895
1.5959,-3.56549130574685
1.595905,-3.56432776200397
1.59591,-3.56316483163665
1.595915,-3.56200251428116
1.59592,-3.56084080957364
1.595925,-3.5596797171503
1.59593,-3.55851923664713
1.595935,-3.55735936770011
1.59594,-3.55620010994518
1.595945,-3.55504146301805
1.59595,-3.55388342655467
1.595955,-3.55272600019072
1.59596,-3.55156918356185
1.595965,-3.55041297630362
1.59597,-3.54925737805158
1.595975,-3.54810238844116
1.59598,-3.54694800710791
1.595985,-3.54579423368717
1.59599,-3.54464106781425
1.595995,-3.54348850912439
1.596,-3.54233655725273
1.596005,-3.54118521183462
1.59601,-3.54003447250513
1.596015,-3.53888433889928
1.59602,-3.5377348106521
1.596025,-3.53658588739855
1.59603,-3.53543756877369
1.596035,-3.53428985441238
1.59604,-3.53314274394949
1.596045,-3.53199623701981
1.59605,-3.53085033325804
1.596055,-3.52970503229915
1.59606,-3.52856033377772
1.596065,-3.52741623732851
1.59607,-3.52627274258614
1.596075,-3.52512984918521
1.59608,-3.52398755676024
1.596085,-3.52284586494598
1.59609,-3.52170477337687
1.596095,-3.52056428168745
1.5961,-3.51942438951218
1.596105,-3.51828509648549
1.59611,-3.51714640224197
1.596115,-3.51600830641593
1.59612,-3.51487080864179
1.596125,-3.51373390855395
1.59613,-3.51259760578669
1.596135,-3.51146189997455
1.59614,-3.51032679075175
1.596145,-3.50919227775264
1.59615,-3.50805836061156
1.596155,-3.50692503896268
1.59616,-3.50579231244046
1.596165,-3.50466018067914
1.59617,-3.50352864331296
1.596175,-3.50239769997622
1.59618,-3.50126735030308
1.596185,-3.50013759392799
1.59619,-3.49900843048511
1.596195,-3.4978798596087
1.5962,-3.49675188093306
1.596205,-3.49562449409233
1.59621,-3.49449769872083
1.596215,-3.4933714944529
1.59622,-3.49224588092272
1.596225,-3.4911208577646
1.59623,-3.48999642461278
1.596235,-3.48887258110152
1.59624,-3.4877493268652
1.596245,-3.4866266615381
1.59625,-3.48550458475451
1.596255,-3.48438309614877
1.59626,-3.48326219535512
1.596265,-3.48214188200809
1.59627,-3.48102215574194
1.596275,-3.47990301619109
1.59628,-3.47878446298993
1.596285,-3.47766649577275
1.59629,-3.47654911417424
1.596295,-3.47543231782866
1.5963,-3.47431610637061
1.596305,-3.47320047943449
1.59631,-3.47208543665484
1.596315,-3.47097097766628
1.59632,-3.4698571021034
1.596325,-3.46874380960073
1.59633,-3.46763109979292
1.596335,-3.46651897231463
1.59634,-3.46540742680046
1.596345,-3.46429646288532
1.59635,-3.46318608020385
1.596355,-3.46207627839085
1.59636,-3.46096705708112
1.596365,-3.45985841590948
1.59637,-3.45875035451091
1.596375,-3.45764287252031
1.59638,-3.45653596957261
1.596385,-3.45542964530284
1.59639,-3.45432389934593
1.596395,-3.45321873133711
1.5964,-3.45211414091152
1.596405,-3.45101012770419
1.59641,-3.44990669135046
1.596415,-3.44880383148539
1.59642,-3.44770154774454
1.596425,-3.44659983976307
1.59643,-3.44549870717647
1.596435,-3.44439814962015
1.59644,-3.44329816672951
1.596445,-3.44219875814027
1.59645,-3.44109992348792
1.596455,-3.44000166240812
1.59646,-3.43890397453655
1.596465,-3.437806859509
1.59647,-3.43671031696116
1.596475,-3.43561434652907
1.59648,-3.43451894784856
1.596485,-3.43342412055562
1.59649,-3.43232986428626
1.596495,-3.4312361786765
1.5965,-3.43014306336272
1.596505,-3.42905051798094
1.59651,-3.42795854216752
1.596515,-3.4268671355588
1.59652,-3.42577629779108
1.596525,-3.424686028501
1.59653,-3.42359632732499
1.596535,-3.42250719389969
1.59654,-3.42141862786173
1.596545,-3.42033062884777
1.59655,-3.41924319649484
1.596555,-3.41815633043963
1.59656,-3.41707003031916
1.596565,-3.41598429577044
1.59657,-3.41489912643047
1.596575,-3.41381452193657
1.59658,-3.41273048192589
1.596585,-3.41164700603577
1.59659,-3.41056409390355
1.596595,-3.40948174516671
1.5966,-3.40839995946274
1.596605,-3.40731873642941
1.59661,-3.40623807570432
1.596615,-3.40515797692526
1.59662,-3.40407843973007
1.596625,-3.40299946375662
1.59663,-3.40192104864314
1.596635,-3.40084319402755
1.59664,-3.39976589954812
1.596645,-3.39868916484312
1.59665,-3.39761298955078
1.596655,-3.39653737330977
1.59666,-3.39546231575847
1.596665,-3.39438781653552
1.59667,-3.39331387527965
1.596675,-3.39224049162959
1.59668,-3.39116766522434
1.596685,-3.39009539570282
1.59669,-3.38902368270408
1.596695,-3.38795252586728
1.5967,-3.38688192483163
1.596705,-3.38581187923662
1.59671,-3.38474238872158
1.596715,-3.38367345292605
1.59672,-3.3826050714897
1.596725,-3.38153724405225
1.59673,-3.38046997025342
1.596735,-3.37940324973332
1.59674,-3.37833708213185
1.596745,-3.37727146708915
1.59675,-3.37620640424546
1.596755,-3.37514189324104
1.59676,-3.37407793371642
1.596765,-3.37301452531205
1.59677,-3.37195166766861
1.596775,-3.37088936042681
1.59678,-3.36982760322739
1.596785,-3.36876639571144
1.59679,-3.36770573751997
1.596795,-3.36664562829413
1.5968,-3.36558606767514
1.596805,-3.36452705530432
1.59681,-3.36346859082331
1.596815,-3.36241067387361
1.59682,-3.36135330409691
1.596825,-3.36029648113501
1.59683,-3.35924020462985
1.596835,-3.35818447422339
1.59684,-3.3571292895579
1.596845,-3.35607465027554
1.59685,-3.35502055601873
1.596855,-3.35396700642994
1.59686,-3.35291400115167
1.596865,-3.35186153982677
1.59687,-3.35080962209805
1.596875,-3.34975824760845
1.59688,-3.34870741600098
1.596885,-3.34765712691878
1.59689,-3.34660738000531
1.596895,-3.34555817490393
1.5969,-3.34450951125811
1.596905,-3.34346138871161
1.59691,-3.34241380690807
1.596915,-3.34136676549155
1.59692,-3.34032026410604
1.596925,-3.33927430239567
1.59693,-3.33822888000471
1.596935,-3.33718399657746
1.59694,-3.33613965175864
1.596945,-3.33509584519278
1.59695,-3.33405257652469
1.596955,-3.33300984539928
1.59696,-3.33196765146155
1.596965,-3.33092599435655
1.59697,-3.32988487372978
1.596975,-3.32884428922654
1.59698,-3.3278042404924
1.596985,-3.32676472717303
1.59699,-3.32572574891414
1.596995,-3.32468730536179
1.597,-3.32364939616203
1.597005,-3.32261202096102
1.59701,-3.32157517940513
1.597015,-3.32053887114073
1.59702,-3.31950309581456
1.597025,-3.31846785307327
1.59703,-3.31743314256376
1.597035,-3.316398963933
1.59704,-3.31536531682811
1.597045,-3.31433220089649
1.59705,-3.31329961578542
1.597055,-3.31226756114257
1.59706,-3.31123603661555
1.597065,-3.31020504185212
1.59707,-3.30917457650043
1.597075,-3.30814464020848
1.59708,-3.30711523262456
1.597085,-3.30608635339702
1.59709,-3.30505800217442
1.597095,-3.30403017860538
1.5971,-3.30300288233878
1.597105,-3.30197611302361
1.59711,-3.30094987030891
1.597115,-3.29992415384392
1.59712,-3.298898963278
1.597125,-3.29787429826078
1.59713,-3.29685015844193
1.597135,-3.29582654347122
1.59714,-3.29480345299867
1.597145,-3.29378088667429
1.59715,-3.29275884414853
1.597155,-3.29173732507172
1.59716,-3.29071632909437
1.597165,-3.28969585586729
1.59717,-3.28867590504121
1.597175,-3.28765647626727
1.59718,-3.28663756919661
1.597185,-3.28561918348049
1.59719,-3.28460131877042
1.597195,-3.28358397471792
1.5972,-3.28256715097491
1.597205,-3.28155084719322
1.59721,-3.28053506302496
1.597215,-3.2795197981223
1.59722,-3.27850505213768
1.597225,-3.27749082472351
1.59723,-3.27647711553266
1.597235,-3.27546392421787
1.59724,-3.27445125043219
1.597245,-3.27343909382871
1.59725,-3.27242745406072
1.597255,-3.2714163307818
1.59726,-3.27040572364553
1.597265,-3.26939563230568
1.59727,-3.26838605641619
1.597275,-3.2673769956311
1.59728,-3.2663684496048
1.597285,-3.26536041799163
1.59729,-3.2643529004462
1.597295,-3.26334589662321
1.5973,-3.26233940617753
1.597305,-3.26133342876432
1.59731,-3.26032796403877
1.597315,-3.25932301165622
1.59732,-3.25831857127226
1.597325,-3.25731464254249
1.59733,-3.25631122512297
1.597335,-3.2553083186696
1.59734,-3.25430592283864
1.597345,-3.2533040372864
1.59735,-3.25230266166946
1.597355,-3.2513017956444
1.59736,-3.25030143886825
1.597365,-3.24930159099792
1.59737,-3.24830225169065
1.597375,-3.24730342060376
1.59738,-3.24630509739473
1.597385,-3.24530728172136
1.59739,-3.24430997324144
1.597395,-3.24331317161305
1.5974,-3.2423168764943
1.597405,-3.24132108754358
1.59741,-3.24032580441945
1.597415,-3.23933102678062
1.59742,-3.23833675428595
1.597425,-3.23734298659446
1.59743,-3.23634972336533
1.597435,-3.23535696425801
1.59744,-3.23436470893207
1.597445,-3.23337295704717
1.59745,-3.23238170826324
1.597455,-3.23139096224025
1.59746,-3.23040071863858
1.597465,-3.22941097711865
1.59747,-3.22842173734095
1.597475,-3.22743299896628
1.59748,-3.2264447616556
1.597485,-3.22545702506993
1.59749,-3.22446978887068
1.597495,-3.22348305271924
1.5975,-3.22249681627727
1.597505,-3.22151107920654
1.59751,-3.22052584116898
1.597515,-3.2195411018269
1.59752,-3.21855686084259
1.597525,-3.21757311787852
1.59753,-3.21658987259741
1.597535,-3.21560712466203
1.59754,-3.21462487373558
1.597545,-3.21364311948125
1.59755,-3.21266186156238
1.597555,-3.21168109964259
1.59756,-3.21070083338558
1.597565,-3.20972106245539
1.59757,-3.2087417865161
1.597575,-3.20776300523199
1.59758,-3.20678471826753
1.597585,-3.20580692528742
1.59759,-3.20482962595641
1.597595,-3.20385281993965
1.5976,-3.20287650690227
1.597605,-3.20190068650967
1.59761,-3.20092535842737
1.597615,-3.19995052232111
1.59762,-3.19897617785695
1.597625,-3.19800232470089
1.59763,-3.19702896251923
1.597635,-3.19605609097851
1.59764,-3.19508370974524
1.597645,-3.19411181848645
1.59765,-3.19314041686911
1.597655,-3.19216950456039
1.59766,-3.19119908122771
1.597665,-3.19022914653859
1.59767,-3.18925970016095
1.597675,-3.18829074176264
1.59768,-3.1873222710118
1.597685,-3.18635428757678
1.59769,-3.18538679112603
1.597695,-3.18441978132834
1.5977,-3.18345325785256
1.597705,-3.18248722036773
1.59771,-3.18152166854312
1.597715,-3.18055660204818
1.59772,-3.17959202055248
1.597725,-3.17862792372596
1.59773,-3.17766431123855
1.597735,-3.17670118276047
1.59774,-3.17573853796211
1.597745,-3.17477637651394
1.59775,-3.17381469808686
1.597755,-3.17285350235179
1.59776,-3.17189278897986
1.597765,-3.17093255764237
1.59777,-3.16997280801078
1.597775,-3.16901353975695
1.59778,-3.16805475255272
1.597785,-3.16709644607016
1.59779,-3.16613861998154
1.597795,-3.1651812739593
1.5978,-3.1642244076762
1.597805,-3.16326802080506
1.59781,-3.16231211301893
1.597815,-3.16135668399102
1.59782,-3.16040173339469
1.597825,-3.15944726090372
1.59783,-3.15849326619186
1.597835,-3.1575397489331
1.59784,-3.15658670880162
1.597845,-3.15563414547185
1.59785,-3.15468205861831
1.597855,-3.15373044791586
1.59786,-3.15277931303949
1.597865,-3.1518286536643
1.59787,-3.15087846946567
1.597875,-3.1499287601191
1.59788,-3.14897952530048
1.597885,-3.14803076468566
1.59789,-3.14708247795078
1.597895,-3.1461346647722
1.5979,-3.14518732482634
1.597905,-3.14424045779011
1.59791,-3.14329406334035
1.597915,-3.14234814115416
1.59792,-3.14140269090883
1.597925,-3.14045771228184
1.59793,-3.139513204951
1.597935,-3.13856916859417
1.59794,-3.13762560288946
1.597945,-3.13668250751508
1.59795,-3.13573988214956
1.597955,-3.13479772647165
1.59796,-3.13385604016018
1.597965,-3.13291482289425
1.59797,-3.13197407435312
1.597975,-3.13103379421628
1.59798,-3.13009398216337
1.597985,-3.1291546378743
1.59799,-3.1282157610292
1.597995,-3.12727735130825
1.598,-3.12633940839193
1.598005,-3.12540193196087
1.59801,-3.12446492169605
1.598015,-3.12352837727848
1.59802,-3.12259229838941
1.598025,-3.12165668471032
1.59803,-3.12072153592282
1.598035,-3.11978685170886
1.59804,-3.11885263175045
1.598045,-3.11791887572986
1.59805,-3.11698558332955
1.598055,-3.11605275423213
1.59806,-3.11512038812057
1.598065,-3.11418848467789
1.59807,-3.11325704358734
1.598075,-3.11232606453239
1.59808,-3.11139554719663
1.598085,-3.11046549126407
1.59809,-3.10953589641873
1.598095,-3.10860676234481
1.5981,-3.10767808872686
1.598105,-3.10674987524951
1.59811,-3.10582212159755
1.598115,-3.10489482745623
1.59812,-3.10396799251072
1.598125,-3.10304161644653
1.59813,-3.10211569894932
1.598135,-3.10119023970493
1.59814,-3.10026523839955
1.598145,-3.09934069471943
1.59815,-3.09841660835102
1.598155,-3.09749297898106
1.59816,-3.09656980629635
1.598165,-3.09564708998415
1.59817,-3.09472482973164
1.598175,-3.0938030252264
1.59818,-3.09288167615606
1.598185,-3.09196078220854
1.59819,-3.09104034307202
1.598195,-3.09012035843482
1.5982,-3.0892008279854
1.598205,-3.08828175141253
1.59821,-3.08736312840512
1.598215,-3.08644495865225
1.59822,-3.08552724184337
1.598225,-3.08460997766798
1.59823,-3.08369316581581
1.598235,-3.08277680597683
1.59824,-3.08186089784112
1.598245,-3.08094544109917
1.59825,-3.08003043544147
1.598255,-3.07911588055882
1.59826,-3.07820177614216
1.598265,-3.07728812188264
1.59827,-3.07637491747174
1.598275,-3.07546216260101
1.59828,-3.07454985696223
1.598285,-3.07363800024742
1.59829,-3.0727265921487
1.598295,-3.07181563235863
1.5983,-3.07090512056974
1.598305,-3.06999505647488
1.59831,-3.06908543976705
1.598315,-3.06817627013942
1.59832,-3.06726754728562
1.598325,-3.06635927089914
1.59833,-3.06545144067392
1.598335,-3.06454405630394
1.59834,-3.06363711748351
1.598345,-3.06273062390705
1.59835,-3.06182457526932
1.598355,-3.06091897126519
1.59836,-3.0600138115897
1.598365,-3.05910909593819
1.59837,-3.05820482400606
1.598375,-3.05730099548918
1.59838,-3.05639761008339
1.598385,-3.05549466748479
1.59839,-3.05459216738978
1.598395,-3.05369010949474
1.5984,-3.05278849349662
1.598405,-3.05188731909228
1.59841,-3.05098658597886
1.598415,-3.05008629385376
1.59842,-3.04918644241447
1.598425,-3.0482870313589
1.59843,-3.04738806038496
1.598435,-3.04648952919086
1.59844,-3.045591437475
1.598445,-3.04469378493595
1.59845,-3.04379657127261
1.598455,-3.04289979618399
1.59846,-3.04200345936928
1.598465,-3.04110756052792
1.59847,-3.04021209935962
1.598475,-3.03931707556409
1.59848,-3.03842248884157
1.598485,-3.03752833889228
1.59849,-3.03663462541666
1.598495,-3.03574134811543
1.5985,-3.03484850668941
1.598505,-3.0339561008398
1.59851,-3.0330641302679
1.598515,-3.03217259467522
1.59852,-3.03128149376346
1.598525,-3.03039082723453
1.59853,-3.02950059479067
1.598535,-3.02861079613417
1.59854,-3.02772143096761
1.598545,-3.02683249899377
1.59855,-3.02594399991554
1.598555,-3.02505593343625
1.59856,-3.02416829925922
1.598565,-3.02328109708804
1.59857,-3.02239432662656
1.598575,-3.02150798757872
1.59858,-3.02062207964887
1.598585,-3.01973660254137
1.59859,-3.0188515559609
1.598595,-3.01796693961231
1.5986,-3.01708275320065
1.598605,-3.01619899643115
1.59861,-3.01531566900938
1.598615,-3.01443277064098
1.59862,-3.01355030103187
1.598625,-3.01266825988816
1.59863,-3.01178664691608
1.598635,-3.01090546182226
1.59864,-3.01002470431343
1.598645,-3.00914437409652
1.59865,-3.00826447087866
1.598655,-3.00738499436713
1.59866,-3.00650594426967
1.598665,-3.00562732029399
1.59867,-3.00474912214804
1.598675,-3.00387134954004
1.59868,-3.00299400217834
1.598685,-3.00211707977169
1.59869,-3.00124058202883
1.598695,-3.00036450865877
1.5987,-2.99948885937081
1.598705,-2.99861363387431
1.59871,-2.99773883187904
1.598715,-2.9968644530948
1.59872,-2.9959904972317
1.598725,-2.99511696400003
1.59873,-2.99424385311025
1.598735,-2.993371164273
1.59874,-2.99249889719937
1.598745,-2.99162705160035
1.59875,-2.99075562718735
1.598755,-2.98988462367187
1.59876,-2.98901404076559
1.598765,-2.98814387818058
1.59877,-2.98727413562899
1.598775,-2.98640481282319
1.59878,-2.98553590947574
1.598785,-2.98466742529937
1.59879,-2.98379936000722
1.598795,-2.98293171331245
1.5988,-2.98206448492848
1.598805,-2.98119767456895
1.59881,-2.98033128194761
1.598815,-2.97946530677863
1.59882,-2.97859974877625
1.598825,-2.97773460765488
1.59883,-2.97686988312925
1.598835,-2.97600557491417
1.59884,-2.97514168272483
1.598845,-2.97427820627648
1.59885,-2.97341514528465
1.598855,-2.97255249946502
1.59886,-2.97169026853358
1.598865,-2.97082845220638
1.59887,-2.96996705019988
1.598875,-2.96910606223056
1.59888,-2.96824548801521
1.598885,-2.96738532727079
1.59889,-2.96652557971444
1.598895,-2.96566624506367
1.5989,-2.96480732303598
1.598905,-2.96394881334924
1.59891,-2.96309071572142
1.598915,-2.96223302987069
1.59892,-2.96137575551562
1.598925,-2.96051889237477
1.59893,-2.95966244016703
1.598935,-2.95880639861142
1.59894,-2.95795076742718
1.598945,-2.9570955463339
1.59895,-2.95624073505119
1.598955,-2.95538633329894
1.59896,-2.95453234079727
1.598965,-2.95367875726648
1.59897,-2.95282558242704
1.598975,-2.95197281599978
1.59898,-2.9511204577056
1.598985,-2.95026850726561
1.59899,-2.9494169644012
1.598995,-2.94856582883387
1.599,-2.94771510028544
1.599005,-2.94686477847792
1.59901,-2.94601486313344
1.599015,-2.94516535397439
1.59902,-2.94431625072334
1.599025,-2.94346755310319
1.59903,-2.94261926083693
1.599035,-2.94177137364775
1.59904,-2.9409238912591
1.599045,-2.94007681339455
1.59905,-2.93923013977808
1.599055,-2.93838387013368
1.59906,-2.93753800418562
1.599065,-2.93669254165836
1.59907,-2.93584748227654
1.599075,-2.93500282576513
1.59908,-2.9341585718492
1.599085,-2.93331472025402
1.59909,-2.93247127070513
1.599095,-2.93162822292825
1.5991,-2.93078557664918
1.599105,-2.92994333159426
1.59911,-2.92910148748969
1.599115,-2.92826004406208
1.59912,-2.92741900103812
1.599125,-2.92657835814478
1.59913,-2.92573811510928
1.599135,-2.92489827165899
1.59914,-2.92405882752143
1.599145,-2.92321978242446
1.59915,-2.92238113609595
1.599155,-2.92154288826428
1.59916,-2.92070503865773
1.599165,-2.91986758700499
1.59917,-2.91903053303481
1.599175,-2.91819387647621
1.59918,-2.91735761705853
1.599185,-2.91652175451115
1.59919,-2.91568628856373
1.599195,-2.9148512189461
1.5992,-2.91401654538828
1.599205,-2.91318226762065
1.59921,-2.91234838537363
1.599215,-2.91151489837788
1.59922,-2.91068180636431
1.599225,-2.909849109064
1.59923,-2.9090168062082
1.599235,-2.90818489752851
1.59924,-2.9073533827566
1.599245,-2.90652226162437
1.59925,-2.90569153386397
1.599255,-2.90486119920763
1.59926,-2.90403125738801
1.599265,-2.90320170813783
1.59927,-2.90237255118997
1.599275,-2.90154378627765
1.59928,-2.9007154131341
1.599285,-2.89988743149302
1.59929,-2.89905984108814
1.599295,-2.8982326416534
1.5993,-2.89740583292301
1.599305,-2.89657941463125
1.59931,-2.89575338651286
1.599315,-2.89492774830254
1.59932,-2.89410249973529
1.599325,-2.89327764054637
1.59933,-2.89245317047103
1.599335,-2.89162908924506
1.59934,-2.89080539660422
1.599345,-2.88998209228449
1.59935,-2.88915917602214
1.599355,-2.88833664755354
1.59936,-2.88751450661533
1.599365,-2.88669275294441
1.59937,-2.88587138627777
1.599375,-2.88505040635268
1.59938,-2.88422981290659
1.599385,-2.88340960567707
1.59939,-2.88258978440211
1.599395,-2.8817703488197
1.5994,-2.88095129866813
1.599405,-2.88013263368583
1.59941,-2.87931435361142
1.599415,-2.87849645818392
1.59942,-2.87767894714235
1.599425,-2.87686182022596
1.59943,-2.87604507717427
1.599435,-2.87522871772688
1.59944,-2.8744127416238
1.599445,-2.87359714860509
1.59945,-2.87278193841104
1.599455,-2.87196711078215
1.59946,-2.87115266545907
1.599465,-2.8703386021828
1.59947,-2.8695249206944
1.599475,-2.86871162073519
1.59948,-2.86789870204671
1.599485,-2.86708616437063
1.59949,-2.86627400744884
1.599495,-2.86546223102356
1.5995,-2.86465083483705
1.599505,-2.86383981863186
1.59951,-2.86302918215072
1.599515,-2.86221892513648
1.59952,-2.86140904733238
1.599525,-2.86059954848172
1.59953,-2.85979042832805
1.599535,-2.85898168661506
1.59954,-2.85817332308665
1.599545,-2.85736533748709
1.59955,-2.85655772956067
1.599555,-2.85575049905189
1.59956,-2.85494364570554
1.599565,-2.85413716926647
1.59957,-2.85333106947995
1.599575,-2.85252534609128
1.59958,-2.85171999884602
1.599585,-2.85091502748988
1.59959,-2.85011043176877
1.599595,-2.84930621142897
1.5996,-2.84850236621677
1.599605,-2.8476988958787
1.59961,-2.8468958001615
1.599615,-2.84609307881217
1.59962,-2.84529073157778
1.599625,-2.84448875820578
1.59963,-2.84368715844366
1.599635,-2.8428859320392
1.59964,-2.84208507874035
1.599645,-2.84128459829518
1.59965,-2.84048449045215
1.599655,-2.83968475495978
1.59966,-2.83888539156679
1.599665,-2.83808640002217
1.59967,-2.83728778007499
1.599675,-2.8364895314747
1.59968,-2.83569165397077
1.599685,-2.83489414731299
1.59969,-2.8340970112513
1.599695,-2.83330024553575
1.5997,-2.8325038499168
1.599705,-2.83170782414497
1.59971,-2.83091216797095
1.599715,-2.83011688114571
1.59972,-2.82932196342039
1.599725,-2.82852741454625
1.59973,-2.82773323427492
1.599735,-2.82693942235809
1.59974,-2.8261459785477
1.599745,-2.82535290259585
1.59975,-2.8245601942548
1.599755,-2.82376785327722
1.59976,-2.82297587941573
1.599765,-2.82218427242328
1.59977,-2.82139303205297
1.599775,-2.82060215805802
1.59978,-2.81981165019211
1.599785,-2.81902150820884
1.59979,-2.81823173186212
1.599795,-2.81744232090606
1.5998,-2.81665327509488
1.599805,-2.81586459418321
1.59981,-2.81507627792567
1.599815,-2.81428832607713
1.59982,-2.81350073839267
1.599825,-2.81271351462752
1.59983,-2.81192665453725
1.599835,-2.8111401578775
1.59984,-2.81035402440413
1.599845,-2.80956825387315
1.59985,-2.80878284604088
1.599855,-2.80799780066369
1.59986,-2.80721311749831
1.599865,-2.80642879630158
1.59987,-2.80564483683048
1.599875,-2.80486123884229
1.59988,-2.80407800209435
1.599885,-2.80329512634442
1.59989,-2.80251261135026
1.599895,-2.80173045686983
1.5999,-2.80094866266141
1.599905,-2.8001672284833
1.59991,-2.79938615409421
1.599915,-2.7986054392529
1.59992,-2.79782508371832
1.599925,-2.79704508724967
1.59993,-2.79626544960626
1.599935,-2.79548617054778
1.59994,-2.7947072498339
1.599945,-2.79392868722462
1.59995,-2.79315048248007
1.599955,-2.7923726353605
1.59996,-2.79159514562661
1.599965,-2.79081801303902
1.59997,-2.7900412373587
1.599975,-2.78926481834674
1.59998,-2.78848875576442
1.599985,-2.78771304937324
1.59999,-2.78693769893494
1.599995,-2.78616270421141
1.6,-2.78538806496467
