"Freq [GHz]","dB(S(1,1)) []"
1.55,-0.303396770241481
1.550005,-0.303423558095256
1.55001,-0.303450349460791
1.550015,-0.303477144338686
1.55002,-0.303503942729526
1.550025,-0.303530744633918
1.55003,-0.303557550052447
1.550035,-0.30358435898571
1.55004,-0.303611171434306
1.550045,-0.303637987398823
1.55005,-0.30366480687986
1.550055,-0.303691629878012
1.55006,-0.303718456393872
1.550065,-0.303745286428041
1.55007,-0.303772119981108
1.550075,-0.30379895705367
1.55008,-0.303825797646328
1.550085,-0.303852641759669
1.55009,-0.303879489394296
1.550095,-0.303906340550801
1.5501,-0.303933195229784
1.550105,-0.30396005343184
1.55011,-0.303986915157563
1.550115,-0.304013780407551
1.55012,-0.304040649182402
1.550125,-0.304067521482711
1.55013,-0.304094397309075
1.550135,-0.304121276662094
1.55014,-0.304148159542362
1.550145,-0.304175045950478
1.55015,-0.30420193588704
1.550155,-0.304228829352641
1.55016,-0.304255726347884
1.550165,-0.304282626873364
1.55017,-0.304309530929682
1.550175,-0.304336438517433
1.55018,-0.304363349637214
1.550185,-0.304390264289628
1.55019,-0.304417182475268
1.550195,-0.304444104194738
1.5502,-0.304471029448633
1.550205,-0.304497958237552
1.55021,-0.304524890562096
1.550215,-0.304551826422862
1.55022,-0.30457876582045
1.550225,-0.304605708755458
1.55023,-0.304632655228487
1.550235,-0.304659605240135
1.55024,-0.304686558791004
1.550245,-0.304713515881693
1.55025,-0.304740476512799
1.550255,-0.304767440684926
1.55026,-0.304794408398675
1.550265,-0.304821379654639
1.55027,-0.304848354453427
1.550275,-0.304875332795632
1.55028,-0.30490231468186
1.550285,-0.304929300112711
1.55029,-0.304956289088783
1.550295,-0.304983281610679
1.5503,-0.305010277679003
1.550305,-0.305037277294348
1.55031,-0.305064280457324
1.550315,-0.305091287168528
1.55032,-0.305118297428566
1.550325,-0.305145311238031
1.55033,-0.305172328597534
1.550335,-0.305199349507673
1.55034,-0.30522637396905
1.550345,-0.305253401982268
1.55035,-0.305280433547927
1.550355,-0.305307468666634
1.55036,-0.305334507338987
1.550365,-0.305361549565594
1.55037,-0.30538859534705
1.550375,-0.305415644683966
1.55038,-0.305442697576942
1.550385,-0.305469754026577
1.55039,-0.305496814033481
1.550395,-0.305523877598257
1.5504,-0.305550944721504
1.550405,-0.305578015403829
1.55041,-0.305605089645834
1.550415,-0.305632167448122
1.55042,-0.305659248811301
1.550425,-0.305686333735974
1.55043,-0.305713422222744
1.550435,-0.305740514272215
1.55044,-0.305767609884994
1.550445,-0.305794709061685
1.55045,-0.305821811802888
1.550455,-0.305848918109217
1.55046,-0.30587602798127
1.550465,-0.305903141419654
1.55047,-0.305930258424975
1.550475,-0.305957378997839
1.55048,-0.30598450313885
1.550485,-0.306011630848614
1.55049,-0.30603876212774
1.550495,-0.306065896976829
1.5505,-0.306093035396489
1.550505,-0.306120177387327
1.55051,-0.306147322949949
1.550515,-0.30617447208496
1.55052,-0.306201624792969
1.550525,-0.306228781074582
1.55053,-0.306255940930405
1.550535,-0.306283104361047
1.55054,-0.30631027136711
1.550545,-0.306337441949205
1.55055,-0.306364616107943
1.550555,-0.306391793843925
1.55056,-0.306418975157759
1.550565,-0.306446160050056
1.55057,-0.306473348521422
1.550575,-0.306500540572467
1.55058,-0.306527736203798
1.550585,-0.306554935416023
1.55059,-0.306582138209747
1.550595,-0.306609344585584
1.5506,-0.306636554544139
1.550605,-0.306663768086021
1.55061,-0.30669098521184
1.550615,-0.306718205922206
1.55062,-0.306745430217726
1.550625,-0.30677265809901
1.55063,-0.306799889566666
1.550635,-0.306827124621305
1.55064,-0.306854363263536
1.550645,-0.306881605493971
1.55065,-0.306908851313215
1.550655,-0.306936100721879
1.55066,-0.306963353720578
1.550665,-0.306990610309919
1.55067,-0.30701787049051
1.550675,-0.307045134262967
1.55068,-0.307072401627893
1.550685,-0.307099672585907
1.55069,-0.307126947137614
1.550695,-0.307154225283627
1.5507,-0.307181507024558
1.550705,-0.307208792361016
1.55071,-0.307236081293613
1.550715,-0.307263373822959
1.55072,-0.30729066994967
1.550725,-0.307317969674355
1.55073,-0.307345272997626
1.550735,-0.307372579920096
1.55074,-0.307399890442373
1.550745,-0.307427204565072
1.55075,-0.307454522288808
1.550755,-0.307481843614192
1.55076,-0.307509168541833
1.550765,-0.307536497072347
1.55077,-0.307563829206347
1.550775,-0.307591164944444
1.55078,-0.307618504287254
1.550785,-0.307645847235387
1.55079,-0.307673193789457
1.550795,-0.307700543950082
1.5508,-0.307727897717866
1.550805,-0.307755255093436
1.55081,-0.307782616077392
1.550815,-0.307809980670357
1.55082,-0.307837348872943
1.550825,-0.307864720685764
1.55083,-0.307892096109433
1.550835,-0.307919475144568
1.55084,-0.307946857791778
1.550845,-0.307974244051684
1.55085,-0.308001633924893
1.550855,-0.30802902741203
1.55086,-0.308056424513706
1.550865,-0.30808382523053
1.55087,-0.308111229563124
1.550875,-0.308138637512104
1.55088,-0.30816604907808
1.550885,-0.308193464261677
1.55089,-0.308220883063502
1.550895,-0.308248305484174
1.5509,-0.30827573152431
1.550905,-0.308303161184526
1.55091,-0.30833059446544
1.550915,-0.308358031367665
1.55092,-0.308385471891819
1.550925,-0.30841291603852
1.55093,-0.308440363808383
1.550935,-0.308467815202025
1.55094,-0.308495270220067
1.550945,-0.308522728863119
1.55095,-0.308550191131805
1.550955,-0.308577657026743
1.55096,-0.308605126548543
1.550965,-0.308632599697833
1.55097,-0.308660076475222
1.550975,-0.308687556881332
1.55098,-0.308715040916782
1.550985,-0.308742528582187
1.55099,-0.30877001987817
1.550995,-0.308797514805349
1.551,-0.308825013364338
1.551005,-0.308852515555759
1.55101,-0.30888002138023
1.551015,-0.30890753083837
1.55102,-0.308935043930801
1.551025,-0.308962560658138
1.55103,-0.308990081021003
1.551035,-0.309017605020016
1.55104,-0.309045132655796
1.551045,-0.309072663928961
1.55105,-0.309100198840134
1.551055,-0.309127737389935
1.55106,-0.30915527957898
1.551065,-0.309182825407892
1.55107,-0.309210374877294
1.551075,-0.309237927987805
1.55108,-0.309265484740041
1.551085,-0.30929304513463
1.55109,-0.309320609172188
1.551095,-0.309348176853341
1.5511,-0.309375748178703
1.551105,-0.3094033231489
1.55111,-0.309430901764556
1.551115,-0.30945848402629
1.55112,-0.309486069934721
1.551125,-0.309513659490472
1.55113,-0.309541252694168
1.551135,-0.309568849546429
1.55114,-0.309596450047878
1.551145,-0.309624054199137
1.55115,-0.309651662000828
1.551155,-0.309679273453575
1.55116,-0.309706888557999
1.551165,-0.309734507314726
1.55117,-0.309762129724374
1.551175,-0.309789755787571
1.55118,-0.309817385504938
1.551185,-0.309845018877096
1.55119,-0.309872655904675
1.551195,-0.309900296588292
1.5512,-0.309927940928575
1.551205,-0.309955588926146
1.55121,-0.309983240581629
1.551215,-0.310010895895652
1.55122,-0.310038554868833
1.551225,-0.310066217501803
1.55123,-0.31009388379518
1.551235,-0.310121553749594
1.55124,-0.310149227365666
1.551245,-0.310176904644024
1.55125,-0.310204585585291
1.551255,-0.310232270190093
1.55126,-0.310259958459056
1.551265,-0.310287650392806
1.55127,-0.310315345991965
1.551275,-0.310343045257159
1.55128,-0.310370748189021
1.551285,-0.310398454788171
1.55129,-0.310426165055236
1.551295,-0.310453878990841
1.5513,-0.310481596595614
1.551305,-0.310509317870183
1.55131,-0.310537042815171
1.551315,-0.310564771431207
1.55132,-0.31059250371892
1.551325,-0.310620239678932
1.55133,-0.310647979311873
1.551335,-0.310675722618371
1.55134,-0.310703469599052
1.551345,-0.310731220254543
1.55135,-0.310758974585474
1.551355,-0.310786732592473
1.55136,-0.310814494276163
1.551365,-0.310842259637177
1.55137,-0.310870028676143
1.551375,-0.310897801393686
1.55138,-0.310925577790438
1.551385,-0.310953357867025
1.55139,-0.310981141624077
1.551395,-0.311008929062223
1.5514,-0.311036720182091
1.551405,-0.31106451498431
1.55141,-0.311092313469512
1.551415,-0.311120115638323
1.55142,-0.311147921491376
1.551425,-0.311175731029296
1.55143,-0.311203544252713
1.551435,-0.311231361162263
1.55144,-0.311259181758572
1.551445,-0.311287006042265
1.55145,-0.311314834013984
1.551455,-0.31134266567435
1.55146,-0.311370501023997
1.551465,-0.311398340063554
1.55147,-0.311426182793653
1.551475,-0.311454029214926
1.55148,-0.311481879328001
1.551485,-0.311509733133513
1.55149,-0.311537590632089
1.551495,-0.311565451824365
1.5515,-0.311593316710972
1.551505,-0.311621185292534
1.55151,-0.311649057569692
1.551515,-0.311676933543077
1.55152,-0.311704813213317
1.551525,-0.311732696581047
1.55153,-0.311760583646898
1.551535,-0.311788474411503
1.55154,-0.311816368875497
1.551545,-0.311844267039506
1.55155,-0.311872168904171
1.551555,-0.311900074470119
1.55156,-0.311927983737986
1.551565,-0.311955896708406
1.55157,-0.311983813382009
1.551575,-0.312011733759435
1.55158,-0.31203965784131
1.551585,-0.312067585628271
1.55159,-0.312095517120953
1.551595,-0.312123452319988
1.5516,-0.312151391226013
1.551605,-0.312179333839659
1.55161,-0.312207280161564
1.551615,-0.312235230192362
1.55162,-0.312263183932683
1.551625,-0.312291141383166
1.55163,-0.312319102544447
1.551635,-0.31234706741716
1.55164,-0.312375036001937
1.551645,-0.312403008299416
1.55165,-0.312430984310235
1.551655,-0.312458964035026
1.55166,-0.312486947474426
1.551665,-0.312514934629072
1.55167,-0.312542925499598
1.551675,-0.31257092008664
1.55168,-0.312598918390836
1.551685,-0.312626920412822
1.55169,-0.312654926153234
1.551695,-0.31268293561271
1.5517,-0.312710948791885
1.551705,-0.312738965691397
1.55171,-0.312766986311884
1.551715,-0.31279501065398
1.55172,-0.312823038718328
1.551725,-0.312851070505559
1.55173,-0.312879106016313
1.551735,-0.31290714525123
1.55174,-0.312935188210946
1.551745,-0.3129632348961
1.55175,-0.312991285307328
1.551755,-0.313019339445271
1.55176,-0.313047397310565
1.551765,-0.313075458903852
1.55177,-0.313103524225763
1.551775,-0.313131593276949
1.55178,-0.313159666058036
1.551785,-0.31318774256967
1.55179,-0.313215822812494
1.551795,-0.313243906787139
1.5518,-0.31327199449425
1.551805,-0.313300085934462
1.55181,-0.31332818110842
1.551815,-0.31335628001676
1.55182,-0.313384382660121
1.551825,-0.313412489039149
1.55183,-0.313440599154479
1.551835,-0.313468713006755
1.55184,-0.313496830596612
1.551845,-0.313524951924698
1.55185,-0.313553076991649
1.551855,-0.313581205798107
1.55186,-0.313609338344712
1.551865,-0.313637474632105
1.55187,-0.313665614660933
1.551875,-0.31369375843183
1.55188,-0.313721905945443
1.551885,-0.313750057202409
1.55189,-0.313778212203372
1.551895,-0.313806370948978
1.5519,-0.31383453343986
1.551905,-0.313862699676669
1.55191,-0.313890869660042
1.551915,-0.313919043390626
1.55192,-0.31394722086906
1.551925,-0.313975402095987
1.55193,-0.314003587072052
1.551935,-0.314031775797897
1.55194,-0.314059968274166
1.551945,-0.314088164501498
1.55195,-0.314116364480544
1.551955,-0.314144568211943
1.55196,-0.314172775696336
1.551965,-0.314200986934372
1.55197,-0.314229201926693
1.551975,-0.314257420673943
1.55198,-0.314285643176767
1.551985,-0.314313869435808
1.55199,-0.314342099451712
1.551995,-0.314370333225124
1.552,-0.314398570756685
1.552005,-0.314426812047045
1.55201,-0.314455057096846
1.552015,-0.314483305906734
1.55202,-0.314511558477355
1.552025,-0.314539814809353
1.55203,-0.314568074903376
1.552035,-0.314596338760066
1.55204,-0.314624606380071
1.552045,-0.314652877764041
1.55205,-0.314681152912613
1.552055,-0.31470943182644
1.55206,-0.314737714506166
1.552065,-0.314766000952441
1.55207,-0.314794291165907
1.552075,-0.314822585147211
1.55208,-0.314850882897005
1.552085,-0.314879184415931
1.55209,-0.314907489704637
1.552095,-0.314935798763776
1.5521,-0.314964111593986
1.552105,-0.314992428195921
1.55211,-0.315020748570227
1.552115,-0.315049072717551
1.55212,-0.315077400638543
1.552125,-0.315105732333851
1.55213,-0.315134067804124
1.552135,-0.315162407050005
1.55214,-0.315190750072148
1.552145,-0.315219096871202
1.55215,-0.31524744744781
1.552155,-0.315275801802627
1.55216,-0.315304159936301
1.552165,-0.315332521849478
1.55217,-0.315360887542808
1.552175,-0.315389257016948
1.55218,-0.315417630272536
1.552185,-0.31544600731023
1.55219,-0.315474388130677
1.552195,-0.315502772734528
1.5522,-0.315531161122431
1.552205,-0.315559553295039
1.55221,-0.315587949253
1.552215,-0.315616348996968
1.55222,-0.31564475252759
1.552225,-0.315673159845518
1.55223,-0.315701570951405
1.552235,-0.3157299858459
1.55224,-0.315758404529656
1.552245,-0.315786827003319
1.55225,-0.315815253267547
1.552255,-0.315843683322988
1.55226,-0.315872117170297
1.552265,-0.315900554810121
1.55227,-0.31592899624312
1.552275,-0.315957441469936
1.55228,-0.315985890491231
1.552285,-0.316014343307651
1.55229,-0.316042799919849
1.552295,-0.316071260328483
1.5523,-0.316099724534199
1.552305,-0.316128192537658
1.55231,-0.316156664339503
1.552315,-0.316185139940394
1.55232,-0.316213619340986
1.552325,-0.316242102541926
1.55233,-0.316270589543871
1.552335,-0.316299080347479
1.55234,-0.316327574953396
1.552345,-0.316356073362286
1.55235,-0.316384575574792
1.552355,-0.316413081591574
1.55236,-0.316441591413289
1.552365,-0.316470105040588
1.55237,-0.316498622474127
1.552375,-0.316527143714563
1.55238,-0.316555668762543
1.552385,-0.316584197618733
1.55239,-0.31661273028378
1.552395,-0.316641266758343
1.5524,-0.31666980704308
1.552405,-0.316698351138643
1.55241,-0.316726899045688
1.552415,-0.31675545076487
1.55242,-0.316784006296848
1.552425,-0.316812565642281
1.55243,-0.316841128801817
1.552435,-0.316869695776122
1.55244,-0.316898266565844
1.552445,-0.316926841171642
1.55245,-0.31695541959418
1.552455,-0.316984001834108
1.55246,-0.317012587892083
1.552465,-0.317041177768768
1.55247,-0.317069771464813
1.552475,-0.317098368980882
1.55248,-0.31712697031763
1.552485,-0.317155575475716
1.55249,-0.317184184455796
1.552495,-0.31721279725853
1.5525,-0.317241413884575
1.552505,-0.317270034334591
1.55251,-0.317298658609236
1.552515,-0.317327286709167
1.55252,-0.317355918635048
1.552525,-0.317384554387531
1.55253,-0.317413193967283
1.552535,-0.317441837374954
1.55254,-0.317470484611211
1.552545,-0.317499135676711
1.55255,-0.317527790572112
1.552555,-0.317556449298077
1.55256,-0.317585111855263
1.552565,-0.317613778244333
1.55257,-0.317642448465948
1.552575,-0.317671122520761
1.55258,-0.317699800409443
1.552585,-0.317728482132645
1.55259,-0.317757167691032
1.552595,-0.317785857085269
1.5526,-0.317814550316013
1.552605,-0.317843247383922
1.55261,-0.317871948289664
1.552615,-0.317900653033894
1.55262,-0.31792936161728
1.552625,-0.317958074040479
1.55263,-0.317986790304155
1.552635,-0.318015510408968
1.55264,-0.318044234355584
1.552645,-0.318072962144662
1.55265,-0.318101693776865
1.552655,-0.318130429252858
1.55266,-0.3181591685733
1.552665,-0.318187911738857
1.55267,-0.318216658750187
1.552675,-0.318245409607961
1.55268,-0.318274164312837
1.552685,-0.31830292286548
1.55269,-0.318331685266551
1.552695,-0.318360451516719
1.5527,-0.318389221616641
1.552705,-0.318417995566988
1.55271,-0.318446773368417
1.552715,-0.318475555021598
1.55272,-0.318504340527193
1.552725,-0.318533129885868
1.55273,-0.318561923098286
1.552735,-0.318590720165113
1.55274,-0.318619521087012
1.552745,-0.318648325864649
1.55275,-0.318677134498692
1.552755,-0.318705946989801
1.55276,-0.318734763338647
1.552765,-0.31876358354589
1.55277,-0.318792407612201
1.552775,-0.318821235538242
1.55278,-0.318850067324681
1.552785,-0.318878902972186
1.55279,-0.318907742481422
1.552795,-0.318936585853054
1.5528,-0.318965433087746
1.552805,-0.318994284186171
1.55281,-0.319023139148992
1.552815,-0.319051997976879
1.55282,-0.319080860670493
1.552825,-0.319109727230511
1.55283,-0.319138597657591
1.552835,-0.319167471952405
1.55284,-0.31919635011562
1.552845,-0.319225232147905
1.55285,-0.319254118049927
1.552855,-0.319283007822354
1.55286,-0.319311901465855
1.552865,-0.319340798981099
1.55287,-0.31936970036875
1.552875,-0.319398605629483
1.55288,-0.319427514763964
1.552885,-0.31945642777286
1.55289,-0.319485344656844
1.552895,-0.319514265416582
1.5529,-0.319543190052744
1.552905,-0.319572118566003
1.55291,-0.319601050957023
1.552915,-0.31962998722648
1.55292,-0.319658927375038
1.552925,-0.319687871403371
1.55293,-0.319716819312148
1.552935,-0.319745771102038
1.55294,-0.319774726773718
1.552945,-0.319803686327849
1.55295,-0.319832649765105
1.552955,-0.319861617086159
1.55296,-0.319890588291685
1.552965,-0.319919563382346
1.55297,-0.319948542358821
1.552975,-0.319977525221775
1.55298,-0.320006511971886
1.552985,-0.320035502609822
1.55299,-0.320064497136255
1.552995,-0.320093495551862
1.553,-0.320122497857306
1.553005,-0.320151504053265
1.55301,-0.320180514140415
1.553015,-0.320209528119416
1.55302,-0.320238545990956
1.553025,-0.3202675677557
1.55303,-0.320296593414318
1.553035,-0.320325622967492
1.55304,-0.320354656415887
1.553045,-0.320383693760184
1.55305,-0.320412735001052
1.553055,-0.32044178013916
1.55306,-0.320470829175193
1.553065,-0.320499882109816
1.55307,-0.320528938943707
1.553075,-0.320557999677542
1.55308,-0.32058706431199
1.553085,-0.32061613284773
1.55309,-0.320645205285435
1.553095,-0.320674281625781
1.5531,-0.320703361869444
1.553105,-0.320732446017096
1.55311,-0.320761534069412
1.553115,-0.320790626027071
1.55312,-0.320819721890746
1.553125,-0.320848821661114
1.55313,-0.32087792533885
1.553135,-0.320907032924628
1.55314,-0.320936144419132
1.553145,-0.320965259823028
1.55315,-0.320994379136998
1.553155,-0.32102350236172
1.55316,-0.321052629497865
1.553165,-0.321081760546115
1.55317,-0.321110895507145
1.553175,-0.321140034381631
1.55318,-0.321169177170253
1.553185,-0.321198323873687
1.55319,-0.32122747449261
1.553195,-0.321256629027702
1.5532,-0.321285787479638
1.553205,-0.321314949849097
1.55321,-0.321344116136757
1.553215,-0.321373286343295
1.55322,-0.321402460469392
1.553225,-0.321431638515726
1.55323,-0.321460820482975
1.553235,-0.321490006371816
1.55324,-0.321519196182932
1.553245,-0.321548389916999
1.55325,-0.321577587574698
1.553255,-0.321606789156707
1.55326,-0.321635994663708
1.553265,-0.321665204096374
1.55327,-0.321694417455394
1.553275,-0.321723634741443
1.55328,-0.3217528559552
1.553285,-0.321782081097346
1.55329,-0.321811310168565
1.553295,-0.321840543169534
1.5533,-0.321869780100935
1.553305,-0.321899020963446
1.55331,-0.321928265757754
1.553315,-0.321957514484536
1.55332,-0.32198676714447
1.553325,-0.322016023738244
1.55333,-0.322045284266535
1.553335,-0.322074548730027
1.55334,-0.322103817129402
1.553345,-0.322133089465337
1.55335,-0.322162365738522
1.553355,-0.322191645949634
1.55336,-0.32222093009936
1.553365,-0.322250218188375
1.55337,-0.322279510217366
1.553375,-0.322308806187017
1.55338,-0.32233810609801
1.553385,-0.322367409951027
1.55339,-0.322396717746753
1.553395,-0.322426029485867
1.5534,-0.322455345169061
1.553405,-0.322484664797011
1.55341,-0.322513988370403
1.553415,-0.322543315889924
1.55342,-0.322572647356253
1.553425,-0.322601982770079
1.55343,-0.32263132213208
1.553435,-0.322660665442946
1.55344,-0.322690012703363
1.553445,-0.32271936391401
1.55345,-0.322748719075578
1.553455,-0.322778078188747
1.55346,-0.322807441254204
1.553465,-0.322836808272637
1.55347,-0.322866179244727
1.553475,-0.322895554171165
1.55348,-0.322924933052631
1.553485,-0.322954315889814
1.55349,-0.322983702683404
1.553495,-0.323013093434077
1.5535,-0.32304248814253
1.553505,-0.323071886809443
1.55351,-0.323101289435505
1.553515,-0.323130696021404
1.55352,-0.323160106567826
1.553525,-0.323189521075454
1.55353,-0.323218939544981
1.553535,-0.323248361977092
1.55354,-0.323277788372476
1.553545,-0.32330721873182
1.55355,-0.323336653055811
1.553555,-0.323366091345139
1.55356,-0.323395533600488
1.553565,-0.323424979822548
1.55357,-0.323454430012011
1.553575,-0.323483884169559
1.55358,-0.32351334229589
1.553585,-0.323542804391684
1.55359,-0.323572270457633
1.553595,-0.323601740494425
1.5536,-0.323631214502754
1.553605,-0.323660692483305
1.55361,-0.323690174436769
1.553615,-0.323719660363834
1.55362,-0.323749150265193
1.553625,-0.323778644141533
1.55363,-0.323808141993546
1.553635,-0.323837643821923
1.55364,-0.323867149627349
1.553645,-0.323896659410525
1.55365,-0.323926173172128
1.553655,-0.323955690912862
1.55366,-0.32398521263341
1.553665,-0.324014738334465
1.55367,-0.324044268016719
1.553675,-0.324073801680865
1.55368,-0.324103339327593
1.553685,-0.324132880957595
1.55369,-0.324162426571558
1.553695,-0.324191976170181
1.5537,-0.324221529754158
1.553705,-0.324251087324169
1.55371,-0.32428064888092
1.553715,-0.324310214425096
1.55372,-0.324339783957392
1.553725,-0.324369357478503
1.55373,-0.324398934989117
1.553735,-0.324428516489931
1.55374,-0.324458101981638
1.553745,-0.324487691464928
1.55375,-0.324517284940499
1.553755,-0.324546882409044
1.55376,-0.324576483871255
1.553765,-0.324606089327829
1.55377,-0.324635698779456
1.553775,-0.324665312226833
1.55378,-0.324694929670656
1.553785,-0.324724551111615
1.55379,-0.324754176550412
1.553795,-0.324783805987731
1.5538,-0.324813439424277
1.553805,-0.324843076860744
1.55381,-0.324872718297826
1.553815,-0.324902363736213
1.55382,-0.324932013176609
1.553825,-0.324961666619704
1.55383,-0.3249913240662
1.553835,-0.325020985516785
1.55384,-0.325050650972162
1.553845,-0.325080320433024
1.55385,-0.325109993900069
1.553855,-0.325139671373994
1.55386,-0.325169352855495
1.553865,-0.325199038345266
1.55387,-0.325228727844012
1.553875,-0.325258421352423
1.55388,-0.325288118871198
1.553885,-0.325317820401037
1.55389,-0.325347525942634
1.553895,-0.325377235496691
1.5539,-0.325406949063904
1.553905,-0.325436666644969
1.55391,-0.325466388240588
1.553915,-0.325496113851458
1.55392,-0.325525843478279
1.553925,-0.325555577121746
1.55393,-0.32558531478256
1.553935,-0.325615056461422
1.55394,-0.325644802159029
1.553945,-0.32567455187608
1.55395,-0.325704305613276
1.553955,-0.325734063371315
1.55396,-0.325763825150898
1.553965,-0.325793590952724
1.55397,-0.325823360777494
1.553975,-0.325853134625909
1.55398,-0.325882912498666
1.553985,-0.32591269439647
1.55399,-0.325942480320017
1.553995,-0.32597227027001
1.554,-0.32600206424715
1.554005,-0.32603186225214
1.55401,-0.326061664285679
1.554015,-0.326091470348466
1.55402,-0.326121280441208
1.554025,-0.326151094564603
1.55403,-0.326180912719354
1.554035,-0.326210734906163
1.55404,-0.32624056112573
1.554045,-0.326270391378762
1.55405,-0.326300225665961
1.554055,-0.326330063988022
1.55406,-0.326359906345653
1.554065,-0.326389752739559
1.55407,-0.32641960317044
1.554075,-0.326449457639
1.55408,-0.326479316145944
1.554085,-0.326509178691971
1.55409,-0.32653904527779
1.554095,-0.326568915904099
1.5541,-0.326598790571605
1.554105,-0.326628669281015
1.55411,-0.326658552033028
1.554115,-0.326688438828352
1.55412,-0.32671832966769
1.554125,-0.326748224551745
1.55413,-0.326778123481223
1.554135,-0.326808026456831
1.55414,-0.326837933479273
1.554145,-0.326867844549252
1.55415,-0.326897759667475
1.554155,-0.326927678834651
1.55416,-0.326957602051478
1.554165,-0.326987529318669
1.55417,-0.327017460636926
1.554175,-0.327047396006955
1.55418,-0.327077335429466
1.554185,-0.327107278905162
1.55419,-0.32713722643475
1.554195,-0.327167178018937
1.5542,-0.327197133658428
1.554205,-0.327227093353937
1.55421,-0.327257057106162
1.554215,-0.327287024915816
1.55422,-0.327316996783607
1.554225,-0.327346972710237
1.55423,-0.32737695269642
1.554235,-0.327406936742862
1.55424,-0.327436924850269
1.554245,-0.327466917019351
1.55425,-0.327496913250815
1.554255,-0.327526913545371
1.55426,-0.327556917903727
1.554265,-0.327586926326592
1.55427,-0.327616938814676
1.554275,-0.327646955368684
1.55428,-0.327676975989332
1.554285,-0.327707000677321
1.55429,-0.327737029433368
1.554295,-0.327767062258182
1.5543,-0.327797099152467
1.554305,-0.327827140116936
1.55431,-0.327857185152306
1.554315,-0.327887234259276
1.55432,-0.327917287438563
1.554325,-0.327947344690874
1.55433,-0.327977406016923
1.554335,-0.328007471417423
1.55434,-0.328037540893078
1.554345,-0.328067614444605
1.55435,-0.328097692072712
1.554355,-0.328127773778112
1.55436,-0.328157859561517
1.554365,-0.328187949423639
1.55437,-0.328218043365189
1.554375,-0.328248141386881
1.55438,-0.328278243489424
1.554385,-0.328308349673532
1.55439,-0.328338459939918
1.554395,-0.328368574289292
1.5544,-0.328398692722374
1.554405,-0.328428815239867
1.55441,-0.328458941842491
1.554415,-0.32848907253096
1.55442,-0.328519207305981
1.554425,-0.328549346168273
1.55443,-0.328579489118549
1.554435,-0.328609636157522
1.55444,-0.328639787285907
1.554445,-0.328669942504416
1.55445,-0.328700101813765
1.554455,-0.328730265214669
1.55446,-0.32876043270784
1.554465,-0.328790604293998
1.55447,-0.328820779973856
1.554475,-0.328850959748123
1.55448,-0.328881143617521
1.554485,-0.328911331582764
1.55449,-0.328941523644566
1.554495,-0.328971719803645
1.5545,-0.329001920060714
1.554505,-0.329032124416493
1.55451,-0.329062332871695
1.554515,-0.329092545427033
1.55452,-0.329122762083234
1.554525,-0.329152982841004
1.55453,-0.329183207701064
1.554535,-0.329213436664133
1.55454,-0.329243669730925
1.554545,-0.329273906902159
1.55455,-0.32930414817855
1.554555,-0.329334393560815
1.55456,-0.329364643049677
1.554565,-0.329394896645851
1.55457,-0.329425154350053
1.554575,-0.329455416163003
1.55458,-0.329485682085416
1.554585,-0.329515952118014
1.55459,-0.329546226261519
1.554595,-0.329576504516641
1.5546,-0.329606786884107
1.554605,-0.32963707336463
1.55461,-0.329667363958933
1.554615,-0.329697658667732
1.55462,-0.329727957491751
1.554625,-0.329758260431707
1.55463,-0.329788567488318
1.554635,-0.329818878662308
1.55464,-0.329849193954394
1.554645,-0.329879513365296
1.55465,-0.329909836895737
1.554655,-0.329940164546436
1.55466,-0.329970496318112
1.554665,-0.330000832211492
1.55467,-0.330031172227288
1.554675,-0.33006151636623
1.55468,-0.330091864629031
1.554685,-0.330122217016419
1.55469,-0.330152573529112
1.554695,-0.330182934167836
1.5547,-0.330213298933307
1.554705,-0.330243667826252
1.55471,-0.330274040847391
1.554715,-0.330304417997446
1.55472,-0.330334799277143
1.554725,-0.330365184687196
1.55473,-0.330395574228338
1.554735,-0.330425967901289
1.55474,-0.330456365706766
1.554745,-0.3304867676455
1.55475,-0.33051717371821
1.554755,-0.330547583925624
1.55476,-0.330577998268461
1.554765,-0.330608416747448
1.55477,-0.330638839363306
1.554775,-0.330669266116761
1.55478,-0.33069969700854
1.554785,-0.330730132039363
1.55479,-0.330760571209957
1.554795,-0.330791014521046
1.5548,-0.330821461973357
1.554805,-0.330851913567614
1.55481,-0.33088236930454
1.554815,-0.330912829184862
1.55482,-0.330943293209308
1.554825,-0.3309737613786
1.55483,-0.331004233693463
1.554835,-0.331034710154632
1.55484,-0.331065190762822
1.554845,-0.331095675518766
1.55485,-0.331126164423188
1.554855,-0.331156657476813
1.55486,-0.331187154680373
1.554865,-0.331217656034593
1.55487,-0.331248161540199
1.554875,-0.331278671197917
1.55488,-0.331309185008477
1.554885,-0.331339702972603
1.55489,-0.331370225091028
1.554895,-0.331400751364478
1.5549,-0.331431281793677
1.554905,-0.331461816379358
1.55491,-0.331492355122247
1.554915,-0.331522898023073
1.55492,-0.331553445082566
1.554925,-0.331583996301454
1.55493,-0.331614551680465
1.554935,-0.331645111220331
1.55494,-0.331675674921774
1.554945,-0.331706242785533
1.55495,-0.331736814812332
1.554955,-0.331767391002901
1.55496,-0.331797971357974
1.554965,-0.331828555878275
1.55497,-0.331859144564537
1.554975,-0.331889737417491
1.55498,-0.331920334437867
1.554985,-0.331950935626394
1.55499,-0.331981540983806
1.554995,-0.332012150510832
1.555,-0.332042764208203
1.555005,-0.332073382076651
1.55501,-0.332104004116908
1.555015,-0.332134630329705
1.55502,-0.332165260715771
1.555025,-0.332195895275844
1.55503,-0.33222653401065
1.555035,-0.332257176920924
1.55504,-0.332287824007402
1.555045,-0.332318475270806
1.55505,-0.332349130711881
1.555055,-0.33237979033135
1.55506,-0.332410454129952
1.555065,-0.33244112210842
1.55507,-0.332471794267482
1.555075,-0.332502470607878
1.55508,-0.332533151130338
1.555085,-0.332563835835596
1.55509,-0.332594524724386
1.555095,-0.332625217797443
1.5551,-0.332655915055501
1.555105,-0.332686616499294
1.55511,-0.332717322129557
1.555115,-0.332748031947024
1.55512,-0.332778745952429
1.555125,-0.332809464146507
1.55513,-0.332840186529996
1.555135,-0.33287091310363
1.55514,-0.332901643868142
1.555145,-0.332932378824273
1.55515,-0.332963117972754
1.555155,-0.332993861314324
1.55516,-0.333024608849716
1.555165,-0.333055360579666
1.55517,-0.333086116504917
1.555175,-0.333116876626195
1.55518,-0.333147640944248
1.555185,-0.333178409459805
1.55519,-0.333209182173603
1.555195,-0.333239959086385
1.5552,-0.333270740198883
1.555205,-0.333301525511838
1.55521,-0.333332315025987
1.555215,-0.333363108742065
1.55522,-0.333393906660813
1.555225,-0.333424708782966
1.55523,-0.333455515109268
1.555235,-0.333486325640451
1.55524,-0.333517140377256
1.555245,-0.333547959320424
1.55525,-0.333578782470694
1.555255,-0.333609609828797
1.55526,-0.333640441395482
1.555265,-0.333671277171485
1.55527,-0.333702117157543
1.555275,-0.333732961354403
1.55528,-0.333763809762795
1.555285,-0.333794662383463
1.55529,-0.333825519217154
1.555295,-0.333856380264598
1.5553,-0.333887245526539
1.555305,-0.33391811500372
1.55531,-0.333948988696879
1.555315,-0.333979866606759
1.55532,-0.334010748734101
1.555325,-0.334041635079644
1.55533,-0.334072525644134
1.555335,-0.334103420428304
1.55534,-0.334134319432906
1.555345,-0.334165222658677
1.55535,-0.334196130106357
1.555355,-0.334227041776692
1.55536,-0.33425795767042
1.555365,-0.334288877788286
1.55537,-0.334319802131036
1.555375,-0.33435073069941
1.55538,-0.334381663494149
1.555385,-0.334412600516
1.55539,-0.334443541765704
1.555395,-0.334474487244003
1.5554,-0.334505436951642
1.555405,-0.334536390889367
1.55541,-0.334567349057917
1.555415,-0.334598311458043
1.55542,-0.334629278090482
1.555425,-0.334660248955985
1.55543,-0.334691224055292
1.555435,-0.33472220338915
1.55544,-0.334753186958299
1.555445,-0.334784174763492
1.55545,-0.33481516680547
1.555455,-0.334846163084977
1.55546,-0.334877163602763
1.555465,-0.334908168359567
1.55547,-0.334939177356141
1.555475,-0.334970190593228
1.55548,-0.335001208071576
1.555485,-0.335032229791928
1.55549,-0.335063255755033
1.555495,-0.335094285961638
1.5555,-0.335125320412489
1.555505,-0.33515635910833
1.55551,-0.335187402049916
1.555515,-0.335218449237988
1.55552,-0.335249500673293
1.555525,-0.335280556356581
1.55553,-0.335311616288598
1.555535,-0.335342680470094
1.55554,-0.335373748901816
1.555545,-0.335404821584512
1.55555,-0.335435898518929
1.555555,-0.335466979705819
1.55556,-0.335498065145928
1.555565,-0.335529154840007
1.55557,-0.3355602487888
1.555575,-0.335591346993065
1.55558,-0.335622449453541
1.555585,-0.335653556170988
1.55559,-0.335684667146147
1.555595,-0.335715782379769
1.5556,-0.33574690187261
1.555605,-0.335778025625413
1.55561,-0.335809153638933
1.555615,-0.335840285913919
1.55562,-0.33587142245112
1.555625,-0.335902563251292
1.55563,-0.335933708315177
1.555635,-0.335964857643534
1.55564,-0.335996011237112
1.555645,-0.33602716909666
1.55565,-0.336058331222934
1.555655,-0.336089497616681
1.55566,-0.336120668278654
1.555665,-0.336151843209608
1.55567,-0.336183022410293
1.555675,-0.336214205881462
1.55568,-0.336245393623866
1.555685,-0.336276585638257
1.55569,-0.336307781925393
1.555695,-0.336338982486021
1.5557,-0.336370187320898
1.555705,-0.336401396430774
1.55571,-0.336432609816407
1.555715,-0.336463827478551
1.55572,-0.336495049417952
1.555725,-0.33652627563537
1.55573,-0.336557506131558
1.555735,-0.336588740907271
1.55574,-0.336619979963262
1.555745,-0.336651223300288
1.55575,-0.336682470919099
1.555755,-0.336713722820458
1.55576,-0.336744979005112
1.555765,-0.336776239473819
1.55577,-0.336807504227334
1.555775,-0.336838773266413
1.55578,-0.336870046591816
1.555785,-0.336901324204289
1.55579,-0.336932606104597
1.555795,-0.336963892293495
1.5558,-0.336995182771737
1.555805,-0.337026477540076
1.55581,-0.337057776599277
1.555815,-0.337089079950088
1.55582,-0.337120387593276
1.555825,-0.337151699529592
1.55583,-0.337183015759791
1.555835,-0.337214336284634
1.55584,-0.337245661104879
1.555845,-0.337276990221282
1.55585,-0.337308323634603
1.555855,-0.337339661345599
1.55586,-0.337371003355029
1.555865,-0.33740234966365
1.55587,-0.337433700272219
1.555875,-0.337465055181502
1.55588,-0.337496414392251
1.555885,-0.337527777905227
1.55589,-0.337559145721192
1.555895,-0.337590517840899
1.5559,-0.337621894265114
1.555905,-0.337653274994592
1.55591,-0.337684660030097
1.555915,-0.337716049372387
1.55592,-0.337747443022221
1.555925,-0.337778840980366
1.55593,-0.337810243247572
1.555935,-0.337841649824609
1.55594,-0.337873060712232
1.555945,-0.337904475911204
1.55595,-0.337935895422288
1.555955,-0.337967319246241
1.55596,-0.337998747383827
1.555965,-0.338030179835812
1.55597,-0.338061616602949
1.555975,-0.338093057686006
1.55598,-0.338124503085747
1.555985,-0.338155952802929
1.55599,-0.338187406838319
1.555995,-0.338218865192674
1.556,-0.33825032786676
1.556005,-0.338281794861343
1.55601,-0.338313266177183
1.556015,-0.338344741815043
1.55602,-0.338376221775686
1.556025,-0.338407706059878
1.55603,-0.338439194668382
1.556035,-0.338470687601961
1.55604,-0.338502184861378
1.556045,-0.338533686447403
1.55605,-0.338565192360795
1.556055,-0.338596702602319
1.55606,-0.338628217172742
1.556065,-0.338659736072827
1.55607,-0.338691259303341
1.556075,-0.338722786865048
1.55608,-0.338754318758712
1.556085,-0.338785854985103
1.55609,-0.338817395544979
1.556095,-0.338848940439113
1.5561,-0.338880489668271
1.556105,-0.338912043233215
1.55611,-0.338943601134717
1.556115,-0.338975163373538
1.55612,-0.339006729950446
1.556125,-0.339038300866211
1.55613,-0.339069876121594
1.556135,-0.339101455717369
1.55614,-0.339133039654301
1.556145,-0.339164627933155
1.55615,-0.339196220554703
1.556155,-0.339227817519708
1.55616,-0.339259418828942
1.556165,-0.339291024483175
1.55617,-0.339322634483167
1.556175,-0.339354248829694
1.55618,-0.339385867523522
1.556185,-0.339417490565423
1.55619,-0.339449117956159
1.556195,-0.339480749696505
1.5562,-0.339512385787231
1.556205,-0.339544026229102
1.55621,-0.339575671022893
1.556215,-0.339607320169367
1.55622,-0.3396389736693
1.556225,-0.339670631523462
1.55623,-0.33970229373262
1.556235,-0.339733960297546
1.55624,-0.339765631219009
1.556245,-0.339797306497781
1.55625,-0.339828986134636
1.556255,-0.339860670130342
1.55626,-0.339892358485669
1.556265,-0.339924051201393
1.55627,-0.339955748278284
1.556275,-0.339987449717111
1.55628,-0.340019155518649
1.556285,-0.340050865683668
1.55629,-0.340082580212941
1.556295,-0.340114299107242
1.5563,-0.34014602236734
1.556305,-0.340177749994012
1.55631,-0.34020948198803
1.556315,-0.340241218350166
1.55632,-0.340272959081194
1.556325,-0.340304704181886
1.55633,-0.340336453653017
1.556335,-0.34036820749536
1.55634,-0.340399965709693
1.556345,-0.340431728296782
1.55635,-0.34046349525741
1.556355,-0.340495266592344
1.55636,-0.340527042302363
1.556365,-0.340558822388243
1.55637,-0.340590606850755
1.556375,-0.340622395690677
1.55638,-0.34065418890878
1.556385,-0.340685986505846
1.55639,-0.340717788482645
1.556395,-0.340749594839957
1.5564,-0.340781405578555
1.556405,-0.340813220699216
1.55641,-0.340845040202716
1.556415,-0.340876864089831
1.55642,-0.340908692361341
1.556425,-0.340940525018019
1.55643,-0.340972362060643
1.556435,-0.341004203489989
1.55644,-0.341036049306836
1.556445,-0.341067899511963
1.55645,-0.341099754106143
1.556455,-0.341131613090159
1.55646,-0.341163476464784
1.556465,-0.341195344230799
1.55647,-0.341227216388982
1.556475,-0.341259092940109
1.55648,-0.341290973884961
1.556485,-0.34132285922432
1.55649,-0.341354748958956
1.556495,-0.341386643089658
1.5565,-0.341418541617198
1.556505,-0.34145044454236
1.55651,-0.341482351865922
1.556515,-0.341514263588662
1.55652,-0.341546179711363
1.556525,-0.341578100234802
1.55653,-0.341610025159761
1.556535,-0.34164195448702
1.55654,-0.34167388821736
1.556545,-0.34170582635156
1.55655,-0.341737768890407
1.556555,-0.341769715834673
1.55656,-0.341801667185146
1.556565,-0.341833622942607
1.55657,-0.341865583107832
1.556575,-0.341897547681611
1.55658,-0.341929516664717
1.556585,-0.341961490057937
1.55659,-0.341993467862058
1.556595,-0.342025450077853
1.5566,-0.342057436706111
1.556605,-0.342089427747613
1.55661,-0.34212142320314
1.556615,-0.342153423073479
1.55662,-0.342185427359408
1.556625,-0.342217436061715
1.55663,-0.342249449181183
1.556635,-0.342281466718593
1.55664,-0.342313488674733
1.556645,-0.342345515050386
1.55665,-0.342377545846333
1.556655,-0.342409581063362
1.55666,-0.342441620702255
1.556665,-0.342473664763798
1.55667,-0.342505713248777
1.556675,-0.342537766157977
1.55668,-0.342569823492181
1.556685,-0.342601885252175
1.55669,-0.342633951438745
1.556695,-0.342666022052679
1.5567,-0.342698097094762
1.556705,-0.342730176565778
1.55671,-0.342762260466518
1.556715,-0.34279434879776
1.55672,-0.342826441560297
1.556725,-0.342858538754916
1.55673,-0.342890640382401
1.556735,-0.342922746443545
1.55674,-0.342954856939126
1.556745,-0.342986971869938
1.55675,-0.343019091236767
1.556755,-0.343051215040401
1.55676,-0.343083343281628
1.556765,-0.343115475961235
1.55677,-0.343147613080012
1.556775,-0.343179754638747
1.55678,-0.343211900638227
1.556785,-0.343244051079246
1.55679,-0.343276205962585
1.556795,-0.343308365289038
1.5568,-0.343340529059396
1.556805,-0.343372697274443
1.55681,-0.343404869934973
1.556815,-0.343437047041776
1.55682,-0.343469228595641
1.556825,-0.343501414597358
1.55683,-0.343533605047714
1.556835,-0.343565799947507
1.55684,-0.34359799929752
1.556845,-0.343630203098548
1.55685,-0.343662411351382
1.556855,-0.343694624056812
1.55686,-0.343726841215631
1.556865,-0.343759062828627
1.55687,-0.343791288896597
1.556875,-0.343823519420328
1.55688,-0.343855754400615
1.556885,-0.343887993838246
1.55689,-0.34392023773402
1.556895,-0.343952486088723
1.5569,-0.343984738903155
1.556905,-0.344016996178099
1.55691,-0.344049257914356
1.556915,-0.344081524112718
1.55692,-0.344113794773978
1.556925,-0.344146069898924
1.55693,-0.344178349488361
1.556935,-0.344210633543074
1.55694,-0.344242922063859
1.556945,-0.344275215051512
1.55695,-0.344307512506824
1.556955,-0.344339814430593
1.55696,-0.344372120823611
1.556965,-0.344404431686676
1.55697,-0.344436747020582
1.556975,-0.344469066826123
1.55698,-0.344501391104096
1.556985,-0.344533719855296
1.55699,-0.344566053080518
1.556995,-0.344598390780558
1.557,-0.344630732956212
1.557005,-0.34466307960828
1.55701,-0.34469543073755
1.557015,-0.344727786344828
1.55702,-0.344760146430909
1.557025,-0.344792510996584
1.55703,-0.344824880042654
1.557035,-0.344857253569918
1.55704,-0.34488963157917
1.557045,-0.344922014071211
1.55705,-0.344954401046835
1.557055,-0.344986792506845
1.55706,-0.345019188452035
1.557065,-0.345051588883205
1.55707,-0.345083993801154
1.557075,-0.34511640320668
1.55708,-0.345148817100579
1.557085,-0.345181235483653
1.55709,-0.345213658356702
1.557095,-0.345246085720526
1.5571,-0.34527851757592
1.557105,-0.345310953923689
1.55711,-0.345343394764629
1.557115,-0.34537584009954
1.55712,-0.345408289929227
1.557125,-0.345440744254485
1.55713,-0.345473203076118
1.557135,-0.345505666394924
1.55714,-0.345538134211705
1.557145,-0.345570606527261
1.55715,-0.3456030833424
1.557155,-0.345635564657913
1.55716,-0.345668050474609
1.557165,-0.345700540793286
1.55717,-0.345733035614748
1.557175,-0.345765534939799
1.55718,-0.345798038769233
1.557185,-0.345830547103864
1.55719,-0.345863059944486
1.557195,-0.345895577291903
1.5572,-0.345928099146922
1.557205,-0.345960625510344
1.55721,-0.345993156382972
1.557215,-0.346025691765608
1.55722,-0.346058231659056
1.557225,-0.346090776064123
1.55723,-0.346123324981611
1.557235,-0.346155878412325
1.55724,-0.346188436357067
1.557245,-0.346220998816644
1.55725,-0.346253565791858
1.557255,-0.346286137283518
1.55726,-0.346318713292426
1.557265,-0.346351293819391
1.55727,-0.346383878865208
1.557275,-0.346416468430694
1.55728,-0.346449062516651
1.557285,-0.346481661123883
1.55729,-0.346514264253198
1.557295,-0.346546871905404
1.5573,-0.346579484081302
1.557305,-0.346612100781705
1.55731,-0.346644722007413
1.557315,-0.346677347759241
1.55732,-0.346709978037989
1.557325,-0.346742612844465
1.55733,-0.346775252179483
1.557335,-0.346807896043844
1.55734,-0.346840544438354
1.557345,-0.34687319736383
1.55735,-0.346905854821072
1.557355,-0.346938516810891
1.55736,-0.346971183334099
1.557365,-0.3470038543915
1.55737,-0.347036529983906
1.557375,-0.347069210112122
1.55738,-0.347101894776961
1.557385,-0.34713458397923
1.55739,-0.347167277719741
1.557395,-0.3471999759993
1.5574,-0.347232678818722
1.557405,-0.34726538617881
1.55741,-0.347298098080382
1.557415,-0.347330814524244
1.55742,-0.347363535511208
1.557425,-0.347396261042085
1.55743,-0.347428991117681
1.557435,-0.347461725738814
1.55744,-0.347494464906292
1.557445,-0.347527208620928
1.55745,-0.347559956883534
1.557455,-0.347592709694919
1.55746,-0.347625467055898
1.557465,-0.347658228967278
1.55747,-0.347690995429877
1.557475,-0.347723766444504
1.55748,-0.347756542011979
1.557485,-0.347789322133101
1.55749,-0.347822106808697
1.557495,-0.347854896039571
1.5575,-0.347887689826542
1.557505,-0.34792048817042
1.55751,-0.347953291072017
1.557515,-0.347986098532154
1.55752,-0.348018910551641
1.557525,-0.348051727131292
1.55753,-0.34808454827192
1.557535,-0.348117373974341
1.55754,-0.348150204239371
1.557545,-0.348183039067825
1.55755,-0.348215878460514
1.557555,-0.348248722418259
1.55756,-0.348281570941874
1.557565,-0.348314424032171
1.55757,-0.34834728168997
1.557575,-0.348380143916082
1.55758,-0.348413010711333
1.557585,-0.348445882076528
1.55759,-0.348478758012492
1.557595,-0.348511638520036
1.5576,-0.348544523599977
1.557605,-0.348577413253139
1.55761,-0.348610307480329
1.557615,-0.348643206282374
1.55762,-0.348676109660087
1.557625,-0.348709017614287
1.55763,-0.348741930145789
1.557635,-0.348774847255415
1.55764,-0.348807768943979
1.557645,-0.348840695212305
1.55765,-0.348873626061204
1.557655,-0.348906561491507
1.55766,-0.348939501504018
1.557665,-0.348972446099569
1.55767,-0.349005395278972
1.557675,-0.349038349043049
1.55768,-0.349071307392617
1.557685,-0.349104270328502
1.55769,-0.349137237851518
1.557695,-0.349170209962486
1.5577,-0.34920318666223
1.557705,-0.34923616795157
1.55771,-0.349269153831323
1.557715,-0.349302144302313
1.55772,-0.34933513936536
1.557725,-0.349368139021285
1.55773,-0.349401143270911
1.557735,-0.349434152115059
1.55774,-0.349467165554547
1.557745,-0.349500183590206
1.55775,-0.34953320622285
1.557755,-0.349566233453305
1.55776,-0.349599265282392
1.557765,-0.349632301710931
1.55777,-0.349665342739752
1.557775,-0.349698388369676
1.55778,-0.349731438601521
1.557785,-0.349764493436116
1.55779,-0.34979755287428
1.557795,-0.349830616916841
1.5578,-0.349863685564622
1.557805,-0.349896758818445
1.55781,-0.349929836679136
1.557815,-0.349962919147519
1.55782,-0.349996006224419
1.557825,-0.350029097910664
1.55783,-0.350062194207072
1.557835,-0.350095295114471
1.55784,-0.35012840063369
1.557845,-0.35016151076555
1.55785,-0.350194625510881
1.557855,-0.350227744870505
1.55786,-0.35026086884525
1.557865,-0.350293997435942
1.55787,-0.350327130643404
1.557875,-0.35036026846847
1.55788,-0.350393410911961
1.557885,-0.350426557974707
1.55789,-0.350459709657534
1.557895,-0.350492865961266
1.5579,-0.350526026886737
1.557905,-0.350559192434769
1.55791,-0.350592362606191
1.557915,-0.350625537401838
1.55792,-0.350658716822526
1.557925,-0.350691900869093
1.55793,-0.350725089542365
1.557935,-0.350758282843167
1.55794,-0.350791480772335
1.557945,-0.350824683330696
1.55795,-0.350857890519071
1.557955,-0.350891102338302
1.55796,-0.35092431878921
1.557965,-0.350957539872628
1.55797,-0.350990765589385
1.557975,-0.35102399594031
1.55798,-0.35105723092624
1.557985,-0.351090470547999
1.55799,-0.351123714806415
1.557995,-0.351156963702328
1.558,-0.351190217236561
1.558005,-0.351223475409953
1.55801,-0.351256738223329
1.558015,-0.351290005677518
1.55802,-0.351323277773367
1.558025,-0.35135655451169
1.55803,-0.351389835893326
1.558035,-0.351423121919112
1.55804,-0.351456412589872
1.558045,-0.351489707906448
1.55805,-0.351523007869666
1.558055,-0.351556312480361
1.55806,-0.351589621739367
1.558065,-0.351622935647516
1.55807,-0.351656254205643
1.558075,-0.351689577414583
1.55808,-0.351722905275165
1.558085,-0.351756237788227
1.55809,-0.351789574954606
1.558095,-0.351822916775128
1.5581,-0.351856263250637
1.558105,-0.351889614381961
1.55811,-0.351922970169938
1.558115,-0.351956330615404
1.55812,-0.351989695719193
1.558125,-0.352023065482142
1.55813,-0.352056439905084
1.558135,-0.352089818988857
1.55814,-0.352123202734298
1.558145,-0.352156591142239
1.55815,-0.352189984213522
1.558155,-0.352223381948981
1.55816,-0.352256784349453
1.558165,-0.352290191415775
1.55817,-0.352323603148784
1.558175,-0.352357019549317
1.55818,-0.352390440618215
1.558185,-0.352423866356308
1.55819,-0.352457296764442
1.558195,-0.352490731843455
1.5582,-0.352524171594178
1.558205,-0.352557616017453
1.55821,-0.352591065114124
1.558215,-0.352624518885023
1.55822,-0.35265797733099
1.558225,-0.352691440452866
1.55823,-0.352724908251491
1.558235,-0.352758380727703
1.55824,-0.352791857882342
1.558245,-0.352825339716247
1.55825,-0.352858826230258
1.558255,-0.352892317425221
1.55826,-0.352925813301969
1.558265,-0.352959313861344
1.55827,-0.352992819104192
1.558275,-0.353026329031349
1.55828,-0.353059843643658
1.558285,-0.35309336294196
1.55829,-0.353126886927095
1.558295,-0.353160415599906
1.5583,-0.353193948961238
1.558305,-0.353227487011927
1.55831,-0.353261029752821
1.558315,-0.353294577184761
1.55832,-0.353328129308586
1.558325,-0.353361686125143
1.55833,-0.353395247635273
1.558335,-0.353428813839821
1.55834,-0.353462384739626
1.558345,-0.35349596033554
1.55835,-0.353529540628394
1.558355,-0.353563125619043
1.55836,-0.353596715308329
1.558365,-0.353630309697095
1.55837,-0.353663908786182
1.558375,-0.353697512576441
1.55838,-0.353731121068712
1.558385,-0.353764734263844
1.55839,-0.353798352162677
1.558395,-0.353831974766059
1.5584,-0.353865602074839
1.558405,-0.353899234089859
1.55841,-0.353932870811965
1.558415,-0.353966512242002
1.55842,-0.35400015838082
1.558425,-0.354033809229261
1.55843,-0.354067464788176
1.558435,-0.354101125058409
1.55844,-0.354134790040809
1.558445,-0.35416845973622
1.55845,-0.354202134145496
1.558455,-0.354235813269479
1.55846,-0.354269497109016
1.558465,-0.354303185664958
1.55847,-0.35433687893815
1.558475,-0.354370576929444
1.55848,-0.354404279639687
1.558485,-0.354437987069727
1.55849,-0.354471699220414
1.558495,-0.354505416092595
1.5585,-0.354539137687122
1.558505,-0.354572864004843
1.55851,-0.354606595046608
1.558515,-0.354640330813268
1.55852,-0.354674071305668
1.558525,-0.354707816524663
1.55853,-0.354741566471102
1.558535,-0.354775321145834
1.55854,-0.354809080549716
1.558545,-0.354842844683589
1.55855,-0.354876613548309
1.558555,-0.354910387144733
1.55856,-0.354944165473701
1.558565,-0.354977948536073
1.55857,-0.3550117363327
1.558575,-0.355045528864428
1.55858,-0.355079326132118
1.558585,-0.355113128136613
1.55859,-0.355146934878773
1.558595,-0.35518074635945
1.5586,-0.355214562579492
1.558605,-0.355248383539756
1.55861,-0.355282209241094
1.558615,-0.355316039684358
1.55862,-0.355349874870408
1.558625,-0.35538371480009
1.55863,-0.355417559474263
1.558635,-0.355451408893778
1.55864,-0.355485263059492
1.558645,-0.35551912197226
1.55865,-0.355552985632934
1.558655,-0.355586854042367
1.55866,-0.355620727201424
1.558665,-0.35565460511095
1.55867,-0.355688487771804
1.558675,-0.355722375184841
1.55868,-0.355756267350918
1.558685,-0.355790164270895
1.55869,-0.35582406594562
1.558695,-0.355857972375956
1.5587,-0.355891883562755
1.558705,-0.355925799506876
1.55871,-0.35595972020918
1.558715,-0.355993645670515
1.55872,-0.356027575891745
1.558725,-0.356061510873727
1.55873,-0.356095450617318
1.558735,-0.356129395123376
1.55874,-0.356163344392757
1.558745,-0.356197298426321
1.55875,-0.356231257224929
1.558755,-0.356265220789435
1.55876,-0.356299189120702
1.558765,-0.356333162219586
1.55877,-0.356367140086947
1.558775,-0.356401122723647
1.55878,-0.356435110130541
1.558785,-0.356469102308491
1.55879,-0.35650309925836
1.558795,-0.356537100980999
1.5588,-0.356571107477281
1.558805,-0.356605118748061
1.55881,-0.356639134794191
1.558815,-0.356673155616545
1.55882,-0.356707181215978
1.558825,-0.356741211593353
1.55883,-0.35677524674953
1.558835,-0.356809286685371
1.55884,-0.356843331401739
1.558845,-0.356877380899494
1.55885,-0.356911435179499
1.558855,-0.356945494242619
1.55886,-0.356979558089711
1.558865,-0.357013626721642
1.55887,-0.357047700139274
1.558875,-0.357081778343471
1.55888,-0.357115861335093
1.558885,-0.357149949115007
1.55889,-0.357184041684077
1.558895,-0.357218139043167
1.5589,-0.357252241193135
1.558905,-0.357286348134852
1.55891,-0.357320459869182
1.558915,-0.357354576396987
1.55892,-0.357388697719131
1.558925,-0.357422823836484
1.55893,-0.357456954749906
1.558935,-0.357491090460263
1.55894,-0.357525230968424
1.558945,-0.357559376275253
1.55895,-0.357593526381615
1.558955,-0.357627681288376
1.55896,-0.357661840996407
1.558965,-0.357696005506566
1.55897,-0.357730174819728
1.558975,-0.357764348936756
1.55898,-0.357798527858515
1.558985,-0.357832711585876
1.55899,-0.357866900119706
1.558995,-0.357901093460868
1.559,-0.357935291610238
1.559005,-0.357969494568679
1.55901,-0.358003702337059
1.559015,-0.358037914916248
1.55902,-0.35807213230711
1.559025,-0.358106354510523
1.55903,-0.358140581527349
1.559035,-0.358174813358457
1.55904,-0.35820905000472
1.559045,-0.358243291467003
1.55905,-0.35827753774618
1.559055,-0.35831178884312
1.55906,-0.358346044758691
1.559065,-0.358380305493768
1.55907,-0.358414571049215
1.559075,-0.358448841425907
1.55908,-0.358483116624712
1.559085,-0.358517396646504
1.55909,-0.358551681492153
1.559095,-0.358585971162531
1.5591,-0.358620265658507
1.559105,-0.358654564980956
1.55911,-0.35868886913075
1.559115,-0.35872317810876
1.55912,-0.358757491915855
1.559125,-0.35879181055291
1.55913,-0.358826134020804
1.559135,-0.358860462320403
1.55914,-0.358894795452582
1.559145,-0.358929133418211
1.55915,-0.358963476218169
1.559155,-0.358997823853326
1.55916,-0.359032176324558
1.559165,-0.359066533632739
1.55917,-0.35910089577874
1.559175,-0.359135262763441
1.55918,-0.359169634587713
1.559185,-0.359204011252429
1.55919,-0.359238392758468
1.559195,-0.359272779106704
1.5592,-0.359307170298011
1.559205,-0.359341566333266
1.55921,-0.359375967213347
1.559215,-0.359410372939123
1.55922,-0.359444783511476
1.559225,-0.359479198931282
1.55923,-0.359513619199418
1.559235,-0.359548044316756
1.55924,-0.359582474284179
1.559245,-0.359616909102562
1.55925,-0.359651348772778
1.559255,-0.35968579329571
1.55926,-0.359720242672234
1.559265,-0.359754696903228
1.55927,-0.359789155989569
1.559275,-0.359823619932135
1.55928,-0.359858088731809
1.559285,-0.359892562389463
1.55929,-0.359927040905982
1.559295,-0.35996152428224
1.5593,-0.359996012519118
1.559305,-0.360030505617496
1.55931,-0.360065003578253
1.559315,-0.36009950640227
1.55932,-0.360134014090426
1.559325,-0.3601685266436
1.55933,-0.360203044062674
1.559335,-0.360237566348532
1.55934,-0.360272093502046
1.559345,-0.360306625524103
1.55935,-0.360341162415584
1.559355,-0.36037570417737
1.55936,-0.360410250810341
1.559365,-0.36044480231538
1.55937,-0.360479358693367
1.559375,-0.360513919945188
1.55938,-0.36054848607172
1.559385,-0.360583057073849
1.55939,-0.360617632952461
1.559395,-0.360652213708431
1.5594,-0.360686799342647
1.559405,-0.360721389855991
1.55941,-0.360755985249347
1.559415,-0.360790585523599
1.55942,-0.360825190679629
1.559425,-0.360859800718323
1.55943,-0.360894415640564
1.559435,-0.360929035447236
1.55944,-0.360963660139225
1.559445,-0.360998289717414
1.55945,-0.361032924182692
1.559455,-0.361067563535939
1.55946,-0.361102207778043
1.559465,-0.36113685690989
1.55947,-0.361171510932365
1.559475,-0.361206169846352
1.55948,-0.361240833652741
1.559485,-0.361275502352415
1.55949,-0.361310175946263
1.559495,-0.361344854435171
1.5595,-0.361379537820025
1.559505,-0.361414226101714
1.55951,-0.361448919281121
1.559515,-0.361483617359138
1.55952,-0.361518320336651
1.559525,-0.361553028214549
1.55953,-0.361587740993717
1.559535,-0.361622458675046
1.55954,-0.361657181259423
1.559545,-0.361691908747741
1.55955,-0.361726641140882
1.559555,-0.361761378439741
1.55956,-0.361796120645204
1.559565,-0.361830867758158
1.55957,-0.361865619779498
1.559575,-0.361900376710112
1.55958,-0.361935138550886
1.559585,-0.361969905302717
1.55959,-0.362004676966491
1.559595,-0.362039453543099
1.5596,-0.362074235033434
1.559605,-0.362109021438381
1.55961,-0.362143812758841
1.559615,-0.362178608995699
1.55962,-0.362213410149846
1.559625,-0.362248216222174
1.55963,-0.362283027213577
1.559635,-0.362317843124951
1.55964,-0.362352663957177
1.559645,-0.362387489711156
1.55965,-0.36242232038778
1.559655,-0.362457155987939
1.55966,-0.362491996512532
1.559665,-0.362526841962445
1.55967,-0.362561692338574
1.559675,-0.362596547641815
1.55968,-0.362631407873059
1.559685,-0.362666273033203
1.55969,-0.362701143123138
1.559695,-0.362736018143761
1.5597,-0.362770898095968
1.559705,-0.362805782980648
1.55971,-0.362840672798704
1.559715,-0.362875567551023
1.55972,-0.362910467238508
1.559725,-0.36294537186205
1.55973,-0.362980281422545
1.559735,-0.363015195920888
1.55974,-0.36305011535798
1.559745,-0.363085039734717
1.55975,-0.363119969051989
1.559755,-0.363154903310698
1.55976,-0.363189842511743
1.559765,-0.363224786656017
1.55977,-0.363259735744419
1.559775,-0.363294689777844
1.55978,-0.363329648757196
1.559785,-0.363364612683365
1.55979,-0.363399581557257
1.559795,-0.363434555379765
1.5598,-0.363469534151789
1.559805,-0.363504517874229
1.55981,-0.363539506547983
1.559815,-0.363574500173949
1.55982,-0.363609498753031
1.559825,-0.363644502286123
1.55983,-0.363679510774127
1.559835,-0.363714524217943
1.55984,-0.36374954261847
1.559845,-0.363784565976612
1.55985,-0.363819594293267
1.559855,-0.363854627569334
1.55986,-0.363889665805716
1.559865,-0.363924709003314
1.55987,-0.36395975716303
1.559875,-0.363994810285764
1.55988,-0.364029868372417
1.559885,-0.364064931423895
1.55989,-0.364099999441097
1.559895,-0.364135072424926
1.5599,-0.364170150376281
1.559905,-0.364205233296071
1.55991,-0.364240321185195
1.559915,-0.364275414044559
1.55992,-0.364310511875062
1.559925,-0.364345614677612
1.55993,-0.364380722453109
1.559935,-0.36441583520246
1.55994,-0.364450952926564
1.559945,-0.36448607562633
1.55995,-0.364521203302663
1.559955,-0.364556335956466
1.55996,-0.364591473588646
1.559965,-0.364626616200102
1.55997,-0.364661763791743
1.559975,-0.364696916364477
1.55998,-0.364732073919207
1.559985,-0.36476723645684
1.55999,-0.364802403978279
1.559995,-0.364837576484433
1.56,-0.36487275397621
1.560005,-0.364907936454516
1.56001,-0.364943123920251
1.560015,-0.364978316374335
1.56002,-0.365013513817663
1.560025,-0.365048716251149
1.56003,-0.365083923675697
1.560035,-0.365119136092219
1.56004,-0.36515435350162
1.560045,-0.365189575904811
1.56005,-0.365224803302697
1.560055,-0.365260035696187
1.56006,-0.365295273086193
1.560065,-0.365330515473623
1.56007,-0.365365762859385
1.560075,-0.365401015244385
1.56008,-0.365436272629542
1.560085,-0.365471535015758
1.56009,-0.365506802403946
1.560095,-0.365542074795016
1.5601,-0.365577352189877
1.560105,-0.365612634589441
1.56011,-0.365647921994617
1.560115,-0.365683214406319
1.56012,-0.365718511825458
1.560125,-0.365753814252942
1.56013,-0.365789121689688
1.560135,-0.365824434136601
1.56014,-0.3658597515946
1.560145,-0.365895074064593
1.56015,-0.365930401547491
1.560155,-0.365965734044211
1.56016,-0.366001071555664
1.560165,-0.366036414082763
1.56017,-0.36607176162642
1.560175,-0.366107114187551
1.56018,-0.366142471767066
1.560185,-0.366177834365884
1.56019,-0.366213201984911
1.560195,-0.366248574625074
1.5602,-0.366283952287276
1.560205,-0.366319334972432
1.56021,-0.366354722681464
1.560215,-0.366390115415282
1.56022,-0.366425513174803
1.560225,-0.36646091596094
1.56023,-0.366496323774612
1.560235,-0.366531736616734
1.56024,-0.366567154488219
1.560245,-0.36660257738999
1.56025,-0.366638005322953
1.560255,-0.36667343828803
1.56026,-0.366708876286146
1.560265,-0.366744319318207
1.56027,-0.366779767385132
1.560275,-0.366815220487842
1.56028,-0.36685067862725
1.560285,-0.366886141804279
1.56029,-0.366921610019843
1.560295,-0.366957083274865
1.5603,-0.366992561570258
1.560305,-0.367028044906943
1.56031,-0.36706353328584
1.560315,-0.367099026707864
1.56032,-0.367134525173938
1.560325,-0.367170028684983
1.56033,-0.367205537241914
1.560335,-0.367241050845653
1.56034,-0.367276569497122
1.560345,-0.367312093197238
1.56035,-0.367347621946923
1.560355,-0.367383155747097
1.56036,-0.367418694598679
1.560365,-0.367454238502596
1.56037,-0.367489787459763
1.560375,-0.367525341471106
1.56038,-0.367560900537543
1.560385,-0.36759646466
1.56039,-0.367632033839394
1.560395,-0.367667608076649
1.5604,-0.367703187372691
1.560405,-0.36773877172844
1.56041,-0.367774361144818
1.560415,-0.367809955622752
1.56042,-0.367845555163158
1.560425,-0.367881159766964
1.56043,-0.367916769435094
1.560435,-0.367952384168471
1.56044,-0.36798800396802
1.560445,-0.368023628834666
1.56045,-0.368059258769331
1.560455,-0.36809489377294
1.56046,-0.368130533846421
1.560465,-0.368166178990691
1.56047,-0.368201829206688
1.560475,-0.368237484495328
1.56048,-0.368273144857541
1.560485,-0.368308810294248
1.56049,-0.368344480806379
1.560495,-0.368380156394863
1.5605,-0.368415837060621
1.560505,-0.368451522804579
1.56051,-0.368487213627671
1.560515,-0.368522909530819
1.56052,-0.368558610514953
1.560525,-0.368594316580996
1.56053,-0.368630027729878
1.560535,-0.368665743962531
1.56054,-0.368701465279877
1.560545,-0.36873719168285
1.56055,-0.368772923172372
1.560555,-0.368808659749377
1.56056,-0.368844401414792
1.560565,-0.368880148169546
1.56057,-0.368915900014567
1.560575,-0.36895165695079
1.56058,-0.368987418979139
1.560585,-0.369023186100548
1.56059,-0.369058958315944
1.560595,-0.369094735626258
1.5606,-0.369130518032423
1.560605,-0.369166305535367
1.56061,-0.369202098136026
1.560615,-0.369237895835321
1.56062,-0.369273698634193
1.560625,-0.36930950653357
1.56063,-0.369345319534385
1.560635,-0.369381137637568
1.56064,-0.369416960844052
1.560645,-0.369452789154771
1.56065,-0.369488622570656
1.560655,-0.369524461092639
1.56066,-0.369560304721656
1.560665,-0.369596153458636
1.56067,-0.369632007304519
1.560675,-0.369667866260234
1.56068,-0.369703730326714
1.560685,-0.369739599504894
1.56069,-0.36977547379571
1.560695,-0.369811353200096
1.5607,-0.369847237718985
1.560705,-0.369883127353314
1.56071,-0.369919022104016
1.560715,-0.369954921972028
1.56072,-0.369990826958283
1.560725,-0.370026737063721
1.56073,-0.370062652289276
1.560735,-0.370098572635879
1.56074,-0.370134498104476
1.560745,-0.370170428695995
1.56075,-0.370206364411377
1.560755,-0.370242305251561
1.56076,-0.370278251217478
1.560765,-0.370314202310068
1.56077,-0.370350158530273
1.560775,-0.370386119879023
1.56078,-0.370422086357262
1.560785,-0.370458057965925
1.56079,-0.370494034705952
1.560795,-0.370530016578282
1.5608,-0.370566003583851
1.560805,-0.3706019957236
1.56081,-0.37063799299847
1.560815,-0.370673995409394
1.56082,-0.370710002957321
1.560825,-0.370746015643185
1.56083,-0.370782033467927
1.560835,-0.370818056432487
1.56084,-0.370854084537804
1.560845,-0.370890117784822
1.56085,-0.37092615617448
1.560855,-0.370962199707718
1.56086,-0.370998248385479
1.560865,-0.371034302208703
1.56087,-0.371070361178335
1.560875,-0.371106425295313
1.56088,-0.37114249456058
1.560885,-0.371178568975081
1.56089,-0.371214648539754
1.560895,-0.371250733255547
1.5609,-0.371286823123399
1.560905,-0.371322918144254
1.56091,-0.371359018319056
1.560915,-0.371395123648746
1.56092,-0.371431234134271
1.560925,-0.371467349776576
1.56093,-0.371503470576602
1.560935,-0.371539596535294
1.56094,-0.371575727653598
1.560945,-0.371611863932455
1.56095,-0.371648005372816
1.560955,-0.37168415197562
1.56096,-0.371720303741816
1.560965,-0.371756460672349
1.56097,-0.371792622768167
1.560975,-0.371828790030213
1.56098,-0.371864962459433
1.560985,-0.371901140056776
1.56099,-0.371937322823188
1.560995,-0.371973510759613
1.561,-0.372009703867
1.561005,-0.372045902146299
1.56101,-0.372082105598453
1.561015,-0.372118314224414
1.56102,-0.372154528025124
1.561025,-0.372190747001539
1.56103,-0.372226971154601
1.561035,-0.37226320048526
1.56104,-0.372299434994467
1.561045,-0.372335674683169
1.56105,-0.372371919552315
1.561055,-0.372408169602855
1.56106,-0.372444424835737
1.561065,-0.372480685251916
1.56107,-0.372516950852335
1.561075,-0.37255322163795
1.56108,-0.372589497609706
1.561085,-0.372625778768559
1.56109,-0.372662065115456
1.561095,-0.372698356651352
1.5611,-0.372734653377193
1.561105,-0.372770955293933
1.56111,-0.372807262402524
1.561115,-0.372843574703918
1.56112,-0.372879892199068
1.561125,-0.372916214888924
1.56113,-0.372952542774441
1.561135,-0.372988875856569
1.56114,-0.373025214136264
1.561145,-0.373061557614477
1.56115,-0.373097906292157
1.561155,-0.373134260170268
1.56116,-0.373170619249756
1.561165,-0.373206983531579
1.56117,-0.373243353016688
1.561175,-0.373279727706037
1.56118,-0.373316107600584
1.561185,-0.373352492701285
1.56119,-0.373388883009088
1.561195,-0.373425278524953
1.5612,-0.373461679249836
1.561205,-0.373498085184689
1.56121,-0.373534496330475
1.561215,-0.373570912688143
1.56122,-0.373607334258651
1.561225,-0.373643761042958
1.56123,-0.373680193042015
1.561235,-0.373716630256788
1.56124,-0.373753072688228
1.561245,-0.373789520337291
1.56125,-0.373825973204939
1.561255,-0.373862431292128
1.56126,-0.373898894599815
1.561265,-0.373935363128959
1.56127,-0.373971836880517
1.561275,-0.374008315855453
1.56128,-0.374044800054717
1.561285,-0.374081289479274
1.56129,-0.374117784130083
1.561295,-0.374154284008104
1.5613,-0.374190789114294
1.561305,-0.374227299449612
1.56131,-0.374263815015023
1.561315,-0.374300335811483
1.56132,-0.374336861839953
1.561325,-0.374373393101398
1.56133,-0.374409929596774
1.561335,-0.374446471327043
1.56134,-0.374483018293169
1.561345,-0.374519570496107
1.56135,-0.37455612793683
1.561355,-0.37459269061629
1.56136,-0.374629258535455
1.561365,-0.374665831695282
1.56137,-0.374702410096738
1.561375,-0.374738993740785
1.56138,-0.374775582628388
1.561385,-0.374812176760503
1.56139,-0.374848776138101
1.561395,-0.374885380762143
1.5614,-0.374921990633593
1.561405,-0.374958605753418
1.56141,-0.374995226122578
1.561415,-0.375031851742038
1.56142,-0.375068482612762
1.561425,-0.375105118735718
1.56143,-0.375141760111874
1.561435,-0.375178406742187
1.56144,-0.375215058627627
1.561445,-0.375251715769165
1.56145,-0.375288378167755
1.561455,-0.375325045824372
1.56146,-0.375361718739984
1.561465,-0.375398396915551
1.56147,-0.375435080352045
1.561475,-0.37547176905043
1.56148,-0.375508463011674
1.561485,-0.375545162236748
1.56149,-0.375581866726614
1.561495,-0.375618576482245
1.5615,-0.375655291504606
1.561505,-0.375692011794664
1.56151,-0.375728737353396
1.561515,-0.375765468181758
1.56152,-0.375802204280728
1.561525,-0.375838945651275
1.56153,-0.375875692294365
1.561535,-0.37591244421097
1.56154,-0.375949201402058
1.561545,-0.3759859638686
1.56155,-0.376022731611568
1.561555,-0.376059504631929
1.56156,-0.376096282930657
1.561565,-0.37613306650872
1.56157,-0.376169855367092
1.561575,-0.376206649506744
1.56158,-0.376243448928647
1.561585,-0.376280253633772
1.56159,-0.376317063623091
1.561595,-0.376353878897574
1.5616,-0.376390699458201
1.561605,-0.376427525305938
1.56161,-0.37646435644176
1.561615,-0.376501192866642
1.56162,-0.376538034581551
1.561625,-0.376574881587469
1.56163,-0.376611733885364
1.561635,-0.376648591476209
1.56164,-0.376685454360983
1.561645,-0.376722322540657
1.56165,-0.376759196016208
1.561655,-0.376796074788611
1.56166,-0.376832958858837
1.561665,-0.376869848227864
1.56167,-0.376906742896666
1.561675,-0.376943642866221
1.56168,-0.376980548137506
1.561685,-0.377017458711492
1.56169,-0.377054374589159
1.561695,-0.377091295771481
1.5617,-0.37712822225944
1.561705,-0.377165154054006
1.56171,-0.377202091156161
1.561715,-0.377239033566881
1.56172,-0.377275981287144
1.561725,-0.377312934317929
1.56173,-0.37734989266021
1.561735,-0.377386856314968
1.56174,-0.377423825283183
1.561745,-0.377460799565833
1.56175,-0.377497779163893
1.561755,-0.377534764078346
1.56176,-0.37757175431017
1.561765,-0.377608749860344
1.56177,-0.37764575072985
1.561775,-0.377682756919667
1.56178,-0.377719768430775
1.561785,-0.377756785264157
1.56179,-0.377793807420787
1.561795,-0.37783083490165
1.5618,-0.377867867707729
1.561805,-0.377904905840003
1.56181,-0.377941949299453
1.561815,-0.377978998087061
1.56182,-0.37801605220381
1.561825,-0.378053111650682
1.56183,-0.378090176428658
1.561835,-0.378127246538724
1.56184,-0.378164321981857
1.561845,-0.378201402759045
1.56185,-0.378238488871271
1.561855,-0.378275580319515
1.56186,-0.378312677104766
1.561865,-0.378349779228
1.56187,-0.378386886690209
1.561875,-0.378423999492375
1.56188,-0.378461117635479
1.561885,-0.378498241120511
1.56189,-0.378535369948453
1.561895,-0.37857250412029
1.5619,-0.37860964363701
1.561905,-0.378646788499594
1.56191,-0.378683938709032
1.561915,-0.378721094266313
1.56192,-0.378758255172413
1.561925,-0.378795421428327
1.56193,-0.378832593035038
1.561935,-0.378869769993534
1.56194,-0.378906952304806
1.561945,-0.378944139969836
1.56195,-0.378981332989613
1.561955,-0.379018531365123
1.56196,-0.37905573509736
1.561965,-0.379092944187307
1.56197,-0.379130158635955
1.561975,-0.379167378444292
1.56198,-0.379204603613305
1.561985,-0.379241834143987
1.56199,-0.379279070037324
1.561995,-0.379316311294305
1.562,-0.379353557915924
1.562005,-0.379390809903169
1.56201,-0.379428067257028
1.562015,-0.379465329978493
1.56202,-0.379502598068559
1.562025,-0.379539871528208
1.56203,-0.379577150358439
1.562035,-0.379614434560237
1.56204,-0.3796517241346
1.562045,-0.379689019082517
1.56205,-0.379726319404978
1.562055,-0.379763625102976
1.56206,-0.379800936177507
1.562065,-0.379838252629557
1.56207,-0.379875574460128
1.562075,-0.379912901670203
1.56208,-0.379950234260783
1.562085,-0.379987572232857
1.56209,-0.380024915587423
1.562095,-0.380062264325471
1.5621,-0.380099618447996
1.562105,-0.380136977955991
1.56211,-0.380174342850456
1.562115,-0.38021171313238
1.56212,-0.380249088802765
1.562125,-0.380286469862596
1.56213,-0.380323856312878
1.562135,-0.380361248154602
1.56214,-0.380398645388766
1.562145,-0.380436048016365
1.56215,-0.380473456038396
1.562155,-0.380510869455853
1.56216,-0.380548288269738
1.562165,-0.380585712481041
1.56217,-0.380623142090766
1.562175,-0.380660577099908
1.56218,-0.380698017509464
1.562185,-0.380735463320435
1.56219,-0.380772914533814
1.562195,-0.380810371150601
1.5622,-0.380847833171801
1.562205,-0.380885300598403
1.56221,-0.38092277343141
1.562215,-0.380960251671825
1.56222,-0.380997735320642
1.562225,-0.381035224378864
1.56223,-0.381072718847488
1.562235,-0.38111021872752
1.56224,-0.381147724019953
1.562245,-0.381185234725793
1.56225,-0.381222750846039
1.562255,-0.38126027238169
1.56226,-0.381297799333751
1.562265,-0.381335331703222
1.56227,-0.381372869491103
1.562275,-0.381410412698396
1.56228,-0.381447961326108
1.562285,-0.381485515375236
1.56229,-0.381523074846783
1.562295,-0.381560639741756
1.5623,-0.381598210061151
1.562305,-0.381635785805981
1.56231,-0.381673366977241
1.562315,-0.381710953575937
1.56232,-0.381748545603074
1.562325,-0.381786143059657
1.56233,-0.381823745946691
1.562335,-0.381861354265176
1.56234,-0.38189896801612
1.562345,-0.381936587200528
1.56235,-0.381974211819403
1.562355,-0.382011841873756
1.56236,-0.382049477364588
1.562365,-0.382087118292904
1.56237,-0.382124764659715
1.562375,-0.382162416466021
1.56238,-0.382200073712836
1.562385,-0.382237736401161
1.56239,-0.382275404532004
1.562395,-0.382313078106377
1.5624,-0.38235075712528
1.562405,-0.382388441589725
1.56241,-0.382426131500723
1.562415,-0.382463826859275
1.56242,-0.382501527666395
1.562425,-0.38253923392309
1.56243,-0.382576945630366
1.562435,-0.382614662789236
1.56244,-0.382652385400708
1.562445,-0.382690113465793
1.56245,-0.382727846985497
1.562455,-0.382765585960833
1.56246,-0.38280333039281
1.562465,-0.382841080282437
1.56247,-0.382878835630727
1.562475,-0.382916596438692
1.56248,-0.382954362707341
1.562485,-0.382992134437683
1.56249,-0.383029911630737
1.562495,-0.383067694287503
1.5625,-0.383105482409004
1.562505,-0.383143275996248
1.56251,-0.383181075050249
1.562515,-0.383218879572014
1.56252,-0.383256689562563
1.562525,-0.383294505022906
1.56253,-0.383332325954053
1.562535,-0.383370152357023
1.56254,-0.383407984232829
1.562545,-0.383445821582485
1.56255,-0.383483664407
1.562555,-0.383521512707393
1.56256,-0.383559366484679
1.562565,-0.383597225739874
1.56257,-0.383635090473988
1.562575,-0.383672960688045
1.56258,-0.38371083638305
1.562585,-0.383748717560022
1.56259,-0.383786604219982
1.562595,-0.383824496363945
1.5626,-0.383862393992921
1.562605,-0.383900297107936
1.56261,-0.38393820571
1.562615,-0.383976119800132
1.56262,-0.384014039379352
1.562625,-0.384051964448672
1.56263,-0.384089895009116
1.562635,-0.384127831061698
1.56264,-0.384165772607441
1.562645,-0.384203719647357
1.56265,-0.384241672182467
1.562655,-0.384279630213792
1.56266,-0.384317593742348
1.562665,-0.384355562769159
1.56267,-0.384393537295243
1.562675,-0.384431517321617
1.56268,-0.384469502849306
1.562685,-0.384507493879323
1.56269,-0.384545490412695
1.562695,-0.384583492450444
1.5627,-0.384621499993586
1.562705,-0.384659513043141
1.56271,-0.384697531600136
1.562715,-0.384735555665587
1.56272,-0.384773585240526
1.562725,-0.384811620325965
1.56273,-0.384849660922928
1.562735,-0.384887707032438
1.56274,-0.384925758655526
1.562745,-0.384963815793202
1.56275,-0.385001878446496
1.562755,-0.38503994661643
1.56276,-0.385078020304032
1.562765,-0.385116099510318
1.56277,-0.385154184236321
1.562775,-0.385192274483061
1.56278,-0.385230370251562
1.562785,-0.385268471542852
1.56279,-0.38530657835795
1.562795,-0.385344690697885
1.5628,-0.385382808563687
1.562805,-0.385420931956372
1.56281,-0.385459060876977
1.562815,-0.385497195326518
1.56282,-0.385535335306032
1.562825,-0.385573480816536
1.56283,-0.385611631859062
1.562835,-0.385649788434635
1.56284,-0.385687950544284
1.562845,-0.385726118189036
1.56285,-0.385764291369922
1.562855,-0.385802470087961
1.56286,-0.38584065434419
1.562865,-0.385878844139637
1.56287,-0.385917039475327
1.562875,-0.385955240352292
1.56288,-0.385993446771557
1.562885,-0.386031658734157
1.56289,-0.386069876241116
1.562895,-0.386108099293468
1.5629,-0.386146327892243
1.562905,-0.386184562038469
1.56291,-0.386222801733179
1.562915,-0.386261046977403
1.56292,-0.38629929777217
1.562925,-0.386337554118516
1.56293,-0.386375816017467
1.562935,-0.386414083470057
1.56294,-0.386452356477321
1.562945,-0.386490635040288
1.56295,-0.386528919159988
1.562955,-0.386567208837459
1.56296,-0.386605504073731
1.562965,-0.386643804869837
1.56297,-0.386682111226811
1.562975,-0.386720423145687
1.56298,-0.3867587406275
1.562985,-0.38679706367328
1.56299,-0.386835392284064
1.562995,-0.386873726460889
1.563,-0.386912066204781
1.563005,-0.386950411516786
1.56301,-0.386988762397933
1.563015,-0.387027118849257
1.56302,-0.387065480871798
1.563025,-0.387103848466585
1.56303,-0.387142221634659
1.563035,-0.387180600377057
1.56304,-0.387218984694813
1.563045,-0.387257374588969
1.56305,-0.387295770060553
1.563055,-0.387334171110606
1.56306,-0.387372577740173
1.563065,-0.38741098995028
1.56307,-0.387449407741972
1.563075,-0.387487831116286
1.56308,-0.387526260074257
1.563085,-0.38756469461693
1.56309,-0.38760313474534
1.563095,-0.387641580460524
1.5631,-0.387680031763529
1.563105,-0.387718488655386
1.56311,-0.38775695113714
1.563115,-0.387795419209829
1.56312,-0.387833892874493
1.563125,-0.387872372132173
1.56313,-0.38791085698391
1.563135,-0.387949347430745
1.56314,-0.387987843473721
1.563145,-0.388026345113876
1.56315,-0.388064852352253
1.563155,-0.388103365189894
1.56316,-0.388141883627843
1.563165,-0.388180407667139
1.56317,-0.388218937308827
1.563175,-0.388257472553948
1.56318,-0.388296013403547
1.563185,-0.388334559858665
1.56319,-0.388373111920352
1.563195,-0.388411669589642
1.5632,-0.388450232867584
1.563205,-0.388488801755223
1.56321,-0.388527376253602
1.563215,-0.388565956363768
1.56322,-0.388604542086761
1.563225,-0.388643133423631
1.56323,-0.388681730375421
1.563235,-0.38872033294318
1.56324,-0.388758941127949
1.563245,-0.388797554930775
1.56325,-0.388836174352705
1.563255,-0.388874799394788
1.56326,-0.388913430058068
1.563265,-0.388952066343594
1.56327,-0.388990708252411
1.563275,-0.389029355785569
1.56328,-0.389068008944114
1.563285,-0.389106667729093
1.56329,-0.389145332141556
1.563295,-0.389184002182551
1.5633,-0.389222677853127
1.563305,-0.389261359154333
1.56331,-0.389300046087216
1.563315,-0.389338738652829
1.56332,-0.389377436852219
1.563325,-0.389416140686435
1.56333,-0.38945485015653
1.563335,-0.389493565263553
1.56334,-0.389532286008555
1.563345,-0.389571012392587
1.56335,-0.389609744416696
1.563355,-0.389648482081935
1.56336,-0.389687225389362
1.563365,-0.38972597434002
1.56337,-0.389764728934967
1.563375,-0.389803489175251
1.56338,-0.389842255061925
1.563385,-0.389881026596044
1.56339,-0.389919803778661
1.563395,-0.389958586610827
1.5634,-0.389997375093593
1.563405,-0.390036169228019
1.56341,-0.390074969015155
1.563415,-0.390113774456057
1.56342,-0.390152585551775
1.563425,-0.390191402303369
1.56343,-0.390230224711889
1.563435,-0.390269052778395
1.56344,-0.390307886503935
1.563445,-0.390346725889571
1.56345,-0.39038557093636
1.563455,-0.390424421645349
1.56346,-0.390463278017602
1.563465,-0.390502140054175
1.56347,-0.390541007756121
1.563475,-0.390579881124499
1.56348,-0.390618760160366
1.563485,-0.390657644864778
1.56349,-0.390696535238797
1.563495,-0.390735431283473
1.5635,-0.390774332999873
1.563505,-0.390813240389049
1.56351,-0.390852153452061
1.563515,-0.39089107218997
1.56352,-0.390929996603832
1.563525,-0.390968926694707
1.56353,-0.391007862463656
1.563535,-0.391046803911738
1.56354,-0.391085751040013
1.563545,-0.391124703849541
1.56355,-0.39116366234138
1.563555,-0.391202626516595
1.56356,-0.391241596376244
1.563565,-0.391280571921392
1.56357,-0.391319553153095
1.563575,-0.391358540072418
1.56358,-0.391397532680423
1.563585,-0.391436530978168
1.56359,-0.391475534966721
1.563595,-0.391514544647143
1.5636,-0.391553560020492
1.563605,-0.391592581087837
1.56361,-0.39163160785024
1.563615,-0.391670640308761
1.56362,-0.39170967846447
1.563625,-0.391748722318424
1.56363,-0.391787771871695
1.563635,-0.391826827125339
1.56364,-0.391865888080423
1.563645,-0.39190495473802
1.56365,-0.391944027099186
1.563655,-0.391983105164991
1.56366,-0.392022188936496
1.563665,-0.392061278414771
1.56367,-0.392100373600882
1.563675,-0.392139474495894
1.56368,-0.392178581100876
1.563685,-0.392217693416892
1.56369,-0.392256811445006
1.563695,-0.392295935186296
1.5637,-0.392335064641819
1.563705,-0.392374199812647
1.56371,-0.392413340699851
1.563715,-0.392452487304492
1.56372,-0.392491639627643
1.563725,-0.392530797670376
1.56373,-0.392569961433754
1.563735,-0.392609130918847
1.56374,-0.392648306126729
1.563745,-0.392687487058465
1.56375,-0.39272667371513
1.563755,-0.392765866097787
1.56376,-0.392805064207514
1.563765,-0.392844268045377
1.56377,-0.392883477612447
1.563775,-0.392922692909798
1.56378,-0.392961913938498
1.563785,-0.393001140699622
1.56379,-0.393040373194241
1.563795,-0.393079611423422
1.5638,-0.393118855388246
1.563805,-0.393158105089778
1.56381,-0.393197360529096
1.563815,-0.393236621707273
1.56382,-0.393275888625378
1.563825,-0.393315161284489
1.56383,-0.393354439685676
1.563835,-0.393393723830013
1.56384,-0.393433013718581
1.563845,-0.393472309352448
1.56385,-0.393511610732688
1.563855,-0.393550917860385
1.56386,-0.393590230736601
1.563865,-0.393629549362424
1.56387,-0.393668873738918
1.563875,-0.393708203867168
1.56388,-0.393747539748247
1.563885,-0.393786881383232
1.56389,-0.393826228773199
1.563895,-0.393865581919228
1.5639,-0.393904940822389
1.563905,-0.393944305483765
1.56391,-0.393983675904434
1.563915,-0.394023052085471
1.56392,-0.394062434027956
1.563925,-0.394101821732967
1.56393,-0.394141215201582
1.563935,-0.394180614434881
1.56394,-0.394220019433944
1.563945,-0.394259430199846
1.56395,-0.394298846733671
1.563955,-0.394338269036498
1.56396,-0.394377697109405
1.563965,-0.394417130953475
1.56397,-0.394456570569787
1.563975,-0.394496015959421
1.56398,-0.39453546712346
1.563985,-0.394574924062983
1.56399,-0.394614386779074
1.563995,-0.394653855272815
1.564,-0.394693329545285
1.564005,-0.394732809597566
1.56401,-0.394772295430748
1.564015,-0.394811787045903
1.56402,-0.394851284444122
1.564025,-0.394890787626485
1.56403,-0.394930296594076
1.564035,-0.394969811347977
1.56404,-0.395009331889275
1.564045,-0.395048858219052
1.56405,-0.395088390338391
1.564055,-0.395127928248382
1.56406,-0.395167471950106
1.564065,-0.395207021444649
1.56407,-0.395246576733094
1.564075,-0.395286137816534
1.56408,-0.395325704696048
1.564085,-0.395365277372723
1.56409,-0.395404855847646
1.564095,-0.395444440121904
1.5641,-0.395484030196585
1.564105,-0.395523626072774
1.56411,-0.395563227751561
1.564115,-0.39560283523403
1.56412,-0.395642448521272
1.564125,-0.395682067614376
1.56413,-0.395721692514426
1.564135,-0.395761323222513
1.56414,-0.395800959739726
1.564145,-0.395840602067154
1.56415,-0.395880250205885
1.564155,-0.39591990415701
1.56416,-0.39595956392162
1.564165,-0.395999229500805
1.56417,-0.396038900895648
1.564175,-0.396078578107249
1.56418,-0.396118261136696
1.564185,-0.396157949985077
1.56419,-0.396197644653487
1.564195,-0.396237345143016
1.5642,-0.396277051454754
1.564205,-0.396316763589797
1.56421,-0.396356481549233
1.564215,-0.396396205334157
1.56422,-0.396435934945662
1.564225,-0.39647567038484
1.56423,-0.396515411652785
1.564235,-0.396555158750587
1.56424,-0.396594911679347
1.564245,-0.396634670440151
1.56425,-0.396674435034099
1.564255,-0.396714205462284
1.56426,-0.396753981725797
1.564265,-0.396793763825737
1.56427,-0.396833551763197
1.564275,-0.396873345539277
1.56428,-0.396913145155066
1.564285,-0.396952950611665
1.56429,-0.396992761910168
1.564295,-0.397032579051671
1.5643,-0.397072402037274
1.564305,-0.397112230868068
1.56431,-0.397152065545156
1.564315,-0.397191906069632
1.56432,-0.397231752442593
1.564325,-0.397271604665142
1.56433,-0.397311462738372
1.564335,-0.397351326663383
1.56434,-0.397391196441275
1.564345,-0.397431072073146
1.56435,-0.397470953560091
1.564355,-0.397510840903215
1.56436,-0.397550734103618
1.564365,-0.397590633162397
1.56437,-0.39763053808065
1.564375,-0.397670448859483
1.56438,-0.397710365499993
1.564385,-0.397750288003282
1.56439,-0.39779021637045
1.564395,-0.397830150602599
1.5644,-0.397870090700834
1.564405,-0.397910036666249
1.56441,-0.397949988499954
1.564415,-0.397989946203047
1.56442,-0.398029909776629
1.564425,-0.39806987922181
1.56443,-0.398109854539686
1.564435,-0.398149835731363
1.56444,-0.398189822797946
1.564445,-0.398229815740537
1.56445,-0.39826981456024
1.564455,-0.39830981925816
1.56446,-0.398349829835402
1.564465,-0.398389846293071
1.56447,-0.39842986863227
1.564475,-0.398469896854104
1.56448,-0.398509930959684
1.564485,-0.398549970950111
1.56449,-0.398590016826489
1.564495,-0.398630068589931
1.5645,-0.398670126241539
1.564505,-0.398710189782422
1.56451,-0.398750259213683
1.564515,-0.398790334536437
1.56452,-0.398830415751783
1.564525,-0.398870502860832
1.56453,-0.398910595864695
1.564535,-0.398950694764478
1.56454,-0.398990799561287
1.564545,-0.399030910256239
1.56455,-0.399071026850434
1.564555,-0.399111149344985
1.56456,-0.399151277741001
1.564565,-0.399191412039592
1.56457,-0.399231552241871
1.564575,-0.399271698348942
1.56458,-0.399311850361921
1.564585,-0.399352008281915
1.56459,-0.399392172110038
1.564595,-0.399432341847402
1.5646,-0.399472517495117
1.564605,-0.399512699054292
1.56461,-0.399552886526044
1.564615,-0.399593079911483
1.56462,-0.399633279211723
1.564625,-0.399673484427873
1.56463,-0.399713695561046
1.564635,-0.399753912612365
1.56464,-0.399794135582931
1.564645,-0.399834364473865
1.56465,-0.399874599286281
1.564655,-0.399914840021287
1.56466,-0.399955086680005
1.564665,-0.399995339263549
1.56467,-0.400035597773028
1.564675,-0.400075862209565
1.56468,-0.400116132574269
1.564685,-0.400156408868262
1.56469,-0.400196691092655
1.564695,-0.400236979248564
1.5647,-0.400277273337112
1.564705,-0.400317573359409
1.56471,-0.400357879316576
1.564715,-0.400398191209727
1.56472,-0.400438509039982
1.564725,-0.400478832808459
1.56473,-0.400519162516277
1.564735,-0.400559498164552
1.56474,-0.400599839754403
1.564745,-0.400640187286949
1.56475,-0.400680540763311
1.564755,-0.400720900184604
1.56476,-0.400761265551952
1.564765,-0.400801636866476
1.56477,-0.400842014129289
1.564775,-0.400882397341518
1.56478,-0.400922786504279
1.564785,-0.400963181618695
1.56479,-0.40100358268589
1.564795,-0.40104398970698
1.5648,-0.401084402683089
1.564805,-0.401124821615345
1.56481,-0.401165246504858
1.564815,-0.401205677352758
1.56482,-0.401246114160164
1.564825,-0.401286556928204
1.56483,-0.401327005657999
1.564835,-0.401367460350669
1.56484,-0.401407921007343
1.564845,-0.401448387629141
1.56485,-0.401488860217188
1.564855,-0.401529338772608
1.56486,-0.401569823296527
1.564865,-0.401610313790069
1.56487,-0.401650810254359
1.564875,-0.401691312690524
1.56488,-0.401731821099689
1.564885,-0.401772335482976
1.56489,-0.401812855841518
1.564895,-0.401853382176439
1.5649,-0.401893914488861
1.564905,-0.401934452779914
1.56491,-0.401974997050729
1.564915,-0.402015547302429
1.56492,-0.402056103536145
1.564925,-0.402096665753001
1.56493,-0.402137233954124
1.564935,-0.402177808140652
1.56494,-0.402218388313703
1.564945,-0.402258974474412
1.56495,-0.402299566623906
1.564955,-0.402340164763315
1.56496,-0.402380768893769
1.564965,-0.402421379016395
1.56497,-0.40246199513233
1.564975,-0.402502617242699
1.56498,-0.402543245348633
1.564985,-0.402583879451267
1.56499,-0.402624519551725
1.564995,-0.402665165651146
1.565,-0.402705817750659
1.565005,-0.402746475851394
1.56501,-0.402787139954489
1.565015,-0.402827810061069
1.56502,-0.40286848617227
1.565025,-0.402909168289227
1.56503,-0.402949856413072
1.565035,-0.402990550544938
1.56504,-0.40303125068596
1.565045,-0.403071956837269
1.56505,-0.403112669000003
1.565055,-0.403153387175294
1.56506,-0.40319411136428
1.565065,-0.403234841568092
1.56507,-0.40327557778787
1.565075,-0.403316320024744
1.56508,-0.403357068279855
1.565085,-0.403397822554337
1.56509,-0.403438582849327
1.565095,-0.403479349165958
1.5651,-0.403520121505373
1.565105,-0.403560899868708
1.56511,-0.403601684257094
1.565115,-0.403642474671676
1.56512,-0.403683271113589
1.565125,-0.403724073583967
1.56513,-0.403764882083959
1.565135,-0.403805696614692
1.56514,-0.403846517177313
1.565145,-0.403887343772958
1.56515,-0.403928176402768
1.565155,-0.403969015067883
1.56516,-0.404009859769439
1.565165,-0.40405071050858
1.56517,-0.404091567286445
1.565175,-0.404132430104176
1.56518,-0.404173298962913
1.565185,-0.404214173863796
1.56519,-0.404255054807968
1.565195,-0.404295941796573
1.5652,-0.404336834830751
1.565205,-0.404377733911642
1.56521,-0.404418639040392
1.565215,-0.404459550218139
1.56522,-0.404500467446034
1.565225,-0.404541390725215
1.56523,-0.404582320056826
1.565235,-0.404623255442011
1.56524,-0.404664196881913
1.565245,-0.40470514437768
1.56525,-0.404746097930453
1.565255,-0.404787057541379
1.56526,-0.404828023211603
1.565265,-0.404868994942269
1.56527,-0.404909972734525
1.565275,-0.40495095658951
1.56528,-0.40499194650838
1.565285,-0.405032942492278
1.56529,-0.405073944542347
1.565295,-0.405114952659737
1.5653,-0.405155966845598
1.565305,-0.405196987101071
1.56531,-0.405238013427307
1.565315,-0.405279045825456
1.56532,-0.405320084296661
1.565325,-0.405361128842078
1.56533,-0.405402179462847
1.565335,-0.405443236160124
1.56534,-0.405484298935056
1.565345,-0.405525367788792
1.56535,-0.405566442722483
1.565355,-0.405607523737276
1.56536,-0.405648610834324
1.565365,-0.405689704014778
1.56537,-0.405730803279789
1.565375,-0.405771908630507
1.56538,-0.405813020068081
1.565385,-0.405854137593669
1.56539,-0.405895261208417
1.565395,-0.405936390913476
1.5654,-0.405977526710007
1.565405,-0.406018668599153
1.56541,-0.40605981658207
1.565415,-0.40610097065992
1.56542,-0.406142130833843
1.565425,-0.406183297104995
1.56543,-0.40622446947454
1.565435,-0.406265647943624
1.56544,-0.406306832513401
1.565445,-0.406348023185029
1.56545,-0.406389219959663
1.565455,-0.406430422838457
1.56546,-0.406471631822566
1.565465,-0.406512846913146
1.56547,-0.406554068111356
1.565475,-0.406595295418347
1.56548,-0.406636528835279
1.565485,-0.40667776836331
1.56549,-0.406719014003595
1.565495,-0.406760265757291
1.5655,-0.406801523625557
1.565505,-0.40684278760955
1.56551,-0.406884057710427
1.565515,-0.406925333929354
1.56552,-0.406966616267479
1.565525,-0.407007904725963
1.56553,-0.407049199305973
1.565535,-0.407090500008659
1.56554,-0.407131806835188
1.565545,-0.407173119786715
1.56555,-0.407214438864404
1.565555,-0.407255764069412
1.56556,-0.407297095402901
1.565565,-0.407338432866036
1.56557,-0.407379776459973
1.565575,-0.407421126185875
1.56558,-0.407462482044904
1.565585,-0.407503844038222
1.56559,-0.407545212166992
1.565595,-0.407586586432377
1.5656,-0.407627966835538
1.565605,-0.40766935337764
1.56561,-0.407710746059847
1.565615,-0.407752144883319
1.56562,-0.407793549849224
1.565625,-0.407834960958724
1.56563,-0.407876378212985
1.565635,-0.407917801613171
1.56564,-0.407959231160445
1.565645,-0.408000666855974
1.56565,-0.408042108700925
1.565655,-0.408083556696461
1.56566,-0.40812501084375
1.565665,-0.408166471143958
1.56567,-0.40820793759825
1.565675,-0.408249410207797
1.56568,-0.408290888973759
1.565685,-0.40833237389731
1.56569,-0.408373864979615
1.565695,-0.408415362221841
1.5657,-0.408456865625159
1.565705,-0.408498375190736
1.56571,-0.408539890919738
1.565715,-0.408581412813337
1.56572,-0.408622940872702
1.565725,-0.408664475099003
1.56573,-0.408706015493409
1.565735,-0.408747562057086
1.56574,-0.408789114791212
1.565745,-0.40883067369695
1.56575,-0.408872238775478
1.565755,-0.408913810027964
1.56576,-0.408955387455575
1.565765,-0.408996971059489
1.56577,-0.409038560840872
1.565775,-0.409080156800905
1.56578,-0.409121758940751
1.565785,-0.409163367261586
1.56579,-0.409204981764586
1.565795,-0.409246602450921
1.5658,-0.409288229321765
1.565805,-0.409329862378293
1.56581,-0.409371501621676
1.565815,-0.409413147053089
1.56582,-0.409454798673712
1.565825,-0.409496456484712
1.56583,-0.409538120487268
1.565835,-0.409579790682556
1.56584,-0.40962146707175
1.565845,-0.409663149656026
1.56585,-0.409704838436557
1.565855,-0.409746533414528
1.56586,-0.40978823459111
1.565865,-0.409829941967478
1.56587,-0.409871655544814
1.565875,-0.409913375324291
1.56588,-0.40995510130709
1.565885,-0.409996833494388
1.56589,-0.410038571887363
1.565895,-0.410080316487195
1.5659,-0.410122067295058
1.565905,-0.410163824312136
1.56591,-0.410205587539609
1.565915,-0.410247356978652
1.56592,-0.410289132630449
1.565925,-0.410330914496178
1.56593,-0.41037270257702
1.565935,-0.410414496874156
1.56594,-0.410456297388764
1.565945,-0.410498104122029
1.56595,-0.410539917075132
1.565955,-0.410581736249255
1.56596,-0.410623561645577
1.565965,-0.410665393265282
1.56597,-0.410707231109553
1.565975,-0.410749075179574
1.56598,-0.410790925476527
1.565985,-0.410832782001592
1.56599,-0.410874644755958
1.565995,-0.410916513740804
1.566,-0.41095838895732
1.566005,-0.411000270406686
1.56601,-0.411042158090087
1.566015,-0.411084052008708
1.56602,-0.411125952163739
1.566025,-0.411167858556359
1.56603,-0.411209771187756
1.566035,-0.411251690059116
1.56604,-0.411293615171626
1.566045,-0.411335546526475
1.56605,-0.411377484124844
1.566055,-0.411419427967924
1.56606,-0.411461378056901
1.566065,-0.411503334392966
1.56607,-0.411545296977302
1.566075,-0.411587265811101
1.56608,-0.411629240895549
1.566085,-0.411671222231833
1.56609,-0.41171320982115
1.566095,-0.411755203664681
1.5661,-0.411797203763616
1.566105,-0.411839210119153
1.56611,-0.411881222732473
1.566115,-0.411923241604768
1.56612,-0.411965266737236
1.566125,-0.412007298131059
1.56613,-0.412049335787431
1.566135,-0.412091379707544
1.56614,-0.412133429892591
1.566145,-0.412175486343762
1.56615,-0.412217549062249
1.566155,-0.412259618049245
1.56616,-0.412301693305946
1.566165,-0.41234377483354
1.56617,-0.412385862633224
1.566175,-0.412427956706189
1.56618,-0.41247005705363
1.566185,-0.412512163676741
1.56619,-0.412554276576718
1.566195,-0.412596395754756
1.5662,-0.412638521212045
1.566205,-0.412680652949786
1.56621,-0.412722790969172
1.566215,-0.412764935271397
1.56622,-0.41280708585766
1.566225,-0.412849242729156
1.56623,-0.412891405887082
1.566235,-0.412933575332634
1.56624,-0.41297575106701
1.566245,-0.41301793309141
1.56625,-0.413060121407025
1.566255,-0.413102316015063
1.56626,-0.41314451691671
1.566265,-0.413186724113172
1.56627,-0.413228937605649
1.566275,-0.413271157395336
1.56628,-0.413313383483433
1.566285,-0.413355615871143
1.56629,-0.41339785455966
1.566295,-0.413440099550188
1.5663,-0.413482350843929
1.566305,-0.413524608442078
1.56631,-0.413566872345844
1.566315,-0.413609142556425
1.56632,-0.413651419075013
1.566325,-0.413693701902825
1.56633,-0.413735991041053
1.566335,-0.413778286490903
1.56634,-0.413820588253579
1.566345,-0.413862896330279
1.56635,-0.413905210722212
1.566355,-0.413947531430576
1.56636,-0.413989858456578
1.566365,-0.414032191801422
1.56637,-0.414074531466309
1.566375,-0.414116877452446
1.56638,-0.414159229761041
1.566385,-0.414201588393291
1.56639,-0.41424395335041
1.566395,-0.414286324633598
1.5664,-0.414328702244061
1.566405,-0.414371086183009
1.56641,-0.414413476451646
1.566415,-0.41445587305118
1.56642,-0.414498275982814
1.566425,-0.414540685247757
1.56643,-0.414583100847222
1.566435,-0.414625522782409
1.56644,-0.414667951054533
1.566445,-0.414710385664798
1.56645,-0.41475282661441
1.566455,-0.414795273904585
1.56646,-0.414837727536526
1.566465,-0.414880187511445
1.56647,-0.414922653830555
1.566475,-0.414965126495061
1.56648,-0.415007605506176
1.566485,-0.415050090865107
1.56649,-0.415092582573068
1.566495,-0.415135080631272
1.5665,-0.415177585040928
1.566505,-0.415220095803245
1.56651,-0.41526261291944
1.566515,-0.415305136390722
1.56652,-0.415347666218304
1.566525,-0.415390202403398
1.56653,-0.415432744947218
1.566535,-0.415475293850981
1.56654,-0.415517849115895
1.566545,-0.415560410743174
1.56655,-0.415602978734036
1.566555,-0.415645553089693
1.56656,-0.415688133811361
1.566565,-0.415730720900254
1.56657,-0.415773314357585
1.566575,-0.415815914184576
1.56658,-0.415858520382432
1.566585,-0.415901132952383
1.56659,-0.415943751895636
1.566595,-0.415986377213408
1.5666,-0.41602900890692
1.566605,-0.416071646977385
1.56661,-0.416114291426022
1.566615,-0.416156942254055
1.56662,-0.41619959946269
1.566625,-0.416242263053154
1.56663,-0.416284933026661
1.566635,-0.416327609384433
1.56664,-0.41637029212769
1.566645,-0.416412981257649
1.56665,-0.416455676775528
1.566655,-0.41649837868255
1.56666,-0.416541086979934
1.566665,-0.416583801668902
1.56667,-0.416626522750674
1.566675,-0.41666925022647
1.56668,-0.416711984097513
1.566685,-0.416754724365024
1.56669,-0.416797471030224
1.566695,-0.416840224094335
1.5667,-0.416882983558582
1.566705,-0.416925749424185
1.56671,-0.416968521692369
1.566715,-0.417011300364357
1.56672,-0.417054085441372
1.566725,-0.417096876924637
1.56673,-0.417139674815375
1.566735,-0.417182479114818
1.56674,-0.417225289824181
1.566745,-0.417268106944696
1.56675,-0.417310930477584
1.566755,-0.417353760424072
1.56676,-0.417396596785388
1.566765,-0.417439439562753
1.56677,-0.417482288757397
1.566775,-0.417525144370547
1.56678,-0.41756800640343
1.566785,-0.417610874857268
1.56679,-0.417653749733297
1.566795,-0.41769663103274
1.5668,-0.417739518756824
1.566805,-0.417782412906779
1.56681,-0.417825313483836
1.566815,-0.417868220489218
1.56682,-0.417911133924162
1.566825,-0.41795405378989
1.56683,-0.417996980087636
1.566835,-0.418039912818628
1.56684,-0.418082851984095
1.566845,-0.418125797585275
1.56685,-0.41816874962339
1.566855,-0.418211708099676
1.56686,-0.418254673015364
1.566865,-0.418297644371683
1.56687,-0.418340622169865
1.566875,-0.418383606411147
1.56688,-0.41842659709676
1.566885,-0.418469594227935
1.56689,-0.418512597805905
1.566895,-0.418555607831904
1.5669,-0.418598624307165
1.566905,-0.418641647232923
1.56691,-0.418684676610414
1.566915,-0.418727712440867
1.56692,-0.418770754725522
1.566925,-0.418813803465616
1.56693,-0.418856858662376
1.566935,-0.418899920317047
1.56694,-0.418942988430857
1.566945,-0.418986063005045
1.56695,-0.41902914404085
1.566955,-0.419072231539505
1.56696,-0.419115325502251
1.566965,-0.419158425930322
1.56697,-0.419201532824957
1.566975,-0.419244646187395
1.56698,-0.419287766018872
1.566985,-0.419330892320627
1.56699,-0.419374025093902
1.566995,-0.419417164339928
1.567,-0.419460310059956
1.567005,-0.419503462255215
1.56701,-0.419546620926951
1.567015,-0.4195897860764
1.56702,-0.419632957704806
1.567025,-0.419676135813411
1.56703,-0.419719320403452
1.567035,-0.419762511476171
1.56704,-0.419805709032811
1.567045,-0.419848913074611
1.56705,-0.419892123602817
1.567055,-0.419935340618672
1.56706,-0.419978564123416
1.567065,-0.420021794118292
1.56707,-0.420065030604544
1.567075,-0.420108273583415
1.56708,-0.420151523056151
1.567085,-0.420194779023992
1.56709,-0.420238041488186
1.567095,-0.420281310449977
1.5671,-0.42032458591061
1.567105,-0.420367867871332
1.56711,-0.420411156333383
1.567115,-0.420454451298014
1.56712,-0.42049775276647
1.567125,-0.420541060739996
1.56713,-0.420584375219839
1.567135,-0.420627696207252
1.56714,-0.42067102370347
1.567145,-0.420714357709752
1.56715,-0.420757698227338
1.567155,-0.420801045257481
1.56716,-0.42084439880143
1.567165,-0.42088775886043
1.56717,-0.420931125435731
1.567175,-0.420974498528583
1.56718,-0.421017878140233
1.567185,-0.421061264271942
1.56719,-0.421104656924942
1.567195,-0.421148056100498
1.5672,-0.421191461799855
1.567205,-0.421234874024264
1.56721,-0.421278292774976
1.567215,-0.421321718053246
1.56722,-0.42136514986032
1.567225,-0.421408588197455
1.56723,-0.421452033065903
1.567235,-0.421495484466915
1.56724,-0.421538942401742
1.567245,-0.421582406871643
1.56725,-0.42162587787787
1.567255,-0.42166935542167
1.56726,-0.421712839504304
1.567265,-0.421756330127029
1.56727,-0.421799827291092
1.567275,-0.421843330997751
1.56728,-0.421886841248263
1.567285,-0.421930358043882
1.56729,-0.421973881385867
1.567295,-0.422017411275466
1.5673,-0.422060947713943
1.567305,-0.422104490702556
1.56731,-0.422148040242556
1.567315,-0.422191596335205
1.56732,-0.422235158981756
1.567325,-0.422278728183468
1.56733,-0.422322303941607
1.567335,-0.422365886257418
1.56734,-0.422409475132172
1.567345,-0.42245307056712
1.56735,-0.422496672563523
1.567355,-0.422540281122643
1.56736,-0.42258389624574
1.567365,-0.422627517934071
1.56737,-0.422671146188903
1.567375,-0.422714781011486
1.56738,-0.422758422403091
1.567385,-0.422802070364973
1.56739,-0.422845724898396
1.567395,-0.422889386004624
1.5674,-0.422933053684916
1.567405,-0.422976727940537
1.56741,-0.423020408772746
1.567415,-0.42306409618281
1.56742,-0.423107790171991
1.567425,-0.423151490741554
1.56743,-0.423195197892758
1.567435,-0.423238911626874
1.56744,-0.423282631945161
1.567445,-0.423326358848888
1.56745,-0.423370092339319
1.567455,-0.423413832417714
1.56746,-0.423457579085348
1.567465,-0.42350133234348
1.56747,-0.423545092193379
1.567475,-0.423588858636312
1.56748,-0.423632631673541
1.567485,-0.423676411306341
1.56749,-0.423720197535973
1.567495,-0.423763990363709
1.5675,-0.423807789790816
1.567505,-0.423851595818559
1.56751,-0.42389540844821
1.567515,-0.423939227681035
1.56752,-0.423983053518306
1.567525,-0.424026885961293
1.56753,-0.424070725011262
1.567535,-0.424114570669489
1.56754,-0.424158422937238
1.567545,-0.424202281815781
1.56755,-0.424246147306391
1.567555,-0.424290019410337
1.56756,-0.424333898128896
1.567565,-0.424377783463332
1.56757,-0.424421675414923
1.567575,-0.424465573984939
1.56758,-0.424509479174649
1.567585,-0.424553390985334
1.56759,-0.424597309418259
1.567595,-0.424641234474705
1.5676,-0.424685166155941
1.567605,-0.424729104463239
1.56761,-0.42477304939788
1.567615,-0.424817000961137
1.56762,-0.424860959154282
1.567625,-0.42490492397859
1.56763,-0.424948895435339
1.567635,-0.424992873525806
1.56764,-0.425036858251266
1.567645,-0.425080849612991
1.56765,-0.425124847612263
1.567655,-0.425168852250356
1.56766,-0.425212863528553
1.567665,-0.425256881448126
1.56767,-0.425300906010353
1.567675,-0.425344937216514
1.56768,-0.425388975067891
1.567685,-0.425433019565755
1.56769,-0.425477070711388
1.567695,-0.425521128506072
1.5677,-0.425565192951087
1.567705,-0.42560926404771
1.56771,-0.425653341797223
1.567715,-0.425697426200904
1.56772,-0.425741517260037
1.567725,-0.425785614975899
1.56773,-0.425829719349779
1.567735,-0.425873830382953
1.56774,-0.425917948076703
1.567745,-0.425962072432313
1.56775,-0.426006203451065
1.567755,-0.426050341134242
1.56776,-0.426094485483128
1.567765,-0.426138636499003
1.56777,-0.426182794183157
1.567775,-0.42622695853687
1.56778,-0.426271129561426
1.567785,-0.426315307258111
1.56779,-0.426359491628206
1.567795,-0.426403682673008
1.5678,-0.426447880393789
1.567805,-0.426492084791841
1.56781,-0.42653629586845
1.567815,-0.426580513624898
1.56782,-0.426624738062482
1.567825,-0.426668969182479
1.56783,-0.42671320698618
1.567835,-0.426757451474878
1.56784,-0.426801702649848
1.567845,-0.42684596051239
1.56785,-0.426890225063787
1.567855,-0.426934496305329
1.56786,-0.426978774238307
1.567865,-0.427023058864009
1.56787,-0.427067350183722
1.567875,-0.427111648198741
1.56788,-0.427155952910353
1.567885,-0.427200264319847
1.56789,-0.42724458242852
1.567895,-0.427288907237658
1.5679,-0.427333238748551
1.567905,-0.427377576962496
1.56791,-0.427421921880781
1.567915,-0.427466273504704
1.56792,-0.427510631835551
1.567925,-0.427554996874619
1.56793,-0.427599368623198
1.567935,-0.427643747082583
1.56794,-0.427688132254072
1.567945,-0.427732524138954
1.56795,-0.427776922738523
1.567955,-0.427821328054078
1.56796,-0.42786574008691
1.567965,-0.427910158838319
1.56797,-0.427954584309595
1.567975,-0.427999016502039
1.56798,-0.428043455416945
1.567985,-0.428087901055606
1.56799,-0.428132353419325
1.567995,-0.428176812509398
1.568,-0.428221278327116
1.568005,-0.428265750873787
1.56801,-0.428310230150699
1.568015,-0.428354716159157
1.56802,-0.428399208900461
1.568025,-0.428443708375902
1.56803,-0.428488214586784
1.568035,-0.428532727534407
1.56804,-0.428577247220071
1.568045,-0.428621773645074
1.56805,-0.428666306810718
1.568055,-0.428710846718302
1.56806,-0.428755393369131
1.568065,-0.428799946764501
1.56807,-0.428844506905719
1.568075,-0.42888907379408
1.56808,-0.428933647430893
1.568085,-0.428978227817459
1.56809,-0.429022814955077
1.568095,-0.429067408845055
1.5681,-0.429112009488694
1.568105,-0.429156616887297
1.56811,-0.429201231042168
1.568115,-0.429245851954614
1.56812,-0.429290479625935
1.568125,-0.429335114057441
1.56813,-0.429379755250437
1.568135,-0.429424403206223
1.56814,-0.429469057926109
1.568145,-0.4295137194114
1.56815,-0.429558387663404
1.568155,-0.429603062683426
1.56816,-0.429647744472774
1.568165,-0.429692433032754
1.56817,-0.429737128364675
1.568175,-0.429781830469844
1.56818,-0.42982653934957
1.568185,-0.429871255005159
1.56819,-0.429915977437923
1.568195,-0.42996070664917
1.5682,-0.43000544264021
1.568205,-0.430050185412352
1.56821,-0.430094934966905
1.568215,-0.43013969130518
1.56822,-0.430184454428489
1.568225,-0.430229224338144
1.56823,-0.430274001035452
1.568235,-0.430318784521727
1.56824,-0.43036357479828
1.568245,-0.430408371866423
1.56825,-0.43045317572747
1.568255,-0.430497986382735
1.56826,-0.430542803833527
1.568265,-0.430587628081163
1.56827,-0.430632459126951
1.568275,-0.430677296972209
1.56828,-0.430722141618253
1.568285,-0.430766993066399
1.56829,-0.430811851317956
1.568295,-0.430856716374237
1.5683,-0.430901588236566
1.568305,-0.430946466906253
1.56831,-0.430991352384619
1.568315,-0.431036244672974
1.56832,-0.431081143772641
1.568325,-0.43112604968493
1.56833,-0.431170962411167
1.568335,-0.431215881952662
1.56834,-0.431260808310735
1.568345,-0.431305741486706
1.56835,-0.431350681481895
1.568355,-0.431395628297615
1.56836,-0.431440581935187
1.568365,-0.431485542395932
1.56837,-0.431530509681172
1.568375,-0.431575483792219
1.56838,-0.431620464730405
1.568385,-0.431665452497041
1.56839,-0.431710447093451
1.568395,-0.431755448520959
1.5684,-0.431800456780881
1.568405,-0.431845471874541
1.56841,-0.431890493803266
1.568415,-0.431935522568371
1.56842,-0.431980558171184
1.568425,-0.432025600613025
1.56843,-0.432070649895218
1.568435,-0.432115706019089
1.56844,-0.432160768985957
1.568445,-0.432205838797152
1.56845,-0.432250915453996
1.568455,-0.432295998957811
1.56846,-0.43234108930993
1.568465,-0.43238618651167
1.56847,-0.432431290564362
1.568475,-0.432476401469327
1.56848,-0.4325215192279
1.568485,-0.432566643841399
1.56849,-0.432611775311156
1.568495,-0.432656913638495
1.5685,-0.432702058824748
1.568505,-0.43274721087124
1.56851,-0.4327923697793
1.568515,-0.432837535550254
1.56852,-0.432882708185434
1.568525,-0.432927887686172
1.56853,-0.432973074053789
1.568535,-0.433018267289621
1.56854,-0.433063467394998
1.568545,-0.433108674371247
1.56855,-0.433153888219703
1.568555,-0.433199108941694
1.56856,-0.43324433653855
1.568565,-0.433289571011607
1.56857,-0.433334812362192
1.568575,-0.433380060591642
1.56858,-0.433425315701289
1.568585,-0.433470577692463
1.56859,-0.433515846566497
1.568595,-0.433561122324725
1.5686,-0.433606404968483
1.568605,-0.433651694499107
1.56861,-0.433696990917925
1.568615,-0.433742294226274
1.56862,-0.43378760442549
1.568625,-0.433832921516908
1.56863,-0.433878245501866
1.568635,-0.433923576381695
1.56864,-0.433968914157733
1.568645,-0.43401425883132
1.56865,-0.434059610403791
1.568655,-0.434104968876481
1.56866,-0.434150334250729
1.568665,-0.434195706527873
1.56867,-0.43424108570925
1.568675,-0.434286471796198
1.56868,-0.434331864790058
1.568685,-0.434377264692169
1.56869,-0.434422671503867
1.568695,-0.434468085226497
1.5687,-0.434513505861393
1.568705,-0.434558933409897
1.56871,-0.434604367873354
1.568715,-0.434649809253098
1.56872,-0.434695257550476
1.568725,-0.434740712766827
1.56873,-0.434786174903492
1.568735,-0.434831643961812
1.56874,-0.434877119943135
1.568745,-0.434922602848799
1.56875,-0.434968092680148
1.568755,-0.435013589438524
1.56876,-0.435059093125275
1.568765,-0.43510460374174
1.56877,-0.435150121289266
1.568775,-0.435195645769196
1.56878,-0.435241177182879
1.568785,-0.435286715531654
1.56879,-0.435332260816871
1.568795,-0.435377813039871
1.5688,-0.435423372202008
1.568805,-0.435468938304624
1.56881,-0.435514511349064
1.568815,-0.43556009133668
1.56882,-0.435605678268809
1.568825,-0.435651272146811
1.56883,-0.43569687297203
1.568835,-0.43574248074581
1.56884,-0.435788095469505
1.568845,-0.435833717144462
1.56885,-0.435879345772028
1.568855,-0.435924981353558
1.56886,-0.435970623890395
1.568865,-0.436016273383891
1.56887,-0.436061929835403
1.568875,-0.436107593246275
1.56888,-0.436153263617861
1.568885,-0.436198940951512
1.56889,-0.436244625248578
1.568895,-0.436290316510413
1.5689,-0.436336014738369
1.568905,-0.436381719933797
1.56891,-0.436427432098054
1.568915,-0.436473151232486
1.56892,-0.436518877338458
1.568925,-0.43656461041731
1.56893,-0.436610350470409
1.568935,-0.436656097499102
1.56894,-0.436701851504746
1.568945,-0.436747612488695
1.56895,-0.436793380452309
1.568955,-0.436839155396941
1.56896,-0.436884937323942
1.568965,-0.436930726234677
1.56897,-0.436976522130497
1.568975,-0.43702232501276
1.56898,-0.437068134882828
1.568985,-0.43711395174205
1.56899,-0.437159775591792
1.568995,-0.437205606433411
1.569,-0.437251444268261
1.569005,-0.437297289097701
1.56901,-0.437343140923099
1.569015,-0.437388999745806
1.56902,-0.437434865567187
1.569025,-0.437480738388598
1.56903,-0.4375266182114
1.569035,-0.437572505036957
1.56904,-0.437618398866628
1.569045,-0.437664299701775
1.56905,-0.43771020754376
1.569055,-0.437756122393942
1.56906,-0.43780204425369
1.569065,-0.437847973124362
1.56907,-0.437893909007318
1.569075,-0.437939851903931
1.56908,-0.437985801815557
1.569085,-0.43803175874356
1.56909,-0.438077722689308
1.569095,-0.438123693654163
1.5691,-0.43816967163949
1.569105,-0.438215656646657
1.56911,-0.438261648677028
1.569115,-0.438307647731966
1.56912,-0.438353653812841
1.569125,-0.438399666921017
1.56913,-0.438445687057864
1.569135,-0.438491714224746
1.56914,-0.438537748423034
1.569145,-0.438583789654091
1.56915,-0.438629837919287
1.569155,-0.438675893219994
1.56916,-0.438721955557576
1.569165,-0.438768024933404
1.56917,-0.438814101348846
1.569175,-0.438860184805275
1.56918,-0.438906275304056
1.569185,-0.438952372846562
1.56919,-0.438998477434167
1.569195,-0.439044589068235
1.5692,-0.439090707750143
1.569205,-0.439136833481261
1.56921,-0.43918296626296
1.569215,-0.439229106096615
1.56922,-0.439275252983593
1.569225,-0.439321406925271
1.56923,-0.439367567923021
1.569235,-0.439413735978217
1.56924,-0.439459911092235
1.569245,-0.439506093266442
1.56925,-0.439552282502217
1.569255,-0.439598478800941
1.56926,-0.439644682163977
1.569265,-0.439690892592707
1.56927,-0.439737110088511
1.569275,-0.439783334652756
1.56928,-0.439829566286826
1.569285,-0.43987580499209
1.56929,-0.439922050769929
1.569295,-0.439968303621725
1.5693,-0.440014563548847
1.569305,-0.44006083055268
1.56931,-0.440107104634598
1.569315,-0.440153385795981
1.56932,-0.440199674038209
1.569325,-0.44024596936266
1.56933,-0.440292271770709
1.569335,-0.440338581263748
1.56934,-0.440384897843143
1.569345,-0.440431221510286
1.56935,-0.440477552266551
1.569355,-0.44052389011332
1.56936,-0.440570235051979
1.569365,-0.440616587083905
1.56937,-0.440662946210479
1.569375,-0.44070931243309
1.56938,-0.440755685753113
1.569385,-0.44080206617194
1.56939,-0.440848453690946
1.569395,-0.440894848311515
1.5694,-0.440941250035039
1.569405,-0.440987658862894
1.56941,-0.441034074796469
1.569415,-0.441080497837147
1.56942,-0.441126927986317
1.569425,-0.441173365245361
1.56943,-0.441219809615663
1.569435,-0.441266261098617
1.56944,-0.441312719695602
1.569445,-0.441359185408009
1.56945,-0.441405658237222
1.569455,-0.441452138184632
1.56946,-0.441498625251624
1.569465,-0.441545119439588
1.56947,-0.441591620749913
1.569475,-0.441638129183987
1.56948,-0.441684644743199
1.569485,-0.441731167428939
1.56949,-0.441777697242595
1.569495,-0.441824234185563
1.5695,-0.441870778259223
1.569505,-0.441917329464975
1.56951,-0.441963887804209
1.569515,-0.442010453278313
1.56952,-0.442057025888679
1.569525,-0.442103605636698
1.56953,-0.442150192523769
1.569535,-0.442196786551279
1.56954,-0.442243387720623
1.569545,-0.442289996033191
1.56955,-0.442336611490381
1.569555,-0.442383234093588
1.56956,-0.442429863844201
1.569565,-0.442476500743618
1.56957,-0.442523144793237
1.569575,-0.442569795994445
1.56958,-0.442616454348645
1.569585,-0.44266311985723
1.56959,-0.442709792521596
1.569595,-0.442756472343141
1.5696,-0.442803159323261
1.569605,-0.442849853463355
1.56961,-0.442896554764816
1.569615,-0.442943263229047
1.56962,-0.442989978857445
1.569625,-0.443036701651407
1.56963,-0.443083431612331
1.569635,-0.443130168741618
1.56964,-0.443176913040669
1.569645,-0.443223664510884
1.56965,-0.443270423153659
1.569655,-0.443317188970394
1.56966,-0.443363961962499
1.569665,-0.443410742131365
1.56967,-0.443457529478398
1.569675,-0.443504324004998
1.56968,-0.443551125712571
1.569685,-0.443597934602516
1.56969,-0.443644750676237
1.569695,-0.443691573935134
1.5697,-0.443738404380615
1.569705,-0.443785242014082
1.56971,-0.443832086836939
1.569715,-0.443878938850589
1.56972,-0.443925798056438
1.569725,-0.443972664455892
1.56973,-0.444019538050355
1.569735,-0.444066418841236
1.56974,-0.444113306829935
1.569745,-0.444160202017863
1.56975,-0.444207104406426
1.569755,-0.444254013997027
1.56976,-0.444300930791079
1.569765,-0.444347854789989
1.56977,-0.44439478599516
1.569775,-0.444441724408006
1.56978,-0.444488670029932
1.569785,-0.444535622862348
1.56979,-0.444582582906667
1.569795,-0.444629550164293
1.5698,-0.444676524636638
1.569805,-0.444723506325115
1.56981,-0.444770495231127
1.569815,-0.444817491356096
1.56982,-0.444864494701424
1.569825,-0.444911505268526
1.56983,-0.444958523058813
1.569835,-0.4450055480737
1.56984,-0.445052580314598
1.569845,-0.445099619782919
1.56985,-0.445146666480077
1.569855,-0.445193720407487
1.56986,-0.445240781566559
1.569865,-0.445287849958711
1.56987,-0.445334925585356
1.569875,-0.445382008447908
1.56988,-0.445429098547786
1.569885,-0.445476195886401
1.56989,-0.445523300465169
1.569895,-0.445570412285512
1.5699,-0.445617531348839
1.569905,-0.445664657656574
1.56991,-0.445711791210127
1.569915,-0.445758932010921
1.56992,-0.445806080060371
1.569925,-0.445853235359895
1.56993,-0.445900397910919
1.569935,-0.445947567714848
1.56994,-0.445994744773108
1.569945,-0.446041929087124
1.56995,-0.446089120658309
1.569955,-0.446136319488085
1.56996,-0.446183525577873
1.569965,-0.446230738929091
1.56997,-0.446277959543169
1.569975,-0.446325187421518
1.56998,-0.446372422565562
1.569985,-0.446419664976728
1.56999,-0.446466914656433
1.569995,-0.446514171606105
1.57,-0.446561435827163
1.570005,-0.446608707321031
1.57001,-0.446655986089136
1.570015,-0.446703272132897
1.57002,-0.446750565453743
1.570025,-0.446797866053099
1.57003,-0.446845173932385
1.570035,-0.446892489093032
1.57004,-0.446939811536464
1.570045,-0.446987141264102
1.57005,-0.447034478277381
1.570055,-0.447081822577723
1.57006,-0.447129174166556
1.570065,-0.447176533045307
1.57007,-0.447223899215403
1.570075,-0.447271272678278
1.57008,-0.44731865343535
1.570085,-0.447366041488056
1.57009,-0.447413436837823
1.570095,-0.447460839486078
1.5701,-0.447508249434258
1.570105,-0.44755566668378
1.57011,-0.447603091236089
1.570115,-0.447650523092608
1.57012,-0.447697962254766
1.570125,-0.447745408724001
1.57013,-0.447792862501742
1.570135,-0.447840323589418
1.57014,-0.447887791988466
1.570145,-0.447935267700314
1.57015,-0.447982750726401
1.570155,-0.448030241068157
1.57016,-0.448077738727015
1.570165,-0.44812524370441
1.57017,-0.448172756001778
1.570175,-0.448220275620552
1.57018,-0.448267802562168
1.570185,-0.448315336828059
1.57019,-0.448362878419664
1.570195,-0.448410427338418
1.5702,-0.448457983585756
1.570205,-0.448505547163121
1.57021,-0.448553118071939
1.570215,-0.448600696313655
1.57022,-0.448648281889708
1.570225,-0.448695874801532
1.57023,-0.44874347505057
1.570235,-0.448791082638257
1.57024,-0.448838697566028
1.570245,-0.448886319835333
1.57025,-0.448933949447605
1.570255,-0.448981586404284
1.57026,-0.449029230706812
1.570265,-0.44907688235663
1.57027,-0.44912454135518
1.570275,-0.449172207703902
1.57028,-0.449219881404236
1.570285,-0.449267562457628
1.57029,-0.449315250865518
1.570295,-0.449362946629352
1.5703,-0.449410649750569
1.570305,-0.44945836023061
1.57031,-0.449506078070929
1.570315,-0.449553803272963
1.57032,-0.449601535838154
1.570325,-0.449649275767956
1.57033,-0.449697023063808
1.570335,-0.449744777727155
1.57034,-0.449792539759442
1.570345,-0.449840309162118
1.57035,-0.44988808593663
1.570355,-0.449935870084423
1.57036,-0.449983661606944
1.570365,-0.450031460505641
1.57037,-0.450079266781966
1.570375,-0.450127080437362
1.57038,-0.450174901473277
1.570385,-0.450222729891163
1.57039,-0.450270565692468
1.570395,-0.450318408878644
1.5704,-0.450366259451134
1.570405,-0.450414117411399
1.57041,-0.450461982760877
1.570415,-0.450509855501028
1.57042,-0.450557735633302
1.570425,-0.450605623159148
1.57043,-0.450653518080018
1.570435,-0.450701420397369
1.57044,-0.450749330112645
1.570445,-0.450797247227306
1.57045,-0.450845171742804
1.570455,-0.45089310366059
1.57046,-0.450941042982122
1.570465,-0.450988989708853
1.57047,-0.451036943842233
1.570475,-0.451084905383723
1.57048,-0.451132874334777
1.570485,-0.451180850696848
1.57049,-0.451228834471396
1.570495,-0.45127682565987
1.5705,-0.451324824263736
1.570505,-0.451372830284447
1.57051,-0.451420843723458
1.570515,-0.451468864582232
1.57052,-0.45151689286222
1.570525,-0.451564928564887
1.57053,-0.451612971691687
1.570535,-0.45166102224408
1.57054,-0.451709080223529
1.570545,-0.451757145631492
1.57055,-0.451805218469426
1.570555,-0.451853298738795
1.57056,-0.451901386441056
1.570565,-0.451949481577675
1.57057,-0.45199758415011
1.570575,-0.452045694159823
1.57058,-0.452093811608278
1.570585,-0.452141936496938
1.57059,-0.452190068827262
1.570595,-0.452238208600717
1.5706,-0.452286355818763
1.570605,-0.452334510482864
1.57061,-0.45238267259449
1.570615,-0.452430842155098
1.57062,-0.45247901916616
1.570625,-0.452527203629135
1.57063,-0.452575395545489
1.570635,-0.452623594916694
1.57064,-0.45267180174421
1.570645,-0.452720016029503
1.57065,-0.452768237774047
1.570655,-0.452816466979303
1.57066,-0.452864703646743
1.570665,-0.452912947777828
1.57067,-0.452961199374032
1.570675,-0.453009458436824
1.57068,-0.453057724967669
1.570685,-0.453105998968041
1.57069,-0.453154280439406
1.570695,-0.453202569383233
1.5707,-0.453250865800997
1.570705,-0.453299169694166
1.57071,-0.453347481064212
1.570715,-0.453395799912606
1.57072,-0.453444126240818
1.570725,-0.453492460050322
1.57073,-0.453540801342591
1.570735,-0.453589150119096
1.57074,-0.45363750638131
1.570745,-0.453685870130706
1.57075,-0.453734241368763
1.570755,-0.453782620096947
1.57076,-0.453831006316738
1.570765,-0.453879400029611
1.57077,-0.453927801237037
1.570775,-0.453976209940493
1.57078,-0.454024626141461
1.570785,-0.454073049841408
1.57079,-0.454121481041818
1.570795,-0.45416991974416
1.5708,-0.454218365949917
1.570805,-0.45426681966057
1.57081,-0.454315280877586
1.570815,-0.454363749602452
1.57082,-0.454412225836646
1.570825,-0.454460709581643
1.57083,-0.454509200838924
1.570835,-0.454557699609969
1.57084,-0.45460620589626
1.570845,-0.454654719699275
1.57085,-0.454703241020494
1.570855,-0.4547517698614
1.57086,-0.454800306223476
1.570865,-0.454848850108193
1.57087,-0.454897401517052
1.570875,-0.454945960451518
1.57088,-0.454994526913082
1.570885,-0.455043100903227
1.57089,-0.455091682423433
1.570895,-0.455140271475187
1.5709,-0.455188868059971
1.570905,-0.455237472179272
1.57091,-0.455286083834573
1.570915,-0.455334703027359
1.57092,-0.455383329759117
1.570925,-0.455431964031332
1.57093,-0.455480605845487
1.570935,-0.455529255203074
1.57094,-0.455577912105582
1.570945,-0.455626576554489
1.57095,-0.455675248551288
1.570955,-0.45572392809747
1.57096,-0.455772615194519
1.570965,-0.455821309843923
1.57097,-0.455870012047173
1.570975,-0.45591872180576
1.57098,-0.455967439121171
1.570985,-0.456016163994897
1.57099,-0.456064896428426
1.570995,-0.456113636423252
1.571,-0.456162383980869
1.571005,-0.456211139102761
1.57101,-0.456259901790423
1.571015,-0.456308672045349
1.57102,-0.456357449869032
1.571025,-0.456406235262961
1.57103,-0.456455028228631
1.571035,-0.456503828767535
1.57104,-0.45655263688117
1.571045,-0.456601452571028
1.57105,-0.456650275838603
1.571055,-0.456699106685389
1.57106,-0.456747945112883
1.571065,-0.456796791122583
1.57107,-0.45684564471598
1.571075,-0.456894505894573
1.57108,-0.456943374659861
1.571085,-0.456992251013336
1.57109,-0.4570411349565
1.571095,-0.457090026490848
1.5711,-0.457138925617878
1.571105,-0.457187832339092
1.57111,-0.457236746655984
1.571115,-0.457285668570056
1.57112,-0.457334598082808
1.571125,-0.457383535195737
1.57113,-0.457432479910345
1.571135,-0.457481432228135
1.57114,-0.457530392150601
1.571145,-0.457579359679255
1.57115,-0.457628334815588
1.571155,-0.457677317561109
1.57116,-0.457726307917314
1.571165,-0.457775305885714
1.57117,-0.457824311467805
1.571175,-0.457873324665092
1.57118,-0.45792234547908
1.571185,-0.457971373911272
1.57119,-0.458020409963173
1.571195,-0.458069453636292
1.5712,-0.458118504932127
1.571205,-0.458167563852184
1.57121,-0.458216630397976
1.571215,-0.458265704571001
1.57122,-0.458314786372773
1.571225,-0.458363875804792
1.57123,-0.458412972868566
1.571235,-0.458462077565611
1.57124,-0.458511189897425
1.571245,-0.458560309865521
1.57125,-0.458609437471407
1.571255,-0.458658572716592
1.57126,-0.458707715602588
1.571265,-0.458756866130897
1.57127,-0.458806024303037
1.571275,-0.458855190120517
1.57128,-0.458904363584841
1.571285,-0.45895354469753
1.57129,-0.45900273346009
1.571295,-0.459051929874035
1.5713,-0.459101133940878
1.571305,-0.459150345662124
1.57131,-0.459199565039298
1.571315,-0.459248792073902
1.57132,-0.459298026767456
1.571325,-0.459347269121474
1.57133,-0.459396519137465
1.571335,-0.459445776816951
1.57134,-0.459495042161444
1.571345,-0.459544315172459
1.57135,-0.459593595851512
1.571355,-0.459642884200118
1.57136,-0.459692180219794
1.571365,-0.459741483912059
1.57137,-0.459790795278426
1.571375,-0.459840114320419
1.57138,-0.459889441039549
1.571385,-0.459938775437335
1.57139,-0.459988117515302
1.571395,-0.460037467274965
1.5714,-0.46008682471784
1.571405,-0.460136189845453
1.57141,-0.460185562659318
1.571415,-0.460234943160961
1.57142,-0.460284331351898
1.571425,-0.460333727233651
1.57143,-0.460383130807746
1.571435,-0.460432542075699
1.57144,-0.460481961039035
1.571445,-0.460531387699276
1.57145,-0.460580822057946
1.571455,-0.460630264116567
1.57146,-0.46067971387666
1.571465,-0.460729171339755
1.57147,-0.460778636507372
1.571475,-0.460828109381038
1.57148,-0.460877589962275
1.571485,-0.460927078252614
1.57149,-0.460976574253573
1.571495,-0.461026077966687
1.5715,-0.461075589393473
1.571505,-0.461125108535465
1.57151,-0.461174635394187
1.571515,-0.461224169971165
1.57152,-0.461273712267934
1.571525,-0.461323262286015
1.57153,-0.461372820026936
1.571535,-0.461422385492232
1.57154,-0.461471958683428
1.571545,-0.461521539602057
1.57155,-0.461571128249647
1.571555,-0.461620724627727
1.57156,-0.461670328737832
1.571565,-0.461719940581486
1.57157,-0.461769560160229
1.571575,-0.461819187475588
1.57158,-0.461868822529092
1.571585,-0.461918465322282
1.57159,-0.461968115856687
1.571595,-0.462017774133837
1.5716,-0.46206744015527
1.571605,-0.462117113922519
1.57161,-0.462166795437118
1.571615,-0.462216484700603
1.57162,-0.462266181714504
1.571625,-0.462315886480363
1.57163,-0.462365598999712
1.571635,-0.462415319274086
1.57164,-0.462465047305026
1.571645,-0.462514783094068
1.57165,-0.462564526642749
1.571655,-0.462614277952602
1.57166,-0.462664037025168
1.571665,-0.462713803861988
1.57167,-0.462763578464598
1.571675,-0.462813360834539
1.57168,-0.462863150973348
1.571685,-0.462912948882565
1.57169,-0.462962754563734
1.571695,-0.463012568018389
1.5717,-0.463062389248075
1.571705,-0.463112218254337
1.57171,-0.463162055038707
1.571715,-0.463211899602737
1.57172,-0.463261751947959
1.571725,-0.463311612075926
1.57173,-0.463361479988174
1.571735,-0.46341135568625
1.57174,-0.463461239171698
1.571745,-0.463511130446056
1.57175,-0.463561029510876
1.571755,-0.463610936367701
1.57176,-0.463660851018075
1.571765,-0.463710773463541
1.57177,-0.463760703705651
1.571775,-0.463810641745947
1.57178,-0.463860587585978
1.571785,-0.463910541227291
1.57179,-0.463960502671427
1.571795,-0.464010471919943
1.5718,-0.464060448974382
1.571805,-0.464110433836297
1.57181,-0.464160426507229
1.571815,-0.464210426988735
1.57182,-0.46426043528236
1.571825,-0.464310451389657
1.57183,-0.464360475312171
1.571835,-0.46441050705146
1.57184,-0.464460546609071
1.571845,-0.464510593986555
1.57185,-0.464560649185466
1.571855,-0.464610712207353
1.57186,-0.464660783053774
1.571865,-0.464710861726274
1.57187,-0.464760948226414
1.571875,-0.464811042555742
1.57188,-0.464861144715814
1.571885,-0.464911254708186
1.57189,-0.46496137253441
1.571895,-0.465011498196041
1.5719,-0.465061631694636
1.571905,-0.465111773031751
1.57191,-0.465161922208944
1.571915,-0.465212079227766
1.57192,-0.465262244089779
1.571925,-0.465312416796538
1.57193,-0.4653625973496
1.571935,-0.465412785750525
1.57194,-0.46546298200087
1.571945,-0.465513186102193
1.57195,-0.465563398056056
1.571955,-0.465613617864016
1.57196,-0.465663845527634
1.571965,-0.46571408104847
1.57197,-0.465764324428082
1.571975,-0.465814575668036
1.57198,-0.465864834769889
1.571985,-0.465915101735204
1.57199,-0.465965376565546
1.571995,-0.466015659262472
1.572,-0.466065949827549
1.572005,-0.466116248262338
1.57201,-0.4661665545684
1.572015,-0.466216868747308
1.57202,-0.466267190800616
1.572025,-0.466317520729893
1.57203,-0.466367858536705
1.572035,-0.466418204222616
1.57204,-0.466468557789193
1.572045,-0.466518919237999
1.57205,-0.466569288570605
1.572055,-0.466619665788573
1.57206,-0.466670050893472
1.572065,-0.466720443886874
1.57207,-0.46677084477034
1.572075,-0.466821253545439
1.57208,-0.466871670213749
1.572085,-0.466922094776828
1.57209,-0.466972527236246
1.572095,-0.467022967593582
1.5721,-0.467073415850396
1.572105,-0.467123872008268
1.57211,-0.46717433606876
1.572115,-0.467224808033448
1.57212,-0.467275287903903
1.572125,-0.467325775681698
1.57213,-0.467376271368401
1.572135,-0.467426774965592
1.57214,-0.467477286474837
1.572145,-0.467527805897711
1.57215,-0.467578333235791
1.572155,-0.46762886849065
1.57216,-0.467679411663864
1.572165,-0.467729962757004
1.57217,-0.467780521771649
1.572175,-0.467831088709371
1.57218,-0.46788166357175
1.572185,-0.467932246360362
1.57219,-0.467982837076779
1.572195,-0.468033435722584
1.5722,-0.468084042299352
1.572205,-0.46813465680866
1.57221,-0.468185279252091
1.572215,-0.468235909631217
1.57222,-0.468286547947619
1.572225,-0.468337194202883
1.57223,-0.46838784839858
1.572235,-0.468438510536294
1.57224,-0.468489180617608
1.572245,-0.468539858644098
1.57225,-0.468590544617348
1.572255,-0.468641238538938
1.57226,-0.468691940410451
1.572265,-0.46874265023347
1.57227,-0.46879336800958
1.572275,-0.468844093740361
1.57228,-0.468894827427396
1.572285,-0.468945569072267
1.57229,-0.468996318676568
1.572295,-0.469047076241871
1.5723,-0.469097841769769
1.572305,-0.469148615261846
1.57231,-0.469199396719688
1.572315,-0.469250186144878
1.57232,-0.469300983539006
1.572325,-0.46935178890366
1.57233,-0.469402602240423
1.572335,-0.469453423550882
1.57234,-0.469504252836632
1.572345,-0.469555090099256
1.57235,-0.46960593534034
1.572355,-0.469656788561482
1.57236,-0.469707649764263
1.572365,-0.469758518950279
1.57237,-0.469809396121117
1.572375,-0.469860281278368
1.57238,-0.469911174423622
1.572385,-0.469962075558474
1.57239,-0.470012984684512
1.572395,-0.470063901803331
1.5724,-0.470114826916521
1.572405,-0.470165760025678
1.57241,-0.47021670113239
1.572415,-0.470267650238258
1.57242,-0.470318607344869
1.572425,-0.470369572453823
1.57243,-0.47042054556671
1.572435,-0.470471526685126
1.57244,-0.47052251581067
1.572445,-0.470573512944937
1.57245,-0.470624518089521
1.572455,-0.470675531246018
1.57246,-0.470726552416029
1.572465,-0.47077758160115
1.57247,-0.470828618802976
1.572475,-0.470879664023107
1.57248,-0.47093071726314
1.572485,-0.470981778524681
1.57249,-0.471032847809321
1.572495,-0.471083925118663
1.5725,-0.471135010454304
1.572505,-0.471186103817851
1.57251,-0.471237205210899
1.572515,-0.471288314635051
1.57252,-0.47133943209191
1.572525,-0.471390557583075
1.57253,-0.471441691110151
1.572535,-0.471492832674741
1.57254,-0.471543982278442
1.572545,-0.471595139922865
1.57255,-0.471646305609612
1.572555,-0.471697479340286
1.57256,-0.471748661116493
1.572565,-0.471799850939835
1.57257,-0.471851048811919
1.572575,-0.471902254734352
1.57258,-0.471953468708737
1.572585,-0.472004690736684
1.57259,-0.472055920819799
1.572595,-0.472107158959689
1.5726,-0.472158405157961
1.572605,-0.472209659416222
1.57261,-0.472260921736081
1.572615,-0.472312192119149
1.57262,-0.472363470567034
1.572625,-0.472414757081348
1.57263,-0.472466051663692
1.572635,-0.472517354315686
1.57264,-0.472568665038937
1.572645,-0.472619983835053
1.57265,-0.472671310705651
1.572655,-0.472722645652342
1.57266,-0.472773988676733
1.572665,-0.472825339780442
1.57267,-0.472876698965082
1.572675,-0.47292806623226
1.57268,-0.472979441583598
1.572685,-0.473030825020704
1.57269,-0.473082216545196
1.572695,-0.473133616158686
1.5727,-0.473185023862792
1.572705,-0.473236439659128
1.57271,-0.47328786354931
1.572715,-0.473339295534956
1.57272,-0.473390735617682
1.572725,-0.473442183799103
1.57273,-0.473493640080843
1.572735,-0.473545104464509
1.57274,-0.473596576951728
1.572745,-0.473648057544119
1.57275,-0.473699546243294
1.572755,-0.47375104305088
1.57276,-0.473802547968491
1.572765,-0.473854060997752
1.57277,-0.473905582140281
1.572775,-0.473957111397699
1.57278,-0.474008648771628
1.572785,-0.474060194263689
1.57279,-0.474111747875505
1.572795,-0.4741633096087
1.5728,-0.474214879464891
1.572805,-0.47426645744571
1.57281,-0.474318043552775
1.572815,-0.474369637787708
1.57282,-0.474421240152139
1.572825,-0.474472850647692
1.57283,-0.474524469275986
1.572835,-0.474576096038656
1.57284,-0.474627730937322
1.572845,-0.474679373973609
1.57285,-0.474731025149149
1.572855,-0.474782684465564
1.57286,-0.474834351924487
1.572865,-0.474886027527541
1.57287,-0.474937711276354
1.572875,-0.474989403172561
1.57288,-0.475041103217783
1.572885,-0.475092811413655
1.57289,-0.475144527761806
1.572895,-0.475196252263864
1.5729,-0.475247984921462
1.572905,-0.475299725736229
1.57291,-0.475351474709798
1.572915,-0.475403231843801
1.57292,-0.475454997139865
1.572925,-0.475506770599633
1.57293,-0.475558552224727
1.572935,-0.475610342016787
1.57294,-0.475662139977444
1.572945,-0.475713946108332
1.57295,-0.475765760411088
1.572955,-0.475817582887343
1.57296,-0.475869413538735
1.572965,-0.475921252366901
1.57297,-0.475973099373472
1.572975,-0.476024954560089
1.57298,-0.476076817928388
1.572985,-0.476128689480001
1.57299,-0.476180569216575
1.572995,-0.476232457139739
1.573,-0.476284353251136
1.573005,-0.476336257552407
1.57301,-0.476388170045183
1.573015,-0.476440090731112
1.57302,-0.476492019611827
1.573025,-0.476543956688975
1.57303,-0.476595901964193
1.573035,-0.476647855439121
1.57304,-0.476699817115401
1.573045,-0.476751786994679
1.57305,-0.47680376507859
1.573055,-0.476855751368782
1.57306,-0.476907745866897
1.573065,-0.476959748574576
1.57307,-0.477011759493468
1.573075,-0.477063778625214
1.57308,-0.477115805971454
1.573085,-0.477167841533841
1.57309,-0.477219885314015
1.573095,-0.477271937313623
1.5731,-0.477323997534314
1.573105,-0.477376065977728
1.57311,-0.47742814264552
1.573115,-0.477480227539332
1.57312,-0.477532320660813
1.573125,-0.47758442201161
1.57313,-0.477636531593371
1.573135,-0.477688649407749
1.57314,-0.477740775456389
1.573145,-0.47779290974094
1.57315,-0.477845052263059
1.573155,-0.477897203024388
1.57316,-0.477949362026581
1.573165,-0.478001529271294
1.57317,-0.47805370476017
1.573175,-0.478105888494866
1.57318,-0.478158080477035
1.573185,-0.478210280708326
1.57319,-0.478262489190397
1.573195,-0.478314705924897
1.5732,-0.478366930913484
1.573205,-0.478419164157806
1.57321,-0.478471405659524
1.573215,-0.478523655420292
1.57322,-0.478575913441763
1.573225,-0.478628179725598
1.57323,-0.478680454273447
1.573235,-0.478732737086968
1.57324,-0.478785028167822
1.573245,-0.478837327517663
1.57325,-0.47888963513815
1.573255,-0.478941951030941
1.57326,-0.478994275197693
1.573265,-0.479046607640069
1.57327,-0.479098948359726
1.573275,-0.479151297358325
1.57328,-0.479203654637525
1.573285,-0.479256020198984
1.57329,-0.479308394044372
1.573295,-0.479360776175338
1.5733,-0.479413166593552
1.573305,-0.479465565300675
1.57331,-0.479517972298369
1.573315,-0.479570387588295
1.57332,-0.479622811172119
1.573325,-0.479675243051506
1.57333,-0.479727683228118
1.573335,-0.479780131703616
1.57334,-0.479832588479675
1.573345,-0.479885053557949
1.57335,-0.47993752694011
1.573355,-0.479990008627824
1.57336,-0.480042498622756
1.573365,-0.480094996926572
1.57337,-0.480147503540942
1.573375,-0.480200018467532
1.57338,-0.480252541708014
1.573385,-0.480305073264049
1.57339,-0.480357613137311
1.573395,-0.480410161329468
1.5734,-0.480462717842189
1.573405,-0.480515282677146
1.57341,-0.480567855836011
1.573415,-0.48062043732045
1.57342,-0.480673027132139
1.573425,-0.480725625272746
1.57343,-0.480778231743944
1.573435,-0.480830846547407
1.57344,-0.480883469684805
1.573445,-0.480936101157817
1.57345,-0.48098874096811
1.573455,-0.481041389117361
1.57346,-0.481094045607247
1.573465,-0.481146710439435
1.57347,-0.481199383615611
1.573475,-0.481252065137443
1.57348,-0.481304755006608
1.573485,-0.481357453224788
1.57349,-0.481410159793651
1.573495,-0.481462874714878
1.5735,-0.481515597990153
1.573505,-0.481568329621143
1.57351,-0.481621069609538
1.573515,-0.481673817957002
1.57352,-0.481726574665231
1.573525,-0.481779339735893
1.57353,-0.481832113170673
1.573535,-0.481884894971249
1.57354,-0.481937685139305
1.573545,-0.481990483676518
1.57355,-0.482043290584575
1.573555,-0.48209610586515
1.57356,-0.482148929519934
1.573565,-0.482201761550607
1.57357,-0.482254601958846
1.573575,-0.482307450746347
1.57358,-0.482360307914783
1.573585,-0.482413173465844
1.57359,-0.482466047401212
1.573595,-0.482518929722575
1.5736,-0.482571820431617
1.573605,-0.482624719530024
1.57361,-0.482677627019482
1.573615,-0.482730542901681
1.57362,-0.482783467178305
1.573625,-0.48283639985104
1.57363,-0.48288934092158
1.573635,-0.482942290391608
1.57364,-0.482995248262815
1.573645,-0.48304821453689
1.57365,-0.483101189215522
1.573655,-0.483154172300405
1.57366,-0.48320716379322
1.573665,-0.48326016369567
1.57367,-0.483313172009439
1.573675,-0.483366188736217
1.57368,-0.483419213877703
1.573685,-0.483472247435582
1.57369,-0.483525289411551
1.573695,-0.483578339807308
1.5737,-0.483631398624534
1.573705,-0.483684465864935
1.57371,-0.483737541530196
1.573715,-0.483790625622021
1.57372,-0.483843718142101
1.573725,-0.483896819092129
1.57373,-0.483949928473804
1.573735,-0.484003046288825
1.57374,-0.484056172538885
1.573745,-0.484109307225682
1.57375,-0.484162450350915
1.573755,-0.484215601916278
1.57376,-0.484268761923477
1.573765,-0.484321930374205
1.57377,-0.484375107270163
1.573775,-0.484428292613052
1.57378,-0.484481486404566
1.573785,-0.484534688646417
1.57379,-0.484587899340297
1.573795,-0.484641118487906
1.5738,-0.484694346090953
1.573805,-0.484747582151136
1.57381,-0.484800826670159
1.573815,-0.484854079649723
1.57382,-0.484907341091529
1.573825,-0.484960610997288
1.57383,-0.485013889368701
1.573835,-0.485067176207472
1.57384,-0.485120471515305
1.573845,-0.485173775293903
1.57385,-0.48522708754498
1.573855,-0.485280408270236
1.57386,-0.485333737471376
1.573865,-0.485387075150112
1.57387,-0.485440421308149
1.573875,-0.485493775947198
1.57388,-0.485547139068962
1.573885,-0.48560051067515
1.57389,-0.485653890767478
1.573895,-0.485707279347646
1.5739,-0.485760676417369
1.573905,-0.485814081978361
1.57391,-0.485867496032325
1.573915,-0.485920918580976
1.57392,-0.485974349626025
1.573925,-0.486027789169183
1.57393,-0.486081237212166
1.573935,-0.48613469375668
1.57394,-0.486188158804443
1.573945,-0.486241632357171
1.57395,-0.486295114416569
1.573955,-0.48634860498436
1.57396,-0.486402104062256
1.573965,-0.486455611651969
1.57397,-0.486509127755218
1.573975,-0.48656265237372
1.57398,-0.486616185509188
1.573985,-0.486669727163341
1.57399,-0.486723277337895
1.573995,-0.486776836034571
1.574,-0.486830403255083
1.574005,-0.486883979001149
1.57401,-0.48693756327449
1.574015,-0.486991156076825
1.57402,-0.487044757409873
1.574025,-0.487098367275356
1.57403,-0.487151985674991
1.574035,-0.487205612610503
1.57404,-0.48725924808361
1.574045,-0.487312892096035
1.57405,-0.4873665446495
1.574055,-0.487420205745727
1.57406,-0.487473875386443
1.574065,-0.487527553573362
1.57407,-0.487581240308217
1.574075,-0.48763493559273
1.57408,-0.48768863942862
1.574085,-0.48774235181762
1.57409,-0.487796072761448
1.574095,-0.487849802261838
1.5741,-0.487903540320512
1.574105,-0.487957286939192
1.57411,-0.488011042119612
1.574115,-0.488064805863495
1.57412,-0.488118578172572
1.574125,-0.488172359048573
1.57413,-0.488226148493219
1.574135,-0.488279946508249
1.57414,-0.488333753095383
1.574145,-0.488387568256355
1.57415,-0.488441391992899
1.574155,-0.48849522430674
1.57416,-0.488549065199614
1.574165,-0.488602914673249
1.57417,-0.488656772729375
1.574175,-0.488710639369732
1.57418,-0.488764514596047
1.574185,-0.488818398410054
1.57419,-0.488872290813489
1.574195,-0.48892619180808
1.5742,-0.488980101395572
1.574205,-0.489034019577691
1.57421,-0.489087946356172
1.574215,-0.489141881732757
1.57422,-0.489195825709178
1.574225,-0.489249778287172
1.57423,-0.489303739468479
1.574235,-0.489357709254831
1.57424,-0.489411687647968
1.574245,-0.489465674649628
1.57425,-0.489519670261554
1.574255,-0.489573674485481
1.57426,-0.489627687323145
1.574265,-0.489681708776292
1.57427,-0.48973573884666
1.574275,-0.489789777535991
1.57428,-0.489843824846025
1.574285,-0.4898978807785
1.57429,-0.489951945335162
1.574295,-0.490006018517755
1.5743,-0.490060100328014
1.574305,-0.490114190767693
1.57431,-0.490168289838527
1.574315,-0.490222397542264
1.57432,-0.490276513880648
1.574325,-0.490330638855423
1.57433,-0.490384772468336
1.574335,-0.49043891472113
1.57434,-0.49049306561555
1.574345,-0.49054722515335
1.57435,-0.490601393336267
1.574355,-0.490655570166055
1.57436,-0.490709755644462
1.574365,-0.490763949773232
1.57437,-0.490818152554116
1.574375,-0.490872363988862
1.57438,-0.490926584079219
1.574385,-0.490980812826943
1.57439,-0.491035050233776
1.574395,-0.491089296301473
1.5744,-0.491143551031783
1.574405,-0.491197814426458
1.57441,-0.491252086487253
1.574415,-0.491306367215915
1.57442,-0.491360656614201
1.574425,-0.491414954683866
1.57443,-0.491469261426655
1.574435,-0.491523576844332
1.57444,-0.491577900938644
1.574445,-0.491632233711348
1.57445,-0.491686575164205
1.574455,-0.491740925298961
1.57446,-0.491795284117379
1.574465,-0.491849651621214
1.57447,-0.491904027812222
1.574475,-0.491958412692161
1.57448,-0.492012806262787
1.574485,-0.492067208525861
1.57449,-0.492121619483142
1.574495,-0.492176039136386
1.5745,-0.492230467487356
1.574505,-0.492284904537807
1.57451,-0.492339350289504
1.574515,-0.492393804744205
1.57452,-0.492448267903674
1.574525,-0.492502739769669
1.57453,-0.492557220343955
1.574535,-0.492611709628291
1.57454,-0.492666207624445
1.574545,-0.492720714334176
1.57455,-0.492775229759249
1.574555,-0.492829753901429
1.57456,-0.492884286762479
1.574565,-0.492938828344167
1.57457,-0.492993378648251
1.574575,-0.493047937676507
1.57458,-0.493102505430695
1.574585,-0.493157081912581
1.57459,-0.493211667123935
1.574595,-0.49326626106652
1.5746,-0.49332086374211
1.574605,-0.493375475152471
1.57461,-0.49343009529937
1.574615,-0.493484724184577
1.57462,-0.493539361809865
1.574625,-0.493594008176998
1.57463,-0.493648663287752
1.574635,-0.493703327143892
1.57464,-0.493757999747195
1.574645,-0.49381268109943
1.57465,-0.493867371202368
1.574655,-0.493922070057785
1.57466,-0.493976777667452
1.574665,-0.494031494033144
1.57467,-0.494086219156632
1.574675,-0.49414095303969
1.57468,-0.494195695684094
1.574685,-0.49425044709162
1.57469,-0.494305207264044
1.574695,-0.494359976203144
1.5747,-0.494414753910689
1.574705,-0.49446954038846
1.57471,-0.494524335638236
1.574715,-0.49457913966179
1.57472,-0.494633952460905
1.574725,-0.49468877403736
1.57473,-0.494743604392929
1.574735,-0.494798443529393
1.57474,-0.494853291448533
1.574745,-0.494908148152129
1.57475,-0.494963013641962
1.574755,-0.495017887919812
1.57476,-0.495072770987464
1.574765,-0.495127662846693
1.57477,-0.495182563499286
1.574775,-0.495237472947027
1.57478,-0.495292391191695
1.574785,-0.495347318235076
1.57479,-0.495402254078955
1.574795,-0.495457198725115
1.5748,-0.495512152175343
1.574805,-0.495567114431421
1.57481,-0.495622085495135
1.574815,-0.495677065368272
1.57482,-0.495732054052621
1.574825,-0.495787051549968
1.57483,-0.495842057862099
1.574835,-0.495897072990799
1.57484,-0.495952096937864
1.574845,-0.496007129705077
1.57485,-0.496062171294229
1.574855,-0.496117221707111
1.57486,-0.496172280945508
1.574865,-0.496227349011216
1.57487,-0.496282425906025
1.574875,-0.496337511631722
1.57488,-0.496392606190103
1.574885,-0.496447709582959
1.57489,-0.496502821812084
1.574895,-0.496557942879268
1.5749,-0.496613072786305
1.574905,-0.496668211534992
1.57491,-0.496723359127119
1.574915,-0.496778515564484
1.57492,-0.496833680848884
1.574925,-0.496888854982108
1.57493,-0.496944037965959
1.574935,-0.496999229802226
1.57494,-0.497054430492714
1.574945,-0.497109640039217
1.57495,-0.497164858443529
1.574955,-0.497220085707454
1.57496,-0.497275321832787
1.574965,-0.497330566821327
1.57497,-0.497385820674877
1.574975,-0.497441083395233
1.57498,-0.497496354984197
1.574985,-0.497551635443571
1.57499,-0.497606924775154
1.574995,-0.497662222980752
1.575,-0.497717530062158
1.575005,-0.49777284602118
1.57501,-0.497828170859622
1.575015,-0.497883504579289
1.57502,-0.497938847181982
1.575025,-0.497994198669504
1.57503,-0.498049559043661
1.575035,-0.498104928306256
1.57504,-0.498160306459102
1.575045,-0.498215693503996
1.57505,-0.498271089442749
1.575055,-0.498326494277166
1.57506,-0.498381908009054
1.575065,-0.49843733064022
1.57507,-0.498492762172484
1.575075,-0.498548202607636
1.57508,-0.498603651947494
1.575085,-0.498659110193869
1.57509,-0.498714577348567
1.575095,-0.498770053413403
1.5751,-0.498825538390182
1.575105,-0.498881032280719
1.57511,-0.498936535086822
1.575115,-0.498992046810309
1.57512,-0.499047567452992
1.575125,-0.499103097016674
1.57513,-0.499158635503179
1.575135,-0.499214182914312
1.57514,-0.499269739251896
1.575145,-0.499325304517745
1.57515,-0.499380878713666
1.575155,-0.499436461841482
1.57516,-0.499492053903004
1.575165,-0.499547654900051
1.57517,-0.499603264834446
1.575175,-0.499658883707991
1.57518,-0.499714511522517
1.575185,-0.499770148279836
1.57519,-0.499825793981768
1.575195,-0.499881448630131
1.5752,-0.49993711222675
1.575205,-0.499992784773437
1.57521,-0.500048466272015
1.575215,-0.500104156724305
1.57522,-0.50015985613213
1.575225,-0.500215564497313
1.57523,-0.500271281821669
1.575235,-0.500327008107027
1.57524,-0.500382743355205
1.575245,-0.500438487568032
1.57525,-0.500494240747328
1.575255,-0.500550002894919
1.57526,-0.500605774012628
1.575265,-0.500661554102279
1.57527,-0.500717343165698
1.575275,-0.50077314120472
1.57528,-0.500828948221156
1.575285,-0.500884764216842
1.57529,-0.500940589193606
1.575295,-0.500996423153271
1.5753,-0.501052266097671
1.575305,-0.50110811802863
1.57531,-0.501163978947977
1.575315,-0.501219848857544
1.57532,-0.501275727759161
1.575325,-0.501331615654653
1.57533,-0.501387512545861
1.575335,-0.501443418434606
1.57534,-0.501499333322727
1.575345,-0.501555257212049
1.57535,-0.50161119010441
1.575355,-0.501667132001648
1.57536,-0.501723082905583
1.575365,-0.501779042818058
1.57537,-0.501835011740903
1.575375,-0.501890989675957
1.57538,-0.501946976625057
1.575385,-0.502002972590028
1.57539,-0.502058977572717
1.575395,-0.502114991574956
1.5754,-0.502171014598582
1.575405,-0.502227046645435
1.57541,-0.502283087717349
1.575415,-0.502339137816164
1.57542,-0.50239519694372
1.575425,-0.50245126510185
1.57543,-0.502507342292406
1.575435,-0.502563428517216
1.57544,-0.502619523778125
1.575445,-0.502675628076975
1.57545,-0.502731741415606
1.575455,-0.50278786379586
1.57546,-0.502843995219582
1.575465,-0.50290013568861
1.57547,-0.50295628520479
1.575475,-0.503012443769964
1.57548,-0.503068611385977
1.575485,-0.503124788054677
1.57549,-0.503180973777902
1.575495,-0.5032371685575
1.5755,-0.503293372395319
1.575505,-0.503349585293203
1.57551,-0.503405807253003
1.575515,-0.50346203827656
1.57552,-0.503518278365723
1.575525,-0.503574527522344
1.57553,-0.503630785748265
1.575535,-0.503687053045343
1.57554,-0.503743329415423
1.575545,-0.503799614860351
1.57555,-0.503855909381982
1.575555,-0.503912212982165
1.57556,-0.503968525662757
1.575565,-0.5040248474256
1.57557,-0.504081178272553
1.575575,-0.504137518205463
1.57558,-0.504193867226185
1.575585,-0.504250225336575
1.57559,-0.504306592538488
1.575595,-0.504362968833775
1.5756,-0.504419354224286
1.575605,-0.504475748711884
1.57561,-0.504532152298422
1.575615,-0.504588564985758
1.57562,-0.504644986775745
1.575625,-0.504701417670239
1.57563,-0.504757857671098
1.575635,-0.504814306780182
1.57564,-0.504870764999357
1.575645,-0.504927232330463
1.57565,-0.504983708775374
1.575655,-0.505040194335943
1.57566,-0.505096689014032
1.575665,-0.505153192811509
1.57567,-0.50520970573022
1.575675,-0.505266227772034
1.57568,-0.505322758938818
1.575685,-0.505379299232422
1.57569,-0.505435848654725
1.575695,-0.505492407207576
1.5757,-0.505548974892842
1.575705,-0.505605551712387
1.57571,-0.505662137668083
1.575715,-0.505718732761785
1.57572,-0.505775336995368
1.575725,-0.505831950370689
1.57573,-0.505888572889617
1.575735,-0.505945204554021
1.57574,-0.506001845365766
1.575745,-0.506058495326726
1.57575,-0.506115154438757
1.575755,-0.506171822703736
1.57576,-0.50622850012353
1.575765,-0.506285186700009
1.57577,-0.506341882435047
1.575775,-0.506398587330506
1.57578,-0.50645530138826
1.575785,-0.506512024610182
1.57579,-0.506568756998141
1.575795,-0.506625498554019
1.5758,-0.506682249279673
1.575805,-0.506739009176985
1.57581,-0.506795778247827
1.575815,-0.506852556494076
1.57582,-0.506909343917599
1.575825,-0.506966140520281
1.57583,-0.507022946303989
1.575835,-0.5070797612706
1.57584,-0.507136585421994
1.575845,-0.507193418760042
1.57585,-0.507250261286632
1.575855,-0.507307113003631
1.57586,-0.50736397391292
1.575865,-0.507420844016376
1.57587,-0.507477723315879
1.575875,-0.507534611813315
1.57588,-0.507591509510554
1.575885,-0.507648416409477
1.57589,-0.50770533251197
1.575895,-0.507762257819913
1.5759,-0.507819192335192
1.575905,-0.507876136059675
1.57591,-0.507933088995258
1.575915,-0.507990051143817
1.57592,-0.508047022507242
1.575925,-0.508104003087414
1.57593,-0.50816099288621
1.575935,-0.508217991905521
1.57594,-0.508275000147237
1.575945,-0.508332017613237
1.57595,-0.508389044305408
1.575955,-0.508446080225642
1.57596,-0.50850312537582
1.575965,-0.50856017975783
1.57597,-0.508617243373562
1.575975,-0.508674316224903
1.57598,-0.508731398313749
1.575985,-0.508788489641977
1.57599,-0.508845590211486
1.575995,-0.508902700024161
1.576,-0.508959819081897
1.576005,-0.509016947386585
1.57601,-0.509074084940113
1.576015,-0.509131231744374
1.57602,-0.509188387801263
1.576025,-0.509245553112667
1.57603,-0.509302727680492
1.576035,-0.509359911506622
1.57604,-0.50941710459295
1.576045,-0.509474306941378
1.57605,-0.509531518553792
1.576055,-0.509588739432099
1.57606,-0.509645969578191
1.576065,-0.509703208993957
1.57607,-0.509760457681303
1.576075,-0.509817715642123
1.57608,-0.509874982878316
1.576085,-0.509932259391783
1.57609,-0.509989545184419
1.576095,-0.510046840258124
1.5761,-0.510104144614796
1.576105,-0.510161458256341
1.57611,-0.510218781184661
1.576115,-0.510276113401647
1.57612,-0.510333454909208
1.576125,-0.510390805709246
1.57613,-0.510448165803658
1.576135,-0.510505535194359
1.57614,-0.510562913883241
1.576145,-0.51062030187221
1.57615,-0.510677699163174
1.576155,-0.510735105758037
1.57616,-0.510792521658703
1.576165,-0.510849946867081
1.57617,-0.510907381385073
1.576175,-0.510964825214584
1.57618,-0.51102227835753
1.576185,-0.511079740815815
1.57619,-0.511137212591343
1.576195,-0.511194693686023
1.5762,-0.511252184101769
1.576205,-0.511309683840484
1.57621,-0.511367192904083
1.576215,-0.51142471129448
1.57622,-0.511482239013575
1.576225,-0.511539776063289
1.57623,-0.511597322445529
1.576235,-0.511654878162207
1.57624,-0.511712443215242
1.576245,-0.511770017606538
1.57625,-0.511827601338013
1.576255,-0.511885194411583
1.57626,-0.511942796829159
1.576265,-0.51200040859266
1.57627,-0.512058029703997
1.576275,-0.512115660165088
1.57628,-0.512173299977851
1.576285,-0.512230949144201
1.57629,-0.512288607666058
1.576295,-0.512346275545334
1.5763,-0.512403952783953
1.576305,-0.512461639383829
1.57631,-0.512519335346888
1.576315,-0.512577040675046
1.57632,-0.51263475537022
1.576325,-0.512692479434332
1.57633,-0.512750212869305
1.576335,-0.51280795567706
1.57634,-0.512865707859521
1.576345,-0.512923469418609
1.57635,-0.512981240356245
1.576355,-0.513039020674351
1.57636,-0.513096810374852
1.576365,-0.513154609459677
1.57637,-0.513212417930748
1.576375,-0.513270235789992
1.57638,-0.513328063039327
1.576385,-0.513385899680685
1.57639,-0.513443745715992
1.576395,-0.513501601147182
1.5764,-0.513559465976169
1.576405,-0.513617340204888
1.57641,-0.513675223835268
1.576415,-0.51373311686924
1.57642,-0.51379101930873
1.576425,-0.513848931155666
1.57643,-0.513906852411982
1.576435,-0.513964783079607
1.57644,-0.514022723160473
1.576445,-0.514080672656516
1.57645,-0.514138631569657
1.576455,-0.514196599901839
1.57646,-0.51425457765499
1.576465,-0.514312564831046
1.57647,-0.51437056143194
1.576475,-0.514428567459614
1.57648,-0.51448658291599
1.576485,-0.514544607803008
1.57649,-0.514602642122606
1.576495,-0.51466068587672
1.5765,-0.51471873906729
1.576505,-0.514776801696247
1.57651,-0.514834873765531
1.576515,-0.514892955277081
1.57652,-0.514951046232837
1.576525,-0.515009146634742
1.57653,-0.515067256484726
1.576535,-0.515125375784734
1.57654,-0.515183504536706
1.576545,-0.515241642742584
1.57655,-0.515299790404313
1.576555,-0.515357947523827
1.57656,-0.515416114103075
1.576565,-0.515474290143994
1.57657,-0.515532475648533
1.576575,-0.515590670618633
1.57658,-0.515648875056246
1.576585,-0.515707088963305
1.57659,-0.515765312341763
1.576595,-0.515823545193559
1.5766,-0.515881787520648
1.576605,-0.515940039324975
1.57661,-0.515998300608479
1.576615,-0.516056571373115
1.57662,-0.516114851620829
1.576625,-0.516173141353571
1.57663,-0.516231440573288
1.576635,-0.516289749281934
1.57664,-0.516348067481451
1.576645,-0.516406395173796
1.57665,-0.51646473236092
1.576655,-0.516523079044772
1.57666,-0.516581435227305
1.576665,-0.516639800910469
1.57667,-0.516698176096219
1.576675,-0.516756560786507
1.57668,-0.516814954983293
1.576685,-0.516873358688525
1.57669,-0.516931771904154
1.576695,-0.516990194632145
1.5767,-0.517048626874444
1.576705,-0.517107068633013
1.57671,-0.517165519909815
1.576715,-0.517223980706793
1.57672,-0.517282451025914
1.576725,-0.51734093086913
1.57673,-0.517399420238405
1.576735,-0.5174579191357
1.57674,-0.517516427562964
1.576745,-0.517574945522165
1.57675,-0.517633473015262
1.576755,-0.517692010044216
1.57676,-0.517750556610992
1.576765,-0.517809112717544
1.57677,-0.517867678365838
1.576775,-0.517926253557835
1.57678,-0.517984838295503
1.576785,-0.518043432580805
1.57679,-0.518102036415701
1.576795,-0.518160649802157
1.5768,-0.518219272742139
1.576805,-0.518277905237612
1.57681,-0.51833654729055
1.576815,-0.518395198902905
1.57682,-0.518453860076653
1.576825,-0.51851253081376
1.57683,-0.518571211116194
1.576835,-0.518629900985925
1.57684,-0.518688600424923
1.576845,-0.51874730943515
1.57685,-0.518806028018583
1.576855,-0.518864756177191
1.57686,-0.518923493912944
1.576865,-0.518982241227815
1.57687,-0.519040998123772
1.576875,-0.51909976460279
1.57688,-0.519158540666843
1.576885,-0.519217326317901
1.57689,-0.519276121557943
1.576895,-0.519334926388937
1.5769,-0.51939374081286
1.576905,-0.519452564831689
1.57691,-0.5195113984474
1.576915,-0.519570241661967
1.57692,-0.519629094477365
1.576925,-0.519687956895572
1.57693,-0.51974682891857
1.576935,-0.519805710548328
1.57694,-0.51986460178684
1.576945,-0.519923502636073
1.57695,-0.519982413098002
1.576955,-0.520041333174617
1.57696,-0.520100262867895
1.576965,-0.520159202179816
1.57697,-0.52021815111237
1.576975,-0.520277109667525
1.57698,-0.520336077847271
1.576985,-0.520395055653588
1.57699,-0.520454043088463
1.576995,-0.520513040153879
1.577,-0.520572046851818
1.577005,-0.520631063184265
1.57701,-0.520690089153207
1.577015,-0.520749124760625
1.57702,-0.520808170008519
1.577025,-0.520867224898858
1.57703,-0.520926289433635
1.577035,-0.520985363614842
1.57704,-0.521044447444464
1.577045,-0.521103540924495
1.57705,-0.521162644056915
1.577055,-0.521221756843719
1.57706,-0.521280879286896
1.577065,-0.521340011388436
1.57707,-0.521399153150332
1.577075,-0.521458304574573
1.57708,-0.521517465663152
1.577085,-0.521576636418062
1.57709,-0.521635816841291
1.577095,-0.521695006934841
1.5771,-0.521754206700707
1.577105,-0.521813416140871
1.57711,-0.521872635257338
1.577115,-0.521931864052096
1.57712,-0.52199110252715
1.577125,-0.522050350684494
1.57713,-0.522109608526119
1.577135,-0.522168876054025
1.57714,-0.522228153270211
1.577145,-0.522287440176674
1.57715,-0.52234673677542
1.577155,-0.522406043068437
1.57716,-0.522465359057726
1.577165,-0.522524684745295
1.57717,-0.52258402013314
1.577175,-0.522643365223266
1.57718,-0.522702720017665
1.577185,-0.52276208451835
1.57719,-0.522821458727315
1.577195,-0.522880842646569
1.5772,-0.522940236278119
1.577205,-0.522999639623958
1.57721,-0.5230590526861
1.577215,-0.523118475466542
1.57722,-0.523177907967296
1.577225,-0.523237350190364
1.57723,-0.523296802137761
1.577235,-0.523356263811485
1.57724,-0.523415735213543
1.577245,-0.523475216345948
1.57725,-0.523534707210708
1.577255,-0.523594207809833
1.57726,-0.523653718145325
1.577265,-0.523713238219201
1.57727,-0.523772768033468
1.577275,-0.52383230759014
1.57728,-0.523891856891229
1.577285,-0.523951415938739
1.57729,-0.524010984734692
1.577295,-0.524070563281092
1.5773,-0.52413015157996
1.577305,-0.524189749633312
1.57731,-0.52424935744315
1.577315,-0.5243089750115
1.57732,-0.52436860234037
1.577325,-0.524428239431781
1.57733,-0.524487886287747
1.577335,-0.524547542910288
1.57734,-0.524607209301417
1.577345,-0.524666885463152
1.57735,-0.524726571397511
1.577355,-0.524786267106515
1.57736,-0.524845972592189
1.577365,-0.524905687856537
1.57737,-0.524965412901594
1.577375,-0.525025147729371
1.57738,-0.525084892341894
1.577385,-0.525144646741187
1.57739,-0.525204410929265
1.577395,-0.525264184908157
1.5774,-0.525323968679881
1.577405,-0.525383762246464
1.57741,-0.525443565609934
1.577415,-0.525503378772308
1.57742,-0.525563201735611
1.577425,-0.525623034501876
1.57743,-0.52568287707312
1.577435,-0.525742729451383
1.57744,-0.525802591638677
1.577445,-0.525862463637037
1.57745,-0.52592234544849
1.577455,-0.525982237075062
1.57746,-0.526042138518788
1.577465,-0.526102049781698
1.57747,-0.526161970865813
1.577475,-0.526221901773169
1.57748,-0.526281842505796
1.577485,-0.526341793065727
1.57749,-0.526401753454996
1.577495,-0.52646172367563
1.5775,-0.526521703729666
1.577505,-0.526581693619136
1.57751,-0.52664169334607
1.577515,-0.526701702912513
1.57752,-0.526761722320491
1.577525,-0.526821751572042
1.57753,-0.5268817906692
1.577535,-0.526941839614005
1.57754,-0.527001898408496
1.577545,-0.527061967054701
1.57755,-0.527122045554665
1.577555,-0.527182133910425
1.57756,-0.527242232124021
1.577565,-0.527302340197493
1.57757,-0.527362458132876
1.577575,-0.527422585932215
1.57758,-0.527482723597548
1.577585,-0.527542871130919
1.57759,-0.527603028534368
1.577595,-0.527663195809943
1.5776,-0.527723372959677
1.577605,-0.527783559985618
1.57761,-0.527843756889814
1.577615,-0.527903963674303
1.57762,-0.527964180341138
1.577625,-0.528024406892354
1.57763,-0.52808464333
1.577635,-0.528144889656126
1.57764,-0.528205145872777
1.577645,-0.528265411982003
1.57765,-0.528325687985847
1.577655,-0.528385973886358
1.57766,-0.528446269685587
1.577665,-0.528506575385582
1.57767,-0.528566890988399
1.577675,-0.528627216496079
1.57768,-0.528687551910674
1.577685,-0.528747897234242
1.57769,-0.528808252468827
1.577695,-0.52886861761649
1.5777,-0.528928992679278
1.577705,-0.528989377659241
1.57771,-0.529049772558441
1.577715,-0.529110177378926
1.57772,-0.529170592122754
1.577725,-0.529231016791983
1.57773,-0.529291451388662
1.577735,-0.529351895914851
1.57774,-0.529412350372605
1.577745,-0.529472814763986
1.57775,-0.52953328909105
1.577755,-0.529593773355852
1.57776,-0.529654267560451
1.577765,-0.529714771706911
1.57777,-0.529775285797285
1.577775,-0.529835809833644
1.57778,-0.529896343818038
1.577785,-0.529956887752534
1.57779,-0.530017441639187
1.577795,-0.530078005480071
1.5778,-0.530138579277241
1.577805,-0.53019916303276
1.57781,-0.530259756748695
1.577815,-0.530320360427108
1.57782,-0.530380974070065
1.577825,-0.530441597679635
1.57783,-0.530502231257875
1.577835,-0.530562874806859
1.57784,-0.530623528328648
1.577845,-0.530684191825316
1.57785,-0.530744865298926
1.577855,-0.530805548751548
1.57786,-0.530866242185252
1.577865,-0.530926945602104
1.57787,-0.530987659004176
1.577875,-0.531048382393537
1.57788,-0.531109115772264
1.577885,-0.53116985914242
1.57789,-0.531230612506081
1.577895,-0.531291375865315
1.5779,-0.531352149222203
1.577905,-0.531412932578815
1.57791,-0.531473725937221
1.577915,-0.531534529299499
1.57792,-0.531595342667722
1.577925,-0.531656166043971
1.57793,-0.531716999430316
1.577935,-0.531777842828835
1.57794,-0.5318386962416
1.577945,-0.531899559670697
1.57795,-0.5319604331182
1.577955,-0.532021316586189
1.57796,-0.532082210076742
1.577965,-0.532143113591935
1.57797,-0.532204027133851
1.577975,-0.53226495070457
1.57798,-0.532325884306177
1.577985,-0.532386827940753
1.57799,-0.532447781610371
1.577995,-0.532508745317121
1.578,-0.532569719063083
1.578005,-0.532630702850342
1.57801,-0.532691696680988
1.578015,-0.532752700557092
1.57802,-0.532813714480751
1.578025,-0.532874738454045
1.57803,-0.532935772479061
1.578035,-0.53299681655789
1.57804,-0.53305787069261
1.578045,-0.533118934885311
1.57805,-0.533180009138087
1.578055,-0.53324109345302
1.57806,-0.533302187832208
1.578065,-0.533363292277729
1.57807,-0.533424406791682
1.578075,-0.533485531376152
1.57808,-0.533546666033232
1.578085,-0.533607810765016
1.57809,-0.533668965573599
1.578095,-0.533730130461065
1.5781,-0.533791305429509
1.578105,-0.533852490481027
1.57811,-0.533913685617714
1.578115,-0.533974890841666
1.57812,-0.534036106154975
1.578125,-0.534097331559737
1.57813,-0.534158567058048
1.578135,-0.534219812652006
1.57814,-0.53428106834371
1.578145,-0.534342334135254
1.57815,-0.534403610028736
1.578155,-0.534464896026261
1.57816,-0.53452619212992
1.578165,-0.534587498341821
1.57817,-0.534648814664057
1.578175,-0.534710141098732
1.57818,-0.534771477647948
1.578185,-0.534832824313805
1.57819,-0.534894181098411
1.578195,-0.534955548003862
1.5782,-0.535016925032261
1.578205,-0.535078312185715
1.57821,-0.53513970946633
1.578215,-0.535201116876209
1.57822,-0.53526253441746
1.578225,-0.535323962092183
1.57823,-0.535385399902486
1.578235,-0.53544684785048
1.57824,-0.535508305938272
1.578245,-0.535569774167971
1.57825,-0.535631252541677
1.578255,-0.535692741061507
1.57826,-0.535754239729569
1.578265,-0.53581574854797
1.57827,-0.53587726751883
1.578275,-0.535938796644247
1.57828,-0.536000335926341
1.578285,-0.536061885367221
1.57829,-0.536123444969
1.578295,-0.536185014733798
1.5783,-0.536246594663717
1.578305,-0.536308184760874
1.57831,-0.536369785027389
1.578315,-0.536431395465376
1.57832,-0.536493016076952
1.578325,-0.536554646864224
1.57833,-0.536616287829316
1.578335,-0.536677938974349
1.57834,-0.536739600301433
1.578345,-0.536801271812686
1.57835,-0.53686295351024
1.578355,-0.5369246453962
1.57836,-0.536986347472689
1.578365,-0.537048059741831
1.57837,-0.537109782205743
1.578375,-0.537171514866555
1.57838,-0.537233257726375
1.578385,-0.537295010787335
1.57839,-0.537356774051556
1.578395,-0.537418547521159
1.5784,-0.537480331198277
1.578405,-0.53754212508502
1.57841,-0.537603929183525
1.578415,-0.537665743495911
1.57842,-0.537727568024307
1.578425,-0.537789402770843
1.57843,-0.53785124773764
1.578435,-0.537913102926823
1.57844,-0.537974968340527
1.578445,-0.538036843980879
1.57845,-0.538098729850013
1.578455,-0.538160625950047
1.57846,-0.538222532283119
1.578465,-0.53828444885136
1.57847,-0.538346375656896
1.578475,-0.538408312701865
1.57848,-0.538470259988399
1.578485,-0.538532217518627
1.57849,-0.538594185294683
1.578495,-0.538656163318704
1.5785,-0.538718151592817
1.578505,-0.538780150119169
1.57851,-0.538842158899886
1.578515,-0.538904177937106
1.57852,-0.538966207232965
1.578525,-0.539028246789599
1.57853,-0.539090296609155
1.578535,-0.53915235669376
1.57854,-0.539214427045553
1.578545,-0.539276507666679
1.57855,-0.539338598559273
1.578555,-0.539400699725481
1.57856,-0.539462811167436
1.578565,-0.539524932887282
1.57857,-0.539587064887162
1.578575,-0.539649207169218
1.57858,-0.539711359735596
1.578585,-0.539773522588432
1.57859,-0.539835695729872
1.578595,-0.539897879162064
1.5786,-0.539960072887151
1.578605,-0.540022276907276
1.57861,-0.540084491224592
1.578615,-0.540146715841235
1.57862,-0.540208950759357
1.578625,-0.540271195981106
1.57863,-0.540333451508632
1.578635,-0.540395717344083
1.57864,-0.540457993489601
1.578645,-0.540520279947342
1.57865,-0.540582576719456
1.578655,-0.540644883808092
1.57866,-0.540707201215404
1.578665,-0.540769528943538
1.57867,-0.54083186699465
1.578675,-0.540894215370892
1.57868,-0.540956574074416
1.578685,-0.541018943107384
1.57869,-0.541081322471935
1.578695,-0.541143712170235
1.5787,-0.541206112204435
1.578705,-0.541268522576693
1.57871,-0.54133094328917
1.578715,-0.541393374344012
1.57872,-0.541455815743381
1.578725,-0.54151826748944
1.57873,-0.541580729584341
1.578735,-0.541643202030244
1.57874,-0.541705684829318
1.578745,-0.541768177983709
1.57875,-0.541830681495584
1.578755,-0.541893195367103
1.57876,-0.541955719600431
1.578765,-0.54201825419773
1.57877,-0.542080799161157
1.578775,-0.542143354492879
1.57878,-0.54220592019506
1.578785,-0.542268496269861
1.57879,-0.542331082719459
1.578795,-0.542393679546004
1.5788,-0.542456286751663
1.578805,-0.542518904338614
1.57881,-0.542581532309013
1.578815,-0.542644170665038
1.57882,-0.542706819408847
1.578825,-0.542769478542612
1.57883,-0.542832148068501
1.578835,-0.542894827988689
1.57884,-0.542957518305338
1.578845,-0.543020219020629
1.57885,-0.543082930136721
1.578855,-0.543145651655796
1.57886,-0.543208383580018
1.578865,-0.543271125911565
1.57887,-0.543333878652615
1.578875,-0.54339664180533
1.57888,-0.543459415371892
1.578885,-0.543522199354472
1.57889,-0.54358499375525
1.578895,-0.543647798576403
1.5789,-0.543710613820097
1.578905,-0.54377343948852
1.57891,-0.543836275583847
1.578915,-0.54389912210825
1.57892,-0.543961979063921
1.578925,-0.544024846453027
1.57893,-0.544087724277748
1.578935,-0.544150612540272
1.57894,-0.544213511242771
1.578945,-0.544276420387438
1.57895,-0.54433933997644
1.578955,-0.544402270011971
1.57896,-0.54446521049621
1.578965,-0.544528161431338
1.57897,-0.544591122819543
1.578975,-0.544654094663011
1.57898,-0.544717076963918
1.578985,-0.544780069724459
1.57899,-0.544843072946814
1.578995,-0.544906086633173
1.579,-0.54496911078573
1.579005,-0.545032145406658
1.57901,-0.545095190498151
1.579015,-0.545158246062399
1.57902,-0.545221312101594
1.579025,-0.545284388617926
1.57903,-0.54534747561358
1.579035,-0.545410573090748
1.57904,-0.545473681051624
1.579045,-0.545536799498399
1.57905,-0.545599928433271
1.579055,-0.545663067858421
1.57906,-0.545726217776052
1.579065,-0.545789378188354
1.57907,-0.545852549097524
1.579075,-0.545915730505759
1.57908,-0.545978922415252
1.579085,-0.546042124828196
1.57909,-0.546105337746793
1.579095,-0.546168561173236
1.5791,-0.546231795109728
1.579105,-0.54629503955847
1.57911,-0.546358294521652
1.579115,-0.546421560001477
1.57912,-0.546484836000144
1.579125,-0.546548122519856
1.57913,-0.546611419562819
1.579135,-0.546674727131224
1.57914,-0.546738045227277
1.579145,-0.546801373853185
1.57915,-0.546864713011148
1.579155,-0.546928062703372
1.57916,-0.546991422932058
1.579165,-0.547054793699412
1.57917,-0.547118175007638
1.579175,-0.547181566858947
1.57918,-0.547244969255544
1.579185,-0.54730838219963
1.57919,-0.547371805693421
1.579195,-0.547435239739118
1.5792,-0.547498684338934
1.579205,-0.547562139495083
1.57921,-0.547625605209764
1.579215,-0.547689081485193
1.57922,-0.547752568323578
1.579225,-0.547816065727135
1.57923,-0.547879573698073
1.579235,-0.547943092238611
1.57924,-0.548006621350949
1.579245,-0.548070161037309
1.57925,-0.548133711299905
1.579255,-0.54819727214095
1.57926,-0.548260843562666
1.579265,-0.548324425567254
1.57927,-0.548388018156942
1.579275,-0.548451621333942
1.57928,-0.548515235100473
1.579285,-0.54857885945876
1.57929,-0.548642494411006
1.579295,-0.548706139959438
1.5793,-0.548769796106282
1.579305,-0.548833462853749
1.57931,-0.548897140204064
1.579315,-0.548960828159445
1.57932,-0.549024526722115
1.579325,-0.549088235894297
1.57933,-0.549151955678217
1.579335,-0.549215686076096
1.57934,-0.549279427090153
1.579345,-0.549343178722618
1.57935,-0.549406940975711
1.579355,-0.549470713851664
1.57936,-0.549534497352695
1.579365,-0.549598291481047
1.57937,-0.549662096238928
1.579375,-0.549725911628574
1.57938,-0.549789737652212
1.579385,-0.549853574312074
1.57939,-0.549917421610389
1.579395,-0.54998127954938
1.5794,-0.550045148131286
1.579405,-0.550109027358331
1.57941,-0.55017291723275
1.579415,-0.55023681775678
1.57942,-0.550300728932643
1.579425,-0.550364650762581
1.57943,-0.550428583248823
1.579435,-0.550492526393607
1.57944,-0.550556480199167
1.579445,-0.550620444667733
1.57945,-0.550684419801548
1.579455,-0.550748405602841
1.57946,-0.550812402073855
1.579465,-0.550876409216832
1.57947,-0.550940427033999
1.579475,-0.551004455527601
1.57948,-0.551068494699875
1.579485,-0.551132544553059
1.57949,-0.551196605089402
1.579495,-0.55126067631114
1.5795,-0.551324758220512
1.579505,-0.551388850819756
1.57951,-0.551452954111125
1.579515,-0.551517068096856
1.57952,-0.551581192779195
1.579525,-0.551645328160384
1.57953,-0.551709474242667
1.579535,-0.551773631028291
1.57954,-0.551837798519503
1.579545,-0.551901976718552
1.57955,-0.551966165627675
1.579555,-0.552030365249124
1.57956,-0.552094575585152
1.579565,-0.552158796638003
1.57957,-0.552223028409932
1.579575,-0.552287270903179
1.57958,-0.55235152412
1.579585,-0.552415788062642
1.57959,-0.552480062733363
1.579595,-0.552544348134407
1.5796,-0.55260864426804
1.579605,-0.552672951136498
1.57961,-0.552737268742043
1.579615,-0.552801597086927
1.57962,-0.552865936173407
1.579625,-0.552930286003742
1.57963,-0.552994646580176
1.579635,-0.553059017904975
1.57964,-0.553123399980391
1.579645,-0.553187792808682
1.57965,-0.553252196392115
1.579655,-0.553316610732937
1.57966,-0.553381035833409
1.579665,-0.553445471695795
1.57967,-0.553509918322349
1.579675,-0.553574375715343
1.57968,-0.553638843877028
1.579685,-0.553703322809667
1.57969,-0.55376781251552
1.579695,-0.55383231299686
1.5797,-0.553896824255948
1.579705,-0.553961346295039
1.57971,-0.554025879116404
1.579715,-0.554090422722307
1.57972,-0.554154977115015
1.579725,-0.554219542296794
1.57973,-0.554284118269915
1.579735,-0.554348705036636
1.57974,-0.55441330259923
1.579745,-0.554477910959968
1.57975,-0.554542530121114
1.579755,-0.554607160084945
1.57976,-0.554671800853723
1.579765,-0.554736452429721
1.57977,-0.554801114815213
1.579775,-0.554865788012468
1.57978,-0.554930472023764
1.579785,-0.554995166851368
1.57979,-0.555059872497552
1.579795,-0.555124588964596
1.5798,-0.55518931625477
1.579805,-0.555254054370358
1.57981,-0.555318803313626
1.579815,-0.555383563086852
1.57982,-0.555448333692314
1.579825,-0.555513115132291
1.57983,-0.555577907409062
1.579835,-0.5556427105249
1.57984,-0.555707524482089
1.579845,-0.555772349282908
1.57985,-0.555837184929635
1.579855,-0.555902031424552
1.57986,-0.555966888769947
1.579865,-0.556031756968095
1.57987,-0.556096636021274
1.579875,-0.556161525931773
1.57988,-0.556226426701876
1.579885,-0.556291338333869
1.57989,-0.556356260830033
1.579895,-0.556421194192652
1.5799,-0.556486138424012
1.579905,-0.556551093526407
1.57991,-0.556616059502121
1.579915,-0.556681036353434
1.57992,-0.55674602408264
1.579925,-0.556811022692024
1.57993,-0.556876032183882
1.579935,-0.556941052560506
1.57994,-0.557006083824171
1.579945,-0.557071125977179
1.57995,-0.557136179021822
1.579955,-0.557201242960389
1.57996,-0.557266317795177
1.579965,-0.557331403528474
1.57997,-0.557396500162572
1.579975,-0.557461607699771
1.57998,-0.557526726142362
1.579985,-0.557591855492643
1.57999,-0.557656995752916
1.579995,-0.557722146925464
1.58,-0.557787309012591
1.580005,-0.557852482016597
1.58001,-0.557917665939775
1.580015,-0.557982860784433
1.58002,-0.558048066552857
1.580025,-0.558113283247356
1.58003,-0.558178510870228
1.580035,-0.558243749423777
1.58004,-0.558308998910304
1.580045,-0.558374259332108
1.58005,-0.558439530691492
1.580055,-0.558504812990759
1.58006,-0.558570106232217
1.580065,-0.558635410418173
1.58007,-0.558700725550923
1.580075,-0.558766051632775
1.58008,-0.558831388666038
1.580085,-0.558896736653019
1.58009,-0.558962095596028
1.580095,-0.559027465497363
1.5801,-0.559092846359338
1.580105,-0.559158238184266
1.58011,-0.559223640974452
1.580115,-0.559289054732207
1.58012,-0.559354479459847
1.580125,-0.559419915159673
1.58013,-0.559485361834004
1.580135,-0.559550819485149
1.58014,-0.559616288115423
1.580145,-0.559681767727147
1.58015,-0.55974725832262
1.580155,-0.559812759904164
1.58016,-0.559878272474092
1.580165,-0.55994379603473
1.58017,-0.560009330588387
1.580175,-0.560074876137374
1.58018,-0.560140432684016
1.580185,-0.560206000230631
1.58019,-0.560271578779534
1.580195,-0.560337168333051
1.5802,-0.560402768893495
1.580205,-0.560468380463185
1.58021,-0.56053400304445
1.580215,-0.560599636639607
1.58022,-0.560665281250982
1.580225,-0.560730936880889
1.58023,-0.560796603531657
1.580235,-0.560862281205609
1.58024,-0.560927969905071
1.580245,-0.560993669632368
1.58025,-0.561059380389826
1.580255,-0.561125102179765
1.58026,-0.561190835004518
1.580265,-0.561256578866412
1.58027,-0.561322333767769
1.580275,-0.561388099710931
1.58028,-0.561453876698211
1.580285,-0.561519664731945
1.58029,-0.561585463814464
1.580295,-0.561651273948099
1.5803,-0.561717095135185
1.580305,-0.561782927378047
1.58031,-0.561848770679018
1.580315,-0.561914625040431
1.58032,-0.561980490464626
1.580325,-0.562046366953935
1.58033,-0.562112254510685
1.580335,-0.562178153137218
1.58034,-0.562244062835868
1.580345,-0.562309983608973
1.58035,-0.56237591545887
1.580355,-0.5624418583879
1.58036,-0.56250781239839
1.580365,-0.56257377749269
1.58037,-0.562639753673133
1.580375,-0.562705740942061
1.58038,-0.56277173930182
1.580385,-0.562837748754741
1.58039,-0.56290376930317
1.580395,-0.562969800949451
1.5804,-0.563035843695923
1.580405,-0.56310189754494
1.58041,-0.563167962498833
1.580415,-0.563234038559948
1.58042,-0.563300125730636
1.580425,-0.56336622401324
1.58043,-0.563432333410108
1.580435,-0.563498453923587
1.58044,-0.563564585556019
1.580445,-0.563630728309758
1.58045,-0.563696882187147
1.580455,-0.563763047190546
1.58046,-0.563829223322292
1.580465,-0.563895410584742
1.58047,-0.563961608980245
1.580475,-0.564027818511149
1.58048,-0.564094039179814
1.580485,-0.564160270988592
1.58049,-0.564226513939833
1.580495,-0.564292768035884
1.5805,-0.56435903327911
1.580505,-0.564425309671863
1.58051,-0.564491597216503
1.580515,-0.564557895915374
1.58052,-0.564624205770839
1.580525,-0.564690526785258
1.58053,-0.564756858960985
1.580535,-0.564823202300386
1.58054,-0.564889556805809
1.580545,-0.56495592247962
1.58055,-0.565022299324177
1.580555,-0.565088687341842
1.58056,-0.565155086534982
1.580565,-0.565221496905946
1.58057,-0.565287918457107
1.580575,-0.565354351190822
1.58058,-0.565420795109461
1.580585,-0.565487250215386
1.58059,-0.565553716510958
1.580595,-0.565620193998545
1.5806,-0.565686682680511
1.580605,-0.565753182559227
1.58061,-0.565819693637059
1.580615,-0.565886215916376
1.58062,-0.565952749399541
1.580625,-0.566019294088924
1.58063,-0.566085849986898
1.580635,-0.566152417095832
1.58064,-0.5662189954181
1.580645,-0.566285584956065
1.58065,-0.566352185712105
1.580655,-0.566418797688589
1.58066,-0.566485420887896
1.580665,-0.566552055312395
1.58067,-0.566618700964459
1.580675,-0.566685357846464
1.58068,-0.566752025960784
1.580685,-0.566818705309801
1.58069,-0.566885395895891
1.580695,-0.566952097721422
1.5807,-0.567018810788777
1.580705,-0.567085535100336
1.58071,-0.567152270658478
1.580715,-0.567219017465583
1.58072,-0.567285775524025
1.580725,-0.567352544836189
1.58073,-0.567419325404457
1.580735,-0.56748611723121
1.58074,-0.56755292031883
1.580745,-0.567619734669706
1.58075,-0.56768656028621
1.580755,-0.567753397170731
1.58076,-0.567820245325657
1.580765,-0.56788710475337
1.58077,-0.567953975456262
1.580775,-0.568020857436711
1.58078,-0.568087750697108
1.580785,-0.568154655239838
1.58079,-0.568221571067294
1.580795,-0.568288498181871
1.5808,-0.56835543658594
1.580805,-0.568422386281903
1.58081,-0.568489347272151
1.580815,-0.568556319559073
1.58082,-0.568623303145064
1.580825,-0.568690298032507
1.58083,-0.568757304223808
1.580835,-0.56882432172135
1.58084,-0.568891350527534
1.580845,-0.568958390644756
1.58085,-0.5690254420754
1.580855,-0.569092504821872
1.58086,-0.569159578886568
1.580865,-0.569226664271883
1.58087,-0.569293760980213
1.580875,-0.569360869013966
1.58088,-0.569427988375524
1.580885,-0.569495119067299
1.58089,-0.56956226109169
1.580895,-0.569629414451095
1.5809,-0.569696579147918
1.580905,-0.569763755184556
1.58091,-0.569830942563417
1.580915,-0.569898141286899
1.58092,-0.569965351357411
1.580925,-0.570032572777358
1.58093,-0.570099805549136
1.580935,-0.570167049675156
1.58094,-0.570234305157825
1.580945,-0.570301571999548
1.58095,-0.570368850202738
1.580955,-0.570436139769795
1.58096,-0.570503440703127
1.580965,-0.570570753005148
1.58097,-0.570638076678265
1.580975,-0.570705411724896
1.58098,-0.57077275814744
1.580985,-0.570840115948313
1.58099,-0.570907485129929
1.580995,-0.570974865694693
1.581,-0.57104225764503
1.581005,-0.57110966098335
1.58101,-0.571177075712062
1.581015,-0.571244501833586
1.58102,-0.571311939350334
1.581025,-0.571379388264726
1.58103,-0.571446848579179
1.581035,-0.571514320296105
1.58104,-0.571581803417924
1.581045,-0.571649297947059
1.58105,-0.571716803885927
1.581055,-0.571784321236947
1.58106,-0.571851850002538
1.581065,-0.571919390185122
1.58107,-0.57198694178712
1.581075,-0.572054504810953
1.58108,-0.572122079259053
1.581085,-0.572189665133833
1.58109,-0.572257262437717
1.581095,-0.572324871173136
1.5811,-0.572392491342507
1.581105,-0.572460122948265
1.58111,-0.572527765992836
1.581115,-0.572595420478635
1.58112,-0.572663086408102
1.581125,-0.572730763783658
1.58113,-0.572798452607735
1.581135,-0.572866152882765
1.58114,-0.572933864611172
1.581145,-0.573001587795388
1.58115,-0.573069322437848
1.581155,-0.573137068540978
1.58116,-0.573204826107219
1.581165,-0.573272595138995
1.58117,-0.573340375638744
1.581175,-0.573408167608897
1.58118,-0.573475971051894
1.581185,-0.573543785970168
1.58119,-0.573611612366152
1.581195,-0.573679450242285
1.5812,-0.573747299601004
1.581205,-0.573815160444747
1.58121,-0.573883032775957
1.581215,-0.573950916597065
1.58122,-0.574018811910515
1.581225,-0.574086718718741
1.58123,-0.574154637024193
1.581235,-0.574222566829309
1.58124,-0.574290508136531
1.581245,-0.574358460948301
1.58125,-0.574426425267057
1.581255,-0.574494401095254
1.58126,-0.574562388435326
1.581265,-0.574630387289729
1.58127,-0.574698397660898
1.581275,-0.574766419551282
1.58128,-0.574834452963328
1.581285,-0.574902497899488
1.58129,-0.574970554362207
1.581295,-0.575038622353932
1.5813,-0.575106701877113
1.581305,-0.575174792934202
1.58131,-0.575242895527646
1.581315,-0.575311009659903
1.58132,-0.575379135333415
1.581325,-0.575447272550641
1.58133,-0.575515421314029
1.581335,-0.575583581626037
1.58134,-0.575651753489123
1.581345,-0.575719936905729
1.58135,-0.575788131878321
1.581355,-0.575856338409351
1.58136,-0.575924556501275
1.581365,-0.575992786156552
1.58137,-0.576061027377644
1.581375,-0.576129280167
1.58138,-0.576197544527083
1.581385,-0.576265820460353
1.58139,-0.576334107969267
1.581395,-0.576402407056298
1.5814,-0.576470717723891
1.581405,-0.576539039974519
1.58141,-0.57660737381064
1.581415,-0.576675719234718
1.58142,-0.576744076249221
1.581425,-0.576812444856606
1.58143,-0.576880825059341
1.581435,-0.576949216859894
1.58144,-0.57701762026073
1.581445,-0.577086035264319
1.58145,-0.577154461873121
1.581455,-0.577222900089607
1.58146,-0.577291349916248
1.581465,-0.577359811355514
1.58147,-0.577428284409878
1.581475,-0.577496769081798
1.58148,-0.577565265373758
1.581485,-0.57763377328822
1.58149,-0.577702292827665
1.581495,-0.577770823994561
1.5815,-0.577839366791389
1.581505,-0.577907921220609
1.58151,-0.577976487284708
1.581515,-0.578045064986156
1.58152,-0.578113654327432
1.581525,-0.578182255311015
1.58153,-0.578250867939374
1.581535,-0.578319492214993
1.58154,-0.578388128140347
1.581545,-0.578456775717918
1.58155,-0.578525434950191
1.581555,-0.578594105839635
1.58156,-0.578662788388737
1.581565,-0.578731482599977
1.58157,-0.578800188475839
1.581575,-0.578868906018811
1.58158,-0.578937635231364
1.581585,-0.57900637611599
1.58159,-0.579075128675173
1.581595,-0.579143892911397
1.5816,-0.57921266882715
1.581605,-0.57928145642492
1.58161,-0.579350255707185
1.581615,-0.579419066676442
1.58162,-0.579487889335178
1.581625,-0.579556723685877
1.58163,-0.579625569731037
1.581635,-0.57969442747314
1.58164,-0.579763296914681
1.581645,-0.579832178058149
1.58165,-0.579901070906036
1.581655,-0.579969975460845
1.58166,-0.580038891725055
1.581665,-0.580107819701168
1.58167,-0.580176759391671
1.581675,-0.580245710799069
1.58168,-0.580314673925855
1.581685,-0.580383648774519
1.58169,-0.580452635347563
1.581695,-0.580521633647485
1.5817,-0.580590643676784
1.581705,-0.580659665437959
1.58171,-0.580728698933505
1.581715,-0.580797744165928
1.58172,-0.580866801137721
1.581725,-0.580935869851393
1.58173,-0.581004950309447
1.581735,-0.581074042514377
1.58174,-0.581143146468691
1.581745,-0.581212262174895
1.58175,-0.581281389635489
1.581755,-0.581350528852982
1.58176,-0.581419679829883
1.581765,-0.581488842568688
1.58177,-0.581558017071911
1.581775,-0.581627203342056
1.58178,-0.581696401381632
1.581785,-0.58176561119316
1.58179,-0.581834832779126
1.581795,-0.581904066142058
1.5818,-0.581973311284458
1.581805,-0.582042568208842
1.58181,-0.582111836917726
1.581815,-0.582181117413613
1.58182,-0.582250409699016
1.581825,-0.582319713776459
1.58183,-0.582389029648446
1.581835,-0.582458357317502
1.58184,-0.582527696786135
1.581845,-0.582597048056861
1.58185,-0.582666411132201
1.581855,-0.582735786014668
1.58186,-0.582805172706787
1.581865,-0.582874571211075
1.58187,-0.582943981530045
1.581875,-0.58301340366622
1.58188,-0.583082837622128
1.581885,-0.583152283400279
1.58189,-0.583221741003205
1.581895,-0.583291210433423
1.5819,-0.583360691693453
1.581905,-0.583430184785824
1.58191,-0.583499689713061
1.581915,-0.583569206477688
1.58192,-0.583638735082228
1.581925,-0.58370827552921
1.58193,-0.583777827821159
1.581935,-0.583847391960604
1.58194,-0.583916967950076
1.581945,-0.583986555792098
1.58195,-0.584056155489205
1.581955,-0.584125767043917
1.58196,-0.584195390458776
1.581965,-0.584265025736314
1.58197,-0.584334672879054
1.581975,-0.584404331889532
1.58198,-0.584474002770281
1.581985,-0.584543685523839
1.58199,-0.584613380152733
1.581995,-0.584683086659511
1.582,-0.584752805046692
1.582005,-0.584822535316822
1.58201,-0.584892277472437
1.582015,-0.584962031516071
1.58202,-0.585031797450276
1.582025,-0.585101575277571
1.58203,-0.585171365000507
1.582035,-0.585241166621621
1.58204,-0.585310980143453
1.582045,-0.585380805568551
1.58205,-0.585450642899447
1.582055,-0.585520492138692
1.58206,-0.585590353288822
1.582065,-0.585660226352386
1.58207,-0.585730111331932
1.582075,-0.585800008229997
1.58208,-0.585869917049131
1.582085,-0.585939837791879
1.58209,-0.586009770460788
1.582095,-0.586079715058413
1.5821,-0.586149671587286
1.582105,-0.586219640049974
1.58211,-0.586289620449012
1.582115,-0.586359612786961
1.58212,-0.586429617066365
1.582125,-0.586499633289785
1.58213,-0.58656966145976
1.582135,-0.58663970157885
1.58214,-0.586709753649608
1.582145,-0.586779817674588
1.58215,-0.586849893656346
1.582155,-0.586919981597433
1.58216,-0.586990081500407
1.582165,-0.587060193367826
1.58217,-0.587130317202246
1.582175,-0.58720045300623
1.58218,-0.587270600782325
1.582185,-0.5873407605331
1.58219,-0.587410932261108
1.582195,-0.587481115968915
1.5822,-0.587551311659084
1.582205,-0.587621519334169
1.58221,-0.587691738996735
1.582215,-0.587761970649345
1.58222,-0.587832214294566
1.582225,-0.587902469934964
1.58223,-0.587972737573092
1.582235,-0.588043017211525
1.58224,-0.588113308852827
1.582245,-0.588183612499564
1.58225,-0.588253928154305
1.582255,-0.588324255819623
1.58226,-0.588394595498075
1.582265,-0.588464947192237
1.58227,-0.588535310904677
1.582275,-0.588605686637971
1.58228,-0.588676074394687
1.582285,-0.588746474177391
1.58229,-0.588816885988662
1.582295,-0.588887309831072
1.5823,-0.588957745707191
1.582305,-0.589028193619605
1.58231,-0.589098653570877
1.582315,-0.589169125563584
1.58232,-0.589239609600308
1.582325,-0.589310105683621
1.58233,-0.589380613816109
1.582335,-0.589451134000337
1.58234,-0.589521666238893
1.582345,-0.589592210534353
1.58235,-0.589662766889298
1.582355,-0.589733335306315
1.58236,-0.589803915787975
1.582365,-0.589874508336865
1.58237,-0.589945112955567
1.582375,-0.590015729646666
1.58238,-0.590086358412745
1.582385,-0.590156999256393
1.58239,-0.590227652180188
1.582395,-0.59029831718672
1.5824,-0.590368994278571
1.582405,-0.590439683458335
1.58241,-0.590510384728602
1.582415,-0.590581098091948
1.58242,-0.590651823550975
1.582425,-0.590722561108261
1.58243,-0.590793310766407
1.582435,-0.590864072528005
1.58244,-0.590934846395636
1.582445,-0.591005632371896
1.58245,-0.591076430459386
1.582455,-0.591147240660689
1.58246,-0.591218062978413
1.582465,-0.591288897415137
1.58247,-0.591359743973466
1.582475,-0.591430602655994
1.58248,-0.591501473465316
1.582485,-0.591572356404037
1.58249,-0.591643251474749
1.582495,-0.59171415868005
1.5825,-0.591785078022541
1.582505,-0.591856009504822
1.58251,-0.591926953129496
1.582515,-0.591997908899165
1.58252,-0.592068876816426
1.582525,-0.592139856883883
1.58253,-0.592210849104145
1.582535,-0.592281853479809
1.58254,-0.592352870013487
1.582545,-0.592423898707779
1.58255,-0.592494939565289
1.582555,-0.592565992588627
1.58256,-0.592637057780402
1.582565,-0.592708135143223
1.58257,-0.592779224679694
1.582575,-0.592850326392422
1.58258,-0.592921440284024
1.582585,-0.592992566357105
1.58259,-0.593063704614284
1.582595,-0.593134855058162
1.5826,-0.593206017691358
1.582605,-0.593277192516483
1.58261,-0.59334837953615
1.582615,-0.593419578752975
1.58262,-0.59349079016958
1.582625,-0.593562013788572
1.58263,-0.593633249612566
1.582635,-0.593704497644181
1.58264,-0.593775757886037
1.582645,-0.593847030340757
1.58265,-0.593918315010949
1.582655,-0.593989611899238
1.58266,-0.594060921008246
1.582665,-0.594132242340588
1.58267,-0.594203575898899
1.582675,-0.594274921685786
1.58268,-0.594346279703876
1.582685,-0.594417649955798
1.58269,-0.59448903244417
1.582695,-0.594560427171624
1.5827,-0.594631834140778
1.582705,-0.594703253354262
1.58271,-0.594774684814699
1.582715,-0.594846128524724
1.58272,-0.594917584486961
1.582725,-0.594989052704036
1.58273,-0.59506053317858
1.582735,-0.595132025913223
1.58274,-0.595203530910601
1.582745,-0.595275048173335
1.58275,-0.595346577704073
1.582755,-0.595418119505433
1.58276,-0.595489673580053
1.582765,-0.595561239930567
1.58277,-0.595632818559607
1.582775,-0.59570440946982
1.58278,-0.595776012663827
1.582785,-0.595847628144272
1.58279,-0.595919255913792
1.582795,-0.595990895975023
1.5828,-0.59606254833061
1.582805,-0.596134212983183
1.58281,-0.596205889935385
1.582815,-0.596277579189858
1.58282,-0.596349280749242
1.582825,-0.596420994616189
1.58283,-0.596492720793322
1.582835,-0.596564459283297
1.58284,-0.596636210088759
1.582845,-0.596707973212345
1.58285,-0.59677974865671
1.582855,-0.596851536424491
1.58286,-0.596923336518337
1.582865,-0.596995148940894
1.58287,-0.597066973694817
1.582875,-0.597138810782742
1.58288,-0.597210660207336
1.582885,-0.597282521971231
1.58289,-0.597354396077084
1.582895,-0.59742628252755
1.5829,-0.597498181325276
1.582905,-0.597570092472922
1.58291,-0.597642015973128
1.582915,-0.597713951828555
1.58292,-0.597785900041858
1.582925,-0.597857860615694
1.58293,-0.597929833552721
1.582935,-0.598001818855583
1.58294,-0.598073816526947
1.582945,-0.598145826569468
1.58295,-0.598217848985807
1.582955,-0.598289883778623
1.58296,-0.598361930950572
1.582965,-0.598433990504315
1.58297,-0.598506062442514
1.582975,-0.598578146767832
1.58298,-0.598650243482934
1.582985,-0.598722352590475
1.58299,-0.598794474093125
1.582995,-0.598866607993545
1.583,-0.598938754294401
1.583005,-0.59901091299836
1.58301,-0.599083084108096
1.583015,-0.599155267626259
1.58302,-0.599227463555528
1.583025,-0.59929967189857
1.58303,-0.59937189265805
1.583035,-0.599444125836646
1.58304,-0.599516371437018
1.583045,-0.599588629461846
1.58305,-0.599660899913795
1.583055,-0.599733182795539
1.58306,-0.599805478109757
1.583065,-0.599877785859115
1.58307,-0.599950106046289
1.583075,-0.600022438673957
1.58308,-0.600094783744792
1.583085,-0.600167141261477
1.58309,-0.600239511226677
1.583095,-0.600311893643078
1.5831,-0.600384288513356
1.583105,-0.600456695840192
1.58311,-0.600529115626268
1.583115,-0.600601547874255
1.58312,-0.600673992586841
1.583125,-0.600746449766706
1.58313,-0.600818919416532
1.583135,-0.600891401539003
1.58314,-0.600963896136809
1.583145,-0.601036403212622
1.58315,-0.601108922769134
1.583155,-0.60118145480903
1.58316,-0.601253999334996
1.583165,-0.601326556349722
1.58317,-0.601399125855889
1.583175,-0.601471707856191
1.58318,-0.601544302353314
1.583185,-0.601616909349951
1.58319,-0.601689528848794
1.583195,-0.601762160852528
1.5832,-0.601834805363845
1.583205,-0.601907462385443
1.58321,-0.60198013192001
1.583215,-0.602052813970247
1.58322,-0.60212550853884
1.583225,-0.602198215628487
1.58323,-0.602270935241883
1.583235,-0.602343667381727
1.58324,-0.602416412050713
1.583245,-0.602489169251549
1.58325,-0.602561938986916
1.583255,-0.602634721259524
1.58326,-0.602707516072073
1.583265,-0.602780323427259
1.58327,-0.602853143327794
1.583275,-0.602925975776366
1.58328,-0.602998820775683
1.583285,-0.603071678328449
1.58329,-0.603144548437368
1.583295,-0.603217431105145
1.5833,-0.603290326334485
1.583305,-0.603363234128089
1.58331,-0.603436154488671
1.583315,-0.603509087418932
1.58332,-0.603582032921591
1.583325,-0.603654990999342
1.58333,-0.6037279616549
1.583335,-0.603800944890977
1.58334,-0.603873940710281
1.583345,-0.60394694911553
1.58335,-0.604019970109428
1.583355,-0.604093003694688
1.58336,-0.604166049874025
1.583365,-0.604239108650158
1.58337,-0.604312180025796
1.583375,-0.604385264003659
1.58338,-0.604458360586458
1.583385,-0.604531469776909
1.58339,-0.604604591577733
1.583395,-0.604677725991647
1.5834,-0.604750873021374
1.583405,-0.604824032669628
1.58341,-0.604897204939129
1.583415,-0.6049703898326
1.58342,-0.605043587352759
1.583425,-0.605116797502338
1.58343,-0.60519002028405
1.583435,-0.605263255700618
1.58344,-0.605336503754772
1.583445,-0.605409764449232
1.58345,-0.605483037786733
1.583455,-0.605556323769989
1.58346,-0.605629622401733
1.583465,-0.605702933684693
1.58347,-0.605776257621594
1.583475,-0.605849594215174
1.58348,-0.605922943468149
1.583485,-0.605996305383258
1.58349,-0.60606967996323
1.583495,-0.606143067210798
1.5835,-0.606216467128691
1.583505,-0.606289879719649
1.58351,-0.6063633049864
1.583515,-0.606436742931678
1.58352,-0.606510193558218
1.583525,-0.606583656868758
1.58353,-0.606657132866041
1.583535,-0.606730621552792
1.58354,-0.606804122931753
1.583545,-0.606877637005663
1.58355,-0.606951163777263
1.583555,-0.607024703249297
1.58356,-0.607098255424493
1.583565,-0.607171820305602
1.58357,-0.607245397895363
1.583575,-0.607318988196521
1.58358,-0.60739259121182
1.583585,-0.607466206943997
1.58359,-0.607539835395804
1.583595,-0.60761347656998
1.5836,-0.607687130469276
1.583605,-0.607760797096441
1.58361,-0.607834476454216
1.583615,-0.607908168545355
1.58362,-0.607981873372598
1.583625,-0.608055590938707
1.58363,-0.608129321246421
1.583635,-0.6082030642985
1.58364,-0.608276820097686
1.583645,-0.608350588646738
1.58365,-0.608424369948408
1.583655,-0.60849816400545
1.58366,-0.60857197082062
1.583665,-0.608645790396665
1.58367,-0.608719622736347
1.583675,-0.60879346784242
1.58368,-0.608867325717645
1.583685,-0.608941196364784
1.58369,-0.609015079786578
1.583695,-0.6090889759858
1.5837,-0.609162884965207
1.583705,-0.609236806727561
1.58371,-0.609310741275619
1.583715,-0.609384688612148
1.58372,-0.609458648739905
1.583725,-0.609532621661656
1.58373,-0.609606607380166
1.583735,-0.609680605898202
1.58374,-0.609754617218525
1.583745,-0.609828641343899
1.58375,-0.609902678277097
1.583755,-0.609976728020881
1.58376,-0.610050790578023
1.583765,-0.610124865951294
1.58377,-0.610198954143457
1.583775,-0.610273055157284
1.58378,-0.610347168995545
1.583785,-0.610421295661018
1.58379,-0.610495435156473
1.583795,-0.610569587484676
1.5838,-0.610643752648407
1.583805,-0.610717930650438
1.58381,-0.610792121493547
1.583815,-0.610866325180511
1.58382,-0.610940541714098
1.583825,-0.611014771097091
1.58383,-0.611089013332268
1.583835,-0.611163268422405
1.58384,-0.61123753637029
1.583845,-0.61131181717869
1.58385,-0.611386110850392
1.583855,-0.611460417388175
1.58386,-0.611534736794823
1.583865,-0.611609069073128
1.58387,-0.611683414225856
1.583875,-0.611757772255798
1.58388,-0.611832143165742
1.583885,-0.61190652695847
1.58389,-0.611980923636771
1.583895,-0.612055333203435
1.5839,-0.612129755661239
1.583905,-0.612204191012978
1.58391,-0.612278639261438
1.583915,-0.612353100409416
1.58392,-0.612427574459698
1.583925,-0.612502061415072
1.58393,-0.612576561278333
1.583935,-0.61265107405227
1.58394,-0.612725599739681
1.583945,-0.61280013834336
1.58395,-0.612874689866097
1.583955,-0.612949254310689
1.58396,-0.613023831679934
1.583965,-0.613098421976625
1.58397,-0.613173025203567
1.583975,-0.613247641363549
1.58398,-0.613322270459371
1.583985,-0.613396912493835
1.58399,-0.613471567469742
1.583995,-0.613546235389894
1.584,-0.613620916257094
1.584005,-0.613695610074136
1.58401,-0.613770316843827
1.584015,-0.613845036568973
1.58402,-0.613919769252375
1.584025,-0.613994514896845
1.58403,-0.614069273505181
1.584035,-0.614144045080192
1.58404,-0.614218829624684
1.584045,-0.614293627141465
1.58405,-0.614368437633352
1.584055,-0.614443261103142
1.58406,-0.614518097553648
1.584065,-0.614592946987685
1.58407,-0.614667809408062
1.584075,-0.614742684817597
1.58408,-0.614817573219092
1.584085,-0.614892474615365
1.58409,-0.61496738900923
1.584095,-0.615042316403504
1.5841,-0.615117256801009
1.584105,-0.615192210204544
1.58411,-0.615267176616938
1.584115,-0.615342156041008
1.58412,-0.615417148479571
1.584125,-0.615492153935445
1.58413,-0.615567172411458
1.584135,-0.615642203910418
1.58414,-0.615717248435151
1.584145,-0.615792305988479
1.58415,-0.615867376573229
1.584155,-0.615942460192223
1.58416,-0.61601755684828
1.584165,-0.616092666544227
1.58417,-0.616167789282893
1.584175,-0.616242925067099
1.58418,-0.61631807389968
1.584185,-0.616393235783454
1.58419,-0.616468410721253
1.584195,-0.616543598715909
1.5842,-0.616618799770248
1.584205,-0.616694013887108
1.58421,-0.616769241069309
1.584215,-0.616844481319687
1.58422,-0.616919734641078
1.584225,-0.616995001036311
1.58423,-0.617070280508229
1.584235,-0.617145573059652
1.58424,-0.617220878693426
1.584245,-0.617296197412383
1.58425,-0.617371529219362
1.584255,-0.617446874117202
1.58426,-0.617522232108739
1.584265,-0.617597603196813
1.58427,-0.617672987384259
1.584275,-0.617748384673923
1.58428,-0.617823795068642
1.584285,-0.617899218571269
1.58429,-0.617974655184631
1.584295,-0.618050104911579
1.5843,-0.618125567754955
1.584305,-0.618201043717608
1.58431,-0.618276532802381
1.584315,-0.618352035012119
1.58432,-0.618427550349664
1.584325,-0.618503078817873
1.58433,-0.618578620419589
1.584335,-0.618654175157668
1.58434,-0.618729743034948
1.584345,-0.618805324054284
1.58435,-0.61888091821853
1.584355,-0.618956525530537
1.58436,-0.619032145993158
1.584365,-0.619107779609245
1.58437,-0.619183426381647
1.584375,-0.619259086313226
1.58438,-0.619334759406834
1.584385,-0.619410445665332
1.58439,-0.619486145091574
1.584395,-0.619561857688414
1.5844,-0.619637583458714
1.584405,-0.619713322405327
1.58441,-0.619789074531124
1.584415,-0.619864839838962
1.58442,-0.619940618331691
1.584425,-0.620016410012184
1.58443,-0.620092214883301
1.584435,-0.620168032947905
1.58444,-0.620243864208862
1.584445,-0.620319708669032
1.58445,-0.620395566331285
1.584455,-0.620471437198483
1.58446,-0.620547321273497
1.584465,-0.620623218559195
1.58447,-0.620699129058443
1.584475,-0.620775052774106
1.58448,-0.620850989709058
1.584485,-0.620926939866173
1.58449,-0.62100290324832
1.584495,-0.621078879858368
1.5845,-0.62115486969919
1.584505,-0.621230872773661
1.58451,-0.621306889084656
1.584515,-0.621382918635044
1.58452,-0.621458961427716
1.584525,-0.621535017465529
1.58453,-0.621611086751368
1.584535,-0.621687169288114
1.58454,-0.621763265078639
1.584545,-0.621839374125834
1.58455,-0.621915496432564
1.584555,-0.621991632001718
1.58456,-0.622067780836172
1.584565,-0.622143942938816
1.58457,-0.622220118312527
1.584575,-0.622296306960189
1.58458,-0.622372508884689
1.584585,-0.622448724088907
1.58459,-0.622524952575732
1.584595,-0.622601194348053
1.5846,-0.62267744940875
1.584605,-0.622753717760716
1.58461,-0.622829999406839
1.584615,-0.622906294350008
1.58462,-0.622982602593114
1.584625,-0.623058924139045
1.58463,-0.62313525899069
1.584635,-0.623211607150948
1.58464,-0.62328796862271
1.584645,-0.623364343408865
1.58465,-0.623440731512318
1.584655,-0.623517132935952
1.58466,-0.623593547682669
1.584665,-0.62366997575536
1.58467,-0.623746417156931
1.584675,-0.623822871890277
1.58468,-0.623899339958292
1.584685,-0.62397582136388
1.58469,-0.624052316109938
1.584695,-0.624128824199372
1.5847,-0.624205345635082
1.584705,-0.624281880419964
1.58471,-0.624358428556927
1.584715,-0.624434990048873
1.58472,-0.624511564898707
1.584725,-0.624588153109339
1.58473,-0.624664754683668
1.584735,-0.624741369624601
1.58474,-0.624817997935048
1.584745,-0.624894639617918
1.58475,-0.624971294676119
1.584755,-0.625047963112562
1.58476,-0.625124644930152
1.584765,-0.625201340131804
1.58477,-0.625278048720432
1.584775,-0.625354770698946
1.58478,-0.625431506070262
1.584785,-0.625508254837289
1.58479,-0.625585017002944
1.584795,-0.625661792570142
1.5848,-0.6257385815418
1.584805,-0.625815383920841
1.58481,-0.625892199710172
1.584815,-0.625969028912718
1.58482,-0.626045871531394
1.584825,-0.626122727569122
1.58483,-0.626199597028829
1.584835,-0.626276479913424
1.58484,-0.62635337622584
1.584845,-0.626430285968988
1.58485,-0.626507209145803
1.584855,-0.626584145759208
1.58486,-0.626661095812124
1.584865,-0.626738059307476
1.58487,-0.62681503624819
1.584875,-0.626892026637198
1.58488,-0.626969030477425
1.584885,-0.627046047771807
1.58489,-0.627123078523258
1.584895,-0.62720012273472
1.5849,-0.62727718040912
1.584905,-0.627354251549391
1.58491,-0.627431336158468
1.584915,-0.627508434239279
1.58492,-0.627585545794757
1.584925,-0.627662670827843
1.58493,-0.627739809341464
1.584935,-0.627816961338569
1.58494,-0.62789412682208
1.584945,-0.627971305794943
1.58495,-0.628048498260094
1.584955,-0.628125704220474
1.58496,-0.628202923679025
1.584965,-0.628280156638679
1.58497,-0.62835740310238
1.584975,-0.628434663073072
1.58498,-0.628511936553701
1.584985,-0.628589223547211
1.58499,-0.628666524056537
1.584995,-0.62874383808463
1.585,-0.628821165634435
1.585005,-0.628898506708899
1.58501,-0.628975861310964
1.585015,-0.629053229443592
1.58502,-0.629130611109717
1.585025,-0.629208006312291
1.58503,-0.629285415054269
1.585035,-0.629362837338599
1.58504,-0.62944027316824
1.585045,-0.629517722546129
1.58505,-0.629595185475231
1.585055,-0.629672661958495
1.58506,-0.629750151998874
1.585065,-0.629827655599338
1.58507,-0.629905172762819
1.585075,-0.629982703492291
1.58508,-0.630060247790704
1.585085,-0.630137805661021
1.58509,-0.630215377106204
1.585095,-0.630292962129201
1.5851,-0.630370560732981
1.585105,-0.630448172920503
1.58511,-0.630525798694731
1.585115,-0.630603438058628
1.58512,-0.630681091015155
1.585125,-0.630758757567274
1.58513,-0.630836437717957
1.585135,-0.63091413147016
1.58514,-0.630991838826858
1.585145,-0.631069559791021
1.58515,-0.631147294365606
1.585155,-0.631225042553589
1.58516,-0.631302804357937
1.585165,-0.631380579781622
1.58517,-0.631458368827614
1.585175,-0.631536171498884
1.58518,-0.631613987798405
1.585185,-0.631691817729148
1.58519,-0.631769661294093
1.585195,-0.631847518496211
1.5852,-0.631925389338476
1.585205,-0.632003273823865
1.58521,-0.632081171955354
1.585215,-0.632159083735923
1.58522,-0.632237009168554
1.585225,-0.632314948256219
1.58523,-0.632392901001899
1.585235,-0.632470867408575
1.58524,-0.632548847479232
1.585245,-0.632626841216854
1.58525,-0.632704848624419
1.585255,-0.632782869704908
1.58526,-0.632860904461309
1.585265,-0.632938952896608
1.58527,-0.63301701501379
1.585275,-0.633095090815849
1.58528,-0.633173180305756
1.585285,-0.633251283486513
1.58529,-0.633329400361105
1.585295,-0.633407530932519
1.5853,-0.633485675203753
1.585305,-0.633563833177786
1.58531,-0.633642004857617
1.585315,-0.633720190246242
1.58532,-0.633798389346647
1.585325,-0.63387660216184
1.58533,-0.633954828694798
1.585335,-0.634033068948524
1.58534,-0.634111322926018
1.585345,-0.634189590630274
1.58535,-0.634267872064296
1.585355,-0.634346167231072
1.58536,-0.634424476133606
1.585365,-0.634502798774901
1.58537,-0.634581135157955
1.585375,-0.634659485285775
1.58538,-0.634737849161354
1.585385,-0.634816226787701
1.58539,-0.634894618167822
1.585395,-0.634973023304717
1.5854,-0.635051442201394
1.585405,-0.635129874860865
1.58541,-0.635208321286127
1.585415,-0.635286781480192
1.58542,-0.63536525544607
1.585425,-0.635443743186765
1.58543,-0.6355222447053
1.585435,-0.635600760004669
1.58544,-0.635679289087893
1.585445,-0.635757831957984
1.58545,-0.635836388617951
1.585455,-0.635914959070821
1.58546,-0.635993543319589
1.585465,-0.63607214136728
1.58547,-0.636150753216911
1.585475,-0.636229378871498
1.58548,-0.636308018334063
1.585485,-0.636386671607617
1.58549,-0.636465338695179
1.585495,-0.636544019599777
1.5855,-0.636622714324422
1.585505,-0.636701422872142
1.58551,-0.636780145245962
1.585515,-0.636858881448897
1.58552,-0.636937631483972
1.585525,-0.637016395354218
1.58553,-0.637095173062653
1.585535,-0.637173964612311
1.58554,-0.637252770006209
1.585545,-0.63733158924738
1.58555,-0.637410422338851
1.585555,-0.637489269283654
1.58556,-0.637568130084818
1.585565,-0.637647004745369
1.58557,-0.637725893268342
1.585575,-0.637804795656771
1.58558,-0.637883711913683
1.585585,-0.637962642042122
1.58559,-0.63804158604511
1.585595,-0.638120543925689
1.5856,-0.638199515686893
1.585605,-0.63827850133176
1.58561,-0.638357500863334
1.585615,-0.638436514284638
1.58562,-0.638515541598722
1.585625,-0.638594582808622
1.58563,-0.638673637917379
1.585635,-0.638752706928037
1.58564,-0.638831789843639
1.585645,-0.638910886667222
1.58565,-0.638989997401832
1.585655,-0.639069122050512
1.58566,-0.639148260616311
1.585665,-0.63922741310228
1.58567,-0.639306579511448
1.585675,-0.639385759846876
1.58568,-0.639464954111609
1.585685,-0.639544162308699
1.58569,-0.639623384441196
1.585695,-0.63970262051214
1.5857,-0.639781870524592
1.585705,-0.639861134481602
1.58571,-0.639940412386224
1.585715,-0.640019704241514
1.58572,-0.640099010050517
1.585725,-0.640178329816295
1.58573,-0.640257663541902
1.585735,-0.640337011230396
1.58574,-0.640416372884839
1.585745,-0.64049574850828
1.58575,-0.64057513810378
1.585755,-0.640654541674399
1.58576,-0.640733959223201
1.585765,-0.640813390753248
1.58577,-0.640892836267604
1.585775,-0.640972295769321
1.58578,-0.641051769261468
1.585785,-0.641131256747112
1.58579,-0.641210758229316
1.585795,-0.641290273711154
1.5858,-0.64136980319568
1.585805,-0.641449346685963
1.58581,-0.641528904185079
1.585815,-0.64160847569609
1.58582,-0.641688061222075
1.585825,-0.641767660766094
1.58583,-0.641847274331222
1.585835,-0.641926901920531
1.58584,-0.642006543537098
1.585845,-0.642086199183994
1.58585,-0.64216586886429
1.585855,-0.642245552581065
1.58586,-0.642325250337394
1.585865,-0.64240496213635
1.58587,-0.642484687981025
1.585875,-0.642564427874476
1.58588,-0.642644181819796
1.585885,-0.642723949820063
1.58589,-0.642803731878353
1.585895,-0.642883527997753
1.5859,-0.642963338181347
1.585905,-0.643043162432207
1.58591,-0.643123000753426
1.585915,-0.643202853148086
1.58592,-0.643282719619272
1.585925,-0.643362600170076
1.58593,-0.643442494803573
1.585935,-0.64352240352286
1.58594,-0.643602326331018
1.585945,-0.643682263231142
1.58595,-0.64376221422633
1.585955,-0.643842179319653
1.58596,-0.643922158514215
1.585965,-0.644002151813109
1.58597,-0.644082159219418
1.585975,-0.644162180736256
1.58598,-0.644242216366697
1.585985,-0.644322266113846
1.58599,-0.644402329980794
1.585995,-0.644482407970644
1.586,-0.644562500086495
1.586005,-0.644642606331436
1.58601,-0.644722726708575
1.586015,-0.644802861221008
1.58602,-0.644883009871836
1.586025,-0.644963172664166
1.58603,-0.645043349601096
1.586035,-0.645123540685729
1.58604,-0.645203745921169
1.586045,-0.645283965310521
1.58605,-0.645364198856888
1.586055,-0.645444446563389
1.58606,-0.645524708433117
1.586065,-0.645604984469181
1.58607,-0.645685274674695
1.586075,-0.645765579052768
1.58608,-0.645845897606511
1.586085,-0.645926230339034
1.58609,-0.646006577253443
1.586095,-0.646086938352858
1.5861,-0.646167313640389
1.586105,-0.646247703119158
1.58611,-0.646328106792269
1.586115,-0.646408524662839
1.58612,-0.646488956733992
1.586125,-0.646569403008839
1.58613,-0.646649863490506
1.586135,-0.646730338182101
1.58614,-0.646810827086751
1.586145,-0.646891330207569
1.58615,-0.64697184754769
1.586155,-0.647052379110223
1.58616,-0.647132924898306
1.586165,-0.64721348491504
1.58617,-0.647294059163569
1.586175,-0.647374647647008
1.58618,-0.647455250368486
1.586185,-0.647535867331137
1.58619,-0.647616498538076
1.586195,-0.647697143992439
1.5862,-0.647777803697352
1.586205,-0.647858477655946
1.58621,-0.647939165871357
1.586215,-0.648019868346708
1.58622,-0.648100585085134
1.586225,-0.64818131608977
1.58623,-0.648262061363748
1.586235,-0.648342820910213
1.58624,-0.648423594732282
1.586245,-0.648504382833106
1.58625,-0.64858518521581
1.586255,-0.648666001883542
1.58626,-0.648746832839438
1.586265,-0.648827678086643
1.58627,-0.648908537628285
1.586275,-0.648989411467512
1.58628,-0.649070299607466
1.586285,-0.649151202051287
1.58629,-0.649232118802126
1.586295,-0.649313049863117
1.5863,-0.649393995237408
1.586305,-0.649474954928148
1.58631,-0.649555928938481
1.586315,-0.64963691727156
1.58632,-0.649717919930524
1.586325,-0.649798936918528
1.58633,-0.649879968238719
1.586335,-0.649961013894251
1.58634,-0.650042073888279
1.586345,-0.650123148223942
1.58635,-0.650204236904401
1.586355,-0.650285339932809
1.58636,-0.650366457312321
1.586365,-0.650447589046098
1.58637,-0.650528735137288
1.586375,-0.650609895589045
1.58638,-0.650691070404536
1.586385,-0.650772259586917
1.58639,-0.650853463139343
1.586395,-0.650934681064985
1.5864,-0.65101591336699
1.586405,-0.651097160048526
1.58641,-0.651178421112755
1.586415,-0.651259696562843
1.58642,-0.651340986401955
1.586425,-0.651422290633248
1.58643,-0.651503609259893
1.586435,-0.651584942285057
1.58644,-0.651666289711907
1.586445,-0.651747651543616
1.58645,-0.651829027783341
1.586455,-0.651910418434259
1.58646,-0.65199182349954
1.586465,-0.652073242982357
1.58647,-0.652154676885886
1.586475,-0.652236125213288
1.58648,-0.652317587967742
1.586485,-0.652399065152425
1.58649,-0.652480556770513
1.586495,-0.652562062825184
1.5865,-0.652643583319607
1.586505,-0.652725118256963
1.58651,-0.65280666764043
1.586515,-0.652888231473192
1.58652,-0.652969809758426
1.586525,-0.653051402499317
1.58653,-0.653133009699038
1.586535,-0.653214631360776
1.58654,-0.653296267487715
1.586545,-0.653377918083039
1.58655,-0.653459583149943
1.586555,-0.653541262691593
1.58656,-0.653622956711186
1.586565,-0.653704665211908
1.58657,-0.653786388196952
1.586575,-0.653868125669505
1.58658,-0.65394987763275
1.586585,-0.654031644089885
1.58659,-0.654113425044097
1.586595,-0.654195220498581
1.5866,-0.654277030456533
1.586605,-0.654358854921139
1.58661,-0.654440693895601
1.586615,-0.654522547383109
1.58662,-0.65460441538686
1.586625,-0.654686297910059
1.58663,-0.654768194955895
1.586635,-0.654850106527567
1.58664,-0.654932032628278
1.586645,-0.655013973261224
1.58665,-0.655095928429615
1.586655,-0.65517789813665
1.58666,-0.655259882385522
1.586665,-0.655341881179443
1.58667,-0.655423894521617
1.586675,-0.655505922415249
1.58668,-0.655587964863548
1.586685,-0.655670021869712
1.58669,-0.655752093436952
1.586695,-0.65583417956848
1.5867,-0.655916280267503
1.586705,-0.655998395537238
1.58671,-0.65608052538088
1.586715,-0.656162669801652
1.58672,-0.656244828802766
1.586725,-0.656327002387431
1.58673,-0.656409190558869
1.586735,-0.656491393320289
1.58674,-0.656573610674901
1.586745,-0.656655842625933
1.58675,-0.656738089176594
1.586755,-0.656820350330113
1.58676,-0.656902626089692
1.586765,-0.656984916458565
1.58677,-0.657067221439947
1.586775,-0.65714954103706
1.58678,-0.657231875253125
1.586785,-0.657314224091376
1.58679,-0.657396587555018
1.586795,-0.657478965647287
1.5868,-0.657561358371408
1.586805,-0.657643765730602
1.58681,-0.657726187728106
1.586815,-0.65780862436714
1.58682,-0.657891075650934
1.586825,-0.657973541582718
1.58683,-0.65805602216572
1.586835,-0.658138517403184
1.58684,-0.658221027298325
1.586845,-0.658303551854383
1.58685,-0.658386091074592
1.586855,-0.658468644962186
1.58686,-0.658551213520405
1.586865,-0.658633796752476
1.58687,-0.658716394661641
1.586875,-0.658799007251135
1.58688,-0.658881634524201
1.586885,-0.658964276484081
1.58689,-0.659046933134005
1.586895,-0.659129604477219
1.5869,-0.659212290516965
1.586905,-0.659294991256489
1.58691,-0.659377706699028
1.586915,-0.659460436847837
1.58692,-0.65954318170615
1.586925,-0.659625941277214
1.58693,-0.65970871556428
1.586935,-0.659791504570595
1.58694,-0.65987430829941
1.586945,-0.659957126753969
1.58695,-0.660039959937522
1.586955,-0.660122807853321
1.58696,-0.660205670504621
1.586965,-0.660288547894679
1.58697,-0.660371440026733
1.586975,-0.660454346904046
1.58698,-0.660537268529874
1.586985,-0.660620204907473
1.58699,-0.660703156040102
1.586995,-0.660786121931009
1.587,-0.660869102583461
1.587005,-0.660952098000711
1.58701,-0.661035108186022
1.587015,-0.661118133142654
1.58702,-0.66120117287388
1.587025,-0.661284227382942
1.58703,-0.661367296673115
1.587035,-0.661450380747661
1.58704,-0.661533479609845
1.587045,-0.661616593262941
1.58705,-0.661699721710199
1.587055,-0.661782864954894
1.58706,-0.661866023000298
1.587065,-0.661949195849678
1.58707,-0.662032383506304
1.587075,-0.662115585973444
1.58708,-0.662198803254368
1.587085,-0.662282035352356
1.58709,-0.662365282270671
1.587095,-0.662448544012604
1.5871,-0.662531820581409
1.587105,-0.662615111980376
1.58711,-0.662698418212771
1.587115,-0.662781739281882
1.58712,-0.662865075190985
1.587125,-0.662948425943352
1.58713,-0.663031791542266
1.587135,-0.663115171991009
1.58714,-0.663198567292863
1.587145,-0.663281977451106
1.58715,-0.663365402469035
1.587155,-0.663448842349916
1.58716,-0.66353229709704
1.587165,-0.663615766713696
1.58717,-0.663699251203167
1.587175,-0.663782750568749
1.58718,-0.663866264813715
1.587185,-0.663949793941364
1.58719,-0.664033337954983
1.587195,-0.664116896857865
1.5872,-0.664200470653299
1.587205,-0.664284059344579
1.58721,-0.664367662934997
1.587215,-0.664451281427844
1.58722,-0.66453491482642
1.587225,-0.664618563134022
1.58723,-0.664702226353939
1.587235,-0.664785904489471
1.58724,-0.664869597543918
1.587245,-0.664953305520578
1.58725,-0.665037028422759
1.587255,-0.665120766253747
1.58726,-0.665204519016848
1.587265,-0.665288286715368
1.58727,-0.66537206935261
1.587275,-0.665455866931876
1.58728,-0.665539679456478
1.587285,-0.665623506929706
1.58729,-0.665707349354881
1.587295,-0.665791206735299
1.5873,-0.665875079074279
1.587305,-0.665958966375132
1.58731,-0.666042868641151
1.587315,-0.666126785875658
1.58732,-0.666210718081963
1.587325,-0.666294665263378
1.58733,-0.666378627423226
1.587335,-0.666462604564803
1.58734,-0.666546596691434
1.587345,-0.666630603806434
1.58735,-0.666714625913117
1.587355,-0.666798663014809
1.58736,-0.666882715114816
1.587365,-0.666966782216463
1.58737,-0.667050864323069
1.587375,-0.667134961437956
1.58738,-0.667219073564452
1.587385,-0.667303200705865
1.58739,-0.667387342865524
1.587395,-0.667471500046758
1.5874,-0.667555672252887
1.587405,-0.66763985948724
1.58741,-0.667724061753149
1.587415,-0.667808279053923
1.58742,-0.667892511392909
1.587425,-0.667976758773428
1.58743,-0.668061021198811
1.587435,-0.668145298672391
1.58744,-0.668229591197495
1.587445,-0.66831389877746
1.58745,-0.668398221415615
1.587455,-0.668482559115301
1.58746,-0.668566911879853
1.587465,-0.668651279712597
1.58747,-0.668735662616875
1.587475,-0.668820060596028
1.58748,-0.66890447365339
1.587485,-0.668988901792307
1.58749,-0.669073345016112
1.587495,-0.669157803328147
1.5875,-0.669242276731756
1.587505,-0.669326765230281
1.58751,-0.669411268827071
1.587515,-0.669495787525458
1.58752,-0.669580321328795
1.587525,-0.66966487024043
1.58753,-0.669749434263706
1.587535,-0.66983401340197
1.58754,-0.66991860765858
1.587545,-0.670003217036876
1.58755,-0.670087841540207
1.587555,-0.670172481171926
1.58756,-0.670257135935389
1.587565,-0.670341805833953
1.58757,-0.67042649087096
1.587575,-0.670511191049769
1.58758,-0.670595906373739
1.587585,-0.670680636846221
1.58759,-0.67076538247058
1.587595,-0.670850143250168
1.5876,-0.670934919188339
1.587605,-0.671019710288461
1.58761,-0.671104516553893
1.587615,-0.671189337988001
1.58762,-0.671274174594134
1.587625,-0.671359026375663
1.58763,-0.671443893335953
1.587635,-0.671528775478368
1.58764,-0.671613672806279
1.587645,-0.671698585323039
1.58765,-0.671783513032026
1.587655,-0.6718684559366
1.58766,-0.67195341404014
1.587665,-0.672038387346011
1.58767,-0.672123375857589
1.587675,-0.672208379578236
1.58768,-0.672293398511326
1.587685,-0.672378432660237
1.58769,-0.672463482028345
1.587695,-0.672548546619026
1.5877,-0.672633626435644
1.587705,-0.672718721481587
1.58771,-0.672803831760226
1.587715,-0.672888957274943
1.58772,-0.672974098029122
1.587725,-0.673059254026136
1.58773,-0.673144425269364
1.587735,-0.673229611762194
1.58774,-0.67331481350801
1.587745,-0.673400030510191
1.58775,-0.673485262772123
1.587755,-0.673570510297191
1.58776,-0.67365577308878
1.587765,-0.673741051150282
1.58777,-0.673826344485078
1.587775,-0.673911653096568
1.58778,-0.673996976988128
1.587785,-0.674082316163151
1.58779,-0.674167670625037
1.587795,-0.674253040377167
1.5878,-0.67433842542295
1.587805,-0.674423825765767
1.58781,-0.674509241409013
1.587815,-0.674594672356084
1.58782,-0.674680118610384
1.587825,-0.67476558017531
1.58783,-0.674851057054245
1.587835,-0.674936549250602
1.58784,-0.675022056767781
1.587845,-0.675107579609176
1.58785,-0.675193117778198
1.587855,-0.675278671278242
1.58786,-0.67536424011271
1.587865,-0.675449824285009
1.58787,-0.675535423798547
1.587875,-0.675621038656734
1.58788,-0.675706668862963
1.587885,-0.675792314420649
1.58789,-0.675877975333203
1.587895,-0.675963651604033
1.5879,-0.676049343236547
1.587905,-0.676135050234162
1.58791,-0.676220772600283
1.587915,-0.676306510338323
1.58792,-0.676392263451704
1.587925,-0.676478031943832
1.58793,-0.676563815818136
1.587935,-0.67664961507801
1.58794,-0.67673542972689
1.587945,-0.676821259768184
1.58795,-0.676907105205314
1.587955,-0.676992966041709
1.58796,-0.677078842280775
1.587965,-0.67716473392594
1.58797,-0.677250640980627
1.587975,-0.677336563448258
1.58798,-0.677422501332265
1.587985,-0.67750845463606
1.58799,-0.677594423363074
1.587995,-0.677680407516736
1.588,-0.677766407100471
1.588005,-0.67785242211772
1.58801,-0.67793845257189
1.588015,-0.678024498466427
1.58802,-0.678110559804757
1.588025,-0.678196636590311
1.58803,-0.678282728826524
1.588035,-0.678368836516838
1.58804,-0.678454959664673
1.588045,-0.678541098273471
1.58805,-0.678627252346666
1.588055,-0.678713421887702
1.58806,-0.678799606900019
1.588065,-0.678885807387038
1.58807,-0.678972023352218
1.588075,-0.679058254798985
1.58808,-0.679144501730795
1.588085,-0.679230764151085
1.58809,-0.679317042063294
1.588095,-0.679403335470867
1.5881,-0.679489644377252
1.588105,-0.679575968785895
1.58811,-0.679662308700247
1.588115,-0.679748664123748
1.58812,-0.679835035059846
1.588125,-0.679921421511998
1.58813,-0.680007823483646
1.588135,-0.680094240978255
1.58814,-0.68018067399926
1.588145,-0.680267122550123
1.58815,-0.680353586634298
1.588155,-0.680440066255237
1.58816,-0.680526561416398
1.588165,-0.680613072121244
1.58817,-0.680699598373217
1.588175,-0.680786140175785
1.58818,-0.680872697532406
1.588185,-0.680959270446536
1.58819,-0.681045858921649
1.588195,-0.68113246296119
1.5882,-0.681219082568632
1.588205,-0.681305717747429
1.58821,-0.681392368501058
1.588215,-0.681479034832984
1.58822,-0.681565716746659
1.588225,-0.68165241424556
1.58823,-0.681739127333151
1.588235,-0.681825856012906
1.58824,-0.681912600288297
1.588245,-0.681999360162784
1.58825,-0.682086135639845
1.588255,-0.682172926722951
1.58826,-0.682259733415575
1.588265,-0.6823465557212
1.58827,-0.682433393643283
1.588275,-0.682520247185311
1.58828,-0.682607116350761
1.588285,-0.682694001143109
1.58829,-0.682780901565832
1.588295,-0.68286781762242
1.5883,-0.682954749316335
1.588305,-0.683041696651067
1.58831,-0.683128659630102
1.588315,-0.683215638256917
1.58832,-0.683302632535006
1.588325,-0.683389642467839
1.58833,-0.683476668058907
1.588335,-0.683563709311701
1.58834,-0.68365076622971
1.588345,-0.683737838816418
1.58835,-0.683824927075306
1.588355,-0.683912031009877
1.58836,-0.683999150623614
1.588365,-0.684086285920012
1.58837,-0.684173436902573
1.588375,-0.684260603574771
1.58838,-0.684347785940111
1.588385,-0.684434984002087
1.58839,-0.684522197764201
1.588395,-0.684609427229949
1.5884,-0.684696672402817
1.588405,-0.684783933286313
1.58841,-0.684871209883938
1.588415,-0.68495850219919
1.58842,-0.685045810235569
1.588425,-0.68513313399659
1.58843,-0.685220473485734
1.588435,-0.685307828706522
1.58844,-0.685395199662454
1.588445,-0.685482586357036
1.58845,-0.685569988793781
1.588455,-0.685657406976188
1.58846,-0.685744840907766
1.588465,-0.685832290592026
1.58847,-0.685919756032486
1.588475,-0.686007237232655
1.58848,-0.686094734196032
1.588485,-0.686182246926145
1.58849,-0.686269775426498
1.588495,-0.686357319700617
1.5885,-0.686444879752013
1.588505,-0.686532455584197
1.58851,-0.686620047200693
1.588515,-0.686707654605014
1.58852,-0.686795277800684
1.588525,-0.686882916791224
1.58853,-0.686970571580159
1.588535,-0.687058242171001
1.58854,-0.687145928567273
1.588545,-0.687233630772509
1.58855,-0.687321348790225
1.588555,-0.687409082623958
1.58856,-0.687496832277218
1.588565,-0.687584597753547
1.58857,-0.68767237905646
1.588575,-0.687760176189499
1.58858,-0.687847989156194
1.588585,-0.687935817960065
1.58859,-0.688023662604648
1.588595,-0.688111523093476
1.5886,-0.688199399430091
1.588605,-0.688287291618024
1.58861,-0.688375199660803
1.588615,-0.688463123561969
1.58862,-0.688551063325056
1.588625,-0.688639018953608
1.58863,-0.688726990451173
1.588635,-0.688814977821269
1.58864,-0.68890298106745
1.588645,-0.688991000193253
1.58865,-0.689079035202224
1.588655,-0.689167086097909
1.58866,-0.689255152883855
1.588665,-0.689343235563597
1.58867,-0.689431334140687
1.588675,-0.68951944861867
1.58868,-0.689607579001098
1.588685,-0.689695725291523
1.58869,-0.689783887493484
1.588695,-0.689872065610538
1.5887,-0.689960259646237
1.588705,-0.690048469604135
1.58871,-0.690136695487788
1.588715,-0.690224937300742
1.58872,-0.690313195046558
1.588725,-0.690401468728788
1.58873,-0.690489758350993
1.588735,-0.690578063916738
1.58874,-0.690666385429568
1.588745,-0.690754722893048
1.58875,-0.690843076310742
1.588755,-0.69093144568621
1.58876,-0.691019831023021
1.588765,-0.691108232324723
1.58877,-0.691196649594894
1.588775,-0.691285082837094
1.58878,-0.691373532054885
1.588785,-0.691461997251845
1.58879,-0.69155047843154
1.588795,-0.69163897559753
1.5888,-0.691727488753391
1.588805,-0.691816017902691
1.58881,-0.691904563049008
1.588815,-0.691993124195911
1.58882,-0.692081701346968
1.588825,-0.692170294505762
1.58883,-0.69225890367586
1.588835,-0.692347528860844
1.58884,-0.692436170064296
1.588845,-0.692524827289784
1.58885,-0.69261350054089
1.588855,-0.692702189821194
1.58886,-0.69279089513428
1.588865,-0.692879616483732
1.58887,-0.692968353873123
1.588875,-0.693057107306038
1.58888,-0.693145876786067
1.588885,-0.693234662316795
1.58889,-0.69332346390181
1.588895,-0.69341228154469
1.5889,-0.693501115249029
1.588905,-0.693589965018418
1.58891,-0.693678830856443
1.588915,-0.693767712766696
1.58892,-0.693856610752775
1.588925,-0.693945524818265
1.58893,-0.694034454966755
1.588935,-0.694123401201853
1.58894,-0.694212363527141
1.588945,-0.694301341946232
1.58895,-0.694390336462708
1.588955,-0.694479347080168
1.58896,-0.694568373802215
1.588965,-0.694657416632454
1.58897,-0.694746475574481
1.588975,-0.694835550631898
1.58898,-0.694924641808305
1.588985,-0.695013749107304
1.58899,-0.695102872532509
1.588995,-0.695192012087522
1.589,-0.695281167775946
1.589005,-0.695370339601387
1.58901,-0.695459527567457
1.589015,-0.695548731677763
1.58902,-0.695637951935923
1.589025,-0.695727188345535
1.58903,-0.695816440910219
1.589035,-0.695905709633584
1.58904,-0.695994994519246
1.589045,-0.696084295570818
1.58905,-0.696173612791925
1.589055,-0.696262946186173
1.58906,-0.696352295757175
1.589065,-0.696441661508562
1.58907,-0.696531043443945
1.589075,-0.69662044156695
1.58908,-0.696709855881193
1.589085,-0.696799286390294
1.58909,-0.696888733097882
1.589095,-0.696978196007575
1.5891,-0.697067675123011
1.589105,-0.697157170447801
1.58911,-0.697246681985575
1.589115,-0.697336209739964
1.58912,-0.697425753714592
1.589125,-0.697515313913097
1.58913,-0.697604890339099
1.589135,-0.697694482996233
1.58914,-0.697784091888132
1.589145,-0.697873717018428
1.58915,-0.697963358390765
1.589155,-0.698053016008759
1.58916,-0.698142689876058
1.589165,-0.698232379996299
1.58917,-0.698322086373117
1.589175,-0.698411809010146
1.58918,-0.69850154791104
1.589185,-0.698591303079423
1.58919,-0.698681074518943
1.589195,-0.698770862233246
1.5892,-0.698860666225968
1.589205,-0.698950486500767
1.58921,-0.699040323061271
1.589215,-0.699130175911134
1.58922,-0.699220045054001
1.589225,-0.699309930493522
1.58923,-0.699399832233355
1.589235,-0.699489750277131
1.58924,-0.699579684628511
1.589245,-0.699669635291143
1.58925,-0.699759602268685
1.589255,-0.699849585564793
1.58926,-0.699939585183108
1.589265,-0.700029601127294
1.58927,-0.700119633401007
1.589275,-0.700209682007906
1.58928,-0.700299746951644
1.589285,-0.700389828235892
1.58929,-0.700479925864296
1.589295,-0.700570039840518
1.5893,-0.700660170168223
1.589305,-0.700750316851078
1.58931,-0.70084047989275
1.589315,-0.700930659296891
1.58932,-0.701020855067171
1.589325,-0.701111067207261
1.58933,-0.701201295720823
1.589335,-0.701291540611539
1.58934,-0.701381801883058
1.589345,-0.701472079539059
1.58935,-0.701562373583215
1.589355,-0.701652684019201
1.58936,-0.701743010850687
1.589365,-0.701833354081342
1.58937,-0.701923713714847
1.589375,-0.702014089754875
1.58938,-0.702104482205104
1.589385,-0.702194891069218
1.58939,-0.702285316350883
1.589395,-0.702375758053788
1.5894,-0.702466216181608
1.589405,-0.702556690738026
1.58941,-0.702647181726729
1.589415,-0.702737689151403
1.58942,-0.702828213015718
1.589425,-0.70291875332337
1.58943,-0.70300931007804
1.589435,-0.703099883283424
1.58944,-0.703190472943205
1.589445,-0.703281079061065
1.58945,-0.703371701640701
1.589455,-0.703462340685805
1.58946,-0.703552996200067
1.589465,-0.703643668187183
1.58947,-0.703734356650841
1.589475,-0.703825061594737
1.58948,-0.703915783022567
1.589485,-0.704006520938028
1.58949,-0.704097275344822
1.589495,-0.70418804624664
1.5895,-0.704278833647184
1.589505,-0.704369637550154
1.58951,-0.704460457959253
1.589515,-0.704551294878187
1.58952,-0.704642148310651
1.589525,-0.704733018260351
1.58953,-0.704823904730991
1.589535,-0.704914807726284
1.58954,-0.705005727249933
1.589545,-0.705096663305646
1.58955,-0.705187615897128
1.589555,-0.705278585028095
1.58956,-0.70536957070225
1.589565,-0.70546057292331
1.58957,-0.705551591694996
1.589575,-0.705642627021002
1.58958,-0.705733678905058
1.589585,-0.705824747350871
1.58959,-0.705915832362162
1.589595,-0.706006933942652
1.5896,-0.706098052096049
1.589605,-0.706189186826078
1.58961,-0.706280338136458
1.589615,-0.706371506030908
1.58962,-0.706462690513163
1.589625,-0.706553891586929
1.58963,-0.706645109255935
1.589635,-0.70673634352391
1.58964,-0.706827594394577
1.589645,-0.706918861871672
1.58965,-0.707010145958902
1.589655,-0.70710144666001
1.58966,-0.707192763978727
1.589665,-0.707284097918775
1.58967,-0.707375448483892
1.589675,-0.707466815677819
1.58968,-0.707558199504271
1.589685,-0.707649599966993
1.58969,-0.707741017069716
1.589695,-0.707832450816179
1.5897,-0.707923901210126
1.589705,-0.708015368255283
1.58971,-0.708106851955392
1.589715,-0.708198352314194
1.58972,-0.708289869335437
1.589725,-0.708381403022858
1.58973,-0.708472953380198
1.589735,-0.7085645204112
1.58974,-0.708656104119613
1.589745,-0.70874770450918
1.58975,-0.708839321583657
1.589755,-0.708930955346776
1.58976,-0.709022605802295
1.589765,-0.709114272953961
1.58977,-0.709205956805526
1.589775,-0.709297657360749
1.58978,-0.709389374623369
1.589785,-0.709481108597144
1.58979,-0.709572859285831
1.589795,-0.709664626693182
1.5898,-0.709756410822957
1.589805,-0.709848211678919
1.58981,-0.709940029264812
1.589815,-0.710031863584402
1.58982,-0.710123714641454
1.589825,-0.710215582439719
1.58983,-0.710307466982977
1.589835,-0.710399368274967
1.58984,-0.71049128631947
1.589845,-0.710583221120243
1.58985,-0.710675172681056
1.589855,-0.71076714100568
1.58986,-0.710859126097875
1.589865,-0.71095112796141
1.58987,-0.711043146600059
1.589875,-0.711135182017588
1.58988,-0.711227234217783
1.589885,-0.711319303204396
1.58989,-0.711411388981212
1.589895,-0.711503491552001
1.5899,-0.711595610920547
1.589905,-0.711687747090623
1.58991,-0.711779900065999
1.589915,-0.711872069850461
1.58992,-0.711964256447781
1.589925,-0.712056459861748
1.58993,-0.71214868009614
1.589935,-0.712240917154746
1.58994,-0.712333171041334
1.589945,-0.712425441759699
1.58995,-0.712517729313621
1.589955,-0.712610033706895
1.58996,-0.712702354943304
1.589965,-0.712794693026629
1.58997,-0.712887047960667
1.589975,-0.712979419749204
1.58998,-0.713071808396032
1.589985,-0.713164213904948
1.58999,-0.71325663627974
1.589995,-0.713349075524196
1.59,-0.713441531642121
1.590005,-0.713534004637307
1.59001,-0.713626494513555
1.590015,-0.713719001274652
1.59002,-0.713811524924405
1.590025,-0.713904065466612
1.59003,-0.713996622905072
1.590035,-0.714089197243589
1.59004,-0.714181788485975
1.590045,-0.714274396636013
1.59005,-0.714367021697521
1.590055,-0.714459663674297
1.59006,-0.714552322570158
1.590065,-0.714644998388908
1.59007,-0.714737691134346
1.590075,-0.714830400810292
1.59008,-0.714923127420549
1.590085,-0.715015870968933
1.59009,-0.715108631459266
1.590095,-0.715201408895341
1.5901,-0.715294203280983
1.590105,-0.715387014620004
1.59011,-0.715479842916227
1.590115,-0.715572688173466
1.59012,-0.715665550395534
1.590125,-0.715758429586256
1.59013,-0.715851325749448
1.590135,-0.715944238888932
1.59014,-0.716037169008537
1.590145,-0.716130116112078
1.59015,-0.716223080203377
1.590155,-0.716316061286267
1.59016,-0.71640905936457
1.590165,-0.716502074442113
1.59017,-0.716595106522727
1.590175,-0.716688155610233
1.59018,-0.716781221708467
1.590185,-0.716874304821259
1.59019,-0.716967404952441
1.590195,-0.717060522105851
1.5902,-0.717153656285309
1.590205,-0.717246807494661
1.59021,-0.717339975737734
1.590215,-0.717433161018376
1.59022,-0.717526363340427
1.590225,-0.717619582707705
1.59023,-0.717712819124065
1.590235,-0.717806072593343
1.59024,-0.717899343119387
1.590245,-0.717992630706039
1.59025,-0.718085935357132
1.590255,-0.718179257076516
1.59026,-0.718272595868041
1.590265,-0.71836595173555
1.59027,-0.718459324682895
1.590275,-0.718552714713914
1.59028,-0.71864612183246
1.590285,-0.71873954604239
1.59029,-0.718832987347555
1.590295,-0.718926445751799
1.5903,-0.719019921258986
1.590305,-0.719113413872958
1.59031,-0.719206923597582
1.590315,-0.719300450436705
1.59032,-0.719393994394187
1.590325,-0.719487555473901
1.59033,-0.719581133679682
1.590335,-0.719674729015403
1.59034,-0.719768341484924
1.590345,-0.719861971092106
1.59035,-0.719955617840821
1.590355,-0.720049281734919
1.59036,-0.720142962778274
1.590365,-0.720236660974746
1.59037,-0.720330376328206
1.590375,-0.72042410884253
1.59038,-0.720517858521576
1.590385,-0.720611625369214
1.59039,-0.720705409389317
1.590395,-0.720799210585762
1.5904,-0.720893028962424
1.590405,-0.720986864523166
1.59041,-0.721080717271866
1.590415,-0.721174587212407
1.59042,-0.721268474348663
1.590425,-0.721362378684507
1.59043,-0.721456300223832
1.590435,-0.721550238970501
1.59044,-0.721644194928402
1.590445,-0.721738168101417
1.59045,-0.72183215849343
1.590455,-0.721926166108331
1.59046,-0.722020190949991
1.590465,-0.722114233022304
1.59047,-0.722208292329155
1.590475,-0.722302368874434
1.59048,-0.722396462662036
1.590485,-0.722490573695836
1.59049,-0.722584701979734
1.590495,-0.722678847517621
1.5905,-0.722773010313387
1.590505,-0.722867190370938
1.59051,-0.722961387694151
1.590515,-0.723055602286933
1.59052,-0.723149834153179
1.590525,-0.723244083296785
1.59053,-0.723338349721657
1.590535,-0.723432633431681
1.59054,-0.723526934430769
1.590545,-0.723621252722818
1.59055,-0.723715588311734
1.590555,-0.723809941201418
1.59056,-0.723904311395785
1.590565,-0.723998698898725
1.59057,-0.724093103714148
1.590575,-0.724187525845973
1.59058,-0.724281965298097
1.590585,-0.724376422074442
1.59059,-0.724470896178905
1.590595,-0.724565387615405
1.5906,-0.724659896387854
1.590605,-0.724754422500167
1.59061,-0.724848965956262
1.590615,-0.724943526760046
1.59062,-0.725038104915438
1.590625,-0.725132700426362
1.59063,-0.72522731329673
1.590635,-0.725321943530474
1.59064,-0.725416591131497
1.590645,-0.725511256103734
1.59065,-0.725605938451098
1.590655,-0.725700638177523
1.59066,-0.725795355286934
1.590665,-0.725890089783244
1.59067,-0.725984841670392
1.590675,-0.726079610952297
1.59068,-0.726174397632896
1.590685,-0.726269201716113
1.59069,-0.726364023205886
1.590695,-0.726458862106142
1.5907,-0.726553718420808
1.590705,-0.72664859215383
1.59071,-0.726743483309133
1.590715,-0.726838391890664
1.59072,-0.726933317902346
1.590725,-0.727028261348125
1.59073,-0.727123222231937
1.590735,-0.727218200557722
1.59074,-0.727313196329432
1.590745,-0.72740820955099
1.59075,-0.72750324022635
1.590755,-0.727598288359451
1.59076,-0.727693353954245
1.590765,-0.727788437014678
1.59077,-0.727883537544688
1.590775,-0.727978655548225
1.59078,-0.728073791029243
1.590785,-0.72816894399169
1.59079,-0.728264114439515
1.590795,-0.72835930237668
1.5908,-0.728454507807123
1.590805,-0.728549730734803
1.59081,-0.728644971163679
1.590815,-0.728740229097703
1.59082,-0.728835504540843
1.590825,-0.728930797497037
1.59083,-0.729026107970259
1.590835,-0.729121435964463
1.59084,-0.729216781483615
1.590845,-0.729312144531677
1.59085,-0.729407525112605
1.590855,-0.729502923230368
1.59086,-0.729598338888928
1.590865,-0.729693772092256
1.59087,-0.729789222844323
1.590875,-0.729884691149086
1.59088,-0.729980177010518
1.590885,-0.73007568043259
1.59089,-0.730171201419275
1.590895,-0.730266739974548
1.5909,-0.730362296102374
1.590905,-0.730457869806728
1.59091,-0.730553461091594
1.590915,-0.730649069960939
1.59092,-0.730744696418745
1.590925,-0.730840340468996
1.59093,-0.730936002115661
1.590935,-0.731031681362724
1.59094,-0.731127378214162
1.590945,-0.731223092673968
1.59095,-0.731318824746125
1.590955,-0.731414574434603
1.59096,-0.731510341743398
1.590965,-0.731606126676493
1.59097,-0.731701929237879
1.590975,-0.731797749431547
1.59098,-0.731893587261481
1.590985,-0.73198944273167
1.59099,-0.732085315846107
1.590995,-0.732181206608787
1.591,-0.732277115023709
1.591005,-0.732373041094855
1.59101,-0.732468984826228
1.591015,-0.73256494622182
1.59102,-0.732660925285634
1.591025,-0.732756922021672
1.59103,-0.732852936433927
1.591035,-0.732948968526397
1.59104,-0.73304501830309
1.591045,-0.733141085768004
1.59105,-0.733237170925149
1.591055,-0.733333273778533
1.59106,-0.733429394332145
1.591065,-0.733525532590006
1.59107,-0.733621688556121
1.591075,-0.733717862234494
1.59108,-0.733814053629146
1.591085,-0.733910262744076
1.59109,-0.734006489583301
1.591095,-0.734102734150838
1.5911,-0.734198996450691
1.591105,-0.73429527648689
1.59111,-0.734391574263435
1.591115,-0.73448788978435
1.59112,-0.734584223053655
1.591125,-0.734680574075366
1.59113,-0.734776942853513
1.591135,-0.734873329392104
1.59114,-0.734969733695162
1.591145,-0.735066155766716
1.59115,-0.73516259561079
1.591155,-0.735259053231415
1.59116,-0.735355528632603
1.591165,-0.735452021818391
1.59117,-0.735548532792803
1.591175,-0.735645061559876
1.59118,-0.735741608123631
1.591185,-0.73583817248811
1.59119,-0.735934754657335
1.591195,-0.736031354635345
1.5912,-0.73612797242617
1.591205,-0.736224608033853
1.59121,-0.736321261462433
1.591215,-0.736417932715935
1.59122,-0.736514621798404
1.591225,-0.736611328713882
1.59123,-0.736708053466406
1.591235,-0.736804796060026
1.59124,-0.736901556498772
1.591245,-0.736998334786698
1.59125,-0.737095130927842
1.591255,-0.737191944926255
1.59126,-0.73728877678599
1.591265,-0.737385626511079
1.59127,-0.737482494105583
1.591275,-0.737579379573544
1.59128,-0.73767628291902
1.591285,-0.737773204146071
1.59129,-0.737870143258731
1.591295,-0.737967100261065
1.5913,-0.738064075157124
1.591305,-0.738161067950968
1.59131,-0.738258078646654
1.591315,-0.738355107248248
1.59132,-0.738452153759794
1.591325,-0.738549218185356
1.59133,-0.738646300529003
1.591335,-0.738743400794795
1.59134,-0.738840518986798
1.591345,-0.738937655109064
1.59135,-0.739034809165675
1.591355,-0.739131981160685
1.59136,-0.73922917109817
1.591365,-0.739326378982202
1.59137,-0.739423604816836
1.591375,-0.739520848606153
1.59138,-0.739618110354222
1.591385,-0.739715390065122
1.59139,-0.739812687742925
1.591395,-0.739910003391699
1.5914,-0.740007337015524
1.591405,-0.740104688618474
1.59141,-0.740202058204633
1.591415,-0.740299445778086
1.59142,-0.740396851342898
1.591425,-0.740494274903158
1.59143,-0.740591716462947
1.591435,-0.740689176026345
1.59144,-0.740786653597446
1.591445,-0.740884149180338
1.59145,-0.740981662779086
1.591455,-0.741079194397798
1.59146,-0.74117674404055
1.591465,-0.741274311711441
1.59147,-0.741371897414564
1.591475,-0.741469501153995
1.59148,-0.741567122933837
1.591485,-0.741664762758183
1.59149,-0.741762420631134
1.591495,-0.741860096556779
1.5915,-0.741957790539213
1.591505,-0.742055502582536
1.59151,-0.742153232690849
1.591515,-0.742250980868248
1.59152,-0.742348747118847
1.591525,-0.74244653144673
1.59153,-0.742544333856008
1.591535,-0.742642154350787
1.59154,-0.742739992935173
1.591545,-0.742837849613268
1.59155,-0.742935724389189
1.591555,-0.74303361726703
1.59156,-0.743131528250911
1.591565,-0.743229457344936
1.59157,-0.743327404553223
1.591575,-0.743425369879886
1.59158,-0.74352335332903
1.591585,-0.743621354904775
1.59159,-0.743719374611234
1.591595,-0.743817412452529
1.5916,-0.74391546843278
1.591605,-0.744013542556097
1.59161,-0.7441116348266
1.591615,-0.744209745248418
1.59162,-0.744307873825668
1.591625,-0.744406020562482
1.59163,-0.74450418546297
1.591635,-0.744602368531264
1.59164,-0.744700569771491
1.591645,-0.744798789187778
1.59165,-0.74489702678426
1.591655,-0.744995282565053
1.59166,-0.745093556534297
1.591665,-0.745191848696117
1.59167,-0.745290159054657
1.591675,-0.745388487614037
1.59168,-0.745486834378411
1.591685,-0.74558519935189
1.59169,-0.74568358253863
1.591695,-0.745781983942757
1.5917,-0.74588040356842
1.591705,-0.74597884141976
1.59171,-0.746077297500906
1.591715,-0.746175771816004
1.59172,-0.746274264369207
1.591725,-0.746372775164647
1.59173,-0.746471304206484
1.591735,-0.746569851498849
1.59174,-0.746668417045897
1.591745,-0.746767000851773
1.59175,-0.746865602920632
1.591755,-0.746964223256628
1.59176,-0.747062861863903
1.591765,-0.74716151874661
1.59177,-0.747260193908911
1.591775,-0.747358887354952
1.59178,-0.747457599088902
1.591785,-0.747556329114903
1.59179,-0.74765507743712
1.591795,-0.747753844059712
1.5918,-0.747852628986839
1.591805,-0.747951432222664
1.59181,-0.748050253771352
1.591815,-0.748149093637061
1.59182,-0.748247951823953
1.591825,-0.748346828336199
1.59183,-0.748445723177963
1.591835,-0.748544636353424
1.59184,-0.748643567866734
1.591845,-0.748742517722064
1.59185,-0.748841485923599
1.591855,-0.748940472475496
1.59186,-0.749039477381945
1.591865,-0.749138500647103
1.59187,-0.749237542275152
1.591875,-0.74933660227027
1.59188,-0.749435680636628
1.591885,-0.749534777378419
1.59189,-0.749633892499804
1.591895,-0.749733026004975
1.5919,-0.74983217789811
1.591905,-0.74993134818339
1.59191,-0.75003053686501
1.591915,-0.750129743947139
1.59192,-0.750228969433969
1.591925,-0.75032821332969
1.59193,-0.750427475638486
1.591935,-0.750526756364547
1.59194,-0.750626055512072
1.591945,-0.750725373085238
1.59195,-0.750824709088246
1.591955,-0.750924063525284
1.59196,-0.75102343640055
1.591965,-0.751122827718245
1.59197,-0.751222237482554
1.591975,-0.75132166569768
1.59198,-0.751421112367823
1.591985,-0.751520577497179
1.59199,-0.751620061089962
1.591995,-0.751719563150356
1.592,-0.751819083682572
1.592005,-0.751918622690812
1.59201,-0.752018180179286
1.592015,-0.752117756152203
1.59202,-0.75221735061376
1.592025,-0.752316963568167
1.59203,-0.752416595019638
1.592035,-0.752516244972381
1.59204,-0.75261591343062
1.592045,-0.752715600398544
1.59205,-0.752815305880386
1.592055,-0.752915029880349
1.59206,-0.753014772402655
1.592065,-0.753114533451522
1.59207,-0.753214313031174
1.592075,-0.753314111145815
1.59208,-0.753413927799672
1.592085,-0.753513762996968
1.59209,-0.753613616741925
1.592095,-0.753713489038775
1.5921,-0.753813379891725
1.592105,-0.753913289305013
1.59211,-0.754013217282857
1.592115,-0.754113163829494
1.59212,-0.754213128949157
1.592125,-0.754313112646058
1.59213,-0.75441311492444
1.592135,-0.754513135788533
1.59214,-0.754613175242574
1.592145,-0.754713233290798
1.59215,-0.754813309937428
1.592155,-0.754913405186711
1.59216,-0.755013519042883
1.592165,-0.755113651510181
1.59217,-0.755213802592853
1.592175,-0.755313972295127
1.59218,-0.75541416062125
1.592185,-0.755514367575466
1.59219,-0.755614593162019
1.592195,-0.755714837385156
1.5922,-0.755815100249126
1.592205,-0.755915381758168
1.59221,-0.756015681916528
1.592215,-0.756116000728466
1.59222,-0.756216338198229
1.592225,-0.756316694330072
1.59223,-0.756417069128239
1.592235,-0.756517462596988
1.59224,-0.756617874740575
1.592245,-0.756718305563258
1.59225,-0.756818755069293
1.592255,-0.756919223262933
1.59226,-0.757019710148444
1.592265,-0.757120215730082
1.59227,-0.757220740012111
1.592275,-0.7573212829988
1.59228,-0.757421844694396
1.592285,-0.757522425103176
1.59229,-0.757623024229405
1.592295,-0.757723642077344
1.5923,-0.757824278651265
1.592305,-0.75792493395545
1.59231,-0.758025607994145
1.592315,-0.758126300771633
1.59232,-0.75822701229219
1.592325,-0.758327742560084
1.59233,-0.758428491579596
1.592335,-0.758529259354995
1.59234,-0.758630045890558
1.592345,-0.758730851190563
1.59235,-0.758831675259293
1.592355,-0.758932518101035
1.59236,-0.759033379720048
1.592365,-0.759134260120633
1.59237,-0.759235159307065
1.592375,-0.75933607728363
1.59238,-0.75943701405463
1.592385,-0.75953796962432
1.59239,-0.759638943997009
1.592395,-0.75973993717698
1.5924,-0.759840949168521
1.592405,-0.759941979975939
1.59241,-0.760043029603505
1.592415,-0.760144098055515
1.59242,-0.760245185336275
1.592425,-0.76034629145007
1.59243,-0.760447416401203
1.592435,-0.760548560193977
1.59244,-0.760649722832672
1.592445,-0.760750904321603
1.59245,-0.760852104665066
1.592455,-0.76095332386736
1.59246,-0.761054561932803
1.592465,-0.761155818865683
1.59247,-0.761257094670309
1.592475,-0.761358389350989
1.59248,-0.76145970291203
1.592485,-0.761561035357746
1.59249,-0.761662386692441
1.592495,-0.761763756920423
1.5925,-0.761865146046006
1.592505,-0.761966554073508
1.59251,-0.762067981007245
1.592515,-0.76216942685152
1.59252,-0.762270891610657
1.592525,-0.762372375288975
1.59253,-0.762473877890791
1.592535,-0.762575399420431
1.59254,-0.762676939882201
1.592545,-0.762778499280429
1.59255,-0.762880077619442
1.592555,-0.762981674903564
1.59256,-0.763083291137115
1.592565,-0.763184926324433
1.59257,-0.763286580469832
1.592575,-0.763388253577644
1.59258,-0.763489945652201
1.592585,-0.763591656697833
1.59259,-0.763693386718876
1.592595,-0.763795135719656
1.5926,-0.763896903704507
1.592605,-0.763998690677769
1.59261,-0.764100496643774
1.592615,-0.764202321606873
1.59262,-0.764304165571379
1.592625,-0.764406028541652
1.59263,-0.764507910522024
1.592635,-0.764609811516841
1.59264,-0.764711731530452
1.592645,-0.764813670567188
1.59265,-0.764915628631393
1.592655,-0.765017605727426
1.59266,-0.765119601859629
1.592665,-0.765221617032355
1.59267,-0.765323651249937
1.592675,-0.765425704516745
1.59268,-0.765527776837117
1.592685,-0.765629868215416
1.59269,-0.765731978655989
1.592695,-0.765834108163205
1.5927,-0.765936256741402
1.592705,-0.766038424394941
1.59271,-0.766140611128188
1.592715,-0.7662428169455
1.59272,-0.766345041851244
1.592725,-0.766447285849766
1.59273,-0.766549548945439
1.592735,-0.766651831142623
1.59274,-0.76675413244569
1.592745,-0.76685645285901
1.59275,-0.766958792386935
1.592755,-0.767061151033841
1.59276,-0.767163528804101
1.592765,-0.767265925702078
1.59277,-0.767368341732163
1.592775,-0.767470776898704
1.59278,-0.767573231206085
1.592785,-0.767675704658687
1.59279,-0.767778197260882
1.592795,-0.767880709017052
1.5928,-0.767983239931567
1.592805,-0.768085790008809
1.59281,-0.768188359253161
1.592815,-0.768290947669005
1.59282,-0.768393555260724
1.592825,-0.768496182032713
1.59283,-0.768598827989335
1.592835,-0.768701493134993
1.59284,-0.768804177474068
1.592845,-0.768906881010952
1.59285,-0.769009603750039
1.592855,-0.769112345695707
1.59286,-0.769215106852358
1.592865,-0.769317887224381
1.59287,-0.769420686816171
1.592875,-0.769523505632138
1.59288,-0.769626343676655
1.592885,-0.769729200954129
1.59289,-0.769832077468962
1.592895,-0.769934973225554
1.5929,-0.770037888228306
1.592905,-0.770140822481614
1.59291,-0.770243775989888
1.592915,-0.770346748757531
1.59292,-0.770449740788945
1.592925,-0.770552752088548
1.59293,-0.770655782660736
1.592935,-0.770758832509916
1.59294,-0.770861901640506
1.592945,-0.770964990056921
1.59295,-0.771068097763562
1.592955,-0.771171224764853
1.59296,-0.771274371065199
1.592965,-0.771377536669023
1.59297,-0.771480721580737
1.592975,-0.771583925804763
1.59298,-0.771687149345528
1.592985,-0.771790392207431
1.59299,-0.771893654394909
1.592995,-0.771996935912384
1.593,-0.772100236764269
1.593005,-0.772203556955011
1.59301,-0.772306896489011
1.593015,-0.772410255370706
1.59302,-0.772513633604528
1.593025,-0.772617031194904
1.59303,-0.77272044814627
1.593035,-0.772823884463043
1.59304,-0.772927340149664
1.593045,-0.773030815210573
1.59305,-0.773134309650192
1.593055,-0.773237823472967
1.59306,-0.773341356683342
1.593065,-0.773444909285738
1.59307,-0.773548481284601
1.593075,-0.773652072684379
1.59308,-0.773755683489504
1.593085,-0.773859313704429
1.59309,-0.773962963333591
1.593095,-0.774066632381435
1.5931,-0.774170320852408
1.593105,-0.774274028750958
1.59311,-0.774377756081543
1.593115,-0.7744815028486
1.59312,-0.774585269056581
1.593125,-0.774689054709942
1.59313,-0.774792859813134
1.593135,-0.774896684370626
1.59314,-0.77500052838685
1.593145,-0.775104391866275
1.59315,-0.775208274813356
1.593155,-0.775312177232551
1.59316,-0.775416099128331
1.593165,-0.775520040505144
1.59317,-0.775624001367454
1.593175,-0.775727981719727
1.59318,-0.775831981566428
1.593185,-0.775936000912024
1.59319,-0.77604003976099
1.593195,-0.77614409811777
1.5932,-0.776248175986856
1.593205,-0.776352273372706
1.59321,-0.776456390279799
1.593215,-0.776560526712613
1.59322,-0.776664682675602
1.593225,-0.776768858173256
1.59323,-0.776873053210044
1.593235,-0.77697726779045
1.59324,-0.777081501918955
1.593245,-0.777185755600027
1.59325,-0.77729002883815
1.593255,-0.777394321637809
1.59326,-0.777498634003485
1.593265,-0.777602965939672
1.59327,-0.777707317450841
1.593275,-0.777811688541485
1.59328,-0.777916079216087
1.593285,-0.77802048947914
1.59329,-0.778124919335139
1.593295,-0.778229368788565
1.5933,-0.778333837843915
1.593305,-0.77843832650568
1.59331,-0.778542834778356
1.593315,-0.778647362666437
1.59332,-0.778751910174433
1.593325,-0.778856477306821
1.59333,-0.77896106406811
1.593335,-0.779065670462802
1.59334,-0.779170296495395
1.593345,-0.779274942170397
1.59335,-0.779379607492304
1.593355,-0.77948429246562
1.59336,-0.779588997094859
1.593365,-0.779693721384525
1.59337,-0.77979846533913
1.593375,-0.779903228963175
1.59338,-0.780008012261171
1.593385,-0.780112815237636
1.59339,-0.780217637897079
1.593395,-0.780322480244024
1.5934,-0.780427342282969
1.593405,-0.780532224018441
1.59341,-0.780637125454957
1.593415,-0.78074204659703
1.59342,-0.780846987449191
1.593425,-0.780951948015952
1.59343,-0.781056928301833
1.593435,-0.781161928311365
1.59344,-0.781266948049071
1.593445,-0.78137198751947
1.59345,-0.781477046727102
1.593455,-0.781582125676478
1.59346,-0.781687224372139
1.593465,-0.781792342818612
1.59347,-0.781897481020425
1.593475,-0.782002638982122
1.59348,-0.782107816708223
1.593485,-0.782213014203267
1.59349,-0.782318231471795
1.593495,-0.782423468518339
1.5935,-0.782528725347449
1.593505,-0.782634001963642
1.59351,-0.782739298371474
1.593515,-0.782844614575486
1.59352,-0.782949950580221
1.593525,-0.783055306390226
1.59353,-0.783160682010035
1.593535,-0.783266077444201
1.59354,-0.783371492697275
1.593545,-0.783476927773804
1.59355,-0.783582382678341
1.593555,-0.78368785741543
1.59356,-0.783793351989625
1.593565,-0.783898866405482
1.59357,-0.784004400667552
1.593575,-0.784109954780398
1.59358,-0.784215528748579
1.593585,-0.784321122576637
1.59359,-0.784426736269146
1.593595,-0.784532369830659
1.5936,-0.784638023265742
1.593605,-0.784743696578964
1.59361,-0.784849389774874
1.593615,-0.784955102858045
1.59362,-0.785060835833043
1.593625,-0.785166588704435
1.59363,-0.7852723614768
1.593635,-0.785378154154688
1.59364,-0.785483966742685
1.593645,-0.785589799245352
1.59365,-0.785695651667273
1.593655,-0.785801524013024
1.59366,-0.785907416287172
1.593665,-0.786013328494293
1.59367,-0.786119260638969
1.593675,-0.786225212725782
1.59368,-0.786331184759315
1.593685,-0.786437176744136
1.59369,-0.786543188684839
1.593695,-0.786649220586003
1.5937,-0.786755272452219
1.593705,-0.786861344288064
1.59371,-0.786967436098141
1.593715,-0.787073547887022
1.59372,-0.787179679659305
1.593725,-0.787285831419571
1.59373,-0.78739200317243
1.593735,-0.787498194922471
1.59374,-0.787604406674274
1.593745,-0.787710638432443
1.59375,-0.787816890201577
1.593755,-0.787923161986271
1.59376,-0.788029453791136
1.593765,-0.788135765620754
1.59377,-0.788242097479736
1.593775,-0.788348449372683
1.59378,-0.788454821304202
1.593785,-0.7885612132789
1.59379,-0.788667625301375
1.593795,-0.788774057376234
1.5938,-0.788880509508092
1.593805,-0.788986981701559
1.59381,-0.789093473961243
1.593815,-0.789199986291763
1.59382,-0.789306518697721
1.593825,-0.789413071183736
1.59383,-0.789519643754424
1.593835,-0.789626236414406
1.59384,-0.789732849168299
1.593845,-0.789839482020716
1.59385,-0.789946134976283
1.593855,-0.790052808039619
1.59386,-0.790159501215344
1.593865,-0.790266214508098
1.59387,-0.790372947922483
1.593875,-0.790479701463139
1.59388,-0.790586475134689
1.593885,-0.790693268941766
1.59389,-0.790800082889004
1.593895,-0.790906916981022
1.5939,-0.791013771222454
1.593905,-0.791120645617939
1.59391,-0.791227540172113
1.593915,-0.791334454889613
1.59392,-0.791441389775069
1.593925,-0.791548344833116
1.59393,-0.791655320068403
1.593935,-0.79176231548557
1.59394,-0.791869331089254
1.593945,-0.791976366884106
1.59395,-0.792083422874757
1.593955,-0.792190499065861
1.59396,-0.792297595462062
1.593965,-0.792404712068013
1.59397,-0.79251184888836
1.593975,-0.792619005927747
1.59398,-0.792726183190833
1.593985,-0.792833380682262
1.59399,-0.792940598406694
1.593995,-0.793047836368796
1.594,-0.793155094573199
1.594005,-0.793262373024572
1.59401,-0.793369671727579
1.594015,-0.79347699068687
1.59402,-0.793584329907119
1.594025,-0.793691689392971
1.59403,-0.793799069149102
1.594035,-0.793906469180169
1.59404,-0.794013889490837
1.594045,-0.794121330085791
1.59405,-0.794228790969672
1.594055,-0.794336272147166
1.59406,-0.794443773622935
1.594065,-0.794551295401658
1.59407,-0.794658837488004
1.594075,-0.794766399886649
1.59408,-0.794873982602264
1.594085,-0.794981585639531
1.59409,-0.795089209003119
1.594095,-0.795196852697715
1.5941,-0.795304516728003
1.594105,-0.795412201098649
1.59411,-0.795519905814344
1.594115,-0.795627630879773
1.59412,-0.795735376299619
1.594125,-0.795843142078573
1.59413,-0.795950928221314
1.594135,-0.79605873473253
1.59414,-0.796166561616913
1.594145,-0.796274408879155
1.59415,-0.796382276523956
1.594155,-0.796490164555997
1.59416,-0.796598072979973
1.594165,-0.79670600180058
1.59417,-0.796813951022525
1.594175,-0.796921920650501
1.59418,-0.797029910689198
1.594185,-0.797137921143322
1.59419,-0.797245952017575
1.594195,-0.797354003316664
1.5942,-0.797462075045286
1.594205,-0.797570167208159
1.59421,-0.797678279809973
1.594215,-0.797786412855441
1.59422,-0.797894566349272
1.594225,-0.798002740296183
1.59423,-0.798110934700879
1.594235,-0.798219149568071
1.59424,-0.798327384902475
1.594245,-0.798435640708803
1.59425,-0.798543916991772
1.594255,-0.798652213756113
1.59426,-0.798760531006516
1.594265,-0.798868868747726
1.59427,-0.79897722698445
1.594275,-0.799085605721415
1.59428,-0.799194004963355
1.594285,-0.799302424714972
1.59429,-0.799410864981005
1.594295,-0.799519325766177
1.5943,-0.799627807075219
1.594305,-0.79973630891287
1.59431,-0.799844831283836
1.594315,-0.799953374192867
1.59432,-0.800061937644694
1.594325,-0.800170521644046
1.59433,-0.800279126195661
1.594335,-0.800387751304286
1.59434,-0.80049639697464
1.594345,-0.800605063211468
1.59435,-0.800713750019518
1.594355,-0.800822457403521
1.59436,-0.800931185368233
1.594365,-0.801039933918386
1.59437,-0.801148703058726
1.594375,-0.801257492794003
1.59438,-0.801366303128964
1.594385,-0.801475134068367
1.59439,-0.801583985616945
1.594395,-0.801692857779453
1.5944,-0.801801750560649
1.594405,-0.801910663965286
1.59441,-0.802019597998124
1.594415,-0.802128552663904
1.59442,-0.802237527967393
1.594425,-0.802346523913347
1.59443,-0.802455540506527
1.594435,-0.802564577751702
1.59444,-0.802673635653619
1.594445,-0.802782714217046
1.59445,-0.802891813446755
1.594455,-0.803000933347501
1.59446,-0.803110073924056
1.594465,-0.8032192351812
1.59447,-0.803328417123681
1.594475,-0.803437619756284
1.59448,-0.803546843083771
1.594485,-0.803656087110926
1.59449,-0.803765351842522
1.594495,-0.803874637283327
1.5945,-0.803983943438116
1.594505,-0.804093270311678
1.59451,-0.804202617908781
1.594515,-0.804311986234224
1.59452,-0.804421375292766
1.594525,-0.804530785089201
1.59453,-0.804640215628307
1.594535,-0.804749666914881
1.59454,-0.804859138953707
1.594545,-0.804968631749558
1.59455,-0.805078145307238
1.594555,-0.805187679631531
1.59456,-0.805297234727231
1.594565,-0.805406810599127
1.59457,-0.805516407252025
1.594575,-0.8056260246907
1.59458,-0.805735662919963
1.594585,-0.805845321944608
1.59459,-0.805955001769432
1.594595,-0.806064702399245
1.5946,-0.806174423838833
1.594605,-0.806284166093004
1.59461,-0.806393929166565
1.594615,-0.806503713064316
1.59462,-0.806613517791076
1.594625,-0.806723343351636
1.59463,-0.806833189750808
1.594635,-0.806943056993411
1.59464,-0.807052945084247
1.594645,-0.807162854028138
1.59465,-0.807272783829886
1.594655,-0.807382734494309
1.59466,-0.807492706026227
1.594665,-0.807602698430451
1.59467,-0.80771271171182
1.594675,-0.807822745875123
1.59468,-0.807932800925197
1.594685,-0.808042876866866
1.59469,-0.808152973704946
1.594695,-0.80826309144427
1.5947,-0.808373230089664
1.594705,-0.808483389645945
1.59471,-0.808593570117946
1.594715,-0.808703771510498
1.59472,-0.808813993828433
1.594725,-0.808924237076592
1.59473,-0.809034501259789
1.594735,-0.809144786382868
1.59474,-0.809255092450664
1.594745,-0.809365419468014
1.59475,-0.809475767439764
1.594755,-0.809586136370737
1.59476,-0.80969652626579
1.594765,-0.809806937129756
1.59477,-0.809917368967477
1.594775,-0.810027821783809
1.59478,-0.810138295583585
1.594785,-0.810248790371654
1.59479,-0.810359306152866
1.594795,-0.810469842932076
1.5948,-0.810580400714132
1.594805,-0.810690979503877
1.59481,-0.810801579306174
1.594815,-0.810912200125868
1.59482,-0.811022841967827
1.594825,-0.8111335048369
1.59483,-0.811244188737956
1.594835,-0.811354893675835
1.59484,-0.81146561965541
1.594845,-0.811576366681535
1.59485,-0.811687134759086
1.594855,-0.811797923892925
1.59486,-0.811908734087908
1.594865,-0.812019565348901
1.59487,-0.812130417680782
1.594875,-0.812241291088414
1.59488,-0.812352185576676
1.594885,-0.812463101150429
1.59489,-0.812574037814546
1.594895,-0.812684995573908
1.5949,-0.812795974433391
1.594905,-0.812906974397875
1.59491,-0.813017995472221
1.594915,-0.813129037661324
1.59492,-0.813240100970058
1.594925,-0.813351185403308
1.59493,-0.813462290965962
1.594935,-0.813573417662888
1.59494,-0.813684565498984
1.594945,-0.813795734479136
1.59495,-0.813906924608228
1.594955,-0.814018135891153
1.59496,-0.814129368332807
1.594965,-0.814240621938069
1.59497,-0.814351896711838
1.594975,-0.814463192659006
1.59498,-0.814574509784473
1.594985,-0.814685848093143
1.59499,-0.814797207589892
1.594995,-0.814908588279634
1.595,-0.81501999016727
1.595005,-0.815131413257699
1.59501,-0.815242857555831
1.595015,-0.815354323066556
1.59502,-0.815465809794786
1.595025,-0.815577317745434
1.59503,-0.815688846923402
1.595035,-0.815800397333607
1.59504,-0.815911968980947
1.595045,-0.816023561870336
1.59505,-0.816135176006695
1.595055,-0.816246811394933
1.59506,-0.816358468039976
1.595065,-0.816470145946723
1.59507,-0.816581845120104
1.595075,-0.816693565565035
1.59508,-0.816805307286435
1.595085,-0.816917070289234
1.59509,-0.817028854578352
1.595095,-0.817140660158701
1.5951,-0.817252487035223
1.595105,-0.817364335212836
1.59511,-0.817476204696469
1.595115,-0.817588095491065
1.59512,-0.817700007601531
1.595125,-0.817811941032813
1.59513,-0.817923895789839
1.595135,-0.818035871877551
1.59514,-0.818147869300887
1.595145,-0.818259888064773
1.59515,-0.818371928174147
1.595155,-0.818483989633953
1.59516,-0.818596072449134
1.595165,-0.818708176624641
1.59517,-0.818820302165397
1.595175,-0.818932449076357
1.59518,-0.819044617362466
1.595185,-0.819156807028669
1.59519,-0.81926901807993
1.595195,-0.819381250521173
1.5952,-0.819493504357361
1.595205,-0.819605779593453
1.59521,-0.819718076234392
1.595215,-0.819830394285138
1.59522,-0.819942733750652
1.595225,-0.820055094635882
1.59523,-0.820167476945787
1.595235,-0.820279880685325
1.59524,-0.820392305859466
1.595245,-0.820504752473179
1.59525,-0.820617220531408
1.595255,-0.820729710039125
1.59526,-0.820842221001298
1.595265,-0.820954753422894
1.59527,-0.821067307308891
1.595275,-0.821179882664246
1.59528,-0.821292479493927
1.595285,-0.821405097802918
1.59529,-0.821517737596188
1.595295,-0.821630398878719
1.5953,-0.821743081655478
1.595305,-0.821855785931442
1.59531,-0.821968511711592
1.595315,-0.822081259000914
1.59532,-0.822194027804382
1.595325,-0.822306818126993
1.59533,-0.822419629973709
1.595335,-0.822532463349527
1.59534,-0.822645318259435
1.595345,-0.822758194708418
1.59535,-0.822871092701472
1.595355,-0.822984012243573
1.59536,-0.823096953339721
1.595365,-0.823209915994909
1.59537,-0.823322900214129
1.595375,-0.823435906002389
1.59538,-0.823548933364667
1.595385,-0.823661982305968
1.59539,-0.823775052831293
1.595395,-0.823888144945639
1.5954,-0.824001258654022
1.595405,-0.824114393961425
1.59541,-0.824227550872863
1.595415,-0.824340729393336
1.59542,-0.824453929527857
1.595425,-0.824567151281439
1.59543,-0.824680394659081
1.595435,-0.824793659665792
1.59544,-0.824906946306595
1.595445,-0.825020254586494
1.59545,-0.825133584510512
1.595455,-0.825246936083667
1.59546,-0.825360309310961
1.595465,-0.825473704197424
1.59547,-0.825587120748071
1.595475,-0.825700558967925
1.59548,-0.825814018862017
1.595485,-0.825927500435357
1.59549,-0.826041003692972
1.595495,-0.826154528639895
1.5955,-0.826268075281148
1.595505,-0.82638164362177
1.59551,-0.826495233666776
1.595515,-0.8266088454212
1.59552,-0.826722478890082
1.595525,-0.826836134078456
1.59553,-0.826949810991358
1.595535,-0.827063509633814
1.59554,-0.827177230010869
1.595545,-0.827290972127562
1.59555,-0.827404735988935
1.595555,-0.827518521600029
1.59556,-0.827632328965886
1.595565,-0.827746158091546
1.59557,-0.827860008982054
1.595575,-0.827973881642465
1.59558,-0.828087776077823
1.595585,-0.828201692293187
1.59559,-0.828315630293588
1.595595,-0.828429590084089
1.5956,-0.828543571669743
1.595605,-0.828657575055603
1.59561,-0.828771600246738
1.595615,-0.828885647248182
1.59562,-0.828999716065006
1.595625,-0.82911380670227
1.59563,-0.82922791916503
1.595635,-0.829342053458362
1.59564,-0.829456209587308
1.595645,-0.829570387556947
1.59565,-0.829684587372345
1.595655,-0.829798809038562
1.59566,-0.829913052560684
1.595665,-0.830027317943761
1.59567,-0.83014160519287
1.595675,-0.830255914313084
1.59568,-0.830370245309486
1.595685,-0.830484598187145
1.59569,-0.830598972951133
1.595695,-0.830713369606529
1.5957,-0.83082778815842
1.595705,-0.830942228611879
1.59571,-0.831056690971988
1.595715,-0.83117117524384
1.59572,-0.831285681432509
1.595725,-0.831400209543077
1.59573,-0.831514759580639
1.595735,-0.831629331550287
1.59574,-0.831743925457107
1.595745,-0.831858541306184
1.59575,-0.831973179102616
1.595755,-0.832087838851487
1.59576,-0.832202520557905
1.595765,-0.832317224226967
1.59577,-0.832431949863756
1.595775,-0.83254669747338
1.59578,-0.832661467060936
1.595785,-0.832776258631528
1.59579,-0.832891072190266
1.595795,-0.833005907742234
1.5958,-0.833120765292552
1.595805,-0.833235644846324
1.59581,-0.833350546408657
1.595815,-0.833465469984665
1.59582,-0.833580415579447
1.595825,-0.83369538319812
1.59583,-0.833810372845804
1.595835,-0.833925384527602
1.59584,-0.834040418248638
1.595845,-0.834155474014033
1.59585,-0.834270551828891
1.595855,-0.834385651698339
1.59586,-0.834500773627498
1.595865,-0.834615917621492
1.59587,-0.83473108368545
1.595875,-0.834846271824479
1.59588,-0.834961482043719
1.595885,-0.835076714348291
1.59589,-0.835191968743331
1.595895,-0.835307245233971
1.5959,-0.835422543825326
1.595905,-0.835537864522543
1.59591,-0.835653207330749
1.595915,-0.835768572255085
1.59592,-0.835883959300687
1.595925,-0.83599936847269
1.59593,-0.836114799776233
1.595935,-0.836230253216458
1.59594,-0.8363457287985
1.595945,-0.83646122652752
1.59595,-0.836576746408647
1.595955,-0.836692288447029
1.59596,-0.836807852647815
1.595965,-0.836923439016152
1.59597,-0.837039047557193
1.595975,-0.837154678276094
1.59598,-0.837270331177996
1.595985,-0.837386006268054
1.59599,-0.837501703551429
1.595995,-0.837617423033273
1.596,-0.837733164718753
1.596005,-0.837848928613016
1.59601,-0.837964714721221
1.596015,-0.838080523048541
1.59602,-0.838196353600131
1.596025,-0.838312206381165
1.59603,-0.838428081396796
1.596035,-0.838543978652194
1.59604,-0.838659898152526
1.596045,-0.838775839902969
1.59605,-0.8388918039087
1.596055,-0.839007790174867
1.59606,-0.839123798706663
1.596065,-0.839239829509254
1.59607,-0.839355882587818
1.596075,-0.839471957947533
1.59608,-0.839588055593588
1.596085,-0.839704175531147
1.59609,-0.839820317765401
1.596095,-0.839936482301523
1.5961,-0.840052669144709
1.596105,-0.840168878300146
1.59611,-0.840285109773001
1.596115,-0.840401363568479
1.59612,-0.840517639691768
1.596125,-0.840633938148052
1.59613,-0.840750258942537
1.596135,-0.840866602080399
1.59614,-0.840982967566844
1.596145,-0.841099355407058
1.59615,-0.841215765606242
1.596155,-0.841332198169608
1.59616,-0.841448653102342
1.596165,-0.841565130409646
1.59617,-0.841681630096723
1.596175,-0.841798152168784
1.59618,-0.841914696631033
1.596185,-0.842031263488666
1.59619,-0.842147852746897
1.596195,-0.842264464410938
1.5962,-0.842381098485995
1.596205,-0.842497754977287
1.59621,-0.842614433890029
1.596215,-0.842731135229421
1.59622,-0.842847859000689
1.596225,-0.842964605209047
1.59623,-0.843081373859719
1.596235,-0.843198164957928
1.59624,-0.843314978508884
1.596245,-0.843431814517811
1.59625,-0.843548672989938
1.596255,-0.843665553930488
1.59626,-0.843782457344697
1.596265,-0.843899383237776
1.59627,-0.844016331614961
1.596275,-0.844133302481488
1.59628,-0.844250295842579
1.596285,-0.84436731170349
1.59629,-0.844484350069424
1.596295,-0.844601410945638
1.5963,-0.844718494337356
1.596305,-0.844835600249832
1.59631,-0.8449527286883
1.596315,-0.845069879657996
1.59632,-0.845187053164162
1.596325,-0.845304249212045
1.59633,-0.845421467806898
1.596335,-0.845538708953954
1.59634,-0.845655972658481
1.596345,-0.845773258925705
1.59635,-0.845890567760886
1.596355,-0.84600789916928
1.59636,-0.846125253156138
1.596365,-0.846242629726718
1.59637,-0.846360028886267
1.596375,-0.846477450640048
1.59638,-0.846594894993318
1.596385,-0.846712361951341
1.59639,-0.846829851519381
1.596395,-0.846947363702693
1.5964,-0.847064898506538
1.596405,-0.847182455936193
1.59641,-0.847300035996914
1.596415,-0.847417638693984
1.59642,-0.847535264032652
1.596425,-0.847652912018207
1.59643,-0.847770582655911
1.596435,-0.847888275951035
1.59644,-0.848005991908873
1.596445,-0.848123730534674
1.59645,-0.848241491833736
1.596455,-0.848359275811325
1.59646,-0.848477082472732
1.596465,-0.84859491182323
1.59647,-0.848712763868115
1.596475,-0.848830638612653
1.59648,-0.84894853606214
1.596485,-0.849066456221863
1.59649,-0.84918439909711
1.596495,-0.849302364693177
1.5965,-0.849420353015336
1.596505,-0.849538364068898
1.59651,-0.849656397859145
1.596515,-0.849774454391378
1.59652,-0.849892533670905
1.596525,-0.850010635702997
1.59653,-0.850128760492975
1.596535,-0.850246908046123
1.59654,-0.850365078367761
1.596545,-0.850483271463187
1.59655,-0.850601487337696
1.596555,-0.850719725996596
1.59656,-0.850837987445203
1.596565,-0.850956271688817
1.59657,-0.851074578732762
1.596575,-0.85119290858233
1.59658,-0.851311261242843
1.596585,-0.851429636719615
1.59659,-0.851548035017961
1.596595,-0.851666456143204
1.5966,-0.851784900100656
1.596605,-0.851903366895632
1.59661,-0.85202185653346
1.596615,-0.852140369019454
1.59662,-0.852258904358949
1.596625,-0.852377462557273
1.59663,-0.85249604361973
1.596635,-0.852614647551666
1.59664,-0.852733274358406
1.596645,-0.852851924045275
1.59665,-0.852970596617619
1.596655,-0.853089292080755
1.59666,-0.853208010440021
1.596665,-0.853326751700761
1.59667,-0.853445515868304
1.596675,-0.853564302948
1.59668,-0.853683112945174
1.596685,-0.853801945865167
1.59669,-0.853920801713335
1.596695,-0.854039680495014
1.5967,-0.854158582215561
1.596705,-0.854277506880298
1.59671,-0.85439645449459
1.596715,-0.854515425063786
1.59672,-0.854634418593233
1.596725,-0.854753435088281
1.59673,-0.854872474554301
1.596735,-0.854991536996623
1.59674,-0.855110622420616
1.596745,-0.855229730831637
1.59675,-0.855348862235045
1.596755,-0.855468016636203
1.59676,-0.855587194040464
1.596765,-0.855706394453197
1.59677,-0.855825617879766
1.596775,-0.855944864325534
1.59678,-0.856064133795884
1.596785,-0.856183426296159
1.59679,-0.856302741831744
1.596795,-0.856422080408001
1.5968,-0.856541442030315
1.596805,-0.856660826704066
1.59681,-0.856780234434609
1.596815,-0.856899665227322
1.59682,-0.857019119087596
1.596825,-0.857138596020809
1.59683,-0.85725809603233
1.596835,-0.857377619127563
1.59684,-0.857497165311873
1.596845,-0.857616734590646
1.59685,-0.857736326969274
1.596855,-0.857855942453143
1.59686,-0.857975581047652
1.596865,-0.858095242758171
1.59687,-0.858214927590108
1.596875,-0.858334635548847
1.59688,-0.858454366639787
1.596885,-0.858574120868337
1.59689,-0.85869389823987
1.596895,-0.858813698759797
1.5969,-0.858933522433519
1.596905,-0.859053369266435
1.59691,-0.859173239263956
1.596915,-0.859293132431472
1.59692,-0.859413048774397
1.596925,-0.859532988298136
1.59693,-0.859652951008097
1.596935,-0.859772936909703
1.59694,-0.859892946008341
1.596945,-0.86001297830944
1.59695,-0.860133033818409
1.596955,-0.860253112540662
1.59696,-0.860373214481617
1.596965,-0.860493339646706
1.59697,-0.860613488041326
1.596975,-0.860733659670909
1.59698,-0.860853854540873
1.596985,-0.860974072656643
1.59699,-0.861094314023655
1.596995,-0.86121457864732
1.597,-0.86133486653307
1.597005,-0.861455177686332
1.59701,-0.861575512112545
1.597015,-0.861695869817141
1.59702,-0.861816250805544
1.597025,-0.861936655083188
1.59703,-0.862057082655519
1.597035,-0.862177533527969
1.59704,-0.862298007705984
1.597045,-0.862418505194989
1.59705,-0.862539026000442
1.597055,-0.862659570127768
1.59706,-0.862780137582426
1.597065,-0.862900728369868
1.59707,-0.863021342495518
1.597075,-0.863141979964844
1.59708,-0.863262640783285
1.597085,-0.863383324956298
1.59709,-0.863504032489335
1.597095,-0.863624763387853
1.5971,-0.8637455176573
1.597105,-0.863866295303135
1.59711,-0.863987096330819
1.597115,-0.864107920745814
1.59712,-0.864228768553583
1.597125,-0.864349639759575
1.59713,-0.864470534369265
1.597135,-0.864591452388114
1.59714,-0.864712393821592
1.597145,-0.864833358675176
1.59715,-0.86495434695431
1.597155,-0.865075358664481
1.59716,-0.865196393811162
1.597165,-0.865317452399822
1.59717,-0.865438534435948
1.597175,-0.865559639925001
1.59718,-0.865680768872464
1.597185,-0.865801921283817
1.59719,-0.865923097164538
1.597195,-0.866044296520122
1.5972,-0.866165519356035
1.597205,-0.866286765677766
1.59721,-0.866408035490804
1.597215,-0.86652932880064
1.59722,-0.866650645612757
1.597225,-0.866771985932657
1.59723,-0.866893349765812
1.597235,-0.867014737117727
1.59724,-0.867136147993894
1.597245,-0.867257582399816
1.59725,-0.867379040340987
1.597255,-0.867500521822899
1.59726,-0.867622026851056
1.597265,-0.86774355543096
1.59727,-0.867865107568114
1.597275,-0.867986683268032
1.59728,-0.8681082825362
1.597285,-0.868229905378138
1.59729,-0.868351551799353
1.597295,-0.868473221805353
1.5973,-0.868594915401658
1.597305,-0.868716632593766
1.59731,-0.8688383733872
1.597315,-0.868960137787478
1.59732,-0.869081925800104
1.597325,-0.869203737430619
1.59733,-0.869325572684524
1.597335,-0.869447431567341
1.59734,-0.869569314084601
1.597345,-0.869691220241826
1.59735,-0.869813150044536
1.597355,-0.869935103498275
1.59736,-0.870057080608546
1.597365,-0.870179081380893
1.59737,-0.870301105820843
1.597375,-0.870423153933931
1.59738,-0.870545225725702
1.597385,-0.870667321201669
1.59739,-0.870789440367383
1.597395,-0.870911583228373
1.5974,-0.87103374979019
1.597405,-0.87115594005837
1.59741,-0.871278154038456
1.597415,-0.871400391735983
1.59742,-0.871522653156505
1.597425,-0.871644938305569
1.59743,-0.871767247188729
1.597435,-0.87188957981152
1.59744,-0.872011936179494
1.597445,-0.872134316298214
1.59745,-0.872256720173224
1.597455,-0.872379147810096
1.59746,-0.872501599214368
1.597465,-0.872624074391598
1.59747,-0.872746573347354
1.597475,-0.872869096087196
1.59748,-0.87299164261668
1.597485,-0.873114212941387
1.59749,-0.873236807066856
1.597495,-0.873359424998668
1.5975,-0.873482066742389
1.597505,-0.87360473230359
1.59751,-0.873727421687849
1.597515,-0.873850134900719
1.59752,-0.873972871947782
1.597525,-0.874095632834618
1.59753,-0.874218417566796
1.597535,-0.874341226149909
1.59754,-0.874464058589518
1.597545,-0.874586914891203
1.59755,-0.874709795060566
1.597555,-0.874832699103168
1.59756,-0.874955627024613
1.597565,-0.875078578830472
1.59757,-0.875201554526338
1.597575,-0.875324554117803
1.59758,-0.875447577610456
1.597585,-0.875570625009886
1.59759,-0.875693696321698
1.597595,-0.875816791551469
1.5976,-0.875939910704804
1.597605,-0.876063053787302
1.59761,-0.876186220804564
1.597615,-0.876309411762193
1.59762,-0.876432626665773
1.597625,-0.876555865520924
1.59763,-0.876679128333249
1.597635,-0.876802415108344
1.59764,-0.876925725851841
1.597645,-0.877049060569318
1.59765,-0.877172419266403
1.597655,-0.877295801948703
1.59766,-0.877419208621836
1.597665,-0.877542639291422
1.59767,-0.877666093963061
1.597675,-0.877789572642379
1.59768,-0.877913075334995
1.597685,-0.878036602046532
1.59769,-0.878160152782614
1.597695,-0.878283727548853
1.5977,-0.878407326350877
1.597705,-0.87853094919432
1.59771,-0.878654596084807
1.597715,-0.878778267027967
1.59772,-0.878901962029434
1.597725,-0.879025681094829
1.59773,-0.879149424229793
1.597735,-0.879273191439958
1.59774,-0.87939698273096
1.597745,-0.879520798108447
1.59775,-0.879644637578047
1.597755,-0.879768501145398
1.59776,-0.879892388816147
1.597765,-0.880016300595941
1.59777,-0.880140236490427
1.597775,-0.880264196505241
1.59778,-0.880388180646032
1.597785,-0.880512188918454
1.59779,-0.88063622132816
1.597795,-0.880760277880805
1.5978,-0.880884358582027
1.597805,-0.881008463437494
1.59781,-0.881132592452851
1.597815,-0.881256745633768
1.59782,-0.88138092298591
1.597825,-0.881505124514914
1.59783,-0.881629350226458
1.597835,-0.881753600126202
1.59784,-0.881877874219812
1.597845,-0.882002172512953
1.59785,-0.882126495011305
1.597855,-0.882250841720518
1.59786,-0.882375212646273
1.597865,-0.882499607794236
1.59787,-0.882624027170092
1.597875,-0.882748470779512
1.59788,-0.882872938628163
1.597885,-0.882997430721732
1.59789,-0.883121947065895
1.597895,-0.883246487666337
1.5979,-0.883371052528743
1.597905,-0.883495641658782
1.59791,-0.883620255062152
1.597915,-0.883744892744531
1.59792,-0.88386955471162
1.597925,-0.883994240969107
1.59793,-0.884118951522668
1.597935,-0.884243686378004
1.59794,-0.884368445540808
1.597945,-0.88449322901678
1.59795,-0.884618036811619
1.597955,-0.884742868931011
1.59796,-0.884867725380662
1.597965,-0.884992606166274
1.59797,-0.885117511293551
1.597975,-0.885242440768191
1.59798,-0.885367394595913
1.597985,-0.88549237278241
1.59799,-0.885617375333394
1.597995,-0.885742402254573
1.598,-0.885867453551665
1.598005,-0.885992529230385
1.59801,-0.886117629296435
1.598015,-0.886242753755536
1.59802,-0.886367902613407
1.598025,-0.886493075875763
1.59803,-0.886618273548333
1.598035,-0.886743495636827
1.59804,-0.886868742146972
1.598045,-0.886994013084496
1.59805,-0.88711930845512
1.598055,-0.887244628264583
1.59806,-0.887369972518595
1.598065,-0.887495341222896
1.59807,-0.887620734383219
1.598075,-0.887746152005291
1.59808,-0.887871594094861
1.598085,-0.887997060657646
1.59809,-0.888122551699389
1.598095,-0.88824806722584
1.5981,-0.888373607242726
1.598105,-0.888499171755792
1.59811,-0.888624760770799
1.598115,-0.888750374293464
1.59812,-0.888876012329548
1.598125,-0.889001674884796
1.59813,-0.889127361964959
1.598135,-0.88925307357579
1.59814,-0.889378809723034
1.598145,-0.889504570412444
1.59815,-0.889630355649784
1.598155,-0.8897561654408
1.59816,-0.889881999791265
1.598165,-0.890007858706921
1.59817,-0.890133742193537
1.598175,-0.890259650256874
1.59818,-0.890385582902699
1.598185,-0.890511540136781
1.59819,-0.890637521964876
1.598195,-0.89076352839275
1.5982,-0.890889559426185
1.598205,-0.891015615070944
1.59821,-0.891141695332804
1.598215,-0.891267800217544
1.59822,-0.891393929730923
1.598225,-0.89152008387873
1.59823,-0.891646262666742
1.598235,-0.891772466100736
1.59824,-0.891898694186505
1.598245,-0.892024946929813
1.59825,-0.892151224336452
1.598255,-0.892277526412211
1.59826,-0.892403853162878
1.598265,-0.892530204594244
1.59827,-0.892656580712088
1.598275,-0.892782981522207
1.59828,-0.892909407030397
1.598285,-0.893035857242449
1.59829,-0.893162332164171
1.598295,-0.893288831801341
1.5983,-0.893415356159767
1.598305,-0.893541905245253
1.59831,-0.893668479063595
1.598315,-0.893795077620613
1.59832,-0.893921700922083
1.598325,-0.894048348973833
1.59833,-0.894175021781659
1.598335,-0.894301719351379
1.59834,-0.8944284416888
1.598345,-0.894555188799744
1.59835,-0.89468196069001
1.598355,-0.894808757365412
1.59836,-0.89493557883178
1.598365,-0.895062425094925
1.59837,-0.895189296160676
1.598375,-0.895316192034835
1.59838,-0.895443112723237
1.598385,-0.895570058231707
1.59839,-0.895697028566063
1.598395,-0.895824023732151
1.5984,-0.895951043735774
1.598405,-0.896078088582774
1.59841,-0.896205158278982
1.598415,-0.896332252830232
1.59842,-0.896459372242367
1.598425,-0.896586516521202
1.59843,-0.896713685672586
1.598435,-0.896840879702366
1.59844,-0.896968098616369
1.598445,-0.897095342420448
1.59845,-0.897222611120434
1.598455,-0.897349904722178
1.59846,-0.897477223231528
1.598465,-0.897604566654332
1.59847,-0.897731934996431
1.598475,-0.897859328263699
1.59848,-0.897986746461959
1.598485,-0.898114189597077
1.59849,-0.898241657674909
1.598495,-0.898369150701314
1.5985,-0.898496668682154
1.598505,-0.898624211623277
1.59851,-0.898751779530547
1.598515,-0.898879372409829
1.59852,-0.89900699026699
1.598525,-0.899134633107897
1.59853,-0.899262300938406
1.598535,-0.899389993764394
1.59854,-0.899517711591732
1.598545,-0.899645454426284
1.59855,-0.899773222273941
1.598555,-0.899901015140554
1.59856,-0.90002883303201
1.598565,-0.90015667595419
1.59857,-0.900284543912966
1.598575,-0.90041243691423
1.59858,-0.900540354963852
1.598585,-0.90066829806772
1.59859,-0.900796266231715
1.598595,-0.900924259461727
1.5986,-0.901052277763645
1.598605,-0.901180321143368
1.59861,-0.901308389606764
1.598615,-0.901436483159745
1.59862,-0.901564601808193
1.598625,-0.901692745558006
1.59863,-0.901820914415099
1.598635,-0.901949108385346
1.59864,-0.902077327474652
1.598645,-0.902205571688921
1.59865,-0.90233384103406
1.598655,-0.902462135515981
1.59866,-0.902590455140569
1.598665,-0.902718799913742
1.59867,-0.902847169841408
1.598675,-0.90297556492948
1.59868,-0.903103985183879
1.598685,-0.903232430610495
1.59869,-0.903360901215258
1.598695,-0.903489397004083
1.5987,-0.903617917982884
1.598705,-0.903746464157594
1.59871,-0.903875035534114
1.598715,-0.904003632118378
1.59872,-0.904132253916307
1.598725,-0.904260900933823
1.59873,-0.904389573176862
1.598735,-0.904518270651358
1.59874,-0.904646993363218
1.598745,-0.904775741318388
1.59875,-0.904904514522799
1.598755,-0.905033312982382
1.59876,-0.905162136703088
1.598765,-0.905290985690832
1.59877,-0.905419859951565
1.598775,-0.905548759491227
1.59878,-0.905677684315756
1.598785,-0.905806634431113
1.59879,-0.905935609843216
1.598795,-0.906064610558024
1.5988,-0.906193636581487
1.598805,-0.906322687919548
1.59881,-0.906451764578177
1.598815,-0.906580866563302
1.59882,-0.906709993880889
1.598825,-0.906839146536891
1.59883,-0.906968324537262
1.598835,-0.907097527887971
1.59884,-0.907226756594968
1.598845,-0.907356010664219
1.59885,-0.907485290101685
1.598855,-0.907614594913331
1.59886,-0.907743925105121
1.598865,-0.907873280683035
1.59887,-0.908002661653026
1.598875,-0.90813206802107
1.59888,-0.908261499793143
1.598885,-0.908390956975212
1.59889,-0.908520439573265
1.598895,-0.908649947593265
1.5989,-0.908779481041195
1.598905,-0.908909039923031
1.59891,-0.909038624244757
1.598915,-0.909168234012371
1.59892,-0.909297869231832
1.598925,-0.909427529909137
1.59893,-0.909557216050273
1.598935,-0.909686927661229
1.59894,-0.909816664748002
1.598945,-0.909946427316568
1.59895,-0.910076215372932
1.598955,-0.910206028923087
1.59896,-0.910335867973029
1.598965,-0.910465732528754
1.59897,-0.910595622596271
1.598975,-0.910725538181569
1.59898,-0.910855479290652
1.598985,-0.910985445929529
1.59899,-0.911115438104199
1.598995,-0.911245455820681
1.599,-0.911375499084974
1.599005,-0.911505567903084
1.59901,-0.91163566228103
1.599015,-0.911765782224821
1.59902,-0.911895927740489
1.599025,-0.912026098834024
1.59903,-0.912156295511454
1.599035,-0.912286517778801
1.59904,-0.912416765642081
1.599045,-0.912547039107333
1.59905,-0.912677338180556
1.599055,-0.912807662867787
1.59906,-0.912938013175049
1.599065,-0.913068389108378
1.59907,-0.913198790673807
1.599075,-0.913329217877348
1.59908,-0.913459670725052
1.599085,-0.913590149222945
1.59909,-0.913720653377066
1.599095,-0.913851183193445
1.5991,-0.913981738678147
1.599105,-0.914112319837177
1.59911,-0.914242926676602
1.599115,-0.914373559202449
1.59912,-0.914504217420779
1.599125,-0.914634901337635
1.59913,-0.914765610959055
1.599135,-0.914896346291091
1.59914,-0.915027107339805
1.599145,-0.915157894111239
1.59915,-0.915288706611463
1.599155,-0.91541954484651
1.59916,-0.915550408822454
1.599165,-0.915681298545343
1.59917,-0.915812214021249
1.599175,-0.915943155256234
1.59918,-0.916074122256347
1.599185,-0.916205115027662
1.59919,-0.916336133576249
1.599195,-0.91646717790817
1.5992,-0.916598248029505
1.599205,-0.916729343946313
1.59921,-0.916860465664671
1.599215,-0.916991613190652
1.59922,-0.917122786530333
1.599225,-0.917253985689795
1.59923,-0.917385210675119
1.599235,-0.917516461492377
1.59924,-0.91764773814765
1.599245,-0.917779040647027
1.59925,-0.917910368996594
1.599255,-0.918041723202443
1.59926,-0.918173103270647
1.599265,-0.918304509207303
1.59927,-0.918435941018503
1.599275,-0.918567398710337
1.59928,-0.918698882288915
1.599285,-0.91883039176031
1.59929,-0.918961927130626
1.599295,-0.919093488405967
1.5993,-0.919225075592429
1.599305,-0.919356688696127
1.59931,-0.919488327723143
1.599315,-0.919619992679595
1.59932,-0.919751683571591
1.599325,-0.919883400405228
1.59933,-0.920015143186642
1.599335,-0.920146911921911
1.59934,-0.920278706617161
1.599345,-0.920410527278512
1.59935,-0.920542373912073
1.599355,-0.920674246523966
1.59936,-0.920806145120317
1.599365,-0.92093806970723
1.59937,-0.921070020290834
1.599375,-0.921201996877254
1.59938,-0.921333999472616
1.599385,-0.921466028083056
1.59939,-0.921598082714676
1.599395,-0.921730163373629
1.5994,-0.921862270066032
1.599405,-0.921994402798029
1.59941,-0.922126561575763
1.599415,-0.922258746405345
1.59942,-0.922390957292924
1.599425,-0.922523194244642
1.59943,-0.922655457266635
1.599435,-0.922787746365061
1.59944,-0.922920061546044
1.599445,-0.923052402815732
1.59945,-0.923184770180276
1.599455,-0.923317163645825
1.59946,-0.923449583218537
1.599465,-0.923582028904548
1.59947,-0.923714500710019
1.599475,-0.923846998641106
1.59948,-0.923979522703956
1.599485,-0.924112072904739
1.59949,-0.924244649249617
1.599495,-0.924377251744732
1.5995,-0.924509880396261
1.599505,-0.924642535210365
1.59951,-0.924775216193205
1.599515,-0.924907923350965
1.59952,-0.925040656689794
1.599525,-0.925173416215865
1.59953,-0.925306201935353
1.599535,-0.925439013854434
1.59954,-0.925571851979291
1.599545,-0.925704716316082
1.59955,-0.925837606870991
1.599555,-0.9259705236502
1.59956,-0.926103466659893
1.599565,-0.926236435906258
1.59957,-0.926369431395464
1.599575,-0.926502453133704
1.59958,-0.926635501127161
1.599585,-0.926768575382032
1.59959,-0.926901675904514
1.599595,-0.927034802700778
1.5996,-0.927167955777029
1.599605,-0.927301135139459
1.59961,-0.927434340794274
1.599615,-0.927567572747662
1.59962,-0.927700831005838
1.599625,-0.927834115574979
1.59963,-0.927967426461308
1.599635,-0.928100763671018
1.59964,-0.92823412721032
1.599645,-0.928367517085435
1.59965,-0.928500933302548
1.599655,-0.928634375867879
1.59966,-0.928767844787647
1.599665,-0.928901340068058
1.59967,-0.929034861715338
1.599675,-0.92916840973569
1.59968,-0.929301984135342
1.599685,-0.92943558492051
1.59969,-0.929569212097415
1.599695,-0.929702865672294
1.5997,-0.929836545651355
1.599705,-0.929970252040829
1.59971,-0.930103984846948
1.599715,-0.93023774407594
1.59972,-0.930371529734029
1.599725,-0.93050534182747
1.59973,-0.930639180362471
1.599735,-0.930773045345279
1.59974,-0.930906936782129
1.599745,-0.931040854679265
1.59975,-0.931174799042939
1.599755,-0.931308769879367
1.59976,-0.931442767194809
1.599765,-0.9315767909955
1.59977,-0.931710841287695
1.599775,-0.931844918077656
1.59978,-0.931979021371606
1.599785,-0.932113151175809
1.59979,-0.932247307496523
1.599795,-0.932381490339996
1.5998,-0.932515699712495
1.599805,-0.93264993562026
1.59981,-0.932784198069561
1.599815,-0.93291848706666
1.59982,-0.933052802617821
1.599825,-0.933187144729312
1.59983,-0.933321513407385
1.599835,-0.933455908658317
1.59984,-0.933590330488368
1.599845,-0.93372477890383
1.59985,-0.933859253910947
1.599855,-0.933993755516023
1.59986,-0.934128283725312
1.599865,-0.934262838545092
1.59987,-0.934397419981648
1.599875,-0.934532028041258
1.59988,-0.934666662730214
1.599885,-0.934801324054779
1.59989,-0.934936012021245
1.599895,-0.935070726635909
1.5999,-0.935205467905048
1.599905,-0.935340235834965
1.59991,-0.935475030431935
1.599915,-0.935609851702253
1.59992,-0.935744699652222
1.599925,-0.935879574288137
1.59993,-0.936014475616296
1.599935,-0.936149403642988
1.59994,-0.936284358374524
1.599945,-0.936419339817198
1.59995,-0.93655434797732
1.599955,-0.936689382861204
1.59996,-0.936824444475137
1.599965,-0.936959532825443
1.59997,-0.93709464791842
1.599975,-0.937229789760394
1.59998,-0.937364958357673
1.599985,-0.937500153716575
1.59999,-0.937635375843406
1.599995,-0.937770624744492
1.6,-0.937905900426152
