"Freq [GHz]","dB(S(1,1)) []"
1.55,-5.61465499479119
1.550005,-5.61730509038682
1.55001,-5.61995709452745
1.550015,-5.62261100895904
1.55002,-5.62526683542855
1.550025,-5.62792457568506
1.55003,-5.63058423147909
1.550035,-5.63324580456252
1.55004,-5.63590929668932
1.550045,-5.63857470961453
1.55005,-5.64124204509528
1.550055,-5.64391130489016
1.55006,-5.64658249075908
1.550065,-5.64925560446402
1.55007,-5.6519306477684
1.550075,-5.65460762243699
1.55008,-5.6572865302367
1.550085,-5.65996737293547
1.55009,-5.66265015230336
1.550095,-5.66533487011187
1.5501,-5.66802152813386
1.550105,-5.67071012814432
1.55011,-5.67340067191934
1.550115,-5.67609316123697
1.55012,-5.67878759787682
1.550125,-5.68148398361999
1.55013,-5.68418232024933
1.550135,-5.68688260954932
1.55014,-5.68958485330594
1.550145,-5.69228905330698
1.55015,-5.69499521134158
1.550155,-5.69770332920072
1.55016,-5.70041340867713
1.550165,-5.70312545156473
1.55017,-5.70583945965951
1.550175,-5.70855543475878
1.55018,-5.71127337866165
1.550185,-5.71399329316889
1.55019,-5.71671518008264
1.550195,-5.71943904120689
1.5502,-5.72216487834739
1.550205,-5.72489269331109
1.55021,-5.72762248790704
1.550215,-5.73035426394544
1.55022,-5.73308802323858
1.550225,-5.73582376760023
1.55023,-5.73856149884554
1.550235,-5.7413012187917
1.55024,-5.7440429292571
1.550245,-5.74678663206215
1.55025,-5.74953232902881
1.550255,-5.75228002198039
1.55026,-5.75502971274215
1.550265,-5.75778140314098
1.55027,-5.76053509500508
1.550275,-5.76329079016469
1.55028,-5.76604849045136
1.550285,-5.76880819769853
1.55029,-5.77156991374121
1.550295,-5.77433364041584
1.5503,-5.77709937956084
1.550305,-5.77986713301589
1.55031,-5.78263690262263
1.550315,-5.78540869022424
1.55032,-5.78818249766542
1.550325,-5.79095832679265
1.55033,-5.79373617945411
1.550335,-5.79651605749931
1.55034,-5.7992979627798
1.550345,-5.80208189714838
1.55035,-5.80486786245978
1.550355,-5.80765586057037
1.55036,-5.81044589333788
1.550365,-5.81323796262205
1.55037,-5.81603207028389
1.550375,-5.81882821818633
1.55038,-5.82162640819398
1.550385,-5.82442664217275
1.55039,-5.82722892199051
1.550395,-5.83003324951678
1.5504,-5.83283962662241
1.550405,-5.83564805518031
1.55041,-5.83845853706462
1.550415,-5.84127107415143
1.55042,-5.84408566831847
1.550425,-5.84690232144484
1.55043,-5.84972103541164
1.550435,-5.85254181210125
1.55044,-5.85536465339799
1.550445,-5.85818956118781
1.55045,-5.86101653735801
1.550455,-5.86384558379786
1.55046,-5.86667670239824
1.550465,-5.86950989505141
1.55047,-5.87234516365165
1.550475,-5.87518251009451
1.55048,-5.87802193627747
1.550485,-5.88086344409965
1.55049,-5.88370703546158
1.550495,-5.88655271226569
1.5505,-5.88940047641581
1.550505,-5.89225032981766
1.55051,-5.8951022743786
1.550515,-5.89795631200734
1.55052,-5.90081244461455
1.550525,-5.90367067411254
1.55053,-5.90653100241497
1.550535,-5.9093934314376
1.55054,-5.91225796309727
1.550545,-5.91512459931295
1.55055,-5.91799334200518
1.550555,-5.92086419309586
1.55056,-5.92373715450894
1.550565,-5.92661222816966
1.55057,-5.92948941600507
1.550575,-5.93236871994402
1.55058,-5.93525014191662
1.550585,-5.93813368385499
1.55059,-5.94101934769285
1.550595,-5.94390713536534
1.5506,-5.94679704880948
1.550605,-5.94968908996373
1.55061,-5.9525832607684
1.550615,-5.9554795631655
1.55062,-5.95837799909829
1.550625,-5.96127857051217
1.55063,-5.96418127935377
1.550635,-5.9670861275717
1.55064,-5.96999311711609
1.550645,-5.97290224993855
1.55065,-5.97581352799258
1.550655,-5.9787269532334
1.55066,-5.98164252761741
1.550665,-5.98456025310322
1.55067,-5.98748013165063
1.550675,-5.99040216522143
1.55068,-5.99332635577893
1.550685,-5.99625270528789
1.55069,-5.99918121571508
1.550695,-6.00211188902871
1.5507,-6.00504472719851
1.550705,-6.00797973219628
1.55071,-6.01091690599486
1.550715,-6.01385625056923
1.55072,-6.016797767896
1.550725,-6.01974145995297
1.55073,-6.02268732872015
1.550735,-6.02563537617876
1.55074,-6.02858560431188
1.550745,-6.03153801510431
1.55075,-6.03449261054223
1.550755,-6.03744939261362
1.55076,-6.04040836330829
1.550765,-6.04336952461719
1.55077,-6.04633287853348
1.550775,-6.04929842705153
1.55078,-6.05226617216754
1.550785,-6.05523611587947
1.55079,-6.05820826018665
1.550795,-6.06118260709026
1.5508,-6.06415915859297
1.550805,-6.06713791669914
1.55081,-6.07011888341502
1.550815,-6.07310206074796
1.55082,-6.07608745070746
1.550825,-6.07907505530448
1.55083,-6.08206487655142
1.550835,-6.08505691646276
1.55084,-6.08805117705406
1.550845,-6.09104766034299
1.55085,-6.0940463683487
1.550855,-6.09704730309183
1.55086,-6.10005046659489
1.550865,-6.10305586088181
1.55087,-6.10606348797824
1.550875,-6.1090733499117
1.55088,-6.11208544871081
1.550885,-6.11509978640633
1.55089,-6.11811636503048
1.550895,-6.12113518661696
1.5509,-6.12415625320134
1.550905,-6.1271795668206
1.55091,-6.13020512951352
1.550915,-6.1332329433205
1.55092,-6.13626301028341
1.550925,-6.13929533244595
1.55093,-6.14232991185325
1.550935,-6.14536675055216
1.55094,-6.14840585059141
1.550945,-6.15144721402075
1.55095,-6.15449084289214
1.550955,-6.15753673925899
1.55096,-6.16058490517601
1.550965,-6.16363534270014
1.55097,-6.16668805388927
1.550975,-6.16974304080345
1.55098,-6.17280030550422
1.550985,-6.17585985005439
1.55099,-6.17892167651897
1.550995,-6.18198578696403
1.551,-6.18505218345756
1.551005,-6.18812086806933
1.55101,-6.19119184287025
1.551015,-6.19426510993314
1.55102,-6.19734067133263
1.551025,-6.20041852914446
1.55103,-6.20349868544642
1.551035,-6.20658114231762
1.55104,-6.20966590183899
1.551045,-6.21275296609301
1.55105,-6.21584233716365
1.551055,-6.21893401713675
1.55106,-6.22202800809931
1.551065,-6.22512431214043
1.55107,-6.22822293135066
1.551075,-6.23132386782187
1.55108,-6.23442712364783
1.551085,-6.23753270092403
1.55109,-6.2406406017471
1.551095,-6.24375082821572
1.5511,-6.24686338242986
1.551105,-6.24997826649127
1.55111,-6.25309548250336
1.551115,-6.25621503257076
1.55112,-6.25933691880025
1.551125,-6.26246114329965
1.55113,-6.26558770817872
1.551135,-6.26871661554885
1.55114,-6.27184786752261
1.551145,-6.27498146621466
1.55115,-6.27811741374106
1.551155,-6.28125571221922
1.55116,-6.28439636376856
1.551165,-6.28753937050959
1.55117,-6.29068473456488
1.551175,-6.29383245805843
1.55118,-6.29698254311558
1.551185,-6.30013499186361
1.55119,-6.30328980643101
1.551195,-6.3064469889481
1.5512,-6.30960654154693
1.551205,-6.31276846636063
1.55121,-6.31593276552429
1.551215,-6.31909944117459
1.55122,-6.32226849544943
1.551225,-6.32543993048871
1.55123,-6.32861374843348
1.551235,-6.33178995142662
1.55124,-6.33496854161275
1.551245,-6.33814952113753
1.55125,-6.3413328921487
1.551255,-6.34451865679512
1.55126,-6.34770681722754
1.551265,-6.35089737559824
1.55127,-6.35409033406076
1.551275,-6.35728569477051
1.55128,-6.36048345988445
1.551285,-6.36368363156076
1.55129,-6.36688621195962
1.551295,-6.3700912032423
1.5513,-6.37329860757198
1.551305,-6.37650842711334
1.55131,-6.37972066403229
1.551315,-6.38293532049675
1.55132,-6.3861523986757
1.551325,-6.38937190073999
1.55133,-6.392593828862
1.551335,-6.39581818521546
1.55134,-6.39904497197571
1.551345,-6.40227419131977
1.55135,-6.40550584542586
1.551355,-6.40873993647414
1.55136,-6.41197646664585
1.551365,-6.41521543812411
1.55137,-6.41845685309354
1.551375,-6.42170071373995
1.55138,-6.42494702225113
1.551385,-6.42819578081593
1.55139,-6.43144699162503
1.551395,-6.43470065687067
1.5514,-6.43795677874622
1.551405,-6.4412153594469
1.55141,-6.44447640116947
1.551415,-6.44773990611183
1.55142,-6.45100587647384
1.551425,-6.45427431445641
1.55143,-6.45754522226233
1.551435,-6.46081860209575
1.55144,-6.46409445616213
1.551445,-6.46737278666868
1.55145,-6.47065359582415
1.551455,-6.47393688583839
1.55146,-6.47722265892322
1.551465,-6.48051091729148
1.55147,-6.48380166315788
1.551475,-6.48709489873848
1.55148,-6.49039062625059
1.551485,-6.49368884791344
1.55149,-6.49698956594725
1.551495,-6.50029278257406
1.5515,-6.50359850001743
1.551505,-6.50690672050191
1.55151,-6.51021744625397
1.551515,-6.51353067950153
1.55152,-6.5168464224736
1.551525,-6.52016467740117
1.55153,-6.52348544651606
1.551535,-6.52680873205205
1.55154,-6.53013453624433
1.551545,-6.53346286132917
1.55155,-6.5367937095448
1.551555,-6.54012708313029
1.55156,-6.54346298432664
1.551565,-6.54680141537623
1.55157,-6.5501423785226
1.551575,-6.5534858760109
1.55158,-6.55683191008786
1.551585,-6.56018048300131
1.55159,-6.56353159700078
1.551595,-6.56688525433695
1.5516,-6.57024145726217
1.551605,-6.57360020803033
1.55161,-6.57696150889614
1.551615,-6.58032536211641
1.55162,-6.58369176994887
1.551625,-6.58706073465283
1.55163,-6.59043225848919
1.551635,-6.59380634371988
1.55164,-6.59718299260842
1.551645,-6.6005622074199
1.55165,-6.60394399042045
1.551655,-6.60732834387785
1.55166,-6.61071527006101
1.551665,-6.61410477124056
1.55167,-6.61749684968833
1.551675,-6.62089150767735
1.55168,-6.62428874748251
1.551685,-6.6276885713794
1.55169,-6.63109098164551
1.551695,-6.63449598055972
1.5517,-6.63790357040171
1.551705,-6.64131375345312
1.55171,-6.64472653199671
1.551715,-6.64814190831642
1.55172,-6.65155988469798
1.551725,-6.65498046342786
1.55173,-6.65840364679443
1.551735,-6.66182943708719
1.55174,-6.66525783659682
1.551745,-6.66868884761559
1.55175,-6.67212247243686
1.551755,-6.67555871335546
1.55176,-6.67899757266766
1.551765,-6.68243905267075
1.55177,-6.68588315566347
1.551775,-6.68932988394615
1.55178,-6.6927792398198
1.551785,-6.69623122558747
1.55179,-6.69968584355277
1.551795,-6.70314309602123
1.5518,-6.70660298529944
1.551805,-6.71006551369513
1.55181,-6.71353068351758
1.551815,-6.7169984970771
1.55182,-6.72046895668542
1.551825,-6.72394206465576
1.55183,-6.72741782330201
1.551835,-6.73089623493997
1.55184,-6.73437730188648
1.551845,-6.73786102645929
1.55185,-6.74134741097809
1.551855,-6.74483645776307
1.55186,-6.74832816913629
1.551865,-6.75182254742081
1.55187,-6.75531959494082
1.551875,-6.75881931402196
1.55188,-6.7623217069909
1.551885,-6.76582677617568
1.55189,-6.7693345239056
1.551895,-6.77284495251098
1.5519,-6.77635806432354
1.551905,-6.77987386167624
1.55191,-6.78339234690301
1.551915,-6.78691352233928
1.55192,-6.79043739032141
1.551925,-6.79396395318714
1.55193,-6.79749321327543
1.551935,-6.80102517292621
1.55194,-6.8045598344809
1.551945,-6.80809720028163
1.55195,-6.81163727267225
1.551955,-6.81518005399759
1.55196,-6.81872554660326
1.551965,-6.82227375283663
1.55197,-6.82582467504601
1.551975,-6.82937831558048
1.55198,-6.83293467679098
1.551985,-6.83649376102889
1.55199,-6.8400555706471
1.551995,-6.84362010799984
1.552,-6.84718737544188
1.552005,-6.85075737532971
1.55201,-6.85433011002034
1.552015,-6.85790558187249
1.55202,-6.86148379324578
1.552025,-6.86506474650063
1.55203,-6.86864844399887
1.552035,-6.87223488810363
1.55204,-6.87582408117853
1.552045,-6.87941602558889
1.55205,-6.8830107237005
1.552055,-6.88660817788082
1.55206,-6.89020839049818
1.552065,-6.89381136392165
1.55207,-6.89741710052184
1.552075,-6.90102560267005
1.55208,-6.90463687273884
1.552085,-6.90825091310191
1.55209,-6.91186772613357
1.552095,-6.91548731420957
1.5521,-6.91910967970661
1.552105,-6.92273482500226
1.55211,-6.92636275247538
1.552115,-6.92999346450542
1.55212,-6.93362696347323
1.552125,-6.93726325176064
1.55213,-6.94090233175005
1.552135,-6.94454420582553
1.55214,-6.94818887637146
1.552145,-6.95183634577361
1.55215,-6.95548661641879
1.552155,-6.95913969069431
1.55216,-6.96279557098888
1.552165,-6.96645425969218
1.55217,-6.97011575919441
1.552175,-6.97378007188719
1.55218,-6.97744720016277
1.552185,-6.9811171464145
1.55219,-6.98478991303675
1.552195,-6.98846550242439
1.5522,-6.99214391697363
1.552205,-6.99582515908158
1.55221,-6.99950923114585
1.552215,-7.00319613556547
1.55222,-7.00688587473988
1.552225,-7.01057845106972
1.55223,-7.01427386695658
1.552235,-7.01797212480251
1.55224,-7.02167322701094
1.552245,-7.02537717598563
1.55225,-7.02908397413162
1.552255,-7.03279362385477
1.55226,-7.03650612756138
1.552265,-7.04022148765902
1.55227,-7.04393970655604
1.552275,-7.04766078666126
1.55228,-7.05138473038482
1.552285,-7.05511154013712
1.55229,-7.05884121832981
1.552295,-7.06257376737529
1.5523,-7.06630918968638
1.552305,-7.07004748767719
1.55231,-7.07378866376209
1.552315,-7.0775327203566
1.55232,-7.08127965987704
1.552325,-7.08502948474003
1.55233,-7.08878219736338
1.552335,-7.09253780016562
1.55234,-7.09629629556562
1.552345,-7.10005768598351
1.55235,-7.10382197383968
1.552355,-7.1075891615554
1.55236,-7.11135925155288
1.552365,-7.11513224625456
1.55237,-7.11890814808407
1.552375,-7.12268695946523
1.55238,-7.12646868282289
1.552385,-7.13025332058263
1.55239,-7.1340408751703
1.552395,-7.13783134901264
1.5524,-7.1416247445372
1.552405,-7.14542106417174
1.55241,-7.14922031034515
1.552415,-7.15302248548644
1.55242,-7.15682759202568
1.552425,-7.16063563239335
1.55243,-7.16444660902034
1.552435,-7.16826052433858
1.55244,-7.17207738078007
1.552445,-7.17589718077778
1.55245,-7.17971992676529
1.552455,-7.18354562117618
1.55246,-7.18737426644516
1.552465,-7.19120586500741
1.55247,-7.19504041929833
1.552475,-7.19887793175416
1.55248,-7.20271840481134
1.552485,-7.20656184090714
1.55249,-7.21040824247936
1.552495,-7.21425761196593
1.5525,-7.21810995180561
1.552505,-7.2219652644373
1.55251,-7.22582355230078
1.552515,-7.22968481783609
1.55252,-7.23354906348348
1.552525,-7.23741629168403
1.55253,-7.2412865048793
1.552535,-7.24515970551065
1.55254,-7.24903589602063
1.552545,-7.25291507885164
1.55255,-7.25679725644668
1.552555,-7.26068243124935
1.55256,-7.26457060570313
1.552565,-7.26846178225253
1.55257,-7.27235596334163
1.552575,-7.27625315141549
1.55258,-7.28015334891952
1.552585,-7.28405655829883
1.55259,-7.28796278199958
1.552595,-7.29187202246792
1.5526,-7.29578428215012
1.552605,-7.29969956349331
1.55261,-7.30361786894415
1.552615,-7.30753920095017
1.55262,-7.31146356195919
1.552625,-7.31539095441866
1.55263,-7.31932138077711
1.552635,-7.32325484348248
1.55264,-7.32719134498355
1.552645,-7.33113088772933
1.55265,-7.33507347416841
1.552655,-7.33901910675028
1.55266,-7.34296778792434
1.552665,-7.34691952013999
1.55267,-7.35087430584716
1.552675,-7.3548321474955
1.55268,-7.35879304753528
1.552685,-7.36275700841669
1.55269,-7.36672403258989
1.552695,-7.37069412250546
1.5527,-7.37466728061379
1.552705,-7.3786435093655
1.55271,-7.3826228112116
1.552715,-7.38660518860243
1.55272,-7.39059064398915
1.552725,-7.39457917982265
1.55273,-7.39857079855374
1.552735,-7.40256550263353
1.55274,-7.40656329451287
1.552745,-7.41056417664279
1.55275,-7.41456815147454
1.552755,-7.4185752214587
1.55276,-7.42258538904667
1.552765,-7.42659865668894
1.55277,-7.43061502683667
1.552775,-7.4346345019407
1.55278,-7.43865708445162
1.552785,-7.44268277682018
1.55279,-7.44671158149703
1.552795,-7.4507435009325
1.5528,-7.45477853757708
1.552805,-7.45881669388086
1.55281,-7.46285797229393
1.552815,-7.4669023752665
1.55282,-7.47094990524799
1.552825,-7.47500056468821
1.55283,-7.47905435603642
1.552835,-7.48311128174191
1.55284,-7.48717134425374
1.552845,-7.49123454602053
1.55285,-7.49530088949081
1.552855,-7.49937037711317
1.55286,-7.50344301133526
1.552865,-7.50751879460505
1.55287,-7.51159772936983
1.552875,-7.51567981807686
1.55288,-7.51976506317307
1.552885,-7.52385346710481
1.55289,-7.5279450323185
1.552895,-7.53203976125961
1.5529,-7.5361376563739
1.552905,-7.54023872010655
1.55291,-7.54434295490187
1.552915,-7.54845036320448
1.55292,-7.55256094745833
1.552925,-7.55667471010659
1.55293,-7.56079165359248
1.552935,-7.56491178035841
1.55294,-7.56903509284655
1.552945,-7.57316159349856
1.55295,-7.57729128475541
1.552955,-7.58142416905776
1.55296,-7.58556024884582
1.552965,-7.58969952655884
1.55297,-7.59384200463602
1.552975,-7.5979876855156
1.55298,-7.6021365716355
1.552985,-7.6062886654331
1.55299,-7.61044396934465
1.552995,-7.6146024858066
1.553,-7.61876421725394
1.553005,-7.62292916612152
1.55301,-7.62709733484355
1.553015,-7.63126872585301
1.55302,-7.63544334158286
1.553025,-7.63962118446514
1.55303,-7.64380225693077
1.553035,-7.64798656141054
1.55304,-7.65217410033388
1.553045,-7.65636487612983
1.55305,-7.66055889122685
1.553055,-7.66475614805196
1.55306,-7.66895664903201
1.553065,-7.67316039659242
1.55307,-7.67736739315822
1.553075,-7.68157764115357
1.55308,-7.68579114300123
1.553085,-7.69000790112376
1.55309,-7.69422791794254
1.553095,-7.6984511958777
1.5531,-7.70267773734898
1.553105,-7.7069075447746
1.55311,-7.71114062057224
1.553115,-7.71537696715859
1.55312,-7.71961658694889
1.553125,-7.72385948235796
1.55313,-7.72810565579894
1.553135,-7.73235510968443
1.55314,-7.73660784642585
1.553145,-7.74086386843329
1.55315,-7.74512317811599
1.553155,-7.74938577788212
1.55316,-7.75365167013828
1.553165,-7.75792085729048
1.55317,-7.76219334174301
1.553175,-7.76646912589936
1.55318,-7.77074821216186
1.553185,-7.77503060293113
1.55319,-7.77931630060718
1.553195,-7.78360530758813
1.5532,-7.78789762627129
1.553205,-7.79219325905266
1.55321,-7.79649220832649
1.553215,-7.80079447648615
1.55322,-7.80510006592364
1.553225,-7.80940897902917
1.55323,-7.81372121819215
1.553235,-7.81803678579998
1.55324,-7.82235568423918
1.553245,-7.82667791589459
1.55325,-7.83100348314937
1.553255,-7.83533238838574
1.55326,-7.83966463398379
1.553265,-7.84400022232259
1.55327,-7.84833915577964
1.553275,-7.85268143673045
1.55328,-7.85702706754941
1.553285,-7.86137605060933
1.55329,-7.86572838828092
1.553295,-7.87008408293391
1.5533,-7.87444313693583
1.553305,-7.87880555265276
1.55331,-7.88317133244932
1.553315,-7.8875404786879
1.55332,-7.89191299372979
1.553325,-7.89628887993388
1.55333,-7.90066813965777
1.553335,-7.90505077525736
1.55334,-7.90943678908603
1.553345,-7.91382618349603
1.55335,-7.9182189608377
1.553355,-7.92261512345902
1.55336,-7.92701467370672
1.553365,-7.93141761392508
1.55337,-7.93582394645663
1.553375,-7.94023367364226
1.55338,-7.94464679782029
1.553385,-7.94906332132767
1.55339,-7.9534832464988
1.553395,-7.95790657566627
1.5534,-7.96233331116086
1.553405,-7.96676345531069
1.55341,-7.97119701044236
1.553415,-7.9756339788801
1.55342,-7.98007436294574
1.553425,-7.98451816495951
1.55343,-7.98896538723891
1.553435,-7.99341603209942
1.55344,-7.99787010185458
1.553445,-8.00232759881508
1.55345,-8.00678852529004
1.553455,-8.01125288358543
1.55346,-8.01572067600561
1.553465,-8.02019190485256
1.55347,-8.02466657242519
1.553475,-8.02914468102076
1.55348,-8.03362623293399
1.553485,-8.03811123045678
1.55349,-8.04259967587897
1.553495,-8.0470915714875
1.5535,-8.0515869195673
1.553505,-8.05608572240049
1.55351,-8.06058798226642
1.553515,-8.0650937014425
1.55352,-8.06960288220262
1.553525,-8.07411552681888
1.55353,-8.07863163756037
1.553535,-8.08315121669329
1.55354,-8.08767426648159
1.553545,-8.09220078918625
1.55355,-8.09673078706528
1.553555,-8.10126426237454
1.55356,-8.10580121736618
1.553565,-8.11034165429037
1.55357,-8.11488557539407
1.553575,-8.11943298292113
1.55358,-8.12398387911312
1.553585,-8.12853826620783
1.55359,-8.13309614644085
1.553595,-8.13765752204451
1.5536,-8.14222239524794
1.553605,-8.14679076827742
1.55361,-8.15136264335646
1.553615,-8.15593802270471
1.55362,-8.16051690853956
1.553625,-8.16509930307462
1.55363,-8.16968520852061
1.553635,-8.17427462708533
1.55364,-8.17886756097257
1.553645,-8.18346401238385
1.55365,-8.18806398351643
1.553655,-8.19266747656507
1.55366,-8.1972744937209
1.553665,-8.20188503717149
1.55367,-8.20649910910122
1.553675,-8.21111671169136
1.55368,-8.21573784711893
1.553685,-8.22036251755846
1.55369,-8.22499072518007
1.553695,-8.22962247215084
1.5537,-8.23425776063457
1.553705,-8.23889659279061
1.55371,-8.24353897077555
1.553715,-8.24818489674199
1.55372,-8.25283437283869
1.553725,-8.25748740121105
1.55373,-8.2621439840004
1.553735,-8.26680412334456
1.55374,-8.27146782137755
1.553745,-8.27613508022933
1.55375,-8.28080590202633
1.553755,-8.28548028889077
1.55376,-8.29015824294123
1.553765,-8.29483976629229
1.55377,-8.29952486105437
1.553775,-8.30421352933412
1.55378,-8.30890577323411
1.553785,-8.31360159485267
1.55379,-8.31830099628429
1.553795,-8.32300397961905
1.5538,-8.32771054694309
1.553805,-8.33242070033839
1.55381,-8.33713444188243
1.553815,-8.34185177364886
1.55382,-8.34657269770638
1.553825,-8.3512972161201
1.55383,-8.35602533095056
1.553835,-8.36075704425347
1.55384,-8.36549235808056
1.553845,-8.37023127447934
1.55385,-8.37497379549211
1.553855,-8.3797199231573
1.55386,-8.38446965950839
1.553865,-8.3892230065745
1.55387,-8.39397996638025
1.553875,-8.39874054094499
1.55388,-8.40350473228435
1.553885,-8.40827254240827
1.55389,-8.41304397332256
1.553895,-8.41781902702815
1.5539,-8.42259770552088
1.553905,-8.42738001079199
1.55391,-8.43216594482795
1.553915,-8.43695550960964
1.55392,-8.44174870711397
1.553925,-8.4465455393119
1.55393,-8.45134600816996
1.553935,-8.45615011564957
1.55394,-8.46095786370651
1.553945,-8.46576925429231
1.55395,-8.4705842893524
1.553955,-8.47540297082761
1.55396,-8.48022530065348
1.553965,-8.48505128075979
1.55397,-8.4898809130714
1.553975,-8.49471419950808
1.55398,-8.49955114198342
1.553985,-8.50439174240634
1.55399,-8.50923600267963
1.553995,-8.51408392470104
1.554,-8.5189355103628
1.554005,-8.52379076155095
1.55401,-8.52864968014683
1.554015,-8.5335122680252
1.55402,-8.53837852705569
1.554025,-8.54324845910222
1.55403,-8.54812206602236
1.554035,-8.55299934966844
1.55404,-8.55788031188687
1.554045,-8.5627649545177
1.55405,-8.56765327939569
1.554055,-8.57254528834886
1.55406,-8.57744098319998
1.554065,-8.58234036576552
1.55407,-8.5872434378554
1.554075,-8.5921502012741
1.55408,-8.5970606578192
1.554085,-8.60197480928262
1.55409,-8.60689265744999
1.554095,-8.61181420410011
1.5541,-8.61673945100599
1.554105,-8.62166839993418
1.55411,-8.62660105264437
1.554115,-8.63153741089038
1.55412,-8.63647747641888
1.554125,-8.64142125097048
1.55413,-8.64636873627921
1.554135,-8.6513199340719
1.55414,-8.65627484606941
1.554145,-8.66123347398517
1.55415,-8.66619581952636
1.554155,-8.67116188439334
1.55416,-8.67613167027907
1.554165,-8.68110517887016
1.55417,-8.68608241184625
1.554175,-8.69106337087944
1.55418,-8.69604805763561
1.554185,-8.70103647377258
1.55419,-8.70602862094182
1.554195,-8.71102450078753
1.5542,-8.71602411494621
1.554205,-8.72102746504773
1.55421,-8.72603455271398
1.554215,-8.73104537956001
1.55422,-8.73605994719347
1.554225,-8.74107825721401
1.55423,-8.74610031121442
1.554235,-8.75112611077966
1.55424,-8.75615565748685
1.554245,-8.76118895290606
1.55425,-8.76622599859898
1.554255,-8.7712667961201
1.55426,-8.7763113470161
1.554265,-8.78135965282541
1.55427,-8.786411715079
1.554275,-8.79146753529947
1.55428,-8.79652711500189
1.554285,-8.80159045569329
1.55429,-8.8066575588721
1.554295,-8.81172842602921
1.5543,-8.81680305864711
1.554305,-8.82188145819976
1.55431,-8.82696362615347
1.554315,-8.83204956396552
1.55432,-8.8371392730854
1.554325,-8.84223275495395
1.55433,-8.8473300110032
1.554335,-8.85243104265732
1.55434,-8.85753585133124
1.554345,-8.8626444384315
1.55435,-8.86775680535627
1.554355,-8.8728729534943
1.55436,-8.8779928842262
1.554365,-8.88311659892342
1.55437,-8.88824409894829
1.554375,-8.89337538565478
1.55438,-8.89851046038723
1.554385,-8.90364932448117
1.55439,-8.9087919792633
1.554395,-8.9139384260506
1.5544,-8.91908866615127
1.554405,-8.92424270086377
1.55441,-8.92940053147768
1.554415,-8.93456215927329
1.55442,-8.93972758552059
1.554425,-8.94489681148092
1.55443,-8.95006983840604
1.554435,-8.95524666753726
1.55444,-8.96042730010725
1.554445,-8.9656117373382
1.55445,-8.97079998044278
1.554455,-8.97599203062418
1.55446,-8.98118788907478
1.554465,-8.98638755697782
1.55447,-8.99159103550652
1.554475,-8.99679832582318
1.55448,-9.00200942908102
1.554485,-9.00722434642227
1.55449,-9.0124430789792
1.554495,-9.01766562787416
1.5545,-9.02289199421817
1.554505,-9.02812217911285
1.55451,-9.03335618364858
1.554515,-9.03859400890544
1.55452,-9.04383565595331
1.554525,-9.04908112585042
1.55453,-9.05433041964522
1.554535,-9.05958353837496
1.55454,-9.06484048306588
1.554545,-9.07010125473361
1.55455,-9.07536585438249
1.554555,-9.08063428300594
1.55456,-9.08590654158657
1.554565,-9.09118263109523
1.55457,-9.09646255249205
1.554575,-9.10174630672543
1.55458,-9.1070338947326
1.554585,-9.11232531743975
1.55459,-9.11762057576063
1.554595,-9.12291967059835
1.5546,-9.12822260284401
1.554605,-9.13352937337686
1.55461,-9.13883998306486
1.554615,-9.14415443276336
1.55462,-9.14947272331667
1.554625,-9.15479485555681
1.55463,-9.16012083030353
1.554635,-9.16545064836488
1.55464,-9.1707843105364
1.554645,-9.17612181760157
1.55465,-9.18146317033193
1.554655,-9.18680836948583
1.55466,-9.19215741580976
1.554665,-9.19751031003796
1.55467,-9.20286705289119
1.554675,-9.20822764507866
1.55468,-9.21359208729586
1.554685,-9.21896038022606
1.55469,-9.22433252453995
1.554695,-9.22970852089434
1.5547,-9.23508836993421
1.554705,-9.2404720722904
1.55471,-9.24585962858121
1.554715,-9.25125103941198
1.55472,-9.25664630537395
1.554725,-9.26204542704554
1.55473,-9.26744840499204
1.554735,-9.27285523976437
1.55474,-9.27826593190065
1.554745,-9.28368048192488
1.55475,-9.28909889034758
1.554755,-9.29452115766552
1.55476,-9.29994728436126
1.554765,-9.30537727090394
1.55477,-9.31081111774785
1.554775,-9.31624882533409
1.55478,-9.32169039408928
1.554785,-9.32713582442518
1.55479,-9.33258511674012
1.554795,-9.3380382714177
1.5548,-9.34349528882659
1.554805,-9.34895616932153
1.55481,-9.35442091324215
1.554815,-9.35988952091366
1.55482,-9.36536199264654
1.554825,-9.37083832873573
1.55483,-9.37631852946226
1.554835,-9.38180259509108
1.55484,-9.38729052587267
1.554845,-9.39278232204232
1.55485,-9.39827798381936
1.554855,-9.40377751140861
1.55486,-9.4092809049992
1.554865,-9.41478816476418
1.55487,-9.42029929086183
1.554875,-9.42581428343382
1.55488,-9.43133314260693
1.554885,-9.4368558684918
1.55489,-9.44238246118262
1.554895,-9.44791292075836
1.5549,-9.45344724728104
1.554905,-9.45898544079706
1.55491,-9.46452750133674
1.554915,-9.47007342891321
1.55492,-9.47562322352381
1.554925,-9.48117688514932
1.55493,-9.48673441375335
1.554935,-9.49229580928353
1.55494,-9.49786107166986
1.554945,-9.50343020082627
1.55495,-9.50900319664947
1.554955,-9.51458005901857
1.55496,-9.52016078779636
1.554965,-9.52574538282754
1.55497,-9.53133384394011
1.554975,-9.53692617094462
1.55498,-9.54252236363352
1.554985,-9.54812242178225
1.55499,-9.55372634514857
1.554995,-9.55933413347181
1.555,-9.56494578647424
1.555005,-9.57056130385928
1.55501,-9.57618068531313
1.555015,-9.58180393050359
1.55502,-9.58743103907967
1.555025,-9.59306201067283
1.55503,-9.59869684489531
1.555035,-9.60433554134141
1.55504,-9.60997809958678
1.555045,-9.61562451918776
1.55505,-9.62127479968246
1.555055,-9.62692894059009
1.55506,-9.6325869414102
1.555065,-9.63824880162409
1.55507,-9.64391452069298
1.555075,-9.64958409805945
1.55508,-9.65525753314663
1.555085,-9.66093482535765
1.55509,-9.66661597407655
1.555095,-9.67230097866715
1.5551,-9.67798983847399
1.555105,-9.68368255282168
1.55511,-9.68937912101424
1.555115,-9.69507954233617
1.55512,-9.70078381605179
1.555125,-9.70649194140448
1.55513,-9.71220391761804
1.555135,-9.71791974389491
1.55514,-9.72363941941756
1.555145,-9.72936294334771
1.55515,-9.73509031482577
1.555155,-9.7408215329717
1.55516,-9.74655659688395
1.555165,-9.75229550564031
1.55517,-9.75803825829733
1.555175,-9.7637848538896
1.55518,-9.76953529143088
1.555185,-9.77528956991332
1.55519,-9.78104768830693
1.555195,-9.78680964556042
1.5552,-9.79257544060012
1.555205,-9.79834507233088
1.55521,-9.80411853963539
1.555215,-9.80989584137366
1.55522,-9.81567697638366
1.555225,-9.82146194348126
1.55523,-9.827250741459
1.555235,-9.83304336908763
1.55524,-9.8388398251144
1.555245,-9.84464010826398
1.55525,-9.85044421723833
1.555255,-9.85625215071561
1.55526,-9.86206390735156
1.555265,-9.86787948577787
1.55527,-9.87369888460307
1.555275,-9.87952210241245
1.55528,-9.88534913776689
1.555285,-9.89117998920416
1.55529,-9.89701465523786
1.555295,-9.90285313435718
1.5553,-9.90869542502795
1.555305,-9.91454152569096
1.55531,-9.92039143476294
1.555315,-9.92624515063643
1.55532,-9.9321026716787
1.555325,-9.93796399623282
1.55533,-9.94382912261647
1.555335,-9.94969804912295
1.55534,-9.95557077402016
1.555345,-9.96144729555046
1.55535,-9.96732761193135
1.555355,-9.97321172135502
1.55536,-9.97909962198706
1.555365,-9.98499131196853
1.55537,-9.99088678941379
1.555375,-9.99678605241158
1.55538,-10.0026890990249
1.555385,-10.0085959272896
1.55539,-10.0145065352161
1.555395,-10.0204209207879
1.5554,-10.0263390819619
1.555405,-10.0322610166686
1.55541,-10.0381867228111
1.555415,-10.044116198266
1.55542,-10.0500494408828
1.555425,-10.0559864484832
1.55543,-10.0619272188623
1.555435,-10.067871749787
1.55544,-10.073820038997
1.555445,-10.0797720842044
1.55545,-10.0857278830925
1.555455,-10.091687433318
1.55546,-10.0976507325078
1.555465,-10.1036177782619
1.55547,-10.1095885681514
1.555475,-10.1155630997183
1.55548,-10.1215413704767
1.555485,-10.1275233779117
1.55549,-10.1335091194789
1.555495,-10.1394985926055
1.5555,-10.1454917946888
1.555505,-10.1514887230972
1.55551,-10.1574893751698
1.555515,-10.1634937482151
1.55552,-10.1695018395129
1.555525,-10.1755136463121
1.55553,-10.1815291658323
1.555535,-10.1875483952627
1.55554,-10.1935713317618
1.555545,-10.1995979724577
1.55555,-10.2056283144486
1.555555,-10.2116623548007
1.55556,-10.2177000905502
1.555565,-10.2237415187018
1.55557,-10.2297866362291
1.555575,-10.2358354400748
1.55558,-10.241887927149
1.555585,-10.2479440943314
1.55559,-10.254003938469
1.555595,-10.2600674563772
1.5556,-10.2661346448396
1.555605,-10.2722055006069
1.55561,-10.278280020398
1.555615,-10.2843582008992
1.55562,-10.2904400387636
1.555625,-10.2965255306123
1.55563,-10.3026146730325
1.555635,-10.308707462579
1.55564,-10.3148038957732
1.555645,-10.3209039691025
1.55565,-10.3270076790217
1.555655,-10.3331150219507
1.55566,-10.3392259942763
1.555665,-10.3453405923513
1.55567,-10.3514588124936
1.555675,-10.3575806509874
1.55568,-10.3637061040824
1.555685,-10.3698351679928
1.55569,-10.3759678388991
1.555695,-10.3821041129459
1.5557,-10.3882439862432
1.555705,-10.3943874548656
1.55571,-10.4005345148517
1.555715,-10.4066851622056
1.55572,-10.4128393928943
1.555725,-10.4189972028497
1.55573,-10.4251585879677
1.555735,-10.4313235441072
1.55574,-10.4374920670912
1.555745,-10.4436641527062
1.55575,-10.4498397967014
1.555755,-10.4560189947898
1.55576,-10.4622017426464
1.555765,-10.4683880359098
1.55577,-10.4745778701809
1.555775,-10.4807712410227
1.55578,-10.4869681439611
1.555785,-10.4931685744831
1.55579,-10.4993725280385
1.555795,-10.5055800000388
1.5558,-10.5117909858563
1.555805,-10.5180054808255
1.55581,-10.524223480242
1.555815,-10.5304449793619
1.55582,-10.5366699734029
1.555825,-10.5428984575428
1.55583,-10.5491304269205
1.555835,-10.5553658766351
1.55584,-10.5616048017455
1.555845,-10.5678471972713
1.55585,-10.574093058191
1.555855,-10.5803423794439
1.55586,-10.5865951559282
1.555865,-10.5928513825012
1.55587,-10.5991110539798
1.555875,-10.6053741651398
1.55588,-10.6116407107152
1.555885,-10.6179106853996
1.55589,-10.624184083844
1.555895,-10.6304609006584
1.5559,-10.6367411304106
1.555905,-10.6430247676261
1.55591,-10.6493118067886
1.555915,-10.6556022423386
1.55592,-10.6618960686745
1.555925,-10.6681932801519
1.55593,-10.6744938710828
1.555935,-10.6807978357365
1.55594,-10.6871051683388
1.555945,-10.6934158630717
1.55595,-10.6997299140737
1.555955,-10.706047315439
1.55596,-10.712368061218
1.555965,-10.7186921454167
1.55597,-10.7250195619962
1.555975,-10.7313503048733
1.55598,-10.7376843679201
1.555985,-10.7440217449627
1.55599,-10.750362429783
1.555995,-10.7567064161164
1.556,-10.7630536976533
1.556005,-10.7694042680384
1.55601,-10.7757581208694
1.556015,-10.782115249699
1.55602,-10.7884756480322
1.556025,-10.7948393093281
1.55603,-10.8012062269993
1.556035,-10.8075763944102
1.55604,-10.8139498048789
1.556045,-10.8203264516762
1.55605,-10.8267063280244
1.556055,-10.8330894270987
1.55606,-10.8394757420258
1.556065,-10.8458652658846
1.55607,-10.8522579917056
1.556075,-10.85865391247
1.55608,-10.8650530211111
1.556085,-10.8714553105123
1.55609,-10.8778607735084
1.556095,-10.8842694028848
1.5561,-10.8906811913765
1.556105,-10.8970961316693
1.55611,-10.9035142163991
1.556115,-10.9099354381509
1.55612,-10.9163597894601
1.556125,-10.9227872628103
1.55613,-10.9292178506353
1.556135,-10.9356515453174
1.55614,-10.9420883391872
1.556145,-10.9485282245247
1.55615,-10.9549711935573
1.556155,-10.9614172384612
1.55616,-10.9678663513601
1.556165,-10.9743185243251
1.55617,-10.9807737493753
1.556175,-10.9872320184771
1.55618,-10.9936933235432
1.556185,-11.0001576564338
1.55619,-11.0066250089552
1.556195,-11.0130953728605
1.5562,-11.0195687398492
1.556205,-11.0260451015657
1.55621,-11.0325244496013
1.556215,-11.0390067754919
1.55622,-11.0454920707195
1.556225,-11.0519803267109
1.55623,-11.0584715348373
1.556235,-11.0649656864152
1.55624,-11.0714627727057
1.556245,-11.077962784913
1.55625,-11.0844657141865
1.556255,-11.0909715516186
1.55626,-11.0974802882457
1.556265,-11.1039919150474
1.55627,-11.1105064229464
1.556275,-11.1170238028082
1.55628,-11.1235440454409
1.556285,-11.1300671415954
1.55629,-11.1365930819648
1.556295,-11.1431218571834
1.5563,-11.1496534578284
1.556305,-11.1561878744179
1.55631,-11.1627250974111
1.556315,-11.1692651172093
1.55632,-11.1758079241531
1.556325,-11.1823535085252
1.55633,-11.1889018605483
1.556335,-11.1954529703844
1.55634,-11.202006828137
1.556345,-11.2085634238477
1.55635,-11.2151227474987
1.556355,-11.2216847890115
1.55636,-11.2282495382456
1.556365,-11.2348169850004
1.55637,-11.2413871190134
1.556375,-11.2479599299601
1.55638,-11.2545354074552
1.556385,-11.2611135410497
1.55639,-11.2676943202337
1.556395,-11.2742777344339
1.5564,-11.2808637730142
1.556405,-11.2874524252758
1.55641,-11.2940436804561
1.556415,-11.3006375277294
1.55642,-11.3072339562064
1.556425,-11.3138329549328
1.55643,-11.3204345128912
1.556435,-11.3270386189992
1.55644,-11.3336452621095
1.556445,-11.3402544310102
1.55645,-11.346866114424
1.556455,-11.353480301008
1.55646,-11.3600969793545
1.556465,-11.3667161379884
1.55647,-11.3733377653699
1.556475,-11.3799618498916
1.55648,-11.3865883798805
1.556485,-11.3932173435962
1.55649,-11.399848729231
1.556495,-11.40648252491
1.5565,-11.4131187186913
1.556505,-11.4197572985641
1.55651,-11.4263982524503
1.556515,-11.4330415682029
1.55652,-11.4396872336067
1.556525,-11.446335236378
1.55653,-11.4529855641631
1.556535,-11.4596382045399
1.55654,-11.4662931450161
1.556545,-11.4729503730297
1.55655,-11.4796098759496
1.556555,-11.4862716410728
1.55656,-11.4929356556267
1.556565,-11.4996019067684
1.55657,-11.5062703815828
1.556575,-11.5129410670843
1.55658,-11.5196139502155
1.556585,-11.5262890178473
1.55659,-11.5329662567787
1.556595,-11.5396456537362
1.5566,-11.5463271953741
1.556605,-11.5530108682732
1.55661,-11.5596966589423
1.556615,-11.5663845538166
1.55662,-11.573074539257
1.556625,-11.5797666015518
1.55663,-11.5864607269148
1.556635,-11.593156901485
1.55664,-11.5998551113282
1.556645,-11.6065553424338
1.55665,-11.6132575807175
1.556655,-11.6199618120193
1.55666,-11.6266680221035
1.556665,-11.6333761966588
1.55667,-11.6400863212981
1.556675,-11.6467983815574
1.55668,-11.6535123628972
1.556685,-11.6602282507
1.55669,-11.6669460302723
1.556695,-11.673665686843
1.5567,-11.6803872055632
1.556705,-11.6871105715068
1.55671,-11.6938357696689
1.556715,-11.7005627849669
1.55672,-11.7072916022397
1.556725,-11.7140222062471
1.55673,-11.72075458167
1.556735,-11.7274887131104
1.55674,-11.7342245850898
1.556745,-11.740962182051
1.55675,-11.7477014883558
1.556755,-11.7544424882866
1.55676,-11.7611851660448
1.556765,-11.7679295057508
1.55677,-11.7746754914444
1.556775,-11.7814231070836
1.55678,-11.7881723365452
1.556785,-11.7949231636245
1.55679,-11.8016755720339
1.556795,-11.8084295454042
1.5568,-11.8151850672835
1.556805,-11.8219421211367
1.55681,-11.8287006903463
1.556815,-11.8354607582105
1.55682,-11.842222307945
1.556825,-11.8489853226813
1.55683,-11.8557497854664
1.556835,-11.8625156792637
1.55684,-11.8692829869513
1.556845,-11.876051691323
1.55685,-11.8828217750876
1.556855,-11.889593220868
1.55686,-11.896366011202
1.556865,-11.9031401285417
1.55687,-11.9099155552524
1.556875,-11.9166922736141
1.55688,-11.9234702658192
1.556885,-11.930249513974
1.55689,-11.9370300000978
1.556895,-11.9438117061218
1.5569,-11.9505946138907
1.556905,-11.9573787051602
1.55691,-11.9641639615989
1.556915,-11.970950364787
1.55692,-11.9777378962154
1.556925,-11.9845265372871
1.55693,-11.9913162693158
1.556935,-11.9981070735253
1.55694,-12.004898931051
1.556945,-12.0116918229373
1.55695,-12.0184857301395
1.556955,-12.0252806335224
1.55696,-12.0320765138598
1.556965,-12.0388733518357
1.55697,-12.045671128042
1.556975,-12.0524698229802
1.55698,-12.0592694170605
1.556985,-12.0660698906
1.55699,-12.0728712238253
1.556995,-12.0796733968705
1.557,-12.0864763897766
1.557005,-12.0932801824928
1.55701,-12.1000847548746
1.557015,-12.1068900866849
1.55702,-12.1136961575932
1.557025,-12.1205029471751
1.55703,-12.1273104349125
1.557035,-12.1341186001929
1.55704,-12.14092742231
1.557045,-12.1477368804629
1.55705,-12.1545469537554
1.557055,-12.1613576211967
1.55706,-12.168168861701
1.557065,-12.174980654086
1.55707,-12.181792977075
1.557075,-12.1886058092941
1.55708,-12.1954191292743
1.557085,-12.20223291545
1.55709,-12.2090471461581
1.557095,-12.2158617996399
1.5571,-12.2226768540385
1.557105,-12.2294922874006
1.55711,-12.2363080776752
1.557115,-12.2431242027129
1.55712,-12.2499406402672
1.557125,-12.2567573679932
1.55713,-12.2635743634472
1.557135,-12.2703916040874
1.55714,-12.2772090672727
1.557145,-12.2840267302633
1.55715,-12.2908445702206
1.557155,-12.2976625642051
1.55716,-12.3044806891792
1.557165,-12.3112989220043
1.55717,-12.3181172394425
1.557175,-12.3249356181551
1.55718,-12.3317540347027
1.557185,-12.338572465546
1.55719,-12.3453908870441
1.557195,-12.3522092754548
1.5572,-12.3590276069356
1.557205,-12.365845857541
1.55721,-12.3726640032249
1.557215,-12.3794820198392
1.55722,-12.3862998831328
1.557225,-12.3931175687535
1.55723,-12.3999350522454
1.557235,-12.4067523090507
1.55724,-12.4135693145086
1.557245,-12.4203860438547
1.55725,-12.4272024722219
1.557255,-12.4340185746395
1.55726,-12.4408343260329
1.557265,-12.447649701224
1.55727,-12.4544646749302
1.557275,-12.4612792217652
1.55728,-12.4680933162384
1.557285,-12.4749069327541
1.55729,-12.4817200456123
1.557295,-12.4885326290078
1.5573,-12.4953446570306
1.557305,-12.5021561036656
1.55731,-12.5089669427915
1.557315,-12.5157771481823
1.55732,-12.5225866935062
1.557325,-12.5293955523245
1.55733,-12.536203698094
1.557335,-12.5430111041636
1.55734,-12.549817743777
1.557345,-12.5566235900712
1.55735,-12.5634286160759
1.557355,-12.5702327947147
1.55736,-12.5770360988035
1.557365,-12.5838385010515
1.55737,-12.5906399740609
1.557375,-12.5974404903254
1.55738,-12.6042400222324
1.557385,-12.6110385420609
1.55739,-12.6178360219819
1.557395,-12.6246324340589
1.5574,-12.6314277502468
1.557405,-12.6382219423925
1.55741,-12.6450149822351
1.557415,-12.6518068414037
1.55742,-12.6585974914204
1.557425,-12.6653869036977
1.55743,-12.6721750495389
1.557435,-12.6789619001396
1.55744,-12.6857474265846
1.557445,-12.692531599851
1.55745,-12.6993143908059
1.557455,-12.7060957702066
1.55746,-12.712875708702
1.557465,-12.71965417683
1.55747,-12.7264311450198
1.557475,-12.7332065835905
1.55748,-12.7399804627508
1.557485,-12.7467527526002
1.55749,-12.7535234231276
1.557495,-12.7602924442116
1.5575,-12.7670597856211
1.557505,-12.7738254170137
1.55751,-12.7805893079377
1.557515,-12.7873514278304
1.55752,-12.7941117460178
1.557525,-12.8008702317169
1.55753,-12.8076268540323
1.557535,-12.8143815819587
1.55754,-12.8211343843803
1.557545,-12.8278852300694
1.55755,-12.8346340876881
1.557555,-12.8413809257877
1.55756,-12.8481257128075
1.557565,-12.8548684170769
1.55757,-12.861609006813
1.557575,-12.8683474501226
1.55758,-12.8750837150014
1.557585,-12.8818177693328
1.55759,-12.8885495808903
1.557595,-12.895279117335
1.5576,-12.9020063462173
1.557605,-12.9087312349764
1.55761,-12.9154537509396
1.557615,-12.9221738613232
1.55762,-12.9288915332326
1.557625,-12.9356067336606
1.55763,-12.94231942949
1.557635,-12.9490295874913
1.55764,-12.9557371743241
1.557645,-12.9624421565368
1.55765,-12.9691445005659
1.557655,-12.975844172737
1.55766,-12.9825411392644
1.557665,-12.989235366251
1.55767,-12.9959268196889
1.557675,-13.0026154654582
1.55768,-13.0093012693284
1.557685,-13.0159841969579
1.55769,-13.0226642138937
1.557695,-13.0293412855723
1.5577,-13.0360153773184
1.557705,-13.0426864543465
1.55771,-13.0493544817603
1.557715,-13.0560194245517
1.55772,-13.0626812476032
1.557725,-13.0693399156856
1.55773,-13.0759953934597
1.557735,-13.0826476454759
1.55774,-13.0892966361734
1.557745,-13.0959423298819
1.55775,-13.1025846908208
1.557755,-13.1092236830987
1.55776,-13.1158592707151
1.557765,-13.1224914175586
1.55777,-13.1291200874087
1.557775,-13.1357452439352
1.55778,-13.1423668506978
1.557785,-13.1489848711476
1.55779,-13.1555992686252
1.557795,-13.1622100063632
1.5578,-13.1688170474847
1.557805,-13.1754203550034
1.55781,-13.1820198918249
1.557815,-13.1886156207464
1.55782,-13.1952075044558
1.557825,-13.2017955055335
1.55783,-13.2083795864512
1.557835,-13.2149597095731
1.55784,-13.2215358371558
1.557845,-13.2281079313475
1.55785,-13.23467595419
1.557855,-13.2412398676171
1.55786,-13.2477996334561
1.557865,-13.2543552134277
1.55787,-13.2609065691451
1.557875,-13.267453662116
1.55788,-13.2739964537419
1.557885,-13.2805349053178
1.55789,-13.2870689780335
1.557895,-13.2935986329729
1.5579,-13.300123831115
1.557905,-13.3066445333342
1.55791,-13.3131607003991
1.557915,-13.3196722929751
1.55792,-13.326179271622
1.557925,-13.3326815967968
1.55793,-13.3391792288526
1.557935,-13.3456721280384
1.55794,-13.352160254501
1.557945,-13.358643568284
1.55795,-13.3651220293279
1.557955,-13.3715955974721
1.55796,-13.378064232453
1.557965,-13.3845278939061
1.55797,-13.3909865413655
1.557975,-13.3974401342639
1.55798,-13.403888631934
1.557985,-13.4103319936073
1.55799,-13.4167701784161
1.557995,-13.4232031453932
1.558,-13.4296308534712
1.558005,-13.4360532614847
1.55801,-13.4424703281695
1.558015,-13.4488820121628
1.55802,-13.4552882720046
1.558025,-13.461689066137
1.55803,-13.4680843529055
1.558035,-13.4744740905589
1.55804,-13.4808582372492
1.558045,-13.4872367510334
1.55805,-13.4936095898724
1.558055,-13.4999767116328
1.55806,-13.5063380740861
1.558065,-13.5126936349096
1.55807,-13.5190433516873
1.558075,-13.5253871819102
1.55808,-13.5317250829756
1.558085,-13.5380570121893
1.55809,-13.5443829267647
1.558095,-13.550702783824
1.5581,-13.557016540399
1.558105,-13.5633241534299
1.55811,-13.5696255797684
1.558115,-13.5759207761753
1.55812,-13.5822096993235
1.558125,-13.5884923057975
1.55813,-13.5947685520929
1.558135,-13.6010383946188
1.55814,-13.6073017896977
1.558145,-13.6135586935645
1.55815,-13.6198090623698
1.558155,-13.626052852178
1.55816,-13.6322900189692
1.558165,-13.6385205186396
1.55817,-13.6447443070014
1.558175,-13.6509613397842
1.55818,-13.6571715726356
1.558185,-13.6633749611204
1.55819,-13.6695714607234
1.558195,-13.675761026848
1.5582,-13.6819436148181
1.558205,-13.6881191798784
1.55821,-13.6942876771944
1.558215,-13.7004490618542
1.55822,-13.7066032888678
1.558225,-13.7127503131689
1.55823,-13.7188900896154
1.558235,-13.7250225729888
1.55824,-13.7311477179967
1.558245,-13.7372654792726
1.55825,-13.7433758113759
1.558255,-13.7494786687942
1.55826,-13.7555740059421
1.558265,-13.7616617771639
1.55827,-13.7677419367327
1.558275,-13.7738144388519
1.55828,-13.779879237656
1.558285,-13.7859362872105
1.55829,-13.7919855415139
1.558295,-13.7980269544978
1.5583,-13.8040604800269
1.558305,-13.8100860719014
1.55831,-13.8161036838566
1.558315,-13.8221132695638
1.55832,-13.8281147826315
1.558325,-13.8341081766059
1.55833,-13.8400934049715
1.558335,-13.8460704211531
1.55834,-13.8520391785144
1.558345,-13.8579996303614
1.55835,-13.8639517299408
1.558355,-13.8698954304426
1.55836,-13.8758306850009
1.558365,-13.8817574466929
1.55837,-13.8876756685421
1.558375,-13.8935853035181
1.55838,-13.8994863045368
1.558385,-13.9053786244628
1.55839,-13.9112622161087
1.558395,-13.9171370322377
1.5584,-13.923003025563
1.558405,-13.9288601487495
1.55841,-13.9347083544146
1.558415,-13.9405475951287
1.55842,-13.946377823417
1.558425,-13.95219899176
1.55843,-13.9580110525937
1.558435,-13.9638139583122
1.55844,-13.9696076612672
1.558445,-13.9753921137693
1.55845,-13.9811672680901
1.558455,-13.9869330764611
1.55846,-13.9926894910767
1.558465,-13.9984364640946
1.55847,-14.0041739476355
1.558475,-14.0099018937865
1.55848,-14.0156202545998
1.558485,-14.0213289820956
1.55849,-14.027028028262
1.558495,-14.0327173450561
1.5585,-14.0383968844058
1.558505,-14.0440665982104
1.55851,-14.0497264383411
1.558515,-14.0553763566435
1.55852,-14.0610163049369
1.558525,-14.0666462350171
1.55853,-14.0722660986566
1.558535,-14.0778758476055
1.55854,-14.0834754335934
1.558545,-14.0890648083295
1.55855,-14.0946439235048
1.558555,-14.100212730793
1.55856,-14.1057711818506
1.558565,-14.1113192283194
1.55857,-14.1168568218272
1.558575,-14.1223839139883
1.55858,-14.127900456406
1.558585,-14.1334064006723
1.55859,-14.1389016983704
1.558595,-14.1443863010751
1.5586,-14.1498601603538
1.558605,-14.155323227769
1.55861,-14.1607754548778
1.558615,-14.1662167932344
1.55862,-14.171647194391
1.558625,-14.1770666098983
1.55863,-14.1824749913081
1.558635,-14.1878722901734
1.55864,-14.19325845805
1.558645,-14.1986334464984
1.55865,-14.2039972070836
1.558655,-14.2093496913781
1.55866,-14.2146908509621
1.558665,-14.2200206374246
1.55867,-14.2253390023661
1.558675,-14.2306458973977
1.55868,-14.2359412741449
1.558685,-14.2412250842471
1.55869,-14.2464972793592
1.558695,-14.2517578111537
1.5587,-14.2570066313216
1.558705,-14.2622436915731
1.55871,-14.2674689436403
1.558715,-14.272682339277
1.55872,-14.2778838302616
1.558725,-14.2830733683975
1.55873,-14.2882509055142
1.558735,-14.29341639347
1.55874,-14.2985697841516
1.558745,-14.3037110294772
1.55875,-14.308840081397
1.558755,-14.3139568918943
1.55876,-14.3190614129876
1.558765,-14.3241535967322
1.55877,-14.3292333952202
1.558775,-14.3343007605837
1.55878,-14.3393556449949
1.558785,-14.3443980006683
1.55879,-14.349427779862
1.558795,-14.3544449348786
1.5588,-14.3594494180675
1.558805,-14.3644411818254
1.55881,-14.3694201785989
1.558815,-14.3743863608851
1.55882,-14.379339681233
1.558825,-14.3842800922455
1.55883,-14.3892075465811
1.558835,-14.394121996954
1.55884,-14.3990233961377
1.558845,-14.4039116969639
1.55885,-14.4087868523266
1.558855,-14.4136488151822
1.55886,-14.4184975385506
1.558865,-14.4233329755181
1.55887,-14.4281550792375
1.558875,-14.4329638029307
1.55888,-14.4377590998897
1.558885,-14.442540923478
1.55889,-14.4473092271323
1.558895,-14.4520639643647
1.5589,-14.4568050887625
1.558905,-14.4615325539921
1.55891,-14.466246313798
1.558915,-14.4709463220067
1.55892,-14.4756325325267
1.558925,-14.4803048993503
1.55893,-14.4849633765559
1.558935,-14.4896079183089
1.55894,-14.494238478863
1.558945,-14.498855012563
1.55895,-14.5034574738444
1.558955,-14.5080458172372
1.55896,-14.5126199973659
1.558965,-14.5171799689515
1.55897,-14.5217256868133
1.558975,-14.5262571058702
1.55898,-14.5307741811425
1.558985,-14.5352768677536
1.55899,-14.539765120931
1.558995,-14.5442388960082
1.559,-14.548698148427
1.559005,-14.5531428337378
1.55901,-14.5575729076023
1.559015,-14.561988325794
1.55902,-14.5663890442012
1.559025,-14.5707750188277
1.55903,-14.575146205794
1.559035,-14.57950256134
1.55904,-14.5838440418258
1.559045,-14.5881706037336
1.55905,-14.5924822036694
1.559055,-14.5967787983641
1.55906,-14.6010603446759
1.559065,-14.6053267995912
1.55907,-14.6095781202265
1.559075,-14.6138142638302
1.55908,-14.6180351877834
1.559085,-14.6222408496029
1.55909,-14.6264312069418
1.559095,-14.6306062175907
1.5591,-14.6347658394808
1.559105,-14.6389100306838
1.55911,-14.6430387494149
1.559115,-14.647151954034
1.55912,-14.6512496030464
1.559125,-14.6553316551058
1.55913,-14.6593980690153
1.559135,-14.6634488037281
1.55914,-14.6674838183512
1.559145,-14.6715030721446
1.55915,-14.6755065245249
1.559155,-14.6794941350656
1.55916,-14.6834658634993
1.559165,-14.6874216697193
1.55917,-14.6913615137806
1.559175,-14.6952853559023
1.55918,-14.6991931564687
1.559185,-14.703084876031
1.55919,-14.7069604753088
1.559195,-14.7108199151922
1.5592,-14.7146631567419
1.559205,-14.7184901611932
1.55921,-14.722300889955
1.559215,-14.7260953046131
1.55922,-14.7298733669315
1.559225,-14.7336350388529
1.55923,-14.7373802825018
1.559235,-14.7411090601848
1.55924,-14.7448213343929
1.559245,-14.7485170678029
1.55925,-14.7521962232785
1.559255,-14.7558587638725
1.55926,-14.759504652828
1.559265,-14.7631338535798
1.55927,-14.7667463297562
1.559275,-14.7703420451803
1.55928,-14.7739209638718
1.559285,-14.7774830500485
1.55929,-14.7810282681272
1.559295,-14.784556582726
1.5593,-14.7880679586653
1.559305,-14.7915623609695
1.55931,-14.7950397548689
1.559315,-14.7985001057998
1.55932,-14.8019433794077
1.559325,-14.805369541548
1.55933,-14.8087785582867
1.559335,-14.8121703959036
1.55934,-14.815545020892
1.559345,-14.8189023999612
1.55935,-14.8222425000379
1.559355,-14.8255652882669
1.55936,-14.8288707320137
1.559365,-14.8321587988646
1.55937,-14.835429456629
1.559375,-14.8386826733409
1.55938,-14.8419184172595
1.559385,-14.8451366568713
1.55939,-14.8483373608916
1.559395,-14.8515204982647
1.5594,-14.854686038167
1.559405,-14.857833950007
1.55941,-14.8609642034272
1.559415,-14.8640767683057
1.55942,-14.8671716147567
1.559425,-14.8702487131329
1.55943,-14.8733080340259
1.559435,-14.8763495482681
1.55944,-14.879373226934
1.559445,-14.8823790413407
1.55945,-14.8853669630506
1.559455,-14.8883369638713
1.55946,-14.8912890158577
1.559465,-14.8942230913132
1.55947,-14.8971391627902
1.559475,-14.9000372030926
1.55948,-14.902917185276
1.559485,-14.9057790826493
1.55949,-14.9086228687761
1.559495,-14.9114485174755
1.5595,-14.9142560028235
1.559505,-14.9170452991546
1.55951,-14.9198163810619
1.559515,-14.9225692233995
1.55952,-14.9253038012829
1.559525,-14.9280200900903
1.55953,-14.9307180654638
1.559535,-14.9333977033105
1.55954,-14.9360589798036
1.559545,-14.9387018713838
1.55955,-14.9413263547595
1.559555,-14.9439324069092
1.55956,-14.9465200050811
1.559565,-14.9490891267956
1.55957,-14.9516397498455
1.559575,-14.9541718522967
1.55958,-14.9566854124904
1.559585,-14.9591804090431
1.55959,-14.9616568208478
1.559595,-14.9641146270755
1.5596,-14.9665538071754
1.559605,-14.9689743408765
1.55961,-14.9713762081885
1.559615,-14.9737593894019
1.55962,-14.9761238650904
1.559625,-14.9784696161102
1.55963,-14.9807966236023
1.559635,-14.9831048689926
1.55964,-14.9853943339928
1.559645,-14.9876650006016
1.55965,-14.9899168511053
1.559655,-14.9921498680788
1.55966,-14.9943640343863
1.559665,-14.996559333182
1.55967,-14.9987357479112
1.559675,-15.000893262311
1.55968,-15.0030318604109
1.559685,-15.0051515265336
1.55969,-15.0072522452959
1.559695,-15.0093340016094
1.5597,-15.011396780681
1.559705,-15.0134405680138
1.55971,-15.0154653494079
1.559715,-15.0174711109607
1.55972,-15.019457839068
1.559725,-15.0214255204242
1.55973,-15.0233741420234
1.559735,-15.0253036911596
1.55974,-15.0272141554277
1.559745,-15.0291055227236
1.55975,-15.0309777812453
1.559755,-15.0328309194931
1.55976,-15.0346649262703
1.559765,-15.0364797906838
1.55977,-15.0382755021442
1.559775,-15.0400520503671
1.55978,-15.0418094253727
1.559785,-15.0435476174868
1.55979,-15.0452666173414
1.559795,-15.0469664158745
1.5598,-15.0486470043311
1.559805,-15.0503083742635
1.55981,-15.0519505175316
1.559815,-15.0535734263032
1.55982,-15.0551770930546
1.559825,-15.0567615105709
1.55983,-15.0583266719461
1.559835,-15.0598725705838
1.55984,-15.0613992001972
1.559845,-15.0629065548095
1.55985,-15.0643946287543
1.559855,-15.0658634166757
1.55986,-15.0673129135285
1.559865,-15.0687431145787
1.55987,-15.0701540154035
1.559875,-15.0715456118915
1.55988,-15.0729179002428
1.559885,-15.0742708769698
1.55989,-15.0756045388963
1.559895,-15.0769188831586
1.5599,-15.078213907205
1.559905,-15.0794896087962
1.55991,-15.0807459860055
1.559915,-15.0819830372185
1.55992,-15.0832007611334
1.559925,-15.0843991567612
1.55993,-15.0855782234253
1.559935,-15.0867379607621
1.55994,-15.0878783687203
1.559945,-15.0889994475614
1.55995,-15.0901011978598
1.559955,-15.0911836205021
1.55996,-15.0922467166875
1.559965,-15.0932904879278
1.55997,-15.094314936047
1.559975,-15.0953200631815
1.55998,-15.0963058717796
1.559985,-15.0972723646017
1.55999,-15.0982195447201
1.559995,-15.0991474155186
1.56,-15.1000559806927
1.560005,-15.1009452442488
1.56001,-15.1018152105047
1.560015,-15.1026658840889
1.56002,-15.1034972699404
1.560025,-15.1043093733086
1.56003,-15.1051021997529
1.560035,-15.1058757551425
1.56004,-15.1066300456559
1.560045,-15.1073650777809
1.56005,-15.108080858314
1.560055,-15.1087773943599
1.56006,-15.1094546933317
1.560065,-15.1101127629501
1.56007,-15.1107516112427
1.560075,-15.1113712465445
1.56008,-15.1119716774966
1.560085,-15.112552913046
1.56009,-15.1131149624456
1.560095,-15.1136578352529
1.5601,-15.1141815413303
1.560105,-15.1146860908442
1.56011,-15.1151714942644
1.560115,-15.1156377623638
1.56012,-15.1160849062178
1.560125,-15.1165129372037
1.56013,-15.1169218670001
1.560135,-15.1173117075864
1.56014,-15.1176824712419
1.560145,-15.1180341705458
1.56015,-15.1183668183759
1.560155,-15.1186804279084
1.56016,-15.1189750126169
1.560165,-15.119250586272
1.56017,-15.1195071629407
1.560175,-15.1197447569852
1.56018,-15.1199633830627
1.560185,-15.1201630561243
1.56019,-15.1203437914147
1.560195,-15.1205056044709
1.5602,-15.1206485111218
1.560205,-15.1207725274874
1.56021,-15.1208776699777
1.560215,-15.1209639552923
1.56022,-15.1210314004193
1.560225,-15.1210800226345
1.56023,-15.1211098395007
1.560235,-15.1211208688668
1.56024,-15.1211131288665
1.560245,-15.1210866379183
1.56025,-15.1210414147235
1.560255,-15.1209774782663
1.56026,-15.1208948478122
1.560265,-15.1207935429073
1.56027,-15.1206735833775
1.560275,-15.1205349893272
1.56028,-15.1203777811386
1.560285,-15.1202019794705
1.56029,-15.1200076052576
1.560295,-15.1197946797091
1.5603,-15.119563224308
1.560305,-15.1193132608099
1.56031,-15.1190448112421
1.560315,-15.1187578979024
1.56032,-15.1184525433579
1.560325,-15.1181287704444
1.56033,-15.1177866022647
1.560335,-15.1174260621881
1.56034,-15.1170471738487
1.560345,-15.1166499611447
1.56035,-15.1162344482373
1.560355,-15.1158006595492
1.56036,-15.1153486197635
1.560365,-15.114878353823
1.56037,-15.1143898869285
1.560375,-15.1138832445377
1.56038,-15.1133584523644
1.560385,-15.1128155363768
1.56039,-15.1122545227965
1.560395,-15.1116754380972
1.5604,-15.1110783090038
1.560405,-15.1104631624905
1.56041,-15.1098300257803
1.560415,-15.1091789263431
1.56042,-15.1085098918948
1.560425,-15.1078229503959
1.56043,-15.1071181300502
1.560435,-15.1063954593036
1.56044,-15.1056549668427
1.560445,-15.1048966815932
1.56045,-15.1041206327194
1.560455,-15.1033268496218
1.56046,-15.1025153619369
1.560465,-15.1016861995346
1.56047,-15.100839392518
1.560475,-15.0999749712213
1.56048,-15.0990929662087
1.560485,-15.0981934082729
1.56049,-15.0972763284339
1.560495,-15.0963417579375
1.5605,-15.0953897282538
1.560505,-15.094420271076
1.56051,-15.0934334183186
1.560515,-15.0924292021167
1.56052,-15.0914076548237
1.560525,-15.0903688090105
1.56053,-15.0893126974637
1.560535,-15.0882393531843
1.56054,-15.0871488093865
1.560545,-15.0860410994955
1.56055,-15.0849162571469
1.560555,-15.0837743161848
1.56056,-15.08261531066
1.560565,-15.0814392748293
1.56057,-15.0802462431532
1.560575,-15.0790362502951
1.56058,-15.0778093311193
1.560585,-15.0765655206898
1.56059,-15.0753048542685
1.560595,-15.074027367314
1.5606,-15.0727330954798
1.560605,-15.0714220746131
1.56061,-15.0700943407528
1.560615,-15.0687499301286
1.56062,-15.0673888791588
1.560625,-15.0660112244491
1.56063,-15.0646170027912
1.560635,-15.063206251161
1.56064,-15.0617790067171
1.560645,-15.0603353067991
1.56065,-15.0588751889265
1.560655,-15.0573986907967
1.56066,-15.0559058502835
1.560665,-15.0543967054357
1.56067,-15.0528712944754
1.560675,-15.0513296557964
1.56068,-15.0497718279629
1.560685,-15.0481978497073
1.56069,-15.0466077599294
1.560695,-15.0450015976943
1.5607,-15.0433794022309
1.560705,-15.0417412129301
1.56071,-15.0400870693441
1.560715,-15.0384170111836
1.56072,-15.0367310783169
1.560725,-15.0350293107684
1.56073,-15.0333117487164
1.560735,-15.0315784324922
1.56074,-15.029829402578
1.560745,-15.0280646996056
1.56075,-15.0262843643546
1.560755,-15.0244884377506
1.56076,-15.0226769608643
1.560765,-15.0208499749093
1.56077,-15.0190075212404
1.560775,-15.0171496413526
1.56078,-15.0152763768788
1.560785,-15.0133877695889
1.56079,-15.0114838613875
1.560795,-15.0095646943126
1.5608,-15.0076303105342
1.560805,-15.0056807523523
1.56081,-15.0037160621958
1.560815,-15.0017362826201
1.56082,-14.9997414563063
1.560825,-14.9977316260593
1.56083,-14.995706834806
1.560835,-14.9936671255937
1.56084,-14.9916125415891
1.560845,-14.9895431260759
1.56085,-14.9874589224537
1.560855,-14.9853599742362
1.56086,-14.9832463250495
1.560865,-14.9811180186311
1.56087,-14.9789750988274
1.560875,-14.9768176095928
1.56088,-14.9746455949878
1.560885,-14.9724590991773
1.56089,-14.9702581664298
1.560895,-14.9680428411144
1.5609,-14.9658131677006
1.560905,-14.9635691907561
1.56091,-14.9613109549448
1.560915,-14.9590385050264
1.56092,-14.9567518858536
1.560925,-14.954451142371
1.56093,-14.9521363196141
1.560935,-14.9498074627066
1.56094,-14.9474646168599
1.560945,-14.9451078273707
1.56095,-14.9427371396202
1.560955,-14.9403525990719
1.56096,-14.9379542512705
1.560965,-14.93554214184
1.56097,-14.9331163164825
1.560975,-14.9306768209764
1.56098,-14.928223701175
1.560985,-14.925757003005
1.56099,-14.9232767724645
1.560995,-14.9207830556225
1.561,-14.9182758986162
1.561005,-14.9157553476502
1.56101,-14.9132214489951
1.561015,-14.9106742489851
1.56102,-14.9081137940179
1.561025,-14.9055401305515
1.56103,-14.9029533051043
1.561035,-14.9003533642527
1.56104,-14.8977403546295
1.561045,-14.8951143229235
1.56105,-14.8924753158765
1.561055,-14.8898233802828
1.56106,-14.8871585629878
1.561065,-14.884480910886
1.56107,-14.8817904709198
1.561075,-14.8790872900783
1.56108,-14.8763714153951
1.561085,-14.8736428939479
1.56109,-14.8709017728562
1.561095,-14.8681480992801
1.5611,-14.8653819204194
1.561105,-14.8626032835111
1.56111,-14.8598122358291
1.561115,-14.8570088246823
1.56112,-14.8541930974127
1.561125,-14.8513651013951
1.56113,-14.8485248840347
1.561135,-14.8456724927664
1.56114,-14.8428079750529
1.561145,-14.8399313783835
1.56115,-14.8370427502732
1.561155,-14.8341421382604
1.56116,-14.8312295899064
1.561165,-14.8283051527935
1.56117,-14.825368874524
1.561175,-14.8224208027188
1.56118,-14.8194609850157
1.561185,-14.8164894690685
1.56119,-14.8135063025455
1.561195,-14.8105115331284
1.5612,-14.8075052085104
1.561205,-14.8044873763957
1.56121,-14.8014580844976
1.561215,-14.7984173805377
1.56122,-14.7953653122438
1.561225,-14.7923019273494
1.56123,-14.7892272735926
1.561235,-14.7861413987136
1.56124,-14.783044350455
1.561245,-14.7799361765596
1.56125,-14.776816924769
1.561255,-14.7736866428232
1.56126,-14.7705453784588
1.561265,-14.7673931794075
1.56127,-14.7642300933959
1.561275,-14.7610561681432
1.56128,-14.7578714513605
1.561285,-14.7546759907496
1.56129,-14.7514698340018
1.561295,-14.7482530287969
1.5613,-14.7450256228012
1.561305,-14.7417876636676
1.56131,-14.7385391990334
1.561315,-14.7352802765196
1.56132,-14.7320109437299
1.561325,-14.7287312482489
1.56133,-14.7254412376418
1.561335,-14.7221409594529
1.56134,-14.7188304612041
1.561345,-14.7155097903945
1.56135,-14.712178994499
1.561355,-14.7088381209667
1.56136,-14.7054872172211
1.561365,-14.7021263306572
1.56137,-14.6987555086422
1.561375,-14.6953747985134
1.56138,-14.6919842475772
1.561385,-14.6885839031087
1.56139,-14.6851738123497
1.561395,-14.6817540225085
1.5614,-14.6783245807584
1.561405,-14.6748855342369
1.56141,-14.6714369300447
1.561415,-14.6679788152444
1.56142,-14.6645112368596
1.561425,-14.6610342418744
1.56143,-14.6575478772316
1.561435,-14.6540521898325
1.56144,-14.6505472265355
1.561445,-14.6470330341548
1.56145,-14.6435096594606
1.561455,-14.6399771491769
1.56146,-14.6364355499809
1.561465,-14.6328849085031
1.56147,-14.6293252713245
1.561475,-14.6257566849774
1.56148,-14.6221791959435
1.561485,-14.6185928506532
1.56149,-14.6149976954852
1.561495,-14.6113937767648
1.5615,-14.6077811407638
1.561505,-14.604159833699
1.56151,-14.6005299017314
1.561515,-14.5968913909662
1.56152,-14.5932443474506
1.561525,-14.589588817174
1.56153,-14.5859248460669
1.561535,-14.5822524799996
1.56154,-14.5785717647824
1.561545,-14.5748827461635
1.56155,-14.571185469829
1.561555,-14.5674799814025
1.56156,-14.5637663264429
1.561565,-14.5600445504453
1.56157,-14.5563146988389
1.561575,-14.5525768169868
1.56158,-14.5488309501855
1.561585,-14.5450771436634
1.56159,-14.5413154425807
1.561595,-14.5375458920285
1.5616,-14.5337685370279
1.561605,-14.5299834225296
1.56161,-14.5261905934126
1.561615,-14.5223900944841
1.56162,-14.5185819704786
1.561625,-14.5147662660571
1.56163,-14.5109430258066
1.561635,-14.5071122942392
1.56164,-14.5032741157914
1.561645,-14.4994285348238
1.56165,-14.4955755956202
1.561655,-14.4917153423866
1.56166,-14.4878478192515
1.561665,-14.483973070264
1.56167,-14.4800911393946
1.561675,-14.4762020705334
1.56168,-14.4723059074895
1.561685,-14.4684026939918
1.56169,-14.4644924736865
1.561695,-14.4605752901379
1.5617,-14.456651186827
1.561705,-14.4527202071515
1.56171,-14.448782394425
1.561715,-14.4448377918761
1.56172,-14.4408864426481
1.561725,-14.436928389799
1.56173,-14.4329636763
1.561735,-14.4289923450355
1.56174,-14.4250144388025
1.561745,-14.4210300003099
1.56175,-14.4170390721783
1.561755,-14.4130416969391
1.56176,-14.4090379170346
1.561765,-14.4050277748167
1.56177,-14.4010113125467
1.561775,-14.3969885723957
1.56178,-14.3929595964424
1.561785,-14.3889244266739
1.56179,-14.3848831049852
1.561795,-14.3808356731782
1.5618,-14.3767821729616
1.561805,-14.3727226459501
1.56181,-14.3686571336643
1.561815,-14.3645856775305
1.56182,-14.3605083188795
1.561825,-14.3564250989468
1.56183,-14.3523360588722
1.561835,-14.3482412396987
1.56184,-14.3441406823732
1.561845,-14.3400344277451
1.56185,-14.3359225165662
1.561855,-14.3318049894909
1.56186,-14.3276818870749
1.561865,-14.3235532497757
1.56187,-14.3194191179513
1.561875,-14.3152795318607
1.56188,-14.3111345316633
1.561885,-14.3069841574179
1.56189,-14.3028284490836
1.561895,-14.2986674465184
1.5619,-14.2945011894789
1.561905,-14.2903297176212
1.56191,-14.2861530704989
1.561915,-14.281971287564
1.56192,-14.277784408166
1.561925,-14.2735924715518
1.56193,-14.2693955168656
1.561935,-14.2651935831481
1.56194,-14.2609867093366
1.561945,-14.2567749342648
1.56195,-14.252558296662
1.561955,-14.2483368351535
1.56196,-14.2441105882601
1.561965,-14.2398795943973
1.56197,-14.2356438918761
1.561975,-14.231403518902
1.56198,-14.2271585135743
1.561985,-14.2229089138877
1.56199,-14.2186547577297
1.561995,-14.2143960828826
1.562,-14.2101329270212
1.562005,-14.2058653277143
1.56201,-14.2015933224237
1.562015,-14.1973169485039
1.56202,-14.1930362432022
1.562025,-14.1887512436586
1.56203,-14.1844619869049
1.562035,-14.1801685098659
1.56204,-14.1758708493575
1.562045,-14.1715690420878
1.56205,-14.1672631246565
1.562055,-14.1629531335546
1.56206,-14.1586391051647
1.562065,-14.1543210757604
1.56207,-14.1499990815058
1.562075,-14.1456731584567
1.56208,-14.1413433425592
1.562085,-14.1370096696496
1.56209,-14.1326721754554
1.562095,-14.1283308955938
1.5621,-14.1239858655725
1.562105,-14.1196371207894
1.56211,-14.1152846965317
1.562115,-14.1109286279774
1.56212,-14.1065689501933
1.562125,-14.1022056981368
1.56213,-14.0978389066542
1.562135,-14.0934686104812
1.56214,-14.0890948442436
1.562145,-14.0847176424559
1.56215,-14.0803370395216
1.562155,-14.0759530697342
1.56216,-14.0715657672755
1.562165,-14.0671751662169
1.56217,-14.0627813005183
1.562175,-14.0583842040285
1.56218,-14.0539839104856
1.562185,-14.049580453516
1.56219,-14.0451738666354
1.562195,-14.0407641832476
1.5622,-14.0363514366451
1.562205,-14.0319356600099
1.56221,-14.0275168864116
1.562215,-14.0230951488088
1.56222,-14.0186704800488
1.562225,-14.0142429128671
1.56223,-14.0098124798881
1.562235,-14.0053792136245
1.56224,-14.0009431464775
1.562245,-13.996504310737
1.56225,-13.992062738581
1.562255,-13.9876184620767
1.56226,-13.9831715131791
1.562265,-13.9787219237322
1.56227,-13.9742697254683
1.562275,-13.9698149500085
1.56228,-13.965357628862
1.562285,-13.9608977934273
1.56229,-13.9564354749911
1.562295,-13.9519707047289
1.5623,-13.9475035137047
1.562305,-13.9430339328714
1.56231,-13.9385619930709
1.562315,-13.9340877250335
1.56232,-13.9296111593787
1.562325,-13.9251323266147
1.56233,-13.9206512571387
1.562335,-13.9161679812372
1.56234,-13.9116825290854
1.562345,-13.9071949307479
1.56235,-13.9027052161786
1.562355,-13.8982134152202
1.56236,-13.8937195576055
1.562365,-13.8892236729562
1.56237,-13.8847257907834
1.562375,-13.8802259404884
1.56238,-13.8757241513614
1.562385,-13.8712204525832
1.56239,-13.8667148732238
1.562395,-13.8622074422431
1.5624,-13.8576981884917
1.562405,-13.8531871407095
1.56241,-13.848674327527
1.562415,-13.8441597774654
1.56242,-13.8396435189355
1.562425,-13.8351255802395
1.56243,-13.8306059895696
1.562435,-13.8260847750089
1.56244,-13.8215619645317
1.562445,-13.8170375860028
1.56245,-13.8125116671785
1.562455,-13.8079842357062
1.56246,-13.8034553191242
1.562465,-13.7989249448632
1.56247,-13.7943931402447
1.562475,-13.7898599324821
1.56248,-13.785325348681
1.562485,-13.7807894158386
1.56249,-13.7762521608446
1.562495,-13.7717136104805
1.5625,-13.7671737914206
1.562505,-13.7626327302317
1.56251,-13.7580904533731
1.562515,-13.7535469871973
1.56252,-13.7490023579495
1.562525,-13.7444565917679
1.56253,-13.7399097146846
1.562535,-13.7353617526246
1.56254,-13.7308127314067
1.562545,-13.7262626767435
1.56255,-13.7217116142416
1.562555,-13.7171595694017
1.56256,-13.7126065676187
1.562565,-13.7080526341815
1.56257,-13.7034977942746
1.562575,-13.6989420729762
1.56258,-13.6943854952604
1.562585,-13.6898280859956
1.56259,-13.6852698699459
1.562595,-13.6807108717708
1.5626,-13.6761511160256
1.562605,-13.671590627161
1.56261,-13.6670294295243
1.562615,-13.6624675473583
1.56262,-13.6579050048029
1.562625,-13.653341825894
1.56263,-13.6487780345645
1.562635,-13.6442136546443
1.56264,-13.6396487098601
1.562645,-13.6350832238364
1.56265,-13.6305172200949
1.562655,-13.6259507220548
1.56266,-13.621383753034
1.562665,-13.6168163362476
1.56267,-13.6122484948095
1.562675,-13.6076802517321
1.56268,-13.6031116299261
1.562685,-13.598542652202
1.56269,-13.5939733412685
1.562695,-13.5894037197338
1.5627,-13.5848338101061
1.562705,-13.5802636347929
1.56271,-13.5756932161018
1.562715,-13.5711225762406
1.56272,-13.5665517373172
1.562725,-13.5619807213407
1.56273,-13.5574095502203
1.562735,-13.5528382457663
1.56274,-13.5482668296909
1.562745,-13.5436953236068
1.56275,-13.5391237490293
1.562755,-13.5345521273748
1.56276,-13.529980479962
1.562765,-13.5254088280125
1.56277,-13.5208371926496
1.562775,-13.5162655948997
1.56278,-13.5116940556926
1.562785,-13.5071225958605
1.56279,-13.50255123614
1.562795,-13.4979799971706
1.5628,-13.4934088994957
1.562805,-13.4888379635636
1.56281,-13.4842672097261
1.562815,-13.4796966582401
1.56282,-13.4751263292671
1.562825,-13.4705562428734
1.56283,-13.4659864190314
1.562835,-13.4614168776181
1.56284,-13.4568476384165
1.562845,-13.4522787211162
1.56285,-13.4477101453119
1.562855,-13.4431419305059
1.56286,-13.4385740961064
1.562865,-13.4340066614285
1.56287,-13.4294396456953
1.562875,-13.4248730680361
1.56288,-13.4203069474891
1.562885,-13.4157413029993
1.56289,-13.4111761534203
1.562895,-13.4066115175143
1.5629,-13.4020474139515
1.562905,-13.3974838613112
1.56291,-13.3929208780822
1.562915,-13.3883584826619
1.56292,-13.3837966933579
1.562925,-13.3792355283873
1.56293,-13.374675005877
1.562935,-13.3701151438649
1.56294,-13.3655559602986
1.562945,-13.3609974730374
1.56295,-13.356439699851
1.562955,-13.3518826584203
1.56296,-13.3473263663382
1.562965,-13.3427708411093
1.56297,-13.3382161001496
1.562975,-13.3336621607883
1.56298,-13.3291090402664
1.562985,-13.3245567557381
1.56299,-13.3200053242704
1.562995,-13.3154547628433
1.563,-13.3109050883512
1.563005,-13.306356317601
1.56301,-13.3018084673149
1.563015,-13.2972615541283
1.56302,-13.2927155945917
1.563025,-13.2881706051704
1.56303,-13.2836266022442
1.563035,-13.2790836021086
1.56304,-13.2745416209746
1.563045,-13.2700006749687
1.56305,-13.2654607801339
1.563055,-13.2609219524287
1.56306,-13.2563842077287
1.563065,-13.2518475618263
1.56307,-13.2473120304305
1.563075,-13.2427776291681
1.56308,-13.2382443735828
1.563085,-13.2337122791365
1.56309,-13.2291813612093
1.563095,-13.224651635099
1.5631,-13.2201231160222
1.563105,-13.2155958191146
1.56311,-13.2110697594305
1.563115,-13.2065449519437
1.56312,-13.2020214115475
1.563125,-13.1974991530549
1.56313,-13.1929781911991
1.563135,-13.1884585406333
1.56314,-13.1839402159319
1.563145,-13.1794232315893
1.56315,-13.1749076020212
1.563155,-13.1703933415652
1.56316,-13.1658804644797
1.563165,-13.161368984945
1.56317,-13.1568589170641
1.563175,-13.1523502748613
1.56318,-13.1478430722846
1.563185,-13.1433373232039
1.56319,-13.1388330414123
1.563195,-13.1343302406269
1.5632,-13.1298289344875
1.563205,-13.1253291365584
1.56321,-13.1208308603276
1.563215,-13.1163341192072
1.56322,-13.1118389265346
1.563225,-13.1073452955714
1.56323,-13.1028532395044
1.563235,-13.098362771446
1.56324,-13.0938739044337
1.563245,-13.0893866514313
1.56325,-13.0849010253285
1.563255,-13.0804170389411
1.56326,-13.0759347050119
1.563265,-13.0714540362099
1.56327,-13.066975045132
1.563275,-13.0624977443018
1.56328,-13.0580221461704
1.563285,-13.0535482631174
1.56329,-13.0490761074498
1.563295,-13.044605691403
1.5633,-13.0401370271412
1.563305,-13.0356701267573
1.56331,-13.0312050022733
1.563315,-13.0267416656404
1.56332,-13.0222801287392
1.563325,-13.0178204033807
1.56333,-13.013362501305
1.563335,-13.0089064341835
1.56334,-13.0044522136173
1.563345,-12.9999998511386
1.56335,-12.9955493582108
1.563355,-12.9911007462283
1.56336,-12.986654026517
1.563365,-12.9822092103347
1.56337,-12.977766308871
1.563375,-12.973325333248
1.56338,-12.9688862945201
1.563385,-12.9644492036742
1.56339,-12.9600140716308
1.563395,-12.9555809092429
1.5634,-12.9511497272974
1.563405,-12.9467205365147
1.56341,-12.942293347549
1.563415,-12.9378681709891
1.56342,-12.9334450173577
1.563425,-12.9290238971124
1.56343,-12.9246048206457
1.563435,-12.920187798285
1.56344,-12.9157728402934
1.563445,-12.9113599568694
1.56345,-12.9069491581472
1.563455,-12.9025404541974
1.56346,-12.8981338550266
1.563465,-12.8937293705779
1.56347,-12.8893270107316
1.563475,-12.8849267853045
1.56348,-12.8805287040512
1.563485,-12.8761327766633
1.56349,-12.87173901277
1.563495,-12.8673474219392
1.5635,-12.8629580136761
1.563505,-12.8585707974249
1.56351,-12.8541857825684
1.563515,-12.8498029784278
1.56352,-12.8454223942641
1.563525,-12.8410440392771
1.56353,-12.8366679226061
1.563535,-12.8322940533309
1.56354,-12.8279224404704
1.563545,-12.8235530929847
1.56355,-12.8191860197737
1.563555,-12.814821229678
1.56356,-12.8104587314796
1.563565,-12.8060985339012
1.56357,-12.8017406456073
1.563575,-12.7973850752039
1.56358,-12.7930318312384
1.563585,-12.788680922201
1.56359,-12.7843323565236
1.563595,-12.7799861425807
1.5636,-12.7756422886901
1.563605,-12.7713008031117
1.56361,-12.7669616940493
1.563615,-12.7626249696497
1.56362,-12.7582906380033
1.563625,-12.7539587071448
1.56363,-12.7496291850523
1.563635,-12.7453020796489
1.56364,-12.7409773988016
1.563645,-12.7366551503224
1.56365,-12.7323353419684
1.563655,-12.7280179814415
1.56366,-12.7237030763889
1.563665,-12.7193906344042
1.56367,-12.7150806630258
1.563675,-12.7107731697388
1.56368,-12.7064681619744
1.563685,-12.7021656471098
1.56369,-12.6978656324696
1.563695,-12.6935681253247
1.5637,-12.6892731328936
1.563705,-12.6849806623415
1.56371,-12.6806907207816
1.563715,-12.6764033152747
1.56372,-12.6721184528295
1.563725,-12.6678361404027
1.56373,-12.6635563848998
1.563735,-12.6592791931742
1.56374,-12.655004572029
1.563745,-12.6507325282155
1.56375,-12.6464630684341
1.563755,-12.6421961993356
1.56376,-12.6379319275192
1.563765,-12.6336702595349
1.56377,-12.629411201882
1.563775,-12.6251547610102
1.56378,-12.6209009433202
1.563785,-12.6166497551625
1.56379,-12.6124012028387
1.563795,-12.6081552926019
1.5638,-12.6039120306556
1.563805,-12.5996714231557
1.56381,-12.5954334762088
1.563815,-12.591198195874
1.56382,-12.5869655881622
1.563825,-12.5827356590364
1.56383,-12.5785084144124
1.563835,-12.5742838601583
1.56384,-12.5700620020951
1.563845,-12.5658428459969
1.56385,-12.561626397591
1.563855,-12.557412662558
1.56386,-12.5532016465325
1.563865,-12.5489933551023
1.56387,-12.5447877938099
1.563875,-12.5405849681513
1.56388,-12.5363848835772
1.563885,-12.5321875454931
1.56389,-12.527992959259
1.563895,-12.5238011301899
1.5639,-12.5196120635559
1.563905,-12.5154257645826
1.56391,-12.5112422384511
1.563915,-12.5070614902982
1.56392,-12.5028835252162
1.563925,-12.4987083482544
1.56393,-12.4945359644174
1.563935,-12.4903663786671
1.56394,-12.4861995959215
1.563945,-12.4820356210555
1.56395,-12.4778744589014
1.563955,-12.4737161142482
1.56396,-12.4695605918428
1.563965,-12.4654078963892
1.56397,-12.4612580325494
1.563975,-12.4571110049435
1.56398,-12.4529668181495
1.563985,-12.4488254767034
1.56399,-12.4446869851005
1.563995,-12.4405513477939
1.564,-12.4364185691962
1.564005,-12.4322886536786
1.56401,-12.4281616055716
1.564015,-12.4240374291653
1.56402,-12.4199161287089
1.564025,-12.4157977084118
1.56403,-12.4116821724432
1.564035,-12.4075695249318
1.56404,-12.4034597699674
1.564045,-12.3993529115998
1.56405,-12.3952489538394
1.564055,-12.3911479006574
1.56406,-12.3870497559858
1.564065,-12.3829545237183
1.56407,-12.3788622077091
1.564075,-12.3747728117742
1.56408,-12.3706863396915
1.564085,-12.3666027952002
1.56409,-12.3625221820019
1.564095,-12.3584445037601
1.5641,-12.3543697641003
1.564105,-12.3502979666114
1.56411,-12.3462291148439
1.564115,-12.3421632123114
1.56412,-12.3381002624911
1.564125,-12.3340402688225
1.56413,-12.3299832347089
1.564135,-12.3259291635168
1.56414,-12.3218780585762
1.564145,-12.3178299231815
1.56415,-12.3137847605905
1.564155,-12.3097425740249
1.56416,-12.3057033666715
1.564165,-12.3016671416806
1.56417,-12.297633902168
1.564175,-12.2936036512135
1.56418,-12.289576391862
1.564185,-12.2855521271237
1.56419,-12.2815308599738
1.564195,-12.2775125933531
1.5642,-12.2734973301677
1.564205,-12.2694850732892
1.56421,-12.2654758255558
1.564215,-12.2614695897711
1.56422,-12.2574663687047
1.564225,-12.2534661650931
1.56423,-12.2494689816387
1.564235,-12.2454748210111
1.56424,-12.2414836858462
1.564245,-12.2374955787467
1.56425,-12.2335105022831
1.564255,-12.2295284589923
1.56426,-12.2255494513792
1.564265,-12.2215734819159
1.56427,-12.217600553042
1.564275,-12.2136306671654
1.56428,-12.2096638266616
1.564285,-12.2057000338742
1.56429,-12.2017392911155
1.564295,-12.1977816006655
1.5643,-12.1938269647735
1.564305,-12.1898753856571
1.56431,-12.1859268655025
1.564315,-12.1819814064655
1.56432,-12.1780390106705
1.564325,-12.1740996802116
1.56433,-12.1701634171519
1.564335,-12.1662302235243
1.56434,-12.1623001013314
1.564345,-12.1583730525457
1.56435,-12.1544490791092
1.564355,-12.1505281829349
1.56436,-12.1466103659053
1.564365,-12.1426956298736
1.56437,-12.1387839766636
1.564375,-12.1348754080694
1.56438,-12.1309699258567
1.564385,-12.1270675317611
1.56439,-12.1231682274902
1.564395,-12.1192720147224
1.5644,-12.1153788951074
1.564405,-12.1114888702668
1.56441,-12.1076019417933
1.564415,-12.1037181112516
1.56442,-12.0998373801785
1.564425,-12.0959597500824
1.56443,-12.0920852224444
1.564435,-12.0882137987173
1.56444,-12.0843454803267
1.564445,-12.0804802686708
1.56445,-12.0766181651202
1.564455,-12.0727591710187
1.56446,-12.0689032876826
1.564465,-12.0650505164016
1.56447,-12.0612008584385
1.564475,-12.0573543150294
1.56448,-12.0535108873839
1.564485,-12.0496705766853
1.56449,-12.0458333840902
1.564495,-12.0419993107298
1.5645,-12.0381683577085
1.564505,-12.0343405261048
1.56451,-12.0305158169723
1.564515,-12.0266942313379
1.56452,-12.0228757702037
1.564525,-12.019060434546
1.56453,-12.0152482253156
1.564535,-12.0114391434388
1.56454,-12.0076331898164
1.564545,-12.0038303653241
1.56455,-12.0000306708133
1.564555,-11.9962341071104
1.56456,-11.9924406750173
1.564565,-11.9886503753115
1.56457,-11.9848632087458
1.564575,-11.9810791760496
1.56458,-11.9772982779273
1.564585,-11.97352051506
1.56459,-11.9697458881046
1.564595,-11.9659743976943
1.5646,-11.9622060444389
1.564605,-11.9584408289243
1.56461,-11.9546787517133
1.564615,-11.9509198133455
1.56462,-11.9471640143369
1.564625,-11.9434113551811
1.56463,-11.9396618363482
1.564635,-11.9359154582855
1.56464,-11.9321722214181
1.564645,-11.928432126148
1.56465,-11.924695172855
1.564655,-11.9209613618963
1.56466,-11.917230693607
1.564665,-11.9135031683
1.56467,-11.9097787862662
1.564675,-11.9060575477744
1.56468,-11.9023394530718
1.564685,-11.8986245023836
1.56469,-11.894912695914
1.564695,-11.8912040338449
1.5647,-11.8874985163372
1.564705,-11.8837961435306
1.56471,-11.8800969155435
1.564715,-11.8764008324734
1.56472,-11.8727078943964
1.564725,-11.8690181013681
1.56473,-11.8653314534233
1.564735,-11.8616479505763
1.56474,-11.8579675928202
1.564745,-11.8542903801286
1.56475,-11.8506163124538
1.564755,-11.8469453897288
1.56476,-11.8432776118658
1.564765,-11.8396129787569
1.56477,-11.8359514902751
1.564775,-11.8322931462723
1.56478,-11.8286379465821
1.564785,-11.8249858910172
1.56479,-11.8213369793714
1.564795,-11.8176912114191
1.5648,-11.8140485869153
1.564805,-11.8104091055953
1.56481,-11.8067727671762
1.564815,-11.8031395713551
1.56482,-11.799509517811
1.564825,-11.7958826062032
1.56483,-11.7922588361729
1.564835,-11.7886382073427
1.56484,-11.7850207193159
1.564845,-11.7814063716783
1.56485,-11.7777951639966
1.564855,-11.7741870958196
1.56486,-11.7705821666778
1.564865,-11.7669803760837
1.56487,-11.7633817235315
1.564875,-11.7597862084982
1.56488,-11.7561938304422
1.564885,-11.7526045888048
1.56489,-11.7490184830094
1.564895,-11.7454355124617
1.5649,-11.7418556765504
1.564905,-11.7382789746467
1.56491,-11.7347054061041
1.564915,-11.7311349702598
1.56492,-11.7275676664331
1.564925,-11.724003493927
1.56493,-11.720442452027
1.564935,-11.7168845400021
1.56494,-11.7133297571047
1.564945,-11.7097781025702
1.56495,-11.706229575618
1.564955,-11.7026841754505
1.56496,-11.6991419012539
1.564965,-11.6956027521984
1.56497,-11.6920667274377
1.564975,-11.6885338261093
1.56498,-11.6850040473353
1.564985,-11.6814773902208
1.56499,-11.6779538538562
1.564995,-11.6744334373155
1.565,-11.6709161396568
1.565005,-11.6674019599232
1.56501,-11.6638908971418
1.565015,-11.6603829503248
1.56502,-11.6568781184683
1.565025,-11.6533764005537
1.56503,-11.6498777955471
1.565035,-11.6463823023994
1.56504,-11.6428899200464
1.565045,-11.6394006474093
1.56505,-11.6359144833939
1.565055,-11.632431426892
1.56506,-11.6289514767797
1.565065,-11.6254746319192
1.56507,-11.6220008911581
1.565075,-11.6185302533291
1.56508,-11.6150627172512
1.565085,-11.6115982817283
1.56509,-11.6081369455505
1.565095,-11.6046787074939
1.5651,-11.6012235663203
1.565105,-11.5977715207773
1.56511,-11.5943225695992
1.565115,-11.5908767115056
1.56512,-11.5874339452032
1.565125,-11.5839942693843
1.56513,-11.580557682728
1.565135,-11.5771241838998
1.56514,-11.5736937715515
1.565145,-11.5702664443219
1.56515,-11.5668422008361
1.565155,-11.5634210397059
1.56516,-11.5600029595305
1.565165,-11.5565879588954
1.56517,-11.5531760363733
1.565175,-11.549767190524
1.56518,-11.5463614198943
1.565185,-11.5429587230184
1.56519,-11.5395590984175
1.565195,-11.5361625446001
1.5652,-11.5327690600625
1.565205,-11.529378643288
1.56521,-11.5259912927478
1.565215,-11.5226070069006
1.56522,-11.5192257841925
1.565225,-11.5158476230578
1.56523,-11.5124725219185
1.565235,-11.5091004791842
1.56524,-11.5057314932529
1.565245,-11.5023655625101
1.56525,-11.4990026853301
1.565255,-11.4956428600748
1.56526,-11.4922860850943
1.565265,-11.4889323587276
1.56527,-11.4855816793012
1.565275,-11.4822340451308
1.56528,-11.4788894545203
1.565285,-11.4755479057619
1.56529,-11.472209397137
1.565295,-11.4688739269153
1.5653,-11.465541493355
1.565305,-11.462212094704
1.56531,-11.458885729198
1.565315,-11.4555623950627
1.56532,-11.4522420905122
1.565325,-11.4489248137495
1.56533,-11.4456105629675
1.565335,-11.4422993363475
1.56534,-11.4389911320607
1.565345,-11.4356859482673
1.56535,-11.4323837831168
1.565355,-11.4290846347485
1.56536,-11.425788501291
1.565365,-11.4224953808624
1.56537,-11.4192052715708
1.565375,-11.4159181715136
1.56538,-11.4126340787784
1.565385,-11.4093529914421
1.56539,-11.4060749075717
1.565395,-11.4027998252245
1.5654,-11.3995277424471
1.565405,-11.3962586572771
1.56541,-11.3929925677413
1.565415,-11.3897294718572
1.56542,-11.3864693676325
1.565425,-11.383212253065
1.56543,-11.379958126143
1.565435,-11.3767069848453
1.56544,-11.373458827141
1.565445,-11.3702136509899
1.56545,-11.3669714543423
1.565455,-11.3637322351389
1.56546,-11.3604959913117
1.565465,-11.3572627207828
1.56547,-11.3540324214658
1.565475,-11.3508050912646
1.56548,-11.347580728074
1.565485,-11.3443593297804
1.56549,-11.3411408942608
1.565495,-11.3379254193831
1.5655,-11.3347129030068
1.565505,-11.3315033429823
1.56551,-11.3282967371515
1.565515,-11.3250930833473
1.56552,-11.3218923793943
1.565525,-11.3186946231083
1.56553,-11.3154998122965
1.565535,-11.3123079447579
1.56554,-11.309119018283
1.565545,-11.3059330306537
1.56555,-11.3027499796438
1.565555,-11.2995698630189
1.56556,-11.2963926785361
1.565565,-11.2932184239446
1.56557,-11.2900470969854
1.565575,-11.2868786953916
1.56558,-11.2837132168879
1.565585,-11.2805506591914
1.56559,-11.2773910200113
1.565595,-11.2742342970485
1.5656,-11.2710804879968
1.565605,-11.2679295905417
1.56561,-11.2647816023612
1.565615,-11.2616365211256
1.56562,-11.2584943444977
1.565625,-11.2553550701324
1.56563,-11.2522186956777
1.565635,-11.2490852187735
1.56564,-11.2459546370528
1.565645,-11.2428269481409
1.56565,-11.2397021496558
1.565655,-11.2365802392086
1.56566,-11.2334612144029
1.565665,-11.2303450728348
1.56567,-11.2272318120941
1.565675,-11.2241214297626
1.56568,-11.2210139234159
1.565685,-11.2179092906222
1.56569,-11.2148075289425
1.565695,-11.2117086359316
1.5657,-11.2086126091367
1.565705,-11.2055194460989
1.56571,-11.2024291443521
1.565715,-11.1993417014235
1.56572,-11.1962571148339
1.565725,-11.1931753820973
1.56573,-11.190096500721
1.565735,-11.1870204682062
1.56574,-11.1839472820471
1.565745,-11.180876939732
1.56575,-11.1778094387423
1.565755,-11.1747447765533
1.56576,-11.1716829506339
1.565765,-11.1686239584469
1.56577,-11.1655677974487
1.565775,-11.1625144650897
1.56578,-11.1594639588139
1.565785,-11.1564162760595
1.56579,-11.1533714142585
1.565795,-11.1503293708366
1.5658,-11.1472901432144
1.565805,-11.1442537288055
1.56581,-11.1412201250185
1.565815,-11.1381893292557
1.56582,-11.1351613389135
1.565825,-11.1321361513831
1.56583,-11.1291137640491
1.565835,-11.1260941742915
1.56584,-11.1230773794839
1.565845,-11.1200633769943
1.56585,-11.1170521641856
1.565855,-11.114043738415
1.56586,-11.1110380970338
1.565865,-11.1080352373888
1.56587,-11.1050351568203
1.565875,-11.1020378526641
1.56588,-11.0990433222504
1.565885,-11.0960515629038
1.56589,-11.0930625719442
1.565895,-11.0900763466859
1.5659,-11.0870928844385
1.565905,-11.0841121825058
1.56591,-11.081134238187
1.565915,-11.0781590487763
1.56592,-11.0751866115625
1.565925,-11.0722169238297
1.56593,-11.0692499828571
1.565935,-11.0662857859189
1.56594,-11.0633243302845
1.565945,-11.0603656132184
1.56595,-11.0574096319803
1.565955,-11.0544563838253
1.56596,-11.0515058660036
1.565965,-11.048558075761
1.56597,-11.0456130103383
1.565975,-11.042670666972
1.56598,-11.0397310428938
1.565985,-11.0367941353312
1.56599,-11.0338599415066
1.565995,-11.0309284586387
1.566,-11.0279996839411
1.566005,-11.0250736146236
1.56601,-11.0221502478911
1.566015,-11.0192295809445
1.56602,-11.0163116109805
1.566025,-11.013396335191
1.56603,-11.0104837507646
1.566035,-11.0075738548848
1.56604,-11.0046666447314
1.566045,-11.0017621174802
1.56605,-10.9988602703026
1.566055,-10.9959611003661
1.56606,-10.9930646048342
1.566065,-10.9901707808664
1.56607,-10.9872796256183
1.566075,-10.9843911362415
1.56608,-10.9815053098836
1.566085,-10.9786221436888
1.56609,-10.9757416347969
1.566095,-10.9728637803445
1.5661,-10.969988577464
1.566105,-10.9671160232841
1.56611,-10.9642461149301
1.566115,-10.9613788495234
1.56612,-10.9585142241819
1.566125,-10.9556522360199
1.56613,-10.9527928821479
1.566135,-10.9499361596734
1.56614,-10.9470820656999
1.566145,-10.9442305973275
1.56615,-10.9413817516531
1.566155,-10.93853552577
1.56616,-10.9356919167683
1.566165,-10.9328509217345
1.56617,-10.9300125377519
1.566175,-10.9271767619006
1.56618,-10.9243435912574
1.566185,-10.9215130228958
1.56619,-10.9186850538861
1.566195,-10.9158596812956
1.5662,-10.9130369021883
1.566205,-10.9102167136252
1.56621,-10.907399112664
1.566215,-10.9045840963597
1.56622,-10.9017716617639
1.566225,-10.8989618059256
1.56623,-10.8961545258905
1.566235,-10.8933498187015
1.56624,-10.8905476813988
1.566245,-10.8877481110193
1.56625,-10.8849511045973
1.566255,-10.8821566591643
1.56626,-10.8793647717489
1.566265,-10.8765754393771
1.56627,-10.8737886590719
1.566275,-10.8710044278538
1.56628,-10.8682227427407
1.566285,-10.8654436007474
1.56629,-10.8626669988867
1.566295,-10.8598929341683
1.5663,-10.8571214035995
1.566305,-10.8543524041851
1.56631,-10.8515859329273
1.566315,-10.8488219868257
1.56632,-10.8460605628778
1.566325,-10.8433016580782
1.56633,-10.8405452694196
1.566335,-10.8377913938918
1.56634,-10.8350400284825
1.566345,-10.832291170177
1.56635,-10.8295448159582
1.566355,-10.8268009628072
1.56636,-10.8240596077021
1.566365,-10.8213207476192
1.56637,-10.8185843795326
1.566375,-10.815850500414
1.56638,-10.8131191072332
1.566385,-10.8103901969577
1.56639,-10.8076637665529
1.566395,-10.8049398129822
1.5664,-10.8022183332068
1.566405,-10.799499324186
1.56641,-10.7967827828771
1.566415,-10.7940687062352
1.56642,-10.7913570912137
1.566425,-10.7886479347639
1.56643,-10.7859412338352
1.566435,-10.7832369853752
1.56644,-10.7805351863296
1.566445,-10.7778358336421
1.56645,-10.7751389242548
1.566455,-10.7724444551079
1.56646,-10.7697524231399
1.566465,-10.7670628252875
1.56647,-10.7643756584854
1.566475,-10.7616909196672
1.56648,-10.7590086057644
1.566485,-10.7563287137067
1.56649,-10.7536512404226
1.566495,-10.7509761828387
1.5665,-10.7483035378802
1.566505,-10.7456333024704
1.56651,-10.7429654735314
1.566515,-10.7403000479836
1.56652,-10.737637022746
1.566525,-10.7349763947361
1.56653,-10.7323181608697
1.566535,-10.7296623180615
1.56654,-10.7270088632248
1.566545,-10.7243577932712
1.56655,-10.721709105111
1.566555,-10.7190627956534
1.56656,-10.7164188618061
1.566565,-10.7137773004756
1.56657,-10.7111381085668
1.566575,-10.7085012829836
1.56658,-10.7058668206288
1.566585,-10.7032347184036
1.56659,-10.7006049732084
1.566595,-10.697977581942
1.5666,-10.6953525415022
1.566605,-10.692729848786
1.56661,-10.6901095006888
1.566615,-10.687491494105
1.56662,-10.6848758259282
1.566625,-10.6822624930506
1.56663,-10.6796514923636
1.566635,-10.6770428207574
1.56664,-10.6744364751214
1.566645,-10.6718324523438
1.56665,-10.669230749312
1.566655,-10.6666313629124
1.56666,-10.6640342900305
1.566665,-10.6614395275508
1.56667,-10.6588470723572
1.566675,-10.6562569213323
1.56668,-10.6536690713582
1.566685,-10.6510835193161
1.56669,-10.6485002620862
1.566695,-10.6459192965483
1.5667,-10.6433406195811
1.566705,-10.6407642280626
1.56671,-10.6381901188702
1.566715,-10.6356182888805
1.56672,-10.6330487349693
1.566725,-10.6304814540121
1.56673,-10.6279164428831
1.566735,-10.6253536984566
1.56674,-10.6227932176058
1.566745,-10.6202349972032
1.56675,-10.6176790341213
1.566755,-10.6151253252313
1.56676,-10.6125738674045
1.566765,-10.6100246575113
1.56677,-10.6074776924215
1.566775,-10.6049329690047
1.56678,-10.6023904841299
1.566785,-10.5998502346657
1.56679,-10.59731221748
1.566795,-10.5947764294405
1.5668,-10.5922428674145
1.566805,-10.5897115282688
1.56681,-10.5871824088699
1.566815,-10.5846555060839
1.56682,-10.5821308167765
1.566825,-10.5796083378133
1.56683,-10.5770880660593
1.566835,-10.5745699983793
1.56684,-10.5720541316381
1.566845,-10.5695404626997
1.56685,-10.5670289884283
1.566855,-10.5645197056878
1.56686,-10.5620126113417
1.566865,-10.5595077022535
1.56687,-10.5570049752865
1.566875,-10.5545044273036
1.56688,-10.5520060551678
1.566885,-10.549509855742
1.56689,-10.5470158258888
1.566895,-10.544523962471
1.5669,-10.5420342623507
1.566905,-10.5395467223907
1.56691,-10.5370613394532
1.566915,-10.5345781104006
1.56692,-10.5320970320954
1.566925,-10.5296181013996
1.56693,-10.5271413151758
1.566935,-10.5246666702862
1.56694,-10.5221941635931
1.566945,-10.5197237919593
1.56695,-10.5172555522469
1.566955,-10.5147894413188
1.56696,-10.5123254560376
1.566965,-10.509863593266
1.56697,-10.5074038498672
1.566975,-10.504946222704
1.56698,-10.5024907086398
1.566985,-10.500037304538
1.56699,-10.497586007262
1.566995,-10.4951368136759
1.567,-10.4926897206436
1.567005,-10.4902447250292
1.56701,-10.4878018236973
1.567015,-10.4853610135127
1.56702,-10.4829222913403
1.567025,-10.4804856540455
1.56703,-10.4780510984936
1.567035,-10.475618621551
1.56704,-10.4731882200834
1.567045,-10.4707598909579
1.56705,-10.468333631041
1.567055,-10.4659094372002
1.56706,-10.4634873063032
1.567065,-10.461067235218
1.56707,-10.458649220813
1.567075,-10.4562332599573
1.56708,-10.45381934952
1.567085,-10.451407486371
1.56709,-10.4489976673807
1.567095,-10.4465898894195
1.5671,-10.4441841493589
1.567105,-10.4417804440703
1.56711,-10.4393787704262
1.567115,-10.4369791252992
1.56712,-10.4345815055626
1.567125,-10.4321859080903
1.56713,-10.4297923297566
1.567135,-10.4274007674364
1.56714,-10.4250112180054
1.567145,-10.4226236783397
1.56715,-10.4202381453162
1.567155,-10.4178546158122
1.56716,-10.4154730867057
1.567165,-10.4130935548754
1.56717,-10.4107160172008
1.567175,-10.4083404705617
1.56718,-10.405966911839
1.567185,-10.4035953379139
1.56719,-10.4012257456689
1.567195,-10.3988581319866
1.5672,-10.3964924937505
1.567205,-10.3941288278452
1.56721,-10.3917671311555
1.567215,-10.3894074005675
1.56722,-10.3870496329678
1.567225,-10.3846938252437
1.56723,-10.3823399742836
1.567235,-10.3799880769766
1.56724,-10.3776381302124
1.567245,-10.3752901308818
1.56725,-10.3729440758764
1.567255,-10.3705999620888
1.56726,-10.3682577864121
1.567265,-10.3659175457406
1.56727,-10.3635792369694
1.567275,-10.3612428569944
1.56728,-10.3589084027127
1.567285,-10.356575871022
1.56729,-10.3542452588212
1.567295,-10.35191656301
1.5673,-10.3495897804892
1.567305,-10.3472649081602
1.56731,-10.344941942926
1.567315,-10.34262088169
1.56732,-10.340301721357
1.567325,-10.3379844588328
1.56733,-10.3356690910237
1.567335,-10.3333556148378
1.56734,-10.3310440271838
1.567345,-10.3287343249715
1.56735,-10.3264265051118
1.567355,-10.3241205645167
1.56736,-10.3218165000993
1.567365,-10.3195143087738
1.56737,-10.3172139874553
1.567375,-10.3149155330605
1.56738,-10.3126189425066
1.567385,-10.3103242127126
1.56739,-10.3080313405981
1.567395,-10.3057403230841
1.5674,-10.3034511570927
1.567405,-10.3011638395473
1.56741,-10.2988783673725
1.567415,-10.2965947374938
1.56742,-10.2943129468382
1.567425,-10.292032992334
1.56743,-10.2897548709102
1.567435,-10.2874785794976
1.56744,-10.2852041150282
1.567445,-10.2829314744347
1.56745,-10.2806606546518
1.567455,-10.278391652615
1.56746,-10.2761244652611
1.567465,-10.2738590895285
1.56747,-10.2715955223566
1.567475,-10.2693337606862
1.56748,-10.2670738014596
1.567485,-10.2648156416201
1.56749,-10.2625592781126
1.567495,-10.2603047078832
1.5675,-10.2580519278793
1.567505,-10.25580093505
1.56751,-10.2535517263454
1.567515,-10.2513042987173
1.56752,-10.2490586491185
1.567525,-10.2468147745035
1.56753,-10.2445726718282
1.567535,-10.2423323380498
1.56754,-10.240093770127
1.567545,-10.2378569650199
1.56755,-10.23562191969
1.567555,-10.2333886311004
1.56756,-10.2311570962157
1.567565,-10.2289273120014
1.56757,-10.2266992754254
1.567575,-10.2244729834563
1.56758,-10.2222484330646
1.567585,-10.2200256212223
1.56759,-10.2178045449026
1.567595,-10.2155852010806
1.5676,-10.2133675867326
1.567605,-10.2111516988368
1.56761,-10.2089375343727
1.567615,-10.2067250903211
1.56762,-10.204514363665
1.567625,-10.2023053513886
1.56763,-10.2000980504774
1.567635,-10.197892457919
1.56764,-10.1956885707023
1.567645,-10.193486385818
1.56765,-10.1912859002581
1.567655,-10.1890871110165
1.56766,-10.1868900150885
1.567665,-10.1846946094712
1.56767,-10.1825008911634
1.567675,-10.1803088571653
1.56768,-10.1781185044788
1.567685,-10.1759298301077
1.56769,-10.1737428310572
1.567695,-10.1715575043344
1.5677,-10.1693738469478
1.567705,-10.1671918559078
1.56771,-10.1650115282267
1.567715,-10.162832860918
1.56772,-10.1606558509971
1.567725,-10.1584804954815
1.56773,-10.1563067913899
1.567735,-10.154134735743
1.56774,-10.1519643255632
1.567745,-10.1497955578746
1.56775,-10.1476284297032
1.567755,-10.1454629380766
1.56776,-10.1432990800242
1.567765,-10.1411368525773
1.56777,-10.1389762527688
1.567775,-10.1368172776335
1.56778,-10.1346599242081
1.567785,-10.1325041895307
1.56779,-10.1303500706419
1.567795,-10.1281975645833
1.5678,-10.126046668399
1.567805,-10.1238973791346
1.56781,-10.1217496938376
1.567815,-10.1196036095575
1.56782,-10.1174591233452
1.567825,-10.1153162322539
1.56783,-10.1131749333387
1.567835,-10.1110352236561
1.56784,-10.108897100265
1.567845,-10.1067605602259
1.56785,-10.1046256006012
1.567855,-10.1024922184553
1.56786,-10.1003604108543
1.567865,-10.0982301748666
1.56787,-10.0961015075622
1.567875,-10.0939744060129
1.56788,-10.0918488672929
1.567885,-10.089724888478
1.56789,-10.0876024666458
1.567895,-10.0854815988762
1.5679,-10.0833622822509
1.567905,-10.0812445138535
1.56791,-10.0791282907698
1.567915,-10.0770136100872
1.56792,-10.0749004688953
1.567925,-10.0727888642858
1.56793,-10.070678793352
1.567935,-10.0685702531897
1.56794,-10.0664632408963
1.567945,-10.0643577535713
1.56795,-10.0622537883165
1.567955,-10.0601513422352
1.56796,-10.0580504124332
1.567965,-10.055950996018
1.56797,-10.0538530900994
1.567975,-10.051756691789
1.56798,-10.0496617982006
1.567985,-10.04756840645
1.56799,-10.0454765136552
1.567995,-10.0433861169359
1.568,-10.0412972134143
1.568005,-10.0392098002144
1.56801,-10.0371238744624
1.568015,-10.0350394332865
1.56802,-10.032956473817
1.568025,-10.0308749931865
1.56803,-10.0287949885293
1.568035,-10.0267164569823
1.56804,-10.0246393956841
1.568045,-10.0225638017756
1.56805,-10.0204896723999
1.568055,-10.018417004702
1.56806,-10.0163457958291
1.568065,-10.0142760429308
1.56807,-10.0122077431585
1.568075,-10.0101408936661
1.56808,-10.0080754916092
1.568085,-10.0060115341459
1.56809,-10.0039490184365
1.568095,-10.0018879416431
1.5681,-9.99982830093048
1.568105,-9.99777009346523
1.56811,-9.99571331641615
1.568115,-9.99365796695448
1.56812,-9.99160404225341
1.568125,-9.98955153948834
1.56813,-9.98750045583707
1.568135,-9.98545078847939
1.56814,-9.98340253459753
1.568145,-9.98135569137572
1.56815,-9.97931025600044
1.568155,-9.9772662256606
1.56816,-9.97522359754708
1.568165,-9.97318236885324
1.56817,-9.97114253677447
1.568175,-9.96910409850852
1.56818,-9.96706705125545
1.568185,-9.96503139221746
1.56819,-9.96299711859897
1.568195,-9.96096422760689
1.5682,-9.95893271645011
1.568205,-9.95690258234007
1.56821,-9.95487382249035
1.568215,-9.95284643411673
1.56822,-9.95082041443751
1.568225,-9.94879576067301
1.56823,-9.9467724700461
1.568235,-9.94475053978181
1.56824,-9.94272996710743
1.568245,-9.94071074925276
1.56825,-9.93869288344967
1.568255,-9.93667636693248
1.56826,-9.93466119693791
1.568265,-9.9326473707048
1.56827,-9.93063488547456
1.568275,-9.92862373849071
1.56828,-9.92661392699921
1.568285,-9.92460544824848
1.56829,-9.92259829948899
1.568295,-9.92059247797397
1.5683,-9.91858798095865
1.568305,-9.91658480570072
1.56831,-9.91458294946035
1.568315,-9.9125824095
1.56832,-9.9105831830844
1.568325,-9.90858526748085
1.56833,-9.90658865995887
1.568335,-9.90459335779053
1.56834,-9.90259935825013
1.568345,-9.9006066586143
1.56835,-9.89861525616239
1.568355,-9.89662514817579
1.56836,-9.89463633193854
1.568365,-9.892648804737
1.56837,-9.8906625638598
1.568375,-9.88867760659832
1.56838,-9.88669393024607
1.568385,-9.88471153209895
1.56839,-9.88273040945564
1.568395,-9.88075055961683
1.5684,-9.87877197988595
1.568405,-9.87679466756873
1.56841,-9.87481861997323
1.568415,-9.8728438344103
1.56842,-9.87087030819283
1.568425,-9.86889803863649
1.56843,-9.86692702305924
1.568435,-9.86495725878141
1.56844,-9.86298874312609
1.568445,-9.86102147341855
1.56845,-9.8590554469866
1.568455,-9.85709066116068
1.56846,-9.85512711327342
1.568465,-9.85316480066029
1.56847,-9.85120372065889
1.568475,-9.84924387060947
1.56848,-9.84728524785485
1.568485,-9.84532784974015
1.56849,-9.84337167361318
1.568495,-9.84141671682417
1.5685,-9.83946297672566
1.568505,-9.83751045067313
1.56851,-9.83555913602415
1.568515,-9.83360903013899
1.56852,-9.83166013038046
1.568525,-9.82971243411379
1.56853,-9.82776593870685
1.568535,-9.82582064152997
1.56854,-9.82387653995587
1.568545,-9.82193363136015
1.56855,-9.81999191312051
1.568555,-9.81805138261766
1.56856,-9.81611203723442
1.568565,-9.81417387435632
1.56857,-9.81223689137163
1.568575,-9.81030108567085
1.56858,-9.80836645464718
1.568585,-9.80643299569643
1.56859,-9.80450070621685
1.568595,-9.80256958360937
1.5686,-9.8006396252774
1.568605,-9.7987108286269
1.56861,-9.79678319106653
1.568615,-9.79485671000732
1.56862,-9.79293138286316
1.568625,-9.79100720705022
1.56863,-9.78908417998739
1.568635,-9.78716229909618
1.56864,-9.78524156180064
1.568645,-9.78332196552737
1.56865,-9.78140350770568
1.568655,-9.77948618576729
1.56866,-9.77756999714681
1.568665,-9.77565493928113
1.56867,-9.77374100960986
1.568675,-9.7718282055754
1.56868,-9.76991652462247
1.568685,-9.76800596419851
1.56869,-9.76609652175376
1.568695,-9.7641881947407
1.5687,-9.76228098061482
1.568705,-9.76037487683398
1.56871,-9.75846988085872
1.568715,-9.75656599015229
1.56872,-9.75466320218039
1.568725,-9.75276151441166
1.56873,-9.75086092431702
1.568735,-9.74896142937019
1.56874,-9.74706302704764
1.568745,-9.74516571482834
1.56875,-9.74326949019381
1.568755,-9.7413743506285
1.56876,-9.73948029361922
1.568765,-9.73758731665571
1.56877,-9.73569541723018
1.568775,-9.73380459283738
1.56878,-9.73191484097507
1.568785,-9.73002615914331
1.56879,-9.72813854484515
1.568795,-9.72625199558608
1.5688,-9.72436650887421
1.568805,-9.72248208222059
1.56881,-9.72059871313871
1.568815,-9.71871639914476
1.56882,-9.71683513775775
1.568825,-9.71495492649921
1.56883,-9.71307576289347
1.568835,-9.71119764446745
1.56884,-9.70932056875073
1.568845,-9.70744453327578
1.56885,-9.70556953557749
1.568855,-9.70369557319369
1.56886,-9.70182264366477
1.568865,-9.6999507445337
1.56887,-9.69807987334644
1.568875,-9.69621002765143
1.56888,-9.69434120499982
1.568885,-9.69247340294563
1.56889,-9.69060661904536
1.568895,-9.68874085085846
1.5689,-9.6868760959469
1.568905,-9.68501235187536
1.56891,-9.68314961621143
1.568915,-9.6812878865252
1.56892,-9.67942716038963
1.568925,-9.6775674353803
1.56893,-9.67570870907547
1.568935,-9.67385097905635
1.56894,-9.67199424290666
1.568945,-9.67013849821284
1.56895,-9.66828374256429
1.568955,-9.66642997355282
1.56896,-9.66457718877331
1.568965,-9.66272538582312
1.56897,-9.66087456230236
1.568975,-9.65902471581409
1.56898,-9.65717584396385
1.568985,-9.65532794436017
1.56899,-9.65348101461412
1.568995,-9.65163505233953
1.569,-9.64979005515318
1.569005,-9.6479460206744
1.56901,-9.64610294652525
1.569015,-9.64426083033077
1.56902,-9.64241966971842
1.569025,-9.64057946231882
1.56903,-9.63874020576503
1.569035,-9.6369018976929
1.56904,-9.63506453574124
1.569045,-9.63322811755136
1.56905,-9.63139264076761
1.569055,-9.62955810303688
1.56906,-9.62772450200886
1.569065,-9.62589183533618
1.56907,-9.62406010067405
1.569075,-9.62222929568047
1.56908,-9.62039941801633
1.569085,-9.61857046534519
1.56909,-9.61674243533351
1.569095,-9.61491532565038
1.5691,-9.61308913396767
1.569105,-9.61126385796022
1.56911,-9.60943949530539
1.569115,-9.60761604368355
1.56912,-9.60579350077777
1.569125,-9.6039718642738
1.56913,-9.6021511318604
1.569135,-9.60033130122894
1.56914,-9.59851237007357
1.569145,-9.59669433609138
1.56915,-9.59487719698213
1.569155,-9.59306095044848
1.56916,-9.59124559419579
1.569165,-9.58943112593217
1.56917,-9.5876175433687
1.569175,-9.58580484421911
1.56918,-9.58399302620008
1.569185,-9.58218208703093
1.56919,-9.58037202443377
1.569195,-9.57856283613379
1.5692,-9.57675451985868
1.569205,-9.57494707333901
1.56921,-9.57314049430829
1.569215,-9.57133478050267
1.56922,-9.56952992966132
1.569225,-9.567725939526
1.56923,-9.56592280784129
1.569235,-9.56412053235487
1.56924,-9.56231911081686
1.569245,-9.56051854098048
1.56925,-9.55871882060167
1.569255,-9.55691994743906
1.56926,-9.55512191925436
1.569265,-9.55332473381187
1.56927,-9.5515283888788
1.569275,-9.54973288222528
1.56928,-9.547938211624
1.569285,-9.54614437485086
1.56929,-9.54435136968425
1.569295,-9.54255919390543
1.5693,-9.54076784529876
1.569305,-9.53897732165103
1.56931,-9.53718762075228
1.569315,-9.53539874039506
1.56932,-9.53361067837477
1.569325,-9.53182343248992
1.56933,-9.53003700054158
1.569335,-9.52825138033364
1.56934,-9.52646656967313
1.569345,-9.52468256636952
1.56935,-9.5228993682355
1.569355,-9.52111697308633
1.56936,-9.51933537874009
1.569365,-9.517554583018
1.56937,-9.51577458374372
1.569375,-9.51399537874416
1.56938,-9.51221696584874
1.569385,-9.51043934288986
1.56939,-9.50866250770282
1.569395,-9.50688645812569
1.5694,-9.50511119199933
1.569405,-9.50333670716759
1.56941,-9.50156300147705
1.569415,-9.49979007277724
1.56942,-9.49801791892048
1.569425,-9.49624653776183
1.56943,-9.49447592715949
1.569435,-9.49270608497423
1.56944,-9.49093700906976
1.569445,-9.48916869731273
1.56945,-9.48740114757252
1.569455,-9.48563435772148
1.56946,-9.48386832563476
1.569465,-9.48210304919022
1.56947,-9.4803385262689
1.569475,-9.4785747547544
1.56948,-9.47681173253337
1.569485,-9.47504945749523
1.56949,-9.47328792753216
1.569495,-9.47152714053949
1.5695,-9.4697670944151
1.569505,-9.46800778705987
1.56951,-9.46624921637759
1.569515,-9.46449138027476
1.56952,-9.46273427666101
1.569525,-9.46097790344852
1.56953,-9.45922225855247
1.569535,-9.45746733989098
1.56954,-9.45571314538488
1.569545,-9.45395967295809
1.56955,-9.45220692053712
1.569555,-9.45045488605148
1.56956,-9.44870356743368
1.569565,-9.44695296261885
1.56957,-9.4452030695451
1.569575,-9.44345388615346
1.56958,-9.44170541038771
1.569585,-9.43995764019471
1.56959,-9.43821057352393
1.569595,-9.43646420832779
1.5696,-9.43471854256177
1.569605,-9.4329735741839
1.56961,-9.43122930115539
1.569615,-9.42948572144012
1.56962,-9.42774283300488
1.569625,-9.42600063381942
1.56963,-9.42425912185625
1.569635,-9.42251829509079
1.56964,-9.42077815150139
1.569645,-9.41903868906915
1.56965,-9.41729990577825
1.569655,-9.41556179961556
1.56966,-9.41382436857079
1.569665,-9.41208761063675
1.56967,-9.41035152380887
1.569675,-9.40861610608574
1.56968,-9.40688135546854
1.569685,-9.4051472699614
1.56969,-9.40341384757152
1.569695,-9.40168108630879
1.5697,-9.3999489841859
1.569705,-9.39821753921868
1.56971,-9.39648674942558
1.569715,-9.39475661282817
1.56972,-9.39302712745072
1.569725,-9.3912982913203
1.56973,-9.38957010246716
1.569735,-9.38784255892411
1.56974,-9.38611565872711
1.569745,-9.38438939991481
1.56975,-9.38266378052876
1.569755,-9.38093879861349
1.56976,-9.37921445221631
1.569765,-9.3774907393874
1.56977,-9.37576765817997
1.569775,-9.37404520664988
1.56978,-9.37232338285612
1.569785,-9.37060218486041
1.56979,-9.36888161072723
1.569795,-9.36716165852425
1.5698,-9.36544232632171
1.569805,-9.36372361219301
1.56981,-9.36200551421423
1.569815,-9.36028803046432
1.56982,-9.3585711590253
1.569825,-9.3568548979819
1.56983,-9.35513924542171
1.569835,-9.35342419943543
1.56984,-9.3517097581163
1.569845,-9.34999591956075
1.56985,-9.34828268186792
1.569855,-9.34657004313981
1.56986,-9.34485800148147
1.569865,-9.34314655500061
1.56987,-9.34143570180804
1.569875,-9.33972544001728
1.56988,-9.33801576774474
1.569885,-9.33630668310987
1.56989,-9.33459818423484
1.569895,-9.33289026924466
1.5699,-9.33118293626746
1.569905,-9.32947618343395
1.56991,-9.32777000887801
1.569915,-9.32606441073618
1.56992,-9.3243593871479
1.569925,-9.32265493625566
1.56993,-9.32095105620458
1.569935,-9.31924774514293
1.56994,-9.31754500122165
1.569945,-9.31584282259457
1.56995,-9.31414120741857
1.569955,-9.31244015385323
1.56996,-9.31073966006099
1.569965,-9.30903972420742
1.56997,-9.30734034446065
1.569975,-9.30564151899195
1.56998,-9.30394324597528
1.569985,-9.30224552358751
1.56999,-9.30054835000851
1.569995,-9.29885172342084
1.57,-9.29715564201016
1.570005,-9.29546010396479
1.57001,-9.29376510747596
1.570015,-9.29207065073799
1.57002,-9.29037673194784
1.570025,-9.28868334930535
1.57003,-9.28699050101341
1.570035,-9.28529818527759
1.57004,-9.28360640030652
1.570045,-9.28191514431152
1.57005,-9.28022441550688
1.570055,-9.27853421210982
1.57006,-9.27684453234027
1.570065,-9.27515537442122
1.57007,-9.2734667365784
1.570075,-9.27177861704034
1.57008,-9.27009101403875
1.570085,-9.26840392580791
1.57009,-9.266717350585
1.570095,-9.26503128661027
1.5701,-9.26334573212657
1.570105,-9.26166068537994
1.57011,-9.259976144619
1.570115,-9.25829210809529
1.57012,-9.25660857406338
1.570125,-9.25492554078053
1.57013,-9.25324300650704
1.570135,-9.2515609695059
1.57014,-9.24987942804296
1.570145,-9.24819838038719
1.57015,-9.24651782481017
1.570155,-9.24483775958637
1.57016,-9.24315818299326
1.570165,-9.24147909331104
1.57017,-9.23980048882292
1.570175,-9.23812236781479
1.57018,-9.23644472857549
1.570185,-9.23476756939682
1.57019,-9.23309088857328
1.570195,-9.23141468440222
1.5702,-9.2297389551841
1.570205,-9.22806369922191
1.57021,-9.22638891482175
1.570215,-9.22471460029248
1.57022,-9.22304075394575
1.570225,-9.22136737409621
1.57023,-9.21969445906125
1.570235,-9.21802200716121
1.57024,-9.21635001671925
1.570245,-9.21467848606128
1.57025,-9.21300741351625
1.570255,-9.21133679741586
1.57026,-9.20966663609461
1.570265,-9.20799692788998
1.57027,-9.2063276711422
1.570275,-9.20465886419444
1.57028,-9.20299050539268
1.570285,-9.20132259308565
1.57029,-9.19965512562511
1.570295,-9.19798810136552
1.5703,-9.1963215186643
1.570305,-9.19465537588168
1.57031,-9.19298967138061
1.570315,-9.19132440352716
1.57032,-9.18965957068997
1.570325,-9.18799517124064
1.57033,-9.18633120355367
1.570335,-9.1846676660063
1.57034,-9.18300455697873
1.570345,-9.18134187485385
1.57035,-9.17967961801748
1.570355,-9.17801778485832
1.57036,-9.1763563737678
1.570365,-9.17469538314032
1.57037,-9.17303481137304
1.570375,-9.17137465686585
1.57038,-9.16971491802178
1.570385,-9.16805559324638
1.57039,-9.16639668094814
1.570395,-9.16473817953855
1.5704,-9.16308008743161
1.570405,-9.16142240304452
1.57041,-9.159765124797
1.570415,-9.15810825111175
1.57042,-9.1564517804143
1.570425,-9.15479571113296
1.57043,-9.15314004169892
1.570435,-9.15148477054617
1.57044,-9.1498298961115
1.570445,-9.1481754168346
1.57045,-9.14652133115795
1.570455,-9.14486763752672
1.57046,-9.14321433438919
1.570465,-9.14156142019619
1.57047,-9.13990889340156
1.570475,-9.13825675246188
1.57048,-9.13660499583643
1.570485,-9.13495362198759
1.57049,-9.1333026293803
1.570495,-9.13165201648247
1.5705,-9.13000178176477
1.570505,-9.12835192370065
1.57051,-9.12670244076646
1.570515,-9.12505333144129
1.57052,-9.12340459420706
1.570525,-9.12175622754855
1.57053,-9.12010822995323
1.570535,-9.1184605999116
1.57054,-9.11681333591673
1.570545,-9.11516643646456
1.57055,-9.11351990005402
1.570555,-9.11187372518652
1.57056,-9.11022791036661
1.570565,-9.10858245410146
1.57057,-9.10693735490095
1.570575,-9.10529261127803
1.57058,-9.10364822174824
1.570585,-9.10200418482997
1.57059,-9.10036049904447
1.570595,-9.09871716291567
1.5706,-9.09707417497045
1.570605,-9.09543153373841
1.57061,-9.09378923775178
1.570615,-9.09214728554594
1.57062,-9.0905056756587
1.570625,-9.08886440663096
1.57063,-9.08722347700625
1.570635,-9.08558288533079
1.57064,-9.08394263015385
1.570645,-9.08230271002732
1.57065,-9.08066312350582
1.570655,-9.07902386914699
1.57066,-9.07738494551094
1.570665,-9.07574635116087
1.57067,-9.07410808466255
1.570675,-9.07247014458455
1.57068,-9.07083252949838
1.570685,-9.06919523797814
1.57069,-9.06755826860082
1.570695,-9.06592161994613
1.5707,-9.06428529059653
1.570705,-9.0626492791374
1.57071,-9.06101358415672
1.570715,-9.05937820424528
1.57072,-9.0577431379968
1.570725,-9.05610838400747
1.57073,-9.05447394087656
1.570735,-9.0528398072059
1.57074,-9.05120598160011
1.570745,-9.04957246266672
1.57075,-9.0479392490158
1.570755,-9.04630633926041
1.57076,-9.04467373201622
1.570765,-9.04304142590161
1.57077,-9.04140941953795
1.570775,-9.03977771154915
1.57078,-9.0381463005619
1.570785,-9.03651518520583
1.57079,-9.03488436411302
1.570795,-9.03325383591861
1.5708,-9.03162359926028
1.570805,-9.02999365277849
1.57081,-9.02836399511659
1.570815,-9.02673462492046
1.57082,-9.02510554083895
1.570825,-9.02347674152349
1.57083,-9.02184822562825
1.570835,-9.02021999181031
1.57084,-9.01859203872932
1.570845,-9.01696436504766
1.57085,-9.01533696943065
1.570855,-9.01370985054607
1.57086,-9.01208300706471
1.570865,-9.01045643765987
1.57087,-9.00883014100766
1.570875,-9.00720411578704
1.57088,-9.00557836067946
1.570885,-9.00395287436936
1.57089,-9.00232765554371
1.570895,-9.00070270289223
1.5709,-8.9990780151075
1.570905,-8.9974535908847
1.57091,-8.99582942892168
1.570915,-8.99420552791923
1.57092,-8.9925818865806
1.570925,-8.99095850361199
1.57093,-8.98933537772212
1.570935,-8.98771250762251
1.57094,-8.98608989202748
1.570945,-8.98446752965392
1.57095,-8.98284541922143
1.570955,-8.98122355945248
1.57096,-8.97960194907204
1.570965,-8.97798058680799
1.57097,-8.97635947139074
1.570975,-8.97473860155347
1.57098,-8.97311797603214
1.570985,-8.97149759356524
1.57099,-8.96987745289418
1.570995,-8.96825755276284
1.571,-8.9666378919179
1.571005,-8.96501846910884
1.57101,-8.96339928308765
1.571015,-8.96178033260906
1.57102,-8.96016161643057
1.571025,-8.95854313331229
1.57103,-8.95692488201712
1.571035,-8.95530686131051
1.57104,-8.95368906996061
1.571045,-8.95207150673838
1.57105,-8.95045417041732
1.571055,-8.94883705977375
1.57106,-8.94722017358654
1.571065,-8.94560351063718
1.57107,-8.94398706971013
1.571075,-8.94237084959224
1.57108,-8.94075484907305
1.571085,-8.93913906694496
1.57109,-8.93752350200284
1.571095,-8.93590815304441
1.5711,-8.93429301886986
1.571105,-8.93267809828216
1.57111,-8.93106339008698
1.571115,-8.92944889309247
1.57112,-8.92783460610973
1.571125,-8.92622052795227
1.57113,-8.92460665743627
1.571135,-8.92299299338073
1.57114,-8.92137953460719
1.571145,-8.91976627993978
1.57115,-8.91815322820544
1.571155,-8.91654037823362
1.57116,-8.91492772885653
1.571165,-8.91331527890895
1.57117,-8.91170302722826
1.571175,-8.91009097265461
1.57118,-8.90847911403067
1.571185,-8.90686745020187
1.57119,-8.90525598001615
1.571195,-8.90364470232412
1.5712,-8.90203361597911
1.571205,-8.90042271983702
1.57121,-8.89881201275629
1.571215,-8.89720149359816
1.57122,-8.89559116122635
1.571225,-8.89398101450734
1.57123,-8.89237105231015
1.571235,-8.89076127350633
1.57124,-8.88915167697032
1.571245,-8.88754226157884
1.57125,-8.88593302621157
1.571255,-8.88432396975056
1.57126,-8.88271509108044
1.571265,-8.88110638908875
1.57127,-8.87949786266532
1.571275,-8.87788951070274
1.57128,-8.87628133209622
1.571285,-8.8746733257435
1.57129,-8.87306549054499
1.571295,-8.8714578254037
1.5713,-8.8698503292251
1.571305,-8.86824300091752
1.57131,-8.86663583939159
1.571315,-8.86502884356083
1.57132,-8.86342201234111
1.571325,-8.86181534465097
1.57133,-8.86020883941162
1.571335,-8.85860249554676
1.57134,-8.85699631198267
1.571345,-8.85539028764832
1.57135,-8.85378442147514
1.571355,-8.85217871239722
1.57136,-8.85057315935123
1.571365,-8.84896776127626
1.57137,-8.84736251711426
1.571375,-8.84575742580948
1.57138,-8.84415248630895
1.571385,-8.84254769756214
1.57139,-8.84094305852104
1.571395,-8.83933856814041
1.5714,-8.83773422537743
1.571405,-8.83613002919176
1.57141,-8.83452597854589
1.571415,-8.83292207240453
1.57142,-8.83131830973526
1.571425,-8.82971468950805
1.57143,-8.82811121069534
1.571435,-8.82650787227237
1.57144,-8.8249046732167
1.571445,-8.82330161250857
1.57145,-8.82169868913072
1.571455,-8.82009590206838
1.57146,-8.81849325030944
1.571465,-8.81689073284425
1.57147,-8.81528834866567
1.571475,-8.81368609676921
1.57148,-8.81208397615275
1.571485,-8.8104819858169
1.57149,-8.80888012476469
1.571495,-8.80727839200157
1.5715,-8.80567678653575
1.571505,-8.80407530737779
1.57151,-8.80247395354086
1.571515,-8.80087272404062
1.57152,-8.79927161789517
1.571525,-8.79767063412536
1.57153,-8.79606977175428
1.571535,-8.79446902980763
1.57154,-8.79286840731376
1.571545,-8.79126790330333
1.57155,-8.78966751680965
1.571555,-8.78806724686844
1.57156,-8.78646709251792
1.571565,-8.78486705279895
1.57157,-8.78326712675472
1.571575,-8.78166731343104
1.57158,-8.78006761187614
1.571585,-8.77846802114071
1.57159,-8.7768685402781
1.571595,-8.77526916834399
1.5716,-8.77366990439657
1.571605,-8.7720707474966
1.57161,-8.77047169670717
1.571615,-8.76887275109408
1.57162,-8.76727390972542
1.571625,-8.76567517167176
1.57163,-8.76407653600632
1.571635,-8.7624780018046
1.57164,-8.7608795681446
1.571645,-8.75928123410695
1.57165,-8.75768299877454
1.571655,-8.7560848612329
1.57166,-8.75448682056992
1.571665,-8.75288887587591
1.57167,-8.75129102624381
1.571675,-8.74969327076881
1.57168,-8.7480956085488
1.571685,-8.74649803868387
1.57169,-8.74490056027665
1.571695,-8.74330317243234
1.5717,-8.74170587425846
1.571705,-8.74010866486492
1.57171,-8.7385115433643
1.571715,-8.73691450887135
1.57172,-8.73531756050351
1.571725,-8.73372069738047
1.57173,-8.73212391862438
1.571735,-8.73052722335997
1.57174,-8.72893061071419
1.571745,-8.72733407981663
1.57175,-8.72573762979915
1.571755,-8.72414125979601
1.57176,-8.72254496894411
1.571765,-8.72094875638255
1.57177,-8.71935262125288
1.571775,-8.71775656269921
1.57178,-8.71616057986788
1.571785,-8.71456467190783
1.57179,-8.71296883797025
1.571795,-8.71137307720873
1.5718,-8.70977738877946
1.571805,-8.70818177184079
1.57181,-8.7065862255537
1.571815,-8.70499074908139
1.57182,-8.70339534158947
1.571825,-8.70180000224612
1.57183,-8.70020473022169
1.571835,-8.69860952468905
1.57184,-8.69701438482348
1.571845,-8.6954193098025
1.57185,-8.69382429880623
1.571855,-8.69222935101698
1.57186,-8.69063446561947
1.571865,-8.68903964180095
1.57187,-8.68744487875081
1.571875,-8.68585017566105
1.57188,-8.6842555317259
1.571885,-8.68266094614193
1.57189,-8.68106641810823
1.571895,-8.67947194682612
1.5719,-8.67787753149925
1.571905,-8.67628317133384
1.57191,-8.67468886553817
1.571915,-8.67309461332322
1.57192,-8.67150041390206
1.571925,-8.66990626649012
1.57193,-8.66831217030537
1.571935,-8.66671812456788
1.57194,-8.66512412850037
1.571945,-8.66353018132761
1.57195,-8.66193628227681
1.571955,-8.66034243057762
1.57196,-8.65874862546187
1.571965,-8.6571548661638
1.57197,-8.65556115192005
1.571975,-8.65396748196942
1.57198,-8.65237385555321
1.571985,-8.65078027191496
1.57199,-8.64918673030048
1.571995,-8.64759322995806
1.572,-8.64599977013807
1.572005,-8.64440635009351
1.57201,-8.64281296907943
1.572015,-8.64121962635324
1.57202,-8.63962632117476
1.572025,-8.63803305280608
1.57203,-8.63643982051148
1.572035,-8.63484662355772
1.57204,-8.63325346121371
1.572045,-8.63166033275082
1.57205,-8.63006723744254
1.572055,-8.62847417456472
1.57206,-8.62688114339559
1.572065,-8.62528814321546
1.57207,-8.62369517330723
1.572075,-8.62210223295583
1.57208,-8.62050932144846
1.572085,-8.61891643807487
1.57209,-8.61732358212682
1.572095,-8.61573075289836
1.5721,-8.61413794968606
1.572105,-8.61254517178843
1.57211,-8.61095241850651
1.572115,-8.6093596891435
1.57212,-8.60776698300474
1.572125,-8.60617429939815
1.57213,-8.60458163763356
1.572135,-8.60298899702331
1.57214,-8.60139637688188
1.572145,-8.59980377652592
1.57215,-8.59821119527458
1.572155,-8.59661863244906
1.57216,-8.59502608737273
1.572165,-8.59343355937151
1.57217,-8.59184104777319
1.572175,-8.59024855190817
1.57218,-8.58865607110878
1.572185,-8.58706360470968
1.57219,-8.58547115204786
1.572195,-8.58387871246241
1.5722,-8.58228628529473
1.572205,-8.58069386988842
1.57221,-8.57910146558918
1.572215,-8.57750907174521
1.57222,-8.57591668770664
1.572225,-8.57432431282594
1.57223,-8.57273194645783
1.572235,-8.57113958795914
1.57224,-8.56954723668902
1.572245,-8.56795489200876
1.57225,-8.56636255328175
1.572255,-8.56477021987385
1.57226,-8.5631778911528
1.572265,-8.56158556648884
1.57227,-8.55999324525416
1.572275,-8.55840092682322
1.57228,-8.55680861057275
1.572285,-8.55521629588157
1.57229,-8.55362398213068
1.572295,-8.55203166870335
1.5723,-8.55043935498491
1.572305,-8.54884704036299
1.57231,-8.5472547242273
1.572315,-8.54566240596973
1.57232,-8.54407008498441
1.572325,-8.54247776066753
1.57233,-8.54088543241758
1.572335,-8.53929309963508
1.57234,-8.53770076172275
1.572345,-8.53610841808554
1.57235,-8.53451606813045
1.572355,-8.53292371126667
1.57236,-8.53133134690558
1.572365,-8.5297389744606
1.57237,-8.52814659334752
1.572375,-8.52655420298399
1.57238,-8.52496180278992
1.572385,-8.52336939218749
1.57239,-8.52177697060079
1.572395,-8.52018453745612
1.5724,-8.51859209218208
1.572405,-8.51699963420908
1.57241,-8.51540716296996
1.572415,-8.51381467789953
1.57242,-8.51222217843463
1.572425,-8.51062966401448
1.57243,-8.50903713408014
1.572435,-8.50744458807505
1.57244,-8.5058520254445
1.572445,-8.504259445636
1.57245,-8.50266684809926
1.572455,-8.501074232286
1.57246,-8.49948159764991
1.572465,-8.49788894364707
1.57247,-8.49629626973538
1.572475,-8.4947035753751
1.57248,-8.49311086002831
1.572485,-8.49151812315928
1.57249,-8.48992536423451
1.572495,-8.48833258272233
1.5725,-8.48673977809344
1.572505,-8.48514694982033
1.57251,-8.48355409737767
1.572515,-8.48196122024236
1.57252,-8.48036831789316
1.572525,-8.47877538981096
1.57253,-8.4771824354788
1.572535,-8.47558945438163
1.57254,-8.47399644600664
1.572545,-8.47240340984295
1.57255,-8.47081034538171
1.572555,-8.4692172521163
1.57256,-8.46762412954195
1.572565,-8.46603097715608
1.57257,-8.46443779445808
1.572575,-8.46284458094934
1.57258,-8.46125133613348
1.572585,-8.45965805951595
1.57259,-8.4580647506043
1.572595,-8.45647140890821
1.5726,-8.45487803393922
1.572605,-8.45328462521113
1.57261,-8.4516911822395
1.572615,-8.45009770454203
1.57262,-8.44850419163855
1.572625,-8.44691064305071
1.57263,-8.44531705830237
1.572635,-8.44372343691926
1.57264,-8.4421297784291
1.572645,-8.44053608236183
1.57265,-8.43894234824916
1.572655,-8.43734857562485
1.57266,-8.43575476402482
1.572665,-8.43416091298676
1.57267,-8.43256702205057
1.572675,-8.43097309075798
1.57268,-8.42937911865274
1.572685,-8.42778510528071
1.57269,-8.42619105018953
1.572695,-8.42459695292905
1.5727,-8.42300281305094
1.572705,-8.42140863010882
1.57271,-8.41981440365848
1.572715,-8.4182201332575
1.57272,-8.41662581846544
1.572725,-8.41503145884398
1.57273,-8.41343705395655
1.572735,-8.41184260336877
1.57274,-8.41024810664804
1.572745,-8.40865356336374
1.57275,-8.40705897308734
1.572755,-8.40546433539205
1.57276,-8.40386964985325
1.572765,-8.40227491604814
1.57277,-8.40068013355582
1.572775,-8.39908530195749
1.57278,-8.39749042083616
1.572785,-8.39589548977674
1.57279,-8.39430050836628
1.572795,-8.39270547619349
1.5728,-8.39111039284927
1.572805,-8.38951525792625
1.57281,-8.38792007101903
1.572815,-8.38632483172426
1.57282,-8.38472953964029
1.572825,-8.38313419436761
1.57283,-8.38153879550846
1.572835,-8.37994334266698
1.57284,-8.37834783544937
1.572845,-8.37675227346365
1.57285,-8.37515665631966
1.572855,-8.37356098362932
1.57286,-8.37196525500625
1.572865,-8.37036947006614
1.57287,-8.36877362842649
1.572875,-8.36717772970662
1.57288,-8.36558177352791
1.572885,-8.36398575951344
1.57289,-8.36238968728831
1.572895,-8.36079355647947
1.5729,-8.35919736671564
1.572905,-8.3576011176276
1.57291,-8.35600480884783
1.572915,-8.35440844001074
1.57292,-8.35281201075269
1.572925,-8.35121552071174
1.57293,-8.34961896952796
1.572935,-8.34802235684324
1.57294,-8.34642568230121
1.572945,-8.34482894554756
1.57295,-8.34323214622957
1.572955,-8.34163528399671
1.57296,-8.34003835849999
1.572965,-8.33844136939231
1.57297,-8.33684431632863
1.572975,-8.33524719896552
1.57298,-8.33365001696136
1.572985,-8.33205276997665
1.57299,-8.33045545767336
1.572995,-8.32885807971556
1.573,-8.32726063576903
1.573005,-8.32566312550131
1.57301,-8.3240655485819
1.573015,-8.32246790468201
1.57302,-8.32087019347479
1.573025,-8.319272414635
1.57303,-8.31767456783935
1.573035,-8.3160766527664
1.57304,-8.31447866909636
1.573045,-8.31288061651132
1.57305,-8.31128249469523
1.573055,-8.30968430333373
1.57306,-8.30808604211436
1.573065,-8.30648771072632
1.57307,-8.30488930886067
1.573075,-8.30329083621029
1.57308,-8.30169229246977
1.573085,-8.30009367733556
1.57309,-8.29849499050584
1.573095,-8.29689623168049
1.5731,-8.2952974005613
1.573105,-8.29369849685179
1.57311,-8.2920995202571
1.573115,-8.29050047048442
1.57312,-8.28890134724238
1.573125,-8.28730215024169
1.57313,-8.28570287919453
1.573135,-8.28410353381497
1.57314,-8.28250411381887
1.573145,-8.28090461892378
1.57315,-8.27930504884889
1.573155,-8.2777054033154
1.57316,-8.27610568204594
1.573165,-8.27450588476519
1.57317,-8.27290601119929
1.573175,-8.27130606107622
1.57318,-8.26970603412577
1.573185,-8.26810593007932
1.57319,-8.26650574867008
1.573195,-8.26490548963296
1.5732,-8.26330515270443
1.573205,-8.26170473762297
1.57321,-8.26010424412859
1.573215,-8.25850367196291
1.57322,-8.25690302086957
1.573225,-8.25530229059355
1.57323,-8.25370148088187
1.573235,-8.25210059148305
1.57324,-8.25049962214725
1.573245,-8.2488985726266
1.57325,-8.24729744267457
1.573255,-8.24569623204663
1.57326,-8.24409494049981
1.573265,-8.24249356779267
1.57327,-8.24089211368581
1.573275,-8.23929057794115
1.57328,-8.23768896032243
1.573285,-8.23608726059521
1.57329,-8.23448547852641
1.573295,-8.23288361388493
1.5733,-8.23128166644116
1.573305,-8.2296796359671
1.57331,-8.22807752223661
1.573315,-8.22647532502504
1.57332,-8.22487304410949
1.573325,-8.22327067926865
1.57333,-8.22166823028285
1.573335,-8.22006569693417
1.57334,-8.21846307900624
1.573345,-8.21686037628428
1.57335,-8.21525758855539
1.573355,-8.21365471560796
1.57336,-8.21205175723233
1.573365,-8.21044871322033
1.57337,-8.2088455833653
1.573375,-8.20724236746247
1.57338,-8.20563906530845
1.573385,-8.20403567670171
1.57339,-8.20243220144209
1.573395,-8.20082863933114
1.5734,-8.19922499017214
1.573405,-8.19762125376983
1.57341,-8.19601742993057
1.573415,-8.19441351846243
1.57342,-8.19280951917492
1.573425,-8.19120543187936
1.57343,-8.1896012563885
1.573435,-8.18799699251668
1.57344,-8.18639264007996
1.573445,-8.18478819889582
1.57345,-8.18318366878354
1.573455,-8.18157904956378
1.57346,-8.17997434105887
1.573465,-8.17836954309273
1.57347,-8.17676465549082
1.573475,-8.17515967808013
1.57348,-8.1735546106894
1.573485,-8.17194945314868
1.57349,-8.17034420528985
1.573495,-8.16873886694614
1.5735,-8.16713343795241
1.573505,-8.16552791814513
1.57351,-8.16392230736221
1.573515,-8.16231660544327
1.57352,-8.16071081222935
1.573525,-8.15910492756301
1.57353,-8.15749895128852
1.573535,-8.15589288325155
1.57354,-8.15428672329928
1.573545,-8.15268047128059
1.57355,-8.15107412704571
1.573555,-8.1494676904466
1.57356,-8.14786116133652
1.573565,-8.14625453957034
1.57357,-8.14464782500458
1.573575,-8.14304101749708
1.57358,-8.14143411690739
1.573585,-8.13982712309642
1.57359,-8.13822003592659
1.573595,-8.136612855262
1.5736,-8.13500558096809
1.573605,-8.13339821291178
1.57361,-8.13179075096169
1.573615,-8.1301831949877
1.57362,-8.1285755448614
1.573625,-8.12696780045572
1.57363,-8.12535996164507
1.573635,-8.12375202830552
1.57364,-8.1221440003144
1.573645,-8.12053587755074
1.57365,-8.11892765989489
1.573655,-8.11731934722867
1.57366,-8.11571093943555
1.573665,-8.11410243640026
1.57367,-8.1124938380091
1.573675,-8.1108851441499
1.57368,-8.10927635471178
1.573685,-8.10766746958553
1.57369,-8.10605848866324
1.573695,-8.10444941183843
1.5737,-8.10284023900628
1.573705,-8.10123097006316
1.57371,-8.09962160490713
1.573715,-8.09801214343753
1.57372,-8.0964025855551
1.573725,-8.09479293116228
1.57373,-8.0931831801627
1.573735,-8.09157333246142
1.57374,-8.08996338796516
1.573745,-8.08835334658178
1.57375,-8.08674320822083
1.573755,-8.0851329727931
1.57376,-8.08352264021079
1.573765,-8.08191221038774
1.57377,-8.08030168323892
1.573775,-8.07869105868097
1.57378,-8.07708033663174
1.573785,-8.07546951701049
1.57379,-8.07385859973814
1.573795,-8.07224758473673
1.5738,-8.07063647192976
1.573805,-8.06902526124227
1.57381,-8.06741395260045
1.573815,-8.0658025459322
1.57382,-8.06419104116655
1.573825,-8.06257943823394
1.57383,-8.06096773706635
1.573835,-8.05935593759693
1.57384,-8.05774403976048
1.573845,-8.05613204349292
1.57385,-8.05451994873161
1.573855,-8.05290775541537
1.57386,-8.05129546348435
1.573865,-8.04968307287995
1.57387,-8.04807058354511
1.573875,-8.046457995424
1.57388,-8.04484530846226
1.573885,-8.04323252260679
1.57389,-8.04161963780576
1.573895,-8.04000665400899
1.5739,-8.03839357116735
1.573905,-8.0367803892331
1.57391,-8.03516710816005
1.573915,-8.03355372790308
1.57392,-8.03194024841859
1.573925,-8.03032666966427
1.57393,-8.02871299159903
1.573935,-8.02709921418329
1.57394,-8.02548533737863
1.573945,-8.02387136114814
1.57395,-8.02225728545601
1.573955,-8.02064311026788
1.57396,-8.01902883555072
1.573965,-8.01741446127279
1.57397,-8.01579998740354
1.573975,-8.01418541391394
1.57398,-8.01257074077608
1.573985,-8.01095596796352
1.57399,-8.00934109545095
1.573995,-8.00772612321443
1.574,-8.00611105123137
1.574005,-8.00449587948038
1.57401,-8.00288060794144
1.574015,-8.00126523659578
1.57402,-7.99964976542583
1.574025,-7.99803419441545
1.57403,-7.99641852354973
1.574035,-7.99480275281489
1.57404,-7.99318688219873
1.574045,-7.99157091168995
1.57405,-7.98995484127889
1.574055,-7.98833867095686
1.57406,-7.98672240071654
1.574065,-7.98510603055194
1.57407,-7.98348956045819
1.574075,-7.98187299043182
1.57408,-7.98025632047054
1.574085,-7.9786395505732
1.57409,-7.97702268074017
1.574095,-7.97540571097279
1.5741,-7.97378864127376
1.574105,-7.97217147164706
1.57411,-7.97055420209781
1.574115,-7.96893683263248
1.57412,-7.9673193632587
1.574125,-7.96570179398523
1.57413,-7.96408412482228
1.574135,-7.96246635578111
1.57414,-7.9608484868743
1.574145,-7.9592305181156
1.57415,-7.95761244951989
1.574155,-7.9559942811035
1.57416,-7.95437601288374
1.574165,-7.95275764487916
1.57417,-7.95113917710974
1.574175,-7.9495206095963
1.57418,-7.94790194236123
1.574185,-7.94628317542784
1.57419,-7.94466430882071
1.574195,-7.94304534256577
1.5742,-7.94142627668985
1.574205,-7.93980711122127
1.57421,-7.93818784618936
1.574215,-7.93656848162457
1.57422,-7.93494901755875
1.574225,-7.93332945402478
1.57423,-7.93170979105663
1.574235,-7.93009002868969
1.57424,-7.92847016696031
1.574245,-7.92685020590611
1.57425,-7.92523014556583
1.574255,-7.92360998597937
1.57426,-7.92198972718782
1.574265,-7.92036936923337
1.57427,-7.91874891215953
1.574275,-7.91712835601072
1.57428,-7.91550770083261
1.574285,-7.91388694667213
1.57429,-7.91226609357725
1.574295,-7.91064514159696
1.5743,-7.90902409078166
1.574305,-7.90740294118265
1.57431,-7.90578169285258
1.574315,-7.90416034584501
1.57432,-7.90253890021469
1.574325,-7.90091735601766
1.57433,-7.89929571331087
1.574335,-7.89767397215253
1.57434,-7.89605213260191
1.574345,-7.89443019471932
1.57435,-7.89280815856641
1.574355,-7.89118602420576
1.57436,-7.88956379170098
1.574365,-7.88794146111705
1.57437,-7.8863190325198
1.574375,-7.88469650597638
1.57438,-7.88307388155491
1.574385,-7.88145115932448
1.57439,-7.87982833935559
1.574395,-7.87820542171952
1.5744,-7.87658240648891
1.574405,-7.87495929373728
1.57441,-7.87333608353926
1.574415,-7.87171277597074
1.57442,-7.87008937110845
1.574425,-7.86846586903025
1.57443,-7.86684226981527
1.574435,-7.86521857354342
1.57444,-7.86359478029595
1.574445,-7.86197089015499
1.57445,-7.86034690320373
1.574455,-7.85872281952663
1.57446,-7.85709863920888
1.574465,-7.85547436233706
1.57447,-7.85384998899859
1.574475,-7.85222551928193
1.57448,-7.85060095327679
1.574485,-7.84897629107371
1.57449,-7.84735153276433
1.574495,-7.84572667844146
1.5745,-7.84410172819872
1.574505,-7.84247668213101
1.57451,-7.8408515403341
1.574515,-7.83922630290477
1.57452,-7.837600969941
1.574525,-7.83597554154159
1.57453,-7.83435001780657
1.574535,-7.83272439883682
1.57454,-7.83109868473425
1.574545,-7.82947287560195
1.57455,-7.82784697154386
1.574555,-7.82622097266492
1.57456,-7.82459487907126
1.574565,-7.82296869086977
1.57457,-7.82134240816859
1.574575,-7.81971603107669
1.57458,-7.81808955970402
1.574585,-7.81646299416173
1.57459,-7.81483633456169
1.574595,-7.81320958101704
1.5746,-7.81158273364169
1.574605,-7.80995579255056
1.57461,-7.80832875785974
1.574615,-7.80670162968611
1.57462,-7.80507440814749
1.574625,-7.80344709336295
1.57463,-7.80181968545223
1.574635,-7.80019218453628
1.57464,-7.79856459073685
1.574645,-7.79693690417667
1.57465,-7.79530912497958
1.574655,-7.79368125327023
1.57466,-7.79205328917424
1.574665,-7.79042523281831
1.57467,-7.78879708432994
1.574675,-7.78716884383777
1.57468,-7.7855405114712
1.574685,-7.78391208736059
1.57469,-7.78228357163745
1.574695,-7.78065496443392
1.5747,-7.77902626588344
1.574705,-7.7773974761201
1.57471,-7.77576859527897
1.574715,-7.77413962349623
1.57472,-7.77251056090879
1.574725,-7.77088140765449
1.57473,-7.76925216387234
1.574735,-7.76762282970196
1.57474,-7.76599340528414
1.574745,-7.76436389076041
1.57475,-7.76273428627327
1.574755,-7.76110459196625
1.57476,-7.75947480798358
1.574765,-7.7578449344706
1.57477,-7.75621497157341
1.574775,-7.75458491943906
1.57478,-7.75295477821558
1.574785,-7.7513245480518
1.57479,-7.74969422909737
1.574795,-7.74806382150314
1.5748,-7.74643332542048
1.574805,-7.74480274100193
1.57481,-7.7431720684008
1.574815,-7.74154130777122
1.57482,-7.73991045926838
1.574825,-7.7382795230481
1.57483,-7.73664849926742
1.574835,-7.73501738808395
1.57484,-7.73338618965622
1.574845,-7.73175490414384
1.57485,-7.73012353170708
1.574855,-7.72849207250703
1.57486,-7.72686052670594
1.574865,-7.72522889446659
1.57487,-7.72359717595283
1.574875,-7.72196537132931
1.57488,-7.72033348076141
1.574885,-7.71870150441564
1.57489,-7.71706944245904
1.574895,-7.71543729505975
1.5749,-7.71380506238665
1.574905,-7.71217274460937
1.57491,-7.71054034189858
1.574915,-7.70890785442567
1.57492,-7.70727528236277
1.574925,-7.70564262588312
1.57493,-7.70400988516045
1.574935,-7.70237706036968
1.57494,-7.70074415168625
1.574945,-7.69911115928648
1.57495,-7.69747808334774
1.574955,-7.69584492404787
1.57496,-7.69421168156589
1.574965,-7.69257835608133
1.57497,-7.69094494777465
1.574975,-7.68931145682719
1.57498,-7.68767788342102
1.574985,-7.68604422773893
1.57499,-7.68441048996476
1.574995,-7.68277667028284
1.575,-7.68114276887863
1.575005,-7.67950878593809
1.57501,-7.67787472164816
1.575015,-7.67624057619634
1.57502,-7.67460634977137
1.575025,-7.67297204256232
1.57503,-7.67133765475928
1.575035,-7.66970318655299
1.57504,-7.668068638135
1.575045,-7.66643400969785
1.57505,-7.66479930143462
1.575055,-7.66316451353916
1.57506,-7.66152964620623
1.575065,-7.65989469963122
1.57507,-7.65825967401029
1.575075,-7.65662456954061
1.57508,-7.65498938641986
1.575085,-7.6533541248465
1.57509,-7.65171878501983
1.575095,-7.65008336713972
1.5751,-7.64844787140715
1.575105,-7.64681229802366
1.57511,-7.64517664719134
1.575115,-7.64354091911337
1.57512,-7.64190511399323
1.575125,-7.64026923203576
1.57513,-7.6386332734461
1.575135,-7.63699723843014
1.57514,-7.63536112719468
1.575145,-7.63372493994697
1.57515,-7.63208867689547
1.575155,-7.63045233824893
1.57516,-7.62881592421701
1.575165,-7.62717943501001
1.57517,-7.62554287083889
1.575175,-7.62390623191579
1.57518,-7.62226951845292
1.575185,-7.62063273066362
1.57519,-7.61899586876183
1.575195,-7.61735893296213
1.5752,-7.61572192347982
1.575205,-7.61408484053112
1.57521,-7.61244768433275
1.575215,-7.6108104551021
1.57522,-7.60917315305734
1.575225,-7.60753577841733
1.57523,-7.60589833140167
1.575235,-7.60426081223062
1.57524,-7.60262322112511
1.575245,-7.6009855583067
1.57525,-7.59934782399766
1.575255,-7.59771001842113
1.57526,-7.59607214180069
1.575265,-7.59443419436074
1.57527,-7.59279617632633
1.575275,-7.59115808792298
1.57528,-7.58951992937736
1.575285,-7.58788170091634
1.57529,-7.58624340276765
1.575295,-7.58460503515979
1.5753,-7.58296659832151
1.575305,-7.58132809248288
1.57531,-7.57968951787414
1.575315,-7.57805087472628
1.57532,-7.57641216327097
1.575325,-7.57477338374066
1.57533,-7.57313453636806
1.575335,-7.57149562138715
1.57534,-7.5698566390321
1.575345,-7.56821758953778
1.57535,-7.56657847313976
1.575355,-7.5649392900742
1.57536,-7.56330004057818
1.575365,-7.56166072488901
1.57537,-7.56002134324486
1.575375,-7.55838189588444
1.57538,-7.55674238304701
1.575385,-7.55510280497287
1.57539,-7.55346316190254
1.575395,-7.55182345407722
1.5754,-7.55018368173879
1.575405,-7.5485438451297
1.57541,-7.54690394449329
1.575415,-7.54526398007311
1.57542,-7.54362395211353
1.575425,-7.54198386085958
1.57543,-7.54034370655658
1.575435,-7.53870348945102
1.57544,-7.53706320978956
1.575445,-7.53542286781953
1.57545,-7.5337824637889
1.575455,-7.53214199794631
1.57546,-7.53050147054081
1.575465,-7.52886088182234
1.57547,-7.52722023204114
1.575475,-7.52557952144822
1.57548,-7.52393875029512
1.575485,-7.52229791883377
1.57549,-7.52065702731712
1.575495,-7.5190160759984
1.5755,-7.51737506513146
1.575505,-7.5157339949707
1.57551,-7.51409286577102
1.575515,-7.51245167778829
1.57552,-7.51081043127852
1.575525,-7.50916912649847
1.57553,-7.50752776370548
1.575535,-7.50588634315719
1.57554,-7.5042448651123
1.575545,-7.50260332982972
1.57555,-7.50096173756901
1.575555,-7.4993200885902
1.57556,-7.49767838315384
1.575565,-7.49603662152143
1.57557,-7.49439480395457
1.575575,-7.49275293071561
1.57558,-7.49111100206742
1.575585,-7.48946901827333
1.57559,-7.48782697959719
1.575595,-7.48618488630377
1.5756,-7.48454273865796
1.575605,-7.48290053692528
1.57561,-7.48125828137183
1.575615,-7.47961597226417
1.57562,-7.47797360986963
1.575625,-7.47633119445584
1.57563,-7.47468872629103
1.575635,-7.47304620564385
1.57564,-7.47140363278348
1.575645,-7.46976100797997
1.57565,-7.46811833150344
1.575655,-7.46647560362478
1.57566,-7.46483282461532
1.575665,-7.46318999474666
1.57567,-7.46154711429158
1.575675,-7.45990418352269
1.57568,-7.45826120271337
1.575685,-7.45661817213756
1.57569,-7.45497509206945
1.575695,-7.45333196278421
1.5757,-7.45168878455711
1.575705,-7.4500455576639
1.57571,-7.44840228238112
1.575715,-7.44675895898553
1.57572,-7.44511558775435
1.575725,-7.44347216896572
1.57573,-7.4418287028978
1.575735,-7.44018518982944
1.57574,-7.43854163003997
1.575745,-7.4368980238089
1.57575,-7.43525437141692
1.575755,-7.43361067314452
1.57576,-7.43196692927292
1.575765,-7.43032314008385
1.57577,-7.42867930585931
1.575775,-7.42703542688219
1.57578,-7.42539150343542
1.575785,-7.42374753580262
1.57579,-7.42210352426774
1.575795,-7.42045946911523
1.5758,-7.41881537063025
1.575805,-7.41717122909797
1.57581,-7.41552704480442
1.575815,-7.41388281803575
1.57582,-7.4122385490789
1.575825,-7.41059423822084
1.57583,-7.40894988574947
1.575835,-7.40730549195285
1.57584,-7.40566105711947
1.575845,-7.40401658153839
1.57585,-7.40237206549889
1.575855,-7.40072750929112
1.57586,-7.39908291320521
1.575865,-7.397438277532
1.57587,-7.3957936025626
1.575875,-7.39414888858857
1.57588,-7.39250413590214
1.575885,-7.39085934479571
1.57589,-7.38921451556214
1.575895,-7.3875696484948
1.5759,-7.38592474388727
1.575905,-7.38427980203399
1.57591,-7.38263482322939
1.575915,-7.38098980776853
1.57592,-7.37934475594677
1.575925,-7.37769966805987
1.57593,-7.37605454440425
1.575935,-7.37440938527651
1.57594,-7.37276419097364
1.575945,-7.37111896179318
1.57595,-7.36947369803292
1.575955,-7.36782839999109
1.57596,-7.36618306796652
1.575965,-7.36453770225822
1.57597,-7.36289230316561
1.575975,-7.36124687098859
1.57598,-7.35960140602726
1.575985,-7.35795590858254
1.57599,-7.35631037895529
1.575995,-7.35466481744699
1.576,-7.35301922435939
1.576005,-7.35137359999461
1.57601,-7.34972794465541
1.576015,-7.34808225864469
1.57602,-7.3464365422657
1.576025,-7.34479079582223
1.57603,-7.34314501961817
1.576035,-7.34149921395827
1.57604,-7.33985337914719
1.576045,-7.33820751549011
1.57605,-7.33656162329272
1.576055,-7.33491570286066
1.57606,-7.33326975450058
1.576065,-7.331623778519
1.57607,-7.3299777752229
1.576075,-7.32833174491969
1.57608,-7.32668568791707
1.576085,-7.32503960452305
1.57609,-7.32339349504626
1.576095,-7.32174735979542
1.5761,-7.32010119907963
1.576105,-7.31845501320838
1.57611,-7.31680880249151
1.576115,-7.31516256723924
1.57612,-7.31351630776212
1.576125,-7.31187002437101
1.57613,-7.31022371737706
1.576135,-7.30857738709176
1.57614,-7.30693103382716
1.576145,-7.30528465789542
1.57615,-7.30363825960902
1.576155,-7.30199183928085
1.57616,-7.30034539722413
1.576165,-7.29869893375243
1.57617,-7.29705244917962
1.576175,-7.29540594381989
1.57618,-7.29375941798769
1.576185,-7.2921128719978
1.57619,-7.29046630616552
1.576195,-7.28881972080621
1.5762,-7.28717311623571
1.576205,-7.28552649277011
1.57621,-7.28387985072577
1.576215,-7.28223319041934
1.57622,-7.28058651216802
1.576225,-7.27893981628903
1.57623,-7.27729310310012
1.576235,-7.27564637291906
1.57624,-7.2739996260641
1.576245,-7.27235286285401
1.57625,-7.27070608360746
1.576255,-7.26905928864359
1.57626,-7.2674124782819
1.576265,-7.265765652842
1.57627,-7.26411881264408
1.576275,-7.26247195800841
1.57628,-7.26082508925551
1.576285,-7.25917820670629
1.57629,-7.25753131068184
1.576295,-7.25588440150388
1.5763,-7.25423747949395
1.576305,-7.25259054497414
1.57631,-7.25094359826669
1.576315,-7.24929663969405
1.57632,-7.24764966957938
1.576325,-7.24600268824567
1.57633,-7.24435569601627
1.576335,-7.24270869321485
1.57634,-7.24106168016539
1.576345,-7.239414657192
1.57635,-7.23776762461932
1.576355,-7.23612058277196
1.57636,-7.23447353197499
1.576365,-7.23282647255365
1.57637,-7.23117940483329
1.576375,-7.22953232913993
1.57638,-7.22788524579954
1.576385,-7.22623815513839
1.57639,-7.22459105748299
1.576395,-7.22294395315999
1.5764,-7.22129684249673
1.576405,-7.2196497258204
1.57641,-7.21800260345845
1.576415,-7.21635547573867
1.57642,-7.21470834298903
1.576425,-7.21306120553804
1.57643,-7.21141406371401
1.576435,-7.2097669178457
1.57644,-7.20811976826216
1.576445,-7.20647261529247
1.57645,-7.20482545926626
1.576455,-7.20317830051312
1.57646,-7.201531139363
1.576465,-7.19988397614606
1.57647,-7.19823681119261
1.576475,-7.19658964483313
1.57648,-7.19494247739875
1.576485,-7.19329530922033
1.57649,-7.19164814062919
1.576495,-7.19000097195683
1.5765,-7.18835380353479
1.576505,-7.18670663569522
1.57651,-7.1850594687702
1.576515,-7.18341230309209
1.57652,-7.18176513899339
1.576525,-7.18011797680677
1.57653,-7.17847081686551
1.576535,-7.17682365950263
1.57654,-7.17517650505158
1.576545,-7.17352935384598
1.57655,-7.17188220621946
1.576555,-7.17023506250627
1.57656,-7.16858792304055
1.576565,-7.16694078815666
1.57657,-7.16529365818928
1.576575,-7.1636465334732
1.57658,-7.16199941434324
1.576585,-7.16035230113485
1.57659,-7.15870519418333
1.576595,-7.1570580938242
1.5766,-7.15541100039329
1.576605,-7.15376391422636
1.57661,-7.15211683565985
1.576615,-7.15046976502996
1.57662,-7.14882270267312
1.576625,-7.14717564892602
1.57663,-7.14552860412547
1.576635,-7.14388156860867
1.57664,-7.14223454271279
1.576645,-7.14058752677516
1.57665,-7.13894052113341
1.576655,-7.13729352612515
1.57666,-7.13564654208847
1.576665,-7.13399956936133
1.57667,-7.13235260828204
1.576675,-7.13070565918895
1.57668,-7.12905872242058
1.576685,-7.12741179831585
1.57669,-7.1257648872136
1.576695,-7.12411798945284
1.5767,-7.12247110537285
1.576705,-7.12082423531301
1.57671,-7.11917737961264
1.576715,-7.11753053861183
1.57672,-7.1158837126502
1.576725,-7.11423690206774
1.57673,-7.11259010720468
1.576735,-7.11094332840112
1.57674,-7.10929656599782
1.576745,-7.10764982033519
1.57675,-7.10600309175403
1.576755,-7.10435638059517
1.57676,-7.10270968719958
1.576765,-7.10106301190859
1.57677,-7.09941635506347
1.576775,-7.09776971700566
1.57678,-7.09612309807662
1.576785,-7.09447649861812
1.57679,-7.09282991897209
1.576795,-7.09118335948056
1.5768,-7.08953682048548
1.576805,-7.08789030232928
1.57681,-7.08624380535408
1.576815,-7.08459732990263
1.57682,-7.08295087631751
1.576825,-7.0813044449414
1.57683,-7.07965803611724
1.576835,-7.07801165018797
1.57684,-7.07636528749666
1.576845,-7.07471894838672
1.57685,-7.07307263320144
1.576855,-7.07142634228425
1.57686,-7.06978007597878
1.576865,-7.06813383462857
1.57687,-7.06648761857772
1.576875,-7.06484142816999
1.57688,-7.06319526374946
1.576885,-7.06154912566023
1.57689,-7.05990301424649
1.576895,-7.05825692985276
1.5769,-7.05661087282346
1.576905,-7.05496484350309
1.57691,-7.05331884223631
1.576915,-7.05167286936791
1.57692,-7.0500269252428
1.576925,-7.04838101020599
1.57693,-7.0467351246024
1.576935,-7.04508926877733
1.57694,-7.04344344307576
1.576945,-7.04179764784338
1.57695,-7.0401518834255
1.576955,-7.0385061501676
1.57696,-7.03686044841534
1.576965,-7.03521477851438
1.57697,-7.03356914081044
1.576975,-7.03192353564957
1.57698,-7.03027796337767
1.576985,-7.02863242434073
1.57699,-7.02698691888491
1.576995,-7.02534144735625
1.577,-7.02369601010133
1.577005,-7.02205060746632
1.57701,-7.02040523979765
1.577015,-7.01875990744196
1.57702,-7.01711461074554
1.577025,-7.01546935005538
1.57703,-7.0138241257181
1.577035,-7.01217893808043
1.57704,-7.0105337874893
1.577045,-7.00888867429148
1.57705,-7.00724359883423
1.577055,-7.00559856146447
1.57706,-7.0039535625293
1.577065,-7.00230860237604
1.57707,-7.00066368135166
1.577075,-6.9990187998038
1.57708,-6.99737395807972
1.577085,-6.99572915652679
1.57709,-6.99408439549256
1.577095,-6.99243967532449
1.5771,-6.99079499637008
1.577105,-6.98915035897732
1.57711,-6.9875057634936
1.577115,-6.9858612102668
1.57712,-6.98421669964472
1.577125,-6.98257223197501
1.57713,-6.98092780760587
1.577135,-6.97928342688506
1.57714,-6.97763909016055
1.577145,-6.97599479778043
1.57715,-6.97435055009266
1.577155,-6.97270634744551
1.57716,-6.97106219018707
1.577165,-6.96941807866546
1.57717,-6.96777401322891
1.577175,-6.96612999422562
1.57718,-6.96448602200412
1.577185,-6.96284209691256
1.57719,-6.96119821929935
1.577195,-6.95955438951283
1.5772,-6.95791060790131
1.577205,-6.95626687481351
1.57721,-6.95462319059782
1.577215,-6.95297955560266
1.57722,-6.95133597017664
1.577225,-6.94969243466825
1.57723,-6.94804894942594
1.577235,-6.94640551479862
1.57724,-6.94476213113479
1.577245,-6.94311879878302
1.57725,-6.94147551809198
1.577255,-6.93983228941029
1.57726,-6.93818911308688
1.577265,-6.93654598947028
1.57727,-6.93490291890921
1.577275,-6.93325990175247
1.57728,-6.93161693834869
1.577285,-6.92997402904681
1.57729,-6.92833117419554
1.577295,-6.92668837414359
1.5773,-6.92504562923976
1.577305,-6.92340293983277
1.57731,-6.92176030627166
1.577315,-6.92011772890505
1.57732,-6.91847520808175
1.577325,-6.91683274415062
1.57733,-6.91519033746047
1.577335,-6.91354798835994
1.57734,-6.91190569719806
1.577345,-6.91026346432358
1.57735,-6.90862129008529
1.577355,-6.90697917483194
1.57736,-6.90533711891219
1.577365,-6.90369512267514
1.57737,-6.90205318646936
1.577375,-6.9004113106437
1.57738,-6.89876949554689
1.577385,-6.89712774152753
1.57739,-6.89548604893458
1.577395,-6.89384441811669
1.5774,-6.89220284942257
1.577405,-6.89056134320087
1.57741,-6.88891989980013
1.577415,-6.8872785195693
1.57742,-6.88563720285691
1.577425,-6.88399595001146
1.57743,-6.88235476138173
1.577435,-6.88071363731606
1.57744,-6.87907257816324
1.577445,-6.87743158427175
1.57745,-6.87579065599008
1.577455,-6.87414979366666
1.57746,-6.87250899764996
1.577465,-6.87086826828833
1.57747,-6.86922760593036
1.577475,-6.86758701092434
1.57748,-6.86594648361863
1.577485,-6.86430602436146
1.57749,-6.862665633501
1.577495,-6.86102531138577
1.5775,-6.85938505836381
1.577505,-6.85774487478334
1.57751,-6.85610476099249
1.577515,-6.85446471733919
1.57752,-6.85282474417172
1.577525,-6.85118484183803
1.57753,-6.84954501068606
1.577535,-6.84790525106377
1.57754,-6.8462655633189
1.577545,-6.84462594779958
1.57755,-6.84298640485348
1.577555,-6.84134693482832
1.57756,-6.83970753807179
1.577565,-6.83806821493151
1.57757,-6.83642896575525
1.577575,-6.83478979089052
1.57758,-6.83315069068478
1.577585,-6.83151166548554
1.57759,-6.82987271564022
1.577595,-6.82823384149598
1.5776,-6.82659504340036
1.577605,-6.82495632170055
1.57761,-6.82331767674368
1.577615,-6.82167910887693
1.57762,-6.8200406184472
1.577625,-6.8184022058018
1.57763,-6.8167638712875
1.577635,-6.81512561525124
1.57764,-6.81348743803987
1.577645,-6.81184933999991
1.57765,-6.81021132147847
1.577655,-6.80857338282195
1.57766,-6.80693552437693
1.577665,-6.80529774648997
1.57767,-6.80366004950732
1.577675,-6.80202243377565
1.57768,-6.80038489964107
1.577685,-6.79874744744989
1.57769,-6.79711007754818
1.577695,-6.79547279028198
1.5777,-6.79383558599747
1.577705,-6.79219846504053
1.57771,-6.79056142775696
1.577715,-6.7889244744926
1.57772,-6.78728760559311
1.577725,-6.78565082140405
1.57773,-6.78401412227121
1.577735,-6.78237750853983
1.57774,-6.78074098055548
1.577745,-6.77910453866328
1.57775,-6.77746818320853
1.577755,-6.77583191453642
1.57776,-6.77419573299208
1.577765,-6.7725596389203
1.57777,-6.77092363266615
1.577775,-6.76928771457415
1.57778,-6.76765188498941
1.577785,-6.76601614425627
1.57779,-6.76438049271943
1.577795,-6.76274493072318
1.5778,-6.76110945861193
1.577805,-6.75947407673
1.57781,-6.75783878542161
1.577815,-6.75620358503068
1.57782,-6.75456847590135
1.577825,-6.75293345837724
1.57783,-6.75129853280252
1.577835,-6.74966369952061
1.57784,-6.74802895887528
1.577845,-6.74639431120986
1.57785,-6.74475975686785
1.577855,-6.74312529619244
1.57786,-6.74149092952699
1.577865,-6.73985665721455
1.57787,-6.73822247959805
1.577875,-6.73658839702043
1.57788,-6.73495440982429
1.577885,-6.73332051835262
1.57789,-6.7316867229478
1.577895,-6.73005302395236
1.5779,-6.72841942170859
1.577905,-6.72678591655868
1.57791,-6.72515250884495
1.577915,-6.72351919890937
1.57792,-6.72188598709378
1.577925,-6.72025287374
1.57793,-6.71861985918972
1.577935,-6.71698694378457
1.57794,-6.715354127866
1.577945,-6.71372141177539
1.57795,-6.71208879585389
1.577955,-6.71045628044257
1.57796,-6.70882386588259
1.577965,-6.70719155251477
1.57797,-6.70555934067982
1.577975,-6.70392723071844
1.57798,-6.70229522297108
1.577985,-6.70066331777803
1.57799,-6.69903151547985
1.577995,-6.69739981641658
1.578,-6.69576822092818
1.578005,-6.69413672935463
1.57801,-6.69250534203552
1.578015,-6.69087405931079
1.57802,-6.68924288151979
1.578025,-6.68761180900193
1.57803,-6.68598084209653
1.578035,-6.68434998114261
1.57804,-6.68271922647935
1.578045,-6.68108857844558
1.57805,-6.67945803737998
1.578055,-6.67782760362123
1.57806,-6.67619727750763
1.578065,-6.67456705937776
1.57807,-6.67293694956978
1.578075,-6.67130694842177
1.57808,-6.66967705627161
1.578085,-6.66804727345716
1.57809,-6.66641760031592
1.578095,-6.66478803718564
1.5781,-6.66315858440367
1.578105,-6.66152924230724
1.57811,-6.65990001123342
1.578115,-6.65827089151911
1.57812,-6.65664188350132
1.578125,-6.65501298751661
1.57813,-6.65338420390158
1.578135,-6.65175553299263
1.57814,-6.65012697512584
1.578145,-6.64849853063755
1.57815,-6.64687019986371
1.578155,-6.64524198313998
1.57816,-6.64361388080212
1.578165,-6.64198589318555
1.57817,-6.6403580206258
1.578175,-6.63873026345798
1.57818,-6.63710262201721
1.578185,-6.63547509663842
1.57819,-6.63384768765619
1.578195,-6.63222039540538
1.5782,-6.63059322022037
1.578205,-6.62896616243549
1.57821,-6.62733922238482
1.578215,-6.62571240040236
1.57822,-6.62408569682189
1.578225,-6.62245911197733
1.57823,-6.62083264620203
1.578235,-6.61920629982943
1.57824,-6.61758007319266
1.578245,-6.61595396662467
1.57825,-6.61432798045864
1.578255,-6.61270211502718
1.57826,-6.6110763706628
1.578265,-6.60945074769791
1.57827,-6.6078252464647
1.578275,-6.60619986729548
1.57828,-6.60457461052193
1.578285,-6.60294947647599
1.57829,-6.60132446548911
1.578295,-6.59969957789262
1.5783,-6.59807481401806
1.578305,-6.59645017419639
1.57831,-6.59482565875847
1.578315,-6.59320126803507
1.57832,-6.5915770023567
1.578325,-6.58995286205401
1.57833,-6.58832884745707
1.578335,-6.58670495889595
1.57834,-6.5850811967006
1.578345,-6.58345756120076
1.57835,-6.58183405272574
1.578355,-6.58021067160534
1.57836,-6.57858741816852
1.578365,-6.57696429274433
1.57837,-6.57534129566167
1.578375,-6.57371842724911
1.57838,-6.57209568783532
1.578385,-6.57047307774852
1.57839,-6.56885059731692
1.578395,-6.56722824686842
1.5784,-6.56560602673077
1.578405,-6.5639839372318
1.57841,-6.56236197869876
1.578415,-6.56074015145892
1.57842,-6.5591184558394
1.578425,-6.5574968921669
1.57843,-6.55587546076843
1.578435,-6.55425416197039
1.57844,-6.55263299609906
1.578445,-6.55101196348058
1.57845,-6.54939106444088
1.578455,-6.54777029930591
1.57846,-6.54614966840119
1.578465,-6.54452917205215
1.57847,-6.54290881058388
1.578475,-6.5412885843216
1.57848,-6.53966849358992
1.578485,-6.53804853871372
1.57849,-6.53642872001741
1.578495,-6.53480903782521
1.5785,-6.53318949246126
1.578505,-6.53157008424935
1.57851,-6.52995081351328
1.578515,-6.52833168057663
1.57852,-6.52671268576259
1.578525,-6.52509382939429
1.57853,-6.5234751117946
1.578535,-6.52185653328642
1.57854,-6.52023809419223
1.578545,-6.51861979483433
1.57855,-6.5170016355349
1.578555,-6.51538361661573
1.57856,-6.51376573839886
1.578565,-6.51214800120572
1.57857,-6.51053040535756
1.578575,-6.50891295117569
1.57858,-6.50729563898086
1.578585,-6.50567846909404
1.57859,-6.50406144183573
1.578595,-6.50244455752622
1.5786,-6.50082781648573
1.578605,-6.49921121903415
1.57861,-6.49759476549116
1.578615,-6.49597845617649
1.57862,-6.49436229140941
1.578625,-6.492746271509
1.57863,-6.49113039679425
1.578635,-6.48951466758377
1.57864,-6.48789908419619
1.578645,-6.48628364694988
1.57865,-6.48466835616277
1.578655,-6.48305321215293
1.57866,-6.48143821523777
1.578665,-6.47982336573517
1.57867,-6.47820866396211
1.578675,-6.47659411023582
1.57868,-6.47497970487305
1.578685,-6.47336544819033
1.57869,-6.47175134050435
1.578695,-6.47013738213119
1.5787,-6.46852357338689
1.578705,-6.4669099145872
1.57871,-6.46529640604765
1.578715,-6.46368304808376
1.57872,-6.46206984101064
1.578725,-6.46045678514318
1.57873,-6.45884388079614
1.578735,-6.45723112828399
1.57874,-6.45561852792096
1.578745,-6.4540060800213
1.57875,-6.4523937848988
1.578755,-6.45078164286707
1.57876,-6.44916965423952
1.578765,-6.44755781932936
1.57877,-6.44594613844963
1.578775,-6.44433461191316
1.57878,-6.44272324003233
1.578785,-6.44111202311963
1.57879,-6.4395009614869
1.578795,-6.43789005544635
1.5788,-6.43627930530955
1.578805,-6.43466871138787
1.57881,-6.4330582739926
1.578815,-6.43144799343457
1.57882,-6.42983787002483
1.578825,-6.42822790407376
1.57883,-6.42661809589175
1.578835,-6.42500844578885
1.57884,-6.42339895407498
1.578845,-6.42178962105963
1.57885,-6.42018044705252
1.578855,-6.41857143236266
1.57886,-6.41696257729903
1.578865,-6.41535388217048
1.57887,-6.41374534728527
1.578875,-6.412136972952
1.57888,-6.41052875947863
1.578885,-6.40892070717294
1.57889,-6.40731281634258
1.578895,-6.40570508729476
1.5789,-6.40409752033689
1.578905,-6.40249011577573
1.57891,-6.40088287391795
1.578915,-6.39927579507012
1.57892,-6.39766887953816
1.578925,-6.3960621276284
1.57893,-6.39445553964648
1.578935,-6.39284911589787
1.57894,-6.39124285668789
1.578945,-6.38963676232144
1.57895,-6.3880308331036
1.578955,-6.38642506933881
1.57896,-6.38481947133139
1.578965,-6.38321403938551
1.57897,-6.38160877380506
1.578975,-6.3800036748935
1.57898,-6.3783987429545
1.578985,-6.37679397829107
1.57899,-6.37518938120614
1.578995,-6.3735849520025
1.579,-6.37198069098232
1.579005,-6.37037659844814
1.57901,-6.36877267470184
1.579015,-6.36716892004508
1.57902,-6.36556533477942
1.579025,-6.36396191920594
1.57903,-6.36235867362586
1.579035,-6.36075559833991
1.57904,-6.35915269364862
1.579045,-6.35754995985221
1.57905,-6.35594739725063
1.579055,-6.35434500614399
1.57906,-6.3527427868316
1.579065,-6.35114073961286
1.57907,-6.34953886478687
1.579075,-6.34793716265227
1.57908,-6.34633563350787
1.579085,-6.34473427765195
1.57909,-6.34313309538262
1.579095,-6.34153208699765
1.5791,-6.33993125279472
1.579105,-6.33833059307101
1.57911,-6.33673010812384
1.579115,-6.33512979825004
1.57912,-6.33352966374621
1.579125,-6.33192970490866
1.57913,-6.33032992203341
1.579135,-6.3287303154166
1.57914,-6.32713088535375
1.579145,-6.32553163214017
1.57915,-6.32393255607099
1.579155,-6.32233365744103
1.57916,-6.32073493654513
1.579165,-6.31913639367751
1.57917,-6.31753802913228
1.579175,-6.31593984320338
1.57918,-6.31434183618431
1.579185,-6.31274400836862
1.57919,-6.3111463600493
1.579195,-6.30954889151928
1.5792,-6.30795160307118
1.579205,-6.30635449499718
1.57921,-6.30475756758961
1.579215,-6.30316082114028
1.57922,-6.30156425594078
1.579225,-6.2999678722824
1.57923,-6.29837167045622
1.579235,-6.29677565075304
1.57924,-6.29517981346365
1.579245,-6.29358415887821
1.57925,-6.29198868728679
1.579255,-6.29039339897925
1.57926,-6.28879829424499
1.579265,-6.28720337337358
1.57927,-6.28560863665396
1.579275,-6.28401408437485
1.57928,-6.28241971682478
1.579285,-6.28082553429196
1.57929,-6.27923153706464
1.579295,-6.27763772543038
1.5793,-6.2760440996767
1.579305,-6.27445066009087
1.57931,-6.27285740695971
1.579315,-6.2712643405702
1.57932,-6.2696714612087
1.579325,-6.26807876916134
1.57933,-6.26648626471406
1.579335,-6.26489394815247
1.57934,-6.26330181976216
1.579345,-6.26170987982821
1.57935,-6.26011812863553
1.579355,-6.25852656646867
1.57936,-6.25693519361201
1.579365,-6.25534401034959
1.57937,-6.25375301696542
1.579375,-6.25216221374301
1.57938,-6.25057160096569
1.579385,-6.24898117891644
1.57939,-6.24739094787795
1.579395,-6.245800908133
1.5794,-6.24421105996369
1.579405,-6.24262140365207
1.57941,-6.2410319394798
1.579415,-6.2394426677283
1.57942,-6.23785358867898
1.579425,-6.23626470261261
1.57943,-6.23467600980985
1.579435,-6.23308751055116
1.57944,-6.2314992051165
1.579445,-6.229911093786
1.57945,-6.22832317683912
1.579455,-6.22673545455522
1.57946,-6.22514792721338
1.579465,-6.22356059509216
1.57947,-6.22197345847048
1.579475,-6.22038651762639
1.57948,-6.21879977283786
1.579485,-6.21721322438268
1.57949,-6.21562687253825
1.579495,-6.21404071758169
1.5795,-6.21245475979008
1.579505,-6.21086899944001
1.57951,-6.2092834368078
1.579515,-6.20769807216961
1.57952,-6.20611290580116
1.579525,-6.20452793797813
1.57953,-6.20294316897586
1.579535,-6.20135859906921
1.57954,-6.19977422853309
1.579545,-6.19819005764176
1.57955,-6.19660608666965
1.579555,-6.19502231589063
1.57956,-6.19343874557832
1.579565,-6.19185537600616
1.57957,-6.19027220744709
1.579575,-6.18868924017424
1.57958,-6.18710647446002
1.579585,-6.18552391057677
1.57959,-6.18394154879647
1.579595,-6.18235938939091
1.5796,-6.18077743263142
1.579605,-6.17919567878947
1.57961,-6.17761412813581
1.579615,-6.17603278094117
1.57962,-6.17445163747586
1.579625,-6.17287069800992
1.57963,-6.17128996281336
1.579635,-6.16970943215566
1.57964,-6.16812910630606
1.579645,-6.16654898553361
1.57965,-6.16496907010686
1.579655,-6.16338936029454
1.57966,-6.16180985636466
1.579665,-6.16023055858517
1.57967,-6.15865146722363
1.579675,-6.15707258254733
1.57968,-6.1554939048235
1.579685,-6.15391543431888
1.57969,-6.15233717129991
1.579695,-6.15075911603288
1.5797,-6.14918126878358
1.579705,-6.14760362981796
1.57971,-6.14602619940127
1.579715,-6.14444897779866
1.57972,-6.14287196527492
1.579725,-6.14129516209467
1.57973,-6.13971856852204
1.579735,-6.13814218482129
1.57974,-6.13656601125599
1.579745,-6.13499004808958
1.57975,-6.13341429558533
1.579755,-6.13183875400586
1.57976,-6.13026342361415
1.579765,-6.12868830467226
1.57977,-6.12711339744233
1.579775,-6.12553870218613
1.57978,-6.12396421916498
1.579785,-6.12238994864036
1.57979,-6.12081589087302
1.579795,-6.11924204612365
1.5798,-6.11766841465256
1.579805,-6.11609499671977
1.57981,-6.11452179258524
1.579815,-6.11294880250837
1.57982,-6.1113760267485
1.579825,-6.10980346556442
1.57983,-6.10823111921479
1.579835,-6.10665898795821
1.57984,-6.10508707205263
1.579845,-6.10351537175591
1.57985,-6.10194388732554
1.579855,-6.10037261901882
1.57986,-6.09880156709256
1.579865,-6.09723073180366
1.57987,-6.09566011340846
1.579875,-6.0940897121631
1.57988,-6.09251952832334
1.579885,-6.09094956214468
1.57989,-6.08937981388256
1.579895,-6.0878102837919
1.5799,-6.08624097212734
1.579905,-6.08467187914329
1.57991,-6.08310300509384
1.579915,-6.08153435023304
1.57992,-6.07996591481429
1.579925,-6.07839769909091
1.57993,-6.07682970331584
1.579935,-6.07526192774168
1.57994,-6.07369437262111
1.579945,-6.07212703820617
1.57995,-6.07055992474862
1.579955,-6.06899303250011
1.57996,-6.06742636171174
1.579965,-6.0658599126347
1.57997,-6.06429368551966
1.579975,-6.06272768061702
1.57998,-6.06116189817686
1.579985,-6.05959633844909
1.57999,-6.05803100168309
1.579995,-6.05646588812835
1.58,-6.0549009980338
1.580005,-6.05333633164813
1.58001,-6.0517718892197
1.580015,-6.05020767099658
1.58002,-6.04864367722676
1.580025,-6.04707990815768
1.58003,-6.04551636403666
1.580035,-6.04395304511066
1.58004,-6.04238995162621
1.580045,-6.04082708382992
1.58005,-6.03926444196784
1.580055,-6.03770202628579
1.58006,-6.03613983702925
1.580065,-6.03457787444335
1.58007,-6.03301613877333
1.580075,-6.03145463026372
1.58008,-6.02989334915887
1.580085,-6.02833229570286
1.58009,-6.02677147013943
1.580095,-6.02521087271231
1.5801,-6.02365050366457
1.580105,-6.02209036323913
1.58011,-6.02053045167869
1.580115,-6.01897076922561
1.58012,-6.01741131612179
1.580125,-6.01585209260922
1.58013,-6.01429309892934
1.580135,-6.01273433532333
1.58014,-6.01117580203207
1.580145,-6.00961749929604
1.58015,-6.00805942735585
1.580155,-6.00650158645144
1.58016,-6.00494397682249
1.580165,-6.00338659870846
1.58017,-6.00182945234846
1.580175,-6.00027253798158
1.58018,-5.99871585584626
1.580185,-5.99715940618078
1.58019,-5.99560318922321
1.580195,-5.99404720521115
1.5802,-5.99249145438214
1.580205,-5.99093593697335
1.58021,-5.98938065322154
1.580215,-5.98782560336324
1.58022,-5.98627078763467
1.580225,-5.98471620627201
1.58023,-5.98316185951078
1.580235,-5.98160774758637
1.58024,-5.98005387073392
1.580245,-5.97850022918818
1.58025,-5.97694682318363
1.580255,-5.9753936529547
1.58026,-5.97384071873515
1.580265,-5.97228802075862
1.58027,-5.97073555925852
1.580275,-5.96918333446774
1.58028,-5.96763134661932
1.580285,-5.96607959594562
1.58029,-5.96452808267877
1.580295,-5.96297680705065
1.5803,-5.96142576929282
1.580305,-5.95987496963673
1.58031,-5.95832440831336
1.580315,-5.95677408555341
1.58032,-5.95522400158721
1.580325,-5.95367415664495
1.58033,-5.95212455095659
1.580335,-5.95057518475156
1.58034,-5.94902605825919
1.580345,-5.94747717170839
1.58035,-5.94592852532788
1.580355,-5.94438011934595
1.58036,-5.94283195399078
1.580365,-5.94128402949024
1.58037,-5.93973634607172
1.580375,-5.93818890396243
1.58038,-5.93664170338924
1.580385,-5.93509474457894
1.58039,-5.93354802775781
1.580395,-5.93200155315183
1.5804,-5.93045532098683
1.580405,-5.92890933148813
1.58041,-5.92736358488101
1.580415,-5.9258180813904
1.58042,-5.92427282124077
1.580425,-5.92272780465639
1.58043,-5.92118303186122
1.580435,-5.91963850307911
1.58044,-5.91809421853341
1.580445,-5.91655017844718
1.58045,-5.9150063830433
1.580455,-5.91346283254413
1.58046,-5.91191952717217
1.580465,-5.91037646714921
1.58047,-5.90883365269694
1.580475,-5.90729108403671
1.58048,-5.90574876138948
1.580485,-5.90420668497608
1.58049,-5.90266485501703
1.580495,-5.90112327173256
1.5805,-5.89958193534246
1.580505,-5.89804084606631
1.58051,-5.89650000412337
1.580515,-5.89495940973281
1.58052,-5.89341906311329
1.580525,-5.89187896448316
1.58053,-5.89033911406062
1.580535,-5.88879951206334
1.58054,-5.88726015870913
1.580545,-5.88572105421506
1.58055,-5.88418219879816
1.580555,-5.88264359267503
1.58056,-5.88110523606198
1.580565,-5.87956712917524
1.58057,-5.87802927223054
1.580575,-5.87649166544332
1.58058,-5.87495430902882
1.580585,-5.87341720320178
1.58059,-5.87188034817708
1.580595,-5.87034374416886
1.5806,-5.8688073913912
1.580605,-5.86727129005778
1.58061,-5.86573544038207
1.580615,-5.86419984257705
1.58062,-5.86266449685585
1.580625,-5.86112940343085
1.58063,-5.85959456251436
1.580635,-5.85805997431829
1.58064,-5.85652563905427
1.580645,-5.85499155693382
1.58065,-5.85345772816794
1.580655,-5.85192415296751
1.58066,-5.85039083154287
1.580665,-5.8488577641043
1.58067,-5.84732495086173
1.580675,-5.8457923920248
1.58068,-5.84426008780283
1.580685,-5.84272803840479
1.58069,-5.84119624403937
1.580695,-5.83966470491518
1.5807,-5.83813342124031
1.580705,-5.83660239322258
1.58071,-5.83507162106958
1.580715,-5.83354110498843
1.58072,-5.83201084518639
1.580725,-5.83048084186997
1.58073,-5.82895109524557
1.580735,-5.82742160551939
1.58074,-5.82589237289708
1.580745,-5.82436339758414
1.58075,-5.82283467978601
1.580755,-5.82130621970746
1.58076,-5.81977801755317
1.580765,-5.81825007352743
1.58077,-5.81672238783423
1.580775,-5.81519496067748
1.58078,-5.81366779226054
1.580785,-5.81214088278668
1.58079,-5.81061423245862
1.580795,-5.80908784147895
1.5808,-5.80756171005014
1.580805,-5.80603583837406
1.58081,-5.80451022665246
1.580815,-5.80298487508668
1.58082,-5.80145978387775
1.580825,-5.7999349532268
1.58083,-5.79841038333411
1.580835,-5.79688607440002
1.58084,-5.79536202662448
1.580845,-5.79383824020698
1.58085,-5.79231471534715
1.580855,-5.7907914522439
1.58086,-5.78926845109601
1.580865,-5.78774571210202
1.58087,-5.78622323546011
1.580875,-5.78470102136804
1.58088,-5.78317907002367
1.580885,-5.78165738162416
1.58089,-5.78013595636654
1.580895,-5.77861479444758
1.5809,-5.77709389606362
1.580905,-5.77557326141097
1.58091,-5.77405289068544
1.580915,-5.77253278408252
1.58092,-5.7710129417975
1.580925,-5.76949336402529
1.58093,-5.7679740509608
1.580935,-5.76645500279827
1.58094,-5.7649362197318
1.580945,-5.76341770195525
1.58095,-5.76189944966205
1.580955,-5.76038146304556
1.58096,-5.7588637422987
1.580965,-5.75734628761404
1.58097,-5.75582909918395
1.580975,-5.75431217720043
1.58098,-5.75279552185547
1.580985,-5.75127913334038
1.58099,-5.74976301184637
1.580995,-5.74824715756437
1.581,-5.74673157068501
1.581005,-5.74521625139844
1.58101,-5.74370119989489
1.581015,-5.74218641636404
1.58102,-5.74067190099535
1.581025,-5.73915765397791
1.58103,-5.73764367550048
1.581035,-5.7361299657519
1.58104,-5.73461652492033
1.581045,-5.73310335319373
1.58105,-5.73159045075978
1.581055,-5.73007781780585
1.58106,-5.72856545451927
1.581065,-5.72705336108671
1.58107,-5.72554153769471
1.581075,-5.72402998452957
1.58108,-5.72251870177714
1.581085,-5.72100768962326
1.58109,-5.71949694825319
1.581095,-5.71798647785208
1.5811,-5.71647627860473
1.581105,-5.71496635069559
1.58111,-5.71345669430878
1.581115,-5.7119473096285
1.58112,-5.71043819683822
1.581125,-5.70892935612136
1.58113,-5.70742078766098
1.581135,-5.70591249163968
1.58114,-5.70440446824017
1.581145,-5.70289671764459
1.58115,-5.70138924003484
1.581155,-5.69988203559249
1.58116,-5.69837510449876
1.581165,-5.69686844693495
1.58117,-5.69536206308167
1.581175,-5.69385595311941
1.58118,-5.69235011722836
1.581185,-5.69084455558824
1.58119,-5.68933926837886
1.581195,-5.68783425577948
1.5812,-5.68632951796905
1.581205,-5.68482505512638
1.58121,-5.68332086742979
1.581215,-5.6818169550576
1.58122,-5.68031331818757
1.581225,-5.67880995699734
1.58123,-5.67730687166415
1.581235,-5.67580406236504
1.58124,-5.67430152927664
1.581245,-5.67279927257548
1.58125,-5.67129729243776
1.581255,-5.66979558903922
1.58126,-5.66829416255543
1.581265,-5.66679301316162
1.58127,-5.66529214103295
1.581275,-5.66379154634407
1.58128,-5.66229122926938
1.581285,-5.66079118998294
1.58129,-5.65929142865863
1.581295,-5.65779194547012
1.5813,-5.65629274059058
1.581305,-5.65479381419305
1.58131,-5.65329516645018
1.581315,-5.65179679753432
1.58132,-5.65029870761777
1.581325,-5.64880089687231
1.58133,-5.64730336546951
1.581335,-5.64580611358058
1.58134,-5.64430914137641
1.581345,-5.64281244902795
1.58135,-5.64131603670545
1.581355,-5.63981990457911
1.58136,-5.63832405281872
1.581365,-5.63682848159388
1.58137,-5.6353331910737
1.581375,-5.63383818142746
1.58138,-5.63234345282368
1.581385,-5.63084900543084
1.58139,-5.62935483941707
1.581395,-5.62786095495001
1.5814,-5.6263673521976
1.581405,-5.62487403132685
1.58141,-5.62338099250491
1.581415,-5.62188823589841
1.58142,-5.62039576167364
1.581425,-5.61890356999704
1.58143,-5.61741166103428
1.581435,-5.61592003495102
1.58144,-5.61442869191248
1.581445,-5.61293763208362
1.58145,-5.61144685562933
1.581455,-5.609956362714
1.58146,-5.60846615350173
1.581465,-5.60697622815645
1.58147,-5.6054865868416
1.581475,-5.60399722972075
1.58148,-5.60250815695678
1.581485,-5.60101936871247
1.58149,-5.59953086515025
1.581495,-5.59804264643234
1.5815,-5.59655471272049
1.581505,-5.59506706417657
1.58151,-5.59357970096175
1.581515,-5.59209262323715
1.58152,-5.59060583116348
1.581525,-5.58911932490118
1.58153,-5.5876331046106
1.581535,-5.58614717045163
1.58154,-5.58466152258386
1.581545,-5.58317616116669
1.58155,-5.58169108635906
1.581555,-5.58020629832003
1.58156,-5.57872179720796
1.581565,-5.57723758318114
1.58157,-5.57575365639747
1.581575,-5.5742700170146
1.58158,-5.57278666519005
1.581585,-5.5713036010809
1.58159,-5.56982082484395
1.581595,-5.56833833663573
1.5816,-5.56685613661254
1.581605,-5.56537422493041
1.58161,-5.56389260174508
1.581615,-5.56241126721196
1.58162,-5.56093022148618
1.581625,-5.55944946472266
1.58163,-5.55796899707585
1.581635,-5.55648881870033
1.58164,-5.55500892974997
1.581645,-5.55352933037861
1.58165,-5.55205002073967
1.581655,-5.5505710009863
1.58166,-5.5490922712716
1.581665,-5.5476138317481
1.58167,-5.54613568256829
1.581675,-5.54465782388408
1.58168,-5.54318025584732
1.581685,-5.54170297860973
1.58169,-5.54022599232243
1.581695,-5.53874929713645
1.5817,-5.53727289320243
1.581705,-5.53579678067077
1.58171,-5.53432095969175
1.581715,-5.53284543041516
1.58172,-5.5313701929907
1.581725,-5.52989524756753
1.58173,-5.52842059429469
1.581735,-5.52694623332116
1.58174,-5.52547216479527
1.581745,-5.5239983888653
1.58175,-5.52252490567913
1.581755,-5.52105171538441
1.58176,-5.5195788181285
1.581765,-5.51810621405869
1.58177,-5.51663390332169
1.581775,-5.51516188606409
1.58178,-5.51369016243214
1.581785,-5.51221873257174
1.58179,-5.51074759662894
1.581795,-5.50927675474893
1.5818,-5.50780620707702
1.581805,-5.5063359537581
1.58181,-5.50486599493667
1.581815,-5.50339633075729
1.58182,-5.50192696136405
1.581825,-5.50045788690062
1.58183,-5.49898910751063
1.581835,-5.49752062333725
1.58184,-5.49605243452363
1.581845,-5.4945845412124
1.58185,-5.49311694354604
1.581855,-5.49164964166673
1.58186,-5.49018263571633
1.581865,-5.4887159258364
1.58187,-5.48724951216847
1.581875,-5.4857833948535
1.58188,-5.48431757403237
1.581885,-5.48285204984561
1.58189,-5.48138682243334
1.581895,-5.47992189193575
1.5819,-5.47845725849252
1.581905,-5.47699292224311
1.58191,-5.47552888332662
1.581915,-5.47406514188194
1.58192,-5.47260169804784
1.581925,-5.4711385519626
1.58193,-5.46967570376435
1.581935,-5.46821315359093
1.58194,-5.46675090157974
1.581945,-5.46528894786826
1.58195,-5.46382729259345
1.581955,-5.46236593589206
1.58196,-5.46090487790052
1.581965,-5.45944411875492
1.58197,-5.45798365859145
1.581975,-5.45652349754568
1.58198,-5.45506363575295
1.581985,-5.45360407334838
1.58199,-5.45214481046689
1.581995,-5.45068584724297
1.582,-5.44922718381107
1.582005,-5.44776882030515
1.58201,-5.44631075685904
1.582015,-5.44485299360626
1.58202,-5.44339553067985
1.582025,-5.44193836821315
1.58203,-5.44048150633865
1.582035,-5.43902494518881
1.58204,-5.43756868489584
1.582045,-5.43611272559156
1.58205,-5.43465706740775
1.582055,-5.43320171047569
1.58206,-5.43174665492654
1.582065,-5.43029190089112
1.58207,-5.42883744849987
1.582075,-5.42738329788329
1.58208,-5.42592944917138
1.582085,-5.42447590249385
1.58209,-5.42302265798026
1.582095,-5.42156971575976
1.5821,-5.42011707596148
1.582105,-5.41866473871401
1.58211,-5.41721270414587
1.582115,-5.41576097238518
1.58212,-5.4143095435599
1.582125,-5.41285841779759
1.58213,-5.41140759522578
1.582135,-5.4099570759715
1.58214,-5.40850686016165
1.582145,-5.40705694792278
1.58215,-5.40560733938115
1.582155,-5.40415803466306
1.58216,-5.40270903389413
1.582165,-5.40126033719991
1.58217,-5.39981194470573
1.582175,-5.39836385653644
1.58218,-5.39691607281704
1.582185,-5.39546859367188
1.58219,-5.39402141922522
1.582195,-5.39257454960103
1.5822,-5.39112798492284
1.582205,-5.3896817253143
1.58221,-5.38823577089854
1.582215,-5.3867901217984
1.58222,-5.3853447781366
1.582225,-5.38389974003538
1.58223,-5.3824550076171
1.582235,-5.38101058100354
1.58224,-5.37956646031619
1.582245,-5.37812264567657
1.58225,-5.37667913720564
1.582255,-5.37523593502413
1.58226,-5.37379303925286
1.582265,-5.37235045001197
1.58227,-5.37090816742156
1.582275,-5.36946619160137
1.58228,-5.36802452267085
1.582285,-5.36658316074948
1.58229,-5.36514210595607
1.582295,-5.3637013584095
1.5823,-5.36226091822817
1.582305,-5.36082078553019
1.58231,-5.35938096043378
1.582315,-5.35794144305652
1.58232,-5.3565022335159
1.582325,-5.35506333192905
1.58233,-5.35362473841287
1.582335,-5.35218645308419
1.58234,-5.35074847605937
1.582345,-5.34931080745453
1.58235,-5.34787344738563
1.582355,-5.34643639596814
1.58236,-5.34499965331774
1.582365,-5.34356321954939
1.58237,-5.34212709477802
1.582375,-5.3406912791182
1.58238,-5.33925577268436
1.582385,-5.3378205755905
1.58239,-5.33638568795056
1.582395,-5.33495110987821
1.5824,-5.33351684148662
1.582405,-5.33208288288905
1.58241,-5.33064923419806
1.582415,-5.3292158955266
1.58242,-5.32778286698671
1.582425,-5.32635014869063
1.58243,-5.32491774075002
1.582435,-5.32348564327648
1.58244,-5.32205385638137
1.582445,-5.32062238017579
1.58245,-5.31919121477038
1.582455,-5.31776036027584
1.58246,-5.3163298168022
1.582465,-5.31489958445986
1.58247,-5.31346966335834
1.582475,-5.31204005360728
1.58248,-5.31061075531594
1.582485,-5.30918176859322
1.58249,-5.30775309354813
1.582495,-5.30632473028903
1.5825,-5.30489667892425
1.582505,-5.30346893956175
1.58251,-5.30204151230936
1.582515,-5.30061439727443
1.58252,-5.29918759456447
1.582525,-5.29776110428634
1.58253,-5.29633492654686
1.582535,-5.29490906145249
1.58254,-5.29348350910943
1.582545,-5.29205826962384
1.58255,-5.29063334310143
1.582555,-5.28920872964766
1.58256,-5.28778442936779
1.582565,-5.28636044236683
1.58257,-5.28493676874958
1.582575,-5.28351340862055
1.58258,-5.28209036208402
1.582585,-5.28066762924393
1.58259,-5.279245210204
1.582595,-5.2778231050679
1.5826,-5.27640131393885
1.582605,-5.2749798369198
1.58261,-5.27355867411359
1.582615,-5.27213782562269
1.58262,-5.27071729154926
1.582625,-5.2692970719956
1.58263,-5.26787716706337
1.582635,-5.26645757685406
1.58264,-5.26503830146901
1.582645,-5.26361934100911
1.58265,-5.2622006955754
1.582655,-5.26078236526827
1.58266,-5.25936435018804
1.582665,-5.25794665043484
1.58267,-5.25652926610825
1.582675,-5.25511219730812
1.58268,-5.25369544413368
1.582685,-5.25227900668395
1.58269,-5.2508628850578
1.582695,-5.24944707935366
1.5827,-5.24803158967008
1.582705,-5.2466164161051
1.58271,-5.24520155875657
1.582715,-5.24378701772204
1.58272,-5.24237279309883
1.582725,-5.2409588849842
1.58273,-5.23954529347494
1.582735,-5.23813201866771
1.58274,-5.23671906065891
1.582745,-5.23530641954463
1.58275,-5.23389409542073
1.582755,-5.23248208838301
1.58276,-5.23107039852679
1.582765,-5.22965902594731
1.58277,-5.22824797073948
1.582775,-5.22683723299785
1.58278,-5.22542681281712
1.582785,-5.22401671029135
1.58279,-5.22260692551451
1.582795,-5.22119745858037
1.5828,-5.21978830958232
1.582805,-5.21837947861374
1.58281,-5.21697096576756
1.582815,-5.21556277113657
1.58282,-5.2141548948133
1.582825,-5.21274733688989
1.58283,-5.21134009745863
1.582835,-5.20993317661117
1.58284,-5.20852657443907
1.582845,-5.20712029103373
1.58285,-5.20571432648612
1.582855,-5.20430868088723
1.58286,-5.20290335432758
1.582865,-5.20149834689759
1.58287,-5.2000936586874
1.582875,-5.19868928978683
1.58288,-5.19728524028547
1.582885,-5.19588151027297
1.58289,-5.19447809983841
1.582895,-5.19307500907069
1.5829,-5.19167223805853
1.582905,-5.19026978689033
1.58291,-5.18886765565453
1.582915,-5.18746584443898
1.58292,-5.18606435333145
1.582925,-5.1846631824195
1.58293,-5.18326233179034
1.582935,-5.18186180153115
1.58294,-5.18046159172866
1.582945,-5.1790617024695
1.58295,-5.17766213384002
1.582955,-5.17626288592619
1.58296,-5.17486395881408
1.582965,-5.17346535258929
1.58297,-5.17206706733716
1.582975,-5.17066910314294
1.58298,-5.16927146009146
1.582985,-5.16787413826758
1.58299,-5.16647713775567
1.582995,-5.16508045864002
1.583,-5.16368410100465
1.583005,-5.16228806493327
1.58301,-5.16089235050933
1.583015,-5.15949695781639
1.58302,-5.15810188693737
1.583025,-5.15670713795517
1.58303,-5.15531271095239
1.583035,-5.15391860601129
1.58304,-5.15252482321419
1.583045,-5.15113136264297
1.58305,-5.14973822437927
1.583055,-5.14834540850458
1.58306,-5.14695291510005
1.583065,-5.1455607442468
1.58307,-5.14416889602551
1.583075,-5.14277737051676
1.58308,-5.14138616780079
1.583085,-5.13999528795765
1.58309,-5.13860473106736
1.583095,-5.13721449720934
1.5831,-5.13582458646313
1.583105,-5.13443499890779
1.58311,-5.13304573462214
1.583115,-5.13165679368513
1.58312,-5.13026817617509
1.583125,-5.12887988217029
1.58313,-5.12749191174877
1.583135,-5.12610426498825
1.58314,-5.1247169419662
1.583145,-5.12332994276019
1.58315,-5.12194326744717
1.583155,-5.12055691610408
1.58316,-5.11917088880752
1.583165,-5.11778518563385
1.58317,-5.11639980665948
1.583175,-5.11501475196017
1.58318,-5.11363002161182
1.583185,-5.11224561568985
1.58319,-5.11086153426945
1.583195,-5.10947777742594
1.5832,-5.10809434523401
1.583205,-5.10671123776832
1.58321,-5.10532845510323
1.583215,-5.10394599731284
1.58322,-5.10256386447125
1.583225,-5.10118205665213
1.58323,-5.09980057392897
1.583235,-5.09841941637494
1.58324,-5.09703858406324
1.583245,-5.09565807706646
1.58325,-5.09427789545751
1.583255,-5.09289803930861
1.58326,-5.09151850869188
1.583265,-5.09013930367933
1.58327,-5.0887604243425
1.583275,-5.08738187075313
1.58328,-5.08600364298234
1.583285,-5.08462574110121
1.58329,-5.08324816518053
1.583295,-5.08187091529084
1.5833,-5.08049399150267
1.583305,-5.07911739388612
1.58331,-5.07774112251108
1.583315,-5.07636517744731
1.58332,-5.07498955876418
1.583325,-5.07361426653118
1.58333,-5.07223930081724
1.583335,-5.07086466169123
1.58334,-5.06949034922172
1.583345,-5.06811636347707
1.58335,-5.06674270452558
1.583355,-5.06536937243518
1.58336,-5.06399636727353
1.583365,-5.06262368910823
1.58337,-5.06125133800651
1.583375,-5.05987931403543
1.58338,-5.05850761726197
1.583385,-5.05713624775274
1.58339,-5.05576520557413
1.583395,-5.05439449079239
1.5834,-5.05302410347338
1.583405,-5.0516540436831
1.58341,-5.05028431148698
1.583415,-5.0489149069504
1.58342,-5.04754583013846
1.583425,-5.046177081116
1.58343,-5.04480865994787
1.583435,-5.04344056669851
1.58344,-5.04207280143211
1.583445,-5.04070536421279
1.58345,-5.03933825510423
1.583455,-5.03797147417028
1.58346,-5.03660502147421
1.583465,-5.0352388970792
1.58347,-5.03387310104833
1.583475,-5.0325076334441
1.58348,-5.03114249432937
1.583485,-5.02977768376635
1.58349,-5.02841320181712
1.583495,-5.02704904854363
1.5835,-5.02568522400753
1.583505,-5.02432172827024
1.58351,-5.02295856139317
1.583515,-5.02159572343734
1.58352,-5.02023321446352
1.583525,-5.0188710345324
1.58353,-5.01750918370424
1.583535,-5.01614766203944
1.58354,-5.01478646959796
1.583545,-5.01342560643955
1.58355,-5.01206507262376
1.583555,-5.01070486820988
1.58356,-5.00934499325722
1.583565,-5.00798544782465
1.58357,-5.00662623197086
1.583575,-5.00526734575437
1.58358,-5.00390878923347
1.583585,-5.00255056246632
1.58359,-5.0011926655108
1.583595,-4.99983509842458
1.5836,-4.9984778612651
1.583605,-4.99712095408955
1.58361,-4.99576437695514
1.583615,-4.9944081299186
1.58362,-4.99305221303668
1.583625,-4.99169662636564
1.58363,-4.99034136996181
1.583635,-4.98898644388109
1.58364,-4.98763184817943
1.583645,-4.98627758291238
1.58365,-4.98492364813527
1.583655,-4.98357004390329
1.58366,-4.98221677027137
1.583665,-4.98086382729446
1.58367,-4.97951121502696
1.583675,-4.97815893352331
1.58368,-4.97680698283757
1.583685,-4.97545536302362
1.58369,-4.97410407413541
1.583695,-4.9727531162264
1.5837,-4.97140248934984
1.583705,-4.97005219355888
1.58371,-4.96870222890642
1.583715,-4.96735259544522
1.58372,-4.96600329322779
1.583725,-4.96465432230644
1.58373,-4.96330568273321
1.583735,-4.96195737455992
1.58374,-4.96060939783847
1.583745,-4.95926175262028
1.58375,-4.95791443895657
1.583755,-4.95656745689844
1.58376,-4.9552208064968
1.583765,-4.95387448780225
1.58377,-4.9525285008654
1.583775,-4.95118284573646
1.58378,-4.94983752246548
1.583785,-4.94849253110231
1.58379,-4.94714787169658
1.583795,-4.94580354429795
1.5838,-4.94445954895553
1.583805,-4.94311588571839
1.58381,-4.94177255463545
1.583815,-4.94042955575526
1.58382,-4.93908688912645
1.583825,-4.93774455479717
1.58383,-4.93640255281553
1.583835,-4.9350608832294
1.58384,-4.9337195460863
1.583845,-4.93237854143388
1.58385,-4.93103786931937
1.583855,-4.92969752978982
1.58386,-4.92835752289206
1.583865,-4.92701784867266
1.58387,-4.92567850717833
1.583875,-4.92433949845521
1.58388,-4.92300082254941
1.583885,-4.92166247950681
1.58389,-4.92032446937304
1.583895,-4.9189867921935
1.5839,-4.9176494480137
1.583905,-4.91631243687863
1.58391,-4.91497575883315
1.583915,-4.91363941392195
1.58392,-4.91230340218948
1.583925,-4.91096772368023
1.58393,-4.90963237843812
1.583935,-4.90829736650721
1.58394,-4.90696268793111
1.583945,-4.90562834275326
1.58395,-4.90429433101721
1.583955,-4.902960652766
1.58396,-4.90162730804253
1.583965,-4.90029429688953
1.58397,-4.8989616193495
1.583975,-4.89762927546494
1.58398,-4.89629726527796
1.583985,-4.89496558883053
1.58399,-4.89363424616438
1.583995,-4.89230323732108
1.584,-4.89097256234198
1.584005,-4.8896422212684
1.58401,-4.8883122141413
1.584015,-4.8869825410015
1.58402,-4.88565320188951
1.584025,-4.88432419684581
1.58403,-4.88299552591072
1.584035,-4.88166718912419
1.58404,-4.88033918652612
1.584045,-4.87901151815611
1.58405,-4.87768418405359
1.584055,-4.87635718425803
1.58406,-4.87503051880837
1.584065,-4.8737041877435
1.58407,-4.87237819110218
1.584075,-4.87105252892278
1.58408,-4.86972720124386
1.584085,-4.86840220810341
1.58409,-4.86707754953944
1.584095,-4.8657532255897
1.5841,-4.86442923629157
1.584105,-4.86310558168276
1.58411,-4.86178226180026
1.584115,-4.86045927668109
1.58412,-4.85913662636211
1.584125,-4.85781431087989
1.58413,-4.85649233027083
1.584135,-4.85517068457132
1.58414,-4.85384937381738
1.584145,-4.85252839804483
1.58415,-4.85120775728942
1.584155,-4.84988745158654
1.58416,-4.84856748097163
1.584165,-4.84724784547983
1.58417,-4.84592854514598
1.584175,-4.84460958000495
1.58418,-4.84329095009114
1.584185,-4.84197265543912
1.58419,-4.84065469608304
1.584195,-4.83933707205688
1.5842,-4.8380197833945
1.584205,-4.83670283012943
1.58421,-4.83538621229534
1.584215,-4.83406992992539
1.58422,-4.8327539830527
1.584225,-4.83143837171015
1.58423,-4.83012309593041
1.584235,-4.82880815574616
1.58424,-4.82749355118972
1.584245,-4.8261792822932
1.58425,-4.82486534908867
1.584255,-4.82355175160786
1.58426,-4.82223848988237
1.584265,-4.82092556394378
1.58427,-4.81961297382331
1.584275,-4.81830071955199
1.58428,-4.81698880116076
1.584285,-4.81567721868021
1.58429,-4.81436597214109
1.584295,-4.81305506157364
1.5843,-4.81174448700805
1.584305,-4.8104342484743
1.58431,-4.80912434600213
1.584315,-4.80781477962132
1.58432,-4.80650554936128
1.584325,-4.80519665525123
1.58433,-4.80388809732031
1.584335,-4.80257987559729
1.58434,-4.80127199011114
1.584345,-4.79996444089028
1.58435,-4.79865722796312
1.584355,-4.79735035135781
1.58436,-4.79604381110233
1.584365,-4.79473760722465
1.58437,-4.7934317397524
1.584375,-4.79212620871299
1.58438,-4.7908210141338
1.584385,-4.78951615604189
1.58439,-4.78821163446418
1.584395,-4.78690744942757
1.5844,-4.78560360095858
1.584405,-4.7843000890837
1.58441,-4.78299691382905
1.584415,-4.78169407522069
1.58442,-4.7803915732847
1.584425,-4.77908940804665
1.58443,-4.77778757953212
1.584435,-4.77648608776644
1.58444,-4.77518493277475
1.584445,-4.7738841145822
1.58445,-4.77258363321356
1.584455,-4.77128348869348
1.58446,-4.76998368104642
1.584465,-4.76868421029672
1.58447,-4.76738507646854
1.584475,-4.76608627958585
1.58448,-4.76478781967246
1.584485,-4.76348969675193
1.58449,-4.76219191084765
1.584495,-4.76089446198304
1.5845,-4.75959735018115
1.584505,-4.75830057546485
1.58451,-4.75700413785692
1.584515,-4.75570803738
1.58452,-4.75441227405628
1.584525,-4.75311684790828
1.58453,-4.75182175895797
1.584535,-4.75052700722719
1.58454,-4.7492325927377
1.584545,-4.74793851551094
1.58455,-4.74664477556844
1.584555,-4.74535137293138
1.58456,-4.7440583076208
1.584565,-4.74276557965751
1.58457,-4.74147318906217
1.584575,-4.74018113585544
1.58458,-4.73888942005758
1.584585,-4.73759804168883
1.58459,-4.7363070007692
1.584595,-4.73501629731841
1.5846,-4.73372593135636
1.584605,-4.73243590290243
1.58461,-4.73114621197596
1.584615,-4.72985685859616
1.58462,-4.72856784278196
1.584625,-4.72727916455232
1.58463,-4.72599082392587
1.584635,-4.72470282092106
1.58464,-4.72341515555622
1.584645,-4.72212782784957
1.58465,-4.72084083781902
1.584655,-4.71955418548254
1.58466,-4.71826787085769
1.584665,-4.71698189396206
1.58467,-4.71569625481286
1.584675,-4.71441095342726
1.58468,-4.71312598982242
1.584685,-4.71184136401506
1.58469,-4.71055707602183
1.584695,-4.70927312585929
1.5847,-4.70798951354369
1.584705,-4.70670623909134
1.58471,-4.70542330251814
1.584715,-4.70414070384
1.58472,-4.70285844307259
1.584725,-4.7015765202313
1.58473,-4.70029493533164
1.584735,-4.69901368838878
1.58474,-4.69773277941772
1.584745,-4.69645220843329
1.58475,-4.69517197545018
1.584755,-4.69389208048288
1.58476,-4.69261252354595
1.584765,-4.69133330465346
1.58477,-4.69005442381944
1.584775,-4.68877588105784
1.58478,-4.68749767638228
1.584785,-4.68621980980646
1.58479,-4.68494228134369
1.584795,-4.68366509100724
1.5848,-4.6823882388102
1.584805,-4.68111172476534
1.58481,-4.6798355488856
1.584815,-4.67855971118351
1.58482,-4.67728421167153
1.584825,-4.67600905036187
1.58483,-4.67473422726656
1.584835,-4.67345974239776
1.58484,-4.67218559576714
1.584845,-4.67091178738637
1.58485,-4.66963831726694
1.584855,-4.66836518542001
1.58486,-4.66709239185692
1.584865,-4.66581993658862
1.58487,-4.66454781962595
1.584875,-4.66327604097954
1.58488,-4.66200460065992
1.584885,-4.6607334986774
1.58489,-4.65946273504232
1.584895,-4.65819230976468
1.5849,-4.65692222285436
1.584905,-4.65565247432108
1.58491,-4.65438306417429
1.584915,-4.65311399242365
1.58492,-4.65184525907829
1.584925,-4.65057686414735
1.58493,-4.64930880763978
1.584935,-4.6480410895642
1.58494,-4.64677370992955
1.584945,-4.64550666874414
1.58495,-4.64423996601629
1.584955,-4.64297360175422
1.58496,-4.64170757596581
1.584965,-4.64044188865914
1.58497,-4.63917653984183
1.584975,-4.63791152952138
1.58498,-4.63664685770518
1.584985,-4.63538252440045
1.58499,-4.63411852961439
1.584995,-4.63285487335389
1.585,-4.6315915556257
1.585005,-4.63032857643647
1.58501,-4.6290659357927
1.585015,-4.62780363370055
1.58502,-4.62654167016638
1.585025,-4.62528004519616
1.58503,-4.62401875879571
1.585035,-4.62275781097077
1.58504,-4.62149720172678
1.585045,-4.62023693106935
1.58505,-4.61897699900362
1.585055,-4.61771740553473
1.58506,-4.61645815066762
1.585065,-4.61519923440693
1.58507,-4.6139406567576
1.585075,-4.61268241772396
1.58508,-4.61142451731036
1.585085,-4.61016695552104
1.58509,-4.60890973235991
1.585095,-4.60765284783109
1.5851,-4.60639630193819
1.585105,-4.60514009468485
1.58511,-4.60388422607448
1.585115,-4.60262869611033
1.58512,-4.60137350479567
1.585125,-4.60011865213347
1.58513,-4.59886413812653
1.585135,-4.59760996277761
1.58514,-4.59635612608924
1.585145,-4.59510262806366
1.58515,-4.59384946870345
1.585155,-4.59259664801047
1.58516,-4.59134416598684
1.585165,-4.59009202263423
1.58517,-4.58884021795435
1.585175,-4.58758875194882
1.58518,-4.58633762461892
1.585185,-4.58508683596591
1.58519,-4.58383638599083
1.585195,-4.58258627469458
1.5852,-4.58133650207808
1.585205,-4.5800870681419
1.58521,-4.57883797288653
1.585215,-4.57758921631234
1.58522,-4.5763407984194
1.585225,-4.575092719208
1.58523,-4.57384497867793
1.585235,-4.57259757682898
1.58524,-4.57135051366075
1.585245,-4.57010378917267
1.58525,-4.5688574033642
1.585255,-4.56761135623446
1.58526,-4.56636564778257
1.585265,-4.56512027800731
1.58527,-4.56387524690757
1.585275,-4.56263055448175
1.58528,-4.56138620072862
1.585285,-4.56014218564631
1.58529,-4.55889850923308
1.585295,-4.55765517148698
1.5853,-4.55641217240578
1.585305,-4.55516951198746
1.58531,-4.55392719022951
1.585315,-4.55268520712944
1.58532,-4.55144356268456
1.585325,-4.550202256892
1.58533,-4.54896128974895
1.585335,-4.54772066125227
1.58534,-4.5464803713987
1.585345,-4.54524042018491
1.58535,-4.54400080760724
1.585355,-4.54276153366222
1.58536,-4.54152259834606
1.585365,-4.5402840016547
1.58537,-4.53904574358415
1.585375,-4.5378078241301
1.58538,-4.53657024328834
1.585385,-4.53533300105433
1.58539,-4.53409609742341
1.585395,-4.53285953239083
1.5854,-4.53162330595164
1.585405,-4.53038741810077
1.58541,-4.52915186883314
1.585415,-4.52791665814336
1.58542,-4.52668178602599
1.585425,-4.52544725247545
1.58543,-4.52421305748586
1.585435,-4.52297920105155
1.58544,-4.5217456831664
1.585445,-4.52051250382429
1.58545,-4.51927966301889
1.585455,-4.51804716074369
1.58546,-4.51681499699234
1.585465,-4.51558317175807
1.58547,-4.51435168503399
1.585475,-4.51312053681317
1.58548,-4.51188972708839
1.585485,-4.51065925585262
1.58549,-4.50942912309834
1.585495,-4.50819932881804
1.5855,-4.50696987300413
1.585505,-4.50574075564882
1.58551,-4.50451197674405
1.585515,-4.503283536282
1.58552,-4.50205543425434
1.585525,-4.50082767065275
1.58553,-4.49960024546883
1.585535,-4.49837315869389
1.58554,-4.49714641031934
1.585545,-4.49592000033628
1.58555,-4.49469392873569
1.585555,-4.49346819550841
1.58556,-4.49224280064518
1.585565,-4.49101774413675
1.58557,-4.48979302597349
1.585575,-4.48856864614573
1.58558,-4.48734460464373
1.585585,-4.48612090145749
1.58559,-4.48489753657708
1.585595,-4.48367450999228
1.5856,-4.48245182169272
1.585605,-4.48122947166795
1.58561,-4.48000745990737
1.585615,-4.47878578640042
1.58562,-4.47756445113614
1.585625,-4.47634345410356
1.58563,-4.47512279529162
1.585635,-4.47390247468908
1.58564,-4.47268249228445
1.585645,-4.47146284806642
1.58565,-4.47024354202331
1.585655,-4.46902457414338
1.58566,-4.46780594441469
1.585665,-4.46658765282515
1.58567,-4.46536969936283
1.585675,-4.46415208401538
1.58568,-4.46293480677036
1.585685,-4.46171786761523
1.58569,-4.4605012665373
1.585695,-4.45928500352395
1.5857,-4.45806907856215
1.585705,-4.45685349163885
1.58571,-4.45563824274092
1.585715,-4.45442333185499
1.58572,-4.45320875896776
1.585725,-4.45199452406559
1.58573,-4.45078062713484
1.585735,-4.44956706816172
1.58574,-4.44835384713215
1.585745,-4.44714096403226
1.58575,-4.44592841884781
1.585755,-4.44471621156449
1.58576,-4.44350434216783
1.585765,-4.44229281064325
1.58577,-4.44108161697604
1.585775,-4.43987076115148
1.58578,-4.43866024315462
1.585785,-4.43745006297037
1.58579,-4.43624022058351
1.585795,-4.43503071597865
1.5858,-4.43382154914053
1.585805,-4.43261272005353
1.58581,-4.43140422870186
1.585815,-4.43019607506984
1.58582,-4.42898825914136
1.585825,-4.42778078090052
1.58583,-4.42657364033112
1.585835,-4.42536683741682
1.58584,-4.42416037214111
1.585845,-4.4229542444875
1.58585,-4.42174845443937
1.585855,-4.42054300197984
1.58586,-4.41933788709204
1.585865,-4.4181331097589
1.58587,-4.41692866996311
1.585875,-4.41572456768766
1.58588,-4.41452080291497
1.585885,-4.41331737562751
1.58589,-4.41211428580766
1.585895,-4.4109115334376
1.5859,-4.40970911849939
1.585905,-4.40850704097518
1.58591,-4.40730530084666
1.585915,-4.40610389809569
1.58592,-4.40490283270381
1.585925,-4.40370210465242
1.58593,-4.40250171392312
1.585935,-4.40130166049704
1.58594,-4.40010194435535
1.585945,-4.39890256547907
1.58595,-4.39770352384893
1.585955,-4.396504819446
1.58596,-4.39530645225077
1.585965,-4.39410842224378
1.58597,-4.39291072940549
1.585975,-4.39171337371608
1.58598,-4.39051635515593
1.585985,-4.38931967370499
1.58599,-4.38812332934326
1.585995,-4.38692732205049
1.586,-4.38573165180638
1.586005,-4.38453631859068
1.58601,-4.38334132238269
1.586015,-4.3821466631619
1.58602,-4.38095234090746
1.586025,-4.3797583555985
1.58603,-4.37856470721397
1.586035,-4.3773713957329
1.58604,-4.37617842113402
1.586045,-4.37498578339593
1.58605,-4.37379348249721
1.586055,-4.37260151841618
1.58606,-4.37140989113133
1.586065,-4.37021860062075
1.58607,-4.36902764686254
1.586075,-4.36783702983462
1.58608,-4.3666467495148
1.586085,-4.36545680588093
1.58609,-4.36426719891059
1.586095,-4.36307792858123
1.5861,-4.36188899487029
1.586105,-4.36070039775489
1.58611,-4.35951213721242
1.586115,-4.35832421321983
1.58612,-4.35713662575396
1.586125,-4.35594937479177
1.58613,-4.35476246030972
1.586135,-4.35357588228472
1.58614,-4.35238964069301
1.586145,-4.3512037355111
1.58615,-4.35001816671509
1.586155,-4.34883293428125
1.58616,-4.3476480381854
1.586165,-4.34646347840374
1.58617,-4.34527925491185
1.586175,-4.3440953676855
1.58618,-4.34291181670027
1.586185,-4.3417286019315
1.58619,-4.34054572335473
1.586195,-4.33936318094509
1.5862,-4.33818097467774
1.586205,-4.33699910452766
1.58621,-4.33581757046971
1.586215,-4.33463637247881
1.58622,-4.33345551052959
1.586225,-4.33227498459659
1.58623,-4.33109479465432
1.586235,-4.329914940677
1.58624,-4.32873542263907
1.586245,-4.32755624051455
1.58625,-4.32637739427749
1.586255,-4.32519888390178
1.58626,-4.32402070936124
1.586265,-4.32284287062947
1.58627,-4.32166536768019
1.586275,-4.32048820048689
1.58628,-4.3193113690228
1.586285,-4.31813487326128
1.58629,-4.31695871317538
1.586295,-4.31578288873828
1.5863,-4.31460739992285
1.586305,-4.31343224670189
1.58631,-4.31225742904816
1.586315,-4.31108294693413
1.58632,-4.30990880033252
1.586325,-4.3087349892156
1.58633,-4.30756151355565
1.586335,-4.3063883733249
1.58634,-4.30521556849534
1.586345,-4.30404309903905
1.58635,-4.30287096492785
1.586355,-4.30169916613346
1.58636,-4.30052770262757
1.586365,-4.29935657438158
1.58637,-4.29818578136711
1.586375,-4.29701532355548
1.58638,-4.29584520091779
1.586385,-4.29467541342524
1.58639,-4.29350596104884
1.586395,-4.29233684375938
1.5864,-4.29116806152786
1.586405,-4.28999961432487
1.58641,-4.28883150212098
1.586415,-4.28766372488674
1.58642,-4.28649628259244
1.586425,-4.28532917520849
1.58643,-4.28416240270502
1.586435,-4.28299596505206
1.58644,-4.28182986221957
1.586445,-4.2806640941774
1.58645,-4.27949866089544
1.586455,-4.27833356234325
1.58646,-4.27716879849042
1.586465,-4.27600436930635
1.58647,-4.27484027476032
1.586475,-4.27367651482178
1.58648,-4.27251308945977
1.586485,-4.27134999864332
1.58649,-4.27018724234139
1.586495,-4.2690248205227
1.5865,-4.26786273315615
1.586505,-4.26670098021034
1.58651,-4.26553956165377
1.586515,-4.26437847745487
1.58652,-4.26321772758194
1.586525,-4.26205731200322
1.58653,-4.26089723068687
1.586535,-4.25973748360093
1.58654,-4.25857807071331
1.586545,-4.25741899199179
1.58655,-4.25626024740403
1.586555,-4.25510183691785
1.58656,-4.25394376050069
1.586565,-4.25278601811994
1.58657,-4.25162860974291
1.586575,-4.2504715353368
1.58658,-4.24931479486888
1.586585,-4.24815838830607
1.58659,-4.24700231561529
1.586595,-4.24584657676341
1.5866,-4.24469117171708
1.586605,-4.24353610044305
1.58661,-4.24238136290776
1.586615,-4.2412269590777
1.58662,-4.24007288891919
1.586625,-4.23891915239836
1.58663,-4.2377657494815
1.586635,-4.23661268013461
1.58664,-4.23545994432364
1.586645,-4.23430754201439
1.58665,-4.23315547317261
1.586655,-4.23200373776392
1.58666,-4.23085233575402
1.586665,-4.22970126710826
1.58667,-4.22855053179199
1.586675,-4.22740012977052
1.58668,-4.22625006100894
1.586685,-4.22510032547239
1.58669,-4.2239509231259
1.586695,-4.22280185393426
1.5867,-4.22165311786226
1.586705,-4.22050471487454
1.58671,-4.21935664493585
1.586715,-4.21820890801058
1.58672,-4.21706150406312
1.586725,-4.21591443305782
1.58673,-4.21476769495876
1.586735,-4.21362128973028
1.58674,-4.21247521733631
1.586745,-4.21132947774073
1.58675,-4.21018407090738
1.586755,-4.20903899679996
1.58676,-4.20789425538227
1.586765,-4.20674984661771
1.58677,-4.20560577046985
1.586775,-4.20446202690197
1.58678,-4.20331861587735
1.586785,-4.20217553735912
1.58679,-4.20103279131048
1.586795,-4.19989037769438
1.5868,-4.19874829647373
1.586805,-4.19760654761128
1.58681,-4.19646513106967
1.586815,-4.19532404681172
1.58682,-4.19418329479984
1.586825,-4.19304287499649
1.58683,-4.19190278736403
1.586835,-4.19076303186454
1.58684,-4.18962360846047
1.586845,-4.18848451711372
1.58685,-4.18734575778627
1.586855,-4.18620733044004
1.58686,-4.18506923503671
1.586865,-4.18393147153818
1.58687,-4.18279403990594
1.586875,-4.18165694010156
1.58688,-4.18052017208646
1.586885,-4.17938373582188
1.58689,-4.1782476312692
1.586895,-4.17711185838956
1.5869,-4.17597641714399
1.586905,-4.1748413074935
1.58691,-4.17370652939895
1.586915,-4.1725720828211
1.58692,-4.17143796772077
1.586925,-4.17030418405856
1.58693,-4.16917073179499
1.586935,-4.16803761089043
1.58694,-4.16690482130527
1.586945,-4.16577236299986
1.58695,-4.1646402359343
1.586955,-4.16350844006872
1.58696,-4.16237697536308
1.586965,-4.16124584177725
1.58697,-4.16011503927117
1.586975,-4.15898456780455
1.58698,-4.15785442733699
1.586985,-4.1567246178281
1.58699,-4.15559513923722
1.586995,-4.15446599152396
1.587,-4.15333717464748
1.587005,-4.15220868856704
1.58701,-4.15108053324173
1.587015,-4.14995270863062
1.58702,-4.14882521469256
1.587025,-4.1476980513866
1.58703,-4.14657121867144
1.587035,-4.1454447165057
1.58704,-4.14431854484812
1.587045,-4.143192703657
1.58705,-4.14206719289107
1.587055,-4.14094201250847
1.58706,-4.13981716246759
1.587065,-4.1386926427265
1.58707,-4.13756845324332
1.587075,-4.13644459397611
1.58708,-4.13532106488283
1.587085,-4.1341978659212
1.58709,-4.1330749970491
1.587095,-4.131952458224
1.5871,-4.13083024940375
1.587105,-4.12970837054568
1.58711,-4.12858682160727
1.587115,-4.12746560254586
1.58712,-4.12634471331858
1.587125,-4.12522415388279
1.58713,-4.12410392419546
1.587135,-4.12298402421364
1.58714,-4.12186445389418
1.587145,-4.12074521319398
1.58715,-4.11962630206966
1.587155,-4.11850772047809
1.58716,-4.11738946837573
1.587165,-4.11627154571913
1.58717,-4.11515395246466
1.587175,-4.11403668856863
1.58718,-4.1129197539874
1.587185,-4.11180314867712
1.58719,-4.11068687259383
1.587195,-4.10957092569355
1.5872,-4.1084553079322
1.587205,-4.10734001926567
1.58721,-4.10622505964973
1.587215,-4.10511042904005
1.58722,-4.10399612739221
1.587225,-4.10288215466169
1.58723,-4.10176851080404
1.587235,-4.10065519577459
1.58724,-4.09954220952858
1.587245,-4.09842955202125
1.58725,-4.0973172232076
1.587255,-4.09620522304282
1.58726,-4.09509355148188
1.587265,-4.09398220847955
1.58727,-4.09287119399068
1.587275,-4.09176050797002
1.58728,-4.09065015037207
1.587285,-4.08954012115161
1.58729,-4.08843042026299
1.587295,-4.08732104766065
1.5873,-4.08621200329889
1.587305,-4.08510328713187
1.58731,-4.08399489911395
1.587315,-4.08288683919914
1.58732,-4.08177910734142
1.587325,-4.08067170349475
1.58733,-4.07956462761288
1.587335,-4.07845787964972
1.58734,-4.07735145955899
1.587345,-4.07624536729418
1.58735,-4.07513960280892
1.587355,-4.0740341660566
1.58736,-4.07292905699071
1.587365,-4.07182427556453
1.58737,-4.07071982173126
1.587375,-4.06961569544404
1.58738,-4.06851189665593
1.587385,-4.06740842532008
1.58739,-4.0663052813893
1.587395,-4.06520246481649
1.5874,-4.06409997555436
1.587405,-4.06299781355564
1.58741,-4.06189597877288
1.587415,-4.06079447115881
1.58742,-4.05969329066577
1.587425,-4.05859243724615
1.58743,-4.05749191085232
1.587435,-4.05639171143645
1.58744,-4.0552918389508
1.587445,-4.05419229334745
1.58745,-4.05309307457837
1.587455,-4.0519941825955
1.58746,-4.05089561735067
1.587465,-4.04979737879584
1.58747,-4.04869946688261
1.587475,-4.04760188156262
1.58748,-4.04650462278747
1.587485,-4.04540769050861
1.58749,-4.04431108467755
1.587495,-4.04321480524558
1.5875,-4.04211885216401
1.587505,-4.04102322538404
1.58751,-4.03992792485668
1.587515,-4.03883295053319
1.58752,-4.03773830236442
1.587525,-4.03664398030129
1.58753,-4.03554998429468
1.587535,-4.03445631429534
1.58754,-4.03336297025386
1.587545,-4.032269952121
1.58755,-4.03117725984727
1.587555,-4.03008489338315
1.58756,-4.028992852679
1.587565,-4.02790113768507
1.58757,-4.02680974835181
1.587575,-4.02571868462929
1.58758,-4.02462794646767
1.587585,-4.02353753381699
1.58759,-4.0224474466271
1.587595,-4.02135768484806
1.5876,-4.02026824842965
1.587605,-4.01917913732164
1.58761,-4.01809035147367
1.587615,-4.01700189083529
1.58762,-4.01591375535623
1.587625,-4.01482594498589
1.58763,-4.01373845967363
1.587635,-4.0126512993688
1.58764,-4.01156446402061
1.587645,-4.01047795357837
1.58765,-4.00939176799118
1.587655,-4.00830590720808
1.58766,-4.00722037117802
1.587665,-4.00613515984992
1.58767,-4.00505027317258
1.587675,-4.0039657110949
1.58768,-4.00288147356555
1.587685,-4.00179756053316
1.58769,-4.00071397194627
1.587695,-3.99963070775329
1.5877,-3.99854776790286
1.587705,-3.99746515234322
1.58771,-3.99638286102271
1.587715,-3.99530089388954
1.58772,-3.99421925089178
1.587725,-3.99313793197765
1.58773,-3.99205693709515
1.587735,-3.99097626619219
1.58774,-3.98989591921669
1.587745,-3.98881589611641
1.58775,-3.98773619683916
1.587755,-3.98665682133268
1.58776,-3.9855777695445
1.587765,-3.98449904142217
1.58777,-3.98342063691321
1.587775,-3.98234255596494
1.58778,-3.98126479852489
1.587785,-3.98018736454026
1.58779,-3.9791102539582
1.587795,-3.97803346672597
1.5878,-3.9769570027905
1.587805,-3.97588086209897
1.58781,-3.9748050445983
1.587815,-3.97372955023531
1.58782,-3.97265437895689
1.587825,-3.97157953070967
1.58783,-3.97050500544052
1.587835,-3.969430803096
1.58784,-3.96835692362259
1.587845,-3.9672833669669
1.58785,-3.96621013307521
1.587855,-3.96513722189403
1.58786,-3.96406463336961
1.587865,-3.96299236744817
1.58787,-3.96192042407591
1.587875,-3.96084880319881
1.58788,-3.95977750476312
1.587885,-3.95870652871469
1.58789,-3.95763587499947
1.587895,-3.95656554356328
1.5879,-3.95549553435194
1.587905,-3.95442584731109
1.58791,-3.95335648238647
1.587915,-3.95228743952372
1.58792,-3.95121871866824
1.587925,-3.95015031976562
1.58793,-3.94908224276108
1.587935,-3.94801448760021
1.58794,-3.94694705422816
1.587945,-3.94587994259014
1.58795,-3.94481315263133
1.587955,-3.94374668429672
1.58796,-3.94268053753152
1.587965,-3.94161471228058
1.58797,-3.94054920848885
1.587975,-3.93948402610113
1.58798,-3.93841916506217
1.587985,-3.93735462531679
1.58799,-3.93629040680961
1.587995,-3.93522650948519
1.588,-3.9341629332881
1.588005,-3.9330996781627
1.58801,-3.93203674405359
1.588015,-3.93097413090501
1.58802,-3.92991183866128
1.588025,-3.92884986726659
1.58803,-3.92778821666514
1.588035,-3.92672688680093
1.58804,-3.9256658776182
1.588045,-3.92460518906081
1.58805,-3.92354482107272
1.588055,-3.92248477359777
1.58806,-3.92142504657968
1.588065,-3.92036563996242
1.58807,-3.91930655368949
1.588075,-3.91824778770463
1.58808,-3.91718934195129
1.588085,-3.916131216373
1.58809,-3.91507341091326
1.588095,-3.91401592551546
1.5881,-3.91295876012291
1.588105,-3.91190191467885
1.58811,-3.91084538912645
1.588115,-3.90978918340898
1.58812,-3.90873329746948
1.588125,-3.90767773125096
1.58813,-3.90662248469642
1.588135,-3.90556755774868
1.58814,-3.90451295035077
1.588145,-3.90345866244539
1.58815,-3.90240469397526
1.588155,-3.90135104488316
1.58816,-3.9002977151116
1.588165,-3.89924470460314
1.58817,-3.89819201330044
1.588175,-3.89713964114585
1.58818,-3.89608758808179
1.588185,-3.89503585405058
1.58819,-3.89398443899444
1.588195,-3.89293334285572
1.5882,-3.89188256557651
1.588205,-3.890832107099
1.58821,-3.88978196736512
1.588215,-3.88873214631688
1.58822,-3.88768264389635
1.588225,-3.88663346004532
1.58823,-3.88558459470565
1.588235,-3.88453604781907
1.58824,-3.88348781932723
1.588245,-3.88243990917199
1.58825,-3.8813923172948
1.588255,-3.88034504363725
1.58826,-3.87929808814085
1.588265,-3.87825145074693
1.58827,-3.87720513139704
1.588275,-3.8761591300324
1.58828,-3.87511344659429
1.588285,-3.87406808102395
1.58829,-3.87302303326254
1.588295,-3.87197830325107
1.5883,-3.87093389093076
1.588305,-3.8698897962425
1.58831,-3.86884601912723
1.588315,-3.86780255952588
1.58832,-3.86675941737921
1.588325,-3.86571659262809
1.58833,-3.86467408521323
1.588335,-3.86363189507525
1.58834,-3.86259002215477
1.588345,-3.86154846639231
1.58835,-3.86050722772854
1.588355,-3.8594663061038
1.58836,-3.85842570145852
1.588365,-3.85738541373302
1.58837,-3.85634544286752
1.588375,-3.85530578880245
1.58838,-3.85426645147791
1.588385,-3.85322743083401
1.58839,-3.85218872681084
1.588395,-3.85115033934838
1.5884,-3.85011226838676
1.588405,-3.8490745138658
1.58841,-3.84803707572536
1.588415,-3.84699995390531
1.58842,-3.84596314834542
1.588425,-3.84492665898528
1.58843,-3.84389048576475
1.588435,-3.84285462862334
1.58844,-3.84181908750059
1.588445,-3.84078386233606
1.58845,-3.83974895306913
1.588455,-3.83871435963931
1.58846,-3.83768008198589
1.588465,-3.83664612004821
1.58847,-3.83561247376552
1.588475,-3.8345791430769
1.58848,-3.83354612792167
1.588485,-3.83251342823886
1.58849,-3.83148104396755
1.588495,-3.83044897504669
1.5885,-3.82941722141514
1.588505,-3.828385783012
1.58851,-3.827354659776
1.588515,-3.82632385164597
1.58852,-3.82529335856066
1.588525,-3.82426318045872
1.58853,-3.82323331727874
1.588535,-3.82220376895948
1.58854,-3.82117453543943
1.588545,-3.82014561665704
1.58855,-3.81911701255076
1.588555,-3.81808872305896
1.58856,-3.81706074812012
1.588565,-3.8160330876724
1.58857,-3.81500574165417
1.588575,-3.81397871000355
1.58858,-3.81295199265862
1.588585,-3.81192558955766
1.58859,-3.81089950063866
1.588595,-3.80987372583959
1.5886,-3.80884826509841
1.588605,-3.80782311835299
1.58861,-3.8067982855413
1.588615,-3.80577376660112
1.58862,-3.80474956147022
1.588625,-3.80372567008626
1.58863,-3.80270209238686
1.588635,-3.80167882830982
1.58864,-3.80065587779259
1.588645,-3.79963324077275
1.58865,-3.79861091718777
1.588655,-3.79758890697504
1.58866,-3.79656721007189
1.588665,-3.79554582641581
1.58867,-3.79452475594402
1.588675,-3.79350399859376
1.58868,-3.79248355430222
1.588685,-3.79146342300649
1.58869,-3.79044360464384
1.588695,-3.7894240991512
1.5887,-3.78840490646558
1.588705,-3.78738602652399
1.58871,-3.78636745926324
1.588715,-3.78534920462037
1.58872,-3.7843312625321
1.588725,-3.78331363293525
1.58873,-3.78229631576655
1.588735,-3.78127931096254
1.58874,-3.78026261846012
1.588745,-3.77924623819574
1.58875,-3.77823017010594
1.588755,-3.77721441412728
1.58876,-3.7761989701961
1.588765,-3.77518383824899
1.58877,-3.77416901822221
1.588775,-3.77315451005214
1.58878,-3.77214031367505
1.588785,-3.77112642902709
1.58879,-3.7701128560445
1.588795,-3.7690995946635
1.5888,-3.7680866448201
1.588805,-3.76707400645041
1.58881,-3.7660616794904
1.588815,-3.76504966387601
1.58882,-3.76403795954326
1.588825,-3.76302656642799
1.58883,-3.76201548446601
1.588835,-3.76100471359315
1.58884,-3.75999425374505
1.588845,-3.75898410485759
1.58885,-3.75797426686632
1.588855,-3.75696473970689
1.58886,-3.75595552331486
1.588865,-3.7549466176257
1.58887,-3.75393802257502
1.588875,-3.75292973809822
1.58888,-3.75192176413071
1.588885,-3.75091410060778
1.58889,-3.74990674746477
1.588895,-3.74889970463699
1.5889,-3.74789297205971
1.588905,-3.74688654966802
1.58891,-3.74588043739716
1.588915,-3.74487463518213
1.58892,-3.74386914295804
1.588925,-3.74286396065992
1.58893,-3.7418590882228
1.588935,-3.7408545255815
1.58894,-3.73985027267103
1.588945,-3.73884632942606
1.58895,-3.73784269578164
1.588955,-3.73683937167237
1.58896,-3.73583635703308
1.588965,-3.73483365179835
1.58897,-3.73383125590286
1.588975,-3.73282916928125
1.58898,-3.73182739186808
1.588985,-3.73082592359787
1.58899,-3.72982476440506
1.588995,-3.72882391422407
1.589,-3.72782337298939
1.589005,-3.72682314063534
1.58901,-3.72582321709621
1.589015,-3.72482360230631
1.58902,-3.72382429619978
1.589025,-3.72282529871097
1.58903,-3.72182660977396
1.589035,-3.72082822932287
1.58904,-3.71983015729176
1.589045,-3.7188323936147
1.58905,-3.71783493822557
1.589055,-3.71683779105848
1.58906,-3.71584095204734
1.589065,-3.71484442112593
1.58907,-3.71384819822814
1.589075,-3.71285228328772
1.58908,-3.71185667623852
1.589085,-3.71086137701423
1.58909,-3.70986638554849
1.589095,-3.70887170177499
1.5891,-3.70787732562722
1.589105,-3.70688325703891
1.58911,-3.7058894959435
1.589115,-3.70489604227447
1.58912,-3.70390289596533
1.589125,-3.70291005694932
1.58913,-3.70191752516002
1.589135,-3.7009253005307
1.58914,-3.69993338299461
1.589145,-3.69894177248506
1.58915,-3.69795046893514
1.589155,-3.69695947227823
1.58916,-3.69596878244735
1.589165,-3.69497839937561
1.58917,-3.69398832299611
1.589175,-3.69299855324189
1.58918,-3.69200909004584
1.589185,-3.69101993334108
1.58919,-3.69003108306042
1.589195,-3.68904253913676
1.5892,-3.68805430150299
1.589205,-3.68706637009176
1.58921,-3.68607874483604
1.589215,-3.6850914256685
1.58922,-3.6841044125218
1.589225,-3.68311770532863
1.58923,-3.68213130402151
1.589235,-3.68114520853317
1.58924,-3.68015941879612
1.589245,-3.67917393474287
1.58925,-3.67818875630588
1.589255,-3.67720388341751
1.58926,-3.67621931601037
1.589265,-3.67523505401666
1.58927,-3.67425109736878
1.589275,-3.67326744599904
1.58928,-3.67228409983965
1.589285,-3.67130105882278
1.58929,-3.67031832288079
1.589295,-3.66933589194576
1.5893,-3.66835376594978
1.589305,-3.66737194482497
1.58931,-3.66639042850328
1.589315,-3.66540921691686
1.58932,-3.66442830999765
1.589325,-3.6634477076776
1.58933,-3.66246740988857
1.589335,-3.66148741656239
1.58934,-3.66050772763106
1.589345,-3.65952834302631
1.58935,-3.65854926267989
1.589355,-3.65757048652352
1.58936,-3.65659201448889
1.589365,-3.65561384650779
1.58937,-3.65463598251175
1.589375,-3.65365842243237
1.58938,-3.65268116620125
1.589385,-3.65170421374987
1.58939,-3.65072756500981
1.589395,-3.64975121991247
1.5894,-3.64877517838932
1.589405,-3.64779944037175
1.58941,-3.64682400579109
1.589415,-3.64584887457861
1.58942,-3.64487404666577
1.589425,-3.64389952198377
1.58943,-3.64292530046379
1.589435,-3.64195138203705
1.58944,-3.64097776663467
1.589445,-3.64000445418792
1.58945,-3.63903144462778
1.589455,-3.63805873788534
1.58946,-3.63708633389165
1.589465,-3.63611423257765
1.58947,-3.6351424338744
1.589475,-3.63417093771278
1.58948,-3.63319974402372
1.589485,-3.63222885273806
1.58949,-3.63125826378661
1.589495,-3.63028797710029
1.5895,-3.6293179926098
1.589505,-3.62834831024586
1.58951,-3.62737892993923
1.589515,-3.62640985162052
1.58952,-3.62544107522043
1.589525,-3.62447260066962
1.58953,-3.62350442789862
1.589535,-3.62253655683796
1.58954,-3.6215689874182
1.589545,-3.62060171956977
1.58955,-3.61963475322323
1.589555,-3.61866808830893
1.58956,-3.61770172475731
1.589565,-3.61673566249871
1.58957,-3.6157699014634
1.589575,-3.61480444158185
1.58958,-3.61383928278419
1.589585,-3.61287442500075
1.58959,-3.61190986816169
1.589595,-3.61094561219713
1.5896,-3.60998165703737
1.589605,-3.60901800261244
1.58961,-3.60805464885247
1.589615,-3.6070915956875
1.58962,-3.60612884304749
1.589625,-3.60516639086255
1.58963,-3.60420423906263
1.589635,-3.60324238757763
1.58964,-3.60228083633749
1.589645,-3.60131958527201
1.58965,-3.60035863431119
1.589655,-3.5993979833848
1.58966,-3.59843763242255
1.589665,-3.59747758135431
1.58967,-3.59651783010976
1.589675,-3.59555837861852
1.58968,-3.59459922681043
1.589685,-3.59364037461506
1.58969,-3.59268182196205
1.589695,-3.59172356878094
1.5897,-3.59076561500128
1.589705,-3.58980796055268
1.58971,-3.58885060536463
1.589715,-3.58789354936659
1.58972,-3.58693679248794
1.589725,-3.58598033465814
1.58973,-3.58502417580663
1.589735,-3.58406831586272
1.58974,-3.58311275475576
1.589745,-3.58215749241504
1.58975,-3.58120252876978
1.589755,-3.58024786374935
1.58976,-3.57929349728292
1.589765,-3.57833942929966
1.58977,-3.57738565972876
1.589775,-3.57643218849926
1.58978,-3.57547901554044
1.589785,-3.57452614078128
1.58979,-3.57357356415087
1.589795,-3.5726212855782
1.5898,-3.5716693049923
1.589805,-3.57071762232208
1.58981,-3.56976623749656
1.589815,-3.56881515044468
1.58982,-3.56786436109524
1.589825,-3.5669138693772
1.58983,-3.56596367521923
1.589835,-3.56501377855037
1.58984,-3.56406417929925
1.589845,-3.56311487739473
1.58985,-3.56216587276543
1.589855,-3.56121716534009
1.58986,-3.56026875504743
1.589865,-3.55932064181612
1.58987,-3.5583728255747
1.589875,-3.55742530625187
1.58988,-3.55647808377603
1.589885,-3.55553115807597
1.58989,-3.55458452908003
1.589895,-3.55363819671682
1.5899,-3.55269216091471
1.589905,-3.55174642160214
1.58991,-3.55080097870766
1.589915,-3.54985583215956
1.58992,-3.54891098188626
1.589925,-3.54796642781605
1.58993,-3.54702216987729
1.589935,-3.54607820799817
1.58994,-3.54513454210712
1.589945,-3.54419117213229
1.58995,-3.54324809800192
1.589955,-3.54230531964417
1.58996,-3.54136283698719
1.589965,-3.5404206499592
1.58997,-3.5394787584883
1.589975,-3.53853716250253
1.58998,-3.53759586193001
1.589985,-3.53665485669868
1.58999,-3.53571414673669
1.589995,-3.53477373197203
1.59,-3.53383361233258
1.590005,-3.53289378774634
1.59001,-3.53195425814118
1.590015,-3.53101502344508
1.59002,-3.5300760835859
1.590025,-3.52913743849145
1.59003,-3.52819908808958
1.590035,-3.52726103230807
1.59004,-3.52632327107463
1.590045,-3.5253858043172
1.59005,-3.52444863196337
1.590055,-3.5235117539409
1.59006,-3.52257517017747
1.590065,-3.52163888060066
1.59007,-3.52070288513825
1.590075,-3.51976718371777
1.59008,-3.51883177626683
1.590085,-3.51789666271299
1.59009,-3.51696184298371
1.590095,-3.51602731700668
1.5901,-3.51509308470933
1.590105,-3.51415914601911
1.59011,-3.51322550086351
1.590115,-3.51229214916985
1.59012,-3.51135909086572
1.590125,-3.51042632587839
1.59013,-3.50949385413524
1.590135,-3.50856167556362
1.59014,-3.50762979009082
1.590145,-3.5066981976442
1.59015,-3.50576689815101
1.590155,-3.50483589153848
1.59016,-3.50390517773384
1.590165,-3.50297475666432
1.59017,-3.50204462825705
1.590175,-3.50111479243929
1.59018,-3.50018524913814
1.590185,-3.49925599828071
1.59019,-3.49832703979408
1.590195,-3.4973983736053
1.5902,-3.49646999964156
1.590205,-3.4955419178298
1.59021,-3.49461412809707
1.590215,-3.49368663037031
1.59022,-3.49275942457644
1.590225,-3.49183251064258
1.59023,-3.49090588849558
1.590235,-3.48997955806232
1.59024,-3.48905351926968
1.590245,-3.48812777204451
1.59025,-3.48720231631378
1.590255,-3.4862771520042
1.59026,-3.4853522790426
1.590265,-3.48442769735578
1.59027,-3.48350340687044
1.590275,-3.48257940751342
1.59028,-3.48165569921141
1.590285,-3.48073228189108
1.59029,-3.47980915547911
1.590295,-3.4788863199022
1.5903,-3.47796377508691
1.590305,-3.47704152095997
1.59031,-3.47611955744791
1.590315,-3.47519788447736
1.59032,-3.47427650197486
1.590325,-3.47335540986686
1.59033,-3.47243460808002
1.590335,-3.4715140965408
1.59034,-3.47059387517569
1.590345,-3.46967394391111
1.59035,-3.46875430267345
1.590355,-3.46783495138929
1.59036,-3.46691588998494
1.590365,-3.46599711838681
1.59037,-3.46507863652127
1.590375,-3.46416044431458
1.59038,-3.46324254169318
1.590385,-3.46232492858336
1.59039,-3.46140760491141
1.590395,-3.46049057060355
1.5904,-3.459573825586
1.590405,-3.45865736978512
1.59041,-3.45774120312708
1.590415,-3.45682532553805
1.59042,-3.45590973694419
1.590425,-3.4549944372717
1.59043,-3.45407942644663
1.590435,-3.45316470439525
1.59044,-3.4522502710436
1.590445,-3.45133612631775
1.59045,-3.45042227014376
1.590455,-3.44950870244765
1.59046,-3.44859542315553
1.590465,-3.4476824321934
1.59047,-3.44676972948726
1.590475,-3.44585731496303
1.59048,-3.44494518854664
1.590485,-3.44403335016417
1.59049,-3.44312179974144
1.590495,-3.44221053720442
1.5905,-3.44129956247897
1.590505,-3.44038887549088
1.59051,-3.43947847616614
1.590515,-3.43856836443053
1.59052,-3.43765854020987
1.590525,-3.43674900342997
1.59053,-3.43583975401657
1.590535,-3.43493079189552
1.59054,-3.43402211699251
1.590545,-3.43311372923332
1.59055,-3.43220562854362
1.590555,-3.43129781484914
1.59056,-3.43039028807549
1.590565,-3.42948304814848
1.59057,-3.4285760949937
1.590575,-3.42766942853672
1.59058,-3.42676304870325
1.590585,-3.42585695541878
1.59059,-3.42495114860901
1.590595,-3.42404562819947
1.5906,-3.42314039411569
1.590605,-3.42223544628323
1.59061,-3.42133078462753
1.590615,-3.42042640907424
1.59062,-3.41952231954879
1.590625,-3.41861851597658
1.59063,-3.41771499828317
1.590635,-3.41681176639387
1.59064,-3.41590882023423
1.590645,-3.41500615972963
1.59065,-3.41410378480542
1.590655,-3.41320169538702
1.59066,-3.4122998913997
1.590665,-3.41139837276896
1.59067,-3.41049713942003
1.590675,-3.40959619127827
1.59068,-3.40869552826893
1.590685,-3.40779515031734
1.59069,-3.40689505734871
1.590695,-3.40599524928834
1.5907,-3.40509572606153
1.590705,-3.40419648759338
1.59071,-3.40329753380921
1.590715,-3.40239886463408
1.59072,-3.40150047999331
1.590725,-3.40060237981202
1.59073,-3.39970456401534
1.590735,-3.39880703252843
1.59074,-3.39790978527631
1.590745,-3.39701282218426
1.59075,-3.39611614317727
1.590755,-3.39521974818045
1.59076,-3.39432363711884
1.590765,-3.39342780991744
1.59077,-3.39253226650139
1.590775,-3.39163700679568
1.59078,-3.39074203072529
1.590785,-3.38984733821523
1.59079,-3.38895292919046
1.590795,-3.38805880357592
1.5908,-3.38716496129663
1.590805,-3.38627140227752
1.59081,-3.38537812644346
1.590815,-3.38448513371941
1.59082,-3.38359242403017
1.590825,-3.38269999730077
1.59083,-3.38180785345599
1.590835,-3.38091599242072
1.59084,-3.38002441411977
1.590845,-3.37913311847793
1.59085,-3.37824210542011
1.590855,-3.37735137487106
1.59086,-3.37646092675563
1.590865,-3.37557076099849
1.59087,-3.37468087752444
1.590875,-3.37379127625827
1.59088,-3.37290195712471
1.590885,-3.37201292004848
1.59089,-3.37112416495426
1.590895,-3.37023569176673
1.5909,-3.36934750041066
1.590905,-3.36845959081069
1.59091,-3.36757196289145
1.590915,-3.36668461657763
1.59092,-3.36579755179382
1.590925,-3.36491076846461
1.59093,-3.36402426651472
1.590935,-3.36313804586867
1.59094,-3.36225210645113
1.590945,-3.36136644818656
1.59095,-3.36048107099953
1.590955,-3.3595959748147
1.59096,-3.35871115955654
1.590965,-3.35782662514958
1.59097,-3.35694237151833
1.590975,-3.35605839858724
1.59098,-3.3551747062809
1.590985,-3.35429129452372
1.59099,-3.35340816324024
1.590995,-3.35252531235481
1.591,-3.35164274179189
1.591005,-3.35076045147602
1.59101,-3.34987844133153
1.591015,-3.34899671128286
1.59102,-3.34811526125438
1.591025,-3.34723409117045
1.59103,-3.34635320095553
1.591035,-3.34547259053392
1.59104,-3.34459225983001
1.591045,-3.34371220876814
1.59105,-3.3428324372726
1.591055,-3.34195294526769
1.59106,-3.3410737326778
1.591065,-3.34019479942718
1.59107,-3.33931614544014
1.591075,-3.33843777064096
1.59108,-3.33755967495381
1.591085,-3.33668185830309
1.59109,-3.33580432061297
1.591095,-3.33492706180766
1.5911,-3.33405008181143
1.591105,-3.33317338054844
1.59111,-3.33229695794296
1.591115,-3.33142081391917
1.59112,-3.33054494840121
1.591125,-3.32966936131325
1.59113,-3.32879405257943
1.591135,-3.32791902212402
1.59114,-3.32704426987106
1.591145,-3.32616979574473
1.59115,-3.3252955996691
1.591155,-3.32442168156824
1.59116,-3.32354804136639
1.591165,-3.32267467898758
1.59117,-3.32180159435586
1.591175,-3.32092878739531
1.59118,-3.32005625803002
1.591185,-3.31918400618398
1.59119,-3.31831203178132
1.591195,-3.31744033474602
1.5912,-3.31656891500217
1.591205,-3.31569777247367
1.59121,-3.31482690708455
1.591215,-3.31395631875892
1.59122,-3.31308600742068
1.591225,-3.31221597299379
1.59123,-3.31134621540226
1.591235,-3.31047673457
1.59124,-3.30960753042104
1.591245,-3.30873860287925
1.59125,-3.30786995186861
1.591255,-3.30700157731305
1.59126,-3.30613347913637
1.591265,-3.30526565726261
1.59127,-3.30439811161564
1.591275,-3.30353084211935
1.59128,-3.30266384869757
1.591285,-3.30179713127414
1.59129,-3.30093068977306
1.591295,-3.30006452411809
1.5913,-3.29919863423311
1.591305,-3.29833302004196
1.59131,-3.29746768146844
1.591315,-3.29660261843631
1.59132,-3.29573783086952
1.591325,-3.29487331869184
1.59133,-3.29400908182702
1.591335,-3.29314512019885
1.59134,-3.29228143373109
1.591345,-3.29141802234762
1.59135,-3.29055488597209
1.591355,-3.28969202452835
1.59136,-3.28882943794009
1.591365,-3.28796712613099
1.59137,-3.28710508902492
1.591375,-3.28624332654557
1.59138,-3.28538183861661
1.591385,-3.28452062516176
1.59139,-3.28365968610469
1.591395,-3.28279902136919
1.5914,-3.28193863087892
1.591405,-3.28107851455755
1.59141,-3.28021867232873
1.591415,-3.27935910411607
1.59142,-3.27849980984338
1.591425,-3.27764078943421
1.59143,-3.27678204281225
1.591435,-3.27592356990114
1.59144,-3.27506537062446
1.591445,-3.2742074449058
1.59145,-3.27334979266891
1.591455,-3.27249241383731
1.59146,-3.27163530833464
1.591465,-3.27077847608447
1.59147,-3.26992191701036
1.591475,-3.269065631036
1.59148,-3.26820961808489
1.591485,-3.2673538780806
1.59149,-3.26649841094671
1.591495,-3.2656432166067
1.5915,-3.26478829498427
1.591505,-3.26393364600287
1.59151,-3.26307926958608
1.591515,-3.26222516565741
1.59152,-3.26137133414028
1.591525,-3.26051777495842
1.59153,-3.25966448803521
1.591535,-3.25881147329418
1.59154,-3.25795873065884
1.591545,-3.25710626005266
1.59155,-3.25625406139911
1.591555,-3.25540213462175
1.59156,-3.25455047964403
1.591565,-3.25369909638943
1.59157,-3.25284798478134
1.591575,-3.25199714474327
1.59158,-3.25114657619872
1.591585,-3.25029627907109
1.59159,-3.24944625328383
1.591595,-3.24859649876037
1.5916,-3.24774701542411
1.591605,-3.24689780319856
1.59161,-3.24604886200712
1.591615,-3.24520019177316
1.59162,-3.24435179242013
1.591625,-3.24350366387135
1.59163,-3.24265580605036
1.591635,-3.24180821888048
1.59164,-3.24096090228511
1.591645,-3.24011385618762
1.59165,-3.23926708051136
1.591655,-3.23842057517982
1.59166,-3.23757434011624
1.591665,-3.2367283752441
1.59167,-3.23588268048664
1.591675,-3.23503725576733
1.59168,-3.23419210100936
1.591685,-3.23334721613629
1.59169,-3.23250260107131
1.591695,-3.23165825573784
1.5917,-3.23081418005912
1.591705,-3.22997037395853
1.59171,-3.2291268373594
1.591715,-3.2282835701851
1.59172,-3.22744057235883
1.591725,-3.226597843804
1.59173,-3.22575538444377
1.591735,-3.22491319420165
1.59174,-3.22407127300079
1.591745,-3.22322962076456
1.59175,-3.22238823741618
1.591755,-3.22154712287895
1.59176,-3.22070627707618
1.591765,-3.21986569993115
1.59177,-3.21902539136713
1.591775,-3.21818535130737
1.59178,-3.2173455796751
1.591785,-3.21650607639367
1.59179,-3.2156668413863
1.591795,-3.21482787457622
1.5918,-3.21398917588672
1.591805,-3.21315074524101
1.59181,-3.21231258256229
1.591815,-3.21147468777391
1.59182,-3.21063706079906
1.591825,-3.20979970156096
1.59183,-3.20896260998285
1.591835,-3.20812578598788
1.59184,-3.20728922949938
1.591845,-3.20645294044058
1.59185,-3.20561691873461
1.591855,-3.20478116430475
1.59186,-3.20394567707409
1.591865,-3.20311045696599
1.59187,-3.20227550390361
1.591875,-3.20144081781012
1.59188,-3.20060639860873
1.591885,-3.19977224622257
1.59189,-3.19893836057496
1.591895,-3.19810474158901
1.5919,-3.19727138918791
1.591905,-3.19643830329489
1.59191,-3.19560548383299
1.591915,-3.19477293072557
1.59192,-3.19394064389573
1.591925,-3.19310862326663
1.59193,-3.19227686876146
1.591935,-3.19144538030337
1.59194,-3.19061415781548
1.591945,-3.18978320122105
1.59195,-3.18895251044318
1.591955,-3.18812208540506
1.59196,-3.18729192602983
1.591965,-3.18646203224058
1.59197,-3.18563240396059
1.591975,-3.18480304111293
1.59198,-3.18397394362075
1.591985,-3.18314511140724
1.59199,-3.1823165443954
1.591995,-3.18148824250856
1.592,-3.18066020566978
1.592005,-3.17983243380218
1.59201,-3.17900492682893
1.592015,-3.17817768467306
1.59202,-3.17735070725783
1.592025,-3.17652399450634
1.59203,-3.17569754634171
1.592035,-3.17487136268704
1.59204,-3.1740454434654
1.592045,-3.17321978860009
1.59205,-3.17239439801407
1.592055,-3.17156927163054
1.59206,-3.1707444093726
1.592065,-3.16991981116335
1.59207,-3.16909547692585
1.592075,-3.16827140658334
1.59208,-3.1674476000589
1.592085,-3.1666240572756
1.59209,-3.16580077815657
1.592095,-3.16497776262485
1.5921,-3.16415501060366
1.592105,-3.16333252201607
1.59211,-3.16251029678519
1.592115,-3.1616883348341
1.59212,-3.16086663608585
1.592125,-3.16004520046367
1.59213,-3.15922402789062
1.592135,-3.15840311828977
1.59214,-3.15758247158421
1.592145,-3.15676208769703
1.59215,-3.15594196655142
1.592155,-3.15512210807042
1.59216,-3.1543025121771
1.592165,-3.1534831787946
1.59217,-3.15266410784596
1.592175,-3.15184529925436
1.59218,-3.15102675294284
1.592185,-3.15020846883451
1.59219,-3.14939044685248
1.592195,-3.14857268691981
1.5922,-3.14775518895954
1.592205,-3.1469379528949
1.59221,-3.14612097864893
1.592215,-3.14530426614469
1.59222,-3.14448781530528
1.592225,-3.14367162605375
1.59223,-3.14285569831333
1.592235,-3.142040032007
1.59224,-3.14122462705787
1.592245,-3.14040948338905
1.59225,-3.13959460092359
1.592255,-3.13877997958465
1.59226,-3.13796561929528
1.592265,-3.13715151997859
1.59227,-3.13633768155765
1.592275,-3.13552410395552
1.59228,-3.13471078709542
1.592285,-3.13389773090034
1.59229,-3.13308493529339
1.592295,-3.13227240019768
1.5923,-3.13146012553631
1.592305,-3.13064811123226
1.59231,-3.12983635720883
1.592315,-3.129024863389
1.59232,-3.12821362969586
1.592325,-3.12740265605254
1.59233,-3.12659194238209
1.592335,-3.12578148860765
1.59234,-3.12497129465235
1.592345,-3.12416136043925
1.59235,-3.12335168589143
1.592355,-3.12254227093198
1.59236,-3.1217331154841
1.592365,-3.1209242194708
1.59237,-3.12011558281525
1.592375,-3.11930720544051
1.59238,-3.11849908726962
1.592385,-3.11769122822584
1.59239,-3.11688362823219
1.592395,-3.1160762872118
1.5924,-3.1152692050878
1.592405,-3.11446238178316
1.59241,-3.11365581722122
1.592415,-3.11284951132497
1.59242,-3.11204346401752
1.592425,-3.11123767522202
1.59243,-3.11043214486156
1.592435,-3.10962687285923
1.59244,-3.10882185913827
1.592445,-3.10801710362168
1.59245,-3.10721260623269
1.592455,-3.10640836689434
1.59246,-3.10560438552973
1.592465,-3.10480066206211
1.59247,-3.10399719641453
1.592475,-3.10319398851015
1.59248,-3.10239103827209
1.592485,-3.10158834562344
1.59249,-3.10078591048743
1.592495,-3.09998373278717
1.5925,-3.09918181244581
1.592505,-3.09838014938642
1.59251,-3.09757874353219
1.592515,-3.09677759480631
1.59252,-3.09597670313189
1.592525,-3.0951760684321
1.59253,-3.09437569063006
1.592535,-3.09357556964891
1.59254,-3.09277570541187
1.592545,-3.0919760978421
1.59255,-3.09117674686272
1.592555,-3.09037765239693
1.59256,-3.08957881436785
1.592565,-3.08878023269865
1.59257,-3.08798190731256
1.592575,-3.08718383813274
1.59258,-3.08638602508233
1.592585,-3.08558846808454
1.59259,-3.08479116706251
1.592595,-3.08399412193945
1.5926,-3.0831973326386
1.592605,-3.08240079908306
1.59261,-3.0816045211961
1.592615,-3.08080849890078
1.59262,-3.08001273212049
1.592625,-3.07921722077828
1.59263,-3.07842196479746
1.592635,-3.07762696410113
1.59264,-3.07683221861254
1.592645,-3.07603772825493
1.59265,-3.07524349295153
1.592655,-3.07444951262548
1.59266,-3.07365578720008
1.592665,-3.07286231659843
1.59267,-3.07206910074393
1.592675,-3.07127613955968
1.59268,-3.070483432969
1.592685,-3.06969098089504
1.59269,-3.06889878326111
1.592695,-3.06810683999033
1.5927,-3.06731515100611
1.592705,-3.06652371623163
1.59271,-3.06573253559012
1.592715,-3.06494160900487
1.59272,-3.06415093639905
1.592725,-3.06336051769607
1.59273,-3.06257035281909
1.592735,-3.06178044169143
1.59274,-3.06099078423633
1.592745,-3.06020138037703
1.59275,-3.05941223003689
1.592755,-3.05862333313918
1.59276,-3.05783468960716
1.592765,-3.05704629936412
1.59277,-3.05625816233331
1.592775,-3.05547027843812
1.59278,-3.05468264760184
1.592785,-3.05389526974772
1.59279,-3.0531081447991
1.592795,-3.05232127267925
1.5928,-3.05153465331157
1.592805,-3.05074828661936
1.59281,-3.04996217252591
1.592815,-3.04917631095457
1.59282,-3.04839070182866
1.592825,-3.04760534507145
1.59283,-3.04682024060645
1.592835,-3.04603538835688
1.59284,-3.04525078824613
1.592845,-3.04446644019756
1.59285,-3.04368234413445
1.592855,-3.04289849998029
1.59286,-3.04211490765837
1.592865,-3.04133156709209
1.59287,-3.0405484782048
1.592875,-3.03976564091982
1.59288,-3.03898305516068
1.592885,-3.0382007208507
1.59289,-3.03741863791325
1.592895,-3.03663680627176
1.5929,-3.03585522584956
1.592905,-3.03507389657018
1.59291,-3.03429281835695
1.592915,-3.03351199113328
1.59292,-3.03273141482264
1.592925,-3.03195108934838
1.59293,-3.03117101463402
1.592935,-3.03039119060298
1.59294,-3.02961161717864
1.592945,-3.02883229428448
1.59295,-3.02805322184396
1.592955,-3.02727439978048
1.59296,-3.02649582801759
1.592965,-3.02571750647872
1.59297,-3.0249394350873
1.592975,-3.02416161376684
1.59298,-3.02338404244075
1.592985,-3.02260672103265
1.59299,-3.02182964946594
1.592995,-3.02105282766412
1.593,-3.02027625555073
1.593005,-3.01949993304916
1.59301,-3.01872386008306
1.593015,-3.01794803657592
1.59302,-3.01717246245121
1.593025,-3.01639713763246
1.59303,-3.01562206204318
1.593035,-3.01484723560701
1.59304,-3.01407265824742
1.593045,-3.01329832988795
1.59305,-3.01252425045218
1.593055,-3.01175041986368
1.59306,-3.01097683804591
1.593065,-3.0102035049226
1.59307,-3.00943042041723
1.593075,-3.00865758445339
1.59308,-3.00788499695468
1.593085,-3.00711265784465
1.59309,-3.00634056704697
1.593095,-3.0055687244852
1.5931,-3.00479713008297
1.593105,-3.0040257837639
1.59311,-3.00325468545152
1.593115,-3.00248383506958
1.59312,-3.00171323254167
1.593125,-3.00094287779144
1.59313,-3.00017277074251
1.593135,-2.99940291131846
1.59314,-2.9986332994431
1.593145,-2.99786393504
1.59315,-2.99709481803286
1.593155,-2.99632594834535
1.59316,-2.99555732590108
1.593165,-2.99478895062384
1.59317,-2.99402082243729
1.593175,-2.99325294126514
1.59318,-2.99248530703105
1.593185,-2.99171791965876
1.59319,-2.99095077907194
1.593195,-2.99018388519443
1.5932,-2.98941723794988
1.593205,-2.98865083726202
1.59321,-2.98788468305463
1.593215,-2.98711877525138
1.59322,-2.98635311377615
1.593225,-2.98558769855266
1.59323,-2.98482252950464
1.593235,-2.98405760655587
1.59324,-2.98329292963012
1.593245,-2.98252849865124
1.59325,-2.98176431354301
1.593255,-2.98100037422924
1.59326,-2.98023668063369
1.593265,-2.97947323268013
1.59327,-2.97871003029253
1.593275,-2.97794707339463
1.59328,-2.97718436191028
1.593285,-2.97642189576335
1.59329,-2.97565967487758
1.593295,-2.97489769917696
1.5933,-2.9741359685853
1.593305,-2.97337448302647
1.59331,-2.97261324242435
1.593315,-2.97185224670285
1.59332,-2.97109149578572
1.593325,-2.97033098959708
1.59333,-2.96957072806071
1.593335,-2.96881071110052
1.59334,-2.96805093864047
1.593345,-2.9672914106044
1.59335,-2.96653212691637
1.593355,-2.96577308750027
1.59336,-2.96501429228
1.593365,-2.96425574117959
1.59337,-2.96349743412291
1.593375,-2.96273937103402
1.59338,-2.96198155183688
1.593385,-2.96122397645544
1.59339,-2.96046664481372
1.593395,-2.95970955683565
1.5934,-2.95895271244536
1.593405,-2.95819611156681
1.59341,-2.95743975412398
1.593415,-2.95668364004097
1.59342,-2.95592776924171
1.593425,-2.95517214165035
1.59343,-2.95441675719092
1.593435,-2.95366161578745
1.59344,-2.95290671736403
1.593445,-2.95215206184472
1.59345,-2.95139764915358
1.593455,-2.95064347921476
1.59346,-2.94988955195233
1.593465,-2.94913586729039
1.59347,-2.94838242515307
1.593475,-2.94762922546444
1.59348,-2.94687626814868
1.593485,-2.94612355312995
1.59349,-2.94537108033233
1.593495,-2.94461884968003
1.5935,-2.9438668610971
1.593505,-2.94311511450788
1.59351,-2.94236360983645
1.593515,-2.94161234700699
1.59352,-2.94086132594372
1.593525,-2.94011054657077
1.59353,-2.93936000881247
1.593535,-2.93860971259296
1.59354,-2.93785965783649
1.593545,-2.93710984446728
1.59355,-2.93636027240953
1.593555,-2.93561094158758
1.59356,-2.93486185192565
1.593565,-2.934113003348
1.59357,-2.93336439577891
1.593575,-2.93261602914265
1.59358,-2.93186790336348
1.593585,-2.93112001836578
1.59359,-2.93037237407383
1.593595,-2.92962497041193
1.5936,-2.92887780730442
1.593605,-2.92813088467555
1.59361,-2.92738420244982
1.593615,-2.92663776055147
1.59362,-2.92589155890491
1.593625,-2.92514559743447
1.59363,-2.92439987606447
1.593635,-2.92365439471946
1.59364,-2.92290915332371
1.593645,-2.92216415180168
1.59365,-2.92141939007772
1.593655,-2.92067486807627
1.59366,-2.91993058572179
1.593665,-2.91918654293871
1.59367,-2.91844273965147
1.593675,-2.91769917578452
1.59368,-2.91695585126228
1.593685,-2.91621276600931
1.59369,-2.91546991995005
1.593695,-2.91472731300899
1.5937,-2.91398494511063
1.593705,-2.91324281617947
1.59371,-2.91250092613999
1.593715,-2.91175927491681
1.59372,-2.9110178624344
1.593725,-2.91027668861735
1.59373,-2.90953575339015
1.593735,-2.90879505667736
1.59374,-2.90805459840365
1.593745,-2.90731437849353
1.59375,-2.90657439687161
1.593755,-2.90583465346246
1.59376,-2.90509514819068
1.593765,-2.90435588098094
1.59377,-2.90361685175784
1.593775,-2.90287806044605
1.59378,-2.90213950697015
1.593785,-2.90140119125479
1.59379,-2.90066311322473
1.593795,-2.89992527280458
1.5938,-2.89918766991904
1.593805,-2.89845030449278
1.59381,-2.8977131764505
1.593815,-2.89697628571691
1.59382,-2.89623963221676
1.593825,-2.89550321587478
1.59383,-2.89476703661571
1.593835,-2.89403109436428
1.59384,-2.89329538904521
1.593845,-2.89255992058335
1.59385,-2.89182468890344
1.593855,-2.89108969393028
1.59386,-2.89035493558866
1.593865,-2.88962041380333
1.59387,-2.88888612849923
1.593875,-2.88815207960111
1.59388,-2.88741826703379
1.593885,-2.88668469072217
1.59389,-2.88595135059103
1.593895,-2.88521824656533
1.5939,-2.88448537856991
1.593905,-2.88375274652963
1.59391,-2.8830203503694
1.593915,-2.88228819001409
1.59392,-2.88155626538871
1.593925,-2.88082457641812
1.59393,-2.88009312302727
1.593935,-2.8793619051411
1.59394,-2.87863092268455
1.593945,-2.87790017558256
1.59395,-2.87716966376021
1.593955,-2.87643938714242
1.59396,-2.87570934565417
1.593965,-2.8749795392205
1.59397,-2.87424996776637
1.593975,-2.87352063121689
1.59398,-2.87279152949703
1.593985,-2.87206266253189
1.59399,-2.8713340302465
1.593995,-2.87060563256587
1.594,-2.86987746941517
1.594005,-2.86914954071949
1.59401,-2.86842184640385
1.594015,-2.86769438639341
1.59402,-2.86696716061325
1.594025,-2.86624016898855
1.59403,-2.86551341144442
1.594035,-2.86478688790603
1.59404,-2.86406059829854
1.594045,-2.86333454254705
1.59405,-2.86260872057684
1.594055,-2.86188313231307
1.59406,-2.86115777768092
1.594065,-2.86043265660564
1.59407,-2.85970776901244
1.594075,-2.85898311482649
1.59408,-2.85825869397313
1.594085,-2.85753450637759
1.59409,-2.85681055196514
1.594095,-2.85608683066103
1.5941,-2.8553633423905
1.594105,-2.85464008707897
1.59411,-2.8539170646517
1.594115,-2.85319427503399
1.59412,-2.85247171815117
1.594125,-2.85174939392854
1.59413,-2.85102730229156
1.594135,-2.85030544316554
1.59414,-2.84958381647587
1.594145,-2.8488624221479
1.59415,-2.84814126010698
1.594155,-2.84742033027865
1.59416,-2.84669963258827
1.594165,-2.84597916696124
1.59417,-2.84525893332301
1.594175,-2.84453893159901
1.59418,-2.84381916171476
1.594185,-2.84309962359571
1.59419,-2.84238031716736
1.594195,-2.84166124235517
1.5942,-2.84094239908465
1.594205,-2.84022378728128
1.59421,-2.83950540687069
1.594215,-2.83878725777837
1.59422,-2.83806933992988
1.594225,-2.83735165325073
1.59423,-2.83663419766653
1.594235,-2.8359169731029
1.59424,-2.83519997948539
1.594245,-2.83448321673964
1.59425,-2.83376668479123
1.594255,-2.83305038356578
1.59426,-2.83233431298902
1.594265,-2.83161847298654
1.59427,-2.83090286348399
1.594275,-2.83018748440707
1.59428,-2.82947233568141
1.594285,-2.82875741723282
1.59429,-2.82804272898693
1.594295,-2.82732827086951
1.5943,-2.82661404280626
1.594305,-2.82590004472284
1.59431,-2.82518627654519
1.594315,-2.82447273819897
1.59432,-2.82375942960995
1.594325,-2.82304635070396
1.59433,-2.82233350140677
1.594335,-2.82162088164417
1.59434,-2.82090849134206
1.594345,-2.82019633042626
1.59435,-2.81948439882258
1.594355,-2.81877269645691
1.59436,-2.81806122325508
1.594365,-2.81734997914302
1.59437,-2.81663896404665
1.594375,-2.81592817789183
1.59438,-2.81521762060448
1.594385,-2.81450729211049
1.59439,-2.8137971923359
1.594395,-2.81308732120664
1.5944,-2.81237767864863
1.594405,-2.8116682645879
1.59441,-2.81095907895035
1.594415,-2.81025012166211
1.59442,-2.80954139264912
1.594425,-2.80883289183743
1.59443,-2.80812461915306
1.594435,-2.80741657452203
1.59444,-2.80670875787049
1.594445,-2.80600116912447
1.59445,-2.80529380821004
1.594455,-2.80458667505333
1.59446,-2.80387976958044
1.594465,-2.8031730917174
1.59447,-2.80246664139052
1.594475,-2.80176041852582
1.59448,-2.80105442304954
1.594485,-2.80034865488777
1.59449,-2.79964311396673
1.594495,-2.79893780021262
1.5945,-2.79823271355169
1.594505,-2.79752785391008
1.59451,-2.79682322121411
1.594515,-2.79611881538988
1.59452,-2.79541463636384
1.594525,-2.79471068406212
1.59453,-2.79400695841108
1.594535,-2.79330345933696
1.59454,-2.79260018676604
1.594545,-2.79189714062475
1.59455,-2.79119432083935
1.594555,-2.7904917273362
1.59456,-2.78978936004164
1.594565,-2.78908721888207
1.59457,-2.78838530378378
1.594575,-2.7876836146733
1.59458,-2.78698215147696
1.594585,-2.78628091412121
1.59459,-2.78557990253244
1.594595,-2.78487911663708
1.5946,-2.78417855636167
1.594605,-2.78347822163264
1.59461,-2.78277811237645
1.594615,-2.78207822851962
1.59462,-2.78137856998859
1.594625,-2.78067913670998
1.59463,-2.77997992861031
1.594635,-2.77928094561606
1.59464,-2.77858218765384
1.594645,-2.77788365465016
1.59465,-2.77718534653169
1.594655,-2.776487263225
1.59466,-2.77578940465667
1.594665,-2.77509177075334
1.59467,-2.7743943614416
1.594675,-2.77369717664818
1.59468,-2.77300021629969
1.594685,-2.77230348032281
1.59469,-2.77160696864426
1.594695,-2.77091068119067
1.5947,-2.77021461788876
1.594705,-2.76951877866535
1.59471,-2.76882316344709
1.594715,-2.76812777216077
1.59472,-2.76743260473313
1.594725,-2.76673766109089
1.59473,-2.766042941161
1.594735,-2.76534844487012
1.59474,-2.76465417214514
1.594745,-2.76396012291287
1.59475,-2.76326629710008
1.594755,-2.76257269463376
1.59476,-2.7618793154407
1.594765,-2.76118615944777
1.59477,-2.76049322658191
1.594775,-2.75980051676996
1.59478,-2.75910802993893
1.594785,-2.75841576601572
1.59479,-2.75772372492725
1.594795,-2.75703190660049
1.5948,-2.75634031096238
1.594805,-2.75564893794002
1.59481,-2.75495778746032
1.594815,-2.75426685945033
1.59482,-2.75357615383705
1.594825,-2.75288567054751
1.59483,-2.75219540950876
1.594835,-2.75150537064795
1.59484,-2.75081555389209
1.594845,-2.75012595916829
1.59485,-2.74943658640365
1.594855,-2.74874743552524
1.59486,-2.7480585064603
1.594865,-2.74736979913594
1.59487,-2.7466813134793
1.594875,-2.74599304941754
1.59488,-2.74530500687786
1.594885,-2.74461718578749
1.59489,-2.74392958607363
1.594895,-2.74324220766352
1.5949,-2.74255505048438
1.594905,-2.74186811446341
1.59491,-2.741181399528
1.594915,-2.74049490560538
1.59492,-2.73980863262284
1.594925,-2.73912258050767
1.59493,-2.73843674918718
1.594935,-2.7377511385888
1.59494,-2.73706574863982
1.594945,-2.73638057926759
1.59495,-2.73569563039951
1.594955,-2.73501090196299
1.59496,-2.73432639388536
1.594965,-2.73364210609412
1.59497,-2.73295803851669
1.594975,-2.73227419108051
1.59498,-2.73159056371303
1.594985,-2.73090715634167
1.59499,-2.73022396889404
1.594995,-2.72954100129759
1.595,-2.72885825347981
1.595005,-2.72817572536824
1.59501,-2.72749341689039
1.595015,-2.72681132797393
1.59502,-2.72612945854633
1.595025,-2.72544780853521
1.59503,-2.72476637786817
1.595035,-2.72408516647276
1.59504,-2.72340417427672
1.595045,-2.72272340120766
1.59505,-2.7220428471932
1.595055,-2.721362512161
1.59506,-2.72068239603874
1.595065,-2.7200024987542
1.59507,-2.71932282023502
1.595075,-2.71864336040894
1.59508,-2.7179641192037
1.595085,-2.71728509654705
1.59509,-2.71660629236672
1.595095,-2.7159277065906
1.5951,-2.7152493391464
1.595105,-2.71457118996194
1.59511,-2.71389325896507
1.595115,-2.71321554608355
1.59512,-2.71253805124536
1.595125,-2.71186077437831
1.59513,-2.71118371541027
1.595135,-2.71050687426912
1.59514,-2.70983025088275
1.595145,-2.70915384517916
1.59515,-2.70847765708627
1.595155,-2.70780168653202
1.59516,-2.70712593344436
1.595165,-2.70645039775122
1.59517,-2.70577507938071
1.595175,-2.70509997826078
1.59518,-2.70442509431947
1.595185,-2.70375042748481
1.59519,-2.70307597768478
1.595195,-2.7024017448476
1.5952,-2.70172772890126
1.595205,-2.70105392977384
1.59521,-2.7003803473935
1.595215,-2.69970698168833
1.59522,-2.69903383258644
1.595225,-2.69836090001605
1.59523,-2.69768818390532
1.595235,-2.69701568418243
1.59524,-2.69634340077555
1.595245,-2.69567133361284
1.59525,-2.69499948262264
1.595255,-2.69432784773314
1.59526,-2.6936564288726
1.595265,-2.69298522596928
1.59527,-2.69231423895143
1.595275,-2.69164346774742
1.59528,-2.69097291228555
1.595285,-2.69030257249414
1.59529,-2.68963244830149
1.595295,-2.68896253963598
1.5953,-2.688292846426
1.595305,-2.68762336859997
1.59531,-2.68695410608623
1.595315,-2.68628505881322
1.59532,-2.68561622670937
1.595325,-2.68494760970307
1.59533,-2.68427920772289
1.595335,-2.68361102069725
1.59534,-2.68294304855464
1.595345,-2.68227529122356
1.59535,-2.68160774863249
1.595355,-2.68094042071005
1.59536,-2.68027330738476
1.595365,-2.67960640858516
1.59537,-2.67893972423985
1.595375,-2.67827325427736
1.59538,-2.67760699862641
1.595385,-2.67694095721555
1.59539,-2.67627512997344
1.595395,-2.67560951682875
1.5954,-2.67494411771004
1.595405,-2.67427893254616
1.59541,-2.67361396126569
1.595415,-2.67294920379741
1.59542,-2.67228466006998
1.595425,-2.67162033001217
1.59543,-2.67095621355276
1.595435,-2.67029231062054
1.59544,-2.66962862114424
1.595445,-2.66896514505272
1.59545,-2.66830188227473
1.595455,-2.66763883273911
1.59546,-2.6669759963748
1.595465,-2.66631337311058
1.59547,-2.66565096287537
1.595475,-2.66498876559802
1.59548,-2.66432678120743
1.595485,-2.66366500963259
1.59549,-2.66300345080241
1.595495,-2.66234210464582
1.5955,-2.66168097109182
1.595505,-2.66102005006932
1.59551,-2.66035934150744
1.595515,-2.65969884533511
1.59552,-2.6590385614814
1.595525,-2.65837848987532
1.59553,-2.6577186304459
1.595535,-2.65705898312231
1.59554,-2.65639954783359
1.595545,-2.65574032450884
1.59555,-2.65508131307717
1.595555,-2.65442251346772
1.59556,-2.65376392560966
1.595565,-2.65310554943217
1.59557,-2.65244738486442
1.595575,-2.65178943183559
1.59558,-2.6511316902749
1.595585,-2.65047416011153
1.59559,-2.64981684127483
1.595595,-2.64915973369399
1.5956,-2.64850283729831
1.595605,-2.64784615201704
1.59561,-2.64718967777946
1.595615,-2.64653341451502
1.59562,-2.64587736215293
1.595625,-2.64522152062261
1.59563,-2.6445658898534
1.595635,-2.64391046977463
1.59564,-2.64325526031581
1.595645,-2.64260026140628
1.59565,-2.64194547297547
1.595655,-2.64129089495287
1.59566,-2.64063652726783
1.595665,-2.63998236984995
1.59567,-2.63932842262868
1.595675,-2.6386746855335
1.59568,-2.63802115849396
1.595685,-2.63736784143953
1.59569,-2.63671473429985
1.595695,-2.63606183700448
1.5957,-2.63540914948296
1.595705,-2.6347566716649
1.59571,-2.63410440347994
1.595715,-2.63345234485764
1.59572,-2.63280049572772
1.595725,-2.63214885601986
1.59573,-2.63149742566366
1.595735,-2.63084620458887
1.59574,-2.63019519272514
1.595745,-2.62954439000226
1.59575,-2.62889379634994
1.595755,-2.62824341169797
1.59576,-2.62759323597606
1.595765,-2.62694326911398
1.59577,-2.62629351104165
1.595775,-2.6256439616888
1.59578,-2.62499462098528
1.595785,-2.62434548886095
1.59579,-2.62369656524563
1.595795,-2.62304785006928
1.5958,-2.62239934326177
1.595805,-2.62175104475299
1.59581,-2.62110295447287
1.595815,-2.62045507235134
1.59582,-2.61980739831843
1.595825,-2.61915993230407
1.59583,-2.61851267423824
1.595835,-2.61786562405098
1.59584,-2.61721878167231
1.595845,-2.6165721470322
1.59585,-2.6159257200608
1.595855,-2.61527950068815
1.59586,-2.61463348884436
1.595865,-2.61398768445948
1.59587,-2.61334208746362
1.595875,-2.61269669778699
1.59588,-2.61205151535973
1.595885,-2.61140654011197
1.59589,-2.61076177197389
1.595895,-2.61011721087567
1.5959,-2.60947285674762
1.595905,-2.6088287095199
1.59591,-2.60818476912276
1.595915,-2.60754103548648
1.59592,-2.6068975085413
1.595925,-2.60625418821759
1.59593,-2.6056110744456
1.595935,-2.60496816715569
1.59594,-2.6043254662782
1.595945,-2.60368297174343
1.59595,-2.60304068348184
1.595955,-2.60239860142379
1.59596,-2.60175672549971
1.595965,-2.60111505563998
1.59597,-2.60047359177506
1.595975,-2.59983233383537
1.59598,-2.59919128175145
1.595985,-2.59855043545377
1.59599,-2.59790979487284
1.595995,-2.59726935993915
1.596,-2.59662913058319
1.596005,-2.59598910673564
1.59601,-2.59534928832702
1.596015,-2.59470967528788
1.59602,-2.59407026754883
1.596025,-2.59343106504048
1.59603,-2.5927920676935
1.596035,-2.59215327543855
1.59604,-2.59151468820628
1.596045,-2.59087630592736
1.59605,-2.59023812853244
1.596055,-2.58960015595234
1.59606,-2.58896238811773
1.596065,-2.58832482495939
1.59607,-2.58768746640808
1.596075,-2.58705031239455
1.59608,-2.58641336284956
1.596085,-2.58577661770403
1.59609,-2.58514007688873
1.596095,-2.58450374033452
1.5961,-2.58386760797225
1.596105,-2.58323167973278
1.59611,-2.58259595554708
1.596115,-2.581960435346
1.59612,-2.58132511906047
1.596125,-2.58069000662145
1.59613,-2.58005509795985
1.596135,-2.57942039300675
1.59614,-2.57878589169307
1.596145,-2.57815159394985
1.59615,-2.57751749970811
1.596155,-2.57688360889884
1.59616,-2.57624992145318
1.596165,-2.57561643730218
1.59617,-2.57498315637691
1.596175,-2.57435007860851
1.59618,-2.57371720392803
1.596185,-2.57308453226673
1.59619,-2.57245206355569
1.596195,-2.57181979772612
1.5962,-2.57118773470921
1.596205,-2.57055587443612
1.59621,-2.5699242168381
1.596215,-2.56929276184643
1.59622,-2.56866150939232
1.596225,-2.56803045940708
1.59623,-2.56739961182196
1.596235,-2.56676896656826
1.59624,-2.56613852357737
1.596245,-2.56550828278061
1.59625,-2.5648782441093
1.596255,-2.56424840749485
1.59626,-2.56361877286857
1.596265,-2.562989340162
1.59627,-2.56236010930648
1.596275,-2.56173108023347
1.59628,-2.56110225287444
1.596285,-2.56047362716077
1.59629,-2.5598452030241
1.596295,-2.55921698039583
1.5963,-2.55858895920755
1.596305,-2.55796113939073
1.59631,-2.55733352087695
1.596315,-2.55670610359781
1.59632,-2.55607888748493
1.596325,-2.55545187246986
1.59633,-2.55482505848422
1.596335,-2.55419844545969
1.59634,-2.55357203332784
1.596345,-2.55294582202047
1.59635,-2.5523198114692
1.596355,-2.55169400160576
1.59636,-2.55106839236185
1.596365,-2.5504429836692
1.59637,-2.54981777545962
1.596375,-2.54919276766486
1.59638,-2.54856796021671
1.596385,-2.54794335304698
1.59639,-2.54731894608743
1.596395,-2.54669473927001
1.5964,-2.54607073252656
1.596405,-2.54544692578889
1.59641,-2.54482331898897
1.596415,-2.54419991205859
1.59642,-2.54357670492983
1.596425,-2.54295369753453
1.59643,-2.54233088980469
1.596435,-2.54170828167228
1.59644,-2.54108587306924
1.596445,-2.54046366392768
1.59645,-2.53984165417957
1.596455,-2.53921984375697
1.59646,-2.53859823259193
1.596465,-2.53797682061653
1.59647,-2.53735560776282
1.596475,-2.53673459396301
1.59648,-2.53611377914917
1.596485,-2.53549316325346
1.59649,-2.53487274620803
1.596495,-2.53425252794501
1.5965,-2.53363250839673
1.596505,-2.5330126874953
1.59651,-2.53239306517298
1.596515,-2.53177364136203
1.59652,-2.53115441599465
1.596525,-2.53053538900322
1.59653,-2.52991656031998
1.596535,-2.52929792987728
1.59654,-2.52867949760742
1.596545,-2.52806126344269
1.59655,-2.52744322731562
1.596555,-2.52682538915846
1.59656,-2.52620774890367
1.596565,-2.52559030648366
1.59657,-2.5249730618308
1.596575,-2.52435601487765
1.59658,-2.52373916555662
1.596585,-2.52312251380022
1.59659,-2.52250605954092
1.596595,-2.52188980271126
1.5966,-2.52127374324373
1.596605,-2.520657881071
1.59661,-2.52004221612555
1.596615,-2.51942674834001
1.59662,-2.51881147764696
1.596625,-2.51819640397898
1.59663,-2.51758152726884
1.596635,-2.51696684744908
1.59664,-2.51635236445244
1.596645,-2.51573807821159
1.59665,-2.51512398865919
1.596655,-2.51451009572806
1.59666,-2.51389639935089
1.596665,-2.51328289946044
1.59667,-2.51266959598951
1.596675,-2.51205648887085
1.59668,-2.51144357803733
1.596685,-2.51083086342176
1.59669,-2.51021834495698
1.596695,-2.50960602257584
1.5967,-2.50899389621121
1.596705,-2.50838196579607
1.59671,-2.50777023126326
1.596715,-2.50715869254573
1.59672,-2.50654734957644
1.596725,-2.50593620228837
1.59673,-2.50532525061442
1.596735,-2.50471449448773
1.59674,-2.50410393384122
1.596745,-2.50349356860796
1.59675,-2.502883398721
1.596755,-2.50227342411338
1.59676,-2.50166364471826
1.596765,-2.50105406046868
1.59677,-2.50044467129781
1.596775,-2.49983547713877
1.59678,-2.49922647792467
1.596785,-2.49861767358877
1.59679,-2.49800906406423
1.596795,-2.49740064928426
1.5968,-2.49679242918208
1.596805,-2.49618440369088
1.59681,-2.49557657274403
1.596815,-2.49496893627477
1.59682,-2.49436149421638
1.596825,-2.49375424650216
1.59683,-2.49314719306548
1.596835,-2.49254033383963
1.59684,-2.49193366875806
1.596845,-2.49132719775409
1.59685,-2.49072092076115
1.596855,-2.49011483771266
1.59686,-2.489508948542
1.596865,-2.4889032531827
1.59687,-2.48829775156821
1.596875,-2.48769244363202
1.59688,-2.48708732930761
1.596885,-2.48648240852846
1.59689,-2.48587768122823
1.596895,-2.48527314734042
1.5969,-2.48466880679858
1.596905,-2.48406465953634
1.59691,-2.48346070548726
1.596915,-2.48285694458503
1.59692,-2.48225337676328
1.596925,-2.48165000195567
1.59693,-2.48104682009586
1.596935,-2.48044383111751
1.59694,-2.47984103495444
1.596945,-2.47923843154032
1.59695,-2.47863602080891
1.596955,-2.478033802694
1.59696,-2.47743177712934
1.596965,-2.47682994404869
1.59697,-2.47622830338599
1.596975,-2.47562685507499
1.59698,-2.47502559904959
1.596985,-2.47442453524366
1.59699,-2.47382366359102
1.596995,-2.47322298402566
1.597,-2.47262249648149
1.597005,-2.47202220089244
1.59701,-2.47142209719248
1.597015,-2.47082218531555
1.59702,-2.47022246519571
1.597025,-2.46962293676694
1.59703,-2.46902359996328
1.597035,-2.46842445471877
1.59704,-2.46782550096745
1.597045,-2.46722673864348
1.59705,-2.46662816768089
1.597055,-2.46602978801386
1.59706,-2.46543159957649
1.597065,-2.46483360230288
1.59707,-2.46423579612732
1.597075,-2.46363818098392
1.59708,-2.46304075680693
1.597085,-2.46244352353054
1.59709,-2.46184648108902
1.597095,-2.46124962941659
1.5971,-2.46065296844757
1.597105,-2.46005649811627
1.59711,-2.45946021835697
1.597115,-2.45886412910399
1.59712,-2.45826823029168
1.597125,-2.45767252185445
1.59713,-2.45707700372667
1.597135,-2.45648167584273
1.59714,-2.45588653813705
1.597145,-2.45529159054403
1.59715,-2.45469683299821
1.597155,-2.45410226543403
1.59716,-2.45350788778593
1.597165,-2.4529136999885
1.59717,-2.45231970197617
1.597175,-2.45172589368356
1.59718,-2.45113227504523
1.597185,-2.45053884599573
1.59719,-2.44994560646967
1.597195,-2.44935255640161
1.5972,-2.44875969572629
1.597205,-2.44816702437829
1.59721,-2.44757454229231
1.597215,-2.44698224940301
1.59722,-2.4463901456451
1.597225,-2.44579823095326
1.59723,-2.44520650526233
1.597235,-2.444614968507
1.59724,-2.44402362062206
1.597245,-2.4434324615423
1.59725,-2.44284149120249
1.597255,-2.44225070953753
1.59726,-2.44166011648225
1.597265,-2.44106971197148
1.59727,-2.44047949594014
1.597275,-2.43988946832305
1.59728,-2.43929962905524
1.597285,-2.43870997807158
1.59729,-2.43812051530705
1.597295,-2.43753124069659
1.5973,-2.43694215417518
1.597305,-2.43635325567789
1.59731,-2.43576454513971
1.597315,-2.43517602249567
1.59732,-2.43458768768084
1.597325,-2.43399954063026
1.59733,-2.43341158127911
1.597335,-2.43282380956244
1.59734,-2.43223622541541
1.597345,-2.43164882877316
1.59735,-2.43106161957086
1.597355,-2.43047459774363
1.59736,-2.4298877632268
1.597365,-2.42930111595551
1.59737,-2.42871465586502
1.597375,-2.42812838289058
1.59738,-2.42754229696743
1.597385,-2.42695639803093
1.59739,-2.42637068601635
1.597395,-2.42578516085906
1.5974,-2.42519982249434
1.597405,-2.42461467085758
1.59741,-2.42402970588418
1.597415,-2.42344492750955
1.59742,-2.42286033566909
1.597425,-2.42227593029824
1.59743,-2.4216917113324
1.597435,-2.42110767870714
1.59744,-2.4205238323579
1.597445,-2.41994017222019
1.59745,-2.41935669822954
1.597455,-2.41877341032144
1.59746,-2.41819030843153
1.597465,-2.41760739249539
1.59747,-2.41702466244856
1.597475,-2.4164421182267
1.59748,-2.41585975976544
1.597485,-2.41527758700036
1.59749,-2.41469559986724
1.597495,-2.41411379830171
1.5975,-2.4135321822395
1.597505,-2.4129507516163
1.59751,-2.41236950636782
1.597515,-2.41178844642991
1.59752,-2.41120757173832
1.597525,-2.41062688222882
1.59753,-2.41004637783725
1.597535,-2.40946605849937
1.59754,-2.40888592415112
1.597545,-2.40830597472836
1.59755,-2.40772621016692
1.597555,-2.40714663040274
1.59756,-2.40656723537171
1.597565,-2.40598802500983
1.59757,-2.40540899925302
1.597575,-2.40483015803725
1.59758,-2.40425150129852
1.597585,-2.40367302897284
1.59759,-2.40309474099622
1.597595,-2.40251663730477
1.5976,-2.40193871783452
1.597605,-2.40136098252154
1.59761,-2.40078343130194
1.597615,-2.40020606411182
1.59762,-2.39962888088738
1.597625,-2.39905188156474
1.59763,-2.39847506608006
1.597635,-2.39789843436957
1.59764,-2.3973219863694
1.597645,-2.39674572201588
1.59765,-2.39616964124522
1.597655,-2.39559374399367
1.59766,-2.39501803019751
1.597665,-2.39444249979302
1.59767,-2.39386715271661
1.597675,-2.39329198890454
1.59768,-2.39271700829317
1.597685,-2.3921422108189
1.59769,-2.39156759641808
1.597695,-2.39099316502718
1.5977,-2.39041891658261
1.597705,-2.38984485102079
1.59771,-2.38927096827818
1.597715,-2.3886972682913
1.59772,-2.38812375099659
1.597725,-2.38755041633064
1.59773,-2.38697726422994
1.597735,-2.38640429463107
1.59774,-2.38583150747061
1.597745,-2.38525890268507
1.59775,-2.38468648021116
1.597755,-2.38411423998547
1.59776,-2.38354218194467
1.597765,-2.38297030602537
1.59777,-2.38239861216424
1.597775,-2.38182710029807
1.59778,-2.38125577036353
1.597785,-2.38068462229735
1.59779,-2.38011365603628
1.597795,-2.37954287151707
1.5978,-2.37897226867657
1.597805,-2.37840184745156
1.59781,-2.37783160777889
1.597815,-2.37726154959536
1.59782,-2.37669167283782
1.597825,-2.37612197744323
1.59783,-2.37555246334846
1.597835,-2.3749831304904
1.59784,-2.37441397880599
1.597845,-2.37384500823221
1.59785,-2.37327621870599
1.597855,-2.37270761016436
1.59786,-2.37213918254434
1.597865,-2.37157093578292
1.59787,-2.37100286981717
1.597875,-2.3704349845841
1.59788,-2.36986728002088
1.597885,-2.36929975606456
1.59789,-2.36873241265226
1.597895,-2.36816524972112
1.5979,-2.36759826720824
1.597905,-2.36703146505091
1.59791,-2.36646484318626
1.597915,-2.36589840155149
1.59792,-2.36533214008382
1.597925,-2.36476605872048
1.59793,-2.3642001573988
1.597935,-2.36363443605603
1.59794,-2.36306889462948
1.597945,-2.36250353305643
1.59795,-2.36193835127422
1.597955,-2.36137334922026
1.59796,-2.36080852683189
1.597965,-2.3602438840465
1.59797,-2.35967942080149
1.597975,-2.35911513703432
1.59798,-2.35855103268238
1.597985,-2.35798710768318
1.59799,-2.35742336197423
1.597995,-2.35685979549298
1.598,-2.35629640817695
1.598005,-2.35573319996366
1.59801,-2.35517017079073
1.598015,-2.35460732059571
1.59802,-2.35404464931618
1.598025,-2.35348215688976
1.59803,-2.35291984325404
1.598035,-2.35235770834673
1.59804,-2.35179575210546
1.598045,-2.35123397446792
1.59805,-2.35067237537181
1.598055,-2.35011095475482
1.59806,-2.34954971255475
1.598065,-2.34898864870933
1.59807,-2.34842776315633
1.598075,-2.34786705583355
1.59808,-2.34730652667876
1.598085,-2.34674617562986
1.59809,-2.34618600262468
1.598095,-2.34562600760105
1.5981,-2.3450661904969
1.598105,-2.3445065512501
1.59811,-2.34394708979854
1.598115,-2.34338780608024
1.59812,-2.34282870003311
1.598125,-2.34226977159515
1.59813,-2.34171102070433
1.598135,-2.34115244729864
1.59814,-2.34059405131618
1.598145,-2.34003583269497
1.59815,-2.33947779137306
1.598155,-2.33891992728856
1.59816,-2.33836224037952
1.598165,-2.33780473058415
1.59817,-2.33724739784054
1.598175,-2.33669024208686
1.59818,-2.33613326326128
1.598185,-2.33557646130196
1.59819,-2.3350198361472
1.598195,-2.33446338773519
1.5982,-2.33390711600416
1.598205,-2.33335102089242
1.59821,-2.33279510233822
1.598215,-2.33223936027985
1.59822,-2.33168379465571
1.598225,-2.33112840540409
1.59823,-2.33057319246336
1.598235,-2.33001815577191
1.59824,-2.32946329526808
1.598245,-2.32890861089038
1.59825,-2.32835410257719
1.598255,-2.32779977026697
1.59826,-2.32724561389819
1.598265,-2.32669163340932
1.59827,-2.32613782873891
1.598275,-2.32558419982548
1.59828,-2.32503074660754
1.598285,-2.32447746902369
1.59829,-2.32392436701245
1.598295,-2.32337144051251
1.5983,-2.32281868946242
1.598305,-2.32226611380086
1.59831,-2.32171371346645
1.598315,-2.32116148839783
1.59832,-2.3206094385338
1.598325,-2.32005756381298
1.59833,-2.31950586417415
1.598335,-2.31895433955601
1.59834,-2.31840298989735
1.598345,-2.31785181513693
1.59835,-2.31730081521359
1.598355,-2.31674999006614
1.59836,-2.3161993396334
1.598365,-2.31564886385425
1.59837,-2.3150985626675
1.598375,-2.31454843601214
1.59838,-2.31399848382703
1.598385,-2.3134487060511
1.59839,-2.31289910262333
1.598395,-2.31234967348259
1.5984,-2.31180041856799
1.598405,-2.31125133781849
1.59841,-2.31070243117309
1.598415,-2.31015369857085
1.59842,-2.30960513995078
1.598425,-2.30905675525205
1.59843,-2.30850854441368
1.598435,-2.30796050737481
1.59844,-2.30741264407458
1.598445,-2.3068649544521
1.59845,-2.30631743844661
1.598455,-2.30577009599725
1.59846,-2.30522292704324
1.598465,-2.30467593152378
1.59847,-2.30412910937816
1.598475,-2.30358246054554
1.59848,-2.30303598496533
1.598485,-2.30248968257677
1.59849,-2.30194355331917
1.598495,-2.30139759713188
1.5985,-2.3008518139542
1.598505,-2.30030620372556
1.59851,-2.29976076638536
1.598515,-2.29921550187298
1.59852,-2.29867041012784
1.598525,-2.29812549108937
1.59853,-2.29758074469709
1.598535,-2.29703617089043
1.59854,-2.29649176960892
1.598545,-2.29594754079209
1.59855,-2.2954034843794
1.598555,-2.2948596003105
1.59856,-2.29431588852492
1.598565,-2.29377234896225
1.59857,-2.29322898156211
1.598575,-2.29268578626411
1.59858,-2.29214276300793
1.598585,-2.29159991173321
1.59859,-2.29105723237966
1.598595,-2.29051472488698
1.5986,-2.28997238919486
1.598605,-2.28943022524303
1.59861,-2.2888882329713
1.598615,-2.28834641231941
1.59862,-2.28780476322718
1.598625,-2.28726328563442
1.59863,-2.2867219794809
1.598635,-2.28618084470654
1.59864,-2.28563988125121
1.598645,-2.28509908905478
1.59865,-2.28455846805714
1.598655,-2.28401801819818
1.59866,-2.28347773941793
1.598665,-2.28293763165632
1.59867,-2.2823976948533
1.598675,-2.28185792894888
1.59868,-2.28131833388305
1.598685,-2.28077890959591
1.59869,-2.28023965602747
1.598695,-2.2797005731178
1.5987,-2.279161660807
1.598705,-2.27862291903515
1.59871,-2.27808434774242
1.598715,-2.27754594686892
1.59872,-2.27700771635485
1.598725,-2.27646965614036
1.59873,-2.27593176616566
1.598735,-2.27539404637092
1.59874,-2.27485649669646
1.598745,-2.27431911708249
1.59875,-2.27378190746931
1.598755,-2.27324486779719
1.59876,-2.27270799800641
1.598765,-2.27217129803735
1.59877,-2.27163476783035
1.598775,-2.27109840732578
1.59878,-2.270562216464
1.598785,-2.27002619518537
1.59879,-2.26949034343041
1.598795,-2.2689546611395
1.5988,-2.26841914825312
1.598805,-2.26788380471174
1.59881,-2.26734863045581
1.598815,-2.26681362542591
1.59882,-2.26627878956256
1.598825,-2.26574412280628
1.59883,-2.26520962509765
1.598835,-2.26467529637725
1.59884,-2.26414113658571
1.598845,-2.26360714566363
1.59885,-2.26307332355167
1.598855,-2.26253967019048
1.59886,-2.26200618552074
1.598865,-2.26147286948312
1.59887,-2.26093972201839
1.598875,-2.26040674306724
1.59888,-2.25987393257046
1.598885,-2.25934129046878
1.59889,-2.25880881670298
1.598895,-2.25827651121395
1.5989,-2.25774437394243
1.598905,-2.25721240482933
1.59891,-2.25668060381547
1.598915,-2.25614897084169
1.59892,-2.25561750584899
1.598925,-2.25508620877823
1.59893,-2.25455507957037
1.598935,-2.25402411816634
1.59894,-2.25349332450709
1.598945,-2.2529626985337
1.59895,-2.25243224018712
1.598955,-2.25190194940838
1.59896,-2.25137182613854
1.598965,-2.25084187031865
1.59897,-2.25031208188977
1.598975,-2.24978246079307
1.59898,-2.24925300696965
1.598985,-2.24872372036062
1.59899,-2.24819460090716
1.598995,-2.24766564855042
1.599,-2.24713686323162
1.599005,-2.246608244892
1.59901,-2.24607979347275
1.599015,-2.24555150891511
1.59902,-2.24502339116035
1.599025,-2.2444954401498
1.59903,-2.24396765582475
1.599035,-2.2434400381265
1.59904,-2.24291258699641
1.599045,-2.2423853023758
1.59905,-2.24185818420612
1.599055,-2.24133123242873
1.59906,-2.24080444698505
1.599065,-2.24027782781651
1.59907,-2.23975137486453
1.599075,-2.23922508807064
1.59908,-2.23869896737632
1.599085,-2.23817301272304
1.59909,-2.23764722405237
1.599095,-2.23712160130583
1.5991,-2.23659614442492
1.599105,-2.23607085335136
1.59911,-2.23554572802664
1.599115,-2.23502076839245
1.59912,-2.23449597439036
1.599125,-2.23397134596205
1.59913,-2.2334468830492
1.599135,-2.23292258559353
1.59914,-2.2323984535367
1.599145,-2.23187448682048
1.59915,-2.23135068538654
1.599155,-2.23082704917676
1.59916,-2.23030357813284
1.599165,-2.22978027219664
1.59917,-2.22925713130992
1.599175,-2.22873415541452
1.59918,-2.22821134445237
1.599185,-2.22768869836529
1.59919,-2.2271662170952
1.599195,-2.22664390058399
1.5992,-2.22612174877357
1.599205,-2.22559976160594
1.59921,-2.22507793902307
1.599215,-2.22455628096691
1.59922,-2.22403478737948
1.599225,-2.2235134582028
1.59923,-2.22299229337888
1.599235,-2.22247129284984
1.59924,-2.22195045655775
1.599245,-2.22142978444467
1.59925,-2.22090927645274
1.599255,-2.22038893252404
1.59926,-2.2198687526008
1.599265,-2.21934873662519
1.59927,-2.21882888453933
1.599275,-2.21830919628549
1.59928,-2.21778967180581
1.599285,-2.21727031104264
1.59929,-2.21675111393821
1.599295,-2.21623208043477
1.5993,-2.21571321047464
1.599305,-2.2151945040001
1.59931,-2.21467596095356
1.599315,-2.21415758127732
1.59932,-2.21363936491375
1.599325,-2.21312131180529
1.59933,-2.21260342189425
1.599335,-2.21208569512317
1.59934,-2.21156813143446
1.599345,-2.21105073077056
1.59935,-2.21053349307398
1.599355,-2.21001641828719
1.59936,-2.20949950635271
1.599365,-2.20898275721312
1.59937,-2.20846617081094
1.599375,-2.20794974708876
1.59938,-2.20743348598918
1.599385,-2.20691738745476
1.59939,-2.20640145142822
1.599395,-2.20588567785215
1.5994,-2.20537006666923
1.599405,-2.20485461782213
1.59941,-2.20433933125352
1.599415,-2.20382420690621
1.59942,-2.2033092447229
1.599425,-2.20279444464634
1.59943,-2.20227980661932
1.599435,-2.20176533058458
1.59944,-2.20125101648501
1.599445,-2.20073686426342
1.59945,-2.20022287386265
1.599455,-2.19970904522557
1.59946,-2.19919537829504
1.599465,-2.19868187301402
1.59947,-2.19816852932539
1.599475,-2.19765534717213
1.59948,-2.19714232649718
1.599485,-2.19662946724351
1.59949,-2.19611676935409
1.599495,-2.195604232772
1.5995,-2.19509185744024
1.599505,-2.19457964330187
1.59951,-2.19406759029997
1.599515,-2.19355569837757
1.59952,-2.19304396747784
1.599525,-2.1925323975439
1.59953,-2.1920209885189
1.599535,-2.19150974034596
1.59954,-2.19099865296825
1.599545,-2.19048772632905
1.59955,-2.18997696037153
1.599555,-2.18946635503892
1.59956,-2.18895591027449
1.599565,-2.18844562602146
1.59957,-2.18793550222319
1.599575,-2.18742553882296
1.59958,-2.18691573576412
1.599585,-2.18640609298998
1.59959,-2.18589661044387
1.599595,-2.18538728806927
1.5996,-2.18487812580954
1.599605,-2.18436912360808
1.59961,-2.18386028140833
1.599615,-2.18335159915376
1.59962,-2.18284307678781
1.599625,-2.18233471425402
1.59963,-2.18182651149588
1.599635,-2.18131846845692
1.59964,-2.18081058508069
1.599645,-2.18030286131071
1.59965,-2.17979529709063
1.599655,-2.17928789236404
1.59966,-2.17878064707453
1.599665,-2.17827356116577
1.59967,-2.17776663458137
1.599675,-2.17725986726507
1.59968,-2.17675325916051
1.599685,-2.17624681021144
1.59969,-2.17574052036158
1.599695,-2.17523438955463
1.5997,-2.17472841773442
1.599705,-2.17422260484473
1.59971,-2.17371695082933
1.599715,-2.17321145563207
1.59972,-2.17270611919678
1.599725,-2.17220094146728
1.59973,-2.17169592238751
1.599735,-2.17119106190134
1.59974,-2.1706863599527
1.599745,-2.17018181648548
1.59975,-2.16967743144361
1.599755,-2.16917320477115
1.59976,-2.16866913641203
1.599765,-2.16816522631026
1.59977,-2.16766147440988
1.599775,-2.16715788065484
1.59978,-2.16665444498935
1.599785,-2.16615116735739
1.59979,-2.16564804770308
1.599795,-2.16514508597053
1.5998,-2.16464228210384
1.599805,-2.16413963604723
1.59981,-2.16363714774485
1.599815,-2.16313481714085
1.59982,-2.16263264417945
1.599825,-2.16213062880486
1.59983,-2.16162877096137
1.599835,-2.16112707059321
1.59984,-2.16062552764468
1.599845,-2.16012414206003
1.59985,-2.15962291378362
1.599855,-2.15912184275973
1.59986,-2.15862092893277
1.599865,-2.1581201722471
1.59987,-2.15761957264708
1.599875,-2.15711913007714
1.59988,-2.15661884448166
1.599885,-2.15611871580515
1.59989,-2.15561874399206
1.599895,-2.15511892898681
1.5999,-2.15461927073397
1.599905,-2.15411976917798
1.59991,-2.15362042426344
1.599915,-2.15312123593488
1.59992,-2.15262220413686
1.599925,-2.15212332881399
1.59993,-2.15162460991082
1.599935,-2.15112604737206
1.59994,-2.15062764114231
1.599945,-2.15012939116623
1.59995,-2.14963129738852
1.599955,-2.1491333597538
1.59996,-2.14863557820691
1.599965,-2.14813795269249
1.59997,-2.14764048315535
1.599975,-2.14714316954023
1.59998,-2.14664601179191
1.599985,-2.14614900985519
1.59999,-2.14565216367494
1.599995,-2.14515547319598
1.6,-2.14465893836317
